1990,2005,2010,2015,2020,2025,2030,2035,2040,2045,2050,2055,2060,2065,2070,2075,2080,2085,2090,2095,2100,SSP,Version,GCAM,sector,subsector,technology,output,concentration,input,product,fuel,LandLeaf,GHG,Units
0.363544,0.644215,0.762866,0.909664,1.05186,1.18086,1.32018,,1.60226,1.74642,1.88751,2.02196,2.15091,2.27387,2.39015,2.5,2.60295,2.69735,2.78296,2.86001,2.92894,SSP1,CostLow 6p0,Global,missing,missing,missing,missing,missing,missing,missing,missing,missing,missing,degreesC
