1990,2005,2010,2015,2020,2025,2030,2035,2040,2045,2050,2055,2060,2065,2070,2075,2080,2085,2090,2095,2100,SSP,Version,GCAM,sector,subsector,technology,output,concentration,input,product,fuel,LandLeaf,GHG,Units
0.363544,0.644215,0.762866,0.909664,1.05186,1.18086,1.32018,,1.60168,1.74441,1.88536,2.01987,2.14878,2.27155,2.38751,2.49696,2.59945,2.69335,2.77842,2.85494,2.92332,SSP1,LowBiocharYield baseline,Global,missing,missing,missing,missing,missing,missing,missing,missing,missing,missing,degreesC
