,1990,2005,2020,2025,2030,2035,2040,2045,2050,scenario,baseline,GCAM,sector,subsector,technology,output,concentration,input,product,fuel,LandLeaf,GHG,Units
0,0.0,0.0,0.0,,0.0408004,0.0679316,0.111863,0.14584,0.261293,innovation-DACHubs,high,USA,H2 central production,coal,coal chemical CCS,missing,missing,missing,missing,missing,missing,missing,MTC
1,0.0,0.0,0.0,,0.0253446,0.0496237,0.0800478,0.167078,0.292082,innovation-DACHubs,high,USA,H2 central production,gas,natural gas steam reforming CCS,missing,missing,missing,missing,missing,missing,missing,MTC
2,0.0,0.0,0.0,0.0,0.0,0.0131889,0.0182863,0.0259494,0.0340284,innovation-DACHubs,high,Africa_Eastern,DAC,DAC,DAC_solvent (oxy CCS),missing,missing,missing,missing,missing,missing,missing,MTC
3,0.0,0.0,0.0,0.0,0.0,0.00787645,0.0167549,0.0352472,0.0690222,innovation-DACHubs,high,Africa_Eastern,DAC,DAC,DAC_sorbent (oxy CCS),missing,missing,missing,missing,missing,missing,missing,MTC
4,0.0,0.0,0.0,0.0,0.0,0.417877,0.508685,0.545026,0.572688,innovation-DACHubs,high,Africa_Eastern,H2 central production,biomass,biomass to H2 CCS,missing,missing,missing,missing,missing,missing,missing,MTC
5,0.0,0.0,0.0,0.0,0.0,0.0144212,0.140486,0.373152,0.711455,innovation-DACHubs,high,Africa_Eastern,H2 central production,coal,coal chemical CCS,missing,missing,missing,missing,missing,missing,missing,MTC
6,0.0,0.0,0.0,0.0,0.0,0.0108764,0.0472503,0.120327,0.230317,innovation-DACHubs,high,Africa_Eastern,H2 central production,gas,natural gas steam reforming CCS,missing,missing,missing,missing,missing,missing,missing,MTC
7,0.0,0.0,0.0,0.0,0.0,0.0203022,0.0540611,0.1043067,0.1597345,innovation-DACHubs,high,Africa_Eastern,N fertilizer,gas,gas CCS,missing,missing,missing,missing,missing,missing,missing,MTC
8,0.0,0.0,0.0,0.0,0.0,0.239248,0.498486,0.788867,1.141237,innovation-DACHubs,high,Africa_Eastern,biorefining,biomass liquids,FT biofuels CCS level 1,missing,missing,missing,missing,missing,missing,missing,MTC
9,0.0,0.0,0.0,0.0,0.0,0.278609,0.571532,0.889448,1.264437,innovation-DACHubs,high,Africa_Eastern,biorefining,biomass liquids,FT biofuels CCS level 2,missing,missing,missing,missing,missing,missing,missing,MTC
10,0.0,0.0,0.0,0.0,0.0,0.137421,0.292875,0.473226,0.700819,innovation-DACHubs,high,Africa_Eastern,biorefining,biomass liquids,cellulosic ethanol CCS level 1,missing,missing,missing,missing,missing,missing,missing,MTC
11,0.0,0.0,0.0,0.0,0.0,0.722399,1.453638,2.218983,3.094131,innovation-DACHubs,high,Africa_Eastern,biorefining,biomass liquids,cellulosic ethanol CCS level 2,missing,missing,missing,missing,missing,missing,missing,MTC
12,0.0,0.0,0.0,0.0,0.0,0.262021,1.09498,2.17143,3.58798,innovation-DACHubs,high,Africa_Eastern,cement,cement,cement CCS,missing,missing,missing,missing,missing,missing,missing,MTC
13,0.0,0.0,0.0,0.0,0.0,0.0,0.0355139,0.0889586,0.1441068,innovation-DACHubs,high,Africa_Eastern,elec_biomass (IGCC CCS),biomass (IGCC CCS),biomass (IGCC CCS) (dry cooling),missing,missing,missing,missing,missing,missing,missing,MTC
14,0.0,0.0,0.0,0.0,0.0,0.0,0.000530154,0.003521597,0.0082078369999999,innovation-DACHubs,high,Africa_Eastern,elec_biomass (IGCC CCS),biomass (IGCC CCS),biomass (IGCC CCS) (once through),missing,missing,missing,missing,missing,missing,missing,MTC
15,0.0,0.0,0.0,0.0,0.0,0.000531728,0.879391819,1.634773998,2.295938442,innovation-DACHubs,high,Africa_Eastern,elec_biomass (IGCC CCS),biomass (IGCC CCS),biomass (IGCC CCS) (recirculating),missing,missing,missing,missing,missing,missing,missing,MTC
16,0.0,0.0,0.0,0.0,0.0,0.745957,0.7826594,0.8055302999999999,0.8128272,innovation-DACHubs,high,Africa_Eastern,elec_biomass (IGCC CCS),biomass (IGCC CCS),biomass (IGCC CCS) (seawater),missing,missing,missing,missing,missing,missing,missing,MTC
17,0.0,0.0,0.0,0.0,0.0,0.00437447,0.03504824,0.11540501,0.28654045,innovation-DACHubs,high,Africa_Eastern,elec_biomass (conv CCS),biomass (conv CCS),biomass (conv CCS) (dry cooling),missing,missing,missing,missing,missing,missing,missing,MTC
18,0.0,0.0,0.0,0.0,0.0,0.00216193,0.0127286,0.0347871499999999,0.07208793,innovation-DACHubs,high,Africa_Eastern,elec_biomass (conv CCS),biomass (conv CCS),biomass (conv CCS) (once through),missing,missing,missing,missing,missing,missing,missing,MTC
19,0.0,0.0,0.0,0.0,0.0,0.00624016,0.05193068,0.17397419,0.43787018,innovation-DACHubs,high,Africa_Eastern,elec_biomass (conv CCS),biomass (conv CCS),biomass (conv CCS) (recirculating),missing,missing,missing,missing,missing,missing,missing,MTC
20,0.0,0.0,0.0,0.0,0.0,0.00652521,0.0550862,0.18592227,0.47133393,innovation-DACHubs,high,Africa_Eastern,elec_biomass (conv CCS),biomass (conv CCS),biomass (conv CCS) (seawater),missing,missing,missing,missing,missing,missing,missing,MTC
21,0.0,0.0,0.0,0.0,0.0,0.000168951,0.0013647,0.004273832,0.009743464,innovation-DACHubs,high,Africa_Eastern,elec_coal (IGCC CCS),coal (IGCC CCS),coal (IGCC CCS) (dry cooling),missing,missing,missing,missing,missing,missing,missing,MTC
22,0.0,0.0,0.0,0.0,0.0,1.09965e-05,7.43306e-05,0.0002437269,0.0005432295,innovation-DACHubs,high,Africa_Eastern,elec_coal (IGCC CCS),coal (IGCC CCS),coal (IGCC CCS) (once through),missing,missing,missing,missing,missing,missing,missing,MTC
23,0.0,0.0,0.0,0.0,0.0,0.00250815,0.0204258,0.06122164,0.1363137099999999,innovation-DACHubs,high,Africa_Eastern,elec_coal (IGCC CCS),coal (IGCC CCS),coal (IGCC CCS) (recirculating),missing,missing,missing,missing,missing,missing,missing,MTC
24,0.0,0.0,0.0,0.0,0.0,0.000107522,0.000880333,0.002621796,0.0058231759999999,innovation-DACHubs,high,Africa_Eastern,elec_coal (IGCC CCS),coal (IGCC CCS),coal (IGCC CCS) (seawater),missing,missing,missing,missing,missing,missing,missing,MTC
25,0.0,0.0,0.0,0.0,0.0,0.000697715,0.005044588,0.014032263,0.029313283,innovation-DACHubs,high,Africa_Eastern,elec_coal (conv pul CCS),coal (conv pul CCS),coal (conv pul CCS) (dry cooling),missing,missing,missing,missing,missing,missing,missing,MTC
26,0.0,0.0,0.0,0.0,0.0,8.18267e-05,0.000498315,0.0014411729,0.0029372095,innovation-DACHubs,high,Africa_Eastern,elec_coal (conv pul CCS),coal (conv pul CCS),coal (conv pul CCS) (once through),missing,missing,missing,missing,missing,missing,missing,MTC
27,0.0,0.0,0.0,0.0,0.0,0.00142125,0.01030594,0.02768157,0.05665248,innovation-DACHubs,high,Africa_Eastern,elec_coal (conv pul CCS),coal (conv pul CCS),coal (conv pul CCS) (recirculating),missing,missing,missing,missing,missing,missing,missing,MTC
28,0.0,0.0,0.0,0.0,0.0,0.00165167,0.01208586,0.03222721,0.06579908,innovation-DACHubs,high,Africa_Eastern,elec_coal (conv pul CCS),coal (conv pul CCS),coal (conv pul CCS) (seawater),missing,missing,missing,missing,missing,missing,missing,MTC
29,0.0,0.0,0.0,0.0,0.0,0.000648502,0.0017657863,0.0024804505999999,0.0032450129999999,innovation-DACHubs,high,Africa_Eastern,elec_gas (CC CCS),biogas (CC CCS),biogas (CC CCS) (dry cooling),missing,missing,missing,missing,missing,missing,missing,MTC
30,0.0,0.0,0.0,0.0,0.0,0.000678189,0.001863853,0.0026327594,0.0034404427,innovation-DACHubs,high,Africa_Eastern,elec_gas (CC CCS),biogas (CC CCS),biogas (CC CCS) (recirculating),missing,missing,missing,missing,missing,missing,missing,MTC
31,0.0,0.0,0.0,0.0,0.0,0.000117532,0.0003234942,0.000457153,0.00059773117,innovation-DACHubs,high,Africa_Eastern,elec_gas (CC CCS),biogas (CC CCS),biogas (CC CCS) (seawater),missing,missing,missing,missing,missing,missing,missing,MTC
32,0.0,0.0,0.0,0.0,0.0,0.00244365,0.00851044,0.01708372,0.02841137,innovation-DACHubs,high,Africa_Eastern,elec_gas (CC CCS),gas (CC CCS),gas (CC CCS) (dry cooling),missing,missing,missing,missing,missing,missing,missing,MTC
33,0.0,0.0,0.0,0.0,0.0,0.00132575,0.0044736,0.00875141,0.01413623,innovation-DACHubs,high,Africa_Eastern,elec_gas (CC CCS),gas (CC CCS),gas (CC CCS) (once through),missing,missing,missing,missing,missing,missing,missing,MTC
34,0.0,0.0,0.0,0.0,0.0,0.0258471,0.0898619,0.1806952,0.3011696,innovation-DACHubs,high,Africa_Eastern,elec_gas (CC CCS),gas (CC CCS),gas (CC CCS) (recirculating),missing,missing,missing,missing,missing,missing,missing,MTC
35,0.0,0.0,0.0,0.0,0.0,0.0010391,0.00361511,0.0072754499999999,0.012137735,innovation-DACHubs,high,Africa_Eastern,elec_gas (CC CCS),gas (CC CCS),gas (CC CCS) (seawater),missing,missing,missing,missing,missing,missing,missing,MTC
36,0.0,0.0,0.0,0.0,0.0,0.0683128,0.12143275,0.13484142,0.14514209,innovation-DACHubs,high,Africa_Eastern,elec_refined liquids (CC CCS),refined liquids (CC CCS),refined liquids (CC CCS) (dry cooling),missing,missing,missing,missing,missing,missing,missing,MTC
37,0.0,0.0,0.0,0.0,0.0,0.0275888,0.04598141,0.0492597799999999,0.050978721,innovation-DACHubs,high,Africa_Eastern,elec_refined liquids (CC CCS),refined liquids (CC CCS),refined liquids (CC CCS) (once through),missing,missing,missing,missing,missing,missing,missing,MTC
38,0.0,0.0,0.0,0.0,0.0,0.6125,1.1077932,1.2439371,1.3434917,innovation-DACHubs,high,Africa_Eastern,elec_refined liquids (CC CCS),refined liquids (CC CCS),refined liquids (CC CCS) (recirculating),missing,missing,missing,missing,missing,missing,missing,MTC
39,0.0,0.0,0.0,0.0,0.0,0.0240138,0.0434815599999999,0.04885387,0.05279565,innovation-DACHubs,high,Africa_Eastern,elec_refined liquids (CC CCS),refined liquids (CC CCS),refined liquids (CC CCS) (seawater),missing,missing,missing,missing,missing,missing,missing,MTC
40,0.212511,0.366635,0.875147,1.40314,2.28587,3.59295,5.70477,8.3699,11.938,innovation-DACHubs,high,Africa_Eastern,industrial feedstocks,refined liquids,refined liquids,missing,missing,missing,missing,missing,missing,missing,MTC
41,0.0,0.0,0.0,0.0,0.0,0.0231082,0.0424791,0.0604143,0.0818669,innovation-DACHubs,high,Africa_Eastern,lime,gas (CCS),lime (oxyflash CCS),missing,missing,missing,missing,missing,missing,missing,MTC
42,0.0,0.0,0.0,0.0,0.0,0.0347954,0.1118644,0.2868777,0.6142932000000001,innovation-DACHubs,high,Africa_Eastern,refining,coal to liquids,coal to liquids CCS level 1,missing,missing,missing,missing,missing,missing,missing,MTC
43,0.0,0.0,0.0,0.0,0.0,0.0287162,0.0979955,0.2615028,0.5773682,innovation-DACHubs,high,Africa_Eastern,refining,coal to liquids,coal to liquids CCS level 2,missing,missing,missing,missing,missing,missing,missing,MTC
44,0.0,0.0,0.0,0.0,0.0,0.0533516,0.0558277,0.0578713,0.0563022,innovation-DACHubs,high,Africa_Northern,DAC,DAC,DAC_solvent (oxy CCS),missing,missing,missing,missing,missing,missing,missing,MTC
45,0.0,0.0,0.0,0.0,0.0,0.0188568,0.0314327,0.0483003,0.0715407,innovation-DACHubs,high,Africa_Northern,DAC,DAC,DAC_sorbent (oxy CCS),missing,missing,missing,missing,missing,missing,missing,MTC
46,0.0,0.0,0.0,0.0,0.0,0.0901733,0.108215,0.0978668,0.0902792,innovation-DACHubs,high,Africa_Northern,H2 central production,biomass,biomass to H2 CCS,missing,missing,missing,missing,missing,missing,missing,MTC
47,0.0,0.0,0.0,0.0,0.0,0.0031996,0.0318788,0.0716833,0.119813,innovation-DACHubs,high,Africa_Northern,H2 central production,coal,coal chemical CCS,missing,missing,missing,missing,missing,missing,missing,MTC
48,0.0,0.0,0.0,0.0,0.0,0.00393297,0.0204761,0.0472673,0.079633,innovation-DACHubs,high,Africa_Northern,H2 central production,gas,natural gas steam reforming CCS,missing,missing,missing,missing,missing,missing,missing,MTC
49,0.0,0.0,0.0,0.0,0.0,0.0714682,0.1921836,0.3283880999999999,0.4707327999999999,innovation-DACHubs,high,Africa_Northern,N fertilizer,gas,gas CCS,missing,missing,missing,missing,missing,missing,missing,MTC
50,0.0,0.0,0.0,0.0,0.0,0.520203,0.993837,1.373443,1.837469,innovation-DACHubs,high,Africa_Northern,biorefining,biomass liquids,FT biofuels CCS level 1,missing,missing,missing,missing,missing,missing,missing,MTC
51,0.0,0.0,0.0,0.0,0.0,0.603099,1.135997,1.5489290000000002,2.038469,innovation-DACHubs,high,Africa_Northern,biorefining,biomass liquids,FT biofuels CCS level 2,missing,missing,missing,missing,missing,missing,missing,MTC
52,0.0,0.0,0.0,0.0,0.0,0.302422,0.588661,0.827072,1.1315989999999998,innovation-DACHubs,high,Africa_Northern,biorefining,biomass liquids,cellulosic ethanol CCS level 1,missing,missing,missing,missing,missing,missing,missing,MTC
53,0.0,0.0,0.0,0.0,0.0,1.57575,2.91574,3.91573,5.0635200000000005,innovation-DACHubs,high,Africa_Northern,biorefining,biomass liquids,cellulosic ethanol CCS level 2,missing,missing,missing,missing,missing,missing,missing,MTC
54,0.0,0.0,0.0,0.0,0.0,1.0329,3.39867,5.25191,6.66743,innovation-DACHubs,high,Africa_Northern,cement,cement,cement CCS,missing,missing,missing,missing,missing,missing,missing,MTC
55,0.0,0.0,0.0,0.0,0.0,0.000130754,0.006093604,0.018460215,0.030707561,innovation-DACHubs,high,Africa_Northern,elec_biomass (IGCC CCS),biomass (IGCC CCS),biomass (IGCC CCS) (dry cooling),missing,missing,missing,missing,missing,missing,missing,MTC
56,0.0,0.0,0.0,0.0,0.0,3.90828e-09,1.388480227e-05,0.00015171417554000002,0.00036258302511,innovation-DACHubs,high,Africa_Northern,elec_biomass (IGCC CCS),biomass (IGCC CCS),biomass (IGCC CCS) (once through),missing,missing,missing,missing,missing,missing,missing,MTC
57,0.0,0.0,0.0,0.0,0.0,0.117729,0.241134,0.402749,0.540341,innovation-DACHubs,high,Africa_Northern,elec_biomass (IGCC CCS),biomass (IGCC CCS),biomass (IGCC CCS) (recirculating),missing,missing,missing,missing,missing,missing,missing,MTC
58,0.0,0.0,0.0,0.0,0.0,0.0431475,0.04903046,0.05565579,0.06053608,innovation-DACHubs,high,Africa_Northern,elec_biomass (IGCC CCS),biomass (IGCC CCS),biomass (IGCC CCS) (seawater),missing,missing,missing,missing,missing,missing,missing,MTC
59,0.0,0.0,0.0,0.0,0.0,0.00105425,0.005731649,0.024499258,0.062661825,innovation-DACHubs,high,Africa_Northern,elec_biomass (conv CCS),biomass (conv CCS),biomass (conv CCS) (dry cooling),missing,missing,missing,missing,missing,missing,missing,MTC
60,0.0,0.0,0.0,0.0,0.0,0.000260933,0.0007586092,0.0023112337,0.0039852517,innovation-DACHubs,high,Africa_Northern,elec_biomass (conv CCS),biomass (conv CCS),biomass (conv CCS) (once through),missing,missing,missing,missing,missing,missing,missing,MTC
61,0.0,0.0,0.0,0.0,0.0,0.00147193,0.00824126,0.03552444,0.0914244499999999,innovation-DACHubs,high,Africa_Northern,elec_biomass (conv CCS),biomass (conv CCS),biomass (conv CCS) (recirculating),missing,missing,missing,missing,missing,missing,missing,MTC
62,0.0,0.0,0.0,0.0,0.0,0.00157367,0.00902904,0.03948334,0.10291731,innovation-DACHubs,high,Africa_Northern,elec_biomass (conv CCS),biomass (conv CCS),biomass (conv CCS) (seawater),missing,missing,missing,missing,missing,missing,missing,MTC
63,0.0,0.0,0.0,0.0,0.0,0.000250035,0.0012900809999999,0.00471316,0.010370049,innovation-DACHubs,high,Africa_Northern,elec_coal (IGCC CCS),coal (IGCC CCS),coal (IGCC CCS) (dry cooling),missing,missing,missing,missing,missing,missing,missing,MTC
64,0.0,0.0,0.0,0.0,0.0,3.66857e-06,1.319189e-05,4.65392e-05,9.110089e-05,innovation-DACHubs,high,Africa_Northern,elec_coal (IGCC CCS),coal (IGCC CCS),coal (IGCC CCS) (once through),missing,missing,missing,missing,missing,missing,missing,MTC
65,0.0,0.0,0.0,0.0,0.0,0.00358115,0.01866032,0.06496999,0.13943742,innovation-DACHubs,high,Africa_Northern,elec_coal (IGCC CCS),coal (IGCC CCS),coal (IGCC CCS) (recirculating),missing,missing,missing,missing,missing,missing,missing,MTC
66,0.0,0.0,0.0,0.0,0.0,0.000159263,0.00084105,0.002910776,0.006239794,innovation-DACHubs,high,Africa_Northern,elec_coal (IGCC CCS),coal (IGCC CCS),coal (IGCC CCS) (seawater),missing,missing,missing,missing,missing,missing,missing,MTC
67,0.0,0.0,0.0,0.0,0.0,0.00104925,0.00490522,0.01571829,0.03183287,innovation-DACHubs,high,Africa_Northern,elec_coal (conv pul CCS),coal (conv pul CCS),coal (conv pul CCS) (dry cooling),missing,missing,missing,missing,missing,missing,missing,MTC
68,0.0,0.0,0.0,0.0,0.0,2.87773e-05,9.39871e-05,0.0002865013,0.0005030837,innovation-DACHubs,high,Africa_Northern,elec_coal (conv pul CCS),coal (conv pul CCS),coal (conv pul CCS) (once through),missing,missing,missing,missing,missing,missing,missing,MTC
69,0.0,0.0,0.0,0.0,0.0,0.00199067,0.00928032,0.02857784,0.0565653,innovation-DACHubs,high,Africa_Northern,elec_coal (conv pul CCS),coal (conv pul CCS),coal (conv pul CCS) (recirculating),missing,missing,missing,missing,missing,missing,missing,MTC
70,0.0,0.0,0.0,0.0,0.0,0.00248521,0.0118585399999999,0.03630487,0.0718733199999999,innovation-DACHubs,high,Africa_Northern,elec_coal (conv pul CCS),coal (conv pul CCS),coal (conv pul CCS) (seawater),missing,missing,missing,missing,missing,missing,missing,MTC
71,0.0,0.0,0.0,0.0,0.0,0.0055386,0.0099609809999999,0.018370552,0.021644797,innovation-DACHubs,high,Africa_Northern,elec_gas (CC CCS),biogas (CC CCS),biogas (CC CCS) (dry cooling),missing,missing,missing,missing,missing,missing,missing,MTC
72,0.0,0.0,0.0,0.0,0.0,0.00569794,0.010336532,0.0189983099999999,0.022474823,innovation-DACHubs,high,Africa_Northern,elec_gas (CC CCS),biogas (CC CCS),biogas (CC CCS) (recirculating),missing,missing,missing,missing,missing,missing,missing,MTC
73,0.0,0.0,0.0,0.0,0.0,0.000999479,0.001820623,0.0033519355,0.0039752002,innovation-DACHubs,high,Africa_Northern,elec_gas (CC CCS),biogas (CC CCS),biogas (CC CCS) (seawater),missing,missing,missing,missing,missing,missing,missing,MTC
74,0.0,0.0,0.0,0.0,0.0,0.0434953,0.1172046,0.2622994,0.4275646,innovation-DACHubs,high,Africa_Northern,elec_gas (CC CCS),gas (CC CCS),gas (CC CCS) (dry cooling),missing,missing,missing,missing,missing,missing,missing,MTC
75,0.0,0.0,0.0,0.0,0.0,0.0130828,0.0321351,0.0659955,0.1003432,innovation-DACHubs,high,Africa_Northern,elec_gas (CC CCS),gas (CC CCS),gas (CC CCS) (once through),missing,missing,missing,missing,missing,missing,missing,MTC
76,0.0,0.0,0.0,0.0,0.0,0.487585,1.309856,2.925394,4.754742,innovation-DACHubs,high,Africa_Northern,elec_gas (CC CCS),gas (CC CCS),gas (CC CCS) (recirculating),missing,missing,missing,missing,missing,missing,missing,MTC
77,0.0,0.0,0.0,0.0,0.0,0.0202225,0.0545062,0.1221493999999999,0.199002,innovation-DACHubs,high,Africa_Northern,elec_gas (CC CCS),gas (CC CCS),gas (CC CCS) (seawater),missing,missing,missing,missing,missing,missing,missing,MTC
78,0.0,0.0,0.0,0.0,0.0,0.111797,0.1596256999999999,0.293447,0.3868632,innovation-DACHubs,high,Africa_Northern,elec_refined liquids (CC CCS),refined liquids (CC CCS),refined liquids (CC CCS) (dry cooling),missing,missing,missing,missing,missing,missing,missing,MTC
79,0.0,0.0,0.0,0.0,0.0,0.0231337,0.02344988,0.03487489,0.03353698,innovation-DACHubs,high,Africa_Northern,elec_refined liquids (CC CCS),refined liquids (CC CCS),refined liquids (CC CCS) (once through),missing,missing,missing,missing,missing,missing,missing,MTC
80,0.0,0.0,0.0,0.0,0.0,1.02015,1.52617,2.841078,3.848446,innovation-DACHubs,high,Africa_Northern,elec_refined liquids (CC CCS),refined liquids (CC CCS),refined liquids (CC CCS) (recirculating),missing,missing,missing,missing,missing,missing,missing,MTC
81,0.0,0.0,0.0,0.0,0.0,0.0404897,0.0609971,0.1140061,0.1552838,innovation-DACHubs,high,Africa_Northern,elec_refined liquids (CC CCS),refined liquids (CC CCS),refined liquids (CC CCS) (seawater),missing,missing,missing,missing,missing,missing,missing,MTC
82,2.57645,3.48152,3.45067,4.3229,5.445,6.70246,8.79439,10.7392,12.7697,innovation-DACHubs,high,Africa_Northern,industrial feedstocks,refined liquids,refined liquids,missing,missing,missing,missing,missing,missing,missing,MTC
83,0.0,0.0,0.0,0.0,0.0,0.0471447,0.0713152,0.0803023,0.0883807,innovation-DACHubs,high,Africa_Northern,lime,gas (CCS),lime (oxyflash CCS),missing,missing,missing,missing,missing,missing,missing,MTC
84,0.0,0.0,0.0,0.0,0.0,0.0160417,0.0466776,0.0906076,0.1363225,innovation-DACHubs,high,Africa_Northern,refining,coal to liquids,coal to liquids CCS level 1,missing,missing,missing,missing,missing,missing,missing,MTC
85,0.0,0.0,0.0,0.0,0.0,0.0131813,0.0406759,0.0815586,0.1253831,innovation-DACHubs,high,Africa_Northern,refining,coal to liquids,coal to liquids CCS level 2,missing,missing,missing,missing,missing,missing,missing,MTC
86,0.0,0.0,0.0,0.0,0.0,0.00765975,0.00725623,0.0082132,0.00914506,innovation-DACHubs,high,Africa_Southern,DAC,DAC,DAC_solvent (oxy CCS),missing,missing,missing,missing,missing,missing,missing,MTC
87,0.0,0.0,0.0,0.0,0.0,0.00444165,0.00717486,0.0122617,0.0206138,innovation-DACHubs,high,Africa_Southern,DAC,DAC,DAC_sorbent (oxy CCS),missing,missing,missing,missing,missing,missing,missing,MTC
88,0.0,0.0,0.0,0.0,0.0,0.19291,0.22825,0.24242,0.256115,innovation-DACHubs,high,Africa_Southern,H2 central production,biomass,biomass to H2 CCS,missing,missing,missing,missing,missing,missing,missing,MTC
89,0.0,0.0,0.0,0.0,0.0,0.00718091,0.0662775,0.16615,0.302371,innovation-DACHubs,high,Africa_Southern,H2 central production,coal,coal chemical CCS,missing,missing,missing,missing,missing,missing,missing,MTC
90,0.0,0.0,0.0,0.0,0.0,0.00587825,0.0247843,0.0620812,0.116289,innovation-DACHubs,high,Africa_Southern,H2 central production,gas,natural gas steam reforming CCS,missing,missing,missing,missing,missing,missing,missing,MTC
91,0.0,0.0,0.0,0.0,0.0,0.0162929,0.0450664999999999,0.0918367,0.1471191,innovation-DACHubs,high,Africa_Southern,N fertilizer,gas,gas CCS,missing,missing,missing,missing,missing,missing,missing,MTC
92,0.0,0.0,0.0,0.0,0.0,0.136716,0.263944,0.414525,0.610106,innovation-DACHubs,high,Africa_Southern,biorefining,biomass liquids,FT biofuels CCS level 1,missing,missing,missing,missing,missing,missing,missing,MTC
93,0.0,0.0,0.0,0.0,0.0,0.15979,0.303768,0.469087,0.6780539999999999,innovation-DACHubs,high,Africa_Southern,biorefining,biomass liquids,FT biofuels CCS level 2,missing,missing,missing,missing,missing,missing,missing,MTC
94,0.0,0.0,0.0,0.0,0.0,0.0775235,0.1535297,0.246635,0.3723401,innovation-DACHubs,high,Africa_Southern,biorefining,biomass liquids,cellulosic ethanol CCS level 1,missing,missing,missing,missing,missing,missing,missing,MTC
95,0.0,0.0,0.0,0.0,0.0,0.413417,0.7718320000000001,1.169028,1.656102,innovation-DACHubs,high,Africa_Southern,biorefining,biomass liquids,cellulosic ethanol CCS level 2,missing,missing,missing,missing,missing,missing,missing,MTC
96,0.0,0.0,0.0,0.0,0.0,0.13807,0.491127,0.920995,1.46393,innovation-DACHubs,high,Africa_Southern,cement,cement,cement CCS,missing,missing,missing,missing,missing,missing,missing,MTC
97,0.0,0.0,0.0,0.0,0.0,0.0,0.00104951,0.00490803,0.01084158,innovation-DACHubs,high,Africa_Southern,elec_biomass (IGCC CCS),biomass (IGCC CCS),biomass (IGCC CCS) (dry cooling),missing,missing,missing,missing,missing,missing,missing,MTC
98,0.0,0.0,0.0,0.0,0.0,0.0,0.000589567,0.002882445,0.006493428,innovation-DACHubs,high,Africa_Southern,elec_biomass (IGCC CCS),biomass (IGCC CCS),biomass (IGCC CCS) (once through),missing,missing,missing,missing,missing,missing,missing,MTC
99,0.0,0.0,0.0,0.0,0.0,0.0327798,0.0614451,0.1189213,0.1934011,innovation-DACHubs,high,Africa_Southern,elec_biomass (IGCC CCS),biomass (IGCC CCS),biomass (IGCC CCS) (recirculating),missing,missing,missing,missing,missing,missing,missing,MTC
100,0.0,0.0,0.0,0.0,0.0,0.00126076,0.0025287499999999,0.00489225,0.00789761,innovation-DACHubs,high,Africa_Southern,elec_biomass (IGCC CCS),biomass (IGCC CCS),biomass (IGCC CCS) (seawater),missing,missing,missing,missing,missing,missing,missing,MTC
101,0.0,0.0,0.0,0.0,0.0,0.000189921,0.00111535,0.006809822,0.023997136,innovation-DACHubs,high,Africa_Southern,elec_biomass (conv CCS),biomass (conv CCS),biomass (conv CCS) (dry cooling),missing,missing,missing,missing,missing,missing,missing,MTC
102,0.0,0.0,0.0,0.0,0.0,0.000223284,0.001266324,0.007471418,0.025698041,innovation-DACHubs,high,Africa_Southern,elec_biomass (conv CCS),biomass (conv CCS),biomass (conv CCS) (once through),missing,missing,missing,missing,missing,missing,missing,MTC
103,0.0,0.0,0.0,0.0,0.0,0.000276843,0.001690568,0.010582384,0.038034819,innovation-DACHubs,high,Africa_Southern,elec_biomass (conv CCS),biomass (conv CCS),biomass (conv CCS) (recirculating),missing,missing,missing,missing,missing,missing,missing,MTC
104,0.0,0.0,0.0,0.0,0.0,0.000282607,0.001735239,0.010904791,0.039312462,innovation-DACHubs,high,Africa_Southern,elec_biomass (conv CCS),biomass (conv CCS),biomass (conv CCS) (seawater),missing,missing,missing,missing,missing,missing,missing,MTC
105,0.0,0.0,0.0,0.0,0.0,0.000296876,0.001804791,0.0102955799999999,0.031933991,innovation-DACHubs,high,Africa_Southern,elec_coal (IGCC CCS),coal (IGCC CCS),coal (IGCC CCS) (dry cooling),missing,missing,missing,missing,missing,missing,missing,MTC
106,0.0,0.0,0.0,0.0,0.0,0.000198985,0.001131559,0.006203213,0.0188883239999999,innovation-DACHubs,high,Africa_Southern,elec_coal (IGCC CCS),coal (IGCC CCS),coal (IGCC CCS) (once through),missing,missing,missing,missing,missing,missing,missing,MTC
107,0.0,0.0,0.0,0.0,0.0,0.00477906,0.0290236,0.15344377,0.45882864,innovation-DACHubs,high,Africa_Southern,elec_coal (IGCC CCS),coal (IGCC CCS),coal (IGCC CCS) (recirculating),missing,missing,missing,missing,missing,missing,missing,MTC
108,0.0,0.0,0.0,0.0,0.0,0.000197823,0.001202481,0.006308155,0.018792056,innovation-DACHubs,high,Africa_Southern,elec_coal (IGCC CCS),coal (IGCC CCS),coal (IGCC CCS) (seawater),missing,missing,missing,missing,missing,missing,missing,MTC
109,0.0,0.0,0.0,0.0,0.0,0.00112311,0.00610013,0.02959655,0.08305095,innovation-DACHubs,high,Africa_Southern,elec_coal (conv pul CCS),coal (conv pul CCS),coal (conv pul CCS) (dry cooling),missing,missing,missing,missing,missing,missing,missing,MTC
110,0.0,0.0,0.0,0.0,0.0,0.00124456,0.00635155,0.02978554,0.08225078,innovation-DACHubs,high,Africa_Southern,elec_coal (conv pul CCS),coal (conv pul CCS),coal (conv pul CCS) (once through),missing,missing,missing,missing,missing,missing,missing,MTC
111,0.0,0.0,0.0,0.0,0.0,0.00256719,0.01391663,0.06324379,0.17177564,innovation-DACHubs,high,Africa_Southern,elec_coal (conv pul CCS),coal (conv pul CCS),coal (conv pul CCS) (recirculating),missing,missing,missing,missing,missing,missing,missing,MTC
112,0.0,0.0,0.0,0.0,0.0,0.00277289,0.01505792,0.06793908,0.18385962,innovation-DACHubs,high,Africa_Southern,elec_coal (conv pul CCS),coal (conv pul CCS),coal (conv pul CCS) (seawater),missing,missing,missing,missing,missing,missing,missing,MTC
113,0.0,0.0,0.0,0.0,0.0,0.00085769,0.002096398,0.006212331,0.0117381049999999,innovation-DACHubs,high,Africa_Southern,elec_gas (CC CCS),biogas (CC CCS),biogas (CC CCS) (dry cooling),missing,missing,missing,missing,missing,missing,missing,MTC
114,0.0,0.0,0.0,0.0,0.0,0.000907491,0.002273524,0.00671395,0.012835873,innovation-DACHubs,high,Africa_Southern,elec_gas (CC CCS),biogas (CC CCS),biogas (CC CCS) (recirculating),missing,missing,missing,missing,missing,missing,missing,MTC
115,0.0,0.0,0.0,0.0,0.0,0.000155148,0.0003888368,0.0011481554,0.0021950949,innovation-DACHubs,high,Africa_Southern,elec_gas (CC CCS),biogas (CC CCS),biogas (CC CCS) (seawater),missing,missing,missing,missing,missing,missing,missing,MTC
116,0.0,0.0,0.0,0.0,0.0,0.00420632,0.01182831,0.03596445,0.07817791,innovation-DACHubs,high,Africa_Southern,elec_gas (CC CCS),gas (CC CCS),gas (CC CCS) (dry cooling),missing,missing,missing,missing,missing,missing,missing,MTC
117,0.0,0.0,0.0,0.0,0.0,0.00376294,0.01042926,0.03133289,0.06763948,innovation-DACHubs,high,Africa_Southern,elec_gas (CC CCS),gas (CC CCS),gas (CC CCS) (once through),missing,missing,missing,missing,missing,missing,missing,MTC
118,0.0,0.0,0.0,0.0,0.0,0.0464905,0.1295761,0.3927195,0.8521118,innovation-DACHubs,high,Africa_Southern,elec_gas (CC CCS),gas (CC CCS),gas (CC CCS) (recirculating),missing,missing,missing,missing,missing,missing,missing,MTC
119,0.0,0.0,0.0,0.0,0.0,0.00184622,0.00514243,0.0155858299999999,0.03381738,innovation-DACHubs,high,Africa_Southern,elec_gas (CC CCS),gas (CC CCS),gas (CC CCS) (seawater),missing,missing,missing,missing,missing,missing,missing,MTC
120,0.0,0.0,0.0,0.0,0.0,0.0890117,0.1746994,0.4168937,0.6936146000000001,innovation-DACHubs,high,Africa_Southern,elec_refined liquids (CC CCS),refined liquids (CC CCS),refined liquids (CC CCS) (dry cooling),missing,missing,missing,missing,missing,missing,missing,MTC
121,0.0,0.0,0.0,0.0,0.0,0.0628843,0.123489,0.291088,0.4834644,innovation-DACHubs,high,Africa_Southern,elec_refined liquids (CC CCS),refined liquids (CC CCS),refined liquids (CC CCS) (once through),missing,missing,missing,missing,missing,missing,missing,MTC
122,0.0,0.0,0.0,0.0,0.0,0.813797,1.648826,3.929001,6.638795,innovation-DACHubs,high,Africa_Southern,elec_refined liquids (CC CCS),refined liquids (CC CCS),refined liquids (CC CCS) (recirculating),missing,missing,missing,missing,missing,missing,missing,MTC
123,0.0,0.0,0.0,0.0,0.0,0.0317209,0.0642891,0.1531877999999999,0.2588500999999999,innovation-DACHubs,high,Africa_Southern,elec_refined liquids (CC CCS),refined liquids (CC CCS),refined liquids (CC CCS) (seawater),missing,missing,missing,missing,missing,missing,missing,MTC
124,0.123362,0.201169,0.556102,0.938177,1.52617,2.34283,3.53283,5.12881,7.27845,innovation-DACHubs,high,Africa_Southern,industrial feedstocks,refined liquids,refined liquids,missing,missing,missing,missing,missing,missing,missing,MTC
125,0.0,0.0,0.0,0.0,0.0,0.00780086,0.0115262,0.0147111,0.0190673,innovation-DACHubs,high,Africa_Southern,lime,gas (CCS),lime (oxyflash CCS),missing,missing,missing,missing,missing,missing,missing,MTC
126,0.0,0.0,0.0,0.0,0.0,0.0236741,0.0665313,0.1783987,0.3577722,innovation-DACHubs,high,Africa_Southern,refining,coal to liquids,coal to liquids CCS level 1,missing,missing,missing,missing,missing,missing,missing,MTC
127,0.0,0.0,0.0,0.0,0.0,0.0194856,0.0578407,0.1618397,0.3337907999999999,innovation-DACHubs,high,Africa_Southern,refining,coal to liquids,coal to liquids CCS level 2,missing,missing,missing,missing,missing,missing,missing,MTC
128,0.0,0.0,0.0,0.0,0.0,0.0615037,0.0702251,0.08005,0.0855931,innovation-DACHubs,high,Africa_Western,DAC,DAC,DAC_solvent (oxy CCS),missing,missing,missing,missing,missing,missing,missing,MTC
129,0.0,0.0,0.0,0.0,0.0,0.0258291,0.0492313,0.0885401,0.149126,innovation-DACHubs,high,Africa_Western,DAC,DAC,DAC_sorbent (oxy CCS),missing,missing,missing,missing,missing,missing,missing,MTC
130,0.0,0.0,0.0,0.0,0.0,0.690154,0.897741,1.05475,1.22481,innovation-DACHubs,high,Africa_Western,H2 central production,biomass,biomass to H2 CCS,missing,missing,missing,missing,missing,missing,missing,MTC
131,0.0,0.0,0.0,0.0,0.0,0.023551,0.240769,0.700984,1.47905,innovation-DACHubs,high,Africa_Western,H2 central production,coal,coal chemical CCS,missing,missing,missing,missing,missing,missing,missing,MTC
132,0.0,0.0,0.0,0.0,0.0,0.0219837,0.108451,0.2966,0.614649,innovation-DACHubs,high,Africa_Western,H2 central production,gas,natural gas steam reforming CCS,missing,missing,missing,missing,missing,missing,missing,MTC
133,0.0,0.0,0.0,0.0,0.0,0.0483212,0.1292332,0.2501308,0.3792989,innovation-DACHubs,high,Africa_Western,N fertilizer,gas,gas CCS,missing,missing,missing,missing,missing,missing,missing,MTC
134,0.0,0.0,0.0,0.0,0.0,0.51153,1.053823,1.7121339999999998,2.549564,innovation-DACHubs,high,Africa_Western,biorefining,biomass liquids,FT biofuels CCS level 1,missing,missing,missing,missing,missing,missing,missing,MTC
135,0.0,0.0,0.0,0.0,0.0,0.597588,1.211408,1.933611,2.826701,innovation-DACHubs,high,Africa_Western,biorefining,biomass liquids,FT biofuels CCS level 2,missing,missing,missing,missing,missing,missing,missing,MTC
136,0.0,0.0,0.0,0.0,0.0,0.292317,0.617553,1.026294,1.566769,innovation-DACHubs,high,Africa_Western,biorefining,biomass liquids,cellulosic ethanol CCS level 1,missing,missing,missing,missing,missing,missing,missing,MTC
137,0.0,0.0,0.0,0.0,0.0,1.55244,3.08677,4.82787,6.915159999999999,innovation-DACHubs,high,Africa_Western,biorefining,biomass liquids,cellulosic ethanol CCS level 2,missing,missing,missing,missing,missing,missing,missing,MTC
138,0.0,0.0,0.0,0.0,0.0,0.403937,1.71531,3.44101,5.67972,innovation-DACHubs,high,Africa_Western,cement,cement,cement CCS,missing,missing,missing,missing,missing,missing,missing,MTC
139,0.0,0.0,0.0,0.0,0.0,0.0,0.0108676,0.0351005,0.0652377,innovation-DACHubs,high,Africa_Western,elec_biomass (IGCC CCS),biomass (IGCC CCS),biomass (IGCC CCS) (dry cooling),missing,missing,missing,missing,missing,missing,missing,MTC
140,0.0,0.0,0.0,0.0,0.0,0.0,0.0102685,0.0285353,0.04928808,innovation-DACHubs,high,Africa_Western,elec_biomass (IGCC CCS),biomass (IGCC CCS),biomass (IGCC CCS) (once through),missing,missing,missing,missing,missing,missing,missing,MTC
141,0.0,0.0,0.0,0.0,0.0,0.312603,0.61948,0.976288,1.345431,innovation-DACHubs,high,Africa_Western,elec_biomass (IGCC CCS),biomass (IGCC CCS),biomass (IGCC CCS) (recirculating),missing,missing,missing,missing,missing,missing,missing,MTC
142,0.0,0.0,0.0,0.0,0.0,0.0120232,0.0255571,0.0401732,0.0550208,innovation-DACHubs,high,Africa_Western,elec_biomass (IGCC CCS),biomass (IGCC CCS),biomass (IGCC CCS) (seawater),missing,missing,missing,missing,missing,missing,missing,MTC
143,0.0,0.0,0.0,0.0,0.0,0.0017972,0.01154282,0.04687987,0.13390953,innovation-DACHubs,high,Africa_Western,elec_biomass (conv CCS),biomass (conv CCS),biomass (conv CCS) (dry cooling),missing,missing,missing,missing,missing,missing,missing,MTC
144,0.0,0.0,0.0,0.0,0.0,0.00232028,0.01464909,0.0576053,0.15816236,innovation-DACHubs,high,Africa_Western,elec_biomass (conv CCS),biomass (conv CCS),biomass (conv CCS) (once through),missing,missing,missing,missing,missing,missing,missing,MTC
145,0.0,0.0,0.0,0.0,0.0,0.00262615,0.01765842,0.07320246,0.21257431,innovation-DACHubs,high,Africa_Western,elec_biomass (conv CCS),biomass (conv CCS),biomass (conv CCS) (recirculating),missing,missing,missing,missing,missing,missing,missing,MTC
146,0.0,0.0,0.0,0.0,0.0,0.0026746,0.01808006,0.0751993,0.2190502899999999,innovation-DACHubs,high,Africa_Western,elec_biomass (conv CCS),biomass (conv CCS),biomass (conv CCS) (seawater),missing,missing,missing,missing,missing,missing,missing,MTC
147,0.0,0.0,0.0,0.0,0.0,4.61501e-05,0.0003390048,0.001395854,0.003850956,innovation-DACHubs,high,Africa_Western,elec_coal (IGCC CCS),coal (IGCC CCS),coal (IGCC CCS) (dry cooling),missing,missing,missing,missing,missing,missing,missing,MTC
148,0.0,0.0,0.0,0.0,0.0,4.21626e-05,0.00028636600000000003,0.0010829485,0.0027712349,innovation-DACHubs,high,Africa_Western,elec_coal (IGCC CCS),coal (IGCC CCS),coal (IGCC CCS) (once through),missing,missing,missing,missing,missing,missing,missing,MTC
149,0.0,0.0,0.0,0.0,0.0,0.000719656,0.005272937,0.020562227,0.055266912,innovation-DACHubs,high,Africa_Western,elec_coal (IGCC CCS),coal (IGCC CCS),coal (IGCC CCS) (recirculating),missing,missing,missing,missing,missing,missing,missing,MTC
150,0.0,0.0,0.0,0.0,0.0,2.95514e-05,0.0002167046,0.0008410987,0.0022566961,innovation-DACHubs,high,Africa_Western,elec_coal (IGCC CCS),coal (IGCC CCS),coal (IGCC CCS) (seawater),missing,missing,missing,missing,missing,missing,missing,MTC
151,0.0,0.0,0.0,0.0,0.0,0.000165731,0.001084757,0.003922177,0.009908528,innovation-DACHubs,high,Africa_Western,elec_coal (conv pul CCS),coal (conv pul CCS),coal (conv pul CCS) (dry cooling),missing,missing,missing,missing,missing,missing,missing,MTC
152,0.0,0.0,0.0,0.0,0.0,0.000247267,0.001504215,0.005041346,0.011884833,innovation-DACHubs,high,Africa_Western,elec_coal (conv pul CCS),coal (conv pul CCS),coal (conv pul CCS) (once through),missing,missing,missing,missing,missing,missing,missing,MTC
153,0.0,0.0,0.0,0.0,0.0,0.00036981,0.0024123779999999,0.008321234,0.020522114,innovation-DACHubs,high,Africa_Western,elec_coal (conv pul CCS),coal (conv pul CCS),coal (conv pul CCS) (recirculating),missing,missing,missing,missing,missing,missing,missing,MTC
154,0.0,0.0,0.0,0.0,0.0,0.000394634,0.002578856,0.008863623,0.021839754,innovation-DACHubs,high,Africa_Western,elec_coal (conv pul CCS),coal (conv pul CCS),coal (conv pul CCS) (seawater),missing,missing,missing,missing,missing,missing,missing,MTC
155,0.0,0.0,0.0,0.0,0.0,0.00767536,0.018375522,0.034056151,0.049951516,innovation-DACHubs,high,Africa_Western,elec_gas (CC CCS),biogas (CC CCS),biogas (CC CCS) (dry cooling),missing,missing,missing,missing,missing,missing,missing,MTC
156,0.0,0.0,0.0,0.0,0.0,0.0081354,0.01966056,0.036509607,0.053770696,innovation-DACHubs,high,Africa_Western,elec_gas (CC CCS),biogas (CC CCS),biogas (CC CCS) (recirculating),missing,missing,missing,missing,missing,missing,missing,MTC
157,0.0,0.0,0.0,0.0,0.0,0.00138911,0.003358176,0.006236019,0.009185912,innovation-DACHubs,high,Africa_Western,elec_gas (CC CCS),biogas (CC CCS),biogas (CC CCS) (seawater),missing,missing,missing,missing,missing,missing,missing,MTC
158,0.0,0.0,0.0,0.0,0.0,0.0419262,0.1294192,0.2888872999999999,0.5149843000000001,innovation-DACHubs,high,Africa_Western,elec_gas (CC CCS),gas (CC CCS),gas (CC CCS) (dry cooling),missing,missing,missing,missing,missing,missing,missing,MTC
159,0.0,0.0,0.0,0.0,0.0,0.0400554,0.1216628999999999,0.2673878,0.4697245,innovation-DACHubs,high,Africa_Western,elec_gas (CC CCS),gas (CC CCS),gas (CC CCS) (once through),missing,missing,missing,missing,missing,missing,missing,MTC
160,0.0,0.0,0.0,0.0,0.0,0.470567,1.443265,3.207562,5.700808,innovation-DACHubs,high,Africa_Western,elec_gas (CC CCS),gas (CC CCS),gas (CC CCS) (recirculating),missing,missing,missing,missing,missing,missing,missing,MTC
161,0.0,0.0,0.0,0.0,0.0,0.0186813,0.0572745,0.1272782,0.2262226,innovation-DACHubs,high,Africa_Western,elec_gas (CC CCS),gas (CC CCS),gas (CC CCS) (seawater),missing,missing,missing,missing,missing,missing,missing,MTC
162,0.0,0.0,0.0,0.0,0.0,0.0469574,0.0895104,0.1686441,0.2429195,innovation-DACHubs,high,Africa_Western,elec_refined liquids (CC CCS),refined liquids (CC CCS),refined liquids (CC CCS) (dry cooling),missing,missing,missing,missing,missing,missing,missing,MTC
163,0.0,0.0,0.0,0.0,0.0,0.03547,0.06764285,0.1257658,0.17818167,innovation-DACHubs,high,Africa_Western,elec_refined liquids (CC CCS),refined liquids (CC CCS),refined liquids (CC CCS) (once through),missing,missing,missing,missing,missing,missing,missing,MTC
164,0.0,0.0,0.0,0.0,0.0,0.431822,0.8522339999999999,1.637148,2.402928,innovation-DACHubs,high,Africa_Western,elec_refined liquids (CC CCS),refined liquids (CC CCS),refined liquids (CC CCS) (recirculating),missing,missing,missing,missing,missing,missing,missing,MTC
165,0.0,0.0,0.0,0.0,0.0,0.016827,0.03323249,0.0638836399999999,0.09380578,innovation-DACHubs,high,Africa_Western,elec_refined liquids (CC CCS),refined liquids (CC CCS),refined liquids (CC CCS) (seawater),missing,missing,missing,missing,missing,missing,missing,MTC
166,0.540268,0.362202,0.719389,1.15713,2.01158,3.3347,5.84846,9.13903,13.2958,innovation-DACHubs,high,Africa_Western,industrial feedstocks,refined liquids,refined liquids,missing,missing,missing,missing,missing,missing,missing,MTC
167,0.0,0.0,0.0,0.0,0.0,0.05711,0.0980315,0.126009,0.15699,innovation-DACHubs,high,Africa_Western,lime,gas (CCS),lime (oxyflash CCS),missing,missing,missing,missing,missing,missing,missing,MTC
168,0.0,0.0,0.0,0.0,0.0,0.0306143,0.0817777,0.1633939999999999,0.279705,innovation-DACHubs,high,Africa_Western,refining,coal to liquids,coal to liquids CCS level 1,missing,missing,missing,missing,missing,missing,missing,MTC
169,0.0,0.0,0.0,0.0,0.0,0.025361,0.0713621,0.1476461,0.2599311,innovation-DACHubs,high,Africa_Western,refining,coal to liquids,coal to liquids CCS level 2,missing,missing,missing,missing,missing,missing,missing,MTC
170,0.0,0.0,0.0,0.0,0.0,0.151901,0.147334,0.139831,0.129693,innovation-DACHubs,high,Australia_NZ,DAC,DAC,DAC_solvent (oxy CCS),missing,missing,missing,missing,missing,missing,missing,MTC
171,0.0,0.0,0.0,0.0,0.0,0.0466022,0.0764376,0.113887,0.1684,innovation-DACHubs,high,Australia_NZ,DAC,DAC,DAC_sorbent (oxy CCS),missing,missing,missing,missing,missing,missing,missing,MTC
172,0.0,0.0,0.0,0.0,0.0,0.0815711,0.0895676,0.0774694,0.0688742,innovation-DACHubs,high,Australia_NZ,H2 central production,biomass,biomass to H2 CCS,missing,missing,missing,missing,missing,missing,missing,MTC
173,0.0,0.0,0.0,0.0,0.0,0.00332864,0.0293155,0.0590743,0.0913285,innovation-DACHubs,high,Australia_NZ,H2 central production,coal,coal chemical CCS,missing,missing,missing,missing,missing,missing,missing,MTC
174,0.0,0.0,0.0,0.0,0.0,0.00282599,0.011753,0.0246311,0.039002,innovation-DACHubs,high,Australia_NZ,H2 central production,gas,natural gas steam reforming CCS,missing,missing,missing,missing,missing,missing,missing,MTC
175,0.0,0.0,0.0,0.0,0.0,0.033297,0.0865671,0.1631642,0.2586262,innovation-DACHubs,high,Australia_NZ,N fertilizer,gas,gas CCS,missing,missing,missing,missing,missing,missing,missing,MTC
176,0.0,0.0,0.0,0.0,0.0,0.297058,0.515343,0.695462,0.936882,innovation-DACHubs,high,Australia_NZ,biorefining,biomass liquids,FT biofuels CCS level 1,missing,missing,missing,missing,missing,missing,missing,MTC
177,0.0,0.0,0.0,0.0,0.0,0.349169,0.598718,0.7983319999999999,1.058534,innovation-DACHubs,high,Australia_NZ,biorefining,biomass liquids,FT biofuels CCS level 2,missing,missing,missing,missing,missing,missing,missing,MTC
178,0.0,0.0,0.0,0.0,0.0,0.165479,0.291566,0.3992449999999999,0.5491980000000001,innovation-DACHubs,high,Australia_NZ,biorefining,biomass liquids,cellulosic ethanol CCS level 1,missing,missing,missing,missing,missing,missing,missing,MTC
179,0.0,0.0,0.0,0.0,0.0,0.906238,1.530399,2.011889,2.620237,innovation-DACHubs,high,Australia_NZ,biorefining,biomass liquids,cellulosic ethanol CCS level 2,missing,missing,missing,missing,missing,missing,missing,MTC
180,0.0,0.0,0.0,0.0,0.0,0.0755962,0.428674,0.744573,0.98987,innovation-DACHubs,high,Australia_NZ,cement,cement,cement CCS,missing,missing,missing,missing,missing,missing,missing,MTC
181,0.0,0.0,0.0,0.0,0.0,7.60008e-10,0.008530310751457,0.036532710740249,0.06194084072029,innovation-DACHubs,high,Australia_NZ,elec_biomass (IGCC CCS),biomass (IGCC CCS),biomass (IGCC CCS) (dry cooling),missing,missing,missing,missing,missing,missing,missing,MTC
182,0.0,0.0,0.0,0.0,0.0,0.021423,0.02845467,0.04874618,0.06622697,innovation-DACHubs,high,Australia_NZ,elec_biomass (IGCC CCS),biomass (IGCC CCS),biomass (IGCC CCS) (once through),missing,missing,missing,missing,missing,missing,missing,MTC
183,0.0,0.0,0.0,0.0,0.0,0.0252036,0.0589664,0.1042046,0.1370826,innovation-DACHubs,high,Australia_NZ,elec_biomass (IGCC CCS),biomass (IGCC CCS),biomass (IGCC CCS) (recirculating),missing,missing,missing,missing,missing,missing,missing,MTC
184,0.0,0.0,0.0,0.0,0.0,0.0415859,0.1081935,0.1882271,0.2450381999999999,innovation-DACHubs,high,Australia_NZ,elec_biomass (IGCC CCS),biomass (IGCC CCS),biomass (IGCC CCS) (seawater),missing,missing,missing,missing,missing,missing,missing,MTC
185,0.0,0.0,0.0,0.0,0.0,0.000496231,0.003791768,0.019165949,0.047628362,innovation-DACHubs,high,Australia_NZ,elec_biomass (conv CCS),biomass (conv CCS),biomass (conv CCS) (dry cooling),missing,missing,missing,missing,missing,missing,missing,MTC
186,0.0,0.0,0.0,0.0,0.0,0.000625485,0.004698702,0.023377699,0.05751556,innovation-DACHubs,high,Australia_NZ,elec_biomass (conv CCS),biomass (conv CCS),biomass (conv CCS) (once through),missing,missing,missing,missing,missing,missing,missing,MTC
187,0.0,0.0,0.0,0.0,0.0,0.000727391,0.0058637149999999,0.030331633,0.076840458,innovation-DACHubs,high,Australia_NZ,elec_biomass (conv CCS),biomass (conv CCS),biomass (conv CCS) (recirculating),missing,missing,missing,missing,missing,missing,missing,MTC
188,0.0,0.0,0.0,0.0,0.0,0.000741568,0.006015036,0.031213922,0.0792665229999999,innovation-DACHubs,high,Australia_NZ,elec_biomass (conv CCS),biomass (conv CCS),biomass (conv CCS) (seawater),missing,missing,missing,missing,missing,missing,missing,MTC
189,0.0,0.0,0.0,0.0,0.0,0.00244173,0.01782565,0.0757411799999999,0.1597265199999999,innovation-DACHubs,high,Australia_NZ,elec_coal (IGCC CCS),coal (IGCC CCS),coal (IGCC CCS) (dry cooling),missing,missing,missing,missing,missing,missing,missing,MTC
190,0.0,0.0,0.0,0.0,0.0,0.00204096,0.01402704,0.05675671,0.11725808,innovation-DACHubs,high,Australia_NZ,elec_coal (IGCC CCS),coal (IGCC CCS),coal (IGCC CCS) (once through),missing,missing,missing,missing,missing,missing,missing,MTC
191,0.0,0.0,0.0,0.0,0.0,0.00428838,0.03278943,0.12829139,0.26178079,innovation-DACHubs,high,Australia_NZ,elec_coal (IGCC CCS),coal (IGCC CCS),coal (IGCC CCS) (recirculating),missing,missing,missing,missing,missing,missing,missing,MTC
192,0.0,0.0,0.0,0.0,0.0,0.00764002,0.0587771,0.22803059,0.46372574,innovation-DACHubs,high,Australia_NZ,elec_coal (IGCC CCS),coal (IGCC CCS),coal (IGCC CCS) (seawater),missing,missing,missing,missing,missing,missing,missing,MTC
193,0.0,0.0,0.0,0.0,0.0,0.00331065,0.02183971,0.08095208,0.15809234,innovation-DACHubs,high,Australia_NZ,elec_coal (conv pul CCS),coal (conv pul CCS),coal (conv pul CCS) (dry cooling),missing,missing,missing,missing,missing,missing,missing,MTC
194,0.0,0.0,0.0,0.0,0.0,0.00464314,0.02887584,0.10269537,0.19701865,innovation-DACHubs,high,Australia_NZ,elec_coal (conv pul CCS),coal (conv pul CCS),coal (conv pul CCS) (once through),missing,missing,missing,missing,missing,missing,missing,MTC
195,0.0,0.0,0.0,0.0,0.0,0.00802708,0.05510816,0.19042219,0.36131439,innovation-DACHubs,high,Australia_NZ,elec_coal (conv pul CCS),coal (conv pul CCS),coal (conv pul CCS) (recirculating),missing,missing,missing,missing,missing,missing,missing,MTC
196,0.0,0.0,0.0,0.0,0.0,0.00867258,0.05995827,0.20559794,0.38888391,innovation-DACHubs,high,Australia_NZ,elec_coal (conv pul CCS),coal (conv pul CCS),coal (conv pul CCS) (seawater),missing,missing,missing,missing,missing,missing,missing,MTC
197,0.0,0.0,0.0,0.0,0.0,0.00132008,0.0032919955,0.006822431,0.0071913535,innovation-DACHubs,high,Australia_NZ,elec_gas (CC CCS),biogas (CC CCS),biogas (CC CCS) (dry cooling),missing,missing,missing,missing,missing,missing,missing,MTC
198,0.0,0.0,0.0,0.0,0.0,0.00139712,0.003506291,0.0072586311,0.0077186391999999,innovation-DACHubs,high,Australia_NZ,elec_gas (CC CCS),biogas (CC CCS),biogas (CC CCS) (recirculating),missing,missing,missing,missing,missing,missing,missing,MTC
199,0.0,0.0,0.0,0.0,0.0,0.000238612,0.0005990252000000001,0.0012397559999999,0.001318175,innovation-DACHubs,high,Australia_NZ,elec_gas (CC CCS),biogas (CC CCS),biogas (CC CCS) (seawater),missing,missing,missing,missing,missing,missing,missing,MTC
200,0.0,0.0,0.0,0.0,0.0,0.0218551,0.0701227,0.173343,0.2759672,innovation-DACHubs,high,Australia_NZ,elec_gas (CC CCS),gas (CC CCS),gas (CC CCS) (dry cooling),missing,missing,missing,missing,missing,missing,missing,MTC
201,0.0,0.0,0.0,0.0,0.0,0.02026,0.0641337,0.1572033,0.2493538,innovation-DACHubs,high,Australia_NZ,elec_gas (CC CCS),gas (CC CCS),gas (CC CCS) (once through),missing,missing,missing,missing,missing,missing,missing,MTC
202,0.0,0.0,0.0,0.0,0.0,0.0255796,0.0816084,0.201241,0.3202563,innovation-DACHubs,high,Australia_NZ,elec_gas (CC CCS),gas (CC CCS),gas (CC CCS) (recirculating),missing,missing,missing,missing,missing,missing,missing,MTC
203,0.0,0.0,0.0,0.0,0.0,0.0436571,0.1392213,0.3432889,0.5462689000000001,innovation-DACHubs,high,Australia_NZ,elec_gas (CC CCS),gas (CC CCS),gas (CC CCS) (seawater),missing,missing,missing,missing,missing,missing,missing,MTC
204,0.0,0.0,0.0,0.0,0.0,0.0107508,0.02006274,0.04138146,0.0459783599999999,innovation-DACHubs,high,Australia_NZ,elec_refined liquids (CC CCS),refined liquids (CC CCS),refined liquids (CC CCS) (dry cooling),missing,missing,missing,missing,missing,missing,missing,MTC
205,0.0,0.0,0.0,0.0,0.0,0.00774242,0.01439209,0.02956302,0.033139286,innovation-DACHubs,high,Australia_NZ,elec_refined liquids (CC CCS),refined liquids (CC CCS),refined liquids (CC CCS) (once through),missing,missing,missing,missing,missing,missing,missing,MTC
206,0.0,0.0,0.0,0.0,0.0,0.0100927,0.01923938,0.04012184,0.0460273999999999,innovation-DACHubs,high,Australia_NZ,elec_refined liquids (CC CCS),refined liquids (CC CCS),refined liquids (CC CCS) (recirculating),missing,missing,missing,missing,missing,missing,missing,MTC
207,0.0,0.0,0.0,0.0,0.0,0.0168682,0.03217198,0.06711437,0.07702433,innovation-DACHubs,high,Australia_NZ,elec_refined liquids (CC CCS),refined liquids (CC CCS),refined liquids (CC CCS) (seawater),missing,missing,missing,missing,missing,missing,missing,MTC
208,3.1366,3.75605,4.14298,4.81344,5.50692,6.28583,7.23808,8.12285,9.04354,innovation-DACHubs,high,Australia_NZ,industrial feedstocks,refined liquids,refined liquids,missing,missing,missing,missing,missing,missing,missing,MTC
209,0.0,0.0,0.0,0.0,0.0,0.125152,0.17742,0.185566,0.197173,innovation-DACHubs,high,Australia_NZ,lime,gas (CCS),lime (oxyflash CCS),missing,missing,missing,missing,missing,missing,missing,MTC
210,0.0,0.0,0.0,0.0,0.0,0.0,0.0275695,0.113978,0.2250301,innovation-DACHubs,high,Australia_NZ,refining,coal to liquids,coal to liquids CCS level 1,missing,missing,missing,missing,missing,missing,missing,MTC
211,0.0,0.0,0.0,0.0,0.0,0.0,0.025315,0.1078451,0.2174941,innovation-DACHubs,high,Australia_NZ,refining,coal to liquids,coal to liquids CCS level 2,missing,missing,missing,missing,missing,missing,missing,MTC
212,0.0,0.0,0.0,0.0,0.0,0.158089,0.169408,0.166186,0.154576,innovation-DACHubs,high,Brazil,DAC,DAC,DAC_solvent (oxy CCS),missing,missing,missing,missing,missing,missing,missing,MTC
213,0.0,0.0,0.0,0.0,0.0,0.0574287,0.0980502,0.147662,0.218269,innovation-DACHubs,high,Brazil,DAC,DAC,DAC_sorbent (oxy CCS),missing,missing,missing,missing,missing,missing,missing,MTC
214,0.0,0.0,0.0,0.0,0.0,0.379218,0.392635,0.329333,0.285827,innovation-DACHubs,high,Brazil,H2 central production,biomass,biomass to H2 CCS,missing,missing,missing,missing,missing,missing,missing,MTC
215,0.0,0.0,0.0,0.0,0.0,0.0133258,0.106045,0.215281,0.332274,innovation-DACHubs,high,Brazil,H2 central production,coal,coal chemical CCS,missing,missing,missing,missing,missing,missing,missing,MTC
216,0.0,0.0,0.0,0.0,0.0,0.0112996,0.0462523,0.098403,0.154424,innovation-DACHubs,high,Brazil,H2 central production,gas,natural gas steam reforming CCS,missing,missing,missing,missing,missing,missing,missing,MTC
217,0.0,0.0,0.0,0.0,0.0,0.0412768,0.1286125,0.253644,0.3983971,innovation-DACHubs,high,Brazil,N fertilizer,gas,gas CCS,missing,missing,missing,missing,missing,missing,missing,MTC
218,0.0,0.0,0.0,0.0,0.0,0.0,0.211616,0.691802,1.220612,innovation-DACHubs,high,Brazil,biorefining,biomass liquids,FT biofuels CCS level 1,missing,missing,missing,missing,missing,missing,missing,MTC
219,0.0,0.0,0.0,0.0,0.0,0.0,0.242868,0.777317,1.350336,innovation-DACHubs,high,Brazil,biorefining,biomass liquids,FT biofuels CCS level 2,missing,missing,missing,missing,missing,missing,missing,MTC
220,0.0,0.0,0.0,0.0,0.0,0.0,0.123034,0.411492,0.739668,innovation-DACHubs,high,Brazil,biorefining,biomass liquids,cellulosic ethanol CCS level 1,missing,missing,missing,missing,missing,missing,missing,MTC
221,0.0,0.0,0.0,0.0,0.0,0.0,0.6142,1.917743,3.273346,innovation-DACHubs,high,Brazil,biorefining,biomass liquids,cellulosic ethanol CCS level 2,missing,missing,missing,missing,missing,missing,missing,MTC
222,0.0,0.0,0.0,0.0,0.0,0.591674,2.39106,3.99269,5.20346,innovation-DACHubs,high,Brazil,cement,cement,cement CCS,missing,missing,missing,missing,missing,missing,missing,MTC
223,0.0,0.0,0.0,0.0,0.0,0.0094731,0.010343181,0.013922733,0.017330595,innovation-DACHubs,high,Brazil,elec_biomass (IGCC CCS),biomass (IGCC CCS),biomass (IGCC CCS) (dry cooling),missing,missing,missing,missing,missing,missing,missing,MTC
224,0.0,0.0,0.0,0.0,0.0,0.0153649,0.01665504,0.02227039,0.02756285,innovation-DACHubs,high,Brazil,elec_biomass (IGCC CCS),biomass (IGCC CCS),biomass (IGCC CCS) (once through),missing,missing,missing,missing,missing,missing,missing,MTC
225,0.0,0.0,0.0,0.0,0.0,0.188549,0.375586,0.577386,0.7288319999999999,innovation-DACHubs,high,Brazil,elec_biomass (IGCC CCS),biomass (IGCC CCS),biomass (IGCC CCS) (recirculating),missing,missing,missing,missing,missing,missing,missing,MTC
226,0.0,0.0,0.0,0.0,0.0,0.00658496,0.01501395,0.02267222,0.0282564399999999,innovation-DACHubs,high,Brazil,elec_biomass (IGCC CCS),biomass (IGCC CCS),biomass (IGCC CCS) (seawater),missing,missing,missing,missing,missing,missing,missing,MTC
227,0.0,0.0,0.0,0.0,0.0,0.00120236,0.0067538,0.02592613,0.06166796,innovation-DACHubs,high,Brazil,elec_biomass (conv CCS),biomass (conv CCS),biomass (conv CCS) (dry cooling),missing,missing,missing,missing,missing,missing,missing,MTC
228,0.0,0.0,0.0,0.0,0.0,0.00144383,0.00767133,0.02770488,0.06245656,innovation-DACHubs,high,Brazil,elec_biomass (conv CCS),biomass (conv CCS),biomass (conv CCS) (once through),missing,missing,missing,missing,missing,missing,missing,MTC
229,0.0,0.0,0.0,0.0,0.0,0.00176875,0.01050028,0.04131338,0.10030065,innovation-DACHubs,high,Brazil,elec_biomass (conv CCS),biomass (conv CCS),biomass (conv CCS) (recirculating),missing,missing,missing,missing,missing,missing,missing,MTC
230,0.0,0.0,0.0,0.0,0.0,0.0018064,0.01080453,0.04271286,0.10411955,innovation-DACHubs,high,Brazil,elec_biomass (conv CCS),biomass (conv CCS),biomass (conv CCS) (seawater),missing,missing,missing,missing,missing,missing,missing,MTC
231,0.0,0.0,0.0,0.0,0.0,0.00020499,0.001080534,0.0035410579999999,0.007117906,innovation-DACHubs,high,Brazil,elec_coal (IGCC CCS),coal (IGCC CCS),coal (IGCC CCS) (dry cooling),missing,missing,missing,missing,missing,missing,missing,MTC
232,0.0,0.0,0.0,0.0,0.0,0.000433652,0.00203141,0.00604725,0.01138095,innovation-DACHubs,high,Brazil,elec_coal (IGCC CCS),coal (IGCC CCS),coal (IGCC CCS) (once through),missing,missing,missing,missing,missing,missing,missing,MTC
233,0.0,0.0,0.0,0.0,0.0,0.0109009,0.0592949,0.1836136,0.3600909,innovation-DACHubs,high,Brazil,elec_coal (IGCC CCS),coal (IGCC CCS),coal (IGCC CCS) (recirculating),missing,missing,missing,missing,missing,missing,missing,MTC
234,0.0,0.0,0.0,0.0,0.0,0.000410396,0.002244391,0.006916326,0.013540117,innovation-DACHubs,high,Brazil,elec_coal (IGCC CCS),coal (IGCC CCS),coal (IGCC CCS) (seawater),missing,missing,missing,missing,missing,missing,missing,MTC
235,0.0,0.0,0.0,0.0,0.0,0.00238906,0.01157944,0.0334029,0.06212977,innovation-DACHubs,high,Brazil,elec_coal (conv pul CCS),coal (conv pul CCS),coal (conv pul CCS) (dry cooling),missing,missing,missing,missing,missing,missing,missing,MTC
236,0.0,0.0,0.0,0.0,0.0,0.0028418,0.0123122799999999,0.03260926,0.05712607,innovation-DACHubs,high,Brazil,elec_coal (conv pul CCS),coal (conv pul CCS),coal (conv pul CCS) (once through),missing,missing,missing,missing,missing,missing,missing,MTC
237,0.0,0.0,0.0,0.0,0.0,0.00558846,0.0277937,0.07640722,0.13899913,innovation-DACHubs,high,Brazil,elec_coal (conv pul CCS),coal (conv pul CCS),coal (conv pul CCS) (recirculating),missing,missing,missing,missing,missing,missing,missing,MTC
238,0.0,0.0,0.0,0.0,0.0,0.00604072,0.03025359,0.0828819,0.15063881,innovation-DACHubs,high,Brazil,elec_coal (conv pul CCS),coal (conv pul CCS),coal (conv pul CCS) (seawater),missing,missing,missing,missing,missing,missing,missing,MTC
239,0.0,0.0,0.0,0.0,0.0,0.00761645,0.013227004,0.020465584,0.0213245569999999,innovation-DACHubs,high,Brazil,elec_gas (CC CCS),biogas (CC CCS),biogas (CC CCS) (dry cooling),missing,missing,missing,missing,missing,missing,missing,MTC
240,0.0,0.0,0.0,0.0,0.0,0.00800643,0.014040548,0.021739316,0.022831908,innovation-DACHubs,high,Brazil,elec_gas (CC CCS),biogas (CC CCS),biogas (CC CCS) (recirculating),missing,missing,missing,missing,missing,missing,missing,MTC
241,0.0,0.0,0.0,0.0,0.0,0.00136749,0.002399787,0.0037161792,0.0039040201,innovation-DACHubs,high,Brazil,elec_gas (CC CCS),biogas (CC CCS),biogas (CC CCS) (seawater),missing,missing,missing,missing,missing,missing,missing,MTC
242,0.0,0.0,0.0,0.0,0.0,0.0153953,0.0397693999999999,0.0792679,0.1184573,innovation-DACHubs,high,Brazil,elec_gas (CC CCS),gas (CC CCS),gas (CC CCS) (dry cooling),missing,missing,missing,missing,missing,missing,missing,MTC
243,0.0,0.0,0.0,0.0,0.0,0.0413007,0.1050435,0.205923,0.303973,innovation-DACHubs,high,Brazil,elec_gas (CC CCS),gas (CC CCS),gas (CC CCS) (once through),missing,missing,missing,missing,missing,missing,missing,MTC
244,0.0,0.0,0.0,0.0,0.0,0.557468,1.439941,2.870892,4.290985,innovation-DACHubs,high,Brazil,elec_gas (CC CCS),gas (CC CCS),gas (CC CCS) (recirculating),missing,missing,missing,missing,missing,missing,missing,MTC
245,0.0,0.0,0.0,0.0,0.0,0.0201264,0.0520013,0.1037345,0.1550954,innovation-DACHubs,high,Brazil,elec_gas (CC CCS),gas (CC CCS),gas (CC CCS) (seawater),missing,missing,missing,missing,missing,missing,missing,MTC
246,0.0,0.0,0.0,0.0,0.0,0.0260288,0.03185872,0.04300873,0.04275246,innovation-DACHubs,high,Brazil,elec_refined liquids (CC CCS),refined liquids (CC CCS),refined liquids (CC CCS) (dry cooling),missing,missing,missing,missing,missing,missing,missing,MTC
247,0.0,0.0,0.0,0.0,0.0,0.0546559,0.0657928,0.08681281,0.08492985,innovation-DACHubs,high,Brazil,elec_refined liquids (CC CCS),refined liquids (CC CCS),refined liquids (CC CCS) (once through),missing,missing,missing,missing,missing,missing,missing,MTC
248,0.0,0.0,0.0,0.0,0.0,0.7634,0.960118,1.3084002,1.3367241,innovation-DACHubs,high,Brazil,elec_refined liquids (CC CCS),refined liquids (CC CCS),refined liquids (CC CCS) (recirculating),missing,missing,missing,missing,missing,missing,missing,MTC
249,0.0,0.0,0.0,0.0,0.0,0.0270018,0.0339837199999999,0.04632278,0.04735586,innovation-DACHubs,high,Brazil,elec_refined liquids (CC CCS),refined liquids (CC CCS),refined liquids (CC CCS) (seawater),missing,missing,missing,missing,missing,missing,missing,MTC
250,6.98126,9.79378,12.9893,15.1061,17.5702,20.019,22.2877,24.4587,26.6254,innovation-DACHubs,high,Brazil,industrial feedstocks,refined liquids,refined liquids,missing,missing,missing,missing,missing,missing,missing,MTC
251,0.0,0.0,0.0,0.0,0.0,0.135465,0.208643,0.225091,0.241744,innovation-DACHubs,high,Brazil,lime,gas (CCS),lime (oxyflash CCS),missing,missing,missing,missing,missing,missing,missing,MTC
252,0.0,0.0,0.0,0.0,0.0,0.032898,0.0784549,0.2242613,0.4511264,innovation-DACHubs,high,Brazil,refining,coal to liquids,coal to liquids CCS level 1,missing,missing,missing,missing,missing,missing,missing,MTC
253,0.0,0.0,0.0,0.0,0.0,0.0276988,0.0697513999999999,0.2098659,0.4354871,innovation-DACHubs,high,Brazil,refining,coal to liquids,coal to liquids CCS level 2,missing,missing,missing,missing,missing,missing,missing,MTC
254,0.0,0.0,0.0,0.0,0.0,0.107448,0.116341,0.110387,0.106583,innovation-DACHubs,high,Canada,DAC,DAC,DAC_solvent (oxy CCS),missing,missing,missing,missing,missing,missing,missing,MTC
255,0.0,0.0,0.0,0.0,0.0,0.0393804,0.0648125,0.09347,0.141915,innovation-DACHubs,high,Canada,DAC,DAC,DAC_sorbent (oxy CCS),missing,missing,missing,missing,missing,missing,missing,MTC
256,0.0,0.0,0.0,0.0,0.0,0.213963,0.199599,0.154869,0.1336,innovation-DACHubs,high,Canada,H2 central production,biomass,biomass to H2 CCS,missing,missing,missing,missing,missing,missing,missing,MTC
257,0.0,0.0,0.0,0.0,0.0,0.00755925,0.0555577,0.103136,0.159488,innovation-DACHubs,high,Canada,H2 central production,coal,coal chemical CCS,missing,missing,missing,missing,missing,missing,missing,MTC
258,0.0,0.0,0.0,0.0,0.0,0.00655672,0.025943,0.0501271,0.0747361,innovation-DACHubs,high,Canada,H2 central production,gas,natural gas steam reforming CCS,missing,missing,missing,missing,missing,missing,missing,MTC
259,0.0,0.0,0.0,0.0,0.0,0.0891227,0.2309964,0.4013221,0.5942274,innovation-DACHubs,high,Canada,N fertilizer,gas,gas CCS,missing,missing,missing,missing,missing,missing,missing,MTC
260,0.0,0.0,0.0,0.0,0.0,0.238124,0.400167,0.565656,0.8639459999999999,innovation-DACHubs,high,Canada,biorefining,biomass liquids,FT biofuels CCS level 1,missing,missing,missing,missing,missing,missing,missing,MTC
261,0.0,0.0,0.0,0.0,0.0,0.280334,0.465353,0.6480290000000001,0.968993,innovation-DACHubs,high,Canada,biorefining,biomass liquids,FT biofuels CCS level 2,missing,missing,missing,missing,missing,missing,missing,MTC
262,0.0,0.0,0.0,0.0,0.0,0.134622,0.2309378,0.3339116,0.5259255,innovation-DACHubs,high,Canada,biorefining,biomass liquids,cellulosic ethanol CCS level 1,missing,missing,missing,missing,missing,missing,missing,MTC
263,0.0,0.0,0.0,0.0,0.0,0.736949,1.205194,1.6505960000000002,2.41003,innovation-DACHubs,high,Canada,biorefining,biomass liquids,cellulosic ethanol CCS level 2,missing,missing,missing,missing,missing,missing,missing,MTC
264,0.0,0.0,0.0,0.0,0.0,0.091461,0.421612,0.701933,0.960083,innovation-DACHubs,high,Canada,cement,cement,cement CCS,missing,missing,missing,missing,missing,missing,missing,MTC
265,0.0,0.0,0.0,0.0,0.0,0.0265298,0.0694471,0.1006203,0.120581,innovation-DACHubs,high,Canada,elec_biomass (IGCC CCS),biomass (IGCC CCS),biomass (IGCC CCS) (once through),missing,missing,missing,missing,missing,missing,missing,MTC
266,0.0,0.0,0.0,0.0,0.0,0.265298,0.6261209999999999,0.919993,1.112227,innovation-DACHubs,high,Canada,elec_biomass (IGCC CCS),biomass (IGCC CCS),biomass (IGCC CCS) (recirculating),missing,missing,missing,missing,missing,missing,missing,MTC
267,0.0,0.0,0.0,0.0,0.0,0.00294775,0.00776319,0.01123798,0.01346036,innovation-DACHubs,high,Canada,elec_biomass (IGCC CCS),biomass (IGCC CCS),biomass (IGCC CCS) (seawater),missing,missing,missing,missing,missing,missing,missing,MTC
268,0.0,0.0,0.0,0.0,0.0,0.00155675,0.01280823,0.03974206,0.08350278,innovation-DACHubs,high,Canada,elec_biomass (conv CCS),biomass (conv CCS),biomass (conv CCS) (dry cooling),missing,missing,missing,missing,missing,missing,missing,MTC
269,0.0,0.0,0.0,0.0,0.0,0.00233294,0.02034784,0.06475622,0.1392466,innovation-DACHubs,high,Canada,elec_biomass (conv CCS),biomass (conv CCS),biomass (conv CCS) (once through),missing,missing,missing,missing,missing,missing,missing,MTC
270,0.0,0.0,0.0,0.0,0.0,0.00229932,0.01997262,0.06345686,0.1362131,innovation-DACHubs,high,Canada,elec_biomass (conv CCS),biomass (conv CCS),biomass (conv CCS) (recirculating),missing,missing,missing,missing,missing,missing,missing,MTC
271,0.0,0.0,0.0,0.0,0.0,0.00233513,0.020372,0.06483888,0.13943676,innovation-DACHubs,high,Canada,elec_biomass (conv CCS),biomass (conv CCS),biomass (conv CCS) (seawater),missing,missing,missing,missing,missing,missing,missing,MTC
272,0.0,0.0,0.0,0.0,0.0,0.000773142,0.006626017,0.018288553,0.034006601,innovation-DACHubs,high,Canada,elec_coal (IGCC CCS),coal (IGCC CCS),coal (IGCC CCS) (once through),missing,missing,missing,missing,missing,missing,missing,MTC
273,0.0,0.0,0.0,0.0,0.0,0.0072277,0.0619211999999999,0.17213969,0.32092612,innovation-DACHubs,high,Canada,elec_coal (IGCC CCS),coal (IGCC CCS),coal (IGCC CCS) (recirculating),missing,missing,missing,missing,missing,missing,missing,MTC
274,0.0,0.0,0.0,0.0,0.0,8.62372e-05,0.0007390172000000001,0.0020388036,0.0037903317,innovation-DACHubs,high,Canada,elec_coal (IGCC CCS),coal (IGCC CCS),coal (IGCC CCS) (seawater),missing,missing,missing,missing,missing,missing,missing,MTC
275,0.0,0.0,0.0,0.0,0.0,0.00137224,0.01033257,0.02738504,0.0485914999999999,innovation-DACHubs,high,Canada,elec_coal (conv pul CCS),coal (conv pul CCS),coal (conv pul CCS) (dry cooling),missing,missing,missing,missing,missing,missing,missing,MTC
276,0.0,0.0,0.0,0.0,0.0,0.00367458,0.02774587,0.06825564,0.11775386,innovation-DACHubs,high,Canada,elec_coal (conv pul CCS),coal (conv pul CCS),coal (conv pul CCS) (once through),missing,missing,missing,missing,missing,missing,missing,MTC
277,0.0,0.0,0.0,0.0,0.0,0.00346006,0.02611808,0.06463337,0.11176042,innovation-DACHubs,high,Canada,elec_coal (conv pul CCS),coal (conv pul CCS),coal (conv pul CCS) (recirculating),missing,missing,missing,missing,missing,missing,missing,MTC
278,0.0,0.0,0.0,0.0,0.0,0.00368807,0.02784576,0.06847283,0.11810775,innovation-DACHubs,high,Canada,elec_coal (conv pul CCS),coal (conv pul CCS),coal (conv pul CCS) (seawater),missing,missing,missing,missing,missing,missing,missing,MTC
279,0.0,0.0,0.0,0.0,0.0,0.00194482,0.005598274,0.007059381,0.0068466479999999,innovation-DACHubs,high,Canada,elec_gas (CC CCS),biogas (CC CCS),biogas (CC CCS) (dry cooling),missing,missing,missing,missing,missing,missing,missing,MTC
280,0.0,0.0,0.0,0.0,0.0,0.00204573,0.005929227,0.0075085939999999,0.0073277461,innovation-DACHubs,high,Canada,elec_gas (CC CCS),biogas (CC CCS),biogas (CC CCS) (recirculating),missing,missing,missing,missing,missing,missing,missing,MTC
281,0.0,0.0,0.0,0.0,0.0,0.000348362,0.0010097240999999,0.0012782129999999,0.0012472416,innovation-DACHubs,high,Canada,elec_gas (CC CCS),biogas (CC CCS),biogas (CC CCS) (seawater),missing,missing,missing,missing,missing,missing,missing,MTC
282,0.0,0.0,0.0,0.0,0.0,0.0163327,0.0613761999999999,0.1168348,0.1656309,innovation-DACHubs,high,Canada,elec_gas (CC CCS),gas (CC CCS),gas (CC CCS) (once through),missing,missing,missing,missing,missing,missing,missing,MTC
283,0.0,0.0,0.0,0.0,0.0,0.158608,0.596055,1.134818,1.609163,innovation-DACHubs,high,Canada,elec_gas (CC CCS),gas (CC CCS),gas (CC CCS) (recirculating),missing,missing,missing,missing,missing,missing,missing,MTC
284,0.0,0.0,0.0,0.0,0.0,0.00181574,0.00682323,0.01298847,0.01841298,innovation-DACHubs,high,Canada,elec_gas (CC CCS),gas (CC CCS),gas (CC CCS) (seawater),missing,missing,missing,missing,missing,missing,missing,MTC
285,0.0,0.0,0.0,0.0,0.0,0.0142713,0.03433883,0.04680338,0.0504859899999999,innovation-DACHubs,high,Canada,elec_refined liquids (CC CCS),refined liquids (CC CCS),refined liquids (CC CCS) (once through),missing,missing,missing,missing,missing,missing,missing,MTC
286,0.0,0.0,0.0,0.0,0.0,0.141125,0.3395081,0.4626838,0.4990132,innovation-DACHubs,high,Canada,elec_refined liquids (CC CCS),refined liquids (CC CCS),refined liquids (CC CCS) (recirculating),missing,missing,missing,missing,missing,missing,missing,MTC
287,0.0,0.0,0.0,0.0,0.0,0.00158672,0.003818059,0.005204274,0.005614191,innovation-DACHubs,high,Canada,elec_refined liquids (CC CCS),refined liquids (CC CCS),refined liquids (CC CCS) (seawater),missing,missing,missing,missing,missing,missing,missing,MTC
288,9.28264,15.7363,17.2324,18.5212,19.8543,21.1774,22.2882,23.4805,24.7442,innovation-DACHubs,high,Canada,industrial feedstocks,refined liquids,refined liquids,missing,missing,missing,missing,missing,missing,missing,MTC
289,0.0,0.0,0.0,0.0,0.0,0.0939461,0.145023,0.152001,0.166943,innovation-DACHubs,high,Canada,lime,gas (CCS),lime (oxyflash CCS),missing,missing,missing,missing,missing,missing,missing,MTC
290,0.0,0.0,0.0,0.0,0.0,0.0,0.0198173,0.1101133,0.2258053,innovation-DACHubs,high,Canada,refining,coal to liquids,coal to liquids CCS level 1,missing,missing,missing,missing,missing,missing,missing,MTC
291,0.0,0.0,0.0,0.0,0.0,0.0,0.0180452,0.1030225999999999,0.2160547,innovation-DACHubs,high,Canada,refining,coal to liquids,coal to liquids CCS level 2,missing,missing,missing,missing,missing,missing,missing,MTC
292,0.0,0.0,0.0,0.0,0.0,0.0224221,0.0233308,0.0232554,0.0250026,innovation-DACHubs,high,Central America and Caribbean,DAC,DAC,DAC_solvent (oxy CCS),missing,missing,missing,missing,missing,missing,missing,MTC
293,0.0,0.0,0.0,0.0,0.0,0.00912681,0.0151242,0.0226853,0.0367524,innovation-DACHubs,high,Central America and Caribbean,DAC,DAC,DAC_sorbent (oxy CCS),missing,missing,missing,missing,missing,missing,missing,MTC
294,0.0,0.0,0.0,0.0,0.0,0.210394,0.211431,0.178015,0.158874,innovation-DACHubs,high,Central America and Caribbean,H2 central production,biomass,biomass to H2 CCS,missing,missing,missing,missing,missing,missing,missing,MTC
295,0.0,0.0,0.0,0.0,0.0,0.00821469,0.0619355,0.122493,0.196219,innovation-DACHubs,high,Central America and Caribbean,H2 central production,coal,coal chemical CCS,missing,missing,missing,missing,missing,missing,missing,MTC
296,0.0,0.0,0.0,0.0,0.0,0.00782627,0.0317939,0.0657694,0.102789,innovation-DACHubs,high,Central America and Caribbean,H2 central production,gas,natural gas steam reforming CCS,missing,missing,missing,missing,missing,missing,missing,MTC
297,0.0,0.0,0.0,0.0,0.0,0.0180954,0.0473123,0.0830269,0.1218995,innovation-DACHubs,high,Central America and Caribbean,N fertilizer,gas,gas CCS,missing,missing,missing,missing,missing,missing,missing,MTC
298,0.0,0.0,0.0,0.0,0.0,0.31075,0.537382,0.740701,0.997942,innovation-DACHubs,high,Central America and Caribbean,biorefining,biomass liquids,FT biofuels CCS level 1,missing,missing,missing,missing,missing,missing,missing,MTC
299,0.0,0.0,0.0,0.0,0.0,0.369834,0.635362,0.8695820000000001,1.162143,innovation-DACHubs,high,Central America and Caribbean,biorefining,biomass liquids,FT biofuels CCS level 2,missing,missing,missing,missing,missing,missing,missing,MTC
300,0.0,0.0,0.0,0.0,0.0,0.136197,0.237842,0.3310043,0.4507377999999999,innovation-DACHubs,high,Central America and Caribbean,biorefining,biomass liquids,cellulosic ethanol CCS level 1,missing,missing,missing,missing,missing,missing,missing,MTC
301,0.0,0.0,0.0,0.0,0.0,0.619451,1.055107,1.431789,1.894577,innovation-DACHubs,high,Central America and Caribbean,biorefining,biomass liquids,cellulosic ethanol CCS level 2,missing,missing,missing,missing,missing,missing,missing,MTC
302,0.0,0.0,0.0,0.0,0.0,0.314421,0.976924,1.48797,1.96706,innovation-DACHubs,high,Central America and Caribbean,cement,cement,cement CCS,missing,missing,missing,missing,missing,missing,missing,MTC
303,0.0,0.0,0.0,0.0,0.0,0.0,0.00447291,0.01296587,0.0225705,innovation-DACHubs,high,Central America and Caribbean,elec_biomass (IGCC CCS),biomass (IGCC CCS),biomass (IGCC CCS) (dry cooling),missing,missing,missing,missing,missing,missing,missing,MTC
304,0.0,0.0,0.0,0.0,0.0,0.0340483,0.0501361,0.0607476,0.0695872999999999,innovation-DACHubs,high,Central America and Caribbean,elec_biomass (IGCC CCS),biomass (IGCC CCS),biomass (IGCC CCS) (once through),missing,missing,missing,missing,missing,missing,missing,MTC
305,0.0,0.0,0.0,0.0,0.0,0.417821,0.853761,1.254912,1.635164,innovation-DACHubs,high,Central America and Caribbean,elec_biomass (IGCC CCS),biomass (IGCC CCS),biomass (IGCC CCS) (recirculating),missing,missing,missing,missing,missing,missing,missing,MTC
306,0.0,0.0,0.0,0.0,0.0,0.0145921,0.0321107,0.0471426,0.0611799,innovation-DACHubs,high,Central America and Caribbean,elec_biomass (IGCC CCS),biomass (IGCC CCS),biomass (IGCC CCS) (seawater),missing,missing,missing,missing,missing,missing,missing,MTC
307,0.0,0.0,0.0,0.0,0.0,0.00258023,0.01609197,0.0538807299999999,0.14074464,innovation-DACHubs,high,Central America and Caribbean,elec_biomass (conv CCS),biomass (conv CCS),biomass (conv CCS) (dry cooling),missing,missing,missing,missing,missing,missing,missing,MTC
308,0.0,0.0,0.0,0.0,0.0,0.00343744,0.02146141,0.05718334,0.12093008,innovation-DACHubs,high,Central America and Caribbean,elec_biomass (conv CCS),biomass (conv CCS),biomass (conv CCS) (once through),missing,missing,missing,missing,missing,missing,missing,MTC
309,0.0,0.0,0.0,0.0,0.0,0.0037782,0.02462454,0.08366397,0.2220247,innovation-DACHubs,high,Central America and Caribbean,elec_biomass (conv CCS),biomass (conv CCS),biomass (conv CCS) (recirculating),missing,missing,missing,missing,missing,missing,missing,MTC
310,0.0,0.0,0.0,0.0,0.0,0.00384549,0.02518404,0.0862910799999999,0.23092755,innovation-DACHubs,high,Central America and Caribbean,elec_biomass (conv CCS),biomass (conv CCS),biomass (conv CCS) (seawater),missing,missing,missing,missing,missing,missing,missing,MTC
311,0.0,0.0,0.0,0.0,0.0,2.80449e-05,0.0001898497,0.0006306937,0.0015367624999999,innovation-DACHubs,high,Central America and Caribbean,elec_coal (IGCC CCS),coal (IGCC CCS),coal (IGCC CCS) (dry cooling),missing,missing,missing,missing,missing,missing,missing,MTC
312,0.0,0.0,0.0,0.0,0.0,8.46254e-05,0.0005433921,0.001137995,0.001964918,innovation-DACHubs,high,Central America and Caribbean,elec_coal (IGCC CCS),coal (IGCC CCS),coal (IGCC CCS) (once through),missing,missing,missing,missing,missing,missing,missing,MTC
313,0.0,0.0,0.0,0.0,0.0,0.00146081,0.00988194,0.0305593799999999,0.07250177,innovation-DACHubs,high,Central America and Caribbean,elec_coal (IGCC CCS),coal (IGCC CCS),coal (IGCC CCS) (recirculating),missing,missing,missing,missing,missing,missing,missing,MTC
314,0.0,0.0,0.0,0.0,0.0,5.45919e-05,0.0003695398,0.0011425134,0.0027182012,innovation-DACHubs,high,Central America and Caribbean,elec_coal (IGCC CCS),coal (IGCC CCS),coal (IGCC CCS) (seawater),missing,missing,missing,missing,missing,missing,missing,MTC
315,0.0,0.0,0.0,0.0,0.0,0.000310667,0.00187321,0.00563434,0.0128552819999999,innovation-DACHubs,high,Central America and Caribbean,elec_coal (conv pul CCS),coal (conv pul CCS),coal (conv pul CCS) (dry cooling),missing,missing,missing,missing,missing,missing,missing,MTC
316,0.0,0.0,0.0,0.0,0.0,0.000519195,0.002980076,0.005905172,0.009760073,innovation-DACHubs,high,Central America and Caribbean,elec_coal (conv pul CCS),coal (conv pul CCS),coal (conv pul CCS) (once through),missing,missing,missing,missing,missing,missing,missing,MTC
317,0.0,0.0,0.0,0.0,0.0,0.00071691,0.004316649,0.012133001,0.026877862,innovation-DACHubs,high,Central America and Caribbean,elec_coal (conv pul CCS),coal (conv pul CCS),coal (conv pul CCS) (recirculating),missing,missing,missing,missing,missing,missing,missing,MTC
318,0.0,0.0,0.0,0.0,0.0,0.000765722,0.004616396,0.013052542,0.02913638,innovation-DACHubs,high,Central America and Caribbean,elec_coal (conv pul CCS),coal (conv pul CCS),coal (conv pul CCS) (seawater),missing,missing,missing,missing,missing,missing,missing,MTC
319,0.0,0.0,0.0,0.0,0.0,0.000671949,0.0015877559999999,0.0023516578,0.0031649171,innovation-DACHubs,high,Central America and Caribbean,elec_gas (CC CCS),biogas (CC CCS),biogas (CC CCS) (dry cooling),missing,missing,missing,missing,missing,missing,missing,MTC
320,0.0,0.0,0.0,0.0,0.0,0.000706744,0.001692967,0.0025213006,0.0033948733,innovation-DACHubs,high,Central America and Caribbean,elec_gas (CC CCS),biogas (CC CCS),biogas (CC CCS) (recirculating),missing,missing,missing,missing,missing,missing,missing,MTC
321,0.0,0.0,0.0,0.0,0.0,0.000120537,0.0002888035,0.0004312439,0.0005817779,innovation-DACHubs,high,Central America and Caribbean,elec_gas (CC CCS),biogas (CC CCS),biogas (CC CCS) (seawater),missing,missing,missing,missing,missing,missing,missing,MTC
322,0.0,0.0,0.0,0.0,0.0,0.00153942,0.00474249,0.0094335899999999,0.01561359,innovation-DACHubs,high,Central America and Caribbean,elec_gas (CC CCS),gas (CC CCS),gas (CC CCS) (dry cooling),missing,missing,missing,missing,missing,missing,missing,MTC
323,0.0,0.0,0.0,0.0,0.0,0.00445285,0.0135543,0.02500412,0.03871409,innovation-DACHubs,high,Central America and Caribbean,elec_gas (CC CCS),gas (CC CCS),gas (CC CCS) (once through),missing,missing,missing,missing,missing,missing,missing,MTC
324,0.0,0.0,0.0,0.0,0.0,0.0566919,0.1737067,0.3441873,0.56768,innovation-DACHubs,high,Central America and Caribbean,elec_gas (CC CCS),gas (CC CCS),gas (CC CCS) (recirculating),missing,missing,missing,missing,missing,missing,missing,MTC
325,0.0,0.0,0.0,0.0,0.0,0.00204588,0.00626665,0.01244339,0.02056156,innovation-DACHubs,high,Central America and Caribbean,elec_gas (CC CCS),gas (CC CCS),gas (CC CCS) (seawater),missing,missing,missing,missing,missing,missing,missing,MTC
326,0.0,0.0,0.0,0.0,0.0,0.0108181,0.0203531,0.0302610499999999,0.03942927,innovation-DACHubs,high,Central America and Caribbean,elec_refined liquids (CC CCS),refined liquids (CC CCS),refined liquids (CC CCS) (dry cooling),missing,missing,missing,missing,missing,missing,missing,MTC
327,0.0,0.0,0.0,0.0,0.0,0.0243833,0.04657655,0.0599359899999999,0.0690071499999999,innovation-DACHubs,high,Central America and Caribbean,elec_refined liquids (CC CCS),refined liquids (CC CCS),refined liquids (CC CCS) (once through),missing,missing,missing,missing,missing,missing,missing,MTC
328,0.0,0.0,0.0,0.0,0.0,0.319063,0.623623,0.949107,1.25637,innovation-DACHubs,high,Central America and Caribbean,elec_refined liquids (CC CCS),refined liquids (CC CCS),refined liquids (CC CCS) (recirculating),missing,missing,missing,missing,missing,missing,missing,MTC
329,0.0,0.0,0.0,0.0,0.0,0.0112812,0.02205836,0.03364279,0.04461804,innovation-DACHubs,high,Central America and Caribbean,elec_refined liquids (CC CCS),refined liquids (CC CCS),refined liquids (CC CCS) (seawater),missing,missing,missing,missing,missing,missing,missing,MTC
330,0.550883,0.678129,0.766433,0.901931,1.04229,1.20315,1.57248,1.85012,2.1342,innovation-DACHubs,high,Central America and Caribbean,industrial feedstocks,refined liquids,refined liquids,missing,missing,missing,missing,missing,missing,missing,MTC
331,0.0,0.0,0.0,0.0,0.0,0.0194311,0.0298326,0.0331904,0.0403752,innovation-DACHubs,high,Central America and Caribbean,lime,gas (CCS),lime (oxyflash CCS),missing,missing,missing,missing,missing,missing,missing,MTC
332,0.0,0.0,0.0,0.0,0.0,0.014168,0.0544370999999999,0.1631828,0.3129362,innovation-DACHubs,high,Central America and Caribbean,refining,coal to liquids,coal to liquids CCS level 1,missing,missing,missing,missing,missing,missing,missing,MTC
333,0.0,0.0,0.0,0.0,0.0,0.0118962,0.0485849,0.1508281,0.296907,innovation-DACHubs,high,Central America and Caribbean,refining,coal to liquids,coal to liquids CCS level 2,missing,missing,missing,missing,missing,missing,missing,MTC
334,0.0,0.0,0.0,0.0,0.0,0.0411674,0.040891,0.0378795,0.0334162,innovation-DACHubs,high,Central Asia,DAC,DAC,DAC_solvent (oxy CCS),missing,missing,missing,missing,missing,missing,missing,MTC
335,0.0,0.0,0.0,0.0,0.0,0.014048,0.0237906,0.0359231,0.0524379,innovation-DACHubs,high,Central Asia,DAC,DAC,DAC_sorbent (oxy CCS),missing,missing,missing,missing,missing,missing,missing,MTC
336,0.0,0.0,0.0,0.0,0.0,0.161734,0.189504,0.168343,0.15147,innovation-DACHubs,high,Central Asia,H2 central production,biomass,biomass to H2 CCS,missing,missing,missing,missing,missing,missing,missing,MTC
337,0.0,0.0,0.0,0.0,0.0,0.00729808,0.0720945,0.150492,0.235029,innovation-DACHubs,high,Central Asia,H2 central production,coal,coal chemical CCS,missing,missing,missing,missing,missing,missing,missing,MTC
338,0.0,0.0,0.0,0.0,0.0,0.00625444,0.029478,0.0617922,0.0949429,innovation-DACHubs,high,Central Asia,H2 central production,gas,natural gas steam reforming CCS,missing,missing,missing,missing,missing,missing,missing,MTC
339,0.0,0.0,0.0,0.0,0.0,0.0309195,0.0829384,0.1474227,0.2150824,innovation-DACHubs,high,Central Asia,N fertilizer,gas,gas CCS,missing,missing,missing,missing,missing,missing,missing,MTC
340,0.0,0.0,0.0,0.0,0.0,0.206869,0.387845,0.519139,0.679525,innovation-DACHubs,high,Central Asia,biorefining,biomass liquids,FT biofuels CCS level 1,missing,missing,missing,missing,missing,missing,missing,MTC
341,0.0,0.0,0.0,0.0,0.0,0.243274,0.450259,0.595855,0.7688800000000001,innovation-DACHubs,high,Central Asia,biorefining,biomass liquids,FT biofuels CCS level 2,missing,missing,missing,missing,missing,missing,missing,MTC
342,0.0,0.0,0.0,0.0,0.0,0.115626,0.220584,0.2994345,0.3995525,innovation-DACHubs,high,Central Asia,biorefining,biomass liquids,cellulosic ethanol CCS level 1,missing,missing,missing,missing,missing,missing,missing,MTC
343,0.0,0.0,0.0,0.0,0.0,0.63522,1.15601,1.509313,1.916306,innovation-DACHubs,high,Central Asia,biorefining,biomass liquids,cellulosic ethanol CCS level 2,missing,missing,missing,missing,missing,missing,missing,MTC
344,0.0,0.0,0.0,0.0,0.0,0.271886,0.975535,1.50815,1.8928,innovation-DACHubs,high,Central Asia,cement,cement,cement CCS,missing,missing,missing,missing,missing,missing,missing,MTC
345,0.0,0.0,0.0,0.0,0.0,0.0,6.64598e-05,0.0006181414,0.0013935976,innovation-DACHubs,high,Central Asia,elec_biomass (IGCC CCS),biomass (IGCC CCS),biomass (IGCC CCS) (once through),missing,missing,missing,missing,missing,missing,missing,MTC
346,0.0,0.0,0.0,0.0,0.0,0.0865548,0.2366347,0.3616853,0.460445,innovation-DACHubs,high,Central Asia,elec_biomass (IGCC CCS),biomass (IGCC CCS),biomass (IGCC CCS) (recirculating),missing,missing,missing,missing,missing,missing,missing,MTC
347,0.0,0.0,0.0,0.0,0.0,0.00096172,0.003187333,0.0047472409999999,0.0059375669999999,innovation-DACHubs,high,Central Asia,elec_biomass (IGCC CCS),biomass (IGCC CCS),biomass (IGCC CCS) (seawater),missing,missing,missing,missing,missing,missing,missing,MTC
348,0.0,0.0,0.0,0.0,0.0,0.00050007,0.005237417,0.017401633,0.041319272,innovation-DACHubs,high,Central Asia,elec_biomass (conv CCS),biomass (conv CCS),biomass (conv CCS) (dry cooling),missing,missing,missing,missing,missing,missing,missing,MTC
349,0.0,0.0,0.0,0.0,0.0,0.000319109,0.002384718,0.006297548,0.0122479929999999,innovation-DACHubs,high,Central Asia,elec_biomass (conv CCS),biomass (conv CCS),biomass (conv CCS) (once through),missing,missing,missing,missing,missing,missing,missing,MTC
350,0.0,0.0,0.0,0.0,0.0,0.000723094,0.007930158,0.026826343,0.064610431,innovation-DACHubs,high,Central Asia,elec_biomass (conv CCS),biomass (conv CCS),biomass (conv CCS) (recirculating),missing,missing,missing,missing,missing,missing,missing,MTC
351,0.0,0.0,0.0,0.0,0.0,0.000751065,0.00837016,0.028577498,0.069450812,innovation-DACHubs,high,Central Asia,elec_biomass (conv CCS),biomass (conv CCS),biomass (conv CCS) (seawater),missing,missing,missing,missing,missing,missing,missing,MTC
352,0.0,0.0,0.0,0.0,0.0,2.93226e-05,0.0001929043,0.0005651432,0.0010541012,innovation-DACHubs,high,Central Asia,elec_coal (IGCC CCS),coal (IGCC CCS),coal (IGCC CCS) (once through),missing,missing,missing,missing,missing,missing,missing,MTC
353,0.0,0.0,0.0,0.0,0.0,0.00733863,0.07481578,0.20574746,0.3957755699999999,innovation-DACHubs,high,Central Asia,elec_coal (IGCC CCS),coal (IGCC CCS),coal (IGCC CCS) (recirculating),missing,missing,missing,missing,missing,missing,missing,MTC
354,0.0,0.0,0.0,0.0,0.0,9.41132e-05,0.0009738945,0.0026477836,0.0050722488999999,innovation-DACHubs,high,Central Asia,elec_coal (IGCC CCS),coal (IGCC CCS),coal (IGCC CCS) (seawater),missing,missing,missing,missing,missing,missing,missing,MTC
355,0.0,0.0,0.0,0.0,0.0,0.00162957,0.0144304799999999,0.0382056,0.07044787,innovation-DACHubs,high,Central Asia,elec_coal (conv pul CCS),coal (conv pul CCS),coal (conv pul CCS) (dry cooling),missing,missing,missing,missing,missing,missing,missing,MTC
356,0.0,0.0,0.0,0.0,0.0,0.000206294,0.001231797,0.003167923,0.0054414159999999,innovation-DACHubs,high,Central Asia,elec_coal (conv pul CCS),coal (conv pul CCS),coal (conv pul CCS) (once through),missing,missing,missing,missing,missing,missing,missing,MTC
357,0.0,0.0,0.0,0.0,0.0,0.00435506,0.0391958799999999,0.0958744699999999,0.16939638,innovation-DACHubs,high,Central Asia,elec_coal (conv pul CCS),coal (conv pul CCS),coal (conv pul CCS) (recirculating),missing,missing,missing,missing,missing,missing,missing,MTC
358,0.0,0.0,0.0,0.0,0.0,0.0052498,0.04841911,0.11712829,0.20632266,innovation-DACHubs,high,Central Asia,elec_coal (conv pul CCS),coal (conv pul CCS),coal (conv pul CCS) (seawater),missing,missing,missing,missing,missing,missing,missing,MTC
359,0.0,0.0,0.0,0.0,0.0,0.0030036,0.0100378809999999,0.0120376529999999,0.012959295,innovation-DACHubs,high,Central Asia,elec_gas (CC CCS),biogas (CC CCS),biogas (CC CCS) (dry cooling),missing,missing,missing,missing,missing,missing,missing,MTC
360,0.0,0.0,0.0,0.0,0.0,0.00310978,0.010426897,0.012584159,0.0136444859999999,innovation-DACHubs,high,Central Asia,elec_gas (CC CCS),biogas (CC CCS),biogas (CC CCS) (recirculating),missing,missing,missing,missing,missing,missing,missing,MTC
361,0.0,0.0,0.0,0.0,0.0,0.000535411,0.001798884,0.0021740142,0.0023605212999999,innovation-DACHubs,high,Central Asia,elec_gas (CC CCS),biogas (CC CCS),biogas (CC CCS) (seawater),missing,missing,missing,missing,missing,missing,missing,MTC
362,0.0,0.0,0.0,0.0,0.0,0.0189167,0.0706883,0.1247938,0.1742759,innovation-DACHubs,high,Central Asia,elec_gas (CC CCS),gas (CC CCS),gas (CC CCS) (once through),missing,missing,missing,missing,missing,missing,missing,MTC
363,0.0,0.0,0.0,0.0,0.0,0.312379,1.227992,2.250661,3.239119,innovation-DACHubs,high,Central Asia,elec_gas (CC CCS),gas (CC CCS),gas (CC CCS) (recirculating),missing,missing,missing,missing,missing,missing,missing,MTC
364,0.0,0.0,0.0,0.0,0.0,0.00364466,0.01434004,0.02630363,0.0378774699999999,innovation-DACHubs,high,Central Asia,elec_gas (CC CCS),gas (CC CCS),gas (CC CCS) (seawater),missing,missing,missing,missing,missing,missing,missing,MTC
365,0.0,0.0,0.0,0.0,0.0,0.00195949,0.00427099,0.004575043,0.004476466,innovation-DACHubs,high,Central Asia,elec_refined liquids (CC CCS),refined liquids (CC CCS),refined liquids (CC CCS) (once through),missing,missing,missing,missing,missing,missing,missing,MTC
366,0.0,0.0,0.0,0.0,0.0,0.0349336,0.08675718,0.10858929,0.1230912,innovation-DACHubs,high,Central Asia,elec_refined liquids (CC CCS),refined liquids (CC CCS),refined liquids (CC CCS) (recirculating),missing,missing,missing,missing,missing,missing,missing,MTC
367,0.0,0.0,0.0,0.0,0.0,0.000395678,0.0009845855,0.0012351401,0.001403068,innovation-DACHubs,high,Central Asia,elec_refined liquids (CC CCS),refined liquids (CC CCS),refined liquids (CC CCS) (seawater),missing,missing,missing,missing,missing,missing,missing,MTC
368,4.29099,1.74101,1.85722,2.68366,3.61787,4.65072,5.8558,6.97965,8.09036,innovation-DACHubs,high,Central Asia,industrial feedstocks,refined liquids,refined liquids,missing,missing,missing,missing,missing,missing,missing,MTC
369,0.0,0.0,0.0,0.0,0.0,0.0341665,0.0503739,0.0530539,0.0555811,innovation-DACHubs,high,Central Asia,lime,gas (CCS),lime (oxyflash CCS),missing,missing,missing,missing,missing,missing,missing,MTC
370,0.0,0.0,0.0,0.0,0.0,0.0118085,0.0446059,0.1038161,0.1836586,innovation-DACHubs,high,Central Asia,refining,coal to liquids,coal to liquids CCS level 1,missing,missing,missing,missing,missing,missing,missing,MTC
371,0.0,0.0,0.0,0.0,0.0,0.0100112,0.0405568,0.09801727,0.17822903,innovation-DACHubs,high,Central Asia,refining,coal to liquids,coal to liquids CCS level 2,missing,missing,missing,missing,missing,missing,missing,MTC
372,0.0,0.0,0.0,0.0,0.0,0.773117,0.747916,0.671771,0.603247,innovation-DACHubs,high,China,DAC,DAC,DAC_solvent (oxy CCS),missing,missing,missing,missing,missing,missing,missing,MTC
373,0.0,0.0,0.0,0.0,0.0,0.361554,0.567993,0.78852,1.10414,innovation-DACHubs,high,China,DAC,DAC,DAC_sorbent (oxy CCS),missing,missing,missing,missing,missing,missing,missing,MTC
374,0.0,0.0,0.0,0.0,0.0,1.69359,1.90525,1.56264,1.32489,innovation-DACHubs,high,China,H2 central production,biomass,biomass to H2 CCS,missing,missing,missing,missing,missing,missing,missing,MTC
375,0.0,0.0,0.0,0.0,0.0,0.0612033,0.571258,1.16783,1.76735,innovation-DACHubs,high,China,H2 central production,coal,coal chemical CCS,missing,missing,missing,missing,missing,missing,missing,MTC
376,0.0,0.0,0.0,0.0,0.0,0.0464513,0.20567,0.427075,0.660958,innovation-DACHubs,high,China,H2 central production,gas,natural gas steam reforming CCS,missing,missing,missing,missing,missing,missing,missing,MTC
377,0.0,0.0,0.0,0.0,0.0,1.12977,4.29379,7.64373,11.1502,innovation-DACHubs,high,China,N fertilizer,coal,coal CCS,missing,missing,missing,missing,missing,missing,missing,MTC
378,0.0,0.0,0.0,0.0,0.0,0.21321,0.617426,1.096861,1.654527,innovation-DACHubs,high,China,N fertilizer,gas,gas CCS,missing,missing,missing,missing,missing,missing,missing,MTC
379,0.0,0.0,0.0,0.0,0.0,3.08925,5.88424,7.66854,9.62118,innovation-DACHubs,high,China,biorefining,biomass liquids,FT biofuels CCS level 1,missing,missing,missing,missing,missing,missing,missing,MTC
380,0.0,0.0,0.0,0.0,0.0,3.63727,6.827640000000001,8.79115,10.87572,innovation-DACHubs,high,China,biorefining,biomass liquids,FT biofuels CCS level 2,missing,missing,missing,missing,missing,missing,missing,MTC
381,0.0,0.0,0.0,0.0,0.0,1.75436,3.41437,4.523750000000001,5.789619999999999,innovation-DACHubs,high,China,biorefining,biomass liquids,cellulosic ethanol CCS level 1,missing,missing,missing,missing,missing,missing,missing,MTC
382,0.0,0.0,0.0,0.0,0.0,9.71366,17.90721,22.75475,27.73327,innovation-DACHubs,high,China,biorefining,biomass liquids,cellulosic ethanol CCS level 2,missing,missing,missing,missing,missing,missing,missing,MTC
383,0.0,0.0,0.0,0.0,0.0,6.81683,35.4585,52.158,61.0044,innovation-DACHubs,high,China,cement,cement,cement CCS,missing,missing,missing,missing,missing,missing,missing,MTC
384,0.0,0.0,0.0,0.0,0.0,1.22814,1.669146,2.622345,3.287875,innovation-DACHubs,high,China,elec_biomass (IGCC CCS),biomass (IGCC CCS),biomass (IGCC CCS) (dry cooling),missing,missing,missing,missing,missing,missing,missing,MTC
385,0.0,0.0,0.0,0.0,0.0,0.0,0.00299854,0.0361624699999999,0.08841713,innovation-DACHubs,high,China,elec_biomass (IGCC CCS),biomass (IGCC CCS),biomass (IGCC CCS) (once through),missing,missing,missing,missing,missing,missing,missing,MTC
386,0.0,0.0,0.0,0.0,0.0,1.20743,4.27135,6.61804,7.96785,innovation-DACHubs,high,China,elec_biomass (IGCC CCS),biomass (IGCC CCS),biomass (IGCC CCS) (recirculating),missing,missing,missing,missing,missing,missing,missing,MTC
387,0.0,0.0,0.0,0.0,0.0,0.2035,0.8825259999999999,1.315098,1.554023,innovation-DACHubs,high,China,elec_biomass (IGCC CCS),biomass (IGCC CCS),biomass (IGCC CCS) (seawater),missing,missing,missing,missing,missing,missing,missing,MTC
388,0.0,0.0,0.0,0.0,0.0,0.0158734,0.1450735,0.5062606000000001,1.0373142,innovation-DACHubs,high,China,elec_biomass (conv CCS),biomass (conv CCS),biomass (conv CCS) (dry cooling),missing,missing,missing,missing,missing,missing,missing,MTC
389,0.0,0.0,0.0,0.0,0.0,0.0114016,0.08572729,0.29719291,0.6975130999999999,innovation-DACHubs,high,China,elec_biomass (conv CCS),biomass (conv CCS),biomass (conv CCS) (once through),missing,missing,missing,missing,missing,missing,missing,MTC
390,0.0,0.0,0.0,0.0,0.0,0.0230884,0.2211631,0.7853365000000001,1.6371378,innovation-DACHubs,high,China,elec_biomass (conv CCS),biomass (conv CCS),biomass (conv CCS) (recirculating),missing,missing,missing,missing,missing,missing,missing,MTC
391,0.0,0.0,0.0,0.0,0.0,0.0239092,0.2316494,0.8242343,1.7148398,innovation-DACHubs,high,China,elec_biomass (conv CCS),biomass (conv CCS),biomass (conv CCS) (seawater),missing,missing,missing,missing,missing,missing,missing,MTC
392,0.0,0.0,0.0,0.0,0.0,0.0825673,0.7485615,2.3524854,4.307453,innovation-DACHubs,high,China,elec_coal (IGCC CCS),coal (IGCC CCS),coal (IGCC CCS) (dry cooling),missing,missing,missing,missing,missing,missing,missing,MTC
393,0.0,0.0,0.0,0.0,0.0,0.0023381,0.01795217,0.07132845,0.18833486,innovation-DACHubs,high,China,elec_coal (IGCC CCS),coal (IGCC CCS),coal (IGCC CCS) (once through),missing,missing,missing,missing,missing,missing,missing,MTC
394,0.0,0.0,0.0,0.0,0.0,0.224251,2.09482,6.098765,10.817394,innovation-DACHubs,high,China,elec_coal (IGCC CCS),coal (IGCC CCS),coal (IGCC CCS) (recirculating),missing,missing,missing,missing,missing,missing,missing,MTC
395,0.0,0.0,0.0,0.0,0.0,0.0420942,0.3960611,1.1377616,1.9990288,innovation-DACHubs,high,China,elec_coal (IGCC CCS),coal (IGCC CCS),coal (IGCC CCS) (seawater),missing,missing,missing,missing,missing,missing,missing,MTC
396,0.0,0.0,0.0,0.0,0.0,0.0850082,0.6905995,1.9140979,3.2096206,innovation-DACHubs,high,China,elec_coal (conv pul CCS),coal (conv pul CCS),coal (conv pul CCS) (dry cooling),missing,missing,missing,missing,missing,missing,missing,MTC
397,0.0,0.0,0.0,0.0,0.0,0.021062,0.1457029,0.5015265,1.1669789000000002,innovation-DACHubs,high,China,elec_coal (conv pul CCS),coal (conv pul CCS),coal (conv pul CCS) (once through),missing,missing,missing,missing,missing,missing,missing,MTC
398,0.0,0.0,0.0,0.0,0.0,0.199235,1.655883,4.326209,7.100764,innovation-DACHubs,high,China,elec_coal (conv pul CCS),coal (conv pul CCS),coal (conv pul CCS) (recirculating),missing,missing,missing,missing,missing,missing,missing,MTC
399,0.0,0.0,0.0,0.0,0.0,0.228238,1.916886,4.925198,7.975116,innovation-DACHubs,high,China,elec_coal (conv pul CCS),coal (conv pul CCS),coal (conv pul CCS) (seawater),missing,missing,missing,missing,missing,missing,missing,MTC
400,0.0,0.0,0.0,0.0,0.0,0.00592525,0.017564964,0.025097796,0.023865344,innovation-DACHubs,high,China,elec_gas (CC CCS),biogas (CC CCS),biogas (CC CCS) (dry cooling),missing,missing,missing,missing,missing,missing,missing,MTC
401,0.0,0.0,0.0,0.0,0.0,0.0062332,0.018601144,0.026779635,0.025941513,innovation-DACHubs,high,China,elec_gas (CC CCS),biogas (CC CCS),biogas (CC CCS) (recirculating),missing,missing,missing,missing,missing,missing,missing,MTC
402,0.0,0.0,0.0,0.0,0.0,0.00107314,0.003204882,0.004608606,0.0044533048,innovation-DACHubs,high,China,elec_gas (CC CCS),biogas (CC CCS),biogas (CC CCS) (seawater),missing,missing,missing,missing,missing,missing,missing,MTC
403,0.0,0.0,0.0,0.0,0.0,0.0161402,0.0634904,0.1346589,0.1984023999999999,innovation-DACHubs,high,China,elec_gas (CC CCS),gas (CC CCS),gas (CC CCS) (dry cooling),missing,missing,missing,missing,missing,missing,missing,MTC
404,0.0,0.0,0.0,0.0,0.0,0.0404434,0.1559604,0.3343639,0.5134662999999999,innovation-DACHubs,high,China,elec_gas (CC CCS),gas (CC CCS),gas (CC CCS) (once through),missing,missing,missing,missing,missing,missing,missing,MTC
405,0.0,0.0,0.0,0.0,0.0,0.211396,0.834866,1.7779440000000002,2.629019,innovation-DACHubs,high,China,elec_gas (CC CCS),gas (CC CCS),gas (CC CCS) (recirculating),missing,missing,missing,missing,missing,missing,missing,MTC
406,0.0,0.0,0.0,0.0,0.0,0.00878682,0.03473481,0.07397292,0.10926441,innovation-DACHubs,high,China,elec_gas (CC CCS),gas (CC CCS),gas (CC CCS) (seawater),missing,missing,missing,missing,missing,missing,missing,MTC
407,0.0,0.0,0.0,0.0,0.0,0.00769128,0.0182683399999999,0.02638481,0.0267981599999999,innovation-DACHubs,high,China,elec_refined liquids (CC CCS),refined liquids (CC CCS),refined liquids (CC CCS) (dry cooling),missing,missing,missing,missing,missing,missing,missing,MTC
408,0.0,0.0,0.0,0.0,0.0,0.0144363,0.0327427,0.04778127,0.05355673,innovation-DACHubs,high,China,elec_refined liquids (CC CCS),refined liquids (CC CCS),refined liquids (CC CCS) (once through),missing,missing,missing,missing,missing,missing,missing,MTC
409,0.0,0.0,0.0,0.0,0.0,0.0861372,0.2085199999999999,0.3094561999999999,0.3279953,innovation-DACHubs,high,China,elec_refined liquids (CC CCS),refined liquids (CC CCS),refined liquids (CC CCS) (recirculating),missing,missing,missing,missing,missing,missing,missing,MTC
410,0.0,0.0,0.0,0.0,0.0,0.0035115,0.0085092,0.012632198,0.013381153,innovation-DACHubs,high,China,elec_refined liquids (CC CCS),refined liquids (CC CCS),refined liquids (CC CCS) (seawater),missing,missing,missing,missing,missing,missing,missing,MTC
411,15.0516,44.6849,99.5506,117.664,134.924,150.37,174.387,188.349,199.048,innovation-DACHubs,high,China,industrial feedstocks,refined liquids,refined liquids,missing,missing,missing,missing,missing,missing,missing,MTC
412,0.0,0.0,0.0,0.0,0.0,0.768229,1.09221,1.1024,1.14103,innovation-DACHubs,high,China,lime,gas (CCS),lime (oxyflash CCS),missing,missing,missing,missing,missing,missing,missing,MTC
413,0.0,0.0,0.0,0.0,0.0,0.145051,0.935837,2.34577,4.283611,innovation-DACHubs,high,China,refining,coal to liquids,coal to liquids CCS level 1,missing,missing,missing,missing,missing,missing,missing,MTC
414,0.0,0.0,0.0,0.0,0.0,0.113248,0.801416,2.078666,3.901459,innovation-DACHubs,high,China,refining,coal to liquids,coal to liquids CCS level 2,missing,missing,missing,missing,missing,missing,missing,MTC
415,0.0,0.0,0.0,0.0,0.0,0.0761031,0.0767183,0.0734564,0.0656666,innovation-DACHubs,high,EU-12,DAC,DAC,DAC_solvent (oxy CCS),missing,missing,missing,missing,missing,missing,missing,MTC
416,0.0,0.0,0.0,0.0,0.0,0.0320629,0.0507338,0.0726473,0.100963,innovation-DACHubs,high,EU-12,DAC,DAC,DAC_sorbent (oxy CCS),missing,missing,missing,missing,missing,missing,missing,MTC
417,0.0,0.0,0.0,0.0,0.0,1.29356,1.41603,1.18191,0.997922,innovation-DACHubs,high,EU-12,H2 central production,biomass,biomass to H2 CCS,missing,missing,missing,missing,missing,missing,missing,MTC
418,0.0,0.0,0.0,0.0,0.0,0.0404817,0.38117,0.75368,1.15953,innovation-DACHubs,high,EU-12,H2 central production,coal,coal chemical CCS,missing,missing,missing,missing,missing,missing,missing,MTC
419,0.0,0.0,0.0,0.0,0.0,0.039909,0.174048,0.364089,0.556896,innovation-DACHubs,high,EU-12,H2 central production,gas,natural gas steam reforming CCS,missing,missing,missing,missing,missing,missing,missing,MTC
420,0.0,0.0,0.0,0.0,0.0,0.0630126,0.1670204,0.3452886,0.6034987,innovation-DACHubs,high,EU-12,N fertilizer,gas,gas CCS,missing,missing,missing,missing,missing,missing,missing,MTC
421,0.0,0.0,0.0,0.0,0.0,0.185531,0.339065,0.465161,0.625964,innovation-DACHubs,high,EU-12,biorefining,biomass liquids,FT biofuels CCS level 1,missing,missing,missing,missing,missing,missing,missing,MTC
422,0.0,0.0,0.0,0.0,0.0,0.216289,0.39042,0.529053,0.700958,innovation-DACHubs,high,EU-12,biorefining,biomass liquids,FT biofuels CCS level 2,missing,missing,missing,missing,missing,missing,missing,MTC
423,0.0,0.0,0.0,0.0,0.0,0.107992,0.200832,0.2798737,0.3847523,innovation-DACHubs,high,EU-12,biorefining,biomass liquids,cellulosic ethanol CCS level 1,missing,missing,missing,missing,missing,missing,missing,MTC
424,0.0,0.0,0.0,0.0,0.0,0.565827,1.004926,1.3420759999999998,1.747277,innovation-DACHubs,high,EU-12,biorefining,biomass liquids,cellulosic ethanol CCS level 2,missing,missing,missing,missing,missing,missing,missing,MTC
425,0.0,0.0,0.0,0.0,0.0,0.474973,1.39139,1.99799,2.41945,innovation-DACHubs,high,EU-12,cement,cement,cement CCS,missing,missing,missing,missing,missing,missing,missing,MTC
426,0.0,0.0,0.0,0.0,0.0,3.84668e-09,0.01519900381541,0.03778170377582,0.05360490370965,innovation-DACHubs,high,EU-12,elec_biomass (IGCC CCS),biomass (IGCC CCS),biomass (IGCC CCS) (once through),missing,missing,missing,missing,missing,missing,missing,MTC
427,0.0,0.0,0.0,0.0,0.0,0.295026,0.611036,0.9272630000000002,1.127456,innovation-DACHubs,high,EU-12,elec_biomass (IGCC CCS),biomass (IGCC CCS),biomass (IGCC CCS) (recirculating),missing,missing,missing,missing,missing,missing,missing,MTC
428,0.0,0.0,0.0,0.0,0.0,0.00327806,0.0073674199999999,0.01111424,0.01343747,innovation-DACHubs,high,EU-12,elec_biomass (IGCC CCS),biomass (IGCC CCS),biomass (IGCC CCS) (seawater),missing,missing,missing,missing,missing,missing,missing,MTC
429,0.0,0.0,0.0,0.0,0.0,0.00164976,0.01110182,0.03986806,0.08381087,innovation-DACHubs,high,EU-12,elec_biomass (conv CCS),biomass (conv CCS),biomass (conv CCS) (dry cooling),missing,missing,missing,missing,missing,missing,missing,MTC
430,0.0,0.0,0.0,0.0,0.0,0.00216358,0.01507661,0.0544734999999999,0.11457761,innovation-DACHubs,high,EU-12,elec_biomass (conv CCS),biomass (conv CCS),biomass (conv CCS) (once through),missing,missing,missing,missing,missing,missing,missing,MTC
431,0.0,0.0,0.0,0.0,0.0,0.00241185,0.0170843,0.06279734,0.13433979,innovation-DACHubs,high,EU-12,elec_biomass (conv CCS),biomass (conv CCS),biomass (conv CCS) (recirculating),missing,missing,missing,missing,missing,missing,missing,MTC
432,0.0,0.0,0.0,0.0,0.0,0.00245542,0.01747296,0.06438726,0.13801849,innovation-DACHubs,high,EU-12,elec_biomass (conv CCS),biomass (conv CCS),biomass (conv CCS) (seawater),missing,missing,missing,missing,missing,missing,missing,MTC
433,0.0,0.0,0.0,0.0,0.0,0.00135495,0.01068827,0.03604957,0.06878575,innovation-DACHubs,high,EU-12,elec_coal (IGCC CCS),coal (IGCC CCS),coal (IGCC CCS) (once through),missing,missing,missing,missing,missing,missing,missing,MTC
434,0.0,0.0,0.0,0.0,0.0,0.0201307,0.1537759,0.5025375000000001,0.9570187,innovation-DACHubs,high,EU-12,elec_coal (IGCC CCS),coal (IGCC CCS),coal (IGCC CCS) (recirculating),missing,missing,missing,missing,missing,missing,missing,MTC
435,0.0,0.0,0.0,0.0,0.0,0.00023957,0.001832619,0.0059439969999999,0.011291812,innovation-DACHubs,high,EU-12,elec_coal (IGCC CCS),coal (IGCC CCS),coal (IGCC CCS) (seawater),missing,missing,missing,missing,missing,missing,missing,MTC
436,0.0,0.0,0.0,0.0,0.0,0.00416712,0.02783852,0.08496127,0.1536114,innovation-DACHubs,high,EU-12,elec_coal (conv pul CCS),coal (conv pul CCS),coal (conv pul CCS) (dry cooling),missing,missing,missing,missing,missing,missing,missing,MTC
437,0.0,0.0,0.0,0.0,0.0,0.00662254,0.04636927,0.13666273,0.2422248,innovation-DACHubs,high,EU-12,elec_coal (conv pul CCS),coal (conv pul CCS),coal (conv pul CCS) (once through),missing,missing,missing,missing,missing,missing,missing,MTC
438,0.0,0.0,0.0,0.0,0.0,0.00962633,0.06543752,0.1874903299999999,0.33150128,innovation-DACHubs,high,EU-12,elec_coal (conv pul CCS),coal (conv pul CCS),coal (conv pul CCS) (recirculating),missing,missing,missing,missing,missing,missing,missing,MTC
439,0.0,0.0,0.0,0.0,0.0,0.0102982,0.0700625,0.1993875,0.3517524,innovation-DACHubs,high,EU-12,elec_coal (conv pul CCS),coal (conv pul CCS),coal (conv pul CCS) (seawater),missing,missing,missing,missing,missing,missing,missing,MTC
440,0.0,0.0,0.0,0.0,0.0,0.00153523,0.003677703,0.005716313,0.005587041,innovation-DACHubs,high,EU-12,elec_gas (CC CCS),biogas (CC CCS),biogas (CC CCS) (dry cooling),missing,missing,missing,missing,missing,missing,missing,MTC
441,0.0,0.0,0.0,0.0,0.0,0.00161822,0.003918667,0.00612568,0.006084749,innovation-DACHubs,high,EU-12,elec_gas (CC CCS),biogas (CC CCS),biogas (CC CCS) (recirculating),missing,missing,missing,missing,missing,missing,missing,MTC
442,0.0,0.0,0.0,0.0,0.0,0.000276105,0.0006685599,0.0010448056,0.0010377575,innovation-DACHubs,high,EU-12,elec_gas (CC CCS),biogas (CC CCS),biogas (CC CCS) (seawater),missing,missing,missing,missing,missing,missing,missing,MTC
443,0.0,0.0,0.0,0.0,0.0,0.00983873,0.03238058,0.0689345,0.1017183899999999,innovation-DACHubs,high,EU-12,elec_gas (CC CCS),gas (CC CCS),gas (CC CCS) (once through),missing,missing,missing,missing,missing,missing,missing,MTC
444,0.0,0.0,0.0,0.0,0.0,0.102657,0.336161,0.716116,1.058346,innovation-DACHubs,high,EU-12,elec_gas (CC CCS),gas (CC CCS),gas (CC CCS) (recirculating),missing,missing,missing,missing,missing,missing,missing,MTC
445,0.0,0.0,0.0,0.0,0.0,0.00117592,0.00385014,0.00820371,0.01212465,innovation-DACHubs,high,EU-12,elec_gas (CC CCS),gas (CC CCS),gas (CC CCS) (seawater),missing,missing,missing,missing,missing,missing,missing,MTC
446,0.0,0.0,0.0,0.0,0.0,0.0109554,0.0217979599999999,0.03469875,0.03823055,innovation-DACHubs,high,EU-12,elec_refined liquids (CC CCS),refined liquids (CC CCS),refined liquids (CC CCS) (once through),missing,missing,missing,missing,missing,missing,missing,MTC
447,0.0,0.0,0.0,0.0,0.0,0.118401,0.2360947,0.379659,0.4257444,innovation-DACHubs,high,EU-12,elec_refined liquids (CC CCS),refined liquids (CC CCS),refined liquids (CC CCS) (recirculating),missing,missing,missing,missing,missing,missing,missing,MTC
448,0.0,0.0,0.0,0.0,0.0,0.00133274,0.002657913,0.004274954,0.004795265,innovation-DACHubs,high,EU-12,elec_refined liquids (CC CCS),refined liquids (CC CCS),refined liquids (CC CCS) (seawater),missing,missing,missing,missing,missing,missing,missing,MTC
449,7.01143,8.47756,8.51729,9.30953,10.0475,10.7411,11.5814,12.1317,12.6543,innovation-DACHubs,high,EU-12,industrial feedstocks,refined liquids,refined liquids,missing,missing,missing,missing,missing,missing,missing,MTC
450,0.0,0.0,0.0,0.0,0.0,0.0730079,0.105861,0.11068,0.113411,innovation-DACHubs,high,EU-12,lime,gas (CCS),lime (oxyflash CCS),missing,missing,missing,missing,missing,missing,missing,MTC
451,0.0,0.0,0.0,0.0,0.0,0.0,0.0120654,0.082927,0.1871281,innovation-DACHubs,high,EU-12,refining,coal to liquids,coal to liquids CCS level 1,missing,missing,missing,missing,missing,missing,missing,MTC
452,0.0,0.0,0.0,0.0,0.0,0.0,0.0102438,0.0730278999999999,0.1691799,innovation-DACHubs,high,EU-12,refining,coal to liquids,coal to liquids CCS level 2,missing,missing,missing,missing,missing,missing,missing,MTC
453,0.0,0.0,0.0,0.0,0.0,0.778206,0.818007,0.835374,0.744336,innovation-DACHubs,high,EU-15,DAC,DAC,DAC_solvent (oxy CCS),missing,missing,missing,missing,missing,missing,missing,MTC
454,0.0,0.0,0.0,0.0,0.0,0.296381,0.483097,0.725811,0.998075,innovation-DACHubs,high,EU-15,DAC,DAC,DAC_sorbent (oxy CCS),missing,missing,missing,missing,missing,missing,missing,MTC
455,0.0,0.0,0.0,0.0,0.0,6.48894,6.80502,5.40577,4.52479,innovation-DACHubs,high,EU-15,H2 central production,biomass,biomass to H2 CCS,missing,missing,missing,missing,missing,missing,missing,MTC
456,0.0,0.0,0.0,0.0,0.0,0.18245,1.67537,3.43487,5.13332,innovation-DACHubs,high,EU-15,H2 central production,coal,coal chemical CCS,missing,missing,missing,missing,missing,missing,missing,MTC
457,0.0,0.0,0.0,0.0,0.0,0.178474,0.751626,1.50529,2.3089,innovation-DACHubs,high,EU-15,H2 central production,gas,natural gas steam reforming CCS,missing,missing,missing,missing,missing,missing,missing,MTC
458,0.0,0.0,0.0,0.0,0.0,0.130136,0.345762,0.6100559999999999,0.918398,innovation-DACHubs,high,EU-15,N fertilizer,gas,gas CCS,missing,missing,missing,missing,missing,missing,missing,MTC
459,0.0,0.0,0.0,0.0,0.0,1.45351,2.51188,3.431921,4.660345,innovation-DACHubs,high,EU-15,biorefining,biomass liquids,FT biofuels CCS level 1,missing,missing,missing,missing,missing,missing,missing,MTC
460,0.0,0.0,0.0,0.0,0.0,1.69872,2.90196,3.91562,5.23073,innovation-DACHubs,high,EU-15,biorefining,biomass liquids,FT biofuels CCS level 2,missing,missing,missing,missing,missing,missing,missing,MTC
461,0.0,0.0,0.0,0.0,0.0,0.846997,1.489087,2.069557,2.87887,innovation-DACHubs,high,EU-15,biorefining,biomass liquids,cellulosic ethanol CCS level 1,missing,missing,missing,missing,missing,missing,missing,MTC
462,0.0,0.0,0.0,0.0,0.0,4.434,7.46176,9.92198,13.01511,innovation-DACHubs,high,EU-15,biorefining,biomass liquids,cellulosic ethanol CCS level 2,missing,missing,missing,missing,missing,missing,missing,MTC
463,0.0,0.0,0.0,0.0,0.0,2.11635,6.47463,9.45437,11.6074,innovation-DACHubs,high,EU-15,cement,cement,cement CCS,missing,missing,missing,missing,missing,missing,missing,MTC
464,0.0,0.0,0.0,0.0,0.0,3.3956e-09,0.01059120336726,0.04363930332259,0.06362180324598,innovation-DACHubs,high,EU-15,elec_biomass (IGCC CCS),biomass (IGCC CCS),biomass (IGCC CCS) (dry cooling),missing,missing,missing,missing,missing,missing,missing,MTC
465,0.0,0.0,0.0,0.0,0.0,0.0,0.0108091,0.0748799,0.1253453,innovation-DACHubs,high,EU-15,elec_biomass (IGCC CCS),biomass (IGCC CCS),biomass (IGCC CCS) (once through),missing,missing,missing,missing,missing,missing,missing,MTC
466,0.0,0.0,0.0,0.0,0.0,1.28336,2.70852,4.44209,5.2590650000000005,innovation-DACHubs,high,EU-15,elec_biomass (IGCC CCS),biomass (IGCC CCS),biomass (IGCC CCS) (recirculating),missing,missing,missing,missing,missing,missing,missing,MTC
467,0.0,0.0,0.0,0.0,0.0,0.461209,1.099397,1.777229,2.0867180000000003,innovation-DACHubs,high,EU-15,elec_biomass (IGCC CCS),biomass (IGCC CCS),biomass (IGCC CCS) (seawater),missing,missing,missing,missing,missing,missing,missing,MTC
468,0.0,0.0,0.0,0.0,0.0,0.00957277,0.06979141,0.29122715,0.55319547,innovation-DACHubs,high,EU-15,elec_biomass (conv CCS),biomass (conv CCS),biomass (conv CCS) (dry cooling),missing,missing,missing,missing,missing,missing,missing,MTC
469,0.0,0.0,0.0,0.0,0.0,0.0094897,0.0628159299999999,0.24836754,0.4676099499999999,innovation-DACHubs,high,EU-15,elec_biomass (conv CCS),biomass (conv CCS),biomass (conv CCS) (once through),missing,missing,missing,missing,missing,missing,missing,MTC
470,0.0,0.0,0.0,0.0,0.0,0.0139666,0.1071675,0.4581716999999999,0.8852769,innovation-DACHubs,high,EU-15,elec_biomass (conv CCS),biomass (conv CCS),biomass (conv CCS) (recirculating),missing,missing,missing,missing,missing,missing,missing,MTC
471,0.0,0.0,0.0,0.0,0.0,0.0143287,0.1108791,0.4761366999999999,0.9218977,innovation-DACHubs,high,EU-15,elec_biomass (conv CCS),biomass (conv CCS),biomass (conv CCS) (seawater),missing,missing,missing,missing,missing,missing,missing,MTC
472,0.0,0.0,0.0,0.0,0.0,0.000520324,0.004195931,0.016838116,0.0301326479999999,innovation-DACHubs,high,EU-15,elec_coal (IGCC CCS),coal (IGCC CCS),coal (IGCC CCS) (dry cooling),missing,missing,missing,missing,missing,missing,missing,MTC
473,0.0,0.0,0.0,0.0,0.0,0.00115386,0.0084819,0.03424837,0.06438589,innovation-DACHubs,high,EU-15,elec_coal (IGCC CCS),coal (IGCC CCS),coal (IGCC CCS) (once through),missing,missing,missing,missing,missing,missing,missing,MTC
474,0.0,0.0,0.0,0.0,0.0,0.0277595,0.2268976,0.8632063,1.5048333,innovation-DACHubs,high,EU-15,elec_coal (IGCC CCS),coal (IGCC CCS),coal (IGCC CCS) (recirculating),missing,missing,missing,missing,missing,missing,missing,MTC
475,0.0,0.0,0.0,0.0,0.0,0.0108422,0.0888986,0.3361399,0.5838337,innovation-DACHubs,high,EU-15,elec_coal (IGCC CCS),coal (IGCC CCS),coal (IGCC CCS) (seawater),missing,missing,missing,missing,missing,missing,missing,MTC
476,0.0,0.0,0.0,0.0,0.0,0.00864357,0.06248696,0.21852842,0.36276385,innovation-DACHubs,high,EU-15,elec_coal (conv pul CCS),coal (conv pul CCS),coal (conv pul CCS) (dry cooling),missing,missing,missing,missing,missing,missing,missing,MTC
477,0.0,0.0,0.0,0.0,0.0,0.00566822,0.0375123699999999,0.1320983,0.2290751999999999,innovation-DACHubs,high,EU-15,elec_coal (conv pul CCS),coal (conv pul CCS),coal (conv pul CCS) (once through),missing,missing,missing,missing,missing,missing,missing,MTC
478,0.0,0.0,0.0,0.0,0.0,0.0197619,0.1443405999999999,0.4827889,0.7848170999999999,innovation-DACHubs,high,EU-15,elec_coal (conv pul CCS),coal (conv pul CCS),coal (conv pul CCS) (recirculating),missing,missing,missing,missing,missing,missing,missing,MTC
479,0.0,0.0,0.0,0.0,0.0,0.0217216,0.1593742,0.5298341,0.8577164,innovation-DACHubs,high,EU-15,elec_coal (conv pul CCS),coal (conv pul CCS),coal (conv pul CCS) (seawater),missing,missing,missing,missing,missing,missing,missing,MTC
480,0.0,0.0,0.0,0.0,0.0,0.000680609,0.0031161917999999,0.0088507603,0.0097865765,innovation-DACHubs,high,EU-15,elec_gas (CC CCS),biogas (CC CCS),biogas (CC CCS) (dry cooling),missing,missing,missing,missing,missing,missing,missing,MTC
481,0.0,0.0,0.0,0.0,0.0,0.000720137,0.0033156012,0.009405465,0.0105243722,innovation-DACHubs,high,EU-15,elec_gas (CC CCS),biogas (CC CCS),biogas (CC CCS) (recirculating),missing,missing,missing,missing,missing,missing,missing,MTC
482,0.0,0.0,0.0,0.0,0.0,0.000123438,0.0005686531,0.0016127656,0.00180384857,innovation-DACHubs,high,EU-15,elec_gas (CC CCS),biogas (CC CCS),biogas (CC CCS) (seawater),missing,missing,missing,missing,missing,missing,missing,MTC
483,0.0,0.0,0.0,0.0,0.0,0.000827853,0.0044495279999999,0.015318899,0.026539081,innovation-DACHubs,high,EU-15,elec_gas (CC CCS),gas (CC CCS),gas (CC CCS) (dry cooling),missing,missing,missing,missing,missing,missing,missing,MTC
484,0.0,0.0,0.0,0.0,0.0,0.00938513,0.04968674,0.16967503,0.29537067,innovation-DACHubs,high,EU-15,elec_gas (CC CCS),gas (CC CCS),gas (CC CCS) (once through),missing,missing,missing,missing,missing,missing,missing,MTC
485,0.0,0.0,0.0,0.0,0.0,0.0177463,0.0952962,0.328689,0.5699004999999999,innovation-DACHubs,high,EU-15,elec_gas (CC CCS),gas (CC CCS),gas (CC CCS) (recirculating),missing,missing,missing,missing,missing,missing,missing,MTC
486,0.0,0.0,0.0,0.0,0.0,0.0221292,0.1188711,0.4101894,0.7110456,innovation-DACHubs,high,EU-15,elec_gas (CC CCS),gas (CC CCS),gas (CC CCS) (seawater),missing,missing,missing,missing,missing,missing,missing,MTC
487,0.0,0.0,0.0,0.0,0.0,0.00932223,0.01875632,0.03375153,0.02832234,innovation-DACHubs,high,EU-15,elec_refined liquids (CC CCS),refined liquids (CC CCS),refined liquids (CC CCS) (dry cooling),missing,missing,missing,missing,missing,missing,missing,MTC
488,0.0,0.0,0.0,0.0,0.0,0.081429,0.1600331,0.2841308999999999,0.24039828,innovation-DACHubs,high,EU-15,elec_refined liquids (CC CCS),refined liquids (CC CCS),refined liquids (CC CCS) (once through),missing,missing,missing,missing,missing,missing,missing,MTC
489,0.0,0.0,0.0,0.0,0.0,0.163309,0.3366371,0.612718,0.5399821,innovation-DACHubs,high,EU-15,elec_refined liquids (CC CCS),refined liquids (CC CCS),refined liquids (CC CCS) (recirculating),missing,missing,missing,missing,missing,missing,missing,MTC
490,0.0,0.0,0.0,0.0,0.0,0.199266,0.4110666,0.7484906,0.6600263,innovation-DACHubs,high,EU-15,elec_refined liquids (CC CCS),refined liquids (CC CCS),refined liquids (CC CCS) (seawater),missing,missing,missing,missing,missing,missing,missing,MTC
491,59.0704,72.3803,60.3689,63.1985,66.2586,69.4927,72.6996,75.6937,78.6185,innovation-DACHubs,high,EU-15,industrial feedstocks,refined liquids,refined liquids,missing,missing,missing,missing,missing,missing,missing,MTC
492,0.0,0.0,0.0,0.0,0.0,0.715395,1.07393,1.18667,1.20542,innovation-DACHubs,high,EU-15,lime,gas (CCS),lime (oxyflash CCS),missing,missing,missing,missing,missing,missing,missing,MTC
493,0.0,0.0,0.0,0.0,0.0,0.0,0.0,0.62436,1.630437,innovation-DACHubs,high,EU-15,refining,coal to liquids,coal to liquids CCS level 1,missing,missing,missing,missing,missing,missing,missing,MTC
494,0.0,0.0,0.0,0.0,0.0,0.0,0.0,0.586767,1.559625,innovation-DACHubs,high,EU-15,refining,coal to liquids,coal to liquids CCS level 2,missing,missing,missing,missing,missing,missing,missing,MTC
495,0.0,0.0,0.0,0.0,0.0,0.0115827,0.0116574,0.0130413,0.0132224,innovation-DACHubs,high,Europe_Eastern,DAC,DAC,DAC_solvent (oxy CCS),missing,missing,missing,missing,missing,missing,missing,MTC
496,0.0,0.0,0.0,0.0,0.0,0.004916,0.00815367,0.0137093,0.0215024,innovation-DACHubs,high,Europe_Eastern,DAC,DAC,DAC_sorbent (oxy CCS),missing,missing,missing,missing,missing,missing,missing,MTC
497,0.0,0.0,0.0,0.0,0.0,0.0250808,0.0254058,0.0220362,0.0192513,innovation-DACHubs,high,Europe_Eastern,H2 central production,biomass,biomass to H2 CCS,missing,missing,missing,missing,missing,missing,missing,MTC
498,0.0,0.0,0.0,0.0,0.0,0.0010388,0.00858158,0.0187333,0.0297264,innovation-DACHubs,high,Europe_Eastern,H2 central production,coal,coal chemical CCS,missing,missing,missing,missing,missing,missing,missing,MTC
499,0.0,0.0,0.0,0.0,0.0,0.000815134,0.00344423,0.00757845,0.01207,innovation-DACHubs,high,Europe_Eastern,H2 central production,gas,natural gas steam reforming CCS,missing,missing,missing,missing,missing,missing,missing,MTC
500,0.0,0.0,0.0,0.0,0.0,0.0625701,0.161332,0.2700583,0.3819235,innovation-DACHubs,high,Europe_Eastern,N fertilizer,gas,gas CCS,missing,missing,missing,missing,missing,missing,missing,MTC
501,0.0,0.0,0.0,0.0,0.0,0.0405361,0.0875099,0.129928,0.1878484,innovation-DACHubs,high,Europe_Eastern,biorefining,biomass liquids,FT biofuels CCS level 1,missing,missing,missing,missing,missing,missing,missing,MTC
502,0.0,0.0,0.0,0.0,0.0,0.0475658,0.1007544,0.1473230999999999,0.2092207999999999,innovation-DACHubs,high,Europe_Eastern,biorefining,biomass liquids,FT biofuels CCS level 2,missing,missing,missing,missing,missing,missing,missing,MTC
503,0.0,0.0,0.0,0.0,0.0,0.0229279,0.0511593,0.0774838,0.1147044,innovation-DACHubs,high,Europe_Eastern,biorefining,biomass liquids,cellulosic ethanol CCS level 1,missing,missing,missing,missing,missing,missing,missing,MTC
504,0.0,0.0,0.0,0.0,0.0,0.1246,0.258404,0.371379,0.517004,innovation-DACHubs,high,Europe_Eastern,biorefining,biomass liquids,cellulosic ethanol CCS level 2,missing,missing,missing,missing,missing,missing,missing,MTC
505,0.0,0.0,0.0,0.0,0.0,0.183892,0.551216,0.861391,1.09801,innovation-DACHubs,high,Europe_Eastern,cement,cement,cement CCS,missing,missing,missing,missing,missing,missing,missing,MTC
506,0.0,0.0,0.0,0.0,0.0,0.00702073,0.01741606,0.02665199,0.03333771,innovation-DACHubs,high,Europe_Eastern,elec_biomass (IGCC CCS),biomass (IGCC CCS),biomass (IGCC CCS) (once through),missing,missing,missing,missing,missing,missing,missing,MTC
507,0.0,0.0,0.0,0.0,0.0,0.0702073,0.1904335999999999,0.2785956,0.3431299,innovation-DACHubs,high,Europe_Eastern,elec_biomass (IGCC CCS),biomass (IGCC CCS),biomass (IGCC CCS) (recirculating),missing,missing,missing,missing,missing,missing,missing,MTC
508,0.0,0.0,0.0,0.0,0.0,0.000780081,0.002298198,0.003333601,0.004078212,innovation-DACHubs,high,Europe_Eastern,elec_biomass (IGCC CCS),biomass (IGCC CCS),biomass (IGCC CCS) (seawater),missing,missing,missing,missing,missing,missing,missing,MTC
509,0.0,0.0,0.0,0.0,0.0,0.000426489,0.004143951,0.012154816,0.026203872,innovation-DACHubs,high,Europe_Eastern,elec_biomass (conv CCS),biomass (conv CCS),biomass (conv CCS) (dry cooling),missing,missing,missing,missing,missing,missing,missing,MTC
510,0.0,0.0,0.0,0.0,0.0,0.00058154,0.006169889,0.019109271,0.042308059,innovation-DACHubs,high,Europe_Eastern,elec_biomass (conv CCS),biomass (conv CCS),biomass (conv CCS) (once through),missing,missing,missing,missing,missing,missing,missing,MTC
511,0.0,0.0,0.0,0.0,0.0,0.000626105,0.006369083,0.019099957,0.04190738,innovation-DACHubs,high,Europe_Eastern,elec_biomass (conv CCS),biomass (conv CCS),biomass (conv CCS) (recirculating),missing,missing,missing,missing,missing,missing,missing,MTC
512,0.0,0.0,0.0,0.0,0.0,0.000637038,0.0064972339999999,0.019500236,0.042843645,innovation-DACHubs,high,Europe_Eastern,elec_biomass (conv CCS),biomass (conv CCS),biomass (conv CCS) (seawater),missing,missing,missing,missing,missing,missing,missing,MTC
513,0.0,0.0,0.0,0.0,0.0,0.000271081,0.003171711,0.009117545,0.017425346,innovation-DACHubs,high,Europe_Eastern,elec_coal (IGCC CCS),coal (IGCC CCS),coal (IGCC CCS) (once through),missing,missing,missing,missing,missing,missing,missing,MTC
514,0.0,0.0,0.0,0.0,0.0,0.00381295,0.03554083,0.09210248,0.17115992,innovation-DACHubs,high,Europe_Eastern,elec_coal (IGCC CCS),coal (IGCC CCS),coal (IGCC CCS) (recirculating),missing,missing,missing,missing,missing,missing,missing,MTC
515,0.0,0.0,0.0,0.0,0.0,4.62274e-05,0.0004274479,0.0010990269,0.0020358657,innovation-DACHubs,high,Europe_Eastern,elec_coal (IGCC CCS),coal (IGCC CCS),coal (IGCC CCS) (seawater),missing,missing,missing,missing,missing,missing,missing,MTC
516,0.0,0.0,0.0,0.0,0.0,0.000717591,0.005879618,0.014354274,0.0252724,innovation-DACHubs,high,Europe_Eastern,elec_coal (conv pul CCS),coal (conv pul CCS),coal (conv pul CCS) (dry cooling),missing,missing,missing,missing,missing,missing,missing,MTC
517,0.0,0.0,0.0,0.0,0.0,0.00143463,0.01389652,0.03520675,0.06216845,innovation-DACHubs,high,Europe_Eastern,elec_coal (conv pul CCS),coal (conv pul CCS),coal (conv pul CCS) (once through),missing,missing,missing,missing,missing,missing,missing,MTC
518,0.0,0.0,0.0,0.0,0.0,0.00198288,0.01558075,0.0359717,0.06177573,innovation-DACHubs,high,Europe_Eastern,elec_coal (conv pul CCS),coal (conv pul CCS),coal (conv pul CCS) (recirculating),missing,missing,missing,missing,missing,missing,missing,MTC
519,0.0,0.0,0.0,0.0,0.0,0.00215587,0.01677113,0.03841585,0.0657589599999999,innovation-DACHubs,high,Europe_Eastern,elec_coal (conv pul CCS),coal (conv pul CCS),coal (conv pul CCS) (seawater),missing,missing,missing,missing,missing,missing,missing,MTC
520,0.0,0.0,0.0,0.0,0.0,0.00114646,0.0036749124,0.0038063065,0.0037077689,innovation-DACHubs,high,Europe_Eastern,elec_gas (CC CCS),biogas (CC CCS),biogas (CC CCS) (dry cooling),missing,missing,missing,missing,missing,missing,missing,MTC
521,0.0,0.0,0.0,0.0,0.0,0.00119528,0.003852954,0.0040393953,0.0039724345,innovation-DACHubs,high,Europe_Eastern,elec_gas (CC CCS),biogas (CC CCS),biogas (CC CCS) (recirculating),missing,missing,missing,missing,missing,missing,missing,MTC
522,0.0,0.0,0.0,0.0,0.0,0.000203636,0.0006559306,0.0006871787,0.0006756595000000001,innovation-DACHubs,high,Europe_Eastern,elec_gas (CC CCS),biogas (CC CCS),biogas (CC CCS) (seawater),missing,missing,missing,missing,missing,missing,missing,MTC
523,0.0,0.0,0.0,0.0,0.0,0.00871622,0.03477665,0.06237413,0.0881356899999999,innovation-DACHubs,high,Europe_Eastern,elec_gas (CC CCS),gas (CC CCS),gas (CC CCS) (once through),missing,missing,missing,missing,missing,missing,missing,MTC
524,0.0,0.0,0.0,0.0,0.0,0.0890832,0.3477173,0.6166126000000001,0.8676680999999999,innovation-DACHubs,high,Europe_Eastern,elec_gas (CC CCS),gas (CC CCS),gas (CC CCS) (recirculating),missing,missing,missing,missing,missing,missing,missing,MTC
525,0.0,0.0,0.0,0.0,0.0,0.00102001,0.0039763,0.00704891,0.0099172,innovation-DACHubs,high,Europe_Eastern,elec_gas (CC CCS),gas (CC CCS),gas (CC CCS) (seawater),missing,missing,missing,missing,missing,missing,missing,MTC
526,0.0,0.0,0.0,0.0,0.0,0.00175163,0.005697315,0.008809417,0.011634834,innovation-DACHubs,high,Europe_Eastern,elec_refined liquids (CC CCS),refined liquids (CC CCS),refined liquids (CC CCS) (once through),missing,missing,missing,missing,missing,missing,missing,MTC
527,0.0,0.0,0.0,0.0,0.0,0.018613,0.0585566999999999,0.088723,0.1166466,innovation-DACHubs,high,Europe_Eastern,elec_refined liquids (CC CCS),refined liquids (CC CCS),refined liquids (CC CCS) (recirculating),missing,missing,missing,missing,missing,missing,missing,MTC
528,0.0,0.0,0.0,0.0,0.0,0.000209934,0.000660308,0.001000474,0.001315569,innovation-DACHubs,high,Europe_Eastern,elec_refined liquids (CC CCS),refined liquids (CC CCS),refined liquids (CC CCS) (seawater),missing,missing,missing,missing,missing,missing,missing,MTC
529,11.4331,3.18665,2.14297,2.46951,2.81289,3.17444,3.78602,4.23763,4.67675,innovation-DACHubs,high,Europe_Eastern,industrial feedstocks,refined liquids,refined liquids,missing,missing,missing,missing,missing,missing,missing,MTC
530,0.0,0.0,0.0,0.0,0.0,0.0107195,0.0163106,0.0199754,0.0231573,innovation-DACHubs,high,Europe_Eastern,lime,gas (CCS),lime (oxyflash CCS),missing,missing,missing,missing,missing,missing,missing,MTC
531,0.0,0.0,0.0,0.0,0.0,0.00113047,0.00658745,0.01569727,0.0277348899999999,innovation-DACHubs,high,Europe_Eastern,refining,coal to liquids,coal to liquids CCS level 1,missing,missing,missing,missing,missing,missing,missing,MTC
532,0.0,0.0,0.0,0.0,0.0,0.000957875,0.005941873,0.0146200119999999,0.026518673,innovation-DACHubs,high,Europe_Eastern,refining,coal to liquids,coal to liquids CCS level 2,missing,missing,missing,missing,missing,missing,missing,MTC
533,0.0,0.0,0.0,0.0,0.0,0.0799476,0.0754845,0.0678963,0.0590393,innovation-DACHubs,high,Europe_Non_EU,DAC,DAC,DAC_solvent (oxy CCS),missing,missing,missing,missing,missing,missing,missing,MTC
534,0.0,0.0,0.0,0.0,0.0,0.0304851,0.047334,0.0662353,0.0909776,innovation-DACHubs,high,Europe_Non_EU,DAC,DAC,DAC_sorbent (oxy CCS),missing,missing,missing,missing,missing,missing,missing,MTC
535,0.0,0.0,0.0,0.0,0.0,0.805324,0.981147,0.898106,0.826306,innovation-DACHubs,high,Europe_Non_EU,H2 central production,biomass,biomass to H2 CCS,missing,missing,missing,missing,missing,missing,missing,MTC
536,0.0,0.0,0.0,0.0,0.0,0.0268483,0.285287,0.65466,1.07192,innovation-DACHubs,high,Europe_Non_EU,H2 central production,coal,coal chemical CCS,missing,missing,missing,missing,missing,missing,missing,MTC
537,0.0,0.0,0.0,0.0,0.0,0.0268052,0.130931,0.300223,0.500794,innovation-DACHubs,high,Europe_Non_EU,H2 central production,gas,natural gas steam reforming CCS,missing,missing,missing,missing,missing,missing,missing,MTC
538,0.0,0.0,0.0,0.0,0.0,0.0275567,0.0747451,0.1324035,0.1994296,innovation-DACHubs,high,Europe_Non_EU,N fertilizer,gas,gas CCS,missing,missing,missing,missing,missing,missing,missing,MTC
539,0.0,0.0,0.0,0.0,0.0,0.208862,0.388018,0.54527,0.732622,innovation-DACHubs,high,Europe_Non_EU,biorefining,biomass liquids,FT biofuels CCS level 1,missing,missing,missing,missing,missing,missing,missing,MTC
540,0.0,0.0,0.0,0.0,0.0,0.242923,0.445391,0.61747,0.8166289999999999,innovation-DACHubs,high,Europe_Non_EU,biorefining,biomass liquids,FT biofuels CCS level 2,missing,missing,missing,missing,missing,missing,missing,MTC
541,0.0,0.0,0.0,0.0,0.0,0.121292,0.229387,0.3278381,0.4500819,innovation-DACHubs,high,Europe_Non_EU,biorefining,biomass liquids,cellulosic ethanol CCS level 1,missing,missing,missing,missing,missing,missing,missing,MTC
542,0.0,0.0,0.0,0.0,0.0,0.633161,1.141452,1.557877,2.024837,innovation-DACHubs,high,Europe_Non_EU,biorefining,biomass liquids,cellulosic ethanol CCS level 2,missing,missing,missing,missing,missing,missing,missing,MTC
543,0.0,0.0,0.0,0.0,0.0,0.736574,2.19909,3.17709,3.86821,innovation-DACHubs,high,Europe_Non_EU,cement,cement,cement CCS,missing,missing,missing,missing,missing,missing,missing,MTC
544,0.0,0.0,0.0,0.0,0.0,0.0,0.000907946,0.002881175,0.004574499,innovation-DACHubs,high,Europe_Non_EU,elec_biomass (IGCC CCS),biomass (IGCC CCS),biomass (IGCC CCS) (dry cooling),missing,missing,missing,missing,missing,missing,missing,MTC
545,0.0,0.0,0.0,0.0,0.0,0.0,2.22433e-05,0.000232437,0.0004898918,innovation-DACHubs,high,Europe_Non_EU,elec_biomass (IGCC CCS),biomass (IGCC CCS),biomass (IGCC CCS) (once through),missing,missing,missing,missing,missing,missing,missing,MTC
546,0.0,0.0,0.0,0.0,0.0,1.30196e-06,0.07475588859,0.16578437478,0.23224105324,innovation-DACHubs,high,Europe_Non_EU,elec_biomass (IGCC CCS),biomass (IGCC CCS),biomass (IGCC CCS) (recirculating),missing,missing,missing,missing,missing,missing,missing,MTC
547,0.0,0.0,0.0,0.0,0.0,0.111651,0.1458161,0.1820782999999999,0.2066994,innovation-DACHubs,high,Europe_Non_EU,elec_biomass (IGCC CCS),biomass (IGCC CCS),biomass (IGCC CCS) (seawater),missing,missing,missing,missing,missing,missing,missing,MTC
548,0.0,0.0,0.0,0.0,0.0,0.000669798,0.004256448,0.017209043,0.039714672,innovation-DACHubs,high,Europe_Non_EU,elec_biomass (conv CCS),biomass (conv CCS),biomass (conv CCS) (dry cooling),missing,missing,missing,missing,missing,missing,missing,MTC
549,0.0,0.0,0.0,0.0,0.0,0.000248404,0.0009111062,0.002605742,0.004245923,innovation-DACHubs,high,Europe_Non_EU,elec_biomass (conv CCS),biomass (conv CCS),biomass (conv CCS) (once through),missing,missing,missing,missing,missing,missing,missing,MTC
550,0.0,0.0,0.0,0.0,0.0,0.000948799,0.006249075,0.025527173,0.059312115,innovation-DACHubs,high,Europe_Non_EU,elec_biomass (conv CCS),biomass (conv CCS),biomass (conv CCS) (recirculating),missing,missing,missing,missing,missing,missing,missing,MTC
551,0.0,0.0,0.0,0.0,0.0,0.00100115,0.006741686,0.0279225499999999,0.06568619,innovation-DACHubs,high,Europe_Non_EU,elec_biomass (conv CCS),biomass (conv CCS),biomass (conv CCS) (seawater),missing,missing,missing,missing,missing,missing,missing,MTC
552,0.0,0.0,0.0,0.0,0.0,0.000240418,0.001446658,0.005038609,0.00997081,innovation-DACHubs,high,Europe_Non_EU,elec_coal (IGCC CCS),coal (IGCC CCS),coal (IGCC CCS) (dry cooling),missing,missing,missing,missing,missing,missing,missing,MTC
553,0.0,0.0,0.0,0.0,0.0,4.20054e-05,0.0001651119,0.0005157407,0.0009016315,innovation-DACHubs,high,Europe_Non_EU,elec_coal (IGCC CCS),coal (IGCC CCS),coal (IGCC CCS) (once through),missing,missing,missing,missing,missing,missing,missing,MTC
554,0.0,0.0,0.0,0.0,0.0,0.0119875,0.0735651,0.2430138,0.4672374,innovation-DACHubs,high,Europe_Non_EU,elec_coal (IGCC CCS),coal (IGCC CCS),coal (IGCC CCS) (recirculating),missing,missing,missing,missing,missing,missing,missing,MTC
555,0.0,0.0,0.0,0.0,0.0,0.0049097,0.0306022899999999,0.10067638,0.19348044,innovation-DACHubs,high,Europe_Non_EU,elec_coal (IGCC CCS),coal (IGCC CCS),coal (IGCC CCS) (seawater),missing,missing,missing,missing,missing,missing,missing,MTC
556,0.0,0.0,0.0,0.0,0.0,0.00427233,0.023419,0.07153687,0.13065753,innovation-DACHubs,high,Europe_Non_EU,elec_coal (conv pul CCS),coal (conv pul CCS),coal (conv pul CCS) (dry cooling),missing,missing,missing,missing,missing,missing,missing,MTC
557,0.0,0.0,0.0,0.0,0.0,0.000239331,0.000867065,0.002371471,0.003806551,innovation-DACHubs,high,Europe_Non_EU,elec_coal (conv pul CCS),coal (conv pul CCS),coal (conv pul CCS) (once through),missing,missing,missing,missing,missing,missing,missing,MTC
558,0.0,0.0,0.0,0.0,0.0,0.00871775,0.04801493,0.1401020499999999,0.24908592,innovation-DACHubs,high,Europe_Non_EU,elec_coal (conv pul CCS),coal (conv pul CCS),coal (conv pul CCS) (recirculating),missing,missing,missing,missing,missing,missing,missing,MTC
559,0.0,0.0,0.0,0.0,0.0,0.010538,0.0596007999999999,0.1735373,0.3090751,innovation-DACHubs,high,Europe_Non_EU,elec_coal (conv pul CCS),coal (conv pul CCS),coal (conv pul CCS) (seawater),missing,missing,missing,missing,missing,missing,missing,MTC
560,0.0,0.0,0.0,0.0,0.0,0.000323139,0.0010049933,0.0023251927,0.0030953666,innovation-DACHubs,high,Europe_Non_EU,elec_gas (CC CCS),biogas (CC CCS),biogas (CC CCS) (dry cooling),missing,missing,missing,missing,missing,missing,missing,MTC
561,0.0,0.0,0.0,0.0,0.0,0.000336045,0.0010485026,0.002422876,0.0032512386,innovation-DACHubs,high,Europe_Non_EU,elec_gas (CC CCS),biogas (CC CCS),biogas (CC CCS) (recirculating),missing,missing,missing,missing,missing,missing,missing,MTC
562,0.0,0.0,0.0,0.0,0.0,5.85172e-05,0.00018325807,0.00042443517,0.00057131493,innovation-DACHubs,high,Europe_Non_EU,elec_gas (CC CCS),biogas (CC CCS),biogas (CC CCS) (seawater),missing,missing,missing,missing,missing,missing,missing,MTC
563,0.0,0.0,0.0,0.0,0.0,0.000432645,0.001731215,0.004935411,0.009025002,innovation-DACHubs,high,Europe_Non_EU,elec_gas (CC CCS),gas (CC CCS),gas (CC CCS) (dry cooling),missing,missing,missing,missing,missing,missing,missing,MTC
564,0.0,0.0,0.0,0.0,0.0,0.00259209,0.0093780099999999,0.0243649199999999,0.04131119,innovation-DACHubs,high,Europe_Non_EU,elec_gas (CC CCS),gas (CC CCS),gas (CC CCS) (once through),missing,missing,missing,missing,missing,missing,missing,MTC
565,0.0,0.0,0.0,0.0,0.0,0.0091109,0.03635083,0.10348165,0.188746,innovation-DACHubs,high,Europe_Non_EU,elec_gas (CC CCS),gas (CC CCS),gas (CC CCS) (recirculating),missing,missing,missing,missing,missing,missing,missing,MTC
566,0.0,0.0,0.0,0.0,0.0,0.011606,0.0464626999999999,0.1327426,0.2427538,innovation-DACHubs,high,Europe_Non_EU,elec_gas (CC CCS),gas (CC CCS),gas (CC CCS) (seawater),missing,missing,missing,missing,missing,missing,missing,MTC
567,0.0,0.0,0.0,0.0,0.0,0.000612681,0.0009316801,0.001569614,0.001773522,innovation-DACHubs,high,Europe_Non_EU,elec_refined liquids (CC CCS),refined liquids (CC CCS),refined liquids (CC CCS) (dry cooling),missing,missing,missing,missing,missing,missing,missing,MTC
568,0.0,0.0,0.0,0.0,0.0,0.00261044,0.0032142159999999,0.004502724,0.003905126,innovation-DACHubs,high,Europe_Non_EU,elec_refined liquids (CC CCS),refined liquids (CC CCS),refined liquids (CC CCS) (once through),missing,missing,missing,missing,missing,missing,missing,MTC
569,0.0,0.0,0.0,0.0,0.0,0.0106611,0.01665988,0.02860695,0.0335363999999999,innovation-DACHubs,high,Europe_Non_EU,elec_refined liquids (CC CCS),refined liquids (CC CCS),refined liquids (CC CCS) (recirculating),missing,missing,missing,missing,missing,missing,missing,MTC
570,0.0,0.0,0.0,0.0,0.0,0.0131351,0.02060931,0.03550783,0.0418228499999999,innovation-DACHubs,high,Europe_Non_EU,elec_refined liquids (CC CCS),refined liquids (CC CCS),refined liquids (CC CCS) (seawater),missing,missing,missing,missing,missing,missing,missing,MTC
571,3.16102,3.77577,6.96974,8.14342,9.39942,10.6601,11.649,12.6778,13.6875,innovation-DACHubs,high,Europe_Non_EU,industrial feedstocks,refined liquids,refined liquids,missing,missing,missing,missing,missing,missing,missing,MTC
572,0.0,0.0,0.0,0.0,0.0,0.0750346,0.103684,0.103577,0.103857,innovation-DACHubs,high,Europe_Non_EU,lime,gas (CCS),lime (oxyflash CCS),missing,missing,missing,missing,missing,missing,missing,MTC
573,0.0,0.0,0.0,0.0,0.0,0.00556526,0.0414026699999999,0.12727215,0.24539929,innovation-DACHubs,high,Europe_Non_EU,refining,coal to liquids,coal to liquids CCS level 1,missing,missing,missing,missing,missing,missing,missing,MTC
574,0.0,0.0,0.0,0.0,0.0,0.00456476,0.03679223,0.11707834,0.23093363,innovation-DACHubs,high,Europe_Non_EU,refining,coal to liquids,coal to liquids CCS level 2,missing,missing,missing,missing,missing,missing,missing,MTC
575,0.0,0.0,0.0,0.0,0.0,0.0711424,0.0928647,0.107832,0.103729,innovation-DACHubs,high,European Free Trade Association,DAC,DAC,DAC_solvent (oxy CCS),missing,missing,missing,missing,missing,missing,missing,MTC
576,0.0,0.0,0.0,0.0,0.0,0.0259089,0.05122,0.0877449,0.12778,innovation-DACHubs,high,European Free Trade Association,DAC,DAC,DAC_sorbent (oxy CCS),missing,missing,missing,missing,missing,missing,missing,MTC
577,0.0,0.0,0.0,0.0,0.0,1.0102,0.917362,0.735877,0.598852,innovation-DACHubs,high,European Free Trade Association,H2 central production,biomass,biomass to H2 CCS,missing,missing,missing,missing,missing,missing,missing,MTC
578,0.0,0.0,0.0,0.0,0.0,0.015582,0.127533,0.254544,0.384066,innovation-DACHubs,high,European Free Trade Association,H2 central production,coal,coal chemical CCS,missing,missing,missing,missing,missing,missing,missing,MTC
579,0.0,0.0,0.0,0.0,0.0,0.015615,0.0569517,0.112546,0.165657,innovation-DACHubs,high,European Free Trade Association,H2 central production,gas,natural gas steam reforming CCS,missing,missing,missing,missing,missing,missing,missing,MTC
580,0.0,0.0,0.0,0.0,0.0,0.0104798,0.0282253999999999,0.0494413999999999,0.0723409,innovation-DACHubs,high,European Free Trade Association,N fertilizer,gas,gas CCS,missing,missing,missing,missing,missing,missing,missing,MTC
581,0.0,0.0,0.0,0.0,0.0,0.0683426,0.113064,0.1596665,0.2184971,innovation-DACHubs,high,European Free Trade Association,biorefining,biomass liquids,FT biofuels CCS level 1,missing,missing,missing,missing,missing,missing,missing,MTC
582,0.0,0.0,0.0,0.0,0.0,0.0808997,0.132517,0.1848553,0.2492805,innovation-DACHubs,high,European Free Trade Association,biorefining,biomass liquids,FT biofuels CCS level 2,missing,missing,missing,missing,missing,missing,missing,MTC
583,0.0,0.0,0.0,0.0,0.0,0.0400732,0.0673535,0.096871,0.1356391,innovation-DACHubs,high,European Free Trade Association,biorefining,biomass liquids,cellulosic ethanol CCS level 1,missing,missing,missing,missing,missing,missing,missing,MTC
584,0.0,0.0,0.0,0.0,0.0,0.212196,0.34289,0.470997,0.624039,innovation-DACHubs,high,European Free Trade Association,biorefining,biomass liquids,cellulosic ethanol CCS level 2,missing,missing,missing,missing,missing,missing,missing,MTC
585,0.0,0.0,0.0,0.0,0.0,0.0720864,0.234627,0.359443,0.457837,innovation-DACHubs,high,European Free Trade Association,cement,cement,cement CCS,missing,missing,missing,missing,missing,missing,missing,MTC
586,0.0,0.0,0.0,0.0,0.0,0.00408542,0.00406458,0.004657408,0.005712866,innovation-DACHubs,high,European Free Trade Association,elec_biomass (IGCC CCS),biomass (IGCC CCS),biomass (IGCC CCS) (dry cooling),missing,missing,missing,missing,missing,missing,missing,MTC
587,0.0,0.0,0.0,0.0,0.0,0.0129372,0.0526327999999999,0.06203226,0.071602,innovation-DACHubs,high,European Free Trade Association,elec_biomass (IGCC CCS),biomass (IGCC CCS),biomass (IGCC CCS) (once through),missing,missing,missing,missing,missing,missing,missing,MTC
588,0.0,0.0,0.0,0.0,0.0,0.0827979,0.08244880873,0.13929424293,0.19937437849,innovation-DACHubs,high,European Free Trade Association,elec_biomass (IGCC CCS),biomass (IGCC CCS),biomass (IGCC CCS) (recirculating),missing,missing,missing,missing,missing,missing,missing,MTC
589,0.0,0.0,0.0,0.0,0.0,0.0297555,0.1210562,0.1433707,0.1657488,innovation-DACHubs,high,European Free Trade Association,elec_biomass (IGCC CCS),biomass (IGCC CCS),biomass (IGCC CCS) (seawater),missing,missing,missing,missing,missing,missing,missing,MTC
590,0.0,0.0,0.0,0.0,0.0,0.000631418,0.004066768,0.01158557,0.0308360479999999,innovation-DACHubs,high,European Free Trade Association,elec_biomass (conv CCS),biomass (conv CCS),biomass (conv CCS) (dry cooling),missing,missing,missing,missing,missing,missing,missing,MTC
591,0.0,0.0,0.0,0.0,0.0,0.00095979,0.006661962,0.019801047,0.055307876,innovation-DACHubs,high,European Free Trade Association,elec_biomass (conv CCS),biomass (conv CCS),biomass (conv CCS) (once through),missing,missing,missing,missing,missing,missing,missing,MTC
592,0.0,0.0,0.0,0.0,0.0,0.000948588,0.006555806,0.019432004,0.054092043,innovation-DACHubs,high,European Free Trade Association,elec_biomass (conv CCS),biomass (conv CCS),biomass (conv CCS) (recirculating),missing,missing,missing,missing,missing,missing,missing,MTC
593,0.0,0.0,0.0,0.0,0.0,0.000964866,0.00670783,0.019952892,0.055770123,innovation-DACHubs,high,European Free Trade Association,elec_biomass (conv CCS),biomass (conv CCS),biomass (conv CCS) (seawater),missing,missing,missing,missing,missing,missing,missing,MTC
594,0.0,0.0,0.0,0.0,0.0,2.37407e-06,1.678696e-05,4.731805e-05,0.00011976491,innovation-DACHubs,high,European Free Trade Association,elec_coal (IGCC CCS),coal (IGCC CCS),coal (IGCC CCS) (dry cooling),missing,missing,missing,missing,missing,missing,missing,MTC
595,0.0,0.0,0.0,0.0,0.0,1.96155e-05,0.0001424745,0.0003815438,0.0009371864,innovation-DACHubs,high,European Free Trade Association,elec_coal (IGCC CCS),coal (IGCC CCS),coal (IGCC CCS) (once through),missing,missing,missing,missing,missing,missing,missing,MTC
596,0.0,0.0,0.0,0.0,0.0,0.00012036,0.000872138,0.002342267,0.005761178,innovation-DACHubs,high,European Free Trade Association,elec_coal (IGCC CCS),coal (IGCC CCS),coal (IGCC CCS) (recirculating),missing,missing,missing,missing,missing,missing,missing,MTC
597,0.0,0.0,0.0,0.0,0.0,4.58506e-05,0.00033301010000000005,0.0008903231,0.0021839503,innovation-DACHubs,high,European Free Trade Association,elec_coal (IGCC CCS),coal (IGCC CCS),coal (IGCC CCS) (seawater),missing,missing,missing,missing,missing,missing,missing,MTC
598,0.0,0.0,0.0,0.0,0.0,3.39845e-05,0.0002161124,0.0005435846,0.0012464182,innovation-DACHubs,high,European Free Trade Association,elec_coal (conv pul CCS),coal (conv pul CCS),coal (conv pul CCS) (dry cooling),missing,missing,missing,missing,missing,missing,missing,MTC
599,0.0,0.0,0.0,0.0,0.0,7.85004e-05,0.0005112656,0.001232352,0.0027519656,innovation-DACHubs,high,European Free Trade Association,elec_coal (conv pul CCS),coal (conv pul CCS),coal (conv pul CCS) (once through),missing,missing,missing,missing,missing,missing,missing,MTC
600,0.0,0.0,0.0,0.0,0.0,7.56463e-05,0.0004916505999999999,0.0011877824,0.0026554903,innovation-DACHubs,high,European Free Trade Association,elec_coal (conv pul CCS),coal (conv pul CCS),coal (conv pul CCS) (recirculating),missing,missing,missing,missing,missing,missing,missing,MTC
601,0.0,0.0,0.0,0.0,0.0,7.97122e-05,0.0005191315,0.0012494938,0.0027867979,innovation-DACHubs,high,European Free Trade Association,elec_coal (conv pul CCS),coal (conv pul CCS),coal (conv pul CCS) (seawater),missing,missing,missing,missing,missing,missing,missing,MTC
602,0.0,0.0,0.0,0.0,0.0,8.50437e-05,0.00023108547,0.00030697449,0.0005445877299999999,innovation-DACHubs,high,European Free Trade Association,elec_gas (CC CCS),biogas (CC CCS),biogas (CC CCS) (dry cooling),missing,missing,missing,missing,missing,missing,missing,MTC
603,0.0,0.0,0.0,0.0,0.0,9.16067e-05,0.0002515166,0.00033770186,0.00059801482,innovation-DACHubs,high,European Free Trade Association,elec_gas (CC CCS),biogas (CC CCS),biogas (CC CCS) (recirculating),missing,missing,missing,missing,missing,missing,missing,MTC
604,0.0,0.0,0.0,0.0,0.0,1.56315e-05,4.292615e-05,5.762449e-05,0.00010203146,innovation-DACHubs,high,European Free Trade Association,elec_gas (CC CCS),biogas (CC CCS),biogas (CC CCS) (seawater),missing,missing,missing,missing,missing,missing,missing,MTC
605,0.0,0.0,0.0,0.0,0.0,8.60607e-05,0.0002912571,0.0005544300000000001,0.0010142586,innovation-DACHubs,high,European Free Trade Association,elec_gas (CC CCS),gas (CC CCS),gas (CC CCS) (dry cooling),missing,missing,missing,missing,missing,missing,missing,MTC
606,0.0,0.0,0.0,0.0,0.0,0.00123403,0.00416336,0.00793525,0.01449647,innovation-DACHubs,high,European Free Trade Association,elec_gas (CC CCS),gas (CC CCS),gas (CC CCS) (once through),missing,missing,missing,missing,missing,missing,missing,MTC
607,0.0,0.0,0.0,0.0,0.0,0.00184996,0.00624354,0.01189992,0.02174122,innovation-DACHubs,high,European Free Trade Association,elec_gas (CC CCS),gas (CC CCS),gas (CC CCS) (recirculating),missing,missing,missing,missing,missing,missing,missing,MTC
608,0.0,0.0,0.0,0.0,0.0,0.00228936,0.0077229199999999,0.01471873,0.02688563,innovation-DACHubs,high,European Free Trade Association,elec_gas (CC CCS),gas (CC CCS),gas (CC CCS) (seawater),missing,missing,missing,missing,missing,missing,missing,MTC
609,0.0,0.0,0.0,0.0,0.0,2.25847e-05,3.480552e-05,3.500022e-05,4.441927e-05,innovation-DACHubs,high,European Free Trade Association,elec_refined liquids (CC CCS),refined liquids (CC CCS),refined liquids (CC CCS) (dry cooling),missing,missing,missing,missing,missing,missing,missing,MTC
610,0.0,0.0,0.0,0.0,0.0,0.000259807,0.0004093301,0.000422678,0.000536517,innovation-DACHubs,high,European Free Trade Association,elec_refined liquids (CC CCS),refined liquids (CC CCS),refined liquids (CC CCS) (once through),missing,missing,missing,missing,missing,missing,missing,MTC
611,0.0,0.0,0.0,0.0,0.0,0.000396534,0.0006248191999999999,0.0006453549,0.0008191087,innovation-DACHubs,high,European Free Trade Association,elec_refined liquids (CC CCS),refined liquids (CC CCS),refined liquids (CC CCS) (recirculating),missing,missing,missing,missing,missing,missing,missing,MTC
612,0.0,0.0,0.0,0.0,0.0,0.000482214,0.0007598439,0.0007847589,0.0009958998,innovation-DACHubs,high,European Free Trade Association,elec_refined liquids (CC CCS),refined liquids (CC CCS),refined liquids (CC CCS) (seawater),missing,missing,missing,missing,missing,missing,missing,MTC
613,1.96458,1.85548,2.15108,2.41798,2.70185,2.9995,3.34141,3.6621,3.99733,innovation-DACHubs,high,European Free Trade Association,industrial feedstocks,refined liquids,refined liquids,missing,missing,missing,missing,missing,missing,missing,MTC
614,0.0,0.0,0.0,0.0,0.0,0.0630363,0.116334,0.146548,0.158987,innovation-DACHubs,high,European Free Trade Association,lime,gas (CCS),lime (oxyflash CCS),missing,missing,missing,missing,missing,missing,missing,MTC
615,0.0,0.0,0.0,0.0,0.0,0.0,0.0,0.0225161,0.0584839,innovation-DACHubs,high,European Free Trade Association,refining,coal to liquids,coal to liquids CCS level 1,missing,missing,missing,missing,missing,missing,missing,MTC
616,0.0,0.0,0.0,0.0,0.0,0.0,0.0,0.0210229,0.0557359,innovation-DACHubs,high,European Free Trade Association,refining,coal to liquids,coal to liquids CCS level 2,missing,missing,missing,missing,missing,missing,missing,MTC
617,0.0,0.0,0.0,0.0,0.0,0.229883,0.237478,0.239577,0.23314,innovation-DACHubs,high,India,DAC,DAC,DAC_solvent (oxy CCS),missing,missing,missing,missing,missing,missing,missing,MTC
618,0.0,0.0,0.0,0.0,0.0,0.0902171,0.150043,0.227916,0.333623,innovation-DACHubs,high,India,DAC,DAC,DAC_sorbent (oxy CCS),missing,missing,missing,missing,missing,missing,missing,MTC
619,0.0,0.0,0.0,0.0,0.0,0.390641,0.508301,0.493927,0.454153,innovation-DACHubs,high,India,H2 central production,biomass,biomass to H2 CCS,missing,missing,missing,missing,missing,missing,missing,MTC
620,0.0,0.0,0.0,0.0,0.0,0.0131361,0.142378,0.340523,0.565408,innovation-DACHubs,high,India,H2 central production,coal,coal chemical CCS,missing,missing,missing,missing,missing,missing,missing,MTC
621,0.0,0.0,0.0,0.0,0.0,0.0160203,0.0918304,0.23059,0.394551,innovation-DACHubs,high,India,H2 central production,gas,natural gas steam reforming CCS,missing,missing,missing,missing,missing,missing,missing,MTC
622,0.0,0.0,0.0,0.0,0.0,0.0401009,0.5672835,1.1895558,1.9432157,innovation-DACHubs,high,India,N fertilizer,gas,gas CCS,missing,missing,missing,missing,missing,missing,missing,MTC
623,0.0,0.0,0.0,0.0,0.0,2.16214,4.44519,6.19169,8.01228,innovation-DACHubs,high,India,biorefining,biomass liquids,FT biofuels CCS level 1,missing,missing,missing,missing,missing,missing,missing,MTC
624,0.0,0.0,0.0,0.0,0.0,2.50875,5.0769,6.97353,8.88643,innovation-DACHubs,high,India,biorefining,biomass liquids,FT biofuels CCS level 2,missing,missing,missing,missing,missing,missing,missing,MTC
625,0.0,0.0,0.0,0.0,0.0,1.25805,2.64117,3.7446,4.95423,innovation-DACHubs,high,India,biorefining,biomass liquids,cellulosic ethanol CCS level 1,missing,missing,missing,missing,missing,missing,missing,MTC
626,0.0,0.0,0.0,0.0,0.0,6.55495,13.00899,17.59646,22.07119,innovation-DACHubs,high,India,biorefining,biomass liquids,cellulosic ethanol CCS level 2,missing,missing,missing,missing,missing,missing,missing,MTC
627,0.0,0.0,0.0,0.0,0.0,1.68423,10.7822,19.5064,26.1757,innovation-DACHubs,high,India,cement,cement,cement CCS,missing,missing,missing,missing,missing,missing,missing,MTC
628,0.0,0.0,0.0,0.0,0.0,0.00033765,0.054405258,0.14994802,0.239179339,innovation-DACHubs,high,India,elec_biomass (IGCC CCS),biomass (IGCC CCS),biomass (IGCC CCS) (dry cooling),missing,missing,missing,missing,missing,missing,missing,MTC
629,0.0,0.0,0.0,0.0,0.0,1.35782e-08,0.0001807348857,0.00150468788682,0.0027076146589699,innovation-DACHubs,high,India,elec_biomass (IGCC CCS),biomass (IGCC CCS),biomass (IGCC CCS) (once through),missing,missing,missing,missing,missing,missing,missing,MTC
630,0.0,0.0,0.0,0.0,0.0,2.65692,6.83398,11.48152,15.21199,innovation-DACHubs,high,India,elec_biomass (IGCC CCS),biomass (IGCC CCS),biomass (IGCC CCS) (recirculating),missing,missing,missing,missing,missing,missing,missing,MTC
631,0.0,0.0,0.0,0.0,0.0,3.11822,3.295847,3.459834,3.553487,innovation-DACHubs,high,India,elec_biomass (IGCC CCS),biomass (IGCC CCS),biomass (IGCC CCS) (seawater),missing,missing,missing,missing,missing,missing,missing,MTC
632,0.0,0.0,0.0,0.0,0.0,0.0376382,0.1956329,0.7221058,1.7093013,innovation-DACHubs,high,India,elec_biomass (conv CCS),biomass (conv CCS),biomass (conv CCS) (dry cooling),missing,missing,missing,missing,missing,missing,missing,MTC
633,0.0,0.0,0.0,0.0,0.0,0.00787825,0.01653509,0.03308171,0.03698129,innovation-DACHubs,high,India,elec_biomass (conv CCS),biomass (conv CCS),biomass (conv CCS) (once through),missing,missing,missing,missing,missing,missing,missing,MTC
634,0.0,0.0,0.0,0.0,0.0,0.0523641,0.2770403999999999,1.0202032,2.3970774,innovation-DACHubs,high,India,elec_biomass (conv CCS),biomass (conv CCS),biomass (conv CCS) (recirculating),missing,missing,missing,missing,missing,missing,missing,MTC
635,0.0,0.0,0.0,0.0,0.0,0.0563261,0.308523,1.1650968000000002,2.8089321,innovation-DACHubs,high,India,elec_biomass (conv CCS),biomass (conv CCS),biomass (conv CCS) (seawater),missing,missing,missing,missing,missing,missing,missing,MTC
636,0.0,0.0,0.0,0.0,0.0,0.00677388,0.03711182,0.13092303,0.28782337,innovation-DACHubs,high,India,elec_coal (IGCC CCS),coal (IGCC CCS),coal (IGCC CCS) (dry cooling),missing,missing,missing,missing,missing,missing,missing,MTC
637,0.0,0.0,0.0,0.0,0.0,0.000270294,0.0007553480000000001,0.00193955,0.0026845,innovation-DACHubs,high,India,elec_coal (IGCC CCS),coal (IGCC CCS),coal (IGCC CCS) (once through),missing,missing,missing,missing,missing,missing,missing,MTC
638,0.0,0.0,0.0,0.0,0.0,0.360933,1.977736,6.587947,13.976244,innovation-DACHubs,high,India,elec_coal (IGCC CCS),coal (IGCC CCS),coal (IGCC CCS) (recirculating),missing,missing,missing,missing,missing,missing,missing,MTC
639,0.0,0.0,0.0,0.0,0.0,0.0145434,0.0817653,0.272754,0.5827537,innovation-DACHubs,high,India,elec_coal (IGCC CCS),coal (IGCC CCS),coal (IGCC CCS) (seawater),missing,missing,missing,missing,missing,missing,missing,MTC
640,0.0,0.0,0.0,0.0,0.0,0.100219,0.496676,1.531622,3.080704,innovation-DACHubs,high,India,elec_coal (conv pul CCS),coal (conv pul CCS),coal (conv pul CCS) (dry cooling),missing,missing,missing,missing,missing,missing,missing,MTC
641,0.0,0.0,0.0,0.0,0.0,0.00219377,0.00558302,0.0123202,0.014773471,innovation-DACHubs,high,India,elec_coal (conv pul CCS),coal (conv pul CCS),coal (conv pul CCS) (once through),missing,missing,missing,missing,missing,missing,missing,MTC
642,0.0,0.0,0.0,0.0,0.0,0.1852,0.896519,2.61576,5.053008999999999,innovation-DACHubs,high,India,elec_coal (conv pul CCS),coal (conv pul CCS),coal (conv pul CCS) (recirculating),missing,missing,missing,missing,missing,missing,missing,MTC
643,0.0,0.0,0.0,0.0,0.0,0.233719,1.184922,3.486109,6.839646,innovation-DACHubs,high,India,elec_coal (conv pul CCS),coal (conv pul CCS),coal (conv pul CCS) (seawater),missing,missing,missing,missing,missing,missing,missing,MTC
644,0.0,0.0,0.0,0.0,0.0,0.00601572,0.012008847,0.0221768779999999,0.02846468,innovation-DACHubs,high,India,elec_gas (CC CCS),biogas (CC CCS),biogas (CC CCS) (dry cooling),missing,missing,missing,missing,missing,missing,missing,MTC
645,0.0,0.0,0.0,0.0,0.0,0.00618889,0.01244403,0.022913727,0.029460302,innovation-DACHubs,high,India,elec_gas (CC CCS),biogas (CC CCS),biogas (CC CCS) (recirculating),missing,missing,missing,missing,missing,missing,missing,MTC
646,0.0,0.0,0.0,0.0,0.0,0.00108967,0.002211432,0.00409958,0.005319363,innovation-DACHubs,high,India,elec_gas (CC CCS),biogas (CC CCS),biogas (CC CCS) (seawater),missing,missing,missing,missing,missing,missing,missing,MTC
647,0.0,0.0,0.0,0.0,0.0,0.0127078,0.0366569,0.0831917,0.1406371,innovation-DACHubs,high,India,elec_gas (CC CCS),gas (CC CCS),gas (CC CCS) (dry cooling),missing,missing,missing,missing,missing,missing,missing,MTC
648,0.0,0.0,0.0,0.0,0.0,0.0117531,0.0275547,0.0508876,0.0710015,innovation-DACHubs,high,India,elec_gas (CC CCS),gas (CC CCS),gas (CC CCS) (once through),missing,missing,missing,missing,missing,missing,missing,MTC
649,0.0,0.0,0.0,0.0,0.0,0.537572,1.5400390000000002,3.472438,5.823202,innovation-DACHubs,high,India,elec_gas (CC CCS),gas (CC CCS),gas (CC CCS) (recirculating),missing,missing,missing,missing,missing,missing,missing,MTC
650,0.0,0.0,0.0,0.0,0.0,0.0201789,0.0583026,0.132663,0.2243404,innovation-DACHubs,high,India,elec_gas (CC CCS),gas (CC CCS),gas (CC CCS) (seawater),missing,missing,missing,missing,missing,missing,missing,MTC
651,0.0,0.0,0.0,0.0,0.0,0.0604914,0.0905452,0.1589269,0.2077812,innovation-DACHubs,high,India,elec_refined liquids (CC CCS),refined liquids (CC CCS),refined liquids (CC CCS) (dry cooling),missing,missing,missing,missing,missing,missing,missing,MTC
652,0.0,0.0,0.0,0.0,0.0,0.0401412,0.03626388,0.04329732,0.03328876,innovation-DACHubs,high,India,elec_refined liquids (CC CCS),refined liquids (CC CCS),refined liquids (CC CCS) (once through),missing,missing,missing,missing,missing,missing,missing,MTC
653,0.0,0.0,0.0,0.0,0.0,2.08209,3.246987,5.768124,7.701969,innovation-DACHubs,high,India,elec_refined liquids (CC CCS),refined liquids (CC CCS),refined liquids (CC CCS) (recirculating),missing,missing,missing,missing,missing,missing,missing,MTC
654,0.0,0.0,0.0,0.0,0.0,0.0745409,0.1173403,0.2098832,0.2829638,innovation-DACHubs,high,India,elec_refined liquids (CC CCS),refined liquids (CC CCS),refined liquids (CC CCS) (seawater),missing,missing,missing,missing,missing,missing,missing,MTC
655,5.15712,14.1469,26.7795,37.9568,48.8961,61.0706,77.5551,92.6221,108.413,innovation-DACHubs,high,India,industrial feedstocks,refined liquids,refined liquids,missing,missing,missing,missing,missing,missing,missing,MTC
656,0.0,0.0,0.0,0.0,0.0,0.213061,0.321913,0.358687,0.396998,innovation-DACHubs,high,India,lime,gas (CCS),lime (oxyflash CCS),missing,missing,missing,missing,missing,missing,missing,MTC
657,0.0,0.0,0.0,0.0,0.0,0.148104,0.451745,0.912211,1.4978539999999998,innovation-DACHubs,high,India,refining,coal to liquids,coal to liquids CCS level 1,missing,missing,missing,missing,missing,missing,missing,MTC
658,0.0,0.0,0.0,0.0,0.0,0.119843,0.388638,0.8100670000000001,1.359689,innovation-DACHubs,high,India,refining,coal to liquids,coal to liquids CCS level 2,missing,missing,missing,missing,missing,missing,missing,MTC
659,0.0,0.0,0.0,0.0,0.0,0.0852145,0.072771,0.0698422,0.0611579,innovation-DACHubs,high,Indonesia,DAC,DAC,DAC_solvent (oxy CCS),missing,missing,missing,missing,missing,missing,missing,MTC
660,0.0,0.0,0.0,0.0,0.0,0.0331632,0.0508244,0.0754029,0.103157,innovation-DACHubs,high,Indonesia,DAC,DAC,DAC_sorbent (oxy CCS),missing,missing,missing,missing,missing,missing,missing,MTC
661,0.0,0.0,0.0,0.0,0.0,0.175919,0.224418,0.208435,0.183291,innovation-DACHubs,high,Indonesia,H2 central production,biomass,biomass to H2 CCS,missing,missing,missing,missing,missing,missing,missing,MTC
662,0.0,0.0,0.0,0.0,0.0,0.00548996,0.0600722,0.133726,0.20448,innovation-DACHubs,high,Indonesia,H2 central production,coal,coal chemical CCS,missing,missing,missing,missing,missing,missing,missing,MTC
663,0.0,0.0,0.0,0.0,0.0,0.00601808,0.0290492,0.0652729,0.101618,innovation-DACHubs,high,Indonesia,H2 central production,gas,natural gas steam reforming CCS,missing,missing,missing,missing,missing,missing,missing,MTC
664,0.0,0.0,0.0,0.0,0.0,0.0746264,0.1993656999999999,0.3428692,0.488017,innovation-DACHubs,high,Indonesia,N fertilizer,gas,gas CCS,missing,missing,missing,missing,missing,missing,missing,MTC
665,0.0,0.0,0.0,0.0,0.0,0.752648,1.477399,1.999576,2.565608,innovation-DACHubs,high,Indonesia,biorefining,biomass liquids,FT biofuels CCS level 1,missing,missing,missing,missing,missing,missing,missing,MTC
666,0.0,0.0,0.0,0.0,0.0,0.875283,1.692839,2.261672,2.856516,innovation-DACHubs,high,Indonesia,biorefining,biomass liquids,FT biofuels CCS level 2,missing,missing,missing,missing,missing,missing,missing,MTC
667,0.0,0.0,0.0,0.0,0.0,0.441064,0.884735,1.219299,1.605631,innovation-DACHubs,high,Indonesia,biorefining,biomass liquids,cellulosic ethanol CCS level 1,missing,missing,missing,missing,missing,missing,missing,MTC
668,0.0,0.0,0.0,0.0,0.0,2.30536,4.37749,5.7655,7.167750000000001,innovation-DACHubs,high,Indonesia,biorefining,biomass liquids,cellulosic ethanol CCS level 2,missing,missing,missing,missing,missing,missing,missing,MTC
669,0.0,0.0,0.0,0.0,0.0,0.377314,2.09998,3.49721,4.3703,innovation-DACHubs,high,Indonesia,cement,cement,cement CCS,missing,missing,missing,missing,missing,missing,missing,MTC
670,0.0,0.0,0.0,0.0,0.0,0.0,0.00146833,0.00639257,0.0118664,innovation-DACHubs,high,Indonesia,elec_biomass (IGCC CCS),biomass (IGCC CCS),biomass (IGCC CCS) (dry cooling),missing,missing,missing,missing,missing,missing,missing,MTC
671,0.0,0.0,0.0,0.0,0.0,0.0283475,0.0480977999999999,0.0810195,0.1106188,innovation-DACHubs,high,Indonesia,elec_biomass (IGCC CCS),biomass (IGCC CCS),biomass (IGCC CCS) (once through),missing,missing,missing,missing,missing,missing,missing,MTC
672,0.0,0.0,0.0,0.0,0.0,0.0609472,0.0989559,0.1663123,0.2278709,innovation-DACHubs,high,Indonesia,elec_biomass (IGCC CCS),biomass (IGCC CCS),biomass (IGCC CCS) (recirculating),missing,missing,missing,missing,missing,missing,missing,MTC
673,0.0,0.0,0.0,0.0,0.0,0.184259,0.31351,0.5281859999999999,0.72102,innovation-DACHubs,high,Indonesia,elec_biomass (IGCC CCS),biomass (IGCC CCS),biomass (IGCC CCS) (seawater),missing,missing,missing,missing,missing,missing,missing,MTC
674,0.0,0.0,0.0,0.0,0.0,0.00150187,0.0067160799999999,0.03262732,0.0857256999999999,innovation-DACHubs,high,Indonesia,elec_biomass (conv CCS),biomass (conv CCS),biomass (conv CCS) (dry cooling),missing,missing,missing,missing,missing,missing,missing,MTC
675,0.0,0.0,0.0,0.0,0.0,0.00222611,0.01042294,0.05180953,0.13791422,innovation-DACHubs,high,Indonesia,elec_biomass (conv CCS),biomass (conv CCS),biomass (conv CCS) (once through),missing,missing,missing,missing,missing,missing,missing,MTC
676,0.0,0.0,0.0,0.0,0.0,0.00219583,0.01024952,0.05085754,0.13526941,innovation-DACHubs,high,Indonesia,elec_biomass (conv CCS),biomass (conv CCS),biomass (conv CCS) (recirculating),missing,missing,missing,missing,missing,missing,missing,MTC
677,0.0,0.0,0.0,0.0,0.0,0.00222809,0.01043502,0.05187899,0.1381151199999999,innovation-DACHubs,high,Indonesia,elec_biomass (conv CCS),biomass (conv CCS),biomass (conv CCS) (seawater),missing,missing,missing,missing,missing,missing,missing,MTC
678,0.0,0.0,0.0,0.0,0.0,0.000578792,0.002573461,0.011166492,0.025809596,innovation-DACHubs,high,Indonesia,elec_coal (IGCC CCS),coal (IGCC CCS),coal (IGCC CCS) (dry cooling),missing,missing,missing,missing,missing,missing,missing,MTC
679,0.0,0.0,0.0,0.0,0.0,0.00414593,0.01877966,0.07506278,0.16481384,innovation-DACHubs,high,Indonesia,elec_coal (IGCC CCS),coal (IGCC CCS),coal (IGCC CCS) (once through),missing,missing,missing,missing,missing,missing,missing,MTC
680,0.0,0.0,0.0,0.0,0.0,0.00843802,0.0381676799999999,0.1535863,0.33863217,innovation-DACHubs,high,Indonesia,elec_coal (IGCC CCS),coal (IGCC CCS),coal (IGCC CCS) (recirculating),missing,missing,missing,missing,missing,missing,missing,MTC
681,0.0,0.0,0.0,0.0,0.0,0.0270337,0.1224812,0.4894338,1.0744506,innovation-DACHubs,high,Indonesia,elec_coal (IGCC CCS),coal (IGCC CCS),coal (IGCC CCS) (seawater),missing,missing,missing,missing,missing,missing,missing,MTC
682,0.0,0.0,0.0,0.0,0.0,0.00718515,0.0289770099999999,0.10713115,0.22394645,innovation-DACHubs,high,Indonesia,elec_coal (conv pul CCS),coal (conv pul CCS),coal (conv pul CCS) (dry cooling),missing,missing,missing,missing,missing,missing,missing,MTC
683,0.0,0.0,0.0,0.0,0.0,0.016778,0.0687766,0.2371548,0.474247,innovation-DACHubs,high,Indonesia,elec_coal (conv pul CCS),coal (conv pul CCS),coal (conv pul CCS) (once through),missing,missing,missing,missing,missing,missing,missing,MTC
684,0.0,0.0,0.0,0.0,0.0,0.0159766,0.0654125,0.2268279,0.4552097,innovation-DACHubs,high,Indonesia,elec_coal (conv pul CCS),coal (conv pul CCS),coal (conv pul CCS) (recirculating),missing,missing,missing,missing,missing,missing,missing,MTC
685,0.0,0.0,0.0,0.0,0.0,0.0168283,0.068997,0.2378603,0.4755835,innovation-DACHubs,high,Indonesia,elec_coal (conv pul CCS),coal (conv pul CCS),coal (conv pul CCS) (seawater),missing,missing,missing,missing,missing,missing,missing,MTC
686,0.0,0.0,0.0,0.0,0.0,0.0041278,0.006683695,0.015465134,0.019959505,innovation-DACHubs,high,Indonesia,elec_gas (CC CCS),biogas (CC CCS),biogas (CC CCS) (dry cooling),missing,missing,missing,missing,missing,missing,missing,MTC
687,0.0,0.0,0.0,0.0,0.0,0.00437315,0.007251199,0.016689585,0.021755415,innovation-DACHubs,high,Indonesia,elec_gas (CC CCS),biogas (CC CCS),biogas (CC CCS) (recirculating),missing,missing,missing,missing,missing,missing,missing,MTC
688,0.0,0.0,0.0,0.0,0.0,0.000745141,0.001235496,0.002842501,0.003704174,innovation-DACHubs,high,Indonesia,elec_gas (CC CCS),biogas (CC CCS),biogas (CC CCS) (seawater),missing,missing,missing,missing,missing,missing,missing,MTC
689,0.0,0.0,0.0,0.0,0.0,0.00720221,0.01631892,0.03824444,0.06340957,innovation-DACHubs,high,Indonesia,elec_gas (CC CCS),gas (CC CCS),gas (CC CCS) (dry cooling),missing,missing,missing,missing,missing,missing,missing,MTC
690,0.0,0.0,0.0,0.0,0.0,0.0222785,0.0500271,0.1164328,0.191874,innovation-DACHubs,high,Indonesia,elec_gas (CC CCS),gas (CC CCS),gas (CC CCS) (once through),missing,missing,missing,missing,missing,missing,missing,MTC
691,0.0,0.0,0.0,0.0,0.0,0.167609,0.376669,0.877163,1.4463339999999998,innovation-DACHubs,high,Indonesia,elec_gas (CC CCS),gas (CC CCS),gas (CC CCS) (recirculating),missing,missing,missing,missing,missing,missing,missing,MTC
692,0.0,0.0,0.0,0.0,0.0,0.163466,0.367069,0.854325,1.407886,innovation-DACHubs,high,Indonesia,elec_gas (CC CCS),gas (CC CCS),gas (CC CCS) (seawater),missing,missing,missing,missing,missing,missing,missing,MTC
693,0.0,0.0,0.0,0.0,0.0,0.0172145,0.02138514,0.04330604,0.05394046,innovation-DACHubs,high,Indonesia,elec_refined liquids (CC CCS),refined liquids (CC CCS),refined liquids (CC CCS) (dry cooling),missing,missing,missing,missing,missing,missing,missing,MTC
694,0.0,0.0,0.0,0.0,0.0,0.0419419,0.0552132999999999,0.1115989,0.1428268,innovation-DACHubs,high,Indonesia,elec_refined liquids (CC CCS),refined liquids (CC CCS),refined liquids (CC CCS) (once through),missing,missing,missing,missing,missing,missing,missing,MTC
695,0.0,0.0,0.0,0.0,0.0,0.321602,0.423385,0.855694,1.0952,innovation-DACHubs,high,Indonesia,elec_refined liquids (CC CCS),refined liquids (CC CCS),refined liquids (CC CCS) (recirculating),missing,missing,missing,missing,missing,missing,missing,MTC
696,0.0,0.0,0.0,0.0,0.0,0.307762,0.405213,0.819059,1.048356,innovation-DACHubs,high,Indonesia,elec_refined liquids (CC CCS),refined liquids (CC CCS),refined liquids (CC CCS) (seawater),missing,missing,missing,missing,missing,missing,missing,MTC
697,2.6911,3.72815,3.61234,5.10769,6.993,9.21927,12.1329,14.8104,17.5029,innovation-DACHubs,high,Indonesia,industrial feedstocks,refined liquids,refined liquids,missing,missing,missing,missing,missing,missing,missing,MTC
698,0.0,0.0,0.0,0.0,0.0,0.0800949,0.105305,0.113419,0.117031,innovation-DACHubs,high,Indonesia,lime,gas (CCS),lime (oxyflash CCS),missing,missing,missing,missing,missing,missing,missing,MTC
699,0.0,0.0,0.0,0.0,0.0,0.0497335,0.1625649,0.3323593999999999,0.5192616,innovation-DACHubs,high,Indonesia,refining,coal to liquids,coal to liquids CCS level 1,missing,missing,missing,missing,missing,missing,missing,MTC
700,0.0,0.0,0.0,0.0,0.0,0.0403013,0.1404158,0.2957195999999999,0.4692427,innovation-DACHubs,high,Indonesia,refining,coal to liquids,coal to liquids CCS level 2,missing,missing,missing,missing,missing,missing,missing,MTC
701,0.0,0.0,0.0,0.0,0.0,0.412657,0.39573,0.473453,0.472538,innovation-DACHubs,high,Japan,DAC,DAC,DAC_solvent (oxy CCS),missing,missing,missing,missing,missing,missing,missing,MTC
702,0.0,0.0,0.0,0.0,0.0,0.140857,0.220312,0.383707,0.575506,innovation-DACHubs,high,Japan,DAC,DAC,DAC_sorbent (oxy CCS),missing,missing,missing,missing,missing,missing,missing,MTC
703,0.0,0.0,0.0,0.0,0.0,0.0699004,0.0681412,0.0571698,0.0482552,innovation-DACHubs,high,Japan,H2 central production,biomass,biomass to H2 CCS,missing,missing,missing,missing,missing,missing,missing,MTC
704,0.0,0.0,0.0,0.0,0.0,0.00282692,0.0203553,0.0419129,0.0640834,innovation-DACHubs,high,Japan,H2 central production,coal,coal chemical CCS,missing,missing,missing,missing,missing,missing,missing,MTC
705,0.0,0.0,0.0,0.0,0.0,0.00256814,0.0102354,0.0211408,0.0322788,innovation-DACHubs,high,Japan,H2 central production,gas,natural gas steam reforming CCS,missing,missing,missing,missing,missing,missing,missing,MTC
706,0.0,0.0,0.0,0.0,0.0,0.0101852,0.026347,0.0444436,0.0628922,innovation-DACHubs,high,Japan,N fertilizer,gas,gas CCS,missing,missing,missing,missing,missing,missing,missing,MTC
707,0.0,0.0,0.0,0.0,0.0,0.352594,0.623034,0.8192269999999999,1.143066,innovation-DACHubs,high,Japan,biorefining,biomass liquids,FT biofuels CCS level 1,missing,missing,missing,missing,missing,missing,missing,MTC
708,0.0,0.0,0.0,0.0,0.0,0.412167,0.717371,0.932203,1.277495,innovation-DACHubs,high,Japan,biorefining,biomass liquids,FT biofuels CCS level 2,missing,missing,missing,missing,missing,missing,missing,MTC
709,0.0,0.0,0.0,0.0,0.0,0.199127,0.360929,0.482178,0.689461,innovation-DACHubs,high,Japan,biorefining,biomass liquids,cellulosic ethanol CCS level 1,missing,missing,missing,missing,missing,missing,missing,MTC
710,0.0,0.0,0.0,0.0,0.0,1.07343,1.836943,2.355536,3.164048,innovation-DACHubs,high,Japan,biorefining,biomass liquids,cellulosic ethanol CCS level 2,missing,missing,missing,missing,missing,missing,missing,MTC
711,0.0,0.0,0.0,0.0,0.0,0.347809,1.44435,2.21419,2.68508,innovation-DACHubs,high,Japan,cement,cement,cement CCS,missing,missing,missing,missing,missing,missing,missing,MTC
712,0.0,0.0,0.0,0.0,0.0,0.0,0.00231871,0.00663347,0.01003354,innovation-DACHubs,high,Japan,elec_biomass (IGCC CCS),biomass (IGCC CCS),biomass (IGCC CCS) (dry cooling),missing,missing,missing,missing,missing,missing,missing,MTC
713,0.0,0.0,0.0,0.0,0.0,0.00516161,0.01126243,0.01826521,0.0229567899999999,innovation-DACHubs,high,Japan,elec_biomass (IGCC CCS),biomass (IGCC CCS),biomass (IGCC CCS) (once through),missing,missing,missing,missing,missing,missing,missing,MTC
714,0.0,0.0,0.0,0.0,0.0,0.0123472,0.0283106,0.0457468,0.0572638,innovation-DACHubs,high,Japan,elec_biomass (IGCC CCS),biomass (IGCC CCS),biomass (IGCC CCS) (recirculating),missing,missing,missing,missing,missing,missing,missing,MTC
715,0.0,0.0,0.0,0.0,0.0,0.166892,0.407295,0.655942,0.8175760000000001,innovation-DACHubs,high,Japan,elec_biomass (IGCC CCS),biomass (IGCC CCS),biomass (IGCC CCS) (seawater),missing,missing,missing,missing,missing,missing,missing,MTC
716,0.0,0.0,0.0,0.0,0.0,0.00100724,0.008334992,0.030594654,0.06548551,innovation-DACHubs,high,Japan,elec_biomass (conv CCS),biomass (conv CCS),biomass (conv CCS) (dry cooling),missing,missing,missing,missing,missing,missing,missing,MTC
717,0.0,0.0,0.0,0.0,0.0,0.00144653,0.01247995,0.04686162,0.10218141,innovation-DACHubs,high,Japan,elec_biomass (conv CCS),biomass (conv CCS),biomass (conv CCS) (once through),missing,missing,missing,missing,missing,missing,missing,MTC
718,0.0,0.0,0.0,0.0,0.0,0.0014728,0.01273186,0.04782098,0.10425823,innovation-DACHubs,high,Japan,elec_biomass (conv CCS),biomass (conv CCS),biomass (conv CCS) (recirculating),missing,missing,missing,missing,missing,missing,missing,MTC
719,0.0,0.0,0.0,0.0,0.0,0.00149573,0.01297504,0.048824,0.10660488,innovation-DACHubs,high,Japan,elec_biomass (conv CCS),biomass (conv CCS),biomass (conv CCS) (seawater),missing,missing,missing,missing,missing,missing,missing,MTC
720,0.0,0.0,0.0,0.0,0.0,0.000245059,0.0022610359999999,0.008201498,0.016504006,innovation-DACHubs,high,Japan,elec_coal (IGCC CCS),coal (IGCC CCS),coal (IGCC CCS) (dry cooling),missing,missing,missing,missing,missing,missing,missing,MTC
721,0.0,0.0,0.0,0.0,0.0,0.000437265,0.0039657849999999,0.013861183,0.027661377,innovation-DACHubs,high,Japan,elec_coal (IGCC CCS),coal (IGCC CCS),coal (IGCC CCS) (once through),missing,missing,missing,missing,missing,missing,missing,MTC
722,0.0,0.0,0.0,0.0,0.0,0.00111339,0.00999448,0.03464526,0.06881597,innovation-DACHubs,high,Japan,elec_coal (IGCC CCS),coal (IGCC CCS),coal (IGCC CCS) (recirculating),missing,missing,missing,missing,missing,missing,missing,MTC
723,0.0,0.0,0.0,0.0,0.0,0.0160465,0.1436439,0.4957491,0.9834112,innovation-DACHubs,high,Japan,elec_coal (IGCC CCS),coal (IGCC CCS),coal (IGCC CCS) (seawater),missing,missing,missing,missing,missing,missing,missing,MTC
724,0.0,0.0,0.0,0.0,0.0,0.00318142,0.0253646399999999,0.08118084,0.15208214,innovation-DACHubs,high,Japan,elec_coal (conv pul CCS),coal (conv pul CCS),coal (conv pul CCS) (dry cooling),missing,missing,missing,missing,missing,missing,missing,MTC
725,0.0,0.0,0.0,0.0,0.0,0.00694406,0.05454707,0.16921836,0.31470945,innovation-DACHubs,high,Japan,elec_coal (conv pul CCS),coal (conv pul CCS),coal (conv pul CCS) (once through),missing,missing,missing,missing,missing,missing,missing,MTC
726,0.0,0.0,0.0,0.0,0.0,0.00738162,0.05743158,0.17681755,0.32743707,innovation-DACHubs,high,Japan,elec_coal (conv pul CCS),coal (conv pul CCS),coal (conv pul CCS) (recirculating),missing,missing,missing,missing,missing,missing,missing,MTC
727,0.0,0.0,0.0,0.0,0.0,0.00783032,0.06076384,0.18635201,0.34466531,innovation-DACHubs,high,Japan,elec_coal (conv pul CCS),coal (conv pul CCS),coal (conv pul CCS) (seawater),missing,missing,missing,missing,missing,missing,missing,MTC
728,0.0,0.0,0.0,0.0,0.0,0.000327406,0.0018172696,0.0044067919,0.006149002,innovation-DACHubs,high,Japan,elec_gas (CC CCS),biogas (CC CCS),biogas (CC CCS) (dry cooling),missing,missing,missing,missing,missing,missing,missing,MTC
729,0.0,0.0,0.0,0.0,0.0,0.000346824,0.001930112,0.0046870779,0.0065786151,innovation-DACHubs,high,Japan,elec_gas (CC CCS),biogas (CC CCS),biogas (CC CCS) (recirculating),missing,missing,missing,missing,missing,missing,missing,MTC
730,0.0,0.0,0.0,0.0,0.0,5.91226e-05,0.00032896869,0.0007985616100000001,0.00112058343,innovation-DACHubs,high,Japan,elec_gas (CC CCS),biogas (CC CCS),biogas (CC CCS) (seawater),missing,missing,missing,missing,missing,missing,missing,MTC
731,0.0,0.0,0.0,0.0,0.0,0.000570837,0.0035974239999999,0.011429426,0.022283098,innovation-DACHubs,high,Japan,elec_gas (CC CCS),gas (CC CCS),gas (CC CCS) (dry cooling),missing,missing,missing,missing,missing,missing,missing,MTC
732,0.0,0.0,0.0,0.0,0.0,0.000769205,0.004831745,0.0154201989999999,0.030141498,innovation-DACHubs,high,Japan,elec_gas (CC CCS),gas (CC CCS),gas (CC CCS) (once through),missing,missing,missing,missing,missing,missing,missing,MTC
733,0.0,0.0,0.0,0.0,0.0,0.00182156,0.01143018,0.03644405,0.07118722,innovation-DACHubs,high,Japan,elec_gas (CC CCS),gas (CC CCS),gas (CC CCS) (recirculating),missing,missing,missing,missing,missing,missing,missing,MTC
734,0.0,0.0,0.0,0.0,0.0,0.0253908,0.1592491,0.5078759,0.9921105,innovation-DACHubs,high,Japan,elec_gas (CC CCS),gas (CC CCS),gas (CC CCS) (seawater),missing,missing,missing,missing,missing,missing,missing,MTC
735,0.0,0.0,0.0,0.0,0.0,0.00691147,0.01705564,0.02703007,0.027705825,innovation-DACHubs,high,Japan,elec_refined liquids (CC CCS),refined liquids (CC CCS),refined liquids (CC CCS) (dry cooling),missing,missing,missing,missing,missing,missing,missing,MTC
736,0.0,0.0,0.0,0.0,0.0,0.00733596,0.01849352,0.02997372,0.03181476,innovation-DACHubs,high,Japan,elec_refined liquids (CC CCS),refined liquids (CC CCS),refined liquids (CC CCS) (once through),missing,missing,missing,missing,missing,missing,missing,MTC
737,0.0,0.0,0.0,0.0,0.0,0.0177512,0.04476466,0.07260575,0.07719627,innovation-DACHubs,high,Japan,elec_refined liquids (CC CCS),refined liquids (CC CCS),refined liquids (CC CCS) (recirculating),missing,missing,missing,missing,missing,missing,missing,MTC
738,0.0,0.0,0.0,0.0,0.0,0.242753,0.6122369999999999,0.9931734,1.0561151,innovation-DACHubs,high,Japan,elec_refined liquids (CC CCS),refined liquids (CC CCS),refined liquids (CC CCS) (seawater),missing,missing,missing,missing,missing,missing,missing,MTC
739,26.1832,29.3551,28.6407,28.8717,29.1557,29.2953,28.6549,28.2638,27.9913,innovation-DACHubs,high,Japan,industrial feedstocks,refined liquids,refined liquids,missing,missing,missing,missing,missing,missing,missing,MTC
740,0.0,0.0,0.0,0.0,0.0,0.358909,0.510362,0.648816,0.715786,innovation-DACHubs,high,Japan,lime,gas (CCS),lime (oxyflash CCS),missing,missing,missing,missing,missing,missing,missing,MTC
741,0.0,0.0,0.0,0.0,0.0,0.0,0.0,0.0702916,0.2546641,innovation-DACHubs,high,Japan,refining,coal to liquids,coal to liquids CCS level 1,missing,missing,missing,missing,missing,missing,missing,MTC
742,0.0,0.0,0.0,0.0,0.0,0.0,0.0,0.0661354,0.2460757,innovation-DACHubs,high,Japan,refining,coal to liquids,coal to liquids CCS level 2,missing,missing,missing,missing,missing,missing,missing,MTC
743,0.0,0.0,0.0,0.0,0.0,0.105956,0.106722,0.100461,0.0955522,innovation-DACHubs,high,Mexico,DAC,DAC,DAC_solvent (oxy CCS),missing,missing,missing,missing,missing,missing,missing,MTC
744,0.0,0.0,0.0,0.0,0.0,0.0325199,0.0521269,0.0740107,0.106396,innovation-DACHubs,high,Mexico,DAC,DAC,DAC_sorbent (oxy CCS),missing,missing,missing,missing,missing,missing,missing,MTC
745,0.0,0.0,0.0,0.0,0.0,0.158261,0.175061,0.151082,0.135942,innovation-DACHubs,high,Mexico,H2 central production,biomass,biomass to H2 CCS,missing,missing,missing,missing,missing,missing,missing,MTC
746,0.0,0.0,0.0,0.0,0.0,0.00505425,0.0427127,0.0864626,0.138811,innovation-DACHubs,high,Mexico,H2 central production,coal,coal chemical CCS,missing,missing,missing,missing,missing,missing,missing,MTC
747,0.0,0.0,0.0,0.0,0.0,0.00512069,0.0248293,0.056094,0.0954737,innovation-DACHubs,high,Mexico,H2 central production,gas,natural gas steam reforming CCS,missing,missing,missing,missing,missing,missing,missing,MTC
748,0.0,0.0,0.0,0.0,0.0,0.0317104,0.0824368,0.1548814,0.2342524,innovation-DACHubs,high,Mexico,N fertilizer,gas,gas CCS,missing,missing,missing,missing,missing,missing,missing,MTC
749,0.0,0.0,0.0,0.0,0.0,0.413641,0.7527999999999999,1.034673,1.3944,innovation-DACHubs,high,Mexico,biorefining,biomass liquids,FT biofuels CCS level 1,missing,missing,missing,missing,missing,missing,missing,MTC
750,0.0,0.0,0.0,0.0,0.0,0.487976,0.876725,1.189373,1.577239,innovation-DACHubs,high,Mexico,biorefining,biomass liquids,FT biofuels CCS level 2,missing,missing,missing,missing,missing,missing,missing,MTC
751,0.0,0.0,0.0,0.0,0.0,0.23385,0.434251,0.608443,0.840518,innovation-DACHubs,high,Mexico,biorefining,biomass liquids,cellulosic ethanol CCS level 1,missing,missing,missing,missing,missing,missing,missing,MTC
752,0.0,0.0,0.0,0.0,0.0,1.28809,2.2766,3.042826,3.963978,innovation-DACHubs,high,Mexico,biorefining,biomass liquids,cellulosic ethanol CCS level 2,missing,missing,missing,missing,missing,missing,missing,MTC
753,0.0,0.0,0.0,0.0,0.0,0.526492,1.66745,2.49228,3.15872,innovation-DACHubs,high,Mexico,cement,cement,cement CCS,missing,missing,missing,missing,missing,missing,missing,MTC
754,0.0,0.0,0.0,0.0,0.0,0.0434484,0.0461953099999999,0.05736491,0.06704323,innovation-DACHubs,high,Mexico,elec_biomass (IGCC CCS),biomass (IGCC CCS),biomass (IGCC CCS) (dry cooling),missing,missing,missing,missing,missing,missing,missing,MTC
755,0.0,0.0,0.0,0.0,0.0,0.0,2.58221e-05,0.0008663302,0.0021201155,innovation-DACHubs,high,Mexico,elec_biomass (IGCC CCS),biomass (IGCC CCS),biomass (IGCC CCS) (once through),missing,missing,missing,missing,missing,missing,missing,MTC
756,0.0,0.0,0.0,0.0,0.0,0.864781,1.45899,2.073193,2.49661,innovation-DACHubs,high,Mexico,elec_biomass (IGCC CCS),biomass (IGCC CCS),biomass (IGCC CCS) (recirculating),missing,missing,missing,missing,missing,missing,missing,MTC
757,0.0,0.0,0.0,0.0,0.0,0.0302019,0.0628919,0.0877533,0.1041228999999999,innovation-DACHubs,high,Mexico,elec_biomass (IGCC CCS),biomass (IGCC CCS),biomass (IGCC CCS) (seawater),missing,missing,missing,missing,missing,missing,missing,MTC
758,0.0,0.0,0.0,0.0,0.0,0.00539073,0.0255120699999999,0.09175222,0.20599125,innovation-DACHubs,high,Mexico,elec_biomass (conv CCS),biomass (conv CCS),biomass (conv CCS) (dry cooling),missing,missing,missing,missing,missing,missing,missing,MTC
759,0.0,0.0,0.0,0.0,0.0,0.00263822,0.00803738,0.02153296,0.03706308,innovation-DACHubs,high,Mexico,elec_biomass (conv CCS),biomass (conv CCS),biomass (conv CCS) (once through),missing,missing,missing,missing,missing,missing,missing,MTC
760,0.0,0.0,0.0,0.0,0.0,0.00779294,0.03848218,0.14085134,0.32054781,innovation-DACHubs,high,Mexico,elec_biomass (conv CCS),biomass (conv CCS),biomass (conv CCS) (recirculating),missing,missing,missing,missing,missing,missing,missing,MTC
761,0.0,0.0,0.0,0.0,0.0,0.00816474,0.0410962199999999,0.15245013,0.3511222,innovation-DACHubs,high,Mexico,elec_biomass (conv CCS),biomass (conv CCS),biomass (conv CCS) (seawater),missing,missing,missing,missing,missing,missing,missing,MTC
762,0.0,0.0,0.0,0.0,0.0,0.000165332,0.000841579,0.002966529,0.006300861,innovation-DACHubs,high,Mexico,elec_coal (IGCC CCS),coal (IGCC CCS),coal (IGCC CCS) (dry cooling),missing,missing,missing,missing,missing,missing,missing,MTC
763,0.0,0.0,0.0,0.0,0.0,2.86326e-05,0.000105127,0.0003506757,0.0006708039000000001,innovation-DACHubs,high,Mexico,elec_coal (IGCC CCS),coal (IGCC CCS),coal (IGCC CCS) (once through),missing,missing,missing,missing,missing,missing,missing,MTC
764,0.0,0.0,0.0,0.0,0.0,0.00859282,0.04384514,0.14329841,0.2947182,innovation-DACHubs,high,Mexico,elec_coal (IGCC CCS),coal (IGCC CCS),coal (IGCC CCS) (recirculating),missing,missing,missing,missing,missing,missing,missing,MTC
765,0.0,0.0,0.0,0.0,0.0,0.000338629,0.001743596,0.0056524489999999,0.011608713,innovation-DACHubs,high,Mexico,elec_coal (IGCC CCS),coal (IGCC CCS),coal (IGCC CCS) (seawater),missing,missing,missing,missing,missing,missing,missing,MTC
766,0.0,0.0,0.0,0.0,0.0,0.00220851,0.01014113,0.03081348,0.06002625,innovation-DACHubs,high,Mexico,elec_coal (conv pul CCS),coal (conv pul CCS),coal (conv pul CCS) (dry cooling),missing,missing,missing,missing,missing,missing,missing,MTC
767,0.0,0.0,0.0,0.0,0.0,0.000234557,0.000789176,0.002268421,0.003991117,innovation-DACHubs,high,Mexico,elec_coal (conv pul CCS),coal (conv pul CCS),coal (conv pul CCS) (once through),missing,missing,missing,missing,missing,missing,missing,MTC
768,0.0,0.0,0.0,0.0,0.0,0.00482986,0.022042,0.0628719299999999,0.11883188,innovation-DACHubs,high,Mexico,elec_coal (conv pul CCS),coal (conv pul CCS),coal (conv pul CCS) (recirculating),missing,missing,missing,missing,missing,missing,missing,MTC
769,0.0,0.0,0.0,0.0,0.0,0.00569972,0.02643654,0.0748561,0.1415159899999999,innovation-DACHubs,high,Mexico,elec_coal (conv pul CCS),coal (conv pul CCS),coal (conv pul CCS) (seawater),missing,missing,missing,missing,missing,missing,missing,MTC
770,0.0,0.0,0.0,0.0,0.0,0.000466299,0.0013665094999999,0.0036371311,0.0058497572,innovation-DACHubs,high,Mexico,elec_gas (CC CCS),biogas (CC CCS),biogas (CC CCS) (dry cooling),missing,missing,missing,missing,missing,missing,missing,MTC
771,0.0,0.0,0.0,0.0,0.0,0.000490965,0.0014486335,0.0038466284,0.0062205494,innovation-DACHubs,high,Mexico,elec_gas (CC CCS),biogas (CC CCS),biogas (CC CCS) (recirculating),missing,missing,missing,missing,missing,missing,missing,MTC
772,0.0,0.0,0.0,0.0,0.0,8.5089e-05,0.0002518492,0.0006699555,0.00108581597,innovation-DACHubs,high,Mexico,elec_gas (CC CCS),biogas (CC CCS),biogas (CC CCS) (seawater),missing,missing,missing,missing,missing,missing,missing,MTC
773,0.0,0.0,0.0,0.0,0.0,0.00117305,0.00448755,0.01393333,0.02914477,innovation-DACHubs,high,Mexico,elec_gas (CC CCS),gas (CC CCS),gas (CC CCS) (dry cooling),missing,missing,missing,missing,missing,missing,missing,MTC
774,0.0,0.0,0.0,0.0,0.0,0.00178561,0.00625145,0.01773074,0.03443604,innovation-DACHubs,high,Mexico,elec_gas (CC CCS),gas (CC CCS),gas (CC CCS) (once through),missing,missing,missing,missing,missing,missing,missing,MTC
775,0.0,0.0,0.0,0.0,0.0,0.0436955,0.1669229,0.5184116999999999,1.0840649999999998,innovation-DACHubs,high,Mexico,elec_gas (CC CCS),gas (CC CCS),gas (CC CCS) (recirculating),missing,missing,missing,missing,missing,missing,missing,MTC
776,0.0,0.0,0.0,0.0,0.0,0.00161599,0.00619315,0.01930419,0.0404861299999999,innovation-DACHubs,high,Mexico,elec_gas (CC CCS),gas (CC CCS),gas (CC CCS) (seawater),missing,missing,missing,missing,missing,missing,missing,MTC
777,0.0,0.0,0.0,0.0,0.0,0.0227037,0.03136346,0.04936048,0.05363862,innovation-DACHubs,high,Mexico,elec_refined liquids (CC CCS),refined liquids (CC CCS),refined liquids (CC CCS) (dry cooling),missing,missing,missing,missing,missing,missing,missing,MTC
778,0.0,0.0,0.0,0.0,0.0,0.024831,0.02755939,0.03850088,0.0356242499999999,innovation-DACHubs,high,Mexico,elec_refined liquids (CC CCS),refined liquids (CC CCS),refined liquids (CC CCS) (once through),missing,missing,missing,missing,missing,missing,missing,MTC
779,0.0,0.0,0.0,0.0,0.0,0.673796,0.97363,1.546757,1.7268020000000002,innovation-DACHubs,high,Mexico,elec_refined liquids (CC CCS),refined liquids (CC CCS),refined liquids (CC CCS) (recirculating),missing,missing,missing,missing,missing,missing,missing,MTC
780,0.0,0.0,0.0,0.0,0.0,0.0240789,0.03493422,0.0555947799999999,0.0622298099999999,innovation-DACHubs,high,Mexico,elec_refined liquids (CC CCS),refined liquids (CC CCS),refined liquids (CC CCS) (seawater),missing,missing,missing,missing,missing,missing,missing,MTC
781,5.47982,4.25324,4.82768,5.98668,7.39357,8.94736,10.4784,12.0865,13.7709,innovation-DACHubs,high,Mexico,industrial feedstocks,refined liquids,refined liquids,missing,missing,missing,missing,missing,missing,missing,MTC
782,0.0,0.0,0.0,0.0,0.0,0.0861368,0.124837,0.128577,0.136602,innovation-DACHubs,high,Mexico,lime,gas (CCS),lime (oxyflash CCS),missing,missing,missing,missing,missing,missing,missing,MTC
783,0.0,0.0,0.0,0.0,0.0,0.00412126,0.03153696,0.09264848,0.1887030499999999,innovation-DACHubs,high,Mexico,refining,coal to liquids,coal to liquids CCS level 1,missing,missing,missing,missing,missing,missing,missing,MTC
784,0.0,0.0,0.0,0.0,0.0,0.00345264,0.0284991099999999,0.08617174,0.17967972,innovation-DACHubs,high,Mexico,refining,coal to liquids,coal to liquids CCS level 2,missing,missing,missing,missing,missing,missing,missing,MTC
785,0.0,0.0,0.0,0.0,0.0,0.137494,0.120582,0.124953,0.128923,innovation-DACHubs,high,Middle East,DAC,DAC,DAC_solvent (oxy CCS),missing,missing,missing,missing,missing,missing,missing,MTC
786,0.0,0.0,0.0,0.0,0.0,0.0510798,0.074349,0.112535,0.170782,innovation-DACHubs,high,Middle East,DAC,DAC,DAC_sorbent (oxy CCS),missing,missing,missing,missing,missing,missing,missing,MTC
787,0.0,0.0,0.0,0.0,0.0,0.64719,0.715029,0.657244,0.613036,innovation-DACHubs,high,Middle East,H2 central production,biomass,biomass to H2 CCS,missing,missing,missing,missing,missing,missing,missing,MTC
788,0.0,0.0,0.0,0.0,0.0,0.0285021,0.22648,0.505396,0.838529,innovation-DACHubs,high,Middle East,H2 central production,coal,coal chemical CCS,missing,missing,missing,missing,missing,missing,missing,MTC
789,0.0,0.0,0.0,0.0,0.0,0.0316257,0.143171,0.324718,0.549479,innovation-DACHubs,high,Middle East,H2 central production,gas,natural gas steam reforming CCS,missing,missing,missing,missing,missing,missing,missing,MTC
790,0.0,0.0,0.0,0.0,0.0,0.18382,0.4787409999999999,0.80637,1.1405310000000002,innovation-DACHubs,high,Middle East,N fertilizer,gas,gas CCS,missing,missing,missing,missing,missing,missing,missing,MTC
791,0.0,0.0,0.0,0.0,0.0,1.43854,2.66325,3.70182,4.99628,innovation-DACHubs,high,Middle East,biorefining,biomass liquids,FT biofuels CCS level 1,missing,missing,missing,missing,missing,missing,missing,MTC
792,0.0,0.0,0.0,0.0,0.0,1.67635,3.05483,4.18846,5.5641300000000005,innovation-DACHubs,high,Middle East,biorefining,biomass liquids,FT biofuels CCS level 2,missing,missing,missing,missing,missing,missing,missing,MTC
793,0.0,0.0,0.0,0.0,0.0,0.812562,1.545106,2.186712,3.015166,innovation-DACHubs,high,Middle East,biorefining,biomass liquids,cellulosic ethanol CCS level 1,missing,missing,missing,missing,missing,missing,missing,MTC
794,0.0,0.0,0.0,0.0,0.0,4.36561,7.81505,10.55152,13.77244,innovation-DACHubs,high,Middle East,biorefining,biomass liquids,cellulosic ethanol CCS level 2,missing,missing,missing,missing,missing,missing,missing,MTC
795,0.0,0.0,0.0,0.0,0.0,2.73631,6.95778,10.4376,13.2915,innovation-DACHubs,high,Middle East,cement,cement,cement CCS,missing,missing,missing,missing,missing,missing,missing,MTC
796,0.0,0.0,0.0,0.0,0.0,5.99662e-06,0.03884505598,0.1099457024599999,0.18517030848,innovation-DACHubs,high,Middle East,elec_biomass (IGCC CCS),biomass (IGCC CCS),biomass (IGCC CCS) (dry cooling),missing,missing,missing,missing,missing,missing,missing,MTC
797,0.0,0.0,0.0,0.0,0.0,0.00257299,0.08312955,0.18023421,0.2704058099999999,innovation-DACHubs,high,Middle East,elec_biomass (IGCC CCS),biomass (IGCC CCS),biomass (IGCC CCS) (recirculating),missing,missing,missing,missing,missing,missing,missing,MTC
798,0.0,0.0,0.0,0.0,0.0,0.403752,0.664998,0.944627,1.193904,innovation-DACHubs,high,Middle East,elec_biomass (IGCC CCS),biomass (IGCC CCS),biomass (IGCC CCS) (seawater),missing,missing,missing,missing,missing,missing,missing,MTC
799,0.0,0.0,0.0,0.0,0.0,0.0025396,0.01570482,0.06227116,0.16418366,innovation-DACHubs,high,Middle East,elec_biomass (conv CCS),biomass (conv CCS),biomass (conv CCS) (dry cooling),missing,missing,missing,missing,missing,missing,missing,MTC
800,0.0,0.0,0.0,0.0,0.0,0.000653018,0.002141566,0.005590448,0.009498287,innovation-DACHubs,high,Middle East,elec_biomass (conv CCS),biomass (conv CCS),biomass (conv CCS) (once through),missing,missing,missing,missing,missing,missing,missing,MTC
801,0.0,0.0,0.0,0.0,0.0,0.00355503,0.02246157,0.08980046,0.23814341,innovation-DACHubs,high,Middle East,elec_biomass (conv CCS),biomass (conv CCS),biomass (conv CCS) (recirculating),missing,missing,missing,missing,missing,missing,missing,MTC
802,0.0,0.0,0.0,0.0,0.0,0.00379644,0.02460595,0.10013184,0.27030741,innovation-DACHubs,high,Middle East,elec_biomass (conv CCS),biomass (conv CCS),biomass (conv CCS) (seawater),missing,missing,missing,missing,missing,missing,missing,MTC
803,0.0,0.0,0.0,0.0,0.0,0.000748969,0.004214087,0.014412364,0.032290908,innovation-DACHubs,high,Middle East,elec_coal (IGCC CCS),coal (IGCC CCS),coal (IGCC CCS) (dry cooling),missing,missing,missing,missing,missing,missing,missing,MTC
804,0.0,0.0,0.0,0.0,0.0,0.00116021,0.0063686,0.02075707,0.04555103,innovation-DACHubs,high,Middle East,elec_coal (IGCC CCS),coal (IGCC CCS),coal (IGCC CCS) (recirculating),missing,missing,missing,missing,missing,missing,missing,MTC
805,0.0,0.0,0.0,0.0,0.0,0.00338929,0.01879389,0.0610879,0.13455517,innovation-DACHubs,high,Middle East,elec_coal (IGCC CCS),coal (IGCC CCS),coal (IGCC CCS) (seawater),missing,missing,missing,missing,missing,missing,missing,MTC
806,0.0,0.0,0.0,0.0,0.0,0.00135829,0.00679382,0.02054276,0.04257312,innovation-DACHubs,high,Middle East,elec_coal (conv pul CCS),coal (conv pul CCS),coal (conv pul CCS) (dry cooling),missing,missing,missing,missing,missing,missing,missing,MTC
807,0.0,0.0,0.0,0.0,0.0,3.31989e-05,0.0001155934,0.0003077229,0.0005180065,innovation-DACHubs,high,Middle East,elec_coal (conv pul CCS),coal (conv pul CCS),coal (conv pul CCS) (once through),missing,missing,missing,missing,missing,missing,missing,MTC
808,0.0,0.0,0.0,0.0,0.0,0.00269054,0.01301495,0.03768567,0.0762595,innovation-DACHubs,high,Middle East,elec_coal (conv pul CCS),coal (conv pul CCS),coal (conv pul CCS) (recirculating),missing,missing,missing,missing,missing,missing,missing,MTC
809,0.0,0.0,0.0,0.0,0.0,0.00340869,0.0168283,0.04872232,0.09942716,innovation-DACHubs,high,Middle East,elec_coal (conv pul CCS),coal (conv pul CCS),coal (conv pul CCS) (seawater),missing,missing,missing,missing,missing,missing,missing,MTC
810,0.0,0.0,0.0,0.0,0.0,0.0149024,0.03130983,0.05101506,0.06220995,innovation-DACHubs,high,Middle East,elec_gas (CC CCS),biogas (CC CCS),biogas (CC CCS) (dry cooling),missing,missing,missing,missing,missing,missing,missing,MTC
811,0.0,0.0,0.0,0.0,0.0,0.0153897,0.0327900599999999,0.0537191999999999,0.0661210999999999,innovation-DACHubs,high,Middle East,elec_gas (CC CCS),biogas (CC CCS),biogas (CC CCS) (recirculating),missing,missing,missing,missing,missing,missing,missing,MTC
812,0.0,0.0,0.0,0.0,0.0,0.00269859,0.0057842779999999,0.00950965,0.011754728,innovation-DACHubs,high,Middle East,elec_gas (CC CCS),biogas (CC CCS),biogas (CC CCS) (seawater),missing,missing,missing,missing,missing,missing,missing,MTC
813,0.0,0.0,0.0,0.0,0.0,0.319138,0.8860079999999999,1.82456,2.929494,innovation-DACHubs,high,Middle East,elec_gas (CC CCS),gas (CC CCS),gas (CC CCS) (dry cooling),missing,missing,missing,missing,missing,missing,missing,MTC
814,0.0,0.0,0.0,0.0,0.0,0.373196,1.025154,2.102715,3.366822,innovation-DACHubs,high,Middle East,elec_gas (CC CCS),gas (CC CCS),gas (CC CCS) (recirculating),missing,missing,missing,missing,missing,missing,missing,MTC
815,0.0,0.0,0.0,0.0,0.0,1.00822,2.78023,5.72794,9.20895,innovation-DACHubs,high,Middle East,elec_gas (CC CCS),gas (CC CCS),gas (CC CCS) (seawater),missing,missing,missing,missing,missing,missing,missing,MTC
816,0.0,0.0,0.0,0.0,0.0,1.54444,2.513618,3.905652,4.781055,innovation-DACHubs,high,Middle East,elec_refined liquids (CC CCS),refined liquids (CC CCS),refined liquids (CC CCS) (dry cooling),missing,missing,missing,missing,missing,missing,missing,MTC
817,0.0,0.0,0.0,0.0,0.0,1.4398,2.445731,3.863857,4.836748,innovation-DACHubs,high,Middle East,elec_refined liquids (CC CCS),refined liquids (CC CCS),refined liquids (CC CCS) (recirculating),missing,missing,missing,missing,missing,missing,missing,MTC
818,0.0,0.0,0.0,0.0,0.0,3.70835,6.33918,10.05558,12.64968,innovation-DACHubs,high,Middle East,elec_refined liquids (CC CCS),refined liquids (CC CCS),refined liquids (CC CCS) (seawater),missing,missing,missing,missing,missing,missing,missing,MTC
819,11.6185,26.2324,46.825,51.5355,57.2747,63.2119,70.2225,75.7588,80.7533,innovation-DACHubs,high,Middle East,industrial feedstocks,refined liquids,refined liquids,missing,missing,missing,missing,missing,missing,missing,MTC
820,0.0,0.0,0.0,0.0,0.0,0.116962,0.155093,0.173644,0.198966,innovation-DACHubs,high,Middle East,lime,gas (CCS),lime (oxyflash CCS),missing,missing,missing,missing,missing,missing,missing,MTC
821,0.0,0.0,0.0,0.0,0.0,0.0946613,0.3041775,0.6931124,1.1906402,innovation-DACHubs,high,Middle East,refining,coal to liquids,coal to liquids CCS level 1,missing,missing,missing,missing,missing,missing,missing,MTC
822,0.0,0.0,0.0,0.0,0.0,0.0791238,0.2679635999999999,0.6331658,1.1174645,innovation-DACHubs,high,Middle East,refining,coal to liquids,coal to liquids CCS level 2,missing,missing,missing,missing,missing,missing,missing,MTC
823,0.0,0.0,0.0,0.0,0.0,0.0098572,0.0106663,0.0115303,0.0107625,innovation-DACHubs,high,Pakistan,DAC,DAC,DAC_solvent (oxy CCS),missing,missing,missing,missing,missing,missing,missing,MTC
824,0.0,0.0,0.0,0.0,0.0,0.00508671,0.0091908,0.0153878,0.0227561,innovation-DACHubs,high,Pakistan,DAC,DAC,DAC_sorbent (oxy CCS),missing,missing,missing,missing,missing,missing,missing,MTC
825,0.0,0.0,0.0,0.0,0.0,0.059905,0.0776522,0.0774895,0.0731582,innovation-DACHubs,high,Pakistan,H2 central production,biomass,biomass to H2 CCS,missing,missing,missing,missing,missing,missing,missing,MTC
826,0.0,0.0,0.0,0.0,0.0,0.00192033,0.0210024,0.0523961,0.0884448,innovation-DACHubs,high,Pakistan,H2 central production,coal,coal chemical CCS,missing,missing,missing,missing,missing,missing,missing,MTC
827,0.0,0.0,0.0,0.0,0.0,0.0019792,0.00996277,0.0242538,0.0408449,innovation-DACHubs,high,Pakistan,H2 central production,gas,natural gas steam reforming CCS,missing,missing,missing,missing,missing,missing,missing,MTC
828,0.0,0.0,0.0,0.0,0.0,0.06251,0.1582468,0.2634893,0.3467747,innovation-DACHubs,high,Pakistan,N fertilizer,gas,gas CCS,missing,missing,missing,missing,missing,missing,missing,MTC
829,0.0,0.0,0.0,0.0,0.0,0.162003,0.319708,0.473797,0.6527930000000001,innovation-DACHubs,high,Pakistan,biorefining,biomass liquids,FT biofuels CCS level 1,missing,missing,missing,missing,missing,missing,missing,MTC
830,0.0,0.0,0.0,0.0,0.0,0.188301,0.3658679999999999,0.533164,0.720266,innovation-DACHubs,high,Pakistan,biorefining,biomass liquids,FT biofuels CCS level 2,missing,missing,missing,missing,missing,missing,missing,MTC
831,0.0,0.0,0.0,0.0,0.0,0.0945123,0.1906899,0.289143,0.4112469,innovation-DACHubs,high,Pakistan,biorefining,biomass liquids,cellulosic ethanol CCS level 1,missing,missing,missing,missing,missing,missing,missing,MTC
832,0.0,0.0,0.0,0.0,0.0,0.493272,0.940555,1.345969,1.783681,innovation-DACHubs,high,Pakistan,biorefining,biomass liquids,cellulosic ethanol CCS level 2,missing,missing,missing,missing,missing,missing,missing,MTC
833,0.0,0.0,0.0,0.0,0.0,0.363875,2.00866,3.54124,4.65476,innovation-DACHubs,high,Pakistan,cement,cement,cement CCS,missing,missing,missing,missing,missing,missing,missing,MTC
834,0.0,0.0,0.0,0.0,0.0,0.0,0.00737908,0.01670538,0.02140183,innovation-DACHubs,high,Pakistan,elec_biomass (IGCC CCS),biomass (IGCC CCS),biomass (IGCC CCS) (dry cooling),missing,missing,missing,missing,missing,missing,missing,MTC
835,0.0,0.0,0.0,0.0,0.0,0.0,1.15023e-05,7.125262999999999e-05,4.91923e-05,innovation-DACHubs,high,Pakistan,elec_biomass (IGCC CCS),biomass (IGCC CCS),biomass (IGCC CCS) (once through),missing,missing,missing,missing,missing,missing,missing,MTC
836,0.0,0.0,0.0,0.0,0.0,5.61356e-10,0.1457740005580799,0.257409000552352,0.3038809005378889,innovation-DACHubs,high,Pakistan,elec_biomass (IGCC CCS),biomass (IGCC CCS),biomass (IGCC CCS) (recirculating),missing,missing,missing,missing,missing,missing,missing,MTC
837,0.0,0.0,0.0,0.0,0.0,0.401411,1.056784,1.474669,1.637082,innovation-DACHubs,high,Pakistan,elec_biomass (IGCC CCS),biomass (IGCC CCS),biomass (IGCC CCS) (seawater),missing,missing,missing,missing,missing,missing,missing,MTC
838,0.0,0.0,0.0,0.0,0.0,0.00259399,0.03127073,0.08731445,0.14219471,innovation-DACHubs,high,Pakistan,elec_biomass (conv CCS),biomass (conv CCS),biomass (conv CCS) (dry cooling),missing,missing,missing,missing,missing,missing,missing,MTC
839,0.0,0.0,0.0,0.0,0.0,0.000361545,0.001533953,0.0015807828,0.0005423919999999999,innovation-DACHubs,high,Pakistan,elec_biomass (conv CCS),biomass (conv CCS),biomass (conv CCS) (once through),missing,missing,missing,missing,missing,missing,missing,MTC
840,0.0,0.0,0.0,0.0,0.0,0.00357461,0.04350816,0.12034062,0.19166763,innovation-DACHubs,high,Pakistan,elec_biomass (conv CCS),biomass (conv CCS),biomass (conv CCS) (recirculating),missing,missing,missing,missing,missing,missing,missing,MTC
841,0.0,0.0,0.0,0.0,0.0,0.00390562,0.04983848,0.14243244,0.23643775,innovation-DACHubs,high,Pakistan,elec_biomass (conv CCS),biomass (conv CCS),biomass (conv CCS) (seawater),missing,missing,missing,missing,missing,missing,missing,MTC
842,0.0,0.0,0.0,0.0,0.0,1.5281e-05,0.0001920031,0.0005378696,0.0008691091,innovation-DACHubs,high,Pakistan,elec_coal (IGCC CCS),coal (IGCC CCS),coal (IGCC CCS) (dry cooling),missing,missing,missing,missing,missing,missing,missing,MTC
843,0.0,0.0,0.0,0.0,0.0,3.82632e-07,2.088417e-06,3.545708e-06,1.5265638e-06,innovation-DACHubs,high,Pakistan,elec_coal (IGCC CCS),coal (IGCC CCS),coal (IGCC CCS) (once through),missing,missing,missing,missing,missing,missing,missing,MTC
844,0.0,0.0,0.0,0.0,0.0,0.000204526,0.0025376749999999,0.006701136,0.010372425,innovation-DACHubs,high,Pakistan,elec_coal (IGCC CCS),coal (IGCC CCS),coal (IGCC CCS) (recirculating),missing,missing,missing,missing,missing,missing,missing,MTC
845,0.0,0.0,0.0,0.0,0.0,0.000741258,0.0095247159999999,0.02528975,0.039774758,innovation-DACHubs,high,Pakistan,elec_coal (IGCC CCS),coal (IGCC CCS),coal (IGCC CCS) (seawater),missing,missing,missing,missing,missing,missing,missing,MTC
846,0.0,0.0,0.0,0.0,0.0,0.000243013,0.002736195,0.006814244,0.010261337,innovation-DACHubs,high,Pakistan,elec_coal (conv pul CCS),coal (conv pul CCS),coal (conv pul CCS) (dry cooling),missing,missing,missing,missing,missing,missing,missing,MTC
847,0.0,0.0,0.0,0.0,0.0,2.36496e-06,1.162546e-05,1.644338e-05,5.96948e-06,innovation-DACHubs,high,Pakistan,elec_coal (conv pul CCS),coal (conv pul CCS),coal (conv pul CCS) (once through),missing,missing,missing,missing,missing,missing,missing,MTC
848,0.0,0.0,0.0,0.0,0.0,0.000440573,0.004743389,0.011130066,0.015915803,innovation-DACHubs,high,Pakistan,elec_coal (conv pul CCS),coal (conv pul CCS),coal (conv pul CCS) (recirculating),missing,missing,missing,missing,missing,missing,missing,MTC
849,0.0,0.0,0.0,0.0,0.0,0.00058862,0.006760534,0.016099704,0.023706911,innovation-DACHubs,high,Pakistan,elec_coal (conv pul CCS),coal (conv pul CCS),coal (conv pul CCS) (seawater),missing,missing,missing,missing,missing,missing,missing,MTC
850,0.0,0.0,0.0,0.0,0.0,0.0021804,0.008658948,0.008917131,0.006174204,innovation-DACHubs,high,Pakistan,elec_gas (CC CCS),biogas (CC CCS),biogas (CC CCS) (dry cooling),missing,missing,missing,missing,missing,missing,missing,MTC
851,0.0,0.0,0.0,0.0,0.0,0.00220209,0.008729205,0.00907301,0.006335445,innovation-DACHubs,high,Pakistan,elec_gas (CC CCS),biogas (CC CCS),biogas (CC CCS) (recirculating),missing,missing,missing,missing,missing,missing,missing,MTC
852,0.0,0.0,0.0,0.0,0.0,0.000389584,0.0015617687,0.0016435892999999,0.0011744124999999,innovation-DACHubs,high,Pakistan,elec_gas (CC CCS),biogas (CC CCS),biogas (CC CCS) (seawater),missing,missing,missing,missing,missing,missing,missing,MTC
853,0.0,0.0,0.0,0.0,0.0,0.00366804,0.01633928,0.02813011,0.03447538,innovation-DACHubs,high,Pakistan,elec_gas (CC CCS),gas (CC CCS),gas (CC CCS) (dry cooling),missing,missing,missing,missing,missing,missing,missing,MTC
854,0.0,0.0,0.0,0.0,0.0,0.00249798,0.00872471,0.01212356,0.0106016,innovation-DACHubs,high,Pakistan,elec_gas (CC CCS),gas (CC CCS),gas (CC CCS) (once through),missing,missing,missing,missing,missing,missing,missing,MTC
855,0.0,0.0,0.0,0.0,0.0,0.0794202,0.347738,0.5936178999999999,0.7221397999999999,innovation-DACHubs,high,Pakistan,elec_gas (CC CCS),gas (CC CCS),gas (CC CCS) (recirculating),missing,missing,missing,missing,missing,missing,missing,MTC
856,0.0,0.0,0.0,0.0,0.0,0.0813413,0.3591992,0.6178706,0.7578847000000001,innovation-DACHubs,high,Pakistan,elec_gas (CC CCS),gas (CC CCS),gas (CC CCS) (seawater),missing,missing,missing,missing,missing,missing,missing,MTC
857,0.0,0.0,0.0,0.0,0.0,0.0112332,0.03311655,0.03705802,0.02970963,innovation-DACHubs,high,Pakistan,elec_refined liquids (CC CCS),refined liquids (CC CCS),refined liquids (CC CCS) (dry cooling),missing,missing,missing,missing,missing,missing,missing,MTC
858,0.0,0.0,0.0,0.0,0.0,0.00484154,0.008568899,0.004762237,0.0011988125,innovation-DACHubs,high,Pakistan,elec_refined liquids (CC CCS),refined liquids (CC CCS),refined liquids (CC CCS) (once through),missing,missing,missing,missing,missing,missing,missing,MTC
859,0.0,0.0,0.0,0.0,0.0,0.206869,0.6222981,0.7269585000000001,0.6092986,innovation-DACHubs,high,Pakistan,elec_refined liquids (CC CCS),refined liquids (CC CCS),refined liquids (CC CCS) (recirculating),missing,missing,missing,missing,missing,missing,missing,MTC
860,0.0,0.0,0.0,0.0,0.0,0.202946,0.6164097000000001,0.7303307,0.626679,innovation-DACHubs,high,Pakistan,elec_refined liquids (CC CCS),refined liquids (CC CCS),refined liquids (CC CCS) (seawater),missing,missing,missing,missing,missing,missing,missing,MTC
861,0.164912,0.490633,0.447451,0.576508,0.820538,1.17992,1.84175,2.58554,3.50604,innovation-DACHubs,high,Pakistan,industrial feedstocks,refined liquids,refined liquids,missing,missing,missing,missing,missing,missing,missing,MTC
862,0.0,0.0,0.0,0.0,0.0,0.00977978,0.0160865,0.0199775,0.0227413,innovation-DACHubs,high,Pakistan,lime,gas (CCS),lime (oxyflash CCS),missing,missing,missing,missing,missing,missing,missing,MTC
863,0.0,0.0,0.0,0.0,0.0,0.00982247,0.0321235,0.05863984,0.08509844,innovation-DACHubs,high,Pakistan,refining,coal to liquids,coal to liquids CCS level 1,missing,missing,missing,missing,missing,missing,missing,MTC
864,0.0,0.0,0.0,0.0,0.0,0.00803194,0.02789356,0.05224618,0.07686773,innovation-DACHubs,high,Pakistan,refining,coal to liquids,coal to liquids CCS level 2,missing,missing,missing,missing,missing,missing,missing,MTC
865,0.0,0.0,0.0,0.0,0.0,0.131341,0.125031,0.111683,0.0997878,innovation-DACHubs,high,Russia,DAC,DAC,DAC_solvent (oxy CCS),missing,missing,missing,missing,missing,missing,missing,MTC
866,0.0,0.0,0.0,0.0,0.0,0.0412473,0.0655688,0.0904198,0.127572,innovation-DACHubs,high,Russia,DAC,DAC,DAC_sorbent (oxy CCS),missing,missing,missing,missing,missing,missing,missing,MTC
867,0.0,0.0,0.0,0.0,0.0,0.621824,0.666054,0.530482,0.450281,innovation-DACHubs,high,Russia,H2 central production,biomass,biomass to H2 CCS,missing,missing,missing,missing,missing,missing,missing,MTC
868,0.0,0.0,0.0,0.0,0.0,0.0193789,0.177635,0.337618,0.512341,innovation-DACHubs,high,Russia,H2 central production,coal,coal chemical CCS,missing,missing,missing,missing,missing,missing,missing,MTC
869,0.0,0.0,0.0,0.0,0.0,0.0191489,0.0915489,0.190536,0.292545,innovation-DACHubs,high,Russia,H2 central production,gas,natural gas steam reforming CCS,missing,missing,missing,missing,missing,missing,missing,MTC
870,0.0,0.0,0.0,0.0,0.0,0.197555,0.523355,0.914391,1.322828,innovation-DACHubs,high,Russia,N fertilizer,gas,gas CCS,missing,missing,missing,missing,missing,missing,missing,MTC
871,0.0,0.0,0.0,0.0,0.0,0.561362,1.0364559999999998,1.375286,1.842514,innovation-DACHubs,high,Russia,biorefining,biomass liquids,FT biofuels CCS level 1,missing,missing,missing,missing,missing,missing,missing,MTC
872,0.0,0.0,0.0,0.0,0.0,0.664719,1.211156,1.588171,2.094135,innovation-DACHubs,high,Russia,biorefining,biomass liquids,FT biofuels CCS level 2,missing,missing,missing,missing,missing,missing,missing,MTC
873,0.0,0.0,0.0,0.0,0.0,0.316895,0.597479,0.807139,1.108079,innovation-DACHubs,high,Russia,biorefining,biomass liquids,cellulosic ethanol CCS level 1,missing,missing,missing,missing,missing,missing,missing,MTC
874,0.0,0.0,0.0,0.0,0.0,1.74871,3.13337,4.054097,5.252135,innovation-DACHubs,high,Russia,biorefining,biomass liquids,cellulosic ethanol CCS level 2,missing,missing,missing,missing,missing,missing,missing,MTC
875,0.0,0.0,0.0,0.0,0.0,0.499949,1.73256,2.57926,3.2397,innovation-DACHubs,high,Russia,cement,cement,cement CCS,missing,missing,missing,missing,missing,missing,missing,MTC
876,0.0,0.0,0.0,0.0,0.0,0.0194151,0.056428,0.0858459999999999,0.107857,innovation-DACHubs,high,Russia,elec_biomass (IGCC CCS),biomass (IGCC CCS),biomass (IGCC CCS) (once through),missing,missing,missing,missing,missing,missing,missing,MTC
877,0.0,0.0,0.0,0.0,0.0,0.194151,0.639961,0.947375,1.173802,innovation-DACHubs,high,Russia,elec_biomass (IGCC CCS),biomass (IGCC CCS),biomass (IGCC CCS) (recirculating),missing,missing,missing,missing,missing,missing,missing,MTC
878,0.0,0.0,0.0,0.0,0.0,0.00215723,0.0090945,0.01277099,0.01539396,innovation-DACHubs,high,Russia,elec_biomass (IGCC CCS),biomass (IGCC CCS),biomass (IGCC CCS) (seawater),missing,missing,missing,missing,missing,missing,missing,MTC
879,0.0,0.0,0.0,0.0,0.0,0.00109809,0.014566875,0.04295329,0.09450876,innovation-DACHubs,high,Russia,elec_biomass (conv CCS),biomass (conv CCS),biomass (conv CCS) (dry cooling),missing,missing,missing,missing,missing,missing,missing,MTC
880,0.0,0.0,0.0,0.0,0.0,0.0016082,0.02267869,0.06841972,0.15380662,innovation-DACHubs,high,Russia,elec_biomass (conv CCS),biomass (conv CCS),biomass (conv CCS) (once through),missing,missing,missing,missing,missing,missing,missing,MTC
881,0.0,0.0,0.0,0.0,0.0,0.00163478,0.02306403,0.06970764,0.15697865,innovation-DACHubs,high,Russia,elec_biomass (conv CCS),biomass (conv CCS),biomass (conv CCS) (recirculating),missing,missing,missing,missing,missing,missing,missing,MTC
882,0.0,0.0,0.0,0.0,0.0,0.00166277,0.0235832,0.07141821,0.16118642,innovation-DACHubs,high,Russia,elec_biomass (conv CCS),biomass (conv CCS),biomass (conv CCS) (seawater),missing,missing,missing,missing,missing,missing,missing,MTC
883,0.0,0.0,0.0,0.0,0.0,0.000734055,0.009377436,0.023325291,0.042633234,innovation-DACHubs,high,Russia,elec_coal (IGCC CCS),coal (IGCC CCS),coal (IGCC CCS) (once through),missing,missing,missing,missing,missing,missing,missing,MTC
884,0.0,0.0,0.0,0.0,0.0,0.00784083,0.09856186,0.24364235,0.44421832,innovation-DACHubs,high,Russia,elec_coal (IGCC CCS),coal (IGCC CCS),coal (IGCC CCS) (recirculating),missing,missing,missing,missing,missing,missing,missing,MTC
885,0.0,0.0,0.0,0.0,0.0,9.47528e-05,0.0011915596,0.0029169674,0.0052936314,innovation-DACHubs,high,Russia,elec_coal (IGCC CCS),coal (IGCC CCS),coal (IGCC CCS) (seawater),missing,missing,missing,missing,missing,missing,missing,MTC
886,0.0,0.0,0.0,0.0,0.0,0.00142673,0.0155744,0.03746461,0.06558506,innovation-DACHubs,high,Russia,elec_coal (conv pul CCS),coal (conv pul CCS),coal (conv pul CCS) (dry cooling),missing,missing,missing,missing,missing,missing,missing,MTC
887,0.0,0.0,0.0,0.0,0.0,0.00372215,0.04147376,0.09226511,0.15543634,innovation-DACHubs,high,Russia,elec_coal (conv pul CCS),coal (conv pul CCS),coal (conv pul CCS) (once through),missing,missing,missing,missing,missing,missing,missing,MTC
888,0.0,0.0,0.0,0.0,0.0,0.00397307,0.0436138,0.09646359,0.16210936,innovation-DACHubs,high,Russia,elec_coal (conv pul CCS),coal (conv pul CCS),coal (conv pul CCS) (recirculating),missing,missing,missing,missing,missing,missing,missing,MTC
889,0.0,0.0,0.0,0.0,0.0,0.0042915,0.04711641,0.10336182,0.17299458,innovation-DACHubs,high,Russia,elec_coal (conv pul CCS),coal (conv pul CCS),coal (conv pul CCS) (seawater),missing,missing,missing,missing,missing,missing,missing,MTC
890,0.0,0.0,0.0,0.0,0.0,0.0061244,0.027826185,0.028065441,0.027971185,innovation-DACHubs,high,Russia,elec_gas (CC CCS),biogas (CC CCS),biogas (CC CCS) (dry cooling),missing,missing,missing,missing,missing,missing,missing,MTC
891,0.0,0.0,0.0,0.0,0.0,0.00636831,0.029047187,0.0295225049999999,0.029590502,innovation-DACHubs,high,Russia,elec_gas (CC CCS),biogas (CC CCS),biogas (CC CCS) (recirculating),missing,missing,missing,missing,missing,missing,missing,MTC
892,0.0,0.0,0.0,0.0,0.0,0.00108383,0.0049437471,0.0050231567,0.0050340629,innovation-DACHubs,high,Russia,elec_gas (CC CCS),biogas (CC CCS),biogas (CC CCS) (seawater),missing,missing,missing,missing,missing,missing,missing,MTC
893,0.0,0.0,0.0,0.0,0.0,0.0723554,0.3572147,0.6336379,0.8884110000000001,innovation-DACHubs,high,Russia,elec_gas (CC CCS),gas (CC CCS),gas (CC CCS) (once through),missing,missing,missing,missing,missing,missing,missing,MTC
894,0.0,0.0,0.0,0.0,0.0,0.714306,3.52169,6.246982,8.760341,innovation-DACHubs,high,Russia,elec_gas (CC CCS),gas (CC CCS),gas (CC CCS) (recirculating),missing,missing,missing,missing,missing,missing,missing,MTC
895,0.0,0.0,0.0,0.0,0.0,0.00820166,0.04039156,0.07163139,0.10042388,innovation-DACHubs,high,Russia,elec_gas (CC CCS),gas (CC CCS),gas (CC CCS) (seawater),missing,missing,missing,missing,missing,missing,missing,MTC
896,0.0,0.0,0.0,0.0,0.0,0.0108286,0.03569643,0.03935613,0.04124668,innovation-DACHubs,high,Russia,elec_refined liquids (CC CCS),refined liquids (CC CCS),refined liquids (CC CCS) (once through),missing,missing,missing,missing,missing,missing,missing,MTC
897,0.0,0.0,0.0,0.0,0.0,0.109298,0.3598372,0.3978606,0.4178594,innovation-DACHubs,high,Russia,elec_refined liquids (CC CCS),refined liquids (CC CCS),refined liquids (CC CCS) (recirculating),missing,missing,missing,missing,missing,missing,missing,MTC
898,0.0,0.0,0.0,0.0,0.0,0.00122872,0.004046197,0.004474377,0.004699748,innovation-DACHubs,high,Russia,elec_refined liquids (CC CCS),refined liquids (CC CCS),refined liquids (CC CCS) (seawater),missing,missing,missing,missing,missing,missing,missing,MTC
899,15.6445,18.1813,21.7478,22.4326,23.3674,24.6428,27.9128,29.7428,31.4318,innovation-DACHubs,high,Russia,industrial feedstocks,refined liquids,refined liquids,missing,missing,missing,missing,missing,missing,missing,MTC
900,0.0,0.0,0.0,0.0,0.0,0.107248,0.15037,0.149341,0.152793,innovation-DACHubs,high,Russia,lime,gas (CCS),lime (oxyflash CCS),missing,missing,missing,missing,missing,missing,missing,MTC
901,0.0,0.0,0.0,0.0,0.0,0.0,0.108267,0.278605,0.490674,innovation-DACHubs,high,Russia,refining,coal to liquids,coal to liquids CCS level 1,missing,missing,missing,missing,missing,missing,missing,MTC
902,0.0,0.0,0.0,0.0,0.0,0.0,0.0999579,0.2624055,0.4715184999999999,innovation-DACHubs,high,Russia,refining,coal to liquids,coal to liquids CCS level 2,missing,missing,missing,missing,missing,missing,missing,MTC
903,0.0,0.0,0.0,0.0,0.0,0.0160343,0.0166426,0.0168705,0.0155247,innovation-DACHubs,high,South Africa,DAC,DAC,DAC_solvent (oxy CCS),missing,missing,missing,missing,missing,missing,missing,MTC
904,0.0,0.0,0.0,0.0,0.0,0.00927857,0.0144015,0.0205786,0.0284492,innovation-DACHubs,high,South Africa,DAC,DAC,DAC_sorbent (oxy CCS),missing,missing,missing,missing,missing,missing,missing,MTC
905,0.0,0.0,0.0,0.0,0.0,0.0336394,0.0404705,0.0363174,0.0318988,innovation-DACHubs,high,South Africa,H2 central production,biomass,biomass to H2 CCS,missing,missing,missing,missing,missing,missing,missing,MTC
906,0.0,0.0,0.0,0.0,0.0,0.00124804,0.0133158,0.0295375,0.0461562,innovation-DACHubs,high,South Africa,H2 central production,coal,coal chemical CCS,missing,missing,missing,missing,missing,missing,missing,MTC
907,0.0,0.0,0.0,0.0,0.0,0.00123765,0.00602384,0.0135331,0.021615,innovation-DACHubs,high,South Africa,H2 central production,gas,natural gas steam reforming CCS,missing,missing,missing,missing,missing,missing,missing,MTC
908,0.0,0.0,0.0,0.0,0.0,0.00629711,0.01676466,0.03037966,0.04574019,innovation-DACHubs,high,South Africa,N fertilizer,gas,gas CCS,missing,missing,missing,missing,missing,missing,missing,MTC
909,0.0,0.0,0.0,0.0,0.0,0.17552,0.348299,0.485212,0.6350060000000001,innovation-DACHubs,high,South Africa,biorefining,biomass liquids,FT biofuels CCS level 1,missing,missing,missing,missing,missing,missing,missing,MTC
910,0.0,0.0,0.0,0.0,0.0,0.203565,0.397988,0.5468959999999999,0.704754,innovation-DACHubs,high,South Africa,biorefining,biomass liquids,FT biofuels CCS level 2,missing,missing,missing,missing,missing,missing,missing,MTC
911,0.0,0.0,0.0,0.0,0.0,0.101942,0.206364,0.2925234,0.3913675,innovation-DACHubs,high,South Africa,biorefining,biomass liquids,cellulosic ethanol CCS level 1,missing,missing,missing,missing,missing,missing,missing,MTC
912,0.0,0.0,0.0,0.0,0.0,0.530781,1.018641,1.378507,1.747735,innovation-DACHubs,high,South Africa,biorefining,biomass liquids,cellulosic ethanol CCS level 2,missing,missing,missing,missing,missing,missing,missing,MTC
913,0.0,0.0,0.0,0.0,0.0,0.162724,0.528422,0.815437,1.04508,innovation-DACHubs,high,South Africa,cement,cement,cement CCS,missing,missing,missing,missing,missing,missing,missing,MTC
914,0.0,0.0,0.0,0.0,0.0,3.70502e-05,0.0066957858,0.0181558404,0.02871019,innovation-DACHubs,high,South Africa,elec_biomass (IGCC CCS),biomass (IGCC CCS),biomass (IGCC CCS) (dry cooling),missing,missing,missing,missing,missing,missing,missing,MTC
915,0.0,0.0,0.0,0.0,0.0,1.46593e-08,0.0001183379805,0.0007896743551999999,0.0018048964411,innovation-DACHubs,high,South Africa,elec_biomass (IGCC CCS),biomass (IGCC CCS),biomass (IGCC CCS) (once through),missing,missing,missing,missing,missing,missing,missing,MTC
916,0.0,0.0,0.0,0.0,0.0,0.0718436,0.2174641,0.3715621999999999,0.4933654,innovation-DACHubs,high,South Africa,elec_biomass (IGCC CCS),biomass (IGCC CCS),biomass (IGCC CCS) (recirculating),missing,missing,missing,missing,missing,missing,missing,MTC
917,0.0,0.0,0.0,0.0,0.0,0.0195125,0.02615156,0.03249284,0.03714253,innovation-DACHubs,high,South Africa,elec_biomass (IGCC CCS),biomass (IGCC CCS),biomass (IGCC CCS) (seawater),missing,missing,missing,missing,missing,missing,missing,MTC
918,0.0,0.0,0.0,0.0,0.0,0.000559,0.005681681,0.022081329,0.052995464,innovation-DACHubs,high,South Africa,elec_biomass (conv CCS),biomass (conv CCS),biomass (conv CCS) (dry cooling),missing,missing,missing,missing,missing,missing,missing,MTC
919,0.0,0.0,0.0,0.0,0.0,0.000282814,0.002029657,0.006519125,0.014019196,innovation-DACHubs,high,South Africa,elec_biomass (conv CCS),biomass (conv CCS),biomass (conv CCS) (once through),missing,missing,missing,missing,missing,missing,missing,MTC
920,0.0,0.0,0.0,0.0,0.0,0.000795162,0.008387992,0.033040706,0.080128156,innovation-DACHubs,high,South Africa,elec_biomass (conv CCS),biomass (conv CCS),biomass (conv CCS) (recirculating),missing,missing,missing,missing,missing,missing,missing,MTC
921,0.0,0.0,0.0,0.0,0.0,0.000830551,0.008897734,0.035303782,0.0859968479999999,innovation-DACHubs,high,South Africa,elec_biomass (conv CCS),biomass (conv CCS),biomass (conv CCS) (seawater),missing,missing,missing,missing,missing,missing,missing,MTC
922,0.0,0.0,0.0,0.0,0.0,0.000891088,0.008738322,0.030222243,0.0628494759999999,innovation-DACHubs,high,South Africa,elec_coal (IGCC CCS),coal (IGCC CCS),coal (IGCC CCS) (dry cooling),missing,missing,missing,missing,missing,missing,missing,MTC
923,0.0,0.0,0.0,0.0,0.0,5.11725e-05,0.0003693516,0.001351339,0.0030207318,innovation-DACHubs,high,South Africa,elec_coal (IGCC CCS),coal (IGCC CCS),coal (IGCC CCS) (once through),missing,missing,missing,missing,missing,missing,missing,MTC
924,0.0,0.0,0.0,0.0,0.0,0.0139168,0.1395542,0.4533629,0.9108194,innovation-DACHubs,high,South Africa,elec_coal (IGCC CCS),coal (IGCC CCS),coal (IGCC CCS) (recirculating),missing,missing,missing,missing,missing,missing,missing,MTC
925,0.0,0.0,0.0,0.0,0.0,0.00060208,0.006102684,0.019644953,0.03923157,innovation-DACHubs,high,South Africa,elec_coal (IGCC CCS),coal (IGCC CCS),coal (IGCC CCS) (seawater),missing,missing,missing,missing,missing,missing,missing,MTC
926,0.0,0.0,0.0,0.0,0.0,0.00382436,0.03375691,0.10254621,0.1952866,innovation-DACHubs,high,South Africa,elec_coal (conv pul CCS),coal (conv pul CCS),coal (conv pul CCS) (dry cooling),missing,missing,missing,missing,missing,missing,missing,MTC
927,0.0,0.0,0.0,0.0,0.0,0.000395477,0.002593492,0.00828216,0.016818494,innovation-DACHubs,high,South Africa,elec_coal (conv pul CCS),coal (conv pul CCS),coal (conv pul CCS) (once through),missing,missing,missing,missing,missing,missing,missing,MTC
928,0.0,0.0,0.0,0.0,0.0,0.00812444,0.07257053,0.2096421,0.38844765,innovation-DACHubs,high,South Africa,elec_coal (conv pul CCS),coal (conv pul CCS),coal (conv pul CCS) (recirculating),missing,missing,missing,missing,missing,missing,missing,MTC
929,0.0,0.0,0.0,0.0,0.0,0.00955954,0.0869144,0.24846944,0.45694382,innovation-DACHubs,high,South Africa,elec_coal (conv pul CCS),coal (conv pul CCS),coal (conv pul CCS) (seawater),missing,missing,missing,missing,missing,missing,missing,MTC
930,0.0,0.0,0.0,0.0,0.0,0.000146244,0.00036694,0.000546152,0.0006394952,innovation-DACHubs,high,South Africa,elec_gas (CC CCS),biogas (CC CCS),biogas (CC CCS) (dry cooling),missing,missing,missing,missing,missing,missing,missing,MTC
931,0.0,0.0,0.0,0.0,0.0,0.000152711,0.0003854577,0.0005771053,0.0006818534,innovation-DACHubs,high,South Africa,elec_gas (CC CCS),biogas (CC CCS),biogas (CC CCS) (recirculating),missing,missing,missing,missing,missing,missing,missing,MTC
932,0.0,0.0,0.0,0.0,0.0,2.64555e-05,6.690739e-05,0.00010024381,0.00011845011,innovation-DACHubs,high,South Africa,elec_gas (CC CCS),biogas (CC CCS),biogas (CC CCS) (seawater),missing,missing,missing,missing,missing,missing,missing,MTC
933,0.0,0.0,0.0,0.0,0.0,0.000408949,0.001573696,0.003680591,0.006197453,innovation-DACHubs,high,South Africa,elec_gas (CC CCS),gas (CC CCS),gas (CC CCS) (dry cooling),missing,missing,missing,missing,missing,missing,missing,MTC
934,0.0,0.0,0.0,0.0,0.0,0.00022897,0.000827166,0.0018493989999999,0.003052792,innovation-DACHubs,high,South Africa,elec_gas (CC CCS),gas (CC CCS),gas (CC CCS) (once through),missing,missing,missing,missing,missing,missing,missing,MTC
935,0.0,0.0,0.0,0.0,0.0,0.00419952,0.01638751,0.03874376,0.06560932,innovation-DACHubs,high,South Africa,elec_gas (CC CCS),gas (CC CCS),gas (CC CCS) (recirculating),missing,missing,missing,missing,missing,missing,missing,MTC
936,0.0,0.0,0.0,0.0,0.0,0.000167999,0.000657972,0.001560419,0.0026460249999999,innovation-DACHubs,high,South Africa,elec_gas (CC CCS),gas (CC CCS),gas (CC CCS) (seawater),missing,missing,missing,missing,missing,missing,missing,MTC
937,0.0,0.0,0.0,0.0,0.0,0.000246933,0.0006276552,0.0010011807,0.0011875242,innovation-DACHubs,high,South Africa,elec_refined liquids (CC CCS),refined liquids (CC CCS),refined liquids (CC CCS) (dry cooling),missing,missing,missing,missing,missing,missing,missing,MTC
938,0.0,0.0,0.0,0.0,0.0,9.41549e-05,0.00021266066,0.00030398762999999995,0.00033166491,innovation-DACHubs,high,South Africa,elec_refined liquids (CC CCS),refined liquids (CC CCS),refined liquids (CC CCS) (once through),missing,missing,missing,missing,missing,missing,missing,MTC
939,0.0,0.0,0.0,0.0,0.0,0.00224481,0.0058155429999999,0.009530575,0.011669741,innovation-DACHubs,high,South Africa,elec_refined liquids (CC CCS),refined liquids (CC CCS),refined liquids (CC CCS) (recirculating),missing,missing,missing,missing,missing,missing,missing,MTC
940,0.0,0.0,0.0,0.0,0.0,8.82063e-05,0.0002290313,0.00037615460000000006,0.00046139780000000006,innovation-DACHubs,high,South Africa,elec_refined liquids (CC CCS),refined liquids (CC CCS),refined liquids (CC CCS) (seawater),missing,missing,missing,missing,missing,missing,missing,MTC
941,1.13514,0.726925,2.5013,3.0064,3.6622,4.34362,5.57418,6.49254,7.34972,innovation-DACHubs,high,South Africa,industrial feedstocks,refined liquids,refined liquids,missing,missing,missing,missing,missing,missing,missing,MTC
942,0.0,0.0,0.0,0.0,0.0,0.0181481,0.0267138,0.0290129,0.0304265,innovation-DACHubs,high,South Africa,lime,gas (CCS),lime (oxyflash CCS),missing,missing,missing,missing,missing,missing,missing,MTC
943,0.0,0.0,0.0,0.0,0.0,0.00750564,0.0393003799999999,0.08152342,0.13396871,innovation-DACHubs,high,South Africa,refining,coal to liquids,coal to liquids CCS level 1,missing,missing,missing,missing,missing,missing,missing,MTC
944,0.0,0.0,0.0,0.0,0.0,0.00569446,0.0326324999999999,0.06999193,0.11792209,innovation-DACHubs,high,South Africa,refining,coal to liquids,coal to liquids CCS level 2,missing,missing,missing,missing,missing,missing,missing,MTC
945,0.0,0.0,0.0,0.0,0.0,0.0051842,0.00571601,0.00769569,0.00852189,innovation-DACHubs,high,South America_Northern,DAC,DAC,DAC_solvent (oxy CCS),missing,missing,missing,missing,missing,missing,missing,MTC
946,0.0,0.0,0.0,0.0,0.0,0.00178408,0.00293794,0.00503428,0.00774371,innovation-DACHubs,high,South America_Northern,DAC,DAC,DAC_sorbent (oxy CCS),missing,missing,missing,missing,missing,missing,missing,MTC
947,0.0,0.0,0.0,0.0,0.0,0.0119389,0.0133503,0.0102988,0.00903367,innovation-DACHubs,high,South America_Northern,H2 central production,biomass,biomass to H2 CCS,missing,missing,missing,missing,missing,missing,missing,MTC
948,0.0,0.0,0.0,0.0,0.0,0.000448952,0.00387333,0.00700479,0.0108459,innovation-DACHubs,high,South America_Northern,H2 central production,coal,coal chemical CCS,missing,missing,missing,missing,missing,missing,missing,MTC
949,0.0,0.0,0.0,0.0,0.0,0.000530517,0.00289922,0.00633394,0.011201,innovation-DACHubs,high,South America_Northern,H2 central production,gas,natural gas steam reforming CCS,missing,missing,missing,missing,missing,missing,missing,MTC
950,0.0,0.0,0.0,0.0,0.0,0.0103591,0.0280471,0.0486532,0.0699064,innovation-DACHubs,high,South America_Northern,N fertilizer,gas,gas CCS,missing,missing,missing,missing,missing,missing,missing,MTC
951,0.0,0.0,0.0,0.0,0.0,0.0227084,0.0434126,0.04835463,0.06297213,innovation-DACHubs,high,South America_Northern,biorefining,biomass liquids,FT biofuels CCS level 1,missing,missing,missing,missing,missing,missing,missing,MTC
952,0.0,0.0,0.0,0.0,0.0,0.026957,0.0510773,0.05671295,0.073078,innovation-DACHubs,high,South America_Northern,biorefining,biomass liquids,FT biofuels CCS level 2,missing,missing,missing,missing,missing,missing,missing,MTC
953,0.0,0.0,0.0,0.0,0.0,0.0109919,0.0212569,0.02376113,0.0313554,innovation-DACHubs,high,South America_Northern,biorefining,biomass liquids,cellulosic ethanol CCS level 1,missing,missing,missing,missing,missing,missing,missing,MTC
954,0.0,0.0,0.0,0.0,0.0,0.054341,0.1016875,0.1124594,0.1430493,innovation-DACHubs,high,South America_Northern,biorefining,biomass liquids,cellulosic ethanol CCS level 2,missing,missing,missing,missing,missing,missing,missing,MTC
955,0.0,0.0,0.0,0.0,0.0,0.0566049,0.187918,0.302251,0.402169,innovation-DACHubs,high,South America_Northern,cement,cement,cement CCS,missing,missing,missing,missing,missing,missing,missing,MTC
956,0.0,0.0,0.0,0.0,0.0,0.0,0.0,0.000360326,0.000679375,innovation-DACHubs,high,South America_Northern,elec_biomass (IGCC CCS),biomass (IGCC CCS),biomass (IGCC CCS) (dry cooling),missing,missing,missing,missing,missing,missing,missing,MTC
957,0.0,0.0,0.0,0.0,0.0,0.0,0.0,0.0010013,0.001720447,innovation-DACHubs,high,South America_Northern,elec_biomass (IGCC CCS),biomass (IGCC CCS),biomass (IGCC CCS) (once through),missing,missing,missing,missing,missing,missing,missing,MTC
958,0.0,0.0,0.0,0.0,0.0,0.0,0.0,0.0201137,0.034096,innovation-DACHubs,high,South America_Northern,elec_biomass (IGCC CCS),biomass (IGCC CCS),biomass (IGCC CCS) (recirculating),missing,missing,missing,missing,missing,missing,missing,MTC
959,0.0,0.0,0.0,0.0,0.0,0.0,0.0,0.00075836,0.001272946,innovation-DACHubs,high,South America_Northern,elec_biomass (IGCC CCS),biomass (IGCC CCS),biomass (IGCC CCS) (seawater),missing,missing,missing,missing,missing,missing,missing,MTC
960,0.0,0.0,0.0,0.0,0.0,0.0,0.0,0.00189136,0.00502341,innovation-DACHubs,high,South America_Northern,elec_biomass (conv CCS),biomass (conv CCS),biomass (conv CCS) (dry cooling),missing,missing,missing,missing,missing,missing,missing,MTC
961,0.0,0.0,0.0,0.0,0.0,0.0,0.0,0.00251086,0.00639116,innovation-DACHubs,high,South America_Northern,elec_biomass (conv CCS),biomass (conv CCS),biomass (conv CCS) (once through),missing,missing,missing,missing,missing,missing,missing,MTC
962,0.0,0.0,0.0,0.0,0.0,0.0,0.0,0.00303986,0.0082473199999999,innovation-DACHubs,high,South America_Northern,elec_biomass (conv CCS),biomass (conv CCS),biomass (conv CCS) (recirculating),missing,missing,missing,missing,missing,missing,missing,MTC
963,0.0,0.0,0.0,0.0,0.0,0.0,0.0,0.0031279,0.00851564,innovation-DACHubs,high,South America_Northern,elec_biomass (conv CCS),biomass (conv CCS),biomass (conv CCS) (seawater),missing,missing,missing,missing,missing,missing,missing,MTC
964,0.0,0.0,0.0,0.0,0.0,0.0,0.0,1.43444e-05,3.65101e-05,innovation-DACHubs,high,South America_Northern,elec_coal (IGCC CCS),coal (IGCC CCS),coal (IGCC CCS) (dry cooling),missing,missing,missing,missing,missing,missing,missing,MTC
965,0.0,0.0,0.0,0.0,0.0,0.0,0.0,3.88275e-05,9.02053e-05,innovation-DACHubs,high,South America_Northern,elec_coal (IGCC CCS),coal (IGCC CCS),coal (IGCC CCS) (once through),missing,missing,missing,missing,missing,missing,missing,MTC
966,0.0,0.0,0.0,0.0,0.0,0.0,0.0,0.000742449,0.0018656609999999,innovation-DACHubs,high,South America_Northern,elec_coal (IGCC CCS),coal (IGCC CCS),coal (IGCC CCS) (recirculating),missing,missing,missing,missing,missing,missing,missing,MTC
967,0.0,0.0,0.0,0.0,0.0,0.0,0.0,2.77685e-05,6.97718e-05,innovation-DACHubs,high,South America_Northern,elec_coal (IGCC CCS),coal (IGCC CCS),coal (IGCC CCS) (seawater),missing,missing,missing,missing,missing,missing,missing,MTC
968,0.0,0.0,0.0,0.0,0.0,0.0,0.0,0.000123311,0.000297528,innovation-DACHubs,high,South America_Northern,elec_coal (conv pul CCS),coal (conv pul CCS),coal (conv pul CCS) (dry cooling),missing,missing,missing,missing,missing,missing,missing,MTC
969,0.0,0.0,0.0,0.0,0.0,0.0,0.0,0.000185906,0.000412609,innovation-DACHubs,high,South America_Northern,elec_coal (conv pul CCS),coal (conv pul CCS),coal (conv pul CCS) (once through),missing,missing,missing,missing,missing,missing,missing,MTC
970,0.0,0.0,0.0,0.0,0.0,0.0,0.0,0.000282737,0.000674036,innovation-DACHubs,high,South America_Northern,elec_coal (conv pul CCS),coal (conv pul CCS),coal (conv pul CCS) (recirculating),missing,missing,missing,missing,missing,missing,missing,MTC
971,0.0,0.0,0.0,0.0,0.0,0.0,0.0,0.000302655,0.000722271,innovation-DACHubs,high,South America_Northern,elec_coal (conv pul CCS),coal (conv pul CCS),coal (conv pul CCS) (seawater),missing,missing,missing,missing,missing,missing,missing,MTC
972,0.0,0.0,0.0,0.0,0.0,0.0,0.0,0.00136314,0.001270157,innovation-DACHubs,high,South America_Northern,elec_gas (CC CCS),biogas (CC CCS),biogas (CC CCS) (dry cooling),missing,missing,missing,missing,missing,missing,missing,MTC
973,0.0,0.0,0.0,0.0,0.0,0.0,0.0,0.00144295,0.001370294,innovation-DACHubs,high,South America_Northern,elec_gas (CC CCS),biogas (CC CCS),biogas (CC CCS) (recirculating),missing,missing,missing,missing,missing,missing,missing,MTC
974,0.0,0.0,0.0,0.0,0.0,0.0,0.0,0.000246351,0.0002340534,innovation-DACHubs,high,South America_Northern,elec_gas (CC CCS),biogas (CC CCS),biogas (CC CCS) (seawater),missing,missing,missing,missing,missing,missing,missing,MTC
975,0.0,0.0,0.0,0.0,0.0,0.0,0.0,0.00598798,0.01174988,innovation-DACHubs,high,South America_Northern,elec_gas (CC CCS),gas (CC CCS),gas (CC CCS) (dry cooling),missing,missing,missing,missing,missing,missing,missing,MTC
976,0.0,0.0,0.0,0.0,0.0,0.0,0.0,0.0186173,0.03612,innovation-DACHubs,high,South America_Northern,elec_gas (CC CCS),gas (CC CCS),gas (CC CCS) (once through),missing,missing,missing,missing,missing,missing,missing,MTC
977,0.0,0.0,0.0,0.0,0.0,0.0,0.0,0.245689,0.4861149999999999,innovation-DACHubs,high,South America_Northern,elec_gas (CC CCS),gas (CC CCS),gas (CC CCS) (recirculating),missing,missing,missing,missing,missing,missing,missing,MTC
978,0.0,0.0,0.0,0.0,0.0,0.0,0.0,0.00896625,0.01776581,innovation-DACHubs,high,South America_Northern,elec_gas (CC CCS),gas (CC CCS),gas (CC CCS) (seawater),missing,missing,missing,missing,missing,missing,missing,MTC
979,0.0,0.0,0.0,0.0,0.0,0.0,0.0,0.0142435,0.01468204,innovation-DACHubs,high,South America_Northern,elec_refined liquids (CC CCS),refined liquids (CC CCS),refined liquids (CC CCS) (dry cooling),missing,missing,missing,missing,missing,missing,missing,MTC
980,0.0,0.0,0.0,0.0,0.0,0.0,0.0,0.0315915,0.03262603,innovation-DACHubs,high,South America_Northern,elec_refined liquids (CC CCS),refined liquids (CC CCS),refined liquids (CC CCS) (once through),missing,missing,missing,missing,missing,missing,missing,MTC
981,0.0,0.0,0.0,0.0,0.0,0.0,0.0,0.425362,0.464771,innovation-DACHubs,high,South America_Northern,elec_refined liquids (CC CCS),refined liquids (CC CCS),refined liquids (CC CCS) (recirculating),missing,missing,missing,missing,missing,missing,missing,MTC
982,0.0,0.0,0.0,0.0,0.0,0.0,0.0,0.0150613,0.01646916,innovation-DACHubs,high,South America_Northern,elec_refined liquids (CC CCS),refined liquids (CC CCS),refined liquids (CC CCS) (seawater),missing,missing,missing,missing,missing,missing,missing,MTC
983,0.71952,1.68073,0.41373,0.485017,0.659897,0.866132,1.08037,1.33855,1.62782,innovation-DACHubs,high,South America_Northern,industrial feedstocks,refined liquids,refined liquids,missing,missing,missing,missing,missing,missing,missing,MTC
984,0.0,0.0,0.0,0.0,0.0,0.0039317,0.00615048,0.00841175,0.0100403,innovation-DACHubs,high,South America_Northern,lime,gas (CCS),lime (oxyflash CCS),missing,missing,missing,missing,missing,missing,missing,MTC
985,0.0,0.0,0.0,0.0,0.0,0.0,0.0,0.0,0.0237886,innovation-DACHubs,high,South America_Northern,refining,coal to liquids,coal to liquids CCS level 1,missing,missing,missing,missing,missing,missing,missing,MTC
986,0.0,0.0,0.0,0.0,0.0,0.0,0.0,0.0,0.0237721,innovation-DACHubs,high,South America_Northern,refining,coal to liquids,coal to liquids CCS level 2,missing,missing,missing,missing,missing,missing,missing,MTC
987,0.0,0.0,0.0,0.0,0.0,0.0530366,0.055288,0.055242,0.053893,innovation-DACHubs,high,South America_Southern,DAC,DAC,DAC_solvent (oxy CCS),missing,missing,missing,missing,missing,missing,missing,MTC
988,0.0,0.0,0.0,0.0,0.0,0.0187927,0.0319999,0.049656,0.0763001,innovation-DACHubs,high,South America_Southern,DAC,DAC,DAC_sorbent (oxy CCS),missing,missing,missing,missing,missing,missing,missing,MTC
989,0.0,0.0,0.0,0.0,0.0,1.33397,1.3856,1.15199,0.978442,innovation-DACHubs,high,South America_Southern,H2 central production,biomass,biomass to H2 CCS,missing,missing,missing,missing,missing,missing,missing,MTC
990,0.0,0.0,0.0,0.0,0.0,0.0483817,0.389628,0.770937,1.15439,innovation-DACHubs,high,South America_Southern,H2 central production,coal,coal chemical CCS,missing,missing,missing,missing,missing,missing,missing,MTC
991,0.0,0.0,0.0,0.0,0.0,0.0420338,0.170006,0.338293,0.505886,innovation-DACHubs,high,South America_Southern,H2 central production,gas,natural gas steam reforming CCS,missing,missing,missing,missing,missing,missing,missing,MTC
992,0.0,0.0,0.0,0.0,0.0,0.0147654,0.0391113,0.077115,0.1237135,innovation-DACHubs,high,South America_Southern,N fertilizer,gas,gas CCS,missing,missing,missing,missing,missing,missing,missing,MTC
993,0.0,0.0,0.0,0.0,0.0,0.234524,0.4217539999999999,0.580634,0.7837909999999999,innovation-DACHubs,high,South America_Southern,biorefining,biomass liquids,FT biofuels CCS level 1,missing,missing,missing,missing,missing,missing,missing,MTC
994,0.0,0.0,0.0,0.0,0.0,0.276049,0.490325,0.666538,0.8856289999999999,innovation-DACHubs,high,South America_Southern,biorefining,biomass liquids,FT biofuels CCS level 2,missing,missing,missing,missing,missing,missing,missing,MTC
995,0.0,0.0,0.0,0.0,0.0,0.131829,0.241169,0.3373954,0.4654906,innovation-DACHubs,high,South America_Southern,biorefining,biomass liquids,cellulosic ethanol CCS level 1,missing,missing,missing,missing,missing,missing,missing,MTC
996,0.0,0.0,0.0,0.0,0.0,0.726291,1.269389,1.699992,2.21883,innovation-DACHubs,high,South America_Southern,biorefining,biomass liquids,cellulosic ethanol CCS level 2,missing,missing,missing,missing,missing,missing,missing,MTC
997,0.0,0.0,0.0,0.0,0.0,0.334493,1.09732,1.66976,2.11298,innovation-DACHubs,high,South America_Southern,cement,cement,cement CCS,missing,missing,missing,missing,missing,missing,missing,MTC
998,0.0,0.0,0.0,0.0,0.0,0.0244075,0.02668192,0.03451335,0.0414168699999999,innovation-DACHubs,high,South America_Southern,elec_biomass (IGCC CCS),biomass (IGCC CCS),biomass (IGCC CCS) (dry cooling),missing,missing,missing,missing,missing,missing,missing,MTC
999,0.0,0.0,0.0,0.0,0.0,0.0,0.000144414,0.002126054,0.0047684419999999,innovation-DACHubs,high,South America_Southern,elec_biomass (IGCC CCS),biomass (IGCC CCS),biomass (IGCC CCS) (once through),missing,missing,missing,missing,missing,missing,missing,MTC
1000,0.0,0.0,0.0,0.0,0.0,0.485799,0.833959,1.25028,1.548521,innovation-DACHubs,high,South America_Southern,elec_biomass (IGCC CCS),biomass (IGCC CCS),biomass (IGCC CCS) (recirculating),missing,missing,missing,missing,missing,missing,missing,MTC
1001,0.0,0.0,0.0,0.0,0.0,0.0169662,0.0333926,0.0496709,0.0609294,innovation-DACHubs,high,South America_Southern,elec_biomass (IGCC CCS),biomass (IGCC CCS),biomass (IGCC CCS) (seawater),missing,missing,missing,missing,missing,missing,missing,MTC
1002,0.0,0.0,0.0,0.0,0.0,0.00298501,0.0142248499999999,0.05643039,0.13111547,innovation-DACHubs,high,South America_Southern,elec_biomass (conv CCS),biomass (conv CCS),biomass (conv CCS) (dry cooling),missing,missing,missing,missing,missing,missing,missing,MTC
1003,0.0,0.0,0.0,0.0,0.0,0.00206441,0.00760248,0.0250436299999999,0.0498859,innovation-DACHubs,high,South America_Southern,elec_biomass (conv CCS),biomass (conv CCS),biomass (conv CCS) (once through),missing,missing,missing,missing,missing,missing,missing,MTC
1004,0.0,0.0,0.0,0.0,0.0,0.00433222,0.02156293,0.0874113,0.2065271099999999,innovation-DACHubs,high,South America_Southern,elec_biomass (conv CCS),biomass (conv CCS),biomass (conv CCS) (recirculating),missing,missing,missing,missing,missing,missing,missing,MTC
1005,0.0,0.0,0.0,0.0,0.0,0.00449036,0.02264169,0.09262118,0.22044079,innovation-DACHubs,high,South America_Southern,elec_biomass (conv CCS),biomass (conv CCS),biomass (conv CCS) (seawater),missing,missing,missing,missing,missing,missing,missing,MTC
1006,0.0,0.0,0.0,0.0,0.0,0.000202659,0.001057431,0.004194644,0.009322619,innovation-DACHubs,high,South America_Southern,elec_coal (IGCC CCS),coal (IGCC CCS),coal (IGCC CCS) (dry cooling),missing,missing,missing,missing,missing,missing,missing,MTC
1007,0.0,0.0,0.0,0.0,0.0,8.24388e-05,0.0003297837,0.0012344857999999,0.002582369,innovation-DACHubs,high,South America_Southern,elec_coal (IGCC CCS),coal (IGCC CCS),coal (IGCC CCS) (once through),missing,missing,missing,missing,missing,missing,missing,MTC
1008,0.0,0.0,0.0,0.0,0.0,0.0105546,0.0564043,0.2100096,0.45411,innovation-DACHubs,high,South America_Southern,elec_coal (IGCC CCS),coal (IGCC CCS),coal (IGCC CCS) (recirculating),missing,missing,missing,missing,missing,missing,missing,MTC
1009,0.0,0.0,0.0,0.0,0.0,0.000408088,0.002200146,0.008139323,0.0175648929999999,innovation-DACHubs,high,South America_Southern,elec_coal (IGCC CCS),coal (IGCC CCS),coal (IGCC CCS) (seawater),missing,missing,missing,missing,missing,missing,missing,MTC
1010,0.0,0.0,0.0,0.0,0.0,0.00261953,0.01251764,0.04297575,0.08779718,innovation-DACHubs,high,South America_Southern,elec_coal (conv pul CCS),coal (conv pul CCS),coal (conv pul CCS) (dry cooling),missing,missing,missing,missing,missing,missing,missing,MTC
1011,0.0,0.0,0.0,0.0,0.0,0.000637805,0.002365632,0.007686179,0.014829139,innovation-DACHubs,high,South America_Southern,elec_coal (conv pul CCS),coal (conv pul CCS),coal (conv pul CCS) (once through),missing,missing,missing,missing,missing,missing,missing,MTC
1012,0.0,0.0,0.0,0.0,0.0,0.00584707,0.0283668799999999,0.09230995,0.1839446699999999,innovation-DACHubs,high,South America_Southern,elec_coal (conv pul CCS),coal (conv pul CCS),coal (conv pul CCS) (recirculating),missing,missing,missing,missing,missing,missing,missing,MTC
1013,0.0,0.0,0.0,0.0,0.0,0.0066574,0.0327505,0.10598851,0.21096636,innovation-DACHubs,high,South America_Southern,elec_coal (conv pul CCS),coal (conv pul CCS),coal (conv pul CCS) (seawater),missing,missing,missing,missing,missing,missing,missing,MTC
1014,0.0,0.0,0.0,0.0,0.0,0.00227715,0.004209788,0.008740477,0.010596635,innovation-DACHubs,high,South America_Southern,elec_gas (CC CCS),biogas (CC CCS),biogas (CC CCS) (dry cooling),missing,missing,missing,missing,missing,missing,missing,MTC
1015,0.0,0.0,0.0,0.0,0.0,0.00239927,0.004504383,0.009331358,0.011424154,innovation-DACHubs,high,South America_Southern,elec_gas (CC CCS),biogas (CC CCS),biogas (CC CCS) (recirculating),missing,missing,missing,missing,missing,missing,missing,MTC
1016,0.0,0.0,0.0,0.0,0.0,0.000413442,0.0007776593,0.0016121894,0.0019757226,innovation-DACHubs,high,South America_Southern,elec_gas (CC CCS),biogas (CC CCS),biogas (CC CCS) (seawater),missing,missing,missing,missing,missing,missing,missing,MTC
1017,0.0,0.0,0.0,0.0,0.0,0.00467809,0.01222172,0.02817273,0.04614691,innovation-DACHubs,high,South America_Southern,elec_gas (CC CCS),gas (CC CCS),gas (CC CCS) (dry cooling),missing,missing,missing,missing,missing,missing,missing,MTC
1018,0.0,0.0,0.0,0.0,0.0,0.00899716,0.0225875,0.04997467,0.07952859,innovation-DACHubs,high,South America_Southern,elec_gas (CC CCS),gas (CC CCS),gas (CC CCS) (once through),missing,missing,missing,missing,missing,missing,missing,MTC
1019,0.0,0.0,0.0,0.0,0.0,0.170064,0.442364,1.015452,1.658753,innovation-DACHubs,high,South America_Southern,elec_gas (CC CCS),gas (CC CCS),gas (CC CCS) (recirculating),missing,missing,missing,missing,missing,missing,missing,MTC
1020,0.0,0.0,0.0,0.0,0.0,0.00621515,0.01617951,0.03717547,0.06076355,innovation-DACHubs,high,South America_Southern,elec_gas (CC CCS),gas (CC CCS),gas (CC CCS) (seawater),missing,missing,missing,missing,missing,missing,missing,MTC
1021,0.0,0.0,0.0,0.0,0.0,0.0150242,0.02002095,0.03633701,0.04199936,innovation-DACHubs,high,South America_Southern,elec_refined liquids (CC CCS),refined liquids (CC CCS),refined liquids (CC CCS) (dry cooling),missing,missing,missing,missing,missing,missing,missing,MTC
1022,0.0,0.0,0.0,0.0,0.0,0.0217625,0.02593954,0.04402645,0.0465025,innovation-DACHubs,high,South America_Southern,elec_refined liquids (CC CCS),refined liquids (CC CCS),refined liquids (CC CCS) (once through),missing,missing,missing,missing,missing,missing,missing,MTC
1023,0.0,0.0,0.0,0.0,0.0,0.440897,0.613324,1.119244,1.3302734,innovation-DACHubs,high,South America_Southern,elec_refined liquids (CC CCS),refined liquids (CC CCS),refined liquids (CC CCS) (recirculating),missing,missing,missing,missing,missing,missing,missing,MTC
1024,0.0,0.0,0.0,0.0,0.0,0.0156743,0.0218528999999999,0.03992105,0.04752908,innovation-DACHubs,high,South America_Southern,elec_refined liquids (CC CCS),refined liquids (CC CCS),refined liquids (CC CCS) (seawater),missing,missing,missing,missing,missing,missing,missing,MTC
1025,0.536577,0.921373,1.29204,1.9053,2.68364,3.5805,4.56101,5.63238,6.79462,innovation-DACHubs,high,South America_Southern,industrial feedstocks,refined liquids,refined liquids,missing,missing,missing,missing,missing,missing,missing,MTC
1026,0.0,0.0,0.0,0.0,0.0,0.0453199,0.0687517,0.0760706,0.0853979,innovation-DACHubs,high,South America_Southern,lime,gas (CCS),lime (oxyflash CCS),missing,missing,missing,missing,missing,missing,missing,MTC
1027,0.0,0.0,0.0,0.0,0.0,0.0108704,0.0438867,0.1221023,0.2220728,innovation-DACHubs,high,South America_Southern,refining,coal to liquids,coal to liquids CCS level 1,missing,missing,missing,missing,missing,missing,missing,MTC
1028,0.0,0.0,0.0,0.0,0.0,0.00915775,0.03959608,0.11452396,0.2134339499999999,innovation-DACHubs,high,South America_Southern,refining,coal to liquids,coal to liquids CCS level 2,missing,missing,missing,missing,missing,missing,missing,MTC
1029,0.0,0.0,0.0,0.0,0.0,0.0219325,0.0239633,0.0232995,0.021518,innovation-DACHubs,high,South Asia,DAC,DAC,DAC_solvent (oxy CCS),missing,missing,missing,missing,missing,missing,missing,MTC
1030,0.0,0.0,0.0,0.0,0.0,0.0107451,0.0189939,0.0291203,0.0424999,innovation-DACHubs,high,South Asia,DAC,DAC,DAC_sorbent (oxy CCS),missing,missing,missing,missing,missing,missing,missing,MTC
1031,0.0,0.0,0.0,0.0,0.0,0.0560426,0.069776,0.0663419,0.0625027,innovation-DACHubs,high,South Asia,H2 central production,biomass,biomass to H2 CCS,missing,missing,missing,missing,missing,missing,missing,MTC
1032,0.0,0.0,0.0,0.0,0.0,0.0016405,0.016792,0.0407516,0.070002,innovation-DACHubs,high,South Asia,H2 central production,coal,coal chemical CCS,missing,missing,missing,missing,missing,missing,missing,MTC
1033,0.0,0.0,0.0,0.0,0.0,0.00137289,0.00628779,0.0148962,0.0260128,innovation-DACHubs,high,South Asia,H2 central production,gas,natural gas steam reforming CCS,missing,missing,missing,missing,missing,missing,missing,MTC
1034,0.0,0.0,0.0,0.0,0.0,0.0153763,0.0400147,0.0705137,0.1063539,innovation-DACHubs,high,South Asia,N fertilizer,gas,gas CCS,missing,missing,missing,missing,missing,missing,missing,MTC
1035,0.0,0.0,0.0,0.0,0.0,0.20323,0.406099,0.588905,0.8035399999999999,innovation-DACHubs,high,South Asia,biorefining,biomass liquids,FT biofuels CCS level 1,missing,missing,missing,missing,missing,missing,missing,MTC
1036,0.0,0.0,0.0,0.0,0.0,0.236692,0.466106,0.665657,0.892292,innovation-DACHubs,high,South Asia,biorefining,biomass liquids,FT biofuels CCS level 2,missing,missing,missing,missing,missing,missing,missing,MTC
1037,0.0,0.0,0.0,0.0,0.0,0.119314,0.243636,0.360563,0.50512,innovation-DACHubs,high,South Asia,biorefining,biomass liquids,cellulosic ethanol CCS level 1,missing,missing,missing,missing,missing,missing,missing,MTC
1038,0.0,0.0,0.0,0.0,0.0,0.626398,1.210955,1.700165,2.237398,innovation-DACHubs,high,South Asia,biorefining,biomass liquids,cellulosic ethanol CCS level 2,missing,missing,missing,missing,missing,missing,missing,MTC
1039,0.0,0.0,0.0,0.0,0.0,0.114264,0.782862,1.57693,2.4068,innovation-DACHubs,high,South Asia,cement,cement,cement CCS,missing,missing,missing,missing,missing,missing,missing,MTC
1040,0.0,0.0,0.0,0.0,0.0,0.0,0.00193082,0.00558233,0.00956639,innovation-DACHubs,high,South Asia,elec_biomass (IGCC CCS),biomass (IGCC CCS),biomass (IGCC CCS) (dry cooling),missing,missing,missing,missing,missing,missing,missing,MTC
1041,0.0,0.0,0.0,0.0,0.0,0.0,8.43689e-06,0.00011138945,0.00027818364,innovation-DACHubs,high,South Asia,elec_biomass (IGCC CCS),biomass (IGCC CCS),biomass (IGCC CCS) (once through),missing,missing,missing,missing,missing,missing,missing,MTC
1042,0.0,0.0,0.0,0.0,0.0,0.0496692,0.0987906,0.1458486,0.1881450999999999,innovation-DACHubs,high,South Asia,elec_biomass (IGCC CCS),biomass (IGCC CCS),biomass (IGCC CCS) (recirculating),missing,missing,missing,missing,missing,missing,missing,MTC
1043,0.0,0.0,0.0,0.0,0.0,0.150163,0.366693,0.535921,0.681636,innovation-DACHubs,high,South Asia,elec_biomass (IGCC CCS),biomass (IGCC CCS),biomass (IGCC CCS) (seawater),missing,missing,missing,missing,missing,missing,missing,MTC
1044,0.0,0.0,0.0,0.0,0.0,0.0012311,0.01021353,0.03254849,0.07970643,innovation-DACHubs,high,South Asia,elec_biomass (conv CCS),biomass (conv CCS),biomass (conv CCS) (dry cooling),missing,missing,missing,missing,missing,missing,missing,MTC
1045,0.0,0.0,0.0,0.0,0.0,0.000322574,0.0011425428,0.002040213,0.0029042691999999,innovation-DACHubs,high,South Asia,elec_biomass (conv CCS),biomass (conv CCS),biomass (conv CCS) (once through),missing,missing,missing,missing,missing,missing,missing,MTC
1046,0.0,0.0,0.0,0.0,0.0,0.00173295,0.01477422,0.04730312,0.11564888,innovation-DACHubs,high,South Asia,elec_biomass (conv CCS),biomass (conv CCS),biomass (conv CCS) (recirculating),missing,missing,missing,missing,missing,missing,missing,MTC
1047,0.0,0.0,0.0,0.0,0.0,0.0018506,0.01633889,0.05334915,0.13297877,innovation-DACHubs,high,South Asia,elec_biomass (conv CCS),biomass (conv CCS),biomass (conv CCS) (seawater),missing,missing,missing,missing,missing,missing,missing,MTC
1048,0.0,0.0,0.0,0.0,0.0,9.23302e-05,0.0006957468,0.0019764035,0.0041553718,innovation-DACHubs,high,South Asia,elec_coal (IGCC CCS),coal (IGCC CCS),coal (IGCC CCS) (dry cooling),missing,missing,missing,missing,missing,missing,missing,MTC
1049,0.0,0.0,0.0,0.0,0.0,8.26132e-06,3.177824e-05,7.291816e-05,0.00011546575,innovation-DACHubs,high,South Asia,elec_coal (IGCC CCS),coal (IGCC CCS),coal (IGCC CCS) (once through),missing,missing,missing,missing,missing,missing,missing,MTC
1050,0.0,0.0,0.0,0.0,0.0,0.00125332,0.00947114,0.02556688,0.05178939,innovation-DACHubs,high,South Asia,elec_coal (IGCC CCS),coal (IGCC CCS),coal (IGCC CCS) (recirculating),missing,missing,missing,missing,missing,missing,missing,MTC
1051,0.0,0.0,0.0,0.0,0.0,0.00435298,0.03367016,0.09069758,0.18388793,innovation-DACHubs,high,South Asia,elec_coal (IGCC CCS),coal (IGCC CCS),coal (IGCC CCS) (seawater),missing,missing,missing,missing,missing,missing,missing,MTC
1052,0.0,0.0,0.0,0.0,0.0,0.00142111,0.00973211,0.02448187,0.04678058,innovation-DACHubs,high,South Asia,elec_coal (conv pul CCS),coal (conv pul CCS),coal (conv pul CCS) (dry cooling),missing,missing,missing,missing,missing,missing,missing,MTC
1053,0.0,0.0,0.0,0.0,0.0,4.83111e-05,0.00017005410000000003,0.0003356831,0.0004633367,innovation-DACHubs,high,South Asia,elec_coal (conv pul CCS),coal (conv pul CCS),coal (conv pul CCS) (once through),missing,missing,missing,missing,missing,missing,missing,MTC
1054,0.0,0.0,0.0,0.0,0.0,0.00272067,0.0182813,0.0439505399999999,0.08101589,innovation-DACHubs,high,South Asia,elec_coal (conv pul CCS),coal (conv pul CCS),coal (conv pul CCS) (recirculating),missing,missing,missing,missing,missing,missing,missing,MTC
1055,0.0,0.0,0.0,0.0,0.0,0.00335504,0.02351533,0.05660143,0.10485083,innovation-DACHubs,high,South Asia,elec_coal (conv pul CCS),coal (conv pul CCS),coal (conv pul CCS) (seawater),missing,missing,missing,missing,missing,missing,missing,MTC
1056,0.0,0.0,0.0,0.0,0.0,0.0115881,0.026878462,0.031061939,0.0358823209999999,innovation-DACHubs,high,South Asia,elec_gas (CC CCS),biogas (CC CCS),biogas (CC CCS) (dry cooling),missing,missing,missing,missing,missing,missing,missing,MTC
1057,0.0,0.0,0.0,0.0,0.0,0.0119644,0.02782277,0.03229161,0.037295747,innovation-DACHubs,high,South Asia,elec_gas (CC CCS),biogas (CC CCS),biogas (CC CCS) (recirculating),missing,missing,missing,missing,missing,missing,missing,MTC
1058,0.0,0.0,0.0,0.0,0.0,0.00209513,0.004909974,0.005726129,0.006647658,innovation-DACHubs,high,South Asia,elec_gas (CC CCS),biogas (CC CCS),biogas (CC CCS) (seawater),missing,missing,missing,missing,missing,missing,missing,MTC
1059,0.0,0.0,0.0,0.0,0.0,0.0131975,0.0413463,0.0733792,0.1091658,innovation-DACHubs,high,South Asia,elec_gas (CC CCS),gas (CC CCS),gas (CC CCS) (dry cooling),missing,missing,missing,missing,missing,missing,missing,MTC
1060,0.0,0.0,0.0,0.0,0.0,0.0146338,0.0382951,0.0596558,0.0778806,innovation-DACHubs,high,South Asia,elec_gas (CC CCS),gas (CC CCS),gas (CC CCS) (once through),missing,missing,missing,missing,missing,missing,missing,MTC
1061,0.0,0.0,0.0,0.0,0.0,0.28276,0.883131,1.56457,2.321122,innovation-DACHubs,high,South Asia,elec_gas (CC CCS),gas (CC CCS),gas (CC CCS) (recirculating),missing,missing,missing,missing,missing,missing,missing,MTC
1062,0.0,0.0,0.0,0.0,0.0,0.283292,0.8900969999999999,1.5835940000000002,2.3587800000000003,innovation-DACHubs,high,South Asia,elec_gas (CC CCS),gas (CC CCS),gas (CC CCS) (seawater),missing,missing,missing,missing,missing,missing,missing,MTC
1063,0.0,0.0,0.0,0.0,0.0,0.00913189,0.01650444,0.01917683,0.02188006,innovation-DACHubs,high,South Asia,elec_refined liquids (CC CCS),refined liquids (CC CCS),refined liquids (CC CCS) (dry cooling),missing,missing,missing,missing,missing,missing,missing,MTC
1064,0.0,0.0,0.0,0.0,0.0,0.00655515,0.008422131,0.0071921569999999,0.006066886,innovation-DACHubs,high,South Asia,elec_refined liquids (CC CCS),refined liquids (CC CCS),refined liquids (CC CCS) (once through),missing,missing,missing,missing,missing,missing,missing,MTC
1065,0.0,0.0,0.0,0.0,0.0,0.168693,0.3107891,0.3719414,0.432806,innovation-DACHubs,high,South Asia,elec_refined liquids (CC CCS),refined liquids (CC CCS),refined liquids (CC CCS) (recirculating),missing,missing,missing,missing,missing,missing,missing,MTC
1066,0.0,0.0,0.0,0.0,0.0,0.16411,0.3042357,0.3664239,0.4290192,innovation-DACHubs,high,South Asia,elec_refined liquids (CC CCS),refined liquids (CC CCS),refined liquids (CC CCS) (seawater),missing,missing,missing,missing,missing,missing,missing,MTC
1067,0.154671,0.150824,0.256488,0.439358,0.673506,0.978188,1.50615,2.11466,2.86088,innovation-DACHubs,high,South Asia,industrial feedstocks,refined liquids,refined liquids,missing,missing,missing,missing,missing,missing,missing,MTC
1068,0.0,0.0,0.0,0.0,0.0,0.022132,0.0357168,0.0396876,0.0435628,innovation-DACHubs,high,South Asia,lime,gas (CCS),lime (oxyflash CCS),missing,missing,missing,missing,missing,missing,missing,MTC
1069,0.0,0.0,0.0,0.0,0.0,0.00825275,0.0248147599999999,0.04975097,0.08194511,innovation-DACHubs,high,South Asia,refining,coal to liquids,coal to liquids CCS level 1,missing,missing,missing,missing,missing,missing,missing,MTC
1070,0.0,0.0,0.0,0.0,0.0,0.00675328,0.0215479199999999,0.04457664,0.07501043,innovation-DACHubs,high,South Asia,refining,coal to liquids,coal to liquids CCS level 2,missing,missing,missing,missing,missing,missing,missing,MTC
1071,0.0,0.0,0.0,0.0,0.0,0.00721534,0.00632961,0.00601058,0.00550726,innovation-DACHubs,high,South Korea,DAC,DAC,DAC_solvent (oxy CCS),missing,missing,missing,missing,missing,missing,missing,MTC
1072,0.0,0.0,0.0,0.0,0.0,0.00576021,0.00695969,0.00878203,0.0106854,innovation-DACHubs,high,South Korea,DAC,DAC,DAC_sorbent (oxy CCS),missing,missing,missing,missing,missing,missing,missing,MTC
1073,0.0,0.0,0.0,0.0,0.0,0.0742418,0.0906977,0.0845755,0.076763,innovation-DACHubs,high,South Korea,H2 central production,biomass,biomass to H2 CCS,missing,missing,missing,missing,missing,missing,missing,MTC
1074,0.0,0.0,0.0,0.0,0.0,0.000267643,0.00373945,0.0145468,0.0370328,innovation-DACHubs,high,South Korea,H2 central production,coal,coal chemical CCS,missing,missing,missing,missing,missing,missing,missing,MTC
1075,0.0,0.0,0.0,0.0,0.0,0.00279778,0.0162338,0.0419456,0.0809215,innovation-DACHubs,high,South Korea,H2 central production,gas,natural gas steam reforming CCS,missing,missing,missing,missing,missing,missing,missing,MTC
1076,0.0,0.0,0.0,0.0,0.0,0.000437181,0.001289931,0.002301843,0.003450714,innovation-DACHubs,high,South Korea,N fertilizer,gas,gas CCS,missing,missing,missing,missing,missing,missing,missing,MTC
1077,0.0,0.0,0.0,0.0,0.0,0.0898171,0.1999753,0.2872628,0.3940104,innovation-DACHubs,high,South Korea,biorefining,biomass liquids,FT biofuels CCS level 1,missing,missing,missing,missing,missing,missing,missing,MTC
1078,0.0,0.0,0.0,0.0,0.0,0.0862266,0.1891338,0.2681605,0.3623204,innovation-DACHubs,high,South Korea,biorefining,biomass liquids,FT biofuels CCS level 2,missing,missing,missing,missing,missing,missing,missing,MTC
1079,0.0,0.0,0.0,0.0,0.0,0.093629,0.2115944,0.3072889,0.4272789999999999,innovation-DACHubs,high,South Korea,biorefining,biomass liquids,cellulosic ethanol CCS level 1,missing,missing,missing,missing,missing,missing,missing,MTC
1080,0.0,0.0,0.0,0.0,0.0,0.206773,0.445154,0.621935,0.8267169999999999,innovation-DACHubs,high,South Korea,biorefining,biomass liquids,cellulosic ethanol CCS level 2,missing,missing,missing,missing,missing,missing,missing,MTC
1081,0.0,0.0,0.0,0.0,0.0,0.00500375,0.0581174,0.154536,0.269283,innovation-DACHubs,high,South Korea,cement,cement,cement CCS,missing,missing,missing,missing,missing,missing,missing,MTC
1082,0.0,0.0,0.0,0.0,0.0,0.000162491,0.000401925,0.000598046,0.0007094967,innovation-DACHubs,high,South Korea,elec_biomass (IGCC CCS),biomass (IGCC CCS),biomass (IGCC CCS) (dry cooling),missing,missing,missing,missing,missing,missing,missing,MTC
1083,0.0,0.0,0.0,0.0,0.0,0.00564483,0.01376083,0.02037915,0.02426908,innovation-DACHubs,high,South Korea,elec_biomass (IGCC CCS),biomass (IGCC CCS),biomass (IGCC CCS) (recirculating),missing,missing,missing,missing,missing,missing,missing,MTC
1084,0.0,0.0,0.0,0.0,0.0,0.00155493,0.00378323,0.00559394,0.006657495,innovation-DACHubs,high,South Korea,elec_biomass (IGCC CCS),biomass (IGCC CCS),biomass (IGCC CCS) (seawater),missing,missing,missing,missing,missing,missing,missing,MTC
1085,0.0,0.0,0.0,0.0,0.0,6.98602e-05,0.0004021091,0.00099138759,0.00182670437,innovation-DACHubs,high,South Korea,elec_biomass (conv CCS),biomass (conv CCS),biomass (conv CCS) (dry cooling),missing,missing,missing,missing,missing,missing,missing,MTC
1086,0.0,0.0,0.0,0.0,0.0,4.01195e-05,0.00018361245,0.00038706615,0.00061364186,innovation-DACHubs,high,South Korea,elec_biomass (conv CCS),biomass (conv CCS),biomass (conv CCS) (once through),missing,missing,missing,missing,missing,missing,missing,MTC
1087,0.0,0.0,0.0,0.0,0.0,9.27512e-05,0.00054109248,0.0013537339999999,0.0025415308,innovation-DACHubs,high,South Korea,elec_biomass (conv CCS),biomass (conv CCS),biomass (conv CCS) (recirculating),missing,missing,missing,missing,missing,missing,missing,MTC
1088,0.0,0.0,0.0,0.0,0.0,9.56903e-05,0.00056320666,0.0014182103,0.0026800357999999,innovation-DACHubs,high,South Korea,elec_biomass (conv CCS),biomass (conv CCS),biomass (conv CCS) (seawater),missing,missing,missing,missing,missing,missing,missing,MTC
1089,0.0,0.0,0.0,0.0,0.0,1.20716e-05,9.967312e-05,0.00029781231,0.00060688047,innovation-DACHubs,high,South Korea,elec_coal (IGCC CCS),coal (IGCC CCS),coal (IGCC CCS) (dry cooling),missing,missing,missing,missing,missing,missing,missing,MTC
1090,0.0,0.0,0.0,0.0,0.0,0.000392421,0.003278794,0.009892737,0.020331911,innovation-DACHubs,high,South Korea,elec_coal (IGCC CCS),coal (IGCC CCS),coal (IGCC CCS) (recirculating),missing,missing,missing,missing,missing,missing,missing,MTC
1091,0.0,0.0,0.0,0.0,0.0,0.00010662,0.0008948411,0.0027063701,0.0055735427,innovation-DACHubs,high,South Korea,elec_coal (IGCC CCS),coal (IGCC CCS),coal (IGCC CCS) (seawater),missing,missing,missing,missing,missing,missing,missing,MTC
1092,0.0,0.0,0.0,0.0,0.0,9.27043e-05,0.0007074310999999999,0.0019175589,0.0036425862,innovation-DACHubs,high,South Korea,elec_coal (conv pul CCS),coal (conv pul CCS),coal (conv pul CCS) (dry cooling),missing,missing,missing,missing,missing,missing,missing,MTC
1093,0.0,0.0,0.0,0.0,0.0,3.23001e-05,0.00019327509,0.00042959006,0.00067531913,innovation-DACHubs,high,South Korea,elec_coal (conv pul CCS),coal (conv pul CCS),coal (conv pul CCS) (once through),missing,missing,missing,missing,missing,missing,missing,MTC
1094,0.0,0.0,0.0,0.0,0.0,0.000132143,0.0010180938,0.0027949253,0.0053688631,innovation-DACHubs,high,South Korea,elec_coal (conv pul CCS),coal (conv pul CCS),coal (conv pul CCS) (recirculating),missing,missing,missing,missing,missing,missing,missing,MTC
1095,0.0,0.0,0.0,0.0,0.0,0.000139852,0.0010868,0.0030015072999999,0.0057951484,innovation-DACHubs,high,South Korea,elec_coal (conv pul CCS),coal (conv pul CCS),coal (conv pul CCS) (seawater),missing,missing,missing,missing,missing,missing,missing,MTC
1096,0.0,0.0,0.0,0.0,0.0,3.23908e-05,0.00014175872,0.00024703158,0.00034461275,innovation-DACHubs,high,South Korea,elec_gas (CC CCS),biogas (CC CCS),biogas (CC CCS) (dry cooling),missing,missing,missing,missing,missing,missing,missing,MTC
1097,0.0,0.0,0.0,0.0,0.0,3.25443e-05,0.00014251637,0.00024854937,0.00034742876999999995,innovation-DACHubs,high,South Korea,elec_gas (CC CCS),biogas (CC CCS),biogas (CC CCS) (recirculating),missing,missing,missing,missing,missing,missing,missing,MTC
1098,0.0,0.0,0.0,0.0,0.0,5.64142e-06,2.4769448e-05,4.324778e-05,6.0505345e-05,innovation-DACHubs,high,South Korea,elec_gas (CC CCS),biogas (CC CCS),biogas (CC CCS) (seawater),missing,missing,missing,missing,missing,missing,missing,MTC
1099,0.0,0.0,0.0,0.0,0.0,2.79205e-05,0.0001473473,0.0003642658,0.0006636433,innovation-DACHubs,high,South Korea,elec_gas (CC CCS),gas (CC CCS),gas (CC CCS) (dry cooling),missing,missing,missing,missing,missing,missing,missing,MTC
1100,0.0,0.0,0.0,0.0,0.0,0.000933527,0.004953273,0.012321242,0.0225312459999999,innovation-DACHubs,high,South Korea,elec_gas (CC CCS),gas (CC CCS),gas (CC CCS) (recirculating),missing,missing,missing,missing,missing,missing,missing,MTC
1101,0.0,0.0,0.0,0.0,0.0,0.000254293,0.001353274,0.003374045,0.0061791,innovation-DACHubs,high,South Korea,elec_gas (CC CCS),gas (CC CCS),gas (CC CCS) (seawater),missing,missing,missing,missing,missing,missing,missing,MTC
1102,0.0,0.0,0.0,0.0,0.0,0.000503289,0.0010641935,0.0012010939,0.0011369757,innovation-DACHubs,high,South Korea,elec_refined liquids (CC CCS),refined liquids (CC CCS),refined liquids (CC CCS) (dry cooling),missing,missing,missing,missing,missing,missing,missing,MTC
1103,0.0,0.0,0.0,0.0,0.0,0.0149485,0.031876153,0.036612896,0.0354587269999999,innovation-DACHubs,high,South Korea,elec_refined liquids (CC CCS),refined liquids (CC CCS),refined liquids (CC CCS) (recirculating),missing,missing,missing,missing,missing,missing,missing,MTC
1104,0.0,0.0,0.0,0.0,0.0,0.00398768,0.008522093,0.009810359,0.009522466,innovation-DACHubs,high,South Korea,elec_refined liquids (CC CCS),refined liquids (CC CCS),refined liquids (CC CCS) (seawater),missing,missing,missing,missing,missing,missing,missing,MTC
1105,5.27247,24.9131,38.4588,38.2978,37.9478,37.2877,35.5627,33.8353,32.0605,innovation-DACHubs,high,South Korea,industrial feedstocks,refined liquids,refined liquids,missing,missing,missing,missing,missing,missing,missing,MTC
1106,0.0,0.0,0.0,0.0,0.0,0.0190063,0.0224551,0.0216682,0.0204211,innovation-DACHubs,high,South Korea,lime,gas (CCS),lime (oxyflash CCS),missing,missing,missing,missing,missing,missing,missing,MTC
1107,0.0,0.0,0.0,0.0,0.0,0.0,0.00621137,0.02383262,0.04476617,innovation-DACHubs,high,South Korea,refining,coal to liquids,coal to liquids CCS level 1,missing,missing,missing,missing,missing,missing,missing,MTC
1108,0.0,0.0,0.0,0.0,0.0,0.0,0.00364357,0.01401671,0.02611336,innovation-DACHubs,high,South Korea,refining,coal to liquids,coal to liquids CCS level 2,missing,missing,missing,missing,missing,missing,missing,MTC
1109,0.0,0.0,0.0,0.0,0.0,0.157706,0.146915,0.140832,0.130174,innovation-DACHubs,high,Southeast Asia,DAC,DAC,DAC_solvent (oxy CCS),missing,missing,missing,missing,missing,missing,missing,MTC
1110,0.0,0.0,0.0,0.0,0.0,0.0596853,0.0945119,0.144837,0.218613,innovation-DACHubs,high,Southeast Asia,DAC,DAC,DAC_sorbent (oxy CCS),missing,missing,missing,missing,missing,missing,missing,MTC
1111,0.0,0.0,0.0,0.0,0.0,0.261774,0.274175,0.257642,0.243633,innovation-DACHubs,high,Southeast Asia,H2 central production,biomass,biomass to H2 CCS,missing,missing,missing,missing,missing,missing,missing,MTC
1112,0.0,0.0,0.0,0.0,0.0,0.00933908,0.0768123,0.181655,0.31361,innovation-DACHubs,high,Southeast Asia,H2 central production,coal,coal chemical CCS,missing,missing,missing,missing,missing,missing,missing,MTC
1113,0.0,0.0,0.0,0.0,0.0,0.00796544,0.0337704,0.0761704,0.125739,innovation-DACHubs,high,Southeast Asia,H2 central production,gas,natural gas steam reforming CCS,missing,missing,missing,missing,missing,missing,missing,MTC
1114,0.0,0.0,0.0,0.0,0.0,0.0621112,0.224491,0.4501477,0.727771,innovation-DACHubs,high,Southeast Asia,N fertilizer,coal,coal CCS,missing,missing,missing,missing,missing,missing,missing,MTC
1115,0.0,0.0,0.0,0.0,0.0,0.0401937,0.1068515999999999,0.1960248,0.3034679,innovation-DACHubs,high,Southeast Asia,N fertilizer,gas,gas CCS,missing,missing,missing,missing,missing,missing,missing,MTC
1116,0.0,0.0,0.0,0.0,0.0,1.42058,2.6287000000000003,3.72074,5.01229,innovation-DACHubs,high,Southeast Asia,biorefining,biomass liquids,FT biofuels CCS level 1,missing,missing,missing,missing,missing,missing,missing,MTC
1117,0.0,0.0,0.0,0.0,0.0,1.66355,3.02969,4.22611,5.60214,innovation-DACHubs,high,Southeast Asia,biorefining,biomass liquids,FT biofuels CCS level 2,missing,missing,missing,missing,missing,missing,missing,MTC
1118,0.0,0.0,0.0,0.0,0.0,0.809901,1.537895,2.21768,3.050927,innovation-DACHubs,high,Southeast Asia,biorefining,biomass liquids,cellulosic ethanol CCS level 1,missing,missing,missing,missing,missing,missing,missing,MTC
1119,0.0,0.0,0.0,0.0,0.0,4.37219,7.82015,10.73058,13.9742,innovation-DACHubs,high,Southeast Asia,biorefining,biomass liquids,cellulosic ethanol CCS level 2,missing,missing,missing,missing,missing,missing,missing,MTC
1120,0.0,0.0,0.0,0.0,0.0,0.911103,4.78678,8.3271,10.9498,innovation-DACHubs,high,Southeast Asia,cement,cement,cement CCS,missing,missing,missing,missing,missing,missing,missing,MTC
1121,0.0,0.0,0.0,0.0,0.0,0.0,0.00908655,0.02576334,0.04164821,innovation-DACHubs,high,Southeast Asia,elec_biomass (IGCC CCS),biomass (IGCC CCS),biomass (IGCC CCS) (dry cooling),missing,missing,missing,missing,missing,missing,missing,MTC
1122,0.0,0.0,0.0,0.0,0.0,0.0,0.00906485,0.03486573,0.06280462,innovation-DACHubs,high,Southeast Asia,elec_biomass (IGCC CCS),biomass (IGCC CCS),biomass (IGCC CCS) (once through),missing,missing,missing,missing,missing,missing,missing,MTC
1123,0.0,0.0,0.0,0.0,0.0,0.317097,0.549276,0.7761560000000001,0.955885,innovation-DACHubs,high,Southeast Asia,elec_biomass (IGCC CCS),biomass (IGCC CCS),biomass (IGCC CCS) (recirculating),missing,missing,missing,missing,missing,missing,missing,MTC
1124,0.0,0.0,0.0,0.0,0.0,0.958666,1.783494,2.522994,3.096582,innovation-DACHubs,high,Southeast Asia,elec_biomass (IGCC CCS),biomass (IGCC CCS),biomass (IGCC CCS) (seawater),missing,missing,missing,missing,missing,missing,missing,MTC
1125,0.0,0.0,0.0,0.0,0.0,0.00697318,0.03756061,0.1252862,0.29275202,innovation-DACHubs,high,Southeast Asia,elec_biomass (conv CCS),biomass (conv CCS),biomass (conv CCS) (dry cooling),missing,missing,missing,missing,missing,missing,missing,MTC
1126,0.0,0.0,0.0,0.0,0.0,0.00694318,0.03319023,0.10213973,0.22337773,innovation-DACHubs,high,Southeast Asia,elec_biomass (conv CCS),biomass (conv CCS),biomass (conv CCS) (once through),missing,missing,missing,missing,missing,missing,missing,MTC
1127,0.0,0.0,0.0,0.0,0.0,0.0101569,0.05708467,0.19374636,0.45937818,innovation-DACHubs,high,Southeast Asia,elec_biomass (conv CCS),biomass (conv CCS),biomass (conv CCS) (recirculating),missing,missing,missing,missing,missing,missing,missing,MTC
1128,0.0,0.0,0.0,0.0,0.0,0.0104168,0.05899948,0.20115185,0.4787902699999999,innovation-DACHubs,high,Southeast Asia,elec_biomass (conv CCS),biomass (conv CCS),biomass (conv CCS) (seawater),missing,missing,missing,missing,missing,missing,missing,MTC
1129,0.0,0.0,0.0,0.0,0.0,0.000984513,0.0059760299999999,0.019811349,0.043433751,innovation-DACHubs,high,Southeast Asia,elec_coal (IGCC CCS),coal (IGCC CCS),coal (IGCC CCS) (dry cooling),missing,missing,missing,missing,missing,missing,missing,MTC
1130,0.0,0.0,0.0,0.0,0.0,0.00190762,0.01005848,0.03159207,0.06603922,innovation-DACHubs,high,Southeast Asia,elec_coal (IGCC CCS),coal (IGCC CCS),coal (IGCC CCS) (once through),missing,missing,missing,missing,missing,missing,missing,MTC
1131,0.0,0.0,0.0,0.0,0.0,0.0148878,0.0888259,0.2799369,0.6011691,innovation-DACHubs,high,Southeast Asia,elec_coal (IGCC CCS),coal (IGCC CCS),coal (IGCC CCS) (recirculating),missing,missing,missing,missing,missing,missing,missing,MTC
1132,0.0,0.0,0.0,0.0,0.0,0.048814,0.2913752,0.9139222,1.959662,innovation-DACHubs,high,Southeast Asia,elec_coal (IGCC CCS),coal (IGCC CCS),coal (IGCC CCS) (seawater),missing,missing,missing,missing,missing,missing,missing,MTC
1133,0.0,0.0,0.0,0.0,0.0,0.014144,0.0760542999999999,0.2208973,0.4452768,innovation-DACHubs,high,Southeast Asia,elec_coal (conv pul CCS),coal (conv pul CCS),coal (conv pul CCS) (dry cooling),missing,missing,missing,missing,missing,missing,missing,MTC
1134,0.0,0.0,0.0,0.0,0.0,0.00945683,0.04461147,0.12338287,0.23797599,innovation-DACHubs,high,Southeast Asia,elec_coal (conv pul CCS),coal (conv pul CCS),coal (conv pul CCS) (once through),missing,missing,missing,missing,missing,missing,missing,MTC
1135,0.0,0.0,0.0,0.0,0.0,0.0318955,0.1685586,0.4689624,0.9275837,innovation-DACHubs,high,Southeast Asia,elec_coal (conv pul CCS),coal (conv pul CCS),coal (conv pul CCS) (recirculating),missing,missing,missing,missing,missing,missing,missing,MTC
1136,0.0,0.0,0.0,0.0,0.0,0.0349713,0.1852558999999999,0.5134071,1.0145439,innovation-DACHubs,high,Southeast Asia,elec_coal (conv pul CCS),coal (conv pul CCS),coal (conv pul CCS) (seawater),missing,missing,missing,missing,missing,missing,missing,MTC
1137,0.0,0.0,0.0,0.0,0.0,0.00134441,0.004620133,0.010906514,0.0191773715,innovation-DACHubs,high,Southeast Asia,elec_gas (CC CCS),biogas (CC CCS),biogas (CC CCS) (dry cooling),missing,missing,missing,missing,missing,missing,missing,MTC
1138,0.0,0.0,0.0,0.0,0.0,0.00141096,0.004864217,0.011478786,0.020239042,innovation-DACHubs,high,Southeast Asia,elec_gas (CC CCS),biogas (CC CCS),biogas (CC CCS) (recirculating),missing,missing,missing,missing,missing,missing,missing,MTC
1139,0.0,0.0,0.0,0.0,0.0,0.000241633,0.0008336504,0.0019675361,0.0034698306,innovation-DACHubs,high,Southeast Asia,elec_gas (CC CCS),biogas (CC CCS),biogas (CC CCS) (seawater),missing,missing,missing,missing,missing,missing,missing,MTC
1140,0.0,0.0,0.0,0.0,0.0,0.00205845,0.00858274,0.02422189,0.05046888,innovation-DACHubs,high,Southeast Asia,elec_gas (CC CCS),gas (CC CCS),gas (CC CCS) (dry cooling),missing,missing,missing,missing,missing,missing,missing,MTC
1141,0.0,0.0,0.0,0.0,0.0,0.00492558,0.01993823,0.0550103,0.11273807,innovation-DACHubs,high,Southeast Asia,elec_gas (CC CCS),gas (CC CCS),gas (CC CCS) (once through),missing,missing,missing,missing,missing,missing,missing,MTC
1142,0.0,0.0,0.0,0.0,0.0,0.0465169,0.1929269,0.5428295000000001,1.1271818,innovation-DACHubs,high,Southeast Asia,elec_gas (CC CCS),gas (CC CCS),gas (CC CCS) (recirculating),missing,missing,missing,missing,missing,missing,missing,MTC
1143,0.0,0.0,0.0,0.0,0.0,0.0455955,0.1891435,0.5323781999999999,1.1055503999999998,innovation-DACHubs,high,Southeast Asia,elec_gas (CC CCS),gas (CC CCS),gas (CC CCS) (seawater),missing,missing,missing,missing,missing,missing,missing,MTC
1144,0.0,0.0,0.0,0.0,0.0,0.0129542,0.01955579,0.02877665,0.03454599,innovation-DACHubs,high,Southeast Asia,elec_refined liquids (CC CCS),refined liquids (CC CCS),refined liquids (CC CCS) (dry cooling),missing,missing,missing,missing,missing,missing,missing,MTC
1145,0.0,0.0,0.0,0.0,0.0,0.0239818,0.03458402,0.04900185,0.05683393,innovation-DACHubs,high,Southeast Asia,elec_refined liquids (CC CCS),refined liquids (CC CCS),refined liquids (CC CCS) (once through),missing,missing,missing,missing,missing,missing,missing,MTC
1146,0.0,0.0,0.0,0.0,0.0,0.242022,0.3761715,0.5669832,0.7001824,innovation-DACHubs,high,Southeast Asia,elec_refined liquids (CC CCS),refined liquids (CC CCS),refined liquids (CC CCS) (recirculating),missing,missing,missing,missing,missing,missing,missing,MTC
1147,0.0,0.0,0.0,0.0,0.0,0.232439,0.3616518999999999,0.5455779000000001,0.6743376999999999,innovation-DACHubs,high,Southeast Asia,elec_refined liquids (CC CCS),refined liquids (CC CCS),refined liquids (CC CCS) (seawater),missing,missing,missing,missing,missing,missing,missing,MTC
1148,2.35817,16.3413,31.5209,38.3061,44.7653,51.081,57.2182,62.5634,67.4455,innovation-DACHubs,high,Southeast Asia,industrial feedstocks,refined liquids,refined liquids,missing,missing,missing,missing,missing,missing,missing,MTC
1149,0.0,0.0,0.0,0.0,0.0,0.144807,0.203973,0.218814,0.236345,innovation-DACHubs,high,Southeast Asia,lime,gas (CCS),lime (oxyflash CCS),missing,missing,missing,missing,missing,missing,missing,MTC
1150,0.0,0.0,0.0,0.0,0.0,0.0915883,0.3001933,0.7124775,1.2923456999999998,innovation-DACHubs,high,Southeast Asia,refining,coal to liquids,coal to liquids CCS level 1,missing,missing,missing,missing,missing,missing,missing,MTC
1151,0.0,0.0,0.0,0.0,0.0,0.076127,0.2635866,0.6495848,1.2122761,innovation-DACHubs,high,Southeast Asia,refining,coal to liquids,coal to liquids CCS level 2,missing,missing,missing,missing,missing,missing,missing,MTC
1152,0.0,0.0,0.0,0.0,0.0,0.0485351,0.0256743,0.0137039,0.007643,innovation-DACHubs,high,Taiwan,DAC,DAC,DAC_solvent (oxy CCS),missing,missing,missing,missing,missing,missing,missing,MTC
1153,0.0,0.0,0.0,0.0,0.0,0.0181261,0.0185167,0.0166866,0.0139908,innovation-DACHubs,high,Taiwan,DAC,DAC,DAC_sorbent (oxy CCS),missing,missing,missing,missing,missing,missing,missing,MTC
1154,0.0,0.0,0.0,0.0,0.0,0.0120186,0.00917269,0.00464143,0.00199257,innovation-DACHubs,high,Taiwan,H2 central production,biomass,biomass to H2 CCS,missing,missing,missing,missing,missing,missing,missing,MTC
1155,0.0,0.0,0.0,0.0,0.0,0.00038092,0.0015694,0.00147916,0.0011646,innovation-DACHubs,high,Taiwan,H2 central production,coal,coal chemical CCS,missing,missing,missing,missing,missing,missing,missing,MTC
1156,0.0,0.0,0.0,0.0,0.0,0.000478176,0.00145866,0.00186746,0.00183018,innovation-DACHubs,high,Taiwan,H2 central production,gas,natural gas steam reforming CCS,missing,missing,missing,missing,missing,missing,missing,MTC
1157,0.0,0.0,0.0,0.0,0.0,0.00160447,0.0038297599999999,0.00563905,0.00718241,innovation-DACHubs,high,Taiwan,N fertilizer,gas,gas CCS,missing,missing,missing,missing,missing,missing,missing,MTC
1158,0.0,0.0,0.0,0.0,0.0,0.0923631,0.1549028,0.1901771,0.2287182999999999,innovation-DACHubs,high,Taiwan,biorefining,biomass liquids,FT biofuels CCS level 1,missing,missing,missing,missing,missing,missing,missing,MTC
1159,0.0,0.0,0.0,0.0,0.0,0.105777,0.1726317,0.2073121,0.2422182,innovation-DACHubs,high,Taiwan,biorefining,biomass liquids,FT biofuels CCS level 2,missing,missing,missing,missing,missing,missing,missing,MTC
1160,0.0,0.0,0.0,0.0,0.0,0.0558198,0.1000622,0.1302213,0.1699710999999999,innovation-DACHubs,high,Taiwan,biorefining,biomass liquids,cellulosic ethanol CCS level 1,missing,missing,missing,missing,missing,missing,missing,MTC
1161,0.0,0.0,0.0,0.0,0.0,0.278425,0.4450199999999999,0.5265597,0.6042025,innovation-DACHubs,high,Taiwan,biorefining,biomass liquids,cellulosic ethanol CCS level 2,missing,missing,missing,missing,missing,missing,missing,MTC
1162,0.0,0.0,0.0,0.0,0.0,0.042881,0.15596,0.165162,0.15139,innovation-DACHubs,high,Taiwan,cement,cement,cement CCS,missing,missing,missing,missing,missing,missing,missing,MTC
1163,0.0,0.0,0.0,0.0,0.0,0.00027281,0.0018861059999999,0.002820286,0.002769073,innovation-DACHubs,high,Taiwan,elec_biomass (IGCC CCS),biomass (IGCC CCS),biomass (IGCC CCS) (dry cooling),missing,missing,missing,missing,missing,missing,missing,MTC
1164,0.0,0.0,0.0,0.0,0.0,0.011357,0.0209465,0.02435491,0.02178371,innovation-DACHubs,high,Taiwan,elec_biomass (IGCC CCS),biomass (IGCC CCS),biomass (IGCC CCS) (once through),missing,missing,missing,missing,missing,missing,missing,MTC
1165,0.0,0.0,0.0,0.0,0.0,0.0227876,0.0431694,0.050618,0.0455068099999999,innovation-DACHubs,high,Taiwan,elec_biomass (IGCC CCS),biomass (IGCC CCS),biomass (IGCC CCS) (recirculating),missing,missing,missing,missing,missing,missing,missing,MTC
1166,0.0,0.0,0.0,0.0,0.0,0.0894976,0.153602,0.1748240999999999,0.154743,innovation-DACHubs,high,Taiwan,elec_biomass (IGCC CCS),biomass (IGCC CCS),biomass (IGCC CCS) (seawater),missing,missing,missing,missing,missing,missing,missing,MTC
1167,0.0,0.0,0.0,0.0,0.0,0.000731202,0.003295931,0.005421406,0.00588172,innovation-DACHubs,high,Taiwan,elec_biomass (conv CCS),biomass (conv CCS),biomass (conv CCS) (dry cooling),missing,missing,missing,missing,missing,missing,missing,MTC
1168,0.0,0.0,0.0,0.0,0.0,0.00105764,0.004892805,0.0082099399999999,0.009047217,innovation-DACHubs,high,Taiwan,elec_biomass (conv CCS),biomass (conv CCS),biomass (conv CCS) (once through),missing,missing,missing,missing,missing,missing,missing,MTC
1169,0.0,0.0,0.0,0.0,0.0,0.00105495,0.004881401,0.008199449,0.009040644,innovation-DACHubs,high,Taiwan,elec_biomass (conv CCS),biomass (conv CCS),biomass (conv CCS) (recirculating),missing,missing,missing,missing,missing,missing,missing,MTC
1170,0.0,0.0,0.0,0.0,0.0,0.00106953,0.004952971,0.008311631,0.0091560299999999,innovation-DACHubs,high,Taiwan,elec_biomass (conv CCS),biomass (conv CCS),biomass (conv CCS) (seawater),missing,missing,missing,missing,missing,missing,missing,MTC
1171,0.0,0.0,0.0,0.0,0.0,0.000132675,0.000692715,0.001378591,0.001875149,innovation-DACHubs,high,Taiwan,elec_coal (IGCC CCS),coal (IGCC CCS),coal (IGCC CCS) (dry cooling),missing,missing,missing,missing,missing,missing,missing,MTC
1172,0.0,0.0,0.0,0.0,0.0,0.000834502,0.00387348,0.0071632959999999,0.009477929,innovation-DACHubs,high,Taiwan,elec_coal (IGCC CCS),coal (IGCC CCS),coal (IGCC CCS) (once through),missing,missing,missing,missing,missing,missing,missing,MTC
1173,0.0,0.0,0.0,0.0,0.0,0.00177022,0.00823477,0.01525548,0.02021699,innovation-DACHubs,high,Taiwan,elec_coal (IGCC CCS),coal (IGCC CCS),coal (IGCC CCS) (recirculating),missing,missing,missing,missing,missing,missing,missing,MTC
1174,0.0,0.0,0.0,0.0,0.0,0.00562699,0.02590311,0.0476716799999999,0.06293159,innovation-DACHubs,high,Taiwan,elec_coal (IGCC CCS),coal (IGCC CCS),coal (IGCC CCS) (seawater),missing,missing,missing,missing,missing,missing,missing,MTC
1175,0.0,0.0,0.0,0.0,0.0,0.00154756,0.00653647,0.01104495,0.01270198,innovation-DACHubs,high,Taiwan,elec_coal (conv pul CCS),coal (conv pul CCS),coal (conv pul CCS) (dry cooling),missing,missing,missing,missing,missing,missing,missing,MTC
1176,0.0,0.0,0.0,0.0,0.0,0.00320713,0.01225905,0.01963452,0.02245852,innovation-DACHubs,high,Taiwan,elec_coal (conv pul CCS),coal (conv pul CCS),coal (conv pul CCS) (once through),missing,missing,missing,missing,missing,missing,missing,MTC
1177,0.0,0.0,0.0,0.0,0.0,0.00317358,0.01214972,0.01948894,0.02233491,innovation-DACHubs,high,Taiwan,elec_coal (conv pul CCS),coal (conv pul CCS),coal (conv pul CCS) (recirculating),missing,missing,missing,missing,missing,missing,missing,MTC
1178,0.0,0.0,0.0,0.0,0.0,0.00332065,0.01259957,0.02010327,0.02296356,innovation-DACHubs,high,Taiwan,elec_coal (conv pul CCS),coal (conv pul CCS),coal (conv pul CCS) (seawater),missing,missing,missing,missing,missing,missing,missing,MTC
1179,0.0,0.0,0.0,0.0,0.0,0.000153665,0.0005094368999999999,0.00069318577,0.00076209767,innovation-DACHubs,high,Taiwan,elec_gas (CC CCS),biogas (CC CCS),biogas (CC CCS) (dry cooling),missing,missing,missing,missing,missing,missing,missing,MTC
1180,0.0,0.0,0.0,0.0,0.0,0.000162012,0.000535647,0.0007264294,0.0007951694900000001,innovation-DACHubs,high,Taiwan,elec_gas (CC CCS),biogas (CC CCS),biogas (CC CCS) (recirculating),missing,missing,missing,missing,missing,missing,missing,MTC
1181,0.0,0.0,0.0,0.0,0.0,2.75984e-05,9.118264e-05,0.00012352818,0.00013511173,innovation-DACHubs,high,Taiwan,elec_gas (CC CCS),biogas (CC CCS),biogas (CC CCS) (seawater),missing,missing,missing,missing,missing,missing,missing,MTC
1182,0.0,0.0,0.0,0.0,0.0,0.000245853,0.000925824,0.001713501,0.002389091,innovation-DACHubs,high,Taiwan,elec_gas (CC CCS),gas (CC CCS),gas (CC CCS) (dry cooling),missing,missing,missing,missing,missing,missing,missing,MTC
1183,0.0,0.0,0.0,0.0,0.0,0.00074139,0.0027360709999999,0.005000083,0.006937112,innovation-DACHubs,high,Taiwan,elec_gas (CC CCS),gas (CC CCS),gas (CC CCS) (once through),missing,missing,missing,missing,missing,missing,missing,MTC
1184,0.0,0.0,0.0,0.0,0.0,0.00562209,0.02077499,0.03800412,0.0527733799999999,innovation-DACHubs,high,Taiwan,elec_gas (CC CCS),gas (CC CCS),gas (CC CCS) (recirculating),missing,missing,missing,missing,missing,missing,missing,MTC
1185,0.0,0.0,0.0,0.0,0.0,0.00547583,0.0201970099999999,0.03689542,0.05117539,innovation-DACHubs,high,Taiwan,elec_gas (CC CCS),gas (CC CCS),gas (CC CCS) (seawater),missing,missing,missing,missing,missing,missing,missing,MTC
1186,0.0,0.0,0.0,0.0,0.0,0.00232939,0.004023946,0.004157163,0.003363831,innovation-DACHubs,high,Taiwan,elec_refined liquids (CC CCS),refined liquids (CC CCS),refined liquids (CC CCS) (dry cooling),missing,missing,missing,missing,missing,missing,missing,MTC
1187,0.0,0.0,0.0,0.0,0.0,0.00562041,0.009869949,0.010400583,0.00854242,innovation-DACHubs,high,Taiwan,elec_refined liquids (CC CCS),refined liquids (CC CCS),refined liquids (CC CCS) (once through),missing,missing,missing,missing,missing,missing,missing,MTC
1188,0.0,0.0,0.0,0.0,0.0,0.0434273,0.0763031199999999,0.08045235,0.06609385,innovation-DACHubs,high,Taiwan,elec_refined liquids (CC CCS),refined liquids (CC CCS),refined liquids (CC CCS) (recirculating),missing,missing,missing,missing,missing,missing,missing,MTC
1189,0.0,0.0,0.0,0.0,0.0,0.041555,0.07298902,0.07692628,0.06317513,innovation-DACHubs,high,Taiwan,elec_refined liquids (CC CCS),refined liquids (CC CCS),refined liquids (CC CCS) (seawater),missing,missing,missing,missing,missing,missing,missing,MTC
1190,3.01928,12.1567,17.5729,17.4265,17.2398,17.0691,16.4959,16.0298,15.653,innovation-DACHubs,high,Taiwan,industrial feedstocks,refined liquids,refined liquids,missing,missing,missing,missing,missing,missing,missing,MTC
1191,0.0,0.0,0.0,0.0,0.0,0.0467963,0.0449208,0.0331499,0.0241387,innovation-DACHubs,high,Taiwan,lime,gas (CCS),lime (oxyflash CCS),missing,missing,missing,missing,missing,missing,missing,MTC
1192,0.0,0.0,0.0,0.0,0.0,0.00149363,0.0199692899999999,0.0465816099999999,0.0677926299999999,innovation-DACHubs,high,Taiwan,refining,coal to liquids,coal to liquids CCS level 1,missing,missing,missing,missing,missing,missing,missing,MTC
1193,0.0,0.0,0.0,0.0,0.0,0.00119929,0.01606819,0.03590725,0.0493251,innovation-DACHubs,high,Taiwan,refining,coal to liquids,coal to liquids CCS level 2,missing,missing,missing,missing,missing,missing,missing,MTC
1194,0.0,0.0,0.0,0.0,0.0,0.0436299,0.0540031,0.0583779,0.0573548,innovation-DACHubs,high,Argentina,DAC,DAC,DAC_solvent (oxy CCS),missing,missing,missing,missing,missing,missing,missing,MTC
1195,0.0,0.0,0.0,0.0,0.0,0.0132287,0.0245279,0.0389005,0.059021,innovation-DACHubs,high,Argentina,DAC,DAC,DAC_sorbent (oxy CCS),missing,missing,missing,missing,missing,missing,missing,MTC
1196,0.0,0.0,0.0,0.0,0.0,0.0609005,0.061793,0.0506518,0.0442358,innovation-DACHubs,high,Argentina,H2 central production,biomass,biomass to H2 CCS,missing,missing,missing,missing,missing,missing,missing,MTC
1197,0.0,0.0,0.0,0.0,0.0,0.0021434,0.0166573,0.0326293,0.0505673,innovation-DACHubs,high,Argentina,H2 central production,coal,coal chemical CCS,missing,missing,missing,missing,missing,missing,missing,MTC
1198,0.0,0.0,0.0,0.0,0.0,0.00215896,0.00972635,0.0210698,0.033786,innovation-DACHubs,high,Argentina,H2 central production,gas,natural gas steam reforming CCS,missing,missing,missing,missing,missing,missing,missing,MTC
1199,0.0,0.0,0.0,0.0,0.0,0.0240027,0.0652064,0.1296067,0.2016568,innovation-DACHubs,high,Argentina,N fertilizer,gas,gas CCS,missing,missing,missing,missing,missing,missing,missing,MTC
1200,0.0,0.0,0.0,0.0,0.0,0.117691,0.219719,0.3089279,0.4435025,innovation-DACHubs,high,Argentina,biorefining,biomass liquids,FT biofuels CCS level 1,missing,missing,missing,missing,missing,missing,missing,MTC
1201,0.0,0.0,0.0,0.0,0.0,0.138719,0.255773,0.3550615,0.5008964,innovation-DACHubs,high,Argentina,biorefining,biomass liquids,FT biofuels CCS level 2,missing,missing,missing,missing,missing,missing,missing,MTC
1202,0.0,0.0,0.0,0.0,0.0,0.0659952,0.1253692,0.1790972,0.2632174,innovation-DACHubs,high,Argentina,biorefining,biomass liquids,cellulosic ethanol CCS level 1,missing,missing,missing,missing,missing,missing,missing,MTC
1203,0.0,0.0,0.0,0.0,0.0,0.36385,0.659832,0.902022,1.2470180000000002,innovation-DACHubs,high,Argentina,biorefining,biomass liquids,cellulosic ethanol CCS level 2,missing,missing,missing,missing,missing,missing,missing,MTC
1204,0.0,0.0,0.0,0.0,0.0,0.145816,0.492115,0.763102,0.975623,innovation-DACHubs,high,Argentina,cement,cement,cement CCS,missing,missing,missing,missing,missing,missing,missing,MTC
1205,0.0,0.0,0.0,0.0,0.0,0.00566716,0.0062416519999999,0.007654909,0.008965297,innovation-DACHubs,high,Argentina,elec_biomass (IGCC CCS),biomass (IGCC CCS),biomass (IGCC CCS) (dry cooling),missing,missing,missing,missing,missing,missing,missing,MTC
1206,0.0,0.0,0.0,0.0,0.0,0.0,8.27115e-05,0.0006895224000000001,0.0014654123,innovation-DACHubs,high,Argentina,elec_biomass (IGCC CCS),biomass (IGCC CCS),biomass (IGCC CCS) (once through),missing,missing,missing,missing,missing,missing,missing,MTC
1207,0.0,0.0,0.0,0.0,0.0,0.112797,0.228111,0.307837,0.366596,innovation-DACHubs,high,Argentina,elec_biomass (IGCC CCS),biomass (IGCC CCS),biomass (IGCC CCS) (recirculating),missing,missing,missing,missing,missing,missing,missing,MTC
1208,0.0,0.0,0.0,0.0,0.0,0.00393937,0.00944423,0.01253945,0.01473978,innovation-DACHubs,high,Argentina,elec_biomass (IGCC CCS),biomass (IGCC CCS),biomass (IGCC CCS) (seawater),missing,missing,missing,missing,missing,missing,missing,MTC
1209,0.0,0.0,0.0,0.0,0.0,0.000675892,0.004259976,0.012175837,0.027216478,innovation-DACHubs,high,Argentina,elec_biomass (conv CCS),biomass (conv CCS),biomass (conv CCS) (dry cooling),missing,missing,missing,missing,missing,missing,missing,MTC
1210,0.0,0.0,0.0,0.0,0.0,0.00056925,0.002918596,0.007129261,0.013951436,innovation-DACHubs,high,Argentina,elec_biomass (conv CCS),biomass (conv CCS),biomass (conv CCS) (once through),missing,missing,missing,missing,missing,missing,missing,MTC
1211,0.0,0.0,0.0,0.0,0.0,0.000986862,0.006554122,0.019148695,0.043604296,innovation-DACHubs,high,Argentina,elec_biomass (conv CCS),biomass (conv CCS),biomass (conv CCS) (recirculating),missing,missing,missing,missing,missing,missing,missing,MTC
1212,0.0,0.0,0.0,0.0,0.0,0.00101743,0.006838054,0.020125108,0.0461477869999999,innovation-DACHubs,high,Argentina,elec_biomass (conv CCS),biomass (conv CCS),biomass (conv CCS) (seawater),missing,missing,missing,missing,missing,missing,missing,MTC
1213,0.0,0.0,0.0,0.0,0.0,1.60726e-05,0.0001037114,0.0002780451,0.0005533859,innovation-DACHubs,high,Argentina,elec_coal (IGCC CCS),coal (IGCC CCS),coal (IGCC CCS) (dry cooling),missing,missing,missing,missing,missing,missing,missing,MTC
1214,0.0,0.0,0.0,0.0,0.0,1.12876e-05,5.79649e-05,0.0001428576,0.0002619144,innovation-DACHubs,high,Argentina,elec_coal (IGCC CCS),coal (IGCC CCS),coal (IGCC CCS) (once through),missing,missing,missing,missing,missing,missing,missing,MTC
1215,0.0,0.0,0.0,0.0,0.0,0.000849366,0.00562436,0.014317827,0.02775538,innovation-DACHubs,high,Argentina,elec_coal (IGCC CCS),coal (IGCC CCS),coal (IGCC CCS) (recirculating),missing,missing,missing,missing,missing,missing,missing,MTC
1216,0.0,0.0,0.0,0.0,0.0,3.2546e-05,0.0002171441,0.0005503423,0.0010652767999999,innovation-DACHubs,high,Argentina,elec_coal (IGCC CCS),coal (IGCC CCS),coal (IGCC CCS) (seawater),missing,missing,missing,missing,missing,missing,missing,MTC
1217,0.0,0.0,0.0,0.0,0.0,0.000203552,0.001199434,0.002869085,0.005258519,innovation-DACHubs,high,Argentina,elec_coal (conv pul CCS),coal (conv pul CCS),coal (conv pul CCS) (dry cooling),missing,missing,missing,missing,missing,missing,missing,MTC
1218,0.0,0.0,0.0,0.0,0.0,8.39576e-05,0.0003977017,0.0008813104,0.0014972973,innovation-DACHubs,high,Argentina,elec_coal (conv pul CCS),coal (conv pul CCS),coal (conv pul CCS) (once through),missing,missing,missing,missing,missing,missing,missing,MTC
1219,0.0,0.0,0.0,0.0,0.0,0.000465099,0.002791329,0.006392154,0.0114382859999999,innovation-DACHubs,high,Argentina,elec_coal (conv pul CCS),coal (conv pul CCS),coal (conv pul CCS) (recirculating),missing,missing,missing,missing,missing,missing,missing,MTC
1220,0.0,0.0,0.0,0.0,0.0,0.000519986,0.003156702,0.007206858,0.012892822,innovation-DACHubs,high,Argentina,elec_coal (conv pul CCS),coal (conv pul CCS),coal (conv pul CCS) (seawater),missing,missing,missing,missing,missing,missing,missing,MTC
1221,0.0,0.0,0.0,0.0,0.0,0.00201829,0.004350456,0.004756801,0.0051997939,innovation-DACHubs,high,Argentina,elec_gas (CC CCS),biogas (CC CCS),biogas (CC CCS) (dry cooling),missing,missing,missing,missing,missing,missing,missing,MTC
1222,0.0,0.0,0.0,0.0,0.0,0.00211632,0.004594985,0.005057389,0.005556726,innovation-DACHubs,high,Argentina,elec_gas (CC CCS),biogas (CC CCS),biogas (CC CCS) (recirculating),missing,missing,missing,missing,missing,missing,missing,MTC
1223,0.0,0.0,0.0,0.0,0.0,0.000363279,0.0007898171,0.0008700633,0.0009566805,innovation-DACHubs,high,Argentina,elec_gas (CC CCS),biogas (CC CCS),biogas (CC CCS) (seawater),missing,missing,missing,missing,missing,missing,missing,MTC
1224,0.0,0.0,0.0,0.0,0.0,0.00531941,0.01663317,0.02960753,0.04359775,innovation-DACHubs,high,Argentina,elec_gas (CC CCS),gas (CC CCS),gas (CC CCS) (dry cooling),missing,missing,missing,missing,missing,missing,missing,MTC
1225,0.0,0.0,0.0,0.0,0.0,0.0116305,0.0350577,0.0603703,0.0865029,innovation-DACHubs,high,Argentina,elec_gas (CC CCS),gas (CC CCS),gas (CC CCS) (once through),missing,missing,missing,missing,missing,missing,missing,MTC
1226,0.0,0.0,0.0,0.0,0.0,0.198449,0.622307,1.111329,1.637899,innovation-DACHubs,high,Argentina,elec_gas (CC CCS),gas (CC CCS),gas (CC CCS) (recirculating),missing,missing,missing,missing,missing,missing,missing,MTC
1227,0.0,0.0,0.0,0.0,0.0,0.00724299,0.02274878,0.04068866,0.06003145,innovation-DACHubs,high,Argentina,elec_gas (CC CCS),gas (CC CCS),gas (CC CCS) (seawater),missing,missing,missing,missing,missing,missing,missing,MTC
1228,0.0,0.0,0.0,0.0,0.0,0.0114581,0.01876886,0.02196002,0.02354531,innovation-DACHubs,high,Argentina,elec_refined liquids (CC CCS),refined liquids (CC CCS),refined liquids (CC CCS) (dry cooling),missing,missing,missing,missing,missing,missing,missing,MTC
1229,0.0,0.0,0.0,0.0,0.0,0.0187456,0.02832291,0.02999819,0.02985263,innovation-DACHubs,high,Argentina,elec_refined liquids (CC CCS),refined liquids (CC CCS),refined liquids (CC CCS) (once through),missing,missing,missing,missing,missing,missing,missing,MTC
1230,0.0,0.0,0.0,0.0,0.0,0.339488,0.5743324,0.6984314,0.7688066,innovation-DACHubs,high,Argentina,elec_refined liquids (CC CCS),refined liquids (CC CCS),refined liquids (CC CCS) (recirculating),missing,missing,missing,missing,missing,missing,missing,MTC
1231,0.0,0.0,0.0,0.0,0.0,0.0120602,0.02044181,0.02491111,0.02745907,innovation-DACHubs,high,Argentina,elec_refined liquids (CC CCS),refined liquids (CC CCS),refined liquids (CC CCS) (seawater),missing,missing,missing,missing,missing,missing,missing,MTC
1232,1.33242,2.49993,2.79547,3.25549,3.72133,4.20522,4.82797,5.3521,5.82597,innovation-DACHubs,high,Argentina,industrial feedstocks,refined liquids,refined liquids,missing,missing,missing,missing,missing,missing,missing,MTC
1233,0.0,0.0,0.0,0.0,0.0,0.0344377,0.0593322,0.068463,0.0754803,innovation-DACHubs,high,Argentina,lime,gas (CCS),lime (oxyflash CCS),missing,missing,missing,missing,missing,missing,missing,MTC
1234,0.0,0.0,0.0,0.0,0.0,0.00434731,0.0219990999999999,0.05440039,0.09606132,innovation-DACHubs,high,Argentina,refining,coal to liquids,coal to liquids CCS level 1,missing,missing,missing,missing,missing,missing,missing,MTC
1235,0.0,0.0,0.0,0.0,0.0,0.00367016,0.01998162,0.05114143,0.09261196,innovation-DACHubs,high,Argentina,refining,coal to liquids,coal to liquids CCS level 2,missing,missing,missing,missing,missing,missing,missing,MTC
1236,0.0,0.0,0.0,0.0,0.0,0.0330251,0.0349628,0.0367938,0.0367411,innovation-DACHubs,high,Colombia,DAC,DAC,DAC_solvent (oxy CCS),missing,missing,missing,missing,missing,missing,missing,MTC
1237,0.0,0.0,0.0,0.0,0.0,0.010653,0.0183827,0.0294098,0.0458549,innovation-DACHubs,high,Colombia,DAC,DAC,DAC_sorbent (oxy CCS),missing,missing,missing,missing,missing,missing,missing,MTC
1238,0.0,0.0,0.0,0.0,0.0,0.00805162,0.00967829,0.00897653,0.00848572,innovation-DACHubs,high,Colombia,H2 central production,biomass,biomass to H2 CCS,missing,missing,missing,missing,missing,missing,missing,MTC
1239,0.0,0.0,0.0,0.0,0.0,0.00028814,0.00279557,0.00612156,0.0100888,innovation-DACHubs,high,Colombia,H2 central production,coal,coal chemical CCS,missing,missing,missing,missing,missing,missing,missing,MTC
1240,0.0,0.0,0.0,0.0,0.0,0.000269662,0.00133033,0.00313637,0.00533375,innovation-DACHubs,high,Colombia,H2 central production,gas,natural gas steam reforming CCS,missing,missing,missing,missing,missing,missing,missing,MTC
1241,0.0,0.0,0.0,0.0,0.0,0.00758237,0.02014465,0.03622486,0.0555787799999999,innovation-DACHubs,high,Colombia,N fertilizer,gas,gas CCS,missing,missing,missing,missing,missing,missing,missing,MTC
1242,0.0,0.0,0.0,0.0,0.0,0.0753264,0.1502122,0.2176198,0.2913624,innovation-DACHubs,high,Colombia,biorefining,biomass liquids,FT biofuels CCS level 1,missing,missing,missing,missing,missing,missing,missing,MTC
1243,0.0,0.0,0.0,0.0,0.0,0.0886997,0.1743833,0.2490514999999999,0.3283998999999999,innovation-DACHubs,high,Colombia,biorefining,biomass liquids,FT biofuels CCS level 2,missing,missing,missing,missing,missing,missing,missing,MTC
1244,0.0,0.0,0.0,0.0,0.0,0.0424487,0.0862881,0.1272049,0.1738160999999999,innovation-DACHubs,high,Colombia,biorefining,biomass liquids,cellulosic ethanol CCS level 1,missing,missing,missing,missing,missing,missing,missing,MTC
1245,0.0,0.0,0.0,0.0,0.0,0.234503,0.452609,0.635718,0.82417,innovation-DACHubs,high,Colombia,biorefining,biomass liquids,cellulosic ethanol CCS level 2,missing,missing,missing,missing,missing,missing,missing,MTC
1246,0.0,0.0,0.0,0.0,0.0,0.193183,0.631775,0.96898,1.23617,innovation-DACHubs,high,Colombia,cement,cement,cement CCS,missing,missing,missing,missing,missing,missing,missing,MTC
1247,0.0,0.0,0.0,0.0,0.0,0.00534072,0.005936834,0.007658749,0.009374567,innovation-DACHubs,high,Colombia,elec_biomass (IGCC CCS),biomass (IGCC CCS),biomass (IGCC CCS) (dry cooling),missing,missing,missing,missing,missing,missing,missing,MTC
1248,0.0,0.0,0.0,0.0,0.0,0.00866239,0.01521987,0.02191434,0.0273098999999999,innovation-DACHubs,high,Colombia,elec_biomass (IGCC CCS),biomass (IGCC CCS),biomass (IGCC CCS) (once through),missing,missing,missing,missing,missing,missing,missing,MTC
1249,0.0,0.0,0.0,0.0,0.0,0.1063,0.2043627,0.2970097,0.3713432,innovation-DACHubs,high,Colombia,elec_biomass (IGCC CCS),biomass (IGCC CCS),biomass (IGCC CCS) (recirculating),missing,missing,missing,missing,missing,missing,missing,MTC
1250,0.0,0.0,0.0,0.0,0.0,0.00371245,0.00784114,0.01129642,0.01400691,innovation-DACHubs,high,Colombia,elec_biomass (IGCC CCS),biomass (IGCC CCS),biomass (IGCC CCS) (seawater),missing,missing,missing,missing,missing,missing,missing,MTC
1251,0.0,0.0,0.0,0.0,0.0,0.000664133,0.003697969,0.0124696829999999,0.029307761,innovation-DACHubs,high,Colombia,elec_biomass (conv CCS),biomass (conv CCS),biomass (conv CCS) (dry cooling),missing,missing,missing,missing,missing,missing,missing,MTC
1252,0.0,0.0,0.0,0.0,0.0,0.000969117,0.0055981139999999,0.018982414,0.044663661,innovation-DACHubs,high,Colombia,elec_biomass (conv CCS),biomass (conv CCS),biomass (conv CCS) (once through),missing,missing,missing,missing,missing,missing,missing,MTC
1253,0.0,0.0,0.0,0.0,0.0,0.000979758,0.0057420979999999,0.01981194,0.047459158,innovation-DACHubs,high,Colombia,elec_biomass (conv CCS),biomass (conv CCS),biomass (conv CCS) (recirculating),missing,missing,missing,missing,missing,missing,missing,MTC
1254,0.0,0.0,0.0,0.0,0.0,0.000995591,0.0058616679999999,0.02027545,0.048676596,innovation-DACHubs,high,Colombia,elec_biomass (conv CCS),biomass (conv CCS),biomass (conv CCS) (seawater),missing,missing,missing,missing,missing,missing,missing,MTC
1255,0.0,0.0,0.0,0.0,0.0,7.52843e-05,0.0004502039,0.0015059360999999,0.0033180373,innovation-DACHubs,high,Colombia,elec_coal (IGCC CCS),coal (IGCC CCS),coal (IGCC CCS) (dry cooling),missing,missing,missing,missing,missing,missing,missing,MTC
1256,0.0,0.0,0.0,0.0,0.0,0.0003166,0.0019042,0.005769493,0.011948045,innovation-DACHubs,high,Colombia,elec_coal (IGCC CCS),coal (IGCC CCS),coal (IGCC CCS) (once through),missing,missing,missing,missing,missing,missing,missing,MTC
1257,0.0,0.0,0.0,0.0,0.0,0.00402213,0.02506661,0.07793881,0.16511003,innovation-DACHubs,high,Colombia,elec_coal (IGCC CCS),coal (IGCC CCS),coal (IGCC CCS) (recirculating),missing,missing,missing,missing,missing,missing,missing,MTC
1258,0.0,0.0,0.0,0.0,0.0,0.000150065,0.000939463,0.002901733,0.006125867,innovation-DACHubs,high,Colombia,elec_coal (IGCC CCS),coal (IGCC CCS),coal (IGCC CCS) (seawater),missing,missing,missing,missing,missing,missing,missing,MTC
1259,0.0,0.0,0.0,0.0,0.0,0.000817998,0.004454242,0.013053879,0.026283642,innovation-DACHubs,high,Colombia,elec_coal (conv pul CCS),coal (conv pul CCS),coal (conv pul CCS) (dry cooling),missing,missing,missing,missing,missing,missing,missing,MTC
1260,0.0,0.0,0.0,0.0,0.0,0.00187246,0.0102322299999999,0.02754943,0.0525005,innovation-DACHubs,high,Colombia,elec_coal (conv pul CCS),coal (conv pul CCS),coal (conv pul CCS) (once through),missing,missing,missing,missing,missing,missing,missing,MTC
1261,0.0,0.0,0.0,0.0,0.0,0.00193947,0.01095205,0.03017338,0.0586836,innovation-DACHubs,high,Colombia,elec_coal (conv pul CCS),coal (conv pul CCS),coal (conv pul CCS) (recirculating),missing,missing,missing,missing,missing,missing,missing,MTC
1262,0.0,0.0,0.0,0.0,0.0,0.00206021,0.0116858999999999,0.03202656,0.06211638,innovation-DACHubs,high,Colombia,elec_coal (conv pul CCS),coal (conv pul CCS),coal (conv pul CCS) (seawater),missing,missing,missing,missing,missing,missing,missing,MTC
1263,0.0,0.0,0.0,0.0,0.0,0.0001225,0.0004661084,0.0011274221,0.0020216519799999,innovation-DACHubs,high,Colombia,elec_gas (CC CCS),biogas (CC CCS),biogas (CC CCS) (dry cooling),missing,missing,missing,missing,missing,missing,missing,MTC
1264,0.0,0.0,0.0,0.0,0.0,0.00013035,0.0004995935,0.0012094719,0.002174662,innovation-DACHubs,high,Colombia,elec_gas (CC CCS),biogas (CC CCS),biogas (CC CCS) (recirculating),missing,missing,missing,missing,missing,missing,missing,MTC
1265,0.0,0.0,0.0,0.0,0.0,2.22267e-05,8.519872e-05,0.00020620271,0.00037072169,innovation-DACHubs,high,Colombia,elec_gas (CC CCS),biogas (CC CCS),biogas (CC CCS) (seawater),missing,missing,missing,missing,missing,missing,missing,MTC
1266,0.0,0.0,0.0,0.0,0.0,0.000277931,0.0012559539999999,0.003718989,0.008032157,innovation-DACHubs,high,Colombia,elec_gas (CC CCS),gas (CC CCS),gas (CC CCS) (dry cooling),missing,missing,missing,missing,missing,missing,missing,MTC
1267,0.0,0.0,0.0,0.0,0.0,0.000860607,0.0038521759999999,0.011333498,0.024286381,innovation-DACHubs,high,Colombia,elec_gas (CC CCS),gas (CC CCS),gas (CC CCS) (once through),missing,missing,missing,missing,missing,missing,missing,MTC
1268,0.0,0.0,0.0,0.0,0.0,0.0103969,0.0467693,0.1384485,0.2983567,innovation-DACHubs,high,Colombia,elec_gas (CC CCS),gas (CC CCS),gas (CC CCS) (recirculating),missing,missing,missing,missing,missing,missing,missing,MTC
1269,0.0,0.0,0.0,0.0,0.0,0.00037508,0.001686762,0.004994023,0.010761579,innovation-DACHubs,high,Colombia,elec_gas (CC CCS),gas (CC CCS),gas (CC CCS) (seawater),missing,missing,missing,missing,missing,missing,missing,MTC
1270,0.0,0.0,0.0,0.0,0.0,0.00754078,0.0112144599999999,0.01634894,0.01911637,innovation-DACHubs,high,Colombia,elec_refined liquids (CC CCS),refined liquids (CC CCS),refined liquids (CC CCS) (dry cooling),missing,missing,missing,missing,missing,missing,missing,MTC
1271,0.0,0.0,0.0,0.0,0.0,0.0179157,0.02730486,0.04018552,0.0475672,innovation-DACHubs,high,Colombia,elec_refined liquids (CC CCS),refined liquids (CC CCS),refined liquids (CC CCS) (once through),missing,missing,missing,missing,missing,missing,missing,MTC
1272,0.0,0.0,0.0,0.0,0.0,0.221145,0.3399434,0.5054699,0.6050343,innovation-DACHubs,high,Colombia,elec_refined liquids (CC CCS),refined liquids (CC CCS),refined liquids (CC CCS) (recirculating),missing,missing,missing,missing,missing,missing,missing,MTC
1273,0.0,0.0,0.0,0.0,0.0,0.00780947,0.01200716,0.01785686,0.02137854,innovation-DACHubs,high,Colombia,elec_refined liquids (CC CCS),refined liquids (CC CCS),refined liquids (CC CCS) (seawater),missing,missing,missing,missing,missing,missing,missing,MTC
1274,0.257622,1.3234,0.489227,0.708449,0.975244,1.29876,1.64323,2.04673,2.51276,innovation-DACHubs,high,Colombia,industrial feedstocks,refined liquids,refined liquids,missing,missing,missing,missing,missing,missing,missing,MTC
1275,0.0,0.0,0.0,0.0,0.0,0.0275473,0.0421685,0.0483564,0.0548676,innovation-DACHubs,high,Colombia,lime,gas (CCS),lime (oxyflash CCS),missing,missing,missing,missing,missing,missing,missing,MTC
1276,0.0,0.0,0.0,0.0,0.0,0.00402356,0.0182381299999999,0.05009829,0.0931375,innovation-DACHubs,high,Colombia,refining,coal to liquids,coal to liquids CCS level 1,missing,missing,missing,missing,missing,missing,missing,MTC
1277,0.0,0.0,0.0,0.0,0.0,0.00334029,0.01632714,0.04654661,0.08866186,innovation-DACHubs,high,Colombia,refining,coal to liquids,coal to liquids CCS level 2,missing,missing,missing,missing,missing,missing,missing,MTC
1278,0.0,0.0,0.0,0.0694116,0.106829,0.0503393,0.0960863,0.299921,1.21212,innovation-DACHubs,high,AL,DAC,DAC,DAC_solvent (oxy CCS),missing,missing,missing,missing,missing,missing,missing,MTC
1279,0.0,0.0,0.0,0.00877785,0.0238155,0.0188967,0.0479758,0.0620607,0.0683585,innovation-DACHubs,high,AL,DAC,DAC,DAC_sorbent (oxy CCS),missing,missing,missing,missing,missing,missing,missing,MTC
1280,0.0,0.0,0.0,0.0,0.13943,0.1856063,0.1951563799999999,0.27058614,0.32316404,innovation-DACHubs,high,AL,biorefining,biomass liquids,FT biofuels CCS level 1,missing,missing,missing,missing,missing,missing,missing,MTC
1281,0.0,0.0,0.0,0.0,0.166238,0.2201372999999999,0.2309786999999999,0.3139026,0.3743172,innovation-DACHubs,high,AL,biorefining,biomass liquids,FT biofuels CCS level 2,missing,missing,missing,missing,missing,missing,missing,MTC
1282,0.0,0.0,0.0,0.0,0.0771569,0.1037829999999999,0.10949902,0.1559919699999999,0.18227427,innovation-DACHubs,high,AL,biorefining,biomass liquids,cellulosic ethanol CCS level 1,missing,missing,missing,missing,missing,missing,missing,MTC
1283,0.0,0.0,0.0,0.0,0.452012,0.5935360000000001,0.6209273,0.8227746,0.9678712,innovation-DACHubs,high,AL,biorefining,biomass liquids,cellulosic ethanol CCS level 2,missing,missing,missing,missing,missing,missing,missing,MTC
1284,0.0,0.0,0.0,0.0,0.174037,0.194404,0.211527,0.234504,0.250679,innovation-DACHubs,high,AL,cement,cement,cement CCS,missing,missing,missing,missing,missing,missing,missing,MTC
1285,0.0,0.0,0.0,0.0,0.0,0.0,0.0,0.0013662,0.01439784,innovation-DACHubs,high,AL,coal to liquids,coal to liquids,coal to liquids CCS level 1,missing,missing,missing,missing,missing,missing,missing,MTC
1286,0.0,0.0,0.0,0.0,0.0,0.0,0.0,0.00185761,0.01998026,innovation-DACHubs,high,AL,coal to liquids,coal to liquids,coal to liquids CCS level 2,missing,missing,missing,missing,missing,missing,missing,MTC
1287,1.08903,2.0334,1.06377,1.1065,1.11362,1.15438,1.19557,1.22031,1.26004,innovation-DACHubs,high,AL,industrial feedstocks,refined liquids,refined liquids,missing,missing,missing,missing,missing,missing,missing,MTC
1288,0.0,0.0,0.0,0.00126349,0.00374872,0.0317547,0.088898,0.202783,0.645881,innovation-DACHubs,high,AL,lime,gas (CCS),lime,missing,missing,missing,missing,missing,missing,missing,MTC
1289,0.0,0.0,0.0,0.0011961,0.00233678,0.00400609,0.00733564,0.0172302,0.0559014,innovation-DACHubs,high,AK,DAC,DAC,DAC_solvent (oxy CCS),missing,missing,missing,missing,missing,missing,missing,MTC
1290,0.0,0.0,0.0,0.000446249,0.00129158,0.00347519,0.00822869,0.0122477,0.0176592,innovation-DACHubs,high,AK,DAC,DAC,DAC_sorbent (oxy CCS),missing,missing,missing,missing,missing,missing,missing,MTC
1291,0.0,0.0,0.0,0.0,0.032712,0.0439257,0.04656991,0.07122849,0.0868594099999999,innovation-DACHubs,high,AK,biorefining,biomass liquids,FT biofuels CCS level 1,missing,missing,missing,missing,missing,missing,missing,MTC
1292,0.0,0.0,0.0,0.0,0.0321668,0.042976,0.04545395,0.06899152,0.08486231,innovation-DACHubs,high,AK,biorefining,biomass liquids,FT biofuels CCS level 2,missing,missing,missing,missing,missing,missing,missing,MTC
1293,0.0,0.0,0.0,0.0,0.0333185,0.0451390999999999,0.0479972299999999,0.0717816999999999,0.08331021,innovation-DACHubs,high,AK,biorefining,biomass liquids,cellulosic ethanol CCS level 1,missing,missing,missing,missing,missing,missing,missing,MTC
1294,0.0,0.0,0.0,0.0,0.0803069,0.106443,0.11219986,0.1664528499999999,0.20298282,innovation-DACHubs,high,AK,biorefining,biomass liquids,cellulosic ethanol CCS level 2,missing,missing,missing,missing,missing,missing,missing,MTC
1295,0.0,0.0,0.0,0.0,0.0,0.0,0.0,1.66273e-06,1.6317923999999997e-05,innovation-DACHubs,high,AK,coal to liquids,coal to liquids,coal to liquids CCS level 1,missing,missing,missing,missing,missing,missing,missing,MTC
1296,0.0,0.0,0.0,0.0,0.0,0.0,0.0,1.46515e-06,1.46531296e-05,innovation-DACHubs,high,AK,coal to liquids,coal to liquids,coal to liquids CCS level 2,missing,missing,missing,missing,missing,missing,missing,MTC
1297,0.067673,0.0538275,0.797673,0.79982,0.787756,0.813032,0.845225,0.852627,0.881246,innovation-DACHubs,high,AK,industrial feedstocks,refined liquids,refined liquids,missing,missing,missing,missing,missing,missing,missing,MTC
1298,0.0,0.0,0.0,4.72154e-05,0.000169745,0.0019332,0.00571623,0.0116853,0.0308167,innovation-DACHubs,high,AK,lime,gas (CCS),lime,missing,missing,missing,missing,missing,missing,missing,MTC
1299,0.0,0.0,0.0,0.0770887,0.14734,0.0591356,0.12358,0.384723,1.54991,innovation-DACHubs,high,AZ,DAC,DAC,DAC_solvent (oxy CCS),missing,missing,missing,missing,missing,missing,missing,MTC
1300,0.0,0.0,0.0,0.00882395,0.0283176,0.0192403,0.0525524,0.0644602,0.0668831,innovation-DACHubs,high,AZ,DAC,DAC,DAC_sorbent (oxy CCS),missing,missing,missing,missing,missing,missing,missing,MTC
1301,0.0,0.0,0.0,0.0,0.147968,0.1969048,0.2069742,0.2868848,0.3397713999999999,innovation-DACHubs,high,AZ,biorefining,biomass liquids,FT biofuels CCS level 1,missing,missing,missing,missing,missing,missing,missing,MTC
1302,0.0,0.0,0.0,0.0,0.177411,0.2348515,0.2463456,0.334679,0.3954235,innovation-DACHubs,high,AZ,biorefining,biomass liquids,FT biofuels CCS level 2,missing,missing,missing,missing,missing,missing,missing,MTC
1303,0.0,0.0,0.0,0.0,0.0804373,0.1081637,0.11408698,0.16249731,0.18893811,innovation-DACHubs,high,AZ,biorefining,biomass liquids,cellulosic ethanol CCS level 1,missing,missing,missing,missing,missing,missing,missing,MTC
1304,0.0,0.0,0.0,0.0,0.483595,0.634776,0.6638818000000001,0.8793601,1.0251143,innovation-DACHubs,high,AZ,biorefining,biomass liquids,cellulosic ethanol CCS level 2,missing,missing,missing,missing,missing,missing,missing,MTC
1305,0.0,0.0,0.0,0.0,0.295281,0.335082,0.36832,0.410982,0.443222,innovation-DACHubs,high,AZ,cement,cement,cement CCS,missing,missing,missing,missing,missing,missing,missing,MTC
1306,0.0,0.0,0.0,0.0,0.0,0.0,0.0,0.000896748,0.009422805,innovation-DACHubs,high,AZ,coal to liquids,coal to liquids,coal to liquids CCS level 1,missing,missing,missing,missing,missing,missing,missing,MTC
1307,0.0,0.0,0.0,0.0,0.0,0.0,0.0,0.00129223,0.0138801899999999,innovation-DACHubs,high,AZ,coal to liquids,coal to liquids,coal to liquids CCS level 2,missing,missing,missing,missing,missing,missing,missing,MTC
1308,0.596406,1.34592,1.26068,1.38206,1.42773,1.50027,1.57824,1.66056,1.74151,innovation-DACHubs,high,AZ,industrial feedstocks,refined liquids,refined liquids,missing,missing,missing,missing,missing,missing,missing,MTC
1309,0.0,0.0,0.0,0.000327087,0.000953489,0.00898211,0.025482,0.0580009,0.196196,innovation-DACHubs,high,AZ,lime,gas (CCS),lime,missing,missing,missing,missing,missing,missing,missing,MTC
1310,0.0,0.0,0.0,0.058265,0.092018,0.0475625,0.0956882,0.292575,1.15267,innovation-DACHubs,high,AR,DAC,DAC,DAC_solvent (oxy CCS),missing,missing,missing,missing,missing,missing,missing,MTC
1311,0.0,0.0,0.0,0.00733381,0.0204244,0.0177837,0.0475979,0.0602056,0.0644996,innovation-DACHubs,high,AR,DAC,DAC,DAC_sorbent (oxy CCS),missing,missing,missing,missing,missing,missing,missing,MTC
1312,0.0,0.0,0.0,0.0,0.140324,0.1867867,0.19638864,0.27225107,0.32222037,innovation-DACHubs,high,AR,biorefining,biomass liquids,FT biofuels CCS level 1,missing,missing,missing,missing,missing,missing,missing,MTC
1313,0.0,0.0,0.0,0.0,0.167408,0.2216768,0.2325833,0.3160347,0.3731739,innovation-DACHubs,high,AR,biorefining,biomass liquids,FT biofuels CCS level 2,missing,missing,missing,missing,missing,missing,missing,MTC
1314,0.0,0.0,0.0,0.0,0.0774965,0.1042352,0.10997118,0.15663992,0.1819740799999999,innovation-DACHubs,high,AR,biorefining,biomass liquids,cellulosic ethanol CCS level 1,missing,missing,missing,missing,missing,missing,missing,MTC
1315,0.0,0.0,0.0,0.0,0.455321,0.597851,0.6254146,0.8285968,0.965468,innovation-DACHubs,high,AR,biorefining,biomass liquids,cellulosic ethanol CCS level 2,missing,missing,missing,missing,missing,missing,missing,MTC
1316,0.0,0.0,0.0,0.0,0.0512068,0.0571553,0.0618537,0.0682953,0.0727229,innovation-DACHubs,high,AR,cement,cement,cement CCS,missing,missing,missing,missing,missing,missing,missing,MTC
1317,0.0,0.0,0.0,0.0,0.0,0.0,0.0,4.64433e-06,4.8945950000000005e-05,innovation-DACHubs,high,AR,coal to liquids,coal to liquids,coal to liquids CCS level 1,missing,missing,missing,missing,missing,missing,missing,MTC
1318,0.0,0.0,0.0,0.0,0.0,0.0,0.0,6.32381e-06,6.802003999999999e-05,innovation-DACHubs,high,AR,coal to liquids,coal to liquids,coal to liquids CCS level 2,missing,missing,missing,missing,missing,missing,missing,MTC
1319,0.124864,0.137872,0.513332,0.530252,0.534209,0.552875,0.570716,0.581898,0.59931,innovation-DACHubs,high,AR,industrial feedstocks,refined liquids,refined liquids,missing,missing,missing,missing,missing,missing,missing,MTC
1320,0.0,0.0,0.0,0.000255308,0.000712448,0.00544671,0.0153218,0.0325971,0.105805,innovation-DACHubs,high,AR,lime,gas (CCS),lime,missing,missing,missing,missing,missing,missing,missing,MTC
1321,0.0,0.0,0.0,0.15386,0.241381,0.13381,0.253756,0.819109,3.54164,innovation-DACHubs,high,CA,DAC,DAC,DAC_solvent (oxy CCS),missing,missing,missing,missing,missing,missing,missing,MTC
1322,0.0,0.0,0.0,0.0272082,0.0749197,0.0725567,0.185738,0.241508,0.292069,innovation-DACHubs,high,CA,DAC,DAC,DAC_sorbent (oxy CCS),missing,missing,missing,missing,missing,missing,missing,MTC
1323,0.0,0.0,0.0,0.0,0.0502498,0.0962224,0.1384689,0.2036694,0.2530319,innovation-DACHubs,high,CA,N fertilizer,gas,gas CCS,missing,missing,missing,missing,missing,missing,missing,MTC
1324,0.0,0.0,0.0,0.0,0.149865,0.1989526999999999,0.2110384,0.3557312,0.5113927,innovation-DACHubs,high,CA,biorefining,biomass liquids,FT biofuels CCS level 1,missing,missing,missing,missing,missing,missing,missing,MTC
1325,0.0,0.0,0.0,0.0,0.180124,0.2378547999999999,0.2519613,0.4215552999999999,0.6159971000000001,innovation-DACHubs,high,CA,biorefining,biomass liquids,FT biofuels CCS level 2,missing,missing,missing,missing,missing,missing,missing,MTC
1326,0.0,0.0,0.0,0.0,0.0808429,0.1084831,0.11511215,0.18807389,0.24857404,innovation-DACHubs,high,CA,biorefining,biomass liquids,cellulosic ethanol CCS level 1,missing,missing,missing,missing,missing,missing,missing,MTC
1327,0.0,0.0,0.0,0.0,0.49152,0.643591,0.6796512,1.1033357,1.5889185,innovation-DACHubs,high,CA,biorefining,biomass liquids,cellulosic ethanol CCS level 2,missing,missing,missing,missing,missing,missing,missing,MTC
1328,0.0,0.0,0.0,0.0,0.923692,1.03792,1.13453,1.26691,1.35944,innovation-DACHubs,high,CA,cement,cement,cement CCS,missing,missing,missing,missing,missing,missing,missing,MTC
1329,3.74519,3.80907,4.22884,4.45993,4.47641,4.68226,4.91738,5.08811,5.32136,innovation-DACHubs,high,CA,industrial feedstocks,refined liquids,refined liquids,missing,missing,missing,missing,missing,missing,missing,MTC
1330,0.0,0.0,0.0,0.00207179,0.00709277,0.0643959,0.172851,0.427002,1.41817,innovation-DACHubs,high,CA,lime,gas (CCS),lime,missing,missing,missing,missing,missing,missing,missing,MTC
1331,0.0,0.0,0.0,0.0927685,0.177735,0.0711856,0.148383,0.461642,1.93986,innovation-DACHubs,high,CO,DAC,DAC,DAC_solvent (oxy CCS),missing,missing,missing,missing,missing,missing,missing,MTC
1332,0.0,0.0,0.0,0.0106187,0.0341592,0.0231609,0.0630997,0.077348,0.0837106,innovation-DACHubs,high,CO,DAC,DAC,DAC_sorbent (oxy CCS),missing,missing,missing,missing,missing,missing,missing,MTC
1333,0.0,0.0,0.0,0.0,0.147968,0.1969048,0.2069742,0.2868848,0.3517967999999999,innovation-DACHubs,high,CO,biorefining,biomass liquids,FT biofuels CCS level 1,missing,missing,missing,missing,missing,missing,missing,MTC
1334,0.0,0.0,0.0,0.0,0.177411,0.2348515,0.2463456,0.334679,0.4106241,innovation-DACHubs,high,CO,biorefining,biomass liquids,FT biofuels CCS level 2,missing,missing,missing,missing,missing,missing,missing,MTC
1335,0.0,0.0,0.0,0.0,0.0804373,0.1081637,0.11408698,0.16249731,0.19323241,innovation-DACHubs,high,CO,biorefining,biomass liquids,cellulosic ethanol CCS level 1,missing,missing,missing,missing,missing,missing,missing,MTC
1336,0.0,0.0,0.0,0.0,0.483595,0.634776,0.6638818000000001,0.8793601,1.0633213,innovation-DACHubs,high,CO,biorefining,biomass liquids,cellulosic ethanol CCS level 2,missing,missing,missing,missing,missing,missing,missing,MTC
1337,0.0,0.0,0.0,0.0,0.172175,0.195132,0.214203,0.238716,0.257172,innovation-DACHubs,high,CO,cement,cement,cement CCS,missing,missing,missing,missing,missing,missing,missing,MTC
1338,0.0,0.0,0.0,0.0,0.0,0.0,0.0,0.00214039,0.02249063,innovation-DACHubs,high,CO,coal to liquids,coal to liquids,coal to liquids CCS level 1,missing,missing,missing,missing,missing,missing,missing,MTC
1339,0.0,0.0,0.0,0.0,0.0,0.0,0.0,0.00308433,0.03312958,innovation-DACHubs,high,CO,coal to liquids,coal to liquids,coal to liquids CCS level 2,missing,missing,missing,missing,missing,missing,missing,MTC
1340,0.820805,0.767322,1.17491,1.26863,1.27992,1.33822,1.40574,1.45452,1.52241,innovation-DACHubs,high,CO,industrial feedstocks,refined liquids,refined liquids,missing,missing,missing,missing,missing,missing,missing,MTC
1341,0.0,0.0,0.0,6.4101e-05,0.000127899,0.00110273,0.00314515,0.00581231,0.0187748,innovation-DACHubs,high,CO,lime,gas (CCS),lime,missing,missing,missing,missing,missing,missing,missing,MTC
1342,0.0,0.0,0.0,0.00657349,0.00976151,0.0077882,0.0138935,0.0414476,0.176289,innovation-DACHubs,high,CT,DAC,DAC,DAC_solvent (oxy CCS),missing,missing,missing,missing,missing,missing,missing,MTC
1343,0.0,0.0,0.0,0.00156701,0.00404567,0.00564826,0.0137535,0.0196888,0.0280882,innovation-DACHubs,high,CT,DAC,DAC,DAC_sorbent (oxy CCS),missing,missing,missing,missing,missing,missing,missing,MTC
1344,0.0,0.0,0.0,0.0,0.107771,0.1426973,0.14988323,0.20302293,0.2233602,innovation-DACHubs,high,CT,biorefining,biomass liquids,FT biofuels CCS level 1,missing,missing,missing,missing,missing,missing,missing,MTC
1345,0.0,0.0,0.0,0.0,0.125316,0.1649804,0.17289476,0.22930764,0.25039582,innovation-DACHubs,high,CT,biorefining,biomass liquids,FT biofuels CCS level 2,missing,missing,missing,missing,missing,missing,missing,MTC
1346,0.0,0.0,0.0,0.0,0.064557,0.0865208,0.09125316,0.12781097,0.14151831,innovation-DACHubs,high,CT,biorefining,biomass liquids,cellulosic ethanol CCS level 1,missing,missing,missing,missing,missing,missing,missing,MTC
1347,0.0,0.0,0.0,0.0,0.336984,0.439917,0.4596642999999999,0.5950849,0.643127,innovation-DACHubs,high,CT,biorefining,biomass liquids,cellulosic ethanol CCS level 2,missing,missing,missing,missing,missing,missing,missing,MTC
1348,0.0,0.0,0.0,0.0,0.0483702,0.055351,0.0611872,0.0710766,0.0768038,innovation-DACHubs,high,CT,cement,cement,cement CCS,missing,missing,missing,missing,missing,missing,missing,MTC
1349,0.399542,0.604395,0.472978,0.487192,0.49593,0.521131,0.549119,0.571678,0.599051,innovation-DACHubs,high,CT,industrial feedstocks,refined liquids,refined liquids,missing,missing,missing,missing,missing,missing,missing,MTC
1350,0.0,0.0,0.0,6.70745e-07,2.34714e-06,2.24807e-05,5.78504e-05,0.000142488,0.000497433,innovation-DACHubs,high,CT,lime,gas (CCS),lime,missing,missing,missing,missing,missing,missing,missing,MTC
1351,0.0,0.0,0.0,0.00491097,0.00761197,0.00444343,0.00833692,0.0262391,0.116648,innovation-DACHubs,high,DE,DAC,DAC,DAC_solvent (oxy CCS),missing,missing,missing,missing,missing,missing,missing,MTC
1352,0.0,0.0,0.0,0.000787268,0.0021607,0.00217439,0.00554459,0.00725919,0.00891274,innovation-DACHubs,high,DE,DAC,DAC,DAC_sorbent (oxy CCS),missing,missing,missing,missing,missing,missing,missing,MTC
1353,0.0,0.0,0.0,0.0,0.140034,0.1862805,0.19577707,0.27033116,0.29318756,innovation-DACHubs,high,DE,biorefining,biomass liquids,FT biofuels CCS level 1,missing,missing,missing,missing,missing,missing,missing,MTC
1354,0.0,0.0,0.0,0.0,0.167146,0.2211882,0.2319813999999999,0.3140315,0.337903,innovation-DACHubs,high,DE,biorefining,biomass liquids,FT biofuels CCS level 2,missing,missing,missing,missing,missing,missing,missing,MTC
1355,0.0,0.0,0.0,0.0,0.0772152,0.103787,0.10945148,0.15524496,0.17016216,innovation-DACHubs,high,DE,biorefining,biomass liquids,cellulosic ethanol CCS level 1,missing,missing,missing,missing,missing,missing,missing,MTC
1356,0.0,0.0,0.0,0.0,0.454709,0.5966750000000001,0.6239566,0.8237589999999999,0.8779857,innovation-DACHubs,high,DE,biorefining,biomass liquids,cellulosic ethanol CCS level 2,missing,missing,missing,missing,missing,missing,missing,MTC
1357,0.135193,0.190649,0.236306,0.246533,0.246478,0.256372,0.26746,0.274699,0.285765,innovation-DACHubs,high,DE,industrial feedstocks,refined liquids,refined liquids,missing,missing,missing,missing,missing,missing,missing,MTC
1358,0.0,0.0,0.0,5.1458e-06,1.96854e-05,0.000189847,0.000519644,0.00140252,0.00486186,innovation-DACHubs,high,DE,lime,gas (CCS),lime,missing,missing,missing,missing,missing,missing,missing,MTC
1359,0.00763224,0.0052038,0.283008,0.299295,0.316646,0.33522,0.352784,0.370714,0.388256,innovation-DACHubs,high,DC,industrial feedstocks,refined liquids,refined liquids,missing,missing,missing,missing,missing,missing,missing,MTC
1360,0.0,0.0,0.0,0.163912,0.234544,0.113903,0.217823,0.751781,3.39552,innovation-DACHubs,high,FL,DAC,DAC,DAC_solvent (oxy CCS),missing,missing,missing,missing,missing,missing,missing,MTC
1361,0.0,0.0,0.0,0.0178468,0.0471148,0.0383393,0.09663,0.122562,0.147311,innovation-DACHubs,high,FL,DAC,DAC,DAC_sorbent (oxy CCS),missing,missing,missing,missing,missing,missing,missing,MTC
1362,0.0,0.0,0.0,0.0,0.254057,0.512999,0.7524700000000001,1.101626,1.347584,innovation-DACHubs,high,FL,N fertilizer,gas,gas CCS,missing,missing,missing,missing,missing,missing,missing,MTC
1363,0.0,0.0,0.0,0.0,0.142271,0.1894385,0.1992023,0.306705,0.4182164,innovation-DACHubs,high,FL,biorefining,biomass liquids,FT biofuels CCS level 1,missing,missing,missing,missing,missing,missing,missing,MTC
1364,0.0,0.0,0.0,0.0,0.169911,0.2250637,0.2361684,0.3585151,0.4944847,innovation-DACHubs,high,FL,biorefining,biomass liquids,FT biofuels CCS level 2,missing,missing,missing,missing,missing,missing,missing,MTC
1365,0.0,0.0,0.0,0.0,0.0783093,0.1053581,0.1111690999999999,0.17062929,0.21729742,innovation-DACHubs,high,FL,biorefining,biomass liquids,cellulosic ethanol CCS level 1,missing,missing,missing,missing,missing,missing,missing,MTC
1366,0.0,0.0,0.0,0.0,0.462344,0.607266,0.6353431,0.9373941,1.2734373,innovation-DACHubs,high,FL,biorefining,biomass liquids,cellulosic ethanol CCS level 2,missing,missing,missing,missing,missing,missing,missing,MTC
1367,0.0,0.0,0.0,0.0,0.541663,0.60408,0.653585,0.724275,0.76982,innovation-DACHubs,high,FL,cement,cement,cement CCS,missing,missing,missing,missing,missing,missing,missing,MTC
1368,1.71452,1.71515,1.96646,2.124,2.21859,2.32224,2.41331,2.46332,2.54924,innovation-DACHubs,high,FL,industrial feedstocks,refined liquids,refined liquids,missing,missing,missing,missing,missing,missing,missing,MTC
1369,0.0,0.0,0.0,0.00444352,0.0158023,0.150148,0.420398,1.03486,3.62871,innovation-DACHubs,high,FL,lime,gas (CCS),lime,missing,missing,missing,missing,missing,missing,missing,MTC
1370,0.0,0.0,0.0,0.0750147,0.115366,0.0549112,0.104783,0.326137,1.33851,innovation-DACHubs,high,GA,DAC,DAC,DAC_solvent (oxy CCS),missing,missing,missing,missing,missing,missing,missing,MTC
1371,0.0,0.0,0.0,0.00948643,0.0257186,0.0206129,0.0523179,0.0674853,0.0754862,innovation-DACHubs,high,GA,DAC,DAC,DAC_sorbent (oxy CCS),missing,missing,missing,missing,missing,missing,missing,MTC
1372,0.0,0.0,0.0,0.0,0.0402817,0.0819732,0.1205688,0.1779041,0.2192948,innovation-DACHubs,high,GA,N fertilizer,gas,gas CCS,missing,missing,missing,missing,missing,missing,missing,MTC
1373,0.0,0.0,0.0,0.0,0.13943,0.1856063,0.1951563799999999,0.27058614,0.32807754,innovation-DACHubs,high,GA,biorefining,biomass liquids,FT biofuels CCS level 1,missing,missing,missing,missing,missing,missing,missing,MTC
1374,0.0,0.0,0.0,0.0,0.166238,0.2201372999999999,0.2309786999999999,0.3139026,0.3805061,innovation-DACHubs,high,GA,biorefining,biomass liquids,FT biofuels CCS level 2,missing,missing,missing,missing,missing,missing,missing,MTC
1375,0.0,0.0,0.0,0.0,0.0771569,0.1037829999999999,0.10949902,0.1559919699999999,0.18404397,innovation-DACHubs,high,GA,biorefining,biomass liquids,cellulosic ethanol CCS level 1,missing,missing,missing,missing,missing,missing,missing,MTC
1376,0.0,0.0,0.0,0.0,0.452012,0.5935360000000001,0.6209273,0.8227746,0.9834052,innovation-DACHubs,high,GA,biorefining,biomass liquids,cellulosic ethanol CCS level 2,missing,missing,missing,missing,missing,missing,missing,MTC
1377,0.0,0.0,0.0,0.0,0.226054,0.251062,0.270335,0.296972,0.314287,innovation-DACHubs,high,GA,cement,cement,cement CCS,missing,missing,missing,missing,missing,missing,missing,MTC
1378,1.61241,1.8633,0.823879,0.872928,0.892762,0.927134,0.958115,0.976645,1.00522,innovation-DACHubs,high,GA,industrial feedstocks,refined liquids,refined liquids,missing,missing,missing,missing,missing,missing,missing,MTC
1379,0.0,0.0,0.0,0.000184888,0.000571196,0.00497564,0.0138988,0.0324891,0.104248,innovation-DACHubs,high,GA,lime,gas (CCS),lime,missing,missing,missing,missing,missing,missing,missing,MTC
1380,0.0,0.0,0.0,0.0,0.0308001,0.0411908,0.04352423,0.0601795,0.06574046,innovation-DACHubs,high,HI,biorefining,biomass liquids,FT biofuels CCS level 1,missing,missing,missing,missing,missing,missing,missing,MTC
1381,0.0,0.0,0.0,0.0,0.0303602,0.0404025,0.04258976,0.0578401699999999,0.06262323,innovation-DACHubs,high,HI,biorefining,biomass liquids,FT biofuels CCS level 2,missing,missing,missing,missing,missing,missing,missing,MTC
1382,0.0,0.0,0.0,0.0,0.0309708,0.0417795,0.0442839,0.06250406,0.0688870999999999,innovation-DACHubs,high,HI,biorefining,biomass liquids,cellulosic ethanol CCS level 1,missing,missing,missing,missing,missing,missing,missing,MTC
1383,0.0,0.0,0.0,0.0,0.0750492,0.0990996,0.1041250399999999,0.13831841,0.14812066,innovation-DACHubs,high,HI,biorefining,biomass liquids,cellulosic ethanol CCS level 2,missing,missing,missing,missing,missing,missing,missing,MTC
1384,0.0960792,0.0576769,0.293022,0.301489,0.299601,0.315017,0.330585,0.344227,0.360481,innovation-DACHubs,high,HI,industrial feedstocks,refined liquids,refined liquids,missing,missing,missing,missing,missing,missing,missing,MTC
1385,0.0,0.0,0.0,0.0183228,0.0384748,0.0181962,0.0384684,0.11833,0.507732,innovation-DACHubs,high,ID,DAC,DAC,DAC_solvent (oxy CCS),missing,missing,missing,missing,missing,missing,missing,MTC
1386,0.0,0.0,0.0,0.00246341,0.008284,0.00656679,0.0182535,0.0230282,0.0259361,innovation-DACHubs,high,ID,DAC,DAC,DAC_sorbent (oxy CCS),missing,missing,missing,missing,missing,missing,missing,MTC
1387,0.0,0.0,0.0,0.0,0.141426,0.1881826,0.19782364,0.27375985,0.29864857,innovation-DACHubs,high,ID,biorefining,biomass liquids,FT biofuels CCS level 1,missing,missing,missing,missing,missing,missing,missing,MTC
1388,0.0,0.0,0.0,0.0,0.168868,0.2235176,0.2344766999999999,0.3180384,0.3442617999999999,innovation-DACHubs,high,ID,biorefining,biomass liquids,FT biofuels CCS level 2,missing,missing,missing,missing,missing,missing,missing,MTC
1389,0.0,0.0,0.0,0.0,0.0778941,0.1047402,0.11048964,0.15714927,0.17303,innovation-DACHubs,high,ID,biorefining,biomass liquids,cellulosic ethanol CCS level 1,missing,missing,missing,missing,missing,missing,missing,MTC
1390,0.0,0.0,0.0,0.0,0.459464,0.603042,0.6307442,0.8342223000000001,0.8941487,innovation-DACHubs,high,ID,biorefining,biomass liquids,cellulosic ethanol CCS level 2,missing,missing,missing,missing,missing,missing,missing,MTC
1391,0.0,0.0,0.0,0.0,0.0469932,0.0531198,0.0580354,0.0646262,0.0693078,innovation-DACHubs,high,ID,cement,cement,cement CCS,missing,missing,missing,missing,missing,missing,missing,MTC
1392,0.322906,0.499451,0.689982,0.757685,0.784495,0.819117,0.85406,0.886021,0.921853,innovation-DACHubs,high,ID,industrial feedstocks,refined liquids,refined liquids,missing,missing,missing,missing,missing,missing,missing,MTC
1393,0.0,0.0,0.0,4.33262e-06,1.09731e-05,9.52841e-05,0.000269096,0.000570773,0.00183964,innovation-DACHubs,high,ID,lime,gas (CCS),lime,missing,missing,missing,missing,missing,missing,missing,MTC
1394,0.0,0.0,0.0,0.101078,0.157424,0.0835482,0.157741,0.47277,2.17357,innovation-DACHubs,high,IL,DAC,DAC,DAC_solvent (oxy CCS),missing,missing,missing,missing,missing,missing,missing,MTC
1395,0.0,0.0,0.0,0.0162717,0.044598,0.0413516,0.105357,0.133956,0.163293,innovation-DACHubs,high,IL,DAC,DAC,DAC_sorbent (oxy CCS),missing,missing,missing,missing,missing,missing,missing,MTC
1396,0.0,0.0,0.0,0.0,0.144404,0.1920257,0.2017646,0.3031365,0.4029211,innovation-DACHubs,high,IL,biorefining,biomass liquids,FT biofuels CCS level 1,missing,missing,missing,missing,missing,missing,missing,MTC
1397,0.0,0.0,0.0,0.0,0.172896,0.2287162,0.2398183,0.3549447,0.4759536,innovation-DACHubs,high,IL,biorefining,biomass liquids,FT biofuels CCS level 2,missing,missing,missing,missing,missing,missing,missing,MTC
1398,0.0,0.0,0.0,0.0,0.0788481,0.1059458,0.11169889,0.16813532,0.21056945,innovation-DACHubs,high,IL,biorefining,biomass liquids,cellulosic ethanol CCS level 1,missing,missing,missing,missing,missing,missing,missing,MTC
1399,0.0,0.0,0.0,0.0,0.470996,0.617827,0.6459252,0.9298871,1.2281213,innovation-DACHubs,high,IL,biorefining,biomass liquids,cellulosic ethanol CCS level 2,missing,missing,missing,missing,missing,missing,missing,MTC
1400,0.0,0.0,0.0,0.0,0.271374,0.303751,0.330544,0.367068,0.393231,innovation-DACHubs,high,IL,cement,cement,cement CCS,missing,missing,missing,missing,missing,missing,missing,MTC
1401,0.0,0.0,0.0,0.0,0.0,0.0,0.0,0.00680016,0.07150118,innovation-DACHubs,high,IL,coal to liquids,coal to liquids,coal to liquids CCS level 1,missing,missing,missing,missing,missing,missing,missing,MTC
1402,0.0,0.0,0.0,0.0,0.0,0.0,0.0,0.00971239,0.1043779,innovation-DACHubs,high,IL,coal to liquids,coal to liquids,coal to liquids CCS level 2,missing,missing,missing,missing,missing,missing,missing,MTC
1403,2.10142,2.80732,2.21048,2.2763,2.25342,2.34616,2.45386,2.54988,2.67117,innovation-DACHubs,high,IL,industrial feedstocks,refined liquids,refined liquids,missing,missing,missing,missing,missing,missing,missing,MTC
1404,0.0,0.0,0.0,0.000766375,0.00215906,0.0187811,0.0512366,0.115348,0.381617,innovation-DACHubs,high,IL,lime,gas (CCS),lime,missing,missing,missing,missing,missing,missing,missing,MTC
1405,0.0,0.0,0.0,0.135064,0.211726,0.108708,0.221252,0.660459,2.86976,innovation-DACHubs,high,IN,DAC,DAC,DAC_solvent (oxy CCS),missing,missing,missing,missing,missing,missing,missing,MTC
1406,0.0,0.0,0.0,0.0182415,0.050931,0.0450682,0.122068,0.148271,0.16936,innovation-DACHubs,high,IN,DAC,DAC,DAC_sorbent (oxy CCS),missing,missing,missing,missing,missing,missing,missing,MTC
1407,0.0,0.0,0.0,0.0,0.147218,0.1958493999999999,0.2058207,0.3199174999999999,0.431493,innovation-DACHubs,high,IN,biorefining,biomass liquids,FT biofuels CCS level 1,missing,missing,missing,missing,missing,missing,missing,MTC
1408,0.0,0.0,0.0,0.0,0.176516,0.233605,0.2449888999999999,0.3758197,0.5120602,innovation-DACHubs,high,IN,biorefining,biomass liquids,FT biofuels CCS level 2,missing,missing,missing,missing,missing,missing,missing,MTC
1409,0.0,0.0,0.0,0.0,0.0800227,0.1075672,0.11342898,0.17506404,0.22153686,innovation-DACHubs,high,IN,biorefining,biomass liquids,cellulosic ethanol CCS level 1,missing,missing,missing,missing,missing,missing,missing,MTC
1410,0.0,0.0,0.0,0.0,0.481162,0.6314219999999999,0.6602509,0.9842125000000002,1.3210402,innovation-DACHubs,high,IN,biorefining,biomass liquids,cellulosic ethanol CCS level 2,missing,missing,missing,missing,missing,missing,missing,MTC
1411,0.0,0.0,0.0,0.0,0.150573,0.16772,0.181846,0.201005,0.214446,innovation-DACHubs,high,IN,cement,cement,cement CCS,missing,missing,missing,missing,missing,missing,missing,MTC
1412,0.0,0.0,0.0,0.0,0.0,0.0,0.0,0.00398857,0.0420773,innovation-DACHubs,high,IN,coal to liquids,coal to liquids,coal to liquids CCS level 1,missing,missing,missing,missing,missing,missing,missing,MTC
1413,0.0,0.0,0.0,0.0,0.0,0.0,0.0,0.00563186,0.06072474,innovation-DACHubs,high,IN,coal to liquids,coal to liquids,coal to liquids CCS level 2,missing,missing,missing,missing,missing,missing,missing,MTC
1414,2.15508,1.88267,1.45201,1.51673,1.47743,1.53034,1.59588,1.64575,1.71495,innovation-DACHubs,high,IN,industrial feedstocks,refined liquids,refined liquids,missing,missing,missing,missing,missing,missing,missing,MTC
1415,0.0,0.0,0.0,0.00105088,0.00287691,0.025859,0.0724382,0.16069,0.532015,innovation-DACHubs,high,IN,lime,gas (CCS),lime,missing,missing,missing,missing,missing,missing,missing,MTC
1416,0.0,0.0,0.0,0.0809929,0.137183,0.0663713,0.137612,0.402977,1.74178,innovation-DACHubs,high,IA,DAC,DAC,DAC_solvent (oxy CCS),missing,missing,missing,missing,missing,missing,missing,MTC
1417,0.0,0.0,0.0,0.0102461,0.0296704,0.0246712,0.0663981,0.082633,0.0972184,innovation-DACHubs,high,IA,DAC,DAC,DAC_sorbent (oxy CCS),missing,missing,missing,missing,missing,missing,missing,MTC
1418,0.0,0.0,0.0,0.0,0.0520066,0.1071331,0.1582494,0.2345998,0.2902763,innovation-DACHubs,high,IA,N fertilizer,gas,gas CCS,missing,missing,missing,missing,missing,missing,missing,MTC
1419,0.0,0.0,0.0,0.0,0.13647,0.1816359,0.19100311,0.27193457,0.34281364,innovation-DACHubs,high,IA,biorefining,biomass liquids,FT biofuels CCS level 1,missing,missing,missing,missing,missing,missing,missing,MTC
1420,0.0,0.0,0.0,0.0,0.162354,0.2149557,0.225565,0.3152161,0.3988195,innovation-DACHubs,high,IA,biorefining,biomass liquids,FT biofuels CCS level 2,missing,missing,missing,missing,missing,missing,missing,MTC
1421,0.0,0.0,0.0,0.0,0.0760413,0.1022717,0.10792018,0.15663786,0.18942761,innovation-DACHubs,high,IA,biorefining,biomass liquids,cellulosic ethanol CCS level 1,missing,missing,missing,missing,missing,missing,missing,MTC
1422,0.0,0.0,0.0,0.0,0.441025,0.579009,0.6057894,0.824702,1.0281808,innovation-DACHubs,high,IA,biorefining,biomass liquids,cellulosic ethanol CCS level 2,missing,missing,missing,missing,missing,missing,missing,MTC
1423,0.0,0.0,0.0,0.0,0.0998447,0.111659,0.121241,0.13471,0.143575,innovation-DACHubs,high,IA,cement,cement,cement CCS,missing,missing,missing,missing,missing,missing,missing,MTC
1424,0.387237,0.927102,0.588536,0.610828,0.598605,0.617859,0.642475,0.659761,0.683624,innovation-DACHubs,high,IA,industrial feedstocks,refined liquids,refined liquids,missing,missing,missing,missing,missing,missing,missing,MTC
1425,0.0,0.0,0.0,0.000230202,0.000590834,0.00505984,0.0142637,0.0299152,0.0976497,innovation-DACHubs,high,IA,lime,gas (CCS),lime,missing,missing,missing,missing,missing,missing,missing,MTC
1426,0.0,0.0,0.0,0.076887,0.149685,0.0620214,0.128086,0.379194,1.54562,innovation-DACHubs,high,KS,DAC,DAC,DAC_solvent (oxy CCS),missing,missing,missing,missing,missing,missing,missing,MTC
1427,0.0,0.0,0.0,0.00892547,0.0288406,0.0199418,0.0540152,0.0662059,0.0713569,innovation-DACHubs,high,KS,DAC,DAC,DAC_sorbent (oxy CCS),missing,missing,missing,missing,missing,missing,missing,MTC
1428,0.0,0.0,0.0,0.0,0.143376,0.1908589,0.2006677,0.2782795999999999,0.3339021,innovation-DACHubs,high,KS,biorefining,biomass liquids,FT biofuels CCS level 1,missing,missing,missing,missing,missing,missing,missing,MTC
1429,0.0,0.0,0.0,0.0,0.171373,0.2269348,0.2380988,0.3236294,0.3878362999999999,innovation-DACHubs,high,KS,biorefining,biomass liquids,FT biofuels CCS level 2,missing,missing,missing,missing,missing,missing,missing,MTC
1430,0.0,0.0,0.0,0.0,0.0787099,0.1058752,0.11170167,0.15917195,0.18659314,innovation-DACHubs,high,KS,biorefining,biomass liquids,cellulosic ethanol CCS level 1,missing,missing,missing,missing,missing,missing,missing,MTC
1431,0.0,0.0,0.0,0.0,0.466495,0.61254,0.6407742,0.8491679999999999,1.00369,innovation-DACHubs,high,KS,biorefining,biomass liquids,cellulosic ethanol CCS level 2,missing,missing,missing,missing,missing,missing,missing,MTC
1432,0.0,0.0,0.0,0.0,0.0845495,0.0948183,0.103149,0.114098,0.121919,innovation-DACHubs,high,KS,cement,cement,cement CCS,missing,missing,missing,missing,missing,missing,missing,MTC
1433,0.976468,0.667145,0.628941,0.648826,0.642761,0.667871,0.696954,0.712494,0.740329,innovation-DACHubs,high,KS,industrial feedstocks,refined liquids,refined liquids,missing,missing,missing,missing,missing,missing,missing,MTC
1434,0.0,0.0,0.0,0.000113256,0.000276614,0.0020522,0.00579926,0.0114396,0.0367977,innovation-DACHubs,high,KS,lime,gas (CCS),lime,missing,missing,missing,missing,missing,missing,missing,MTC
1435,0.0,0.0,0.0,0.0841457,0.132062,0.0677412,0.137728,0.421959,1.75434,innovation-DACHubs,high,KY,DAC,DAC,DAC_solvent (oxy CCS),missing,missing,missing,missing,missing,missing,missing,MTC
1436,0.0,0.0,0.0,0.0113646,0.0317678,0.0280842,0.0759863,0.0947285,0.103533,innovation-DACHubs,high,KY,DAC,DAC,DAC_sorbent (oxy CCS),missing,missing,missing,missing,missing,missing,missing,MTC
1437,0.0,0.0,0.0,0.0,0.147218,0.1958493999999999,0.2058207,0.2920496999999999,0.364168,innovation-DACHubs,high,KY,biorefining,biomass liquids,FT biofuels CCS level 1,missing,missing,missing,missing,missing,missing,missing,MTC
1438,0.0,0.0,0.0,0.0,0.176516,0.233605,0.2449888999999999,0.3412356,0.4264738999999999,innovation-DACHubs,high,KY,biorefining,biomass liquids,FT biofuels CCS level 2,missing,missing,missing,missing,missing,missing,missing,MTC
1439,0.0,0.0,0.0,0.0,0.0800227,0.1075672,0.11342898,0.16410794,0.19723336,innovation-DACHubs,high,KY,biorefining,biomass liquids,cellulosic ethanol CCS level 1,missing,missing,missing,missing,missing,missing,missing,MTC
1440,0.0,0.0,0.0,0.0,0.481162,0.6314219999999999,0.6602509,0.8959675,1.1034632,innovation-DACHubs,high,KY,biorefining,biomass liquids,cellulosic ethanol CCS level 2,missing,missing,missing,missing,missing,missing,missing,MTC
1441,0.0,0.0,0.0,0.0,0.0680875,0.0758484,0.0825273,0.0913213,0.0976267,innovation-DACHubs,high,KY,cement,cement,cement CCS,missing,missing,missing,missing,missing,missing,missing,MTC
1442,0.0,0.0,0.0,0.0,0.0,0.0,0.0,0.00567592,0.05987789,innovation-DACHubs,high,KY,coal to liquids,coal to liquids,coal to liquids CCS level 1,missing,missing,missing,missing,missing,missing,missing,MTC
1443,0.0,0.0,0.0,0.0,0.0,0.0,0.0,0.0080144,0.08641414,innovation-DACHubs,high,KY,coal to liquids,coal to liquids,coal to liquids CCS level 2,missing,missing,missing,missing,missing,missing,missing,MTC
1444,0.764031,1.12514,1.05801,1.0983,1.08783,1.12376,1.16712,1.20634,1.25306,innovation-DACHubs,high,KY,industrial feedstocks,refined liquids,refined liquids,missing,missing,missing,missing,missing,missing,missing,MTC
1445,0.0,0.0,0.0,0.00100458,0.00244959,0.0210015,0.0591651,0.121408,0.3851,innovation-DACHubs,high,KY,lime,gas (CCS),lime,missing,missing,missing,missing,missing,missing,missing,MTC
1446,0.0,0.0,0.0,0.123152,0.19089,0.089781,0.171433,0.516108,2.15542,innovation-DACHubs,high,LA,DAC,DAC,DAC_solvent (oxy CCS),missing,missing,missing,missing,missing,missing,missing,MTC
1447,0.0,0.0,0.0,0.0155739,0.0425553,0.0337026,0.0855963,0.106795,0.121557,innovation-DACHubs,high,LA,DAC,DAC,DAC_sorbent (oxy CCS),missing,missing,missing,missing,missing,missing,missing,MTC
1448,0.0,0.0,0.0,0.0,0.269556,0.548547,0.80682,1.190495,1.4674710000000002,innovation-DACHubs,high,LA,N fertilizer,gas,gas CCS,missing,missing,missing,missing,missing,missing,missing,MTC
1449,0.0,0.0,0.0,0.0,0.13943,0.1856063,0.1951563799999999,0.29059524,0.37704984,innovation-DACHubs,high,LA,biorefining,biomass liquids,FT biofuels CCS level 1,missing,missing,missing,missing,missing,missing,missing,MTC
1450,0.0,0.0,0.0,0.0,0.166238,0.2201372999999999,0.2309786999999999,0.3384919,0.4420697,innovation-DACHubs,high,LA,biorefining,biomass liquids,FT biofuels CCS level 2,missing,missing,missing,missing,missing,missing,missing,MTC
1451,0.0,0.0,0.0,0.0,0.0771569,0.1037829999999999,0.10949902,0.1640050699999999,0.20216188,innovation-DACHubs,high,LA,biorefining,biomass liquids,cellulosic ethanol CCS level 1,missing,missing,missing,missing,missing,missing,missing,MTC
1452,0.0,0.0,0.0,0.0,0.452012,0.5935360000000001,0.6209273,0.8852556,1.1391852,innovation-DACHubs,high,LA,biorefining,biomass liquids,cellulosic ethanol CCS level 2,missing,missing,missing,missing,missing,missing,missing,MTC
1453,0.0,0.0,0.0,0.0,0.0748091,0.0840121,0.0914105,0.101565,0.108758,innovation-DACHubs,high,LA,cement,cement,cement CCS,missing,missing,missing,missing,missing,missing,missing,MTC
1454,0.0,0.0,0.0,0.0,0.0,0.0,0.0,0.000117696,0.001240353,innovation-DACHubs,high,LA,coal to liquids,coal to liquids,coal to liquids CCS level 1,missing,missing,missing,missing,missing,missing,missing,MTC
1455,0.0,0.0,0.0,0.0,0.0,0.0,0.0,0.000160031,0.00172127,innovation-DACHubs,high,LA,coal to liquids,coal to liquids,coal to liquids CCS level 2,missing,missing,missing,missing,missing,missing,missing,MTC
1456,14.0534,27.0174,19.5537,20.1172,21.8742,23.045,24.0836,25.1428,26.2094,innovation-DACHubs,high,LA,industrial feedstocks,refined liquids,refined liquids,missing,missing,missing,missing,missing,missing,missing,MTC
1457,0.0,0.0,0.0,0.000157538,0.000589643,0.00457979,0.0127627,0.0317098,0.106856,innovation-DACHubs,high,LA,lime,gas (CCS),lime,missing,missing,missing,missing,missing,missing,missing,MTC
1458,0.0,0.0,0.0,0.00275388,0.00410527,0.0032375,0.00577843,0.0165223,0.0684222,innovation-DACHubs,high,ME,DAC,DAC,DAC_solvent (oxy CCS),missing,missing,missing,missing,missing,missing,missing,MTC
1459,0.0,0.0,0.0,0.00065648,0.00170144,0.00234794,0.00572025,0.00784857,0.0109018,innovation-DACHubs,high,ME,DAC,DAC,DAC_sorbent (oxy CCS),missing,missing,missing,missing,missing,missing,missing,MTC
1460,0.0,0.0,0.0,0.0,0.107771,0.1426973,0.14988323,0.20302293,0.21871119,innovation-DACHubs,high,ME,biorefining,biomass liquids,FT biofuels CCS level 1,missing,missing,missing,missing,missing,missing,missing,MTC
1461,0.0,0.0,0.0,0.0,0.125316,0.1649804,0.17289476,0.22930764,0.2448937,innovation-DACHubs,high,ME,biorefining,biomass liquids,FT biofuels CCS level 2,missing,missing,missing,missing,missing,missing,missing,MTC
1462,0.0,0.0,0.0,0.0,0.064557,0.0865208,0.09125316,0.12781097,0.1396571,innovation-DACHubs,high,ME,biorefining,biomass liquids,cellulosic ethanol CCS level 1,missing,missing,missing,missing,missing,missing,missing,MTC
1463,0.0,0.0,0.0,0.0,0.336984,0.439917,0.4596642999999999,0.5950849,0.6296593999999999,innovation-DACHubs,high,ME,biorefining,biomass liquids,cellulosic ethanol CCS level 2,missing,missing,missing,missing,missing,missing,missing,MTC
1464,0.162611,0.110454,0.360051,0.37326,0.387243,0.402599,0.416026,0.423092,0.434084,innovation-DACHubs,high,ME,industrial feedstocks,refined liquids,refined liquids,missing,missing,missing,missing,missing,missing,missing,MTC
1465,0.0,0.0,0.0,1.47823e-05,4.5317e-05,0.000425389,0.001109,0.00267709,0.00863219,innovation-DACHubs,high,ME,lime,gas (CCS),lime,missing,missing,missing,missing,missing,missing,missing,MTC
1466,0.0,0.0,0.0,0.0242555,0.0358163,0.0210673,0.0394123,0.123888,0.539185,innovation-DACHubs,high,MD,DAC,DAC,DAC_solvent (oxy CCS),missing,missing,missing,missing,missing,missing,missing,MTC
1467,0.0,0.0,0.0,0.00388835,0.0101667,0.0103093,0.0262117,0.0342744,0.0411977,innovation-DACHubs,high,MD,DAC,DAC,DAC_sorbent (oxy CCS),missing,missing,missing,missing,missing,missing,missing,MTC
1468,0.0,0.0,0.0,0.0,0.140034,0.1862805,0.19577707,0.27033116,0.30194966,innovation-DACHubs,high,MD,biorefining,biomass liquids,FT biofuels CCS level 1,missing,missing,missing,missing,missing,missing,missing,MTC
1469,0.0,0.0,0.0,0.0,0.167146,0.2211882,0.2319813999999999,0.3140315,0.3485389,innovation-DACHubs,high,MD,biorefining,biomass liquids,FT biofuels CCS level 2,missing,missing,missing,missing,missing,missing,missing,MTC
1470,0.0,0.0,0.0,0.0,0.0772152,0.103787,0.10945148,0.15524496,0.17355816,innovation-DACHubs,high,MD,biorefining,biomass liquids,cellulosic ethanol CCS level 1,missing,missing,missing,missing,missing,missing,missing,MTC
1471,0.0,0.0,0.0,0.0,0.454709,0.5966750000000001,0.6239566,0.8237589999999999,0.9042855,innovation-DACHubs,high,MD,biorefining,biomass liquids,cellulosic ethanol CCS level 2,missing,missing,missing,missing,missing,missing,missing,MTC
1472,0.0,0.0,0.0,0.0,0.109396,0.122207,0.132267,0.146629,0.156067,innovation-DACHubs,high,MD,cement,cement,cement CCS,missing,missing,missing,missing,missing,missing,missing,MTC
1473,0.0,0.0,0.0,0.0,0.0,0.0,0.0,0.000190512,0.002006727,innovation-DACHubs,high,MD,coal to liquids,coal to liquids,coal to liquids CCS level 1,missing,missing,missing,missing,missing,missing,missing,MTC
1474,0.0,0.0,0.0,0.0,0.0,0.0,0.0,0.000260863,0.002804667,innovation-DACHubs,high,MD,coal to liquids,coal to liquids,coal to liquids CCS level 2,missing,missing,missing,missing,missing,missing,missing,MTC
1475,1.26204,0.864266,1.11259,1.15579,1.17529,1.23133,1.28594,1.33449,1.3893,innovation-DACHubs,high,MD,industrial feedstocks,refined liquids,refined liquids,missing,missing,missing,missing,missing,missing,missing,MTC
1476,0.0,0.0,0.0,0.000680617,0.00221654,0.0209099,0.0578215,0.141907,0.476958,innovation-DACHubs,high,MD,lime,gas (CCS),lime,missing,missing,missing,missing,missing,missing,missing,MTC
1477,0.0,0.0,0.0,0.0121421,0.0169116,0.0134352,0.0240325,0.072833,0.285928,innovation-DACHubs,high,MA,DAC,DAC,DAC_solvent (oxy CCS),missing,missing,missing,missing,missing,missing,missing,MTC
1478,0.0,0.0,0.0,0.00289449,0.00700906,0.00974366,0.0237905,0.0345977,0.0455571,innovation-DACHubs,high,MA,DAC,DAC,DAC_sorbent (oxy CCS),missing,missing,missing,missing,missing,missing,missing,MTC
1479,0.0,0.0,0.0,0.0,0.107771,0.1426973,0.14988323,0.20302293,0.2314778,innovation-DACHubs,high,MA,biorefining,biomass liquids,FT biofuels CCS level 1,missing,missing,missing,missing,missing,missing,missing,MTC
1480,0.0,0.0,0.0,0.0,0.125316,0.1649804,0.17289476,0.22930764,0.26017003,innovation-DACHubs,high,MA,biorefining,biomass liquids,FT biofuels CCS level 2,missing,missing,missing,missing,missing,missing,missing,MTC
1481,0.0,0.0,0.0,0.0,0.064557,0.0865208,0.09125316,0.12781097,0.14471531,innovation-DACHubs,high,MA,biorefining,biomass liquids,cellulosic ethanol CCS level 1,missing,missing,missing,missing,missing,missing,missing,MTC
1482,0.0,0.0,0.0,0.0,0.336984,0.439917,0.4596642999999999,0.5950849,0.6672194,innovation-DACHubs,high,MA,biorefining,biomass liquids,cellulosic ethanol CCS level 2,missing,missing,missing,missing,missing,missing,missing,MTC
1483,0.0,0.0,0.0,0.0,0.06447,0.0738988,0.0818095,0.0951977,0.103014,innovation-DACHubs,high,MA,cement,cement,cement CCS,missing,missing,missing,missing,missing,missing,missing,MTC
1484,0.337338,0.381869,0.998136,1.05549,1.08415,1.141,1.2039,1.25879,1.3215,innovation-DACHubs,high,MA,industrial feedstocks,refined liquids,refined liquids,missing,missing,missing,missing,missing,missing,missing,MTC
1485,0.0,0.0,0.0,3.3616e-05,0.000113176,0.00104779,0.00269976,0.00678821,0.0219291,innovation-DACHubs,high,MA,lime,gas (CCS),lime,missing,missing,missing,missing,missing,missing,missing,MTC
1486,0.0,0.0,0.0,0.109227,0.171049,0.0879276,0.179146,0.540251,2.30329,innovation-DACHubs,high,MI,DAC,DAC,DAC_solvent (oxy CCS),missing,missing,missing,missing,missing,missing,missing,MTC
1487,0.0,0.0,0.0,0.014752,0.0411461,0.036453,0.0988376,0.121285,0.13593,innovation-DACHubs,high,MI,DAC,DAC,DAC_sorbent (oxy CCS),missing,missing,missing,missing,missing,missing,missing,MTC
1488,0.0,0.0,0.0,0.0,0.147218,0.1958493999999999,0.2058207,0.3059665,0.3975399,innovation-DACHubs,high,MI,biorefining,biomass liquids,FT biofuels CCS level 1,missing,missing,missing,missing,missing,missing,missing,MTC
1489,0.0,0.0,0.0,0.0,0.176516,0.233605,0.2449888999999999,0.3584347,0.4686861999999999,innovation-DACHubs,high,MI,biorefining,biomass liquids,FT biofuels CCS level 2,missing,missing,missing,missing,missing,missing,missing,MTC
1490,0.0,0.0,0.0,0.0,0.0800227,0.1075672,0.11342898,0.16962634,0.20942356,innovation-DACHubs,high,MI,biorefining,biomass liquids,cellulosic ethanol CCS level 1,missing,missing,missing,missing,missing,missing,missing,MTC
1491,0.0,0.0,0.0,0.0,0.481162,0.6314219999999999,0.6602509,0.9397775000000002,1.2105672,innovation-DACHubs,high,MI,biorefining,biomass liquids,cellulosic ethanol CCS level 2,missing,missing,missing,missing,missing,missing,missing,MTC
1492,0.0,0.0,0.0,0.0,0.167277,0.18641,0.202224,0.22367,0.238769,innovation-DACHubs,high,MI,cement,cement,cement CCS,missing,missing,missing,missing,missing,missing,missing,MTC
1493,0.995417,1.75853,1.64997,1.72362,1.71664,1.78415,1.8584,1.91952,1.9979,innovation-DACHubs,high,MI,industrial feedstocks,refined liquids,refined liquids,missing,missing,missing,missing,missing,missing,missing,MTC
1494,0.0,0.0,0.0,0.000259687,0.000669626,0.00617392,0.0174608,0.0370833,0.122028,innovation-DACHubs,high,MI,lime,gas (CCS),lime,missing,missing,missing,missing,missing,missing,missing,MTC
1495,0.0,0.0,0.0,0.0755524,0.127992,0.0618975,0.128273,0.376517,1.6032,innovation-DACHubs,high,MN,DAC,DAC,DAC_solvent (oxy CCS),missing,missing,missing,missing,missing,missing,missing,MTC
1496,0.0,0.0,0.0,0.00955782,0.0276824,0.0230082,0.0618921,0.0772071,0.0894837,innovation-DACHubs,high,MN,DAC,DAC,DAC_sorbent (oxy CCS),missing,missing,missing,missing,missing,missing,missing,MTC
1497,0.0,0.0,0.0,0.0,0.135374,0.1800585,0.1892682899999999,0.26586594,0.33109651,innovation-DACHubs,high,MN,biorefining,biomass liquids,FT biofuels CCS level 1,missing,missing,missing,missing,missing,missing,missing,MTC
1498,0.0,0.0,0.0,0.0,0.16105,0.2130908,0.2235224,0.3080946,0.3846629,innovation-DACHubs,high,MN,biorefining,biomass liquids,FT biofuels CCS level 2,missing,missing,missing,missing,missing,missing,missing,MTC
1499,0.0,0.0,0.0,0.0,0.0754308,0.1013814,0.10693513,0.15351557,0.1841246999999999,innovation-DACHubs,high,MN,biorefining,biomass liquids,cellulosic ethanol CCS level 1,missing,missing,missing,missing,missing,missing,missing,MTC
1500,0.0,0.0,0.0,0.0,0.437484,0.573996,0.6003263,0.8065563,0.9924479,innovation-DACHubs,high,MN,biorefining,biomass liquids,cellulosic ethanol CCS level 2,missing,missing,missing,missing,missing,missing,missing,MTC
1501,0.0,0.0,0.0,0.0,0.117377,0.131673,0.143395,0.159856,0.170895,innovation-DACHubs,high,MN,cement,cement,cement CCS,missing,missing,missing,missing,missing,missing,missing,MTC
1502,1.52195,2.15623,2.06183,2.17225,2.19714,2.28636,2.3848,2.46156,2.55826,innovation-DACHubs,high,MN,industrial feedstocks,refined liquids,refined liquids,missing,missing,missing,missing,missing,missing,missing,MTC
1503,0.0,0.0,0.0,3.58598e-06,9.60543e-06,8.74268e-05,0.000247737,0.000519118,0.00169389,innovation-DACHubs,high,MN,lime,gas (CCS),lime,missing,missing,missing,missing,missing,missing,missing,MTC
1504,0.0,0.0,0.0,0.0429041,0.0662091,0.0310347,0.0592066,0.184847,0.754965,innovation-DACHubs,high,MS,DAC,DAC,DAC_solvent (oxy CCS),missing,missing,missing,missing,missing,missing,missing,MTC
1505,0.0,0.0,0.0,0.00542568,0.0147601,0.01165,0.0295618,0.0382492,0.0425769,innovation-DACHubs,high,MS,DAC,DAC,DAC_sorbent (oxy CCS),missing,missing,missing,missing,missing,missing,missing,MTC
1506,0.0,0.0,0.0,0.0,0.13943,0.1856063,0.1951563799999999,0.27058614,0.30630034,innovation-DACHubs,high,MS,biorefining,biomass liquids,FT biofuels CCS level 1,missing,missing,missing,missing,missing,missing,missing,MTC
1507,0.0,0.0,0.0,0.0,0.166238,0.2201372999999999,0.2309786999999999,0.3139026,0.3533274,innovation-DACHubs,high,MS,biorefining,biomass liquids,FT biofuels CCS level 2,missing,missing,missing,missing,missing,missing,missing,MTC
1508,0.0,0.0,0.0,0.0,0.0771569,0.1037829999999999,0.10949902,0.1559919699999999,0.17604277,innovation-DACHubs,high,MS,biorefining,biomass liquids,cellulosic ethanol CCS level 1,missing,missing,missing,missing,missing,missing,missing,MTC
1509,0.0,0.0,0.0,0.0,0.452012,0.5935360000000001,0.6209273,0.8227746,0.9154382,innovation-DACHubs,high,MS,biorefining,biomass liquids,cellulosic ethanol CCS level 2,missing,missing,missing,missing,missing,missing,missing,MTC
1510,0.0,0.0,0.0,0.0,0.0615727,0.0685389,0.0743413,0.0821471,0.087509,innovation-DACHubs,high,MS,cement,cement,cement CCS,missing,missing,missing,missing,missing,missing,missing,MTC
1511,0.0,0.0,0.0,0.0,0.0,0.0,0.0,0.000133851,0.001410592,innovation-DACHubs,high,MS,coal to liquids,coal to liquids,coal to liquids CCS level 1,missing,missing,missing,missing,missing,missing,missing,MTC
1512,0.0,0.0,0.0,0.0,0.0,0.0,0.0,0.000181996,0.001957524,innovation-DACHubs,high,MS,coal to liquids,coal to liquids,coal to liquids CCS level 2,missing,missing,missing,missing,missing,missing,missing,MTC
1513,0.632371,0.966194,0.691074,0.70722,0.708504,0.731957,0.75668,0.771235,0.794831,innovation-DACHubs,high,MS,industrial feedstocks,refined liquids,refined liquids,missing,missing,missing,missing,missing,missing,missing,MTC
1514,0.0,0.0,0.0,0.000117468,0.000389725,0.00324937,0.00905504,0.0218143,0.0706261,innovation-DACHubs,high,MS,lime,gas (CCS),lime,missing,missing,missing,missing,missing,missing,missing,MTC
1515,0.0,0.0,0.0,0.0746218,0.118044,0.0672838,0.134279,0.393154,1.71442,innovation-DACHubs,high,MO,DAC,DAC,DAC_solvent (oxy CCS),missing,missing,missing,missing,missing,missing,missing,MTC
1516,0.0,0.0,0.0,0.0120127,0.0334417,0.0333017,0.0896859,0.111398,0.128799,innovation-DACHubs,high,MO,DAC,DAC,DAC_sorbent (oxy CCS),missing,missing,missing,missing,missing,missing,missing,MTC
1517,0.0,0.0,0.0,0.0,0.127301,0.25024,0.363954,0.541199,0.676971,innovation-DACHubs,high,MO,N fertilizer,gas,gas CCS,missing,missing,missing,missing,missing,missing,missing,MTC
1518,0.0,0.0,0.0,0.0,0.144404,0.1920257,0.2017646,0.2920876,0.3723145,innovation-DACHubs,high,MO,biorefining,biomass liquids,FT biofuels CCS level 1,missing,missing,missing,missing,missing,missing,missing,MTC
1519,0.0,0.0,0.0,0.0,0.172896,0.2287162,0.2398183,0.3412617,0.4369996,innovation-DACHubs,high,MO,biorefining,biomass liquids,FT biofuels CCS level 2,missing,missing,missing,missing,missing,missing,missing,MTC
1520,0.0,0.0,0.0,0.0,0.0788481,0.1059458,0.11169889,0.16376662,0.19957455,innovation-DACHubs,high,MO,biorefining,biomass liquids,cellulosic ethanol CCS level 1,missing,missing,missing,missing,missing,missing,missing,MTC
1521,0.0,0.0,0.0,0.0,0.470996,0.617827,0.6459252,0.8950011,1.1291623,innovation-DACHubs,high,MO,biorefining,biomass liquids,cellulosic ethanol CCS level 2,missing,missing,missing,missing,missing,missing,missing,MTC
1522,0.0,0.0,0.0,0.0,0.171506,0.192154,0.209159,0.232331,0.248736,innovation-DACHubs,high,MO,cement,cement,cement CCS,missing,missing,missing,missing,missing,missing,missing,MTC
1523,0.0,0.0,0.0,0.0,0.0,0.0,0.0,3.47479e-05,0.0003653609,innovation-DACHubs,high,MO,coal to liquids,coal to liquids,coal to liquids CCS level 1,missing,missing,missing,missing,missing,missing,missing,MTC
1524,0.0,0.0,0.0,0.0,0.0,0.0,0.0,4.9629e-05,0.0005333564,innovation-DACHubs,high,MO,coal to liquids,coal to liquids,coal to liquids CCS level 2,missing,missing,missing,missing,missing,missing,missing,MTC
1525,1.12586,1.66526,0.891239,0.930742,0.926129,0.961956,1.00342,1.04231,1.08919,innovation-DACHubs,high,MO,industrial feedstocks,refined liquids,refined liquids,missing,missing,missing,missing,missing,missing,missing,MTC
1526,0.0,0.0,0.0,0.000450617,0.00108781,0.00836801,0.0230717,0.0460857,0.146294,innovation-DACHubs,high,MO,lime,gas (CCS),lime,missing,missing,missing,missing,missing,missing,missing,MTC
1527,0.0,0.0,0.0,0.0270753,0.0543938,0.0252447,0.05258,0.160159,0.693822,innovation-DACHubs,high,MT,DAC,DAC,DAC_solvent (oxy CCS),missing,missing,missing,missing,missing,missing,missing,MTC
1528,0.0,0.0,0.0,0.00364015,0.0117115,0.00911053,0.0249495,0.0311687,0.0354421,innovation-DACHubs,high,MT,DAC,DAC,DAC_sorbent (oxy CCS),missing,missing,missing,missing,missing,missing,missing,MTC
1529,0.0,0.0,0.0,0.0,0.141426,0.1881826,0.19782364,0.27375985,0.30422037,innovation-DACHubs,high,MT,biorefining,biomass liquids,FT biofuels CCS level 1,missing,missing,missing,missing,missing,missing,missing,MTC
1530,0.0,0.0,0.0,0.0,0.168868,0.2235176,0.2344766999999999,0.3180384,0.3510282,innovation-DACHubs,high,MT,biorefining,biomass liquids,FT biofuels CCS level 2,missing,missing,missing,missing,missing,missing,missing,MTC
1531,0.0,0.0,0.0,0.0,0.0778941,0.1047402,0.11048964,0.15714927,0.1751810099999999,innovation-DACHubs,high,MT,biorefining,biomass liquids,cellulosic ethanol CCS level 1,missing,missing,missing,missing,missing,missing,missing,MTC
1532,0.0,0.0,0.0,0.0,0.459464,0.603042,0.6307442,0.8342223000000001,0.9108815,innovation-DACHubs,high,MT,biorefining,biomass liquids,cellulosic ethanol CCS level 2,missing,missing,missing,missing,missing,missing,missing,MTC
1533,0.0,0.0,0.0,0.0,0.0,0.0,0.0,0.00328175,0.03445471,innovation-DACHubs,high,MT,coal to liquids,coal to liquids,coal to liquids CCS level 1,missing,missing,missing,missing,missing,missing,missing,MTC
1534,0.0,0.0,0.0,0.0,0.0,0.0,0.0,0.00457327,0.04901373,innovation-DACHubs,high,MT,coal to liquids,coal to liquids,coal to liquids CCS level 2,missing,missing,missing,missing,missing,missing,missing,MTC
1535,0.374781,0.211727,0.692146,0.723253,0.736759,0.765369,0.794948,0.820917,0.849977,innovation-DACHubs,high,MT,industrial feedstocks,refined liquids,refined liquids,missing,missing,missing,missing,missing,missing,missing,MTC
1536,0.0,0.0,0.0,0.000136504,0.000415101,0.0034626,0.00981444,0.0227412,0.0726314,innovation-DACHubs,high,MT,lime,gas (CCS),lime,missing,missing,missing,missing,missing,missing,missing,MTC
1537,0.0,0.0,0.0,0.057108,0.0971313,0.0470897,0.0973985,0.287669,1.17108,innovation-DACHubs,high,NE,DAC,DAC,DAC_solvent (oxy CCS),missing,missing,missing,missing,missing,missing,missing,MTC
1538,0.0,0.0,0.0,0.00722449,0.0210078,0.017504,0.0469952,0.0589884,0.0653643,innovation-DACHubs,high,NE,DAC,DAC,DAC_sorbent (oxy CCS),missing,missing,missing,missing,missing,missing,missing,MTC
1539,0.0,0.0,0.0,0.0,0.13647,0.1816359,0.19100311,0.26475387,0.3148198399999999,innovation-DACHubs,high,NE,biorefining,biomass liquids,FT biofuels CCS level 1,missing,missing,missing,missing,missing,missing,missing,MTC
1540,0.0,0.0,0.0,0.0,0.162354,0.2149557,0.225565,0.3064447999999999,0.3637137,innovation-DACHubs,high,NE,biorefining,biomass liquids,FT biofuels CCS level 2,missing,missing,missing,missing,missing,missing,missing,MTC
1541,0.0,0.0,0.0,0.0,0.0760413,0.1022717,0.10792018,0.15373066,0.1791024,innovation-DACHubs,high,NE,biorefining,biomass liquids,cellulosic ethanol CCS level 1,missing,missing,missing,missing,missing,missing,missing,MTC
1542,0.0,0.0,0.0,0.0,0.441025,0.579009,0.6057894,0.8024720000000001,0.9397308,innovation-DACHubs,high,NE,biorefining,biomass liquids,cellulosic ethanol CCS level 2,missing,missing,missing,missing,missing,missing,missing,MTC
1543,0.0,0.0,0.0,0.0,0.0444671,0.0499102,0.0543815,0.060596,0.0647898,innovation-DACHubs,high,NE,cement,cement,cement CCS,missing,missing,missing,missing,missing,missing,missing,MTC
1544,0.34987,0.35279,0.427069,0.445994,0.439522,0.455369,0.475937,0.491655,0.511654,innovation-DACHubs,high,NE,industrial feedstocks,refined liquids,refined liquids,missing,missing,missing,missing,missing,missing,missing,MTC
1545,0.0,0.0,0.0,7.65668e-06,1.68454e-05,0.000127477,0.000360566,0.000678615,0.00215326,innovation-DACHubs,high,NE,lime,gas (CCS),lime,missing,missing,missing,missing,missing,missing,missing,MTC
1546,0.0,0.0,0.0,0.0244995,0.0490044,0.023098,0.0486303,0.148345,0.624524,innovation-DACHubs,high,NV,DAC,DAC,DAC_solvent (oxy CCS),missing,missing,missing,missing,missing,missing,missing,MTC
1547,0.0,0.0,0.0,0.00329384,0.0105511,0.00833582,0.0230754,0.0288696,0.0319022,innovation-DACHubs,high,NV,DAC,DAC,DAC_sorbent (oxy CCS),missing,missing,missing,missing,missing,missing,missing,MTC
1548,0.0,0.0,0.0,0.0,0.141426,0.1881826,0.19782364,0.27375985,0.30213527,innovation-DACHubs,high,NV,biorefining,biomass liquids,FT biofuels CCS level 1,missing,missing,missing,missing,missing,missing,missing,MTC
1549,0.0,0.0,0.0,0.0,0.168868,0.2235176,0.2344766999999999,0.3180384,0.3484874,innovation-DACHubs,high,NV,biorefining,biomass liquids,FT biofuels CCS level 2,missing,missing,missing,missing,missing,missing,missing,MTC
1550,0.0,0.0,0.0,0.0,0.0778941,0.1047402,0.11048964,0.15714927,0.1743798999999999,innovation-DACHubs,high,NV,biorefining,biomass liquids,cellulosic ethanol CCS level 1,missing,missing,missing,missing,missing,missing,missing,MTC
1551,0.0,0.0,0.0,0.0,0.459464,0.603042,0.6307442,0.8342223000000001,0.9045896,innovation-DACHubs,high,NV,biorefining,biomass liquids,cellulosic ethanol CCS level 2,missing,missing,missing,missing,missing,missing,missing,MTC
1552,0.0,0.0,0.0,0.0,0.128612,0.146432,0.161076,0.180575,0.194898,innovation-DACHubs,high,NV,cement,cement,cement CCS,missing,missing,missing,missing,missing,missing,missing,MTC
1553,0.273006,0.628752,0.650537,0.713706,0.739122,0.777949,0.818591,0.860474,0.903069,innovation-DACHubs,high,NV,industrial feedstocks,refined liquids,refined liquids,missing,missing,missing,missing,missing,missing,missing,MTC
1554,0.0,0.0,0.0,0.000304365,0.000857535,0.00783339,0.0219339,0.0490877,0.163598,innovation-DACHubs,high,NV,lime,gas (CCS),lime,missing,missing,missing,missing,missing,missing,missing,MTC
1555,0.0,0.0,0.0,0.00247035,0.00367267,0.00291495,0.00518935,0.0148564,0.066018,innovation-DACHubs,high,NH,DAC,DAC,DAC_solvent (oxy CCS),missing,missing,missing,missing,missing,missing,missing,MTC
1556,0.0,0.0,0.0,0.000588893,0.00152214,0.00211402,0.00513709,0.00705722,0.0105187,innovation-DACHubs,high,NH,DAC,DAC,DAC_sorbent (oxy CCS),missing,missing,missing,missing,missing,missing,missing,MTC
1557,0.0,0.0,0.0,0.0,0.107771,0.1426973,0.14988323,0.20302293,0.21871119,innovation-DACHubs,high,NH,biorefining,biomass liquids,FT biofuels CCS level 1,missing,missing,missing,missing,missing,missing,missing,MTC
1558,0.0,0.0,0.0,0.0,0.125316,0.1649804,0.17289476,0.22930764,0.2448937,innovation-DACHubs,high,NH,biorefining,biomass liquids,FT biofuels CCS level 2,missing,missing,missing,missing,missing,missing,missing,MTC
1559,0.0,0.0,0.0,0.0,0.064557,0.0865208,0.09125316,0.12781097,0.1396571,innovation-DACHubs,high,NH,biorefining,biomass liquids,cellulosic ethanol CCS level 1,missing,missing,missing,missing,missing,missing,missing,MTC
1560,0.0,0.0,0.0,0.0,0.336984,0.439917,0.4596642999999999,0.5950849,0.6296593999999999,innovation-DACHubs,high,NH,biorefining,biomass liquids,cellulosic ethanol CCS level 2,missing,missing,missing,missing,missing,missing,missing,MTC
1561,0.30202,0.302898,0.28619,0.299403,0.306569,0.319288,0.332757,0.344079,0.356754,innovation-DACHubs,high,NH,industrial feedstocks,refined liquids,refined liquids,missing,missing,missing,missing,missing,missing,missing,MTC
1562,0.0,0.0,0.0,8.64484e-07,2.8507e-06,2.66341e-05,6.87755e-05,0.000173922,0.000556764,innovation-DACHubs,high,NH,lime,gas (CCS),lime,missing,missing,missing,missing,missing,missing,missing,MTC
1563,0.0,0.0,0.0,0.0416464,0.0615716,0.0360098,0.0674219,0.22371,1.02812,innovation-DACHubs,high,NJ,DAC,DAC,DAC_solvent (oxy CCS),missing,missing,missing,missing,missing,missing,missing,MTC
1564,0.0,0.0,0.0,0.00667625,0.0174775,0.0176214,0.0448399,0.0618905,0.0785561,innovation-DACHubs,high,NJ,DAC,DAC,DAC_sorbent (oxy CCS),missing,missing,missing,missing,missing,missing,missing,MTC
1565,0.0,0.0,0.0,0.0,0.140034,0.1862805,0.19577707,0.27033116,0.32376956,innovation-DACHubs,high,NJ,biorefining,biomass liquids,FT biofuels CCS level 1,missing,missing,missing,missing,missing,missing,missing,MTC
1566,0.0,0.0,0.0,0.0,0.167146,0.2211882,0.2319813999999999,0.3140315,0.3756556,innovation-DACHubs,high,NJ,biorefining,biomass liquids,FT biofuels CCS level 2,missing,missing,missing,missing,missing,missing,missing,MTC
1567,0.0,0.0,0.0,0.0,0.0772152,0.103787,0.10945148,0.15524496,0.18166277,innovation-DACHubs,high,NJ,biorefining,biomass liquids,cellulosic ethanol CCS level 1,missing,missing,missing,missing,missing,missing,missing,MTC
1568,0.0,0.0,0.0,0.0,0.454709,0.5966750000000001,0.6239566,0.8237589999999999,0.9719858,innovation-DACHubs,high,NJ,biorefining,biomass liquids,cellulosic ethanol CCS level 2,missing,missing,missing,missing,missing,missing,missing,MTC
1569,0.0,0.0,0.0,0.0,0.145615,0.164958,0.180826,0.20334,0.219374,innovation-DACHubs,high,NJ,cement,cement,cement CCS,missing,missing,missing,missing,missing,missing,missing,MTC
1570,0.903591,1.48436,1.39807,1.4576,1.49189,1.57041,1.65007,1.72282,1.80707,innovation-DACHubs,high,NJ,industrial feedstocks,refined liquids,refined liquids,missing,missing,missing,missing,missing,missing,missing,MTC
1571,0.0,0.0,0.0,3.59945e-05,0.000135594,0.00132054,0.00363044,0.00977349,0.0339863,innovation-DACHubs,high,NJ,lime,gas (CCS),lime,missing,missing,missing,missing,missing,missing,missing,MTC
1572,0.0,0.0,0.0,0.0551776,0.105221,0.0422579,0.0885764,0.276649,1.15757,innovation-DACHubs,high,NM,DAC,DAC,DAC_solvent (oxy CCS),missing,missing,missing,missing,missing,missing,missing,MTC
1573,0.0,0.0,0.0,0.0063159,0.0202225,0.013749,0.0376671,0.0463525,0.0499527,innovation-DACHubs,high,NM,DAC,DAC,DAC_sorbent (oxy CCS),missing,missing,missing,missing,missing,missing,missing,MTC
1574,0.0,0.0,0.0,0.0,0.147968,0.1969048,0.2069742,0.2868848,0.3282989999999999,innovation-DACHubs,high,NM,biorefining,biomass liquids,FT biofuels CCS level 1,missing,missing,missing,missing,missing,missing,missing,MTC
1575,0.0,0.0,0.0,0.0,0.177411,0.2348515,0.2463456,0.334679,0.381089,innovation-DACHubs,high,NM,biorefining,biomass liquids,FT biofuels CCS level 2,missing,missing,missing,missing,missing,missing,missing,MTC
1576,0.0,0.0,0.0,0.0,0.0804373,0.1081637,0.11408698,0.16249731,0.18473441,innovation-DACHubs,high,NM,biorefining,biomass liquids,cellulosic ethanol CCS level 1,missing,missing,missing,missing,missing,missing,missing,MTC
1577,0.0,0.0,0.0,0.0,0.483595,0.634776,0.6638818000000001,0.8793601,0.9892513,innovation-DACHubs,high,NM,biorefining,biomass liquids,cellulosic ethanol CCS level 2,missing,missing,missing,missing,missing,missing,missing,MTC
1578,0.0,0.0,0.0,0.0,0.0412258,0.0465006,0.0508168,0.0563538,0.0604428,innovation-DACHubs,high,NM,cement,cement,cement CCS,missing,missing,missing,missing,missing,missing,missing,MTC
1579,0.0,0.0,0.0,0.0,0.0,0.0,0.0,0.00172338,0.01810882,innovation-DACHubs,high,NM,coal to liquids,coal to liquids,coal to liquids CCS level 1,missing,missing,missing,missing,missing,missing,missing,MTC
1580,0.0,0.0,0.0,0.0,0.0,0.0,0.0,0.00248341,0.02667511,innovation-DACHubs,high,NM,coal to liquids,coal to liquids,coal to liquids CCS level 2,missing,missing,missing,missing,missing,missing,missing,MTC
1581,0.365554,0.522232,0.536396,0.554764,0.551337,0.573579,0.599794,0.616819,0.642662,innovation-DACHubs,high,NM,industrial feedstocks,refined liquids,refined liquids,missing,missing,missing,missing,missing,missing,missing,MTC
1582,0.0,0.0,0.0,9.8441e-05,0.000212784,0.00184357,0.00534136,0.0105065,0.0380146,innovation-DACHubs,high,NM,lime,gas (CCS),lime,missing,missing,missing,missing,missing,missing,missing,MTC
1583,0.0,0.0,0.0,0.0548353,0.0876542,0.0535341,0.0993616,0.303863,1.38961,innovation-DACHubs,high,NY,DAC,DAC,DAC_solvent (oxy CCS),missing,missing,missing,missing,missing,missing,missing,MTC
1584,0.0,0.0,0.0,0.0105275,0.0286081,0.0309361,0.0789459,0.105633,0.136578,innovation-DACHubs,high,NY,DAC,DAC,DAC_sorbent (oxy CCS),missing,missing,missing,missing,missing,missing,missing,MTC
1585,0.0,0.0,0.0,0.0,0.131682,0.1751172,0.18405458,0.26870479,0.3489107999999999,innovation-DACHubs,high,NY,biorefining,biomass liquids,FT biofuels CCS level 1,missing,missing,missing,missing,missing,missing,missing,MTC
1586,0.0,0.0,0.0,0.0,0.156283,0.2067461,0.2168443,0.3113984,0.4071928,innovation-DACHubs,high,NY,biorefining,biomass liquids,FT biofuels CCS level 2,missing,missing,missing,missing,missing,missing,missing,MTC
1587,0.0,0.0,0.0,0.0,0.073934,0.0993503,0.1047813599999999,0.1544301799999999,0.19016504,innovation-DACHubs,high,NY,biorefining,biomass liquids,cellulosic ethanol CCS level 1,missing,missing,missing,missing,missing,missing,missing,MTC
1588,0.0,0.0,0.0,0.0,0.424082,0.556322,0.5817848999999999,0.8134572999999999,1.0480127,innovation-DACHubs,high,NY,biorefining,biomass liquids,cellulosic ethanol CCS level 2,missing,missing,missing,missing,missing,missing,missing,MTC
1589,0.0,0.0,0.0,0.0,0.22546,0.255054,0.279233,0.314005,0.338307,innovation-DACHubs,high,NY,cement,cement,cement CCS,missing,missing,missing,missing,missing,missing,missing,MTC
1590,1.39207,1.99361,2.66972,2.75383,2.80467,2.93914,3.07741,3.20454,3.35192,innovation-DACHubs,high,NY,industrial feedstocks,refined liquids,refined liquids,missing,missing,missing,missing,missing,missing,missing,MTC
1591,0.0,0.0,0.0,0.000570883,0.00174858,0.0164614,0.0445782,0.108024,0.362324,innovation-DACHubs,high,NY,lime,gas (CCS),lime,missing,missing,missing,missing,missing,missing,missing,MTC
1592,0.0,0.0,0.0,0.0702801,0.107084,0.0513849,0.0986747,0.30684,1.27567,innovation-DACHubs,high,NC,DAC,DAC,DAC_solvent (oxy CCS),missing,missing,missing,missing,missing,missing,missing,MTC
1593,0.0,0.0,0.0,0.00888768,0.0238722,0.0192892,0.0492682,0.0634923,0.0719428,innovation-DACHubs,high,NC,DAC,DAC,DAC_sorbent (oxy CCS),missing,missing,missing,missing,missing,missing,missing,MTC
1594,0.0,0.0,0.0,0.0,0.043456,0.088433,0.1300702,0.1919236999999999,0.2365759,innovation-DACHubs,high,NC,N fertilizer,gas,gas CCS,missing,missing,missing,missing,missing,missing,missing,MTC
1595,0.0,0.0,0.0,0.0,0.13943,0.1856063,0.1951563799999999,0.27058614,0.32562174,innovation-DACHubs,high,NC,biorefining,biomass liquids,FT biofuels CCS level 1,missing,missing,missing,missing,missing,missing,missing,MTC
1596,0.0,0.0,0.0,0.0,0.166238,0.2201372999999999,0.2309786999999999,0.3139026,0.3774092,innovation-DACHubs,high,NC,biorefining,biomass liquids,FT biofuels CCS level 2,missing,missing,missing,missing,missing,missing,missing,MTC
1597,0.0,0.0,0.0,0.0,0.0771569,0.1037829999999999,0.10949902,0.1559919699999999,0.18316177,innovation-DACHubs,high,NC,biorefining,biomass liquids,cellulosic ethanol CCS level 1,missing,missing,missing,missing,missing,missing,missing,MTC
1598,0.0,0.0,0.0,0.0,0.452012,0.5935360000000001,0.6209273,0.8227746,0.9756292,innovation-DACHubs,high,NC,biorefining,biomass liquids,cellulosic ethanol CCS level 2,missing,missing,missing,missing,missing,missing,missing,MTC
1599,0.0,0.0,0.0,0.0,0.183779,0.203638,0.218771,0.23977,0.253205,innovation-DACHubs,high,NC,cement,cement,cement CCS,missing,missing,missing,missing,missing,missing,missing,MTC
1600,1.06028,1.6552,1.61607,1.71761,1.73707,1.79835,1.85692,1.90132,1.95887,innovation-DACHubs,high,NC,industrial feedstocks,refined liquids,refined liquids,missing,missing,missing,missing,missing,missing,missing,MTC
1601,0.0,0.0,0.0,0.000260201,0.000982494,0.00903851,0.0252787,0.0681789,0.227526,innovation-DACHubs,high,NC,lime,gas (CCS),lime,missing,missing,missing,missing,missing,missing,missing,MTC
1602,0.0,0.0,0.0,0.0559492,0.0950939,0.0460932,0.095371,0.281819,1.14657,innovation-DACHubs,high,ND,DAC,DAC,DAC_solvent (oxy CCS),missing,missing,missing,missing,missing,missing,missing,MTC
1603,0.0,0.0,0.0,0.00707789,0.0205672,0.0171335,0.0460169,0.0577888,0.0639962,innovation-DACHubs,high,ND,DAC,DAC,DAC_sorbent (oxy CCS),missing,missing,missing,missing,missing,missing,missing,MTC
1604,0.0,0.0,0.0,0.0,0.13647,0.1816359,0.19100311,0.26475387,0.3139069399999999,innovation-DACHubs,high,ND,biorefining,biomass liquids,FT biofuels CCS level 1,missing,missing,missing,missing,missing,missing,missing,MTC
1605,0.0,0.0,0.0,0.0,0.162354,0.2149557,0.225565,0.3064447999999999,0.3625701,innovation-DACHubs,high,ND,biorefining,biomass liquids,FT biofuels CCS level 2,missing,missing,missing,missing,missing,missing,missing,MTC
1606,0.0,0.0,0.0,0.0,0.0760413,0.1022717,0.10792018,0.15373066,0.1787695,innovation-DACHubs,high,ND,biorefining,biomass liquids,cellulosic ethanol CCS level 1,missing,missing,missing,missing,missing,missing,missing,MTC
1607,0.0,0.0,0.0,0.0,0.441025,0.579009,0.6057894,0.8024720000000001,0.9368668,innovation-DACHubs,high,ND,biorefining,biomass liquids,cellulosic ethanol CCS level 2,missing,missing,missing,missing,missing,missing,missing,MTC
1608,0.0,0.0,0.0,0.0,0.0,0.0,0.0,0.00256457,0.02690831,innovation-DACHubs,high,ND,coal to liquids,coal to liquids,coal to liquids CCS level 1,missing,missing,missing,missing,missing,missing,missing,MTC
1609,0.0,0.0,0.0,0.0,0.0,0.0,0.0,0.00364477,0.03909079,innovation-DACHubs,high,ND,coal to liquids,coal to liquids,coal to liquids CCS level 2,missing,missing,missing,missing,missing,missing,missing,MTC
1610,0.205143,0.39643,0.456663,0.479778,0.457412,0.471406,0.489964,0.498987,0.517036,innovation-DACHubs,high,ND,industrial feedstocks,refined liquids,refined liquids,missing,missing,missing,missing,missing,missing,missing,MTC
1611,0.0,0.0,0.0,2.49514e-06,5.40184e-06,4.80193e-05,0.000138028,0.000255417,0.000804697,innovation-DACHubs,high,ND,lime,gas (CCS),lime,missing,missing,missing,missing,missing,missing,missing,MTC
1612,0.0,0.0,0.0,0.141755,0.221523,0.114413,0.23331,0.70346,3.06237,innovation-DACHubs,high,OH,DAC,DAC,DAC_solvent (oxy CCS),missing,missing,missing,missing,missing,missing,missing,MTC
1613,0.0,0.0,0.0,0.0191451,0.0532878,0.0474336,0.12872,0.157924,0.180727,innovation-DACHubs,high,OH,DAC,DAC,DAC_sorbent (oxy CCS),missing,missing,missing,missing,missing,missing,missing,MTC
1614,0.0,0.0,0.0,0.0,0.059295,0.1162629,0.1688222,0.2486753,0.3075553,innovation-DACHubs,high,OH,N fertilizer,gas,gas CCS,missing,missing,missing,missing,missing,missing,missing,MTC
1615,0.0,0.0,0.0,0.0,0.147218,0.1958493999999999,0.2059537,0.3249685,0.4431917,innovation-DACHubs,high,OH,biorefining,biomass liquids,FT biofuels CCS level 1,missing,missing,missing,missing,missing,missing,missing,MTC
1616,0.0,0.0,0.0,0.0,0.176516,0.233605,0.2451578999999999,0.3821466,0.5270758,innovation-DACHubs,high,OH,biorefining,biomass liquids,FT biofuels CCS level 2,missing,missing,missing,missing,missing,missing,missing,MTC
1617,0.0,0.0,0.0,0.0,0.0800227,0.1075672,0.11347968,0.17701082,0.22566754,innovation-DACHubs,high,OH,biorefining,biomass liquids,cellulosic ethanol CCS level 1,missing,missing,missing,missing,missing,missing,missing,MTC
1618,0.0,0.0,0.0,0.0,0.481162,0.6314219999999999,0.6606976999999999,1.000432,1.3593848000000002,innovation-DACHubs,high,OH,biorefining,biomass liquids,cellulosic ethanol CCS level 2,missing,missing,missing,missing,missing,missing,missing,MTC
1619,0.0,0.0,0.0,0.0,0.202773,0.226292,0.245841,0.272286,0.291025,innovation-DACHubs,high,OH,cement,cement,cement CCS,missing,missing,missing,missing,missing,missing,missing,MTC
1620,0.0,0.0,0.0,0.0,0.0,0.0,0.0,0.00130484,0.01376538,innovation-DACHubs,high,OH,coal to liquids,coal to liquids,coal to liquids CCS level 1,missing,missing,missing,missing,missing,missing,missing,MTC
1621,0.0,0.0,0.0,0.0,0.0,0.0,0.0,0.00184244,0.01986582,innovation-DACHubs,high,OH,coal to liquids,coal to liquids,coal to liquids CCS level 2,missing,missing,missing,missing,missing,missing,missing,MTC
1622,2.48983,2.88852,2.3962,2.48993,2.45377,2.55113,2.66479,2.76205,2.88303,innovation-DACHubs,high,OH,industrial feedstocks,refined liquids,refined liquids,missing,missing,missing,missing,missing,missing,missing,MTC
1623,0.0,0.0,0.0,0.00108756,0.00279556,0.0254098,0.0717838,0.152561,0.495598,innovation-DACHubs,high,OH,lime,gas (CCS),lime,missing,missing,missing,missing,missing,missing,missing,MTC
1624,0.0,0.0,0.0,0.0994907,0.192862,0.0796952,0.164988,0.486906,2.07619,innovation-DACHubs,high,OK,DAC,DAC,DAC_solvent (oxy CCS),missing,missing,missing,missing,missing,missing,missing,MTC
1625,0.0,0.0,0.0,0.0115494,0.0371599,0.0256245,0.0695773,0.0850119,0.0958516,innovation-DACHubs,high,OK,DAC,DAC,DAC_sorbent (oxy CCS),missing,missing,missing,missing,missing,missing,missing,MTC
1626,0.0,0.0,0.0,0.0,0.143376,0.1908589,0.2006677,0.2836951,0.3560034000000001,innovation-DACHubs,high,OK,biorefining,biomass liquids,FT biofuels CCS level 1,missing,missing,missing,missing,missing,missing,missing,MTC
1627,0.0,0.0,0.0,0.0,0.171373,0.2269348,0.2380988,0.3302594,0.4156435,innovation-DACHubs,high,OK,biorefining,biomass liquids,FT biofuels CCS level 2,missing,missing,missing,missing,missing,missing,missing,MTC
1628,0.0,0.0,0.0,0.0,0.0787099,0.1058752,0.11170167,0.16135465,0.19467834,innovation-DACHubs,high,OK,biorefining,biomass liquids,cellulosic ethanol CCS level 1,missing,missing,missing,missing,missing,missing,missing,MTC
1629,0.0,0.0,0.0,0.0,0.466495,0.61254,0.6407742,0.865987,1.073824,innovation-DACHubs,high,OK,biorefining,biomass liquids,cellulosic ethanol CCS level 2,missing,missing,missing,missing,missing,missing,missing,MTC
1630,0.0,0.0,0.0,0.0,0.0872027,0.0978218,0.106386,0.11755,0.125638,innovation-DACHubs,high,OK,cement,cement,cement CCS,missing,missing,missing,missing,missing,missing,missing,MTC
1631,0.0,0.0,0.0,0.0,0.0,0.0,0.0,8.49855e-05,0.0008932038,innovation-DACHubs,high,OK,coal to liquids,coal to liquids,coal to liquids CCS level 1,missing,missing,missing,missing,missing,missing,missing,MTC
1632,0.0,0.0,0.0,0.0,0.0,0.0,0.0,0.000121994,0.0013110049999999,innovation-DACHubs,high,OK,coal to liquids,coal to liquids,coal to liquids CCS level 2,missing,missing,missing,missing,missing,missing,missing,MTC
1633,0.884035,1.09173,0.962562,0.997124,0.991597,1.0284,1.07067,1.08919,1.12839,innovation-DACHubs,high,OK,industrial feedstocks,refined liquids,refined liquids,missing,missing,missing,missing,missing,missing,missing,MTC
1634,0.0,0.0,0.0,0.000479248,0.00138571,0.00996406,0.0280397,0.0601055,0.199218,innovation-DACHubs,high,OK,lime,gas (CCS),lime,missing,missing,missing,missing,missing,missing,missing,MTC
1635,0.0,0.0,0.0,0.0253514,0.0500693,0.0211156,0.0422684,0.132843,0.570664,innovation-DACHubs,high,OR,DAC,DAC,DAC_solvent (oxy CCS),missing,missing,missing,missing,missing,missing,missing,MTC
1636,0.0,0.0,0.0,0.00342369,0.0108281,0.00765151,0.0201356,0.0260026,0.0293912,innovation-DACHubs,high,OR,DAC,DAC,DAC_sorbent (oxy CCS),missing,missing,missing,missing,missing,missing,missing,MTC
1637,0.0,0.0,0.0,0.0,0.140541,0.1870124,0.19660208,0.27210811,0.29899934,innovation-DACHubs,high,OR,biorefining,biomass liquids,FT biofuels CCS level 1,missing,missing,missing,missing,missing,missing,missing,MTC
1638,0.0,0.0,0.0,0.0,0.167707,0.2219918,0.2328853,0.3159226,0.3445724,innovation-DACHubs,high,OR,biorefining,biomass liquids,FT biofuels CCS level 2,missing,missing,missing,missing,missing,missing,missing,MTC
1639,0.0,0.0,0.0,0.0,0.0775579,0.1042924,0.11002193,0.15650667,0.1731640499999999,innovation-DACHubs,high,OR,biorefining,biomass liquids,cellulosic ethanol CCS level 1,missing,missing,missing,missing,missing,missing,missing,MTC
1640,0.0,0.0,0.0,0.0,0.456183,0.598761,0.6262901000000001,0.8284433999999999,0.8943782,innovation-DACHubs,high,OR,biorefining,biomass liquids,cellulosic ethanol CCS level 2,missing,missing,missing,missing,missing,missing,missing,MTC
1641,0.0,0.0,0.0,0.0,0.0766438,0.0860475,0.0936245,0.104153,0.111452,innovation-DACHubs,high,OR,cement,cement,cement CCS,missing,missing,missing,missing,missing,missing,missing,MTC
1642,0.762666,1.06257,0.724294,0.773666,0.794063,0.828321,0.863084,0.894315,0.930103,innovation-DACHubs,high,OR,industrial feedstocks,refined liquids,refined liquids,missing,missing,missing,missing,missing,missing,missing,MTC
1643,0.0,0.0,0.0,0.000114911,0.000415421,0.00360577,0.0101004,0.0262584,0.0878566,innovation-DACHubs,high,OR,lime,gas (CCS),lime,missing,missing,missing,missing,missing,missing,missing,MTC
1644,0.0,0.0,0.0,0.0939116,0.138957,0.0800275,0.15,0.46644,2.06954,innovation-DACHubs,high,PA,DAC,DAC,DAC_solvent (oxy CCS),missing,missing,missing,missing,missing,missing,missing,MTC
1645,0.0,0.0,0.0,0.0149928,0.0392951,0.0390324,0.09946,0.128438,0.157051,innovation-DACHubs,high,PA,DAC,DAC,DAC_sorbent (oxy CCS),missing,missing,missing,missing,missing,missing,missing,MTC
1646,0.0,0.0,0.0,0.0,0.140914,0.1874431999999999,0.19699048,0.29812654,0.39684784,innovation-DACHubs,high,PA,biorefining,biomass liquids,FT biofuels CCS level 1,missing,missing,missing,missing,missing,missing,missing,MTC
1647,0.0,0.0,0.0,0.0,0.1683,0.2227047,0.2335626,0.3483498,0.4679503,innovation-DACHubs,high,PA,biorefining,biomass liquids,FT biofuels CCS level 2,missing,missing,missing,missing,missing,missing,missing,MTC
1648,0.0,0.0,0.0,0.0,0.0775498,0.1042324,0.10991656,0.16633402,0.20845239,innovation-DACHubs,high,PA,biorefining,biomass liquids,cellulosic ethanol CCS level 1,missing,missing,missing,missing,missing,missing,missing,MTC
1649,0.0,0.0,0.0,0.0,0.457971,0.600928,0.6283781,0.9114453,1.2061278000000002,innovation-DACHubs,high,PA,biorefining,biomass liquids,cellulosic ethanol CCS level 2,missing,missing,missing,missing,missing,missing,missing,MTC
1650,0.0,0.0,0.0,0.0,0.334333,0.376884,0.411326,0.460181,0.494278,innovation-DACHubs,high,PA,cement,cement,cement CCS,missing,missing,missing,missing,missing,missing,missing,MTC
1651,0.0,0.0,0.0,0.0,0.0,0.0,0.0,0.00561485,0.05914471,innovation-DACHubs,high,PA,coal to liquids,coal to liquids,coal to liquids CCS level 1,missing,missing,missing,missing,missing,missing,missing,MTC
1652,0.0,0.0,0.0,0.0,0.0,0.0,0.0,0.007699,0.08277791,innovation-DACHubs,high,PA,coal to liquids,coal to liquids,coal to liquids CCS level 2,missing,missing,missing,missing,missing,missing,missing,MTC
1653,1.88135,2.66578,3.11378,3.23364,3.18399,3.31839,3.46549,3.5712,3.72266,innovation-DACHubs,high,PA,industrial feedstocks,refined liquids,refined liquids,missing,missing,missing,missing,missing,missing,missing,MTC
1654,0.0,0.0,0.0,0.00302256,0.00987705,0.093745,0.259455,0.638677,2.15765,innovation-DACHubs,high,PA,lime,gas (CCS),lime,missing,missing,missing,missing,missing,missing,missing,MTC
1655,0.0,0.0,0.0,0.00194498,0.00289622,0.00230186,0.00412598,0.0127075,0.0592552,innovation-DACHubs,high,RI,DAC,DAC,DAC_solvent (oxy CCS),missing,missing,missing,missing,missing,missing,missing,MTC
1656,0.0,0.0,0.0,0.000463652,0.00120034,0.00166939,0.00408444,0.0060364,0.00944118,innovation-DACHubs,high,RI,DAC,DAC,DAC_sorbent (oxy CCS),missing,missing,missing,missing,missing,missing,missing,MTC
1657,0.0,0.0,0.0,0.0,0.107771,0.1426973,0.14988323,0.20302293,0.21871119,innovation-DACHubs,high,RI,biorefining,biomass liquids,FT biofuels CCS level 1,missing,missing,missing,missing,missing,missing,missing,MTC
1658,0.0,0.0,0.0,0.0,0.125316,0.1649804,0.17289476,0.22930764,0.2448937,innovation-DACHubs,high,RI,biorefining,biomass liquids,FT biofuels CCS level 2,missing,missing,missing,missing,missing,missing,missing,MTC
1659,0.0,0.0,0.0,0.0,0.064557,0.0865208,0.09125316,0.12781097,0.1396571,innovation-DACHubs,high,RI,biorefining,biomass liquids,cellulosic ethanol CCS level 1,missing,missing,missing,missing,missing,missing,missing,MTC
1660,0.0,0.0,0.0,0.0,0.336984,0.439917,0.4596642999999999,0.5950849,0.6296593999999999,innovation-DACHubs,high,RI,biorefining,biomass liquids,cellulosic ethanol CCS level 2,missing,missing,missing,missing,missing,missing,missing,MTC
1661,0.411771,0.0972062,0.421585,0.434549,0.449128,0.474422,0.501575,0.525251,0.551942,innovation-DACHubs,high,RI,industrial feedstocks,refined liquids,refined liquids,missing,missing,missing,missing,missing,missing,missing,MTC
1662,0.0,0.0,0.0,1.00003e-07,3.61255e-07,3.46471e-06,8.873e-06,2.22665e-05,7.8022e-05,innovation-DACHubs,high,RI,lime,gas (CCS),lime,missing,missing,missing,missing,missing,missing,missing,MTC
1663,0.0,0.0,0.0,0.041506,0.0635875,0.0305108,0.0584201,0.18165,0.754747,innovation-DACHubs,high,SC,DAC,DAC,DAC_solvent (oxy CCS),missing,missing,missing,missing,missing,missing,missing,MTC
1664,0.0,0.0,0.0,0.00524888,0.0141756,0.0114534,0.0291691,0.0375876,0.0425646,innovation-DACHubs,high,SC,DAC,DAC,DAC_sorbent (oxy CCS),missing,missing,missing,missing,missing,missing,missing,MTC
1665,0.0,0.0,0.0,0.0,0.13943,0.1856063,0.1951563799999999,0.27058614,0.30629264,innovation-DACHubs,high,SC,biorefining,biomass liquids,FT biofuels CCS level 1,missing,missing,missing,missing,missing,missing,missing,MTC
1666,0.0,0.0,0.0,0.0,0.166238,0.2201372999999999,0.2309786999999999,0.3139026,0.3533179,innovation-DACHubs,high,SC,biorefining,biomass liquids,FT biofuels CCS level 2,missing,missing,missing,missing,missing,missing,missing,MTC
1667,0.0,0.0,0.0,0.0,0.0771569,0.1037829999999999,0.10949902,0.1559919699999999,0.17603987,innovation-DACHubs,high,SC,biorefining,biomass liquids,cellulosic ethanol CCS level 1,missing,missing,missing,missing,missing,missing,missing,MTC
1668,0.0,0.0,0.0,0.0,0.452012,0.5935360000000001,0.6209273,0.8227746,0.9154152,innovation-DACHubs,high,SC,biorefining,biomass liquids,cellulosic ethanol CCS level 2,missing,missing,missing,missing,missing,missing,missing,MTC
1669,0.0,0.0,0.0,0.0,0.155996,0.172951,0.185888,0.203843,0.215395,innovation-DACHubs,high,SC,cement,cement,cement CCS,missing,missing,missing,missing,missing,missing,missing,MTC
1670,0.499682,0.960333,0.894101,0.945517,0.952656,0.985974,1.01754,1.04272,1.07452,innovation-DACHubs,high,SC,industrial feedstocks,refined liquids,refined liquids,missing,missing,missing,missing,missing,missing,missing,MTC
1671,0.0,0.0,0.0,0.000294262,0.00109415,0.00993625,0.0277415,0.0734418,0.241929,innovation-DACHubs,high,SC,lime,gas (CCS),lime,missing,missing,missing,missing,missing,missing,missing,MTC
1672,0.0,0.0,0.0,0.0253369,0.0430741,0.0208787,0.04319,0.12754,0.53454,innovation-DACHubs,high,SD,DAC,DAC,DAC_solvent (oxy CCS),missing,missing,missing,missing,missing,missing,missing,MTC
1673,0.0,0.0,0.0,0.00320527,0.0093162,0.00776094,0.0208394,0.0261529,0.0298357,innovation-DACHubs,high,SD,DAC,DAC,DAC_sorbent (oxy CCS),missing,missing,missing,missing,missing,missing,missing,MTC
1674,0.0,0.0,0.0,0.0,0.13647,0.1816359,0.19100311,0.26475387,0.29237584,innovation-DACHubs,high,SD,biorefining,biomass liquids,FT biofuels CCS level 1,missing,missing,missing,missing,missing,missing,missing,MTC
1675,0.0,0.0,0.0,0.0,0.162354,0.2149557,0.225565,0.3064447999999999,0.335985,innovation-DACHubs,high,SD,biorefining,biomass liquids,FT biofuels CCS level 2,missing,missing,missing,missing,missing,missing,missing,MTC
1676,0.0,0.0,0.0,0.0,0.0760413,0.1022717,0.10792018,0.15373066,0.1706908,innovation-DACHubs,high,SD,biorefining,biomass liquids,cellulosic ethanol CCS level 1,missing,missing,missing,missing,missing,missing,missing,MTC
1677,0.0,0.0,0.0,0.0,0.441025,0.579009,0.6057894,0.8024720000000001,0.8706724,innovation-DACHubs,high,SD,biorefining,biomass liquids,cellulosic ethanol CCS level 2,missing,missing,missing,missing,missing,missing,missing,MTC
1678,0.0,0.0,0.0,0.0,0.0267956,0.0298346,0.0322909,0.0357172,0.0379389,innovation-DACHubs,high,SD,cement,cement,cement CCS,missing,missing,missing,missing,missing,missing,missing,MTC
1679,0.199144,0.52538,0.31922,0.335139,0.335577,0.346481,0.3598,0.368318,0.380874,innovation-DACHubs,high,SD,industrial feedstocks,refined liquids,refined liquids,missing,missing,missing,missing,missing,missing,missing,MTC
1680,0.0,0.0,0.0,4.78859e-07,1.01923e-06,9.04353e-06,2.60241e-05,4.76913e-05,0.000149845,innovation-DACHubs,high,SD,lime,gas (CCS),lime,missing,missing,missing,missing,missing,missing,missing,MTC
1681,0.0,0.0,0.0,0.0704168,0.110858,0.0572685,0.115481,0.35282,1.39602,innovation-DACHubs,high,TN,DAC,DAC,DAC_solvent (oxy CCS),missing,missing,missing,missing,missing,missing,missing,MTC
1682,0.0,0.0,0.0,0.00886336,0.0246063,0.0214127,0.0574435,0.0726028,0.0781169,innovation-DACHubs,high,TN,DAC,DAC,DAC_sorbent (oxy CCS),missing,missing,missing,missing,missing,missing,missing,MTC
1683,0.0,0.0,0.0,0.0,0.139804,0.1860376,0.1955643,0.27134337,0.33022651,innovation-DACHubs,high,TN,biorefining,biomass liquids,FT biofuels CCS level 1,missing,missing,missing,missing,missing,missing,missing,MTC
1684,0.0,0.0,0.0,0.0,0.166788,0.220788,0.231611,0.3150636,0.3834959,innovation-DACHubs,high,TN,biorefining,biomass liquids,FT biofuels CCS level 2,missing,missing,missing,missing,missing,missing,missing,MTC
1685,0.0,0.0,0.0,0.0,0.0772095,0.1038159,0.10950766,0.15596053,0.18441678,innovation-DACHubs,high,TN,biorefining,biomass liquids,cellulosic ethanol CCS level 1,missing,missing,missing,missing,missing,missing,missing,MTC
1686,0.0,0.0,0.0,0.0,0.453634,0.595459,0.6228105,0.8260868,0.9913665,innovation-DACHubs,high,TN,biorefining,biomass liquids,cellulosic ethanol CCS level 2,missing,missing,missing,missing,missing,missing,missing,MTC
1687,0.0,0.0,0.0,0.0,0.162725,0.182205,0.198793,0.220832,0.236679,innovation-DACHubs,high,TN,cement,cement,cement CCS,missing,missing,missing,missing,missing,missing,missing,MTC
1688,0.0,0.0,0.0,0.0,0.0,0.0,0.0,4.64433e-05,0.0004894595,innovation-DACHubs,high,TN,coal to liquids,coal to liquids,coal to liquids CCS level 1,missing,missing,missing,missing,missing,missing,missing,MTC
1689,0.0,0.0,0.0,0.0,0.0,0.0,0.0,6.32381e-05,0.0006802004000000001,innovation-DACHubs,high,TN,coal to liquids,coal to liquids,coal to liquids CCS level 2,missing,missing,missing,missing,missing,missing,missing,MTC
1690,1.46104,1.94551,1.17458,1.24826,1.2547,1.30264,1.35339,1.39117,1.44278,innovation-DACHubs,high,TN,industrial feedstocks,refined liquids,refined liquids,missing,missing,missing,missing,missing,missing,missing,MTC
1691,0.0,0.0,0.0,0.000987719,0.00255311,0.0216755,0.0612664,0.129119,0.407287,innovation-DACHubs,high,TN,lime,gas (CCS),lime,missing,missing,missing,missing,missing,missing,missing,MTC
1692,0.0,0.0,0.0,0.891827,1.84517,0.500724,1.0186,3.07448,13.4089,innovation-DACHubs,high,TX,DAC,DAC,DAC_solvent (oxy CCS),missing,missing,missing,missing,missing,missing,missing,MTC
1693,0.0,0.0,0.0,0.0748383,0.257024,0.114357,0.299436,0.36691,0.412596,innovation-DACHubs,high,TX,DAC,DAC,DAC_sorbent (oxy CCS),missing,missing,missing,missing,missing,missing,missing,MTC
1694,0.0,0.0,0.0,0.0,0.0532509,0.1049746,0.1527226,0.2195569,0.2642021,innovation-DACHubs,high,TX,N fertilizer,gas,gas CCS,missing,missing,missing,missing,missing,missing,missing,MTC
1695,0.0,0.0,0.0,0.0,0.149403,0.2056494,0.2280606,0.4748419,0.7767587,innovation-DACHubs,high,TX,biorefining,biomass liquids,FT biofuels CCS level 1,missing,missing,missing,missing,missing,missing,missing,MTC
1696,0.0,0.0,0.0,0.0,0.179123,0.2459543,0.2735533,0.5736643,0.9642837,innovation-DACHubs,high,TX,biorefining,biomass liquids,FT biofuels CCS level 2,missing,missing,missing,missing,missing,missing,missing,MTC
1697,0.0,0.0,0.0,0.0,0.0812292,0.1118903,0.122279,0.2331157999999999,0.3385401,innovation-DACHubs,high,TX,biorefining,biomass liquids,cellulosic ethanol CCS level 1,missing,missing,missing,missing,missing,missing,missing,MTC
1698,0.0,0.0,0.0,0.0,0.488252,0.665069,0.7372398,1.4982134,2.4885488,innovation-DACHubs,high,TX,biorefining,biomass liquids,cellulosic ethanol CCS level 2,missing,missing,missing,missing,missing,missing,missing,MTC
1699,0.0,0.0,0.0,0.0,0.812723,0.915902,1.00151,1.11017,1.19367,innovation-DACHubs,high,TX,cement,cement,cement CCS,missing,missing,missing,missing,missing,missing,missing,MTC
1700,0.0,0.0,0.0,0.0,0.0,0.0,0.0,0.00335042,0.03526456,innovation-DACHubs,high,TX,coal to liquids,coal to liquids,coal to liquids CCS level 1,missing,missing,missing,missing,missing,missing,missing,MTC
1701,0.0,0.0,0.0,0.0,0.0,0.0,0.0,0.00486182,0.05235059,innovation-DACHubs,high,TX,coal to liquids,coal to liquids,coal to liquids CCS level 2,missing,missing,missing,missing,missing,missing,missing,MTC
1702,31.7379,40.1537,29.1865,31.6484,34.6801,36.6153,38.4566,40.1594,42.0668,innovation-DACHubs,high,TX,industrial feedstocks,refined liquids,refined liquids,missing,missing,missing,missing,missing,missing,missing,MTC
1703,0.0,0.0,0.0,0.00755827,0.0261688,0.197986,0.577458,1.35195,4.6503,innovation-DACHubs,high,TX,lime,gas (CCS),lime,missing,missing,missing,missing,missing,missing,missing,MTC
1704,0.0,0.0,0.0,0.0398195,0.080036,0.0371999,0.0773263,0.233811,0.954175,innovation-DACHubs,high,UT,DAC,DAC,DAC_solvent (oxy CCS),missing,missing,missing,missing,missing,missing,missing,MTC
1705,0.0,0.0,0.0,0.00535355,0.0172325,0.013425,0.0366918,0.0455021,0.0487415,innovation-DACHubs,high,UT,DAC,DAC,DAC_sorbent (oxy CCS),missing,missing,missing,missing,missing,missing,missing,MTC
1706,0.0,0.0,0.0,0.0,0.141426,0.1881826,0.19782364,0.27375985,0.31223417,innovation-DACHubs,high,UT,biorefining,biomass liquids,FT biofuels CCS level 1,missing,missing,missing,missing,missing,missing,missing,MTC
1707,0.0,0.0,0.0,0.0,0.168868,0.2235176,0.2344766999999999,0.3180384,0.3608753,innovation-DACHubs,high,UT,biorefining,biomass liquids,FT biofuels CCS level 2,missing,missing,missing,missing,missing,missing,missing,MTC
1708,0.0,0.0,0.0,0.0,0.0778941,0.1047402,0.11048964,0.15714927,0.1782175099999999,innovation-DACHubs,high,UT,biorefining,biomass liquids,cellulosic ethanol CCS level 1,missing,missing,missing,missing,missing,missing,missing,MTC
1709,0.0,0.0,0.0,0.0,0.459464,0.603042,0.6307442,0.8342223000000001,0.9353523,innovation-DACHubs,high,UT,biorefining,biomass liquids,cellulosic ethanol CCS level 2,missing,missing,missing,missing,missing,missing,missing,MTC
1710,0.0,0.0,0.0,0.0,0.086475,0.0982425,0.107846,0.120648,0.129991,innovation-DACHubs,high,UT,cement,cement,cement CCS,missing,missing,missing,missing,missing,missing,missing,MTC
1711,0.0,0.0,0.0,0.0,0.0,0.0,0.0,0.00166987,0.01753176,innovation-DACHubs,high,UT,coal to liquids,coal to liquids,coal to liquids CCS level 1,missing,missing,missing,missing,missing,missing,missing,MTC
1712,0.0,0.0,0.0,0.0,0.0,0.0,0.0,0.00232704,0.02493984,innovation-DACHubs,high,UT,coal to liquids,coal to liquids,coal to liquids CCS level 2,missing,missing,missing,missing,missing,missing,missing,MTC
1713,0.347287,0.429356,0.539632,0.592154,0.602845,0.631958,0.663885,0.691013,0.723978,innovation-DACHubs,high,UT,industrial feedstocks,refined liquids,refined liquids,missing,missing,missing,missing,missing,missing,missing,MTC
1714,0.0,0.0,0.0,0.000277644,0.000706262,0.00636877,0.0178879,0.0378884,0.124507,innovation-DACHubs,high,UT,lime,gas (CCS),lime,missing,missing,missing,missing,missing,missing,missing,MTC
1715,0.0,0.0,0.0,0.00155828,0.00234296,0.00204373,0.00385799,0.0108156,0.0446762,innovation-DACHubs,high,VT,DAC,DAC,DAC_solvent (oxy CCS),missing,missing,missing,missing,missing,missing,missing,MTC
1716,0.0,0.0,0.0,0.0003693,0.000965799,0.00147531,0.003803,0.00509919,0.00702782,innovation-DACHubs,high,VT,DAC,DAC,DAC_sorbent (oxy CCS),missing,missing,missing,missing,missing,missing,missing,MTC
1717,0.0,0.0,0.0,0.0,0.108913,0.1442172,0.15147655,0.20523641,0.22111343,innovation-DACHubs,high,VT,biorefining,biomass liquids,FT biofuels CCS level 1,missing,missing,missing,missing,missing,missing,missing,MTC
1718,0.0,0.0,0.0,0.0,0.126787,0.1669288,0.17493377,0.2320867999999999,0.2478885799999999,innovation-DACHubs,high,VT,biorefining,biomass liquids,FT biofuels CCS level 2,missing,missing,missing,missing,missing,missing,missing,MTC
1719,0.0,0.0,0.0,0.0,0.0650073,0.0871252999999999,0.09188686,0.12870625,0.14062823,innovation-DACHubs,high,VT,biorefining,biomass liquids,cellulosic ethanol CCS level 1,missing,missing,missing,missing,missing,missing,missing,MTC
1720,0.0,0.0,0.0,0.0,0.341111,0.445337,0.4653199,0.6025935,0.6376768,innovation-DACHubs,high,VT,biorefining,biomass liquids,cellulosic ethanol CCS level 2,missing,missing,missing,missing,missing,missing,missing,MTC
1721,0.00672084,0.0419773,0.310498,0.320594,0.327559,0.338706,0.350663,0.362404,0.37325,innovation-DACHubs,high,VT,industrial feedstocks,refined liquids,refined liquids,missing,missing,missing,missing,missing,missing,missing,MTC
1722,0.0,0.0,0.0,3.73227e-05,0.000117532,0.00109544,0.00284904,0.00700265,0.0223685,innovation-DACHubs,high,VT,lime,gas (CCS),lime,missing,missing,missing,missing,missing,missing,missing,MTC
1723,0.0,0.0,0.0,0.0618621,0.0943039,0.045723,0.0880553,0.273586,1.13395,innovation-DACHubs,high,VA,DAC,DAC,DAC_solvent (oxy CCS),missing,missing,missing,missing,missing,missing,missing,MTC
1724,0.0,0.0,0.0,0.00782313,0.0210233,0.0171638,0.0439659,0.0566113,0.0639499,innovation-DACHubs,high,VA,DAC,DAC,DAC_sorbent (oxy CCS),missing,missing,missing,missing,missing,missing,missing,MTC
1725,0.0,0.0,0.0,0.0,0.13943,0.1856063,0.1951563799999999,0.27058614,0.32017834,innovation-DACHubs,high,VA,biorefining,biomass liquids,FT biofuels CCS level 1,missing,missing,missing,missing,missing,missing,missing,MTC
1726,0.0,0.0,0.0,0.0,0.166238,0.2201372999999999,0.2309786999999999,0.3139026,0.370571,innovation-DACHubs,high,VA,biorefining,biomass liquids,FT biofuels CCS level 2,missing,missing,missing,missing,missing,missing,missing,MTC
1727,0.0,0.0,0.0,0.0,0.0771569,0.1037829999999999,0.10949902,0.1559919699999999,0.18118947,innovation-DACHubs,high,VA,biorefining,biomass liquids,cellulosic ethanol CCS level 1,missing,missing,missing,missing,missing,missing,missing,MTC
1728,0.0,0.0,0.0,0.0,0.452012,0.5935360000000001,0.6209273,0.8227746,0.9584832,innovation-DACHubs,high,VA,biorefining,biomass liquids,cellulosic ethanol CCS level 2,missing,missing,missing,missing,missing,missing,missing,MTC
1729,0.0,0.0,0.0,0.0,0.186468,0.207297,0.223436,0.245668,0.260235,innovation-DACHubs,high,VA,cement,cement,cement CCS,missing,missing,missing,missing,missing,missing,missing,MTC
1730,0.0,0.0,0.0,0.0,0.0,0.0,0.0,0.00143774,0.01515179,innovation-DACHubs,high,VA,coal to liquids,coal to liquids,coal to liquids CCS level 1,missing,missing,missing,missing,missing,missing,missing,MTC
1731,0.0,0.0,0.0,0.0,0.0,0.0,0.0,0.00195488,0.02102654,innovation-DACHubs,high,VA,coal to liquids,coal to liquids,coal to liquids CCS level 2,missing,missing,missing,missing,missing,missing,missing,MTC
1732,1.18457,1.399,1.7245,1.81561,1.83174,1.90581,1.97795,2.02824,2.09717,innovation-DACHubs,high,VA,industrial feedstocks,refined liquids,refined liquids,missing,missing,missing,missing,missing,missing,missing,MTC
1733,0.0,0.0,0.0,0.000805047,0.00237155,0.0219797,0.0625669,0.143757,0.469044,innovation-DACHubs,high,VA,lime,gas (CCS),lime,missing,missing,missing,missing,missing,missing,missing,MTC
1734,0.0,0.0,0.0,0.0452063,0.0894178,0.0385888,0.07712,0.241356,1.01551,innovation-DACHubs,high,WA,DAC,DAC,DAC_solvent (oxy CCS),missing,missing,missing,missing,missing,missing,missing,MTC
1735,0.0,0.0,0.0,0.00610509,0.0193377,0.0139831,0.0367379,0.0472427,0.0523022,innovation-DACHubs,high,WA,DAC,DAC,DAC_sorbent (oxy CCS),missing,missing,missing,missing,missing,missing,missing,MTC
1736,0.0,0.0,0.0,0.0,0.140541,0.1870124,0.19660208,0.27210811,0.31276994,innovation-DACHubs,high,WA,biorefining,biomass liquids,FT biofuels CCS level 1,missing,missing,missing,missing,missing,missing,missing,MTC
1737,0.0,0.0,0.0,0.0,0.167707,0.2219918,0.2328853,0.3159226,0.3614699,innovation-DACHubs,high,WA,biorefining,biomass liquids,FT biofuels CCS level 2,missing,missing,missing,missing,missing,missing,missing,MTC
1738,0.0,0.0,0.0,0.0,0.0775579,0.1042924,0.11002193,0.15650667,0.17839295,innovation-DACHubs,high,WA,biorefining,biomass liquids,cellulosic ethanol CCS level 1,missing,missing,missing,missing,missing,missing,missing,MTC
1739,0.0,0.0,0.0,0.0,0.456183,0.598761,0.6262901000000001,0.8284433999999999,0.9363457,innovation-DACHubs,high,WA,biorefining,biomass liquids,cellulosic ethanol CCS level 2,missing,missing,missing,missing,missing,missing,missing,MTC
1740,0.0,0.0,0.0,0.0,0.185813,0.208939,0.227604,0.253534,0.271695,innovation-DACHubs,high,WA,cement,cement,cement CCS,missing,missing,missing,missing,missing,missing,missing,MTC
1741,0.625156,0.99794,0.855506,0.939081,0.974387,1.01809,1.06172,1.10359,1.14963,innovation-DACHubs,high,WA,industrial feedstocks,refined liquids,refined liquids,missing,missing,missing,missing,missing,missing,missing,MTC
1742,0.0,0.0,0.0,4.63713e-05,0.000182453,0.00157176,0.00442052,0.0120503,0.0399937,innovation-DACHubs,high,WA,lime,gas (CCS),lime,missing,missing,missing,missing,missing,missing,missing,MTC
1743,0.0,0.0,0.0,0.065501,0.102124,0.0531343,0.108556,0.342593,1.40595,innovation-DACHubs,high,WV,DAC,DAC,DAC_solvent (oxy CCS),missing,missing,missing,missing,missing,missing,missing,MTC
1744,0.0,0.0,0.0,0.00884645,0.0245661,0.0220284,0.0598919,0.076911,0.0829727,innovation-DACHubs,high,WV,DAC,DAC,DAC_sorbent (oxy CCS),missing,missing,missing,missing,missing,missing,missing,MTC
1745,0.0,0.0,0.0,0.0,0.147218,0.1958493999999999,0.2058207,0.2846558,0.3441906,innovation-DACHubs,high,WV,biorefining,biomass liquids,FT biofuels CCS level 1,missing,missing,missing,missing,missing,missing,missing,MTC
1746,0.0,0.0,0.0,0.0,0.176516,0.233605,0.2449888999999999,0.332164,0.4013981,innovation-DACHubs,high,WV,biorefining,biomass liquids,FT biofuels CCS level 2,missing,missing,missing,missing,missing,missing,missing,MTC
1747,0.0,0.0,0.0,0.0,0.0800227,0.1075672,0.11342898,0.16113404,0.18982646,innovation-DACHubs,high,WV,biorefining,biomass liquids,cellulosic ethanol CCS level 1,missing,missing,missing,missing,missing,missing,missing,MTC
1748,0.0,0.0,0.0,0.0,0.481162,0.6314219999999999,0.6602509,0.8729325000000001,1.0401012,innovation-DACHubs,high,WV,biorefining,biomass liquids,cellulosic ethanol CCS level 2,missing,missing,missing,missing,missing,missing,missing,MTC
1749,0.0,0.0,0.0,0.0,0.0394976,0.0433494,0.046286,0.0502942,0.0528039,innovation-DACHubs,high,WV,cement,cement,cement CCS,missing,missing,missing,missing,missing,missing,missing,MTC
1750,0.0,0.0,0.0,0.0,0.0,0.0,0.0,0.0133662,0.1410062,innovation-DACHubs,high,WV,coal to liquids,coal to liquids,coal to liquids CCS level 1,missing,missing,missing,missing,missing,missing,missing,MTC
1751,0.0,0.0,0.0,0.0,0.0,0.0,0.0,0.018873,0.2034956,innovation-DACHubs,high,WV,coal to liquids,coal to liquids,coal to liquids CCS level 2,missing,missing,missing,missing,missing,missing,missing,MTC
1752,0.183423,0.173072,0.549978,0.56001,0.538694,0.551777,0.569104,0.580041,0.597435,innovation-DACHubs,high,WV,industrial feedstocks,refined liquids,refined liquids,missing,missing,missing,missing,missing,missing,missing,MTC
1753,0.0,0.0,0.0,0.00142798,0.00429774,0.0401583,0.11316,0.264688,0.875484,innovation-DACHubs,high,WV,lime,gas (CCS),lime,missing,missing,missing,missing,missing,missing,missing,MTC
1754,0.0,0.0,0.0,0.0583211,0.0910479,0.0524271,0.106518,0.322525,1.42255,innovation-DACHubs,high,WI,DAC,DAC,DAC_solvent (oxy CCS),missing,missing,missing,missing,missing,missing,missing,MTC
1755,0.0,0.0,0.0,0.00938857,0.0257937,0.0259484,0.0711442,0.0913853,0.106872,innovation-DACHubs,high,WI,DAC,DAC,DAC_sorbent (oxy CCS),missing,missing,missing,missing,missing,missing,missing,MTC
1756,0.0,0.0,0.0,0.0,0.144404,0.1920257,0.2017646,0.2821681,0.3505767000000001,innovation-DACHubs,high,WI,biorefining,biomass liquids,FT biofuels CCS level 1,missing,missing,missing,missing,missing,missing,missing,MTC
1757,0.0,0.0,0.0,0.0,0.172896,0.2287162,0.2398183,0.3290613,0.409671,innovation-DACHubs,high,WI,biorefining,biomass liquids,FT biofuels CCS level 2,missing,missing,missing,missing,missing,missing,missing,MTC
1758,0.0,0.0,0.0,0.0,0.0788481,0.1059458,0.11169889,0.15978882,0.19149565,innovation-DACHubs,high,WI,biorefining,biomass liquids,cellulosic ethanol CCS level 1,missing,missing,missing,missing,missing,missing,missing,MTC
1759,0.0,0.0,0.0,0.0,0.470996,0.617827,0.6459252,0.8639881,1.0599333,innovation-DACHubs,high,WI,biorefining,biomass liquids,cellulosic ethanol CCS level 2,missing,missing,missing,missing,missing,missing,missing,MTC
1760,0.0,0.0,0.0,0.0,0.115351,0.128136,0.138463,0.152673,0.162458,innovation-DACHubs,high,WI,cement,cement,cement CCS,missing,missing,missing,missing,missing,missing,missing,MTC
1761,0.928542,1.82381,1.77413,1.8561,1.86655,1.93416,2.00734,2.06766,2.14719,innovation-DACHubs,high,WI,industrial feedstocks,refined liquids,refined liquids,missing,missing,missing,missing,missing,missing,missing,MTC
1762,0.0,0.0,0.0,0.000300998,0.00096482,0.0087502,0.0236834,0.0570097,0.192628,innovation-DACHubs,high,WI,lime,gas (CCS),lime,missing,missing,missing,missing,missing,missing,missing,MTC
1763,0.0,0.0,0.0,0.0659081,0.125987,0.0506134,0.105845,0.329645,1.36984,innovation-DACHubs,high,WY,DAC,DAC,DAC_solvent (oxy CCS),missing,missing,missing,missing,missing,missing,missing,MTC
1764,0.0,0.0,0.0,0.00754417,0.0242137,0.0164675,0.0450104,0.0552318,0.0591126,innovation-DACHubs,high,WY,DAC,DAC,DAC_sorbent (oxy CCS),missing,missing,missing,missing,missing,missing,missing,MTC
1765,0.0,0.0,0.0,0.0,0.147968,0.1969048,0.2069742,0.2868848,0.3344257,innovation-DACHubs,high,WY,biorefining,biomass liquids,FT biofuels CCS level 1,missing,missing,missing,missing,missing,missing,missing,MTC
1766,0.0,0.0,0.0,0.0,0.177411,0.2348515,0.2463456,0.334679,0.3887214,innovation-DACHubs,high,WY,biorefining,biomass liquids,FT biofuels CCS level 2,missing,missing,missing,missing,missing,missing,missing,MTC
1767,0.0,0.0,0.0,0.0,0.0804373,0.1081637,0.11408698,0.16249731,0.18699361,innovation-DACHubs,high,WY,biorefining,biomass liquids,cellulosic ethanol CCS level 1,missing,missing,missing,missing,missing,missing,missing,MTC
1768,0.0,0.0,0.0,0.0,0.483595,0.634776,0.6638818000000001,0.8793601,1.0083233,innovation-DACHubs,high,WY,biorefining,biomass liquids,cellulosic ethanol CCS level 2,missing,missing,missing,missing,missing,missing,missing,MTC
1769,0.0,0.0,0.0,0.0,0.0,0.0,0.0,0.0369032,0.3877693,innovation-DACHubs,high,WY,coal to liquids,coal to liquids,coal to liquids CCS level 1,missing,missing,missing,missing,missing,missing,missing,MTC
1770,0.0,0.0,0.0,0.0,0.0,0.0,0.0,0.053178,0.5712009,innovation-DACHubs,high,WY,coal to liquids,coal to liquids,coal to liquids CCS level 2,missing,missing,missing,missing,missing,missing,missing,MTC
1771,0.240537,0.153088,0.463136,0.472259,0.461749,0.478625,0.499615,0.514505,0.535277,innovation-DACHubs,high,WY,industrial feedstocks,refined liquids,refined liquids,missing,missing,missing,missing,missing,missing,missing,MTC
1772,0.0,0.0,0.0,0.0011173,0.00248951,0.0216306,0.0620231,0.122945,0.391866,innovation-DACHubs,high,WY,lime,gas (CCS),lime,missing,missing,missing,missing,missing,missing,missing,MTC
