,1990,2005,2020,2025,2030,2035,2040,2045,2050,scenario,baseline,GCAM,sector,subsector,technology,output,concentration,input,product,fuel,LandLeaf,GHG,Units
0,0.0012925,0.00210251,0.00815299,0.0159607199999999,0.02589052,0.04090335,0.0624348999999999,0.0829016,0.0995691,45Q-2040-l,500Mt-CostDecrease,Africa_Eastern,missing,biomass,missing,missing,missing,missing,missing,missing,missing,missing,EJ
1,0.000661901,0.00468252,0.0126132,0.0206729599999999,0.0285393699999999,0.03880836,0.0537632,0.0739044,0.1013539,45Q-2040-l,500Mt-CostDecrease,Africa_Eastern,missing,coal,missing,missing,missing,missing,missing,missing,missing,missing,EJ
2,0.0,0.0,0.00613616,0.01129681,0.01671572,0.0244913,0.0369863,0.0556482,0.0819212999999999,45Q-2040-l,500Mt-CostDecrease,Africa_Eastern,missing,gas,missing,missing,missing,missing,missing,missing,missing,missing,EJ
3,0.00117369,0.00361098,0.0350793,0.0543819,0.0707548,0.0856375,0.0979321,0.103049,0.107819,45Q-2040-l,500Mt-CostDecrease,Africa_Eastern,missing,geothermal,missing,missing,missing,missing,missing,missing,missing,missing,EJ
4,0.0220885,0.0372506,0.124544,0.152375,0.180205,0.208035,0.235866,0.263696,0.291526,45Q-2040-l,500Mt-CostDecrease,Africa_Eastern,missing,hydro,missing,missing,missing,missing,missing,missing,missing,missing,EJ
5,0.0,0.0,0.00217646,0.0183485,0.0468265,0.0976042,0.176366,0.285755,0.435026,45Q-2040-l,500Mt-CostDecrease,Africa_Eastern,missing,nuclear,missing,missing,missing,missing,missing,missing,missing,missing,EJ
6,0.0092828,0.0284467,0.110291,0.1417904,0.1457296,0.15857,0.1841956,0.1968955,0.2241960999999999,45Q-2040-l,500Mt-CostDecrease,Africa_Eastern,missing,refined liquids,missing,missing,missing,missing,missing,missing,missing,missing,EJ
7,0.0,0.0,0.0287639,0.0662231,0.149812,0.292625,0.470489,0.678669,0.91152,45Q-2040-l,500Mt-CostDecrease,Africa_Eastern,missing,rooftop_pv,missing,missing,missing,missing,missing,missing,missing,missing,EJ
8,0.0,5.21026e-05,0.0302876418,0.0909781039,0.1569361829,0.2568048129,0.4316685229,0.7133297859000001,1.1321732889999998,45Q-2040-l,500Mt-CostDecrease,Africa_Eastern,missing,solar,missing,missing,missing,missing,missing,missing,missing,missing,EJ
9,0.0,1.03005e-05,0.065463066,0.172125076,0.2989293860000001,0.4795807860000001,0.7606392859999999,1.160535323,1.6866984000000005,45Q-2040-l,500Mt-CostDecrease,Africa_Eastern,missing,wind,missing,missing,missing,missing,missing,missing,missing,missing,EJ
10,0.0,0.0,0.00196401,0.00353546,0.00659299,0.00937285,0.01174809,0.01268669,0.01226336,45Q-2040-l,500Mt-CostDecrease,Africa_Northern,missing,biomass,missing,missing,missing,missing,missing,missing,missing,missing,EJ
11,0.00796429,0.0458413,0.0870643,0.10072042,0.11703357,0.1297003,0.1398572,0.1499866,0.1591059,45Q-2040-l,500Mt-CostDecrease,Africa_Northern,missing,coal,missing,missing,missing,missing,missing,missing,missing,missing,EJ
12,0.1357962999999999,0.482397,1.116624,1.27366,1.508767,1.717631,1.912331,2.14253,2.352869,45Q-2040-l,500Mt-CostDecrease,Africa_Northern,missing,gas,missing,missing,missing,missing,missing,missing,missing,missing,EJ
13,0.0,0.0,0.00886348,0.0178093,0.0306278,0.0422369,0.0522184,0.0605461,0.0621385,45Q-2040-l,500Mt-CostDecrease,Africa_Northern,missing,geothermal,missing,missing,missing,missing,missing,missing,missing,missing,EJ
14,0.0408229,0.0516283,0.0615764,0.0667426,0.0719089,0.0770751,0.0822413,0.0874075,0.0925738,45Q-2040-l,500Mt-CostDecrease,Africa_Northern,missing,hydro,missing,missing,missing,missing,missing,missing,missing,missing,EJ
15,0.0,0.0,0.0010868,0.00599169,0.017659,0.0329219,0.049468,0.0690352,0.0893035,45Q-2040-l,500Mt-CostDecrease,Africa_Northern,missing,nuclear,missing,missing,missing,missing,missing,missing,missing,missing,EJ
16,0.117712,0.127327,0.2387912,0.2458999,0.31514,0.3687979999999999,0.428211,0.495124,0.560493,45Q-2040-l,500Mt-CostDecrease,Africa_Northern,missing,refined liquids,missing,missing,missing,missing,missing,missing,missing,missing,EJ
17,0.0,0.0,0.0711627,0.220087,0.321874,0.420834,0.521323,0.622155,0.73875,45Q-2040-l,500Mt-CostDecrease,Africa_Northern,missing,rooftop_pv,missing,missing,missing,missing,missing,missing,missing,missing,EJ
18,0.0,7.19924e-06,0.02217763862,0.0651188383999999,0.147886217,0.2303638739999999,0.310210694,0.3989645425000001,0.468412763,45Q-2040-l,500Mt-CostDecrease,Africa_Northern,missing,solar,missing,missing,missing,missing,missing,missing,missing,missing,EJ
19,0.0,0.0028798,0.047066152,0.080327438,0.143259628,0.219481708,0.311996778,0.4153414179999999,0.522329046,45Q-2040-l,500Mt-CostDecrease,Africa_Northern,missing,wind,missing,missing,missing,missing,missing,missing,missing,missing,EJ
20,0.0,0.0,0.000840905,0.0011877196999999,0.00195918,0.002892253,0.004250784,0.00637759,0.00914195,45Q-2040-l,500Mt-CostDecrease,Africa_Southern,missing,biomass,missing,missing,missing,missing,missing,missing,missing,missing,EJ
21,0.0213304,0.0204676,0.0387917,0.05084849,0.0737216699999999,0.0989266,0.1331313999999999,0.1896733,0.2703564,45Q-2040-l,500Mt-CostDecrease,Africa_Southern,missing,coal,missing,missing,missing,missing,missing,missing,missing,missing,EJ
22,0.0,0.004161615,0.035383,0.0441649999999999,0.0637305,0.0860572,0.1167836999999999,0.173259,0.2539195,45Q-2040-l,500Mt-CostDecrease,Africa_Southern,missing,gas,missing,missing,missing,missing,missing,missing,missing,missing,EJ
23,0.0,0.0,0.000370956,0.00118998,0.00352577,0.00687794,0.0119762,0.0201939,0.0305592,45Q-2040-l,500Mt-CostDecrease,Africa_Southern,missing,geothermal,missing,missing,missing,missing,missing,missing,missing,missing,EJ
24,0.0548817,0.120117,0.175234,0.188839,0.202445,0.216051,0.229657,0.243262,0.256868,45Q-2040-l,500Mt-CostDecrease,Africa_Southern,missing,hydro,missing,missing,missing,missing,missing,missing,missing,missing,EJ
25,0.0,0.0,3.56404e-05,0.000320187,0.00136849,0.00315547,0.00605314,0.0115946,0.0206809,45Q-2040-l,500Mt-CostDecrease,Africa_Southern,missing,nuclear,missing,missing,missing,missing,missing,missing,missing,missing,EJ
26,0.00254618,0.00617975,0.0536751,0.0967993,0.1963389999999999,0.313782,0.4565709999999999,0.647409,0.8680969999999999,45Q-2040-l,500Mt-CostDecrease,Africa_Southern,missing,refined liquids,missing,missing,missing,missing,missing,missing,missing,missing,EJ
27,0.0,0.0,0.0406558,0.0855521,0.154309,0.241612,0.352973,0.497579,0.674044,45Q-2040-l,500Mt-CostDecrease,Africa_Southern,missing,rooftop_pv,missing,missing,missing,missing,missing,missing,missing,missing,EJ
28,0.0,1.12e-05,0.000634284168,0.0016910860149999,0.004304599325,0.0080412634249999,0.014460586425,0.0282189714249999,0.05337639174,45Q-2040-l,500Mt-CostDecrease,Africa_Southern,missing,solar,missing,missing,missing,missing,missing,missing,missing,missing,EJ
29,0.0,2.20001e-06,0.00057384589,0.00195596854,0.00656009364,0.01437322564,0.02950267664,0.06331377617,0.1248388400499999,45Q-2040-l,500Mt-CostDecrease,Africa_Southern,missing,wind,missing,missing,missing,missing,missing,missing,missing,missing,EJ
30,0.000169199,0.0006156,0.0019447,0.003755963,0.00918331,0.0156998299999999,0.02439587,0.0338666,0.0440278999999999,45Q-2040-l,500Mt-CostDecrease,Africa_Western,missing,biomass,missing,missing,missing,missing,missing,missing,missing,missing,EJ
31,0.000469068,0.00274717,0.0016654,0.002635088,0.005156114,0.00861316,0.01369168,0.02163376,0.03386079,45Q-2040-l,500Mt-CostDecrease,Africa_Western,missing,coal,missing,missing,missing,missing,missing,missing,missing,missing,EJ
32,0.02665792,0.0733212,0.1697299,0.2083963999999999,0.341188,0.52308,0.776028,1.149682,1.683218,45Q-2040-l,500Mt-CostDecrease,Africa_Western,missing,gas,missing,missing,missing,missing,missing,missing,missing,missing,EJ
33,0.0,0.0,0.00175311,0.00595685,0.0193201,0.037712,0.0613167,0.0899865,0.118914,45Q-2040-l,500Mt-CostDecrease,Africa_Western,missing,geothermal,missing,missing,missing,missing,missing,missing,missing,missing,EJ
34,0.0804331,0.108752,0.160889,0.203657,0.246425,0.289193,0.331962,0.37473,0.417498,45Q-2040-l,500Mt-CostDecrease,Africa_Western,missing,hydro,missing,missing,missing,missing,missing,missing,missing,missing,EJ
35,0.0,0.0,0.00017085,0.0017085,0.00885207,0.0224825,0.0443358,0.0803772,0.137205,45Q-2040-l,500Mt-CostDecrease,Africa_Western,missing,nuclear,missing,missing,missing,missing,missing,missing,missing,missing,EJ
36,0.0167247,0.0221465,0.03461847,0.03946013,0.0706926,0.1100344,0.1705912,0.2613792,0.3546568,45Q-2040-l,500Mt-CostDecrease,Africa_Western,missing,refined liquids,missing,missing,missing,missing,missing,missing,missing,missing,EJ
37,0.0,0.0,0.0279389,0.0722329,0.134624,0.239649,0.405971,0.65767,1.02054,45Q-2040-l,500Mt-CostDecrease,Africa_Western,missing,rooftop_pv,missing,missing,missing,missing,missing,missing,missing,missing,EJ
38,0.0,1.95e-05,0.00712567824,0.0186450882999999,0.0524603453,0.0965507672999999,0.1598869573,0.2628194873,0.4341473399,45Q-2040-l,500Mt-CostDecrease,Africa_Western,missing,solar,missing,missing,missing,missing,missing,missing,missing,missing,EJ
39,0.0,9e-06,0.0040496336999999,0.0144972595999999,0.0545957885999999,0.1239933586,0.2409391685999999,0.4331393534,0.7168780049,45Q-2040-l,500Mt-CostDecrease,Africa_Western,missing,wind,missing,missing,missing,missing,missing,missing,missing,missing,EJ
40,0.0,0.00187915,0.00266554,0.003618094,0.004771237,0.0056215,0.00675341,0.00819202,0.00801017,45Q-2040-l,500Mt-CostDecrease,Australia_NZ,missing,biomass,missing,missing,missing,missing,missing,missing,missing,missing,EJ
41,0.438993,0.672492,0.700616,0.7824398,0.8362483,0.8501247,0.8469647,0.861283,0.8659830000000001,45Q-2040-l,500Mt-CostDecrease,Australia_NZ,missing,coal,missing,missing,missing,missing,missing,missing,missing,missing,EJ
42,0.0721281,0.1086668,0.2195427,0.2401077,0.264224,0.27742,0.288761,0.324749,0.352467,45Q-2040-l,500Mt-CostDecrease,Australia_NZ,missing,gas,missing,missing,missing,missing,missing,missing,missing,missing,EJ
43,0.00746625,0.0111489,0.0418667,0.0548619,0.0685202,0.079741,0.0913153,0.0841825,0.0905174,45Q-2040-l,500Mt-CostDecrease,Australia_NZ,missing,geothermal,missing,missing,missing,missing,missing,missing,missing,missing,EJ
44,0.134392,0.139082,0.142893,0.149486,0.156079,0.162672,0.169265,0.175858,0.182451,45Q-2040-l,500Mt-CostDecrease,Australia_NZ,missing,hydro,missing,missing,missing,missing,missing,missing,missing,missing,EJ
45,0.0,0.0,0.0,0.000926092,0.00260056,0.00443941,0.00794217,0.0156141,0.0248295,45Q-2040-l,500Mt-CostDecrease,Australia_NZ,missing,nuclear,missing,missing,missing,missing,missing,missing,missing,missing,EJ
46,0.0128229,0.0102417,0.01843035,0.01589391,0.01520171,0.01533976,0.0160100499999999,0.01891185,0.01860061,45Q-2040-l,500Mt-CostDecrease,Australia_NZ,missing,refined liquids,missing,missing,missing,missing,missing,missing,missing,missing,EJ
47,0.0,0.0,0.0109201,0.0478255,0.0700144,0.0900932,0.111547,0.132694,0.158685,45Q-2040-l,500Mt-CostDecrease,Australia_NZ,missing,rooftop_pv,missing,missing,missing,missing,missing,missing,missing,missing,EJ
48,0.0,0.00028439291,0.05008102287,0.1215263854,0.2140133401999999,0.2811746351999999,0.3373431232,0.3953224976,0.4357347828,45Q-2040-l,500Mt-CostDecrease,Australia_NZ,missing,solar,missing,missing,missing,missing,missing,missing,missing,missing,EJ
49,0.0,0.00539626,0.0775416749999999,0.108441245,0.146506934,0.182958864,0.227606194,0.260793943,0.322598699,45Q-2040-l,500Mt-CostDecrease,Australia_NZ,missing,wind,missing,missing,missing,missing,missing,missing,missing,missing,EJ
50,0.0,0.0,0.00470316,0.0075046129999999,0.0112013599999999,0.0135638299999999,0.01585872,0.01681038,0.01574575,45Q-2040-l,500Mt-CostDecrease,Brazil,missing,biomass,missing,missing,missing,missing,missing,missing,missing,missing,EJ
51,0.0097564,0.0219918,0.119923,0.1685427,0.2180555,0.2521968,0.2811371,0.3118334,0.3370169,45Q-2040-l,500Mt-CostDecrease,Brazil,missing,coal,missing,missing,missing,missing,missing,missing,missing,missing,EJ
52,4.31858e-05,0.0500396,0.444447,0.649327,0.89142,1.0689570000000002,1.23383,1.432342,1.586219,45Q-2040-l,500Mt-CostDecrease,Brazil,missing,gas,missing,missing,missing,missing,missing,missing,missing,missing,EJ
53,0.0,0.0,0.00914465,0.0260487,0.0510838,0.0740078,0.0976523,0.124786,0.140916,45Q-2040-l,500Mt-CostDecrease,Brazil,missing,geothermal,missing,missing,missing,missing,missing,missing,missing,missing,EJ
54,0.744149,1.21485,1.33772,1.38037,1.42302,1.46567,1.50832,1.55097,1.59362,45Q-2040-l,500Mt-CostDecrease,Brazil,missing,hydro,missing,missing,missing,missing,missing,missing,missing,missing,EJ
55,0.00805056,0.0354828,0.0580865,0.0674997,0.0800025,0.0897247,0.0991462,0.1112884,0.1226705,45Q-2040-l,500Mt-CostDecrease,Brazil,missing,nuclear,missing,missing,missing,missing,missing,missing,missing,missing,EJ
56,0.00848962,0.0296789,0.1268982,0.1426425,0.1705828999999999,0.1738213,0.1629203,0.1592306,0.1603021,45Q-2040-l,500Mt-CostDecrease,Brazil,missing,refined liquids,missing,missing,missing,missing,missing,missing,missing,missing,EJ
57,0.0,0.0,0.0383793,0.196588,0.309971,0.384872,0.447068,0.500786,0.563848,45Q-2040-l,500Mt-CostDecrease,Brazil,missing,rooftop_pv,missing,missing,missing,missing,missing,missing,missing,missing,EJ
58,0.0,0.0,0.01212576235,0.0651303104499999,0.1735339552499999,0.2755641272499999,0.3733526372499999,0.47919230025,0.5572810309,45Q-2040-l,500Mt-CostDecrease,Brazil,missing,solar,missing,missing,missing,missing,missing,missing,missing,missing,EJ
59,0.0,0.000334846,0.1824677225,0.3143992365,0.4855910264999999,0.6327044264999999,0.7791328765,0.8769076529999998,0.9382367859999998,45Q-2040-l,500Mt-CostDecrease,Brazil,missing,wind,missing,missing,missing,missing,missing,missing,missing,missing,EJ
60,0.0142055,0.0305674,0.051621,0.0568391699999999,0.05986111,0.05933136,0.05658646,0.0500593099999999,0.04023124,45Q-2040-l,500Mt-CostDecrease,Canada,missing,biomass,missing,missing,missing,missing,missing,missing,missing,missing,EJ
61,0.29599,0.362107,0.310111,0.3574497,0.3910848,0.4069102999999999,0.4145624,0.4256052999999999,0.4331745999999999,45Q-2040-l,500Mt-CostDecrease,Canada,missing,coal,missing,missing,missing,missing,missing,missing,missing,missing,EJ
62,0.03483692,0.1445786,0.3084001,0.3508411999999999,0.396835,0.431293,0.4665479999999999,0.519472,0.558549,45Q-2040-l,500Mt-CostDecrease,Canada,missing,gas,missing,missing,missing,missing,missing,missing,missing,missing,EJ
63,0.0,0.0,0.00675956,0.0119748,0.0173043,0.0219553,0.026617,0.032542,0.0335021,45Q-2040-l,500Mt-CostDecrease,Canada,missing,geothermal,missing,missing,missing,missing,missing,missing,missing,missing,EJ
64,1.06835,1.30301,1.40009,1.42433,1.44857,1.4728,1.49704,1.52128,1.54552,45Q-2040-l,500Mt-CostDecrease,Canada,missing,hydro,missing,missing,missing,missing,missing,missing,missing,missing,EJ
65,0.262679,0.331342,0.464344,0.553047,0.635464,0.69458,0.738448,0.7942020000000001,0.841052,45Q-2040-l,500Mt-CostDecrease,Canada,missing,nuclear,missing,missing,missing,missing,missing,missing,missing,missing,EJ
66,0.0592843,0.0563432,0.03503241,0.0417637,0.0488467,0.0544738,0.0601989,0.0707587,0.0769747,45Q-2040-l,500Mt-CostDecrease,Canada,missing,refined liquids,missing,missing,missing,missing,missing,missing,missing,missing,EJ
67,0.0,0.0,0.000780604,0.010998,0.0312374,0.0440618,0.0468672,0.0460089,0.0489119,45Q-2040-l,500Mt-CostDecrease,Canada,missing,rooftop_pv,missing,missing,missing,missing,missing,missing,missing,missing,EJ
68,0.0,6.11996e-05,0.0290993373,0.0691852201,0.1383284638999999,0.2077629406,0.2817436496,0.3759396586,0.4718235463,45Q-2040-l,500Mt-CostDecrease,Canada,missing,solar,missing,missing,missing,missing,missing,missing,missing,missing,EJ
69,0.0,0.00564116,0.1694034669999999,0.248834921,0.3427296609999999,0.4323269309999999,0.532289881,0.5844726559999999,0.667337474,45Q-2040-l,500Mt-CostDecrease,Canada,missing,wind,missing,missing,missing,missing,missing,missing,missing,missing,EJ
70,0.00722302,0.00742259,0.0332041,0.04491491,0.05539251,0.06409851,0.0719664,0.0741861,0.073273,45Q-2040-l,500Mt-CostDecrease,Central America and Caribbean,missing,biomass,missing,missing,missing,missing,missing,missing,missing,missing,EJ
71,0.000154792,0.00896675,0.0406976,0.04990538,0.0562738599999999,0.06068963,0.0651692899999999,0.0709819,0.0799792,45Q-2040-l,500Mt-CostDecrease,Central America and Caribbean,missing,coal,missing,missing,missing,missing,missing,missing,missing,missing,EJ
72,0.0129172,0.0429885,0.1157739,0.1383211,0.1574244,0.172844,0.1906483,0.216237,0.2515388,45Q-2040-l,500Mt-CostDecrease,Central America and Caribbean,missing,gas,missing,missing,missing,missing,missing,missing,missing,missing,EJ
73,0.00289785,0.0094887,0.0282491,0.0376241,0.045534,0.0518043,0.0579095,0.0573269,0.059196,45Q-2040-l,500Mt-CostDecrease,Central America and Caribbean,missing,geothermal,missing,missing,missing,missing,missing,missing,missing,missing,EJ
74,0.049193,0.0743529,0.0907238,0.0963713,0.102019,0.107666,0.113314,0.118961,0.124609,45Q-2040-l,500Mt-CostDecrease,Central America and Caribbean,missing,hydro,missing,missing,missing,missing,missing,missing,missing,missing,EJ
75,0.0,0.0,0.0,0.0,0.0,0.0,0.00808462,0.0266292,0.0614115,45Q-2040-l,500Mt-CostDecrease,Central America and Caribbean,missing,nuclear,missing,missing,missing,missing,missing,missing,missing,missing,EJ
76,0.124956,0.232929,0.2552644,0.2521828,0.2553219,0.2613497,0.264455,0.267574,0.279939,45Q-2040-l,500Mt-CostDecrease,Central America and Caribbean,missing,refined liquids,missing,missing,missing,missing,missing,missing,missing,missing,EJ
77,0.0,0.0,0.0248914,0.0509252,0.0837662,0.133358,0.189321,0.242315,0.289813,45Q-2040-l,500Mt-CostDecrease,Central America and Caribbean,missing,rooftop_pv,missing,missing,missing,missing,missing,missing,missing,missing,EJ
78,0.0,0.000134487,0.0447044004,0.1044812142999999,0.1591345602999999,0.2050389902999999,0.2605177502999999,0.3393808502999999,0.429287667,45Q-2040-l,500Mt-CostDecrease,Central America and Caribbean,missing,solar,missing,missing,missing,missing,missing,missing,missing,missing,EJ
79,0.0,0.00139077,0.090947825,0.170225554,0.247593864,0.318412604,0.399875614,0.493907691,0.5810669890000001,45Q-2040-l,500Mt-CostDecrease,Central America and Caribbean,missing,wind,missing,missing,missing,missing,missing,missing,missing,missing,EJ
80,0.0,0.0,0.00278276,0.003660377,0.005305833,0.00630022,0.00735537,0.00702152,0.0065972999999999,45Q-2040-l,500Mt-CostDecrease,Central Asia,missing,biomass,missing,missing,missing,missing,missing,missing,missing,missing,EJ
81,0.25661,0.20445,0.426571,0.4693663999999999,0.5066041,0.5203563,0.5227278,0.5116866,0.4974305,45Q-2040-l,500Mt-CostDecrease,Central Asia,missing,coal,missing,missing,missing,missing,missing,missing,missing,missing,EJ
82,0.3188916,0.254898,0.5676409,0.646704,0.760056,0.8416980000000001,0.913272,0.966454,1.007745,45Q-2040-l,500Mt-CostDecrease,Central Asia,missing,gas,missing,missing,missing,missing,missing,missing,missing,missing,EJ
83,0.0,0.0,0.00983407,0.017154,0.0262631,0.03349,0.0400689,0.0449225,0.0418905,45Q-2040-l,500Mt-CostDecrease,Central Asia,missing,geothermal,missing,missing,missing,missing,missing,missing,missing,missing,EJ
84,0.187164,0.207216,0.22609,0.247721,0.269353,0.290984,0.312616,0.334247,0.355879,45Q-2040-l,500Mt-CostDecrease,Central Asia,missing,hydro,missing,missing,missing,missing,missing,missing,missing,missing,EJ
85,0.0,0.00976449,0.10729875,0.1675024299999999,0.24767048,0.31803812,0.38059542,0.42715871,0.4679902099999999,45Q-2040-l,500Mt-CostDecrease,Central Asia,missing,nuclear,missing,missing,missing,missing,missing,missing,missing,missing,EJ
86,0.109773,0.043063,0.01137256,0.0093484,0.01076798,0.01122544,0.01156662,0.01062235,0.0107019,45Q-2040-l,500Mt-CostDecrease,Central Asia,missing,refined liquids,missing,missing,missing,missing,missing,missing,missing,missing,EJ
87,0.0,0.0,0.00534375,0.042333,0.0875104,0.116288,0.135334,0.154379,0.178708,45Q-2040-l,500Mt-CostDecrease,Central Asia,missing,rooftop_pv,missing,missing,missing,missing,missing,missing,missing,missing,EJ
88,0.0,0.0,0.01072253985,0.03629281905,0.09857848625,0.15883424525,0.21525370825,0.2564070632499999,0.2810646953,45Q-2040-l,500Mt-CostDecrease,Central Asia,missing,solar,missing,missing,missing,missing,missing,missing,missing,missing,EJ
89,0.0,0.0,0.0173388412244,0.0343216332234,0.0641092223334,0.0949942830954,0.1308074096403999,0.1628473010429999,0.181179458963,45Q-2040-l,500Mt-CostDecrease,Central Asia,missing,wind,missing,missing,missing,missing,missing,missing,missing,missing,EJ
90,1.44586e-06,0.0187199,0.223566,0.2562478,0.2878076,0.2993418,0.308965,0.3021062,0.2619963,45Q-2040-l,500Mt-CostDecrease,China,missing,biomass,missing,missing,missing,missing,missing,missing,missing,missing,EJ
91,1.69113,9.27378,17.0846,19.12113,20.44468,20.45145,19.73251,19.07981,18.18548,45Q-2040-l,500Mt-CostDecrease,China,missing,coal,missing,missing,missing,missing,missing,missing,missing,missing,EJ
92,0.00997552,0.1250754,0.5717559999999999,0.62392,0.688832,0.708644,0.715454,0.755555,0.7758160000000001,45Q-2040-l,500Mt-CostDecrease,China,missing,gas,missing,missing,missing,missing,missing,missing,missing,missing,EJ
93,0.000205198,0.000413997,0.0621983,0.116948,0.17408,0.206181,0.234251,0.275349,0.274389,45Q-2040-l,500Mt-CostDecrease,China,missing,geothermal,missing,missing,missing,missing,missing,missing,missing,missing,EJ
94,0.456446,1.42964,4.01308,4.01308,4.01308,4.01308,4.01308,4.01308,4.01308,45Q-2040-l,500Mt-CostDecrease,China,missing,hydro,missing,missing,missing,missing,missing,missing,missing,missing,EJ
95,0.0,0.191116,1.007021,1.525513,2.097908,2.47633,2.779596,3.282819,3.740686,45Q-2040-l,500Mt-CostDecrease,China,missing,nuclear,missing,missing,missing,missing,missing,missing,missing,missing,EJ
96,0.183375,0.182674,0.02571472,0.02889822,0.0319481,0.0317945,0.0322781,0.0380044,0.0393585,45Q-2040-l,500Mt-CostDecrease,China,missing,refined liquids,missing,missing,missing,missing,missing,missing,missing,missing,EJ
97,0.0,0.0,0.153446,1.14578,1.8467,2.34584,2.80276,3.21918,3.66006,45Q-2040-l,500Mt-CostDecrease,China,missing,rooftop_pv,missing,missing,missing,missing,missing,missing,missing,missing,EJ
98,7.19995e-06,0.000310298,0.4833958093,1.5366292193000002,2.9432386592999995,3.7873339893,4.3079107893,4.775899444,4.964847192000001,45Q-2040-l,500Mt-CostDecrease,China,missing,solar,missing,missing,missing,missing,missing,missing,missing,missing,EJ
99,7.19995e-06,0.00730145,1.12069051,1.83186975,2.72705475,3.39899405,3.96210095,4.184320240000001,4.532796910000001,45Q-2040-l,500Mt-CostDecrease,China,missing,wind,missing,missing,missing,missing,missing,missing,missing,missing,EJ
100,0.00054235,0.01322953,0.0503848,0.05269056,0.0538979699999999,0.05397083,0.0526112599999999,0.04693797,0.038624,45Q-2040-l,500Mt-CostDecrease,EU-12,missing,biomass,missing,missing,missing,missing,missing,missing,missing,missing,EJ
101,1.293259,1.215982,1.02366,1.1423415,1.2297827,1.271339,1.282625,1.302239,1.299457,45Q-2040-l,500Mt-CostDecrease,EU-12,missing,coal,missing,missing,missing,missing,missing,missing,missing,missing,EJ
102,0.320683,0.299762,0.1307784,0.1544103,0.1840592,0.2118593999999999,0.23951,0.283004,0.314913,45Q-2040-l,500Mt-CostDecrease,EU-12,missing,gas,missing,missing,missing,missing,missing,missing,missing,missing,EJ
103,0.0,0.0,0.00848559,0.0173391,0.027081,0.0355901,0.0430524,0.0507107,0.0510891,45Q-2040-l,500Mt-CostDecrease,EU-12,missing,geothermal,missing,missing,missing,missing,missing,missing,missing,missing,EJ
104,0.0929088,0.14841,0.135083,0.140333,0.145582,0.150832,0.156081,0.161331,0.16658,45Q-2040-l,500Mt-CostDecrease,EU-12,missing,hydro,missing,missing,missing,missing,missing,missing,missing,missing,EJ
105,0.268824,0.348187,0.406568,0.465076,0.516232,0.550044,0.57163,0.601772,0.619217,45Q-2040-l,500Mt-CostDecrease,EU-12,missing,nuclear,missing,missing,missing,missing,missing,missing,missing,missing,EJ
106,0.1791277,0.0601185999999999,0.02669582,0.0303366,0.0378075,0.0454177,0.0501916,0.0567298,0.0584101,45Q-2040-l,500Mt-CostDecrease,EU-12,missing,refined liquids,missing,missing,missing,missing,missing,missing,missing,missing,EJ
107,0.0,0.0,0.00290781,0.0281647,0.0544158,0.0692412,0.079286,0.0906013,0.106436,45Q-2040-l,500Mt-CostDecrease,EU-12,missing,rooftop_pv,missing,missing,missing,missing,missing,missing,missing,missing,EJ
108,0.0,3.60002e-06,0.0557859858,0.1107064743,0.1849008703,0.2478970163,0.3021045513,0.3462869112999999,0.3759785105,45Q-2040-l,500Mt-CostDecrease,EU-12,missing,solar,missing,missing,missing,missing,missing,missing,missing,missing,EJ
109,0.0,0.00100801,0.1301302026999999,0.1825515417,0.2527099437,0.3260439236999999,0.4025264037,0.4321794049,0.482381999,45Q-2040-l,500Mt-CostDecrease,EU-12,missing,wind,missing,missing,missing,missing,missing,missing,missing,missing,EJ
110,0.0284664,0.166771,0.324802,0.3307409,0.3302251,0.3276883,0.3191723999999999,0.3056511,0.2568856,45Q-2040-l,500Mt-CostDecrease,EU-15,missing,biomass,missing,missing,missing,missing,missing,missing,missing,missing,EJ
111,2.83936,2.59761,2.35595,2.567229,2.685083,2.713337,2.696628,2.845003,2.8607970000000003,45Q-2040-l,500Mt-CostDecrease,EU-15,missing,coal,missing,missing,missing,missing,missing,missing,missing,missing,EJ
112,0.4639999999999999,1.937954,1.616885,1.783048,1.889139,1.934347,1.9687,2.217111,2.3245050000000003,45Q-2040-l,500Mt-CostDecrease,EU-15,missing,gas,missing,missing,missing,missing,missing,missing,missing,missing,EJ
113,0.0116132,0.0194279,0.0681549,0.117151,0.16368,0.203159,0.239491,0.278382,0.285047,45Q-2040-l,500Mt-CostDecrease,EU-15,missing,geothermal,missing,missing,missing,missing,missing,missing,missing,missing,EJ
114,0.940387,0.966583,1.0788,1.0788,1.0788,1.0788,1.0788,1.0788,1.0788,45Q-2040-l,500Mt-CostDecrease,EU-15,missing,hydro,missing,missing,missing,missing,missing,missing,missing,missing,EJ
115,2.5926,3.24331,3.031186,3.280025,3.41485,3.43441,3.4136800000000003,3.64954,3.71927,45Q-2040-l,500Mt-CostDecrease,EU-15,missing,nuclear,missing,missing,missing,missing,missing,missing,missing,missing,EJ
116,0.625782,0.363025,0.1267863,0.1282251999999999,0.1368525,0.1535685,0.1687662,0.2270834,0.2119392,45Q-2040-l,500Mt-CostDecrease,EU-15,missing,refined liquids,missing,missing,missing,missing,missing,missing,missing,missing,EJ
117,0.0,0.0,0.0172957,0.0845998,0.140705,0.194225,0.247526,0.311412,0.401161,45Q-2040-l,500Mt-CostDecrease,EU-15,missing,rooftop_pv,missing,missing,missing,missing,missing,missing,missing,missing,EJ
118,5.39981e-05,0.00528024,0.660885121,1.1141797370000002,1.5534157570000002,1.901572087,2.235401587,2.606027387,2.857309156,45Q-2040-l,500Mt-CostDecrease,EU-15,missing,solar,missing,missing,missing,missing,missing,missing,missing,missing,EJ
119,0.0028007,0.252577,1.37196693,1.7845156999999998,2.2311858800000004,2.6682125800000005,3.1472420800000003,3.28923925,3.74057649,45Q-2040-l,500Mt-CostDecrease,EU-15,missing,wind,missing,missing,missing,missing,missing,missing,missing,missing,EJ
120,0.0,0.0,0.00195684,0.0029419769999999,0.004587707,0.00603038,0.00754262,0.00797705,0.00779871,45Q-2040-l,500Mt-CostDecrease,Europe_Eastern,missing,biomass,missing,missing,missing,missing,missing,missing,missing,missing,EJ
121,0.4348877,0.18644539,0.245942,0.26236636,0.2763851,0.2804354,0.2796247,0.2743436999999999,0.2678494,45Q-2040-l,500Mt-CostDecrease,Europe_Eastern,missing,coal,missing,missing,missing,missing,missing,missing,missing,missing,EJ
122,0.4511671,0.495011,0.1752319,0.1869702999999999,0.2044728,0.2190929,0.235646,0.255283,0.272664,45Q-2040-l,500Mt-CostDecrease,Europe_Eastern,missing,gas,missing,missing,missing,missing,missing,missing,missing,missing,EJ
123,0.0,0.0,0.00425492,0.00682081,0.0093423,0.0115743,0.0140247,0.0162132,0.0156795,45Q-2040-l,500Mt-CostDecrease,Europe_Eastern,missing,geothermal,missing,missing,missing,missing,missing,missing,missing,missing,EJ
124,0.0388476,0.0459936,0.0215649,0.0223507,0.0231364,0.0239221,0.0247079,0.0254936,0.0262793,45Q-2040-l,500Mt-CostDecrease,Europe_Eastern,missing,hydro,missing,missing,missing,missing,missing,missing,missing,missing,EJ
125,0.274249,0.319512,0.3617486,0.392248,0.433042,0.464909,0.487892,0.5011920000000001,0.510365,45Q-2040-l,500Mt-CostDecrease,Europe_Eastern,missing,nuclear,missing,missing,missing,missing,missing,missing,missing,missing,EJ
126,0.3224719,0.01390075,0.00565071,0.00674775,0.00901556,0.01129907,0.01387292,0.0163118,0.01897655,45Q-2040-l,500Mt-CostDecrease,Europe_Eastern,missing,refined liquids,missing,missing,missing,missing,missing,missing,missing,missing,EJ
127,0.0,0.0,0.00122847,0.0146187,0.0341504,0.0432834,0.0460595,0.0480537,0.0515424,45Q-2040-l,500Mt-CostDecrease,Europe_Eastern,missing,rooftop_pv,missing,missing,missing,missing,missing,missing,missing,missing,EJ
128,0.0,0.0,0.00652446309,0.01633415288,0.03922678268,0.06277787668,0.08789624368,0.11186087568,0.13488820969,45Q-2040-l,500Mt-CostDecrease,Europe_Eastern,missing,solar,missing,missing,missing,missing,missing,missing,missing,missing,EJ
129,0.0,0.000140396,0.0135302091,0.0233788702,0.0412761402,0.0615080291999999,0.0860831042,0.1083666465999999,0.1263186694999999,45Q-2040-l,500Mt-CostDecrease,Europe_Eastern,missing,wind,missing,missing,missing,missing,missing,missing,missing,missing,EJ
130,0.0,4.31994e-05,0.000953285,0.00221959,0.00416833,0.00571291,0.00728691,0.00866567,0.00868293,45Q-2040-l,500Mt-CostDecrease,Europe_Non_EU,missing,biomass,missing,missing,missing,missing,missing,missing,missing,missing,EJ
131,0.231688,0.3113820499999999,0.502963,0.5698902,0.6414761,0.6834328000000001,0.7048201999999999,0.7291989999999999,0.736523,45Q-2040-l,500Mt-CostDecrease,Europe_Non_EU,missing,coal,missing,missing,missing,missing,missing,missing,missing,missing,EJ
132,0.05371337,0.2796833,0.3598525999999999,0.4069984,0.4626708,0.4960028999999999,0.5175787000000001,0.5527082,0.5731824,45Q-2040-l,500Mt-CostDecrease,Europe_Non_EU,missing,gas,missing,missing,missing,missing,missing,missing,missing,missing,EJ
133,0.000287999,0.000338395,0.0168169,0.0233178,0.0314923,0.0380484,0.0434931,0.0412115,0.0438993,45Q-2040-l,500Mt-CostDecrease,Europe_Non_EU,missing,geothermal,missing,missing,missing,missing,missing,missing,missing,missing,EJ
134,0.147445,0.262537,0.365473,0.376134,0.386795,0.397456,0.408117,0.418778,0.429438,45Q-2040-l,500Mt-CostDecrease,Europe_Non_EU,missing,hydro,missing,missing,missing,missing,missing,missing,missing,missing,EJ
135,0.0,0.0,0.0323059,0.0694567,0.113977,0.150518,0.184694,0.226359,0.261356,45Q-2040-l,500Mt-CostDecrease,Europe_Non_EU,missing,nuclear,missing,missing,missing,missing,missing,missing,missing,missing,EJ
136,0.0296832699999999,0.02866045,0.00490678,0.00536326,0.00616146,0.00665027,0.00711036,0.00827722,0.00848989,45Q-2040-l,500Mt-CostDecrease,Europe_Non_EU,missing,refined liquids,missing,missing,missing,missing,missing,missing,missing,missing,EJ
137,0.0,0.0,0.00617497,0.0499399,0.0982218,0.124296,0.144782,0.162993,0.190603,45Q-2040-l,500Mt-CostDecrease,Europe_Non_EU,missing,rooftop_pv,missing,missing,missing,missing,missing,missing,missing,missing,EJ
138,0.0,0.0,0.00511115762,0.02904548923,0.09035150933,0.15099758533,0.20156738833,0.25231975833,0.2867691606999999,45Q-2040-l,500Mt-CostDecrease,Europe_Non_EU,missing,solar,missing,missing,missing,missing,missing,missing,missing,missing,EJ
139,0.0,0.000248396,0.059253491,0.0828139902999999,0.1202822282999999,0.1577826252999999,0.1952168843,0.2008452042,0.2305243363,45Q-2040-l,500Mt-CostDecrease,Europe_Non_EU,missing,wind,missing,missing,missing,missing,missing,missing,missing,missing,EJ
140,0.00165601,0.00277205,0.0103548,0.01654072,0.02013546,0.02236877,0.02376968,0.02432738,0.02555223,45Q-2040-l,500Mt-CostDecrease,European Free Trade Association,missing,biomass,missing,missing,missing,missing,missing,missing,missing,missing,EJ
141,0.000338402,0.000475209,0.00317516,0.005088191,0.006342612,0.00725173,0.00803492,0.00900316,0.01076625,45Q-2040-l,500Mt-CostDecrease,European Free Trade Association,missing,coal,missing,missing,missing,missing,missing,missing,missing,missing,EJ
142,0.000712805,0.00230044,0.00515035,0.00846074,0.01103983,0.01312158,0.0150936999999999,0.01820911,0.02412356,45Q-2040-l,500Mt-CostDecrease,European Free Trade Association,missing,gas,missing,missing,missing,missing,missing,missing,missing,missing,EJ
143,0.00108001,0.00596891,0.0345867,0.0445896,0.0481522,0.0496315,0.0510962,0.0429883,0.0375773,45Q-2040-l,500Mt-CostDecrease,European Free Trade Association,missing,geothermal,missing,missing,missing,missing,missing,missing,missing,missing,EJ
144,0.558752,0.626339,0.681628,0.681628,0.681628,0.681628,0.681628,0.681628,0.681628,45Q-2040-l,500Mt-CostDecrease,European Free Trade Association,missing,hydro,missing,missing,missing,missing,missing,missing,missing,missing,EJ
145,0.0850902,0.0840291,0.1198664,0.149065,0.1646028,0.1717562,0.1742801,0.1769672,0.1871904,45Q-2040-l,500Mt-CostDecrease,European Free Trade Association,missing,nuclear,missing,missing,missing,missing,missing,missing,missing,missing,EJ
146,0.00107641,0.000309606,0.00040802699999999993,0.000511354,0.000488334,0.000473375,0.000449094,0.000449098,0.000502597,45Q-2040-l,500Mt-CostDecrease,European Free Trade Association,missing,refined liquids,missing,missing,missing,missing,missing,missing,missing,missing,EJ
147,0.0,0.0,0.000105631,0.000718145,0.00122291,0.00152096,0.00176848,0.00213085,0.00311269,45Q-2040-l,500Mt-CostDecrease,European Free Trade Association,missing,rooftop_pv,missing,missing,missing,missing,missing,missing,missing,missing,EJ
148,3.60003e-06,7.56014e-05,0.0224161349,0.0521665256,0.0760310698999999,0.0923469288999999,0.1042083558999999,0.1123102348999999,0.1147472980999999,45Q-2040-l,500Mt-CostDecrease,European Free Trade Association,missing,solar,missing,missing,missing,missing,missing,missing,missing,missing,EJ
149,0.0,0.00182523,0.0614014078999999,0.1342416779,0.1988689319,0.2520598319,0.2987161618999999,0.3431655989,0.381474866,45Q-2040-l,500Mt-CostDecrease,European Free Trade Association,missing,wind,missing,missing,missing,missing,missing,missing,missing,missing,EJ
150,0.0,0.017604,0.164967,0.2790282,0.3926549,0.4940529999999999,0.5695509999999999,0.592027,0.56025,45Q-2040-l,500Mt-CostDecrease,India,missing,biomass,missing,missing,missing,missing,missing,missing,missing,missing,EJ
151,0.689896,1.72255,5.49629,7.239702999999999,8.822566,10.13928,11.24589,12.45648,13.6066,45Q-2040-l,500Mt-CostDecrease,India,missing,coal,missing,missing,missing,missing,missing,missing,missing,missing,EJ
152,0.0358497,0.2716814,0.379036,0.576344,0.811585,1.065867,1.33787,1.694012,2.05727,45Q-2040-l,500Mt-CostDecrease,India,missing,gas,missing,missing,missing,missing,missing,missing,missing,missing,EJ
153,0.0,0.0,0.0349137,0.0750215,0.120301,0.158687,0.189555,0.219227,0.232248,45Q-2040-l,500Mt-CostDecrease,India,missing,geothermal,missing,missing,missing,missing,missing,missing,missing,missing,EJ
154,0.257962,0.389236,0.541944,0.592507,0.643069,0.693632,0.744194,0.794756,0.845319,45Q-2040-l,500Mt-CostDecrease,India,missing,hydro,missing,missing,missing,missing,missing,missing,missing,missing,EJ
155,0.0221081,0.0623664,0.267386,0.416498,0.564855,0.6992321,0.8371917,1.0084596,1.1905172000000002,45Q-2040-l,500Mt-CostDecrease,India,missing,nuclear,missing,missing,missing,missing,missing,missing,missing,missing,EJ
156,0.0479244,0.0913176,0.1839315,0.300605,0.427814,0.570005,0.691909,0.838507,0.970355,45Q-2040-l,500Mt-CostDecrease,India,missing,refined liquids,missing,missing,missing,missing,missing,missing,missing,missing,EJ
157,0.0,0.0,0.179104,0.808317,1.33665,2.00918,2.79486,3.63059,4.49709,45Q-2040-l,500Mt-CostDecrease,India,missing,rooftop_pv,missing,missing,missing,missing,missing,missing,missing,missing,EJ
158,0.0,1.08e-05,0.227409195,0.757502835,1.4223501849999998,2.033402425,2.615744825,3.320788125,3.994857594999999,45Q-2040-l,500Mt-CostDecrease,India,missing,solar,missing,missing,missing,missing,missing,missing,missing,missing,EJ
159,0.000115203,0.0223596,0.389861183,0.832104493,1.4504158029999998,2.154125903,2.906771003,3.692151018,4.44396167,45Q-2040-l,500Mt-CostDecrease,India,missing,wind,missing,missing,missing,missing,missing,missing,missing,missing,EJ
160,0.0,7.91986e-05,0.0038654,0.006596268,0.01205745,0.01837641,0.0260013399999999,0.03189016,0.0341387,45Q-2040-l,500Mt-CostDecrease,Indonesia,missing,biomass,missing,missing,missing,missing,missing,missing,missing,missing,EJ
161,0.0351637,0.186451,0.667905,0.8067516,0.9861644,1.146685,1.3073549999999998,1.474787,1.618853,45Q-2040-l,500Mt-CostDecrease,Indonesia,missing,coal,missing,missing,missing,missing,missing,missing,missing,missing,EJ
162,0.0026423195,0.0687084,0.2937778,0.372623,0.505357,0.636385,0.7699819999999999,0.927799,1.061283,45Q-2040-l,500Mt-CostDecrease,Indonesia,missing,gas,missing,missing,missing,missing,missing,missing,missing,missing,EJ
163,0.00404987,0.023774,0.0573158,0.0747997,0.0979378,0.119082,0.139103,0.133151,0.138484,45Q-2040-l,500Mt-CostDecrease,Indonesia,missing,geothermal,missing,missing,missing,missing,missing,missing,missing,missing,EJ
164,0.0205488,0.03861,0.0512443,0.0530209,0.0547976,0.0565743,0.058351,0.0601276,0.0619043,45Q-2040-l,500Mt-CostDecrease,Indonesia,missing,hydro,missing,missing,missing,missing,missing,missing,missing,missing,EJ
165,0.0,0.0,0.00501336,0.0130016,0.0298196,0.0522295,0.0804529,0.11562,0.151754,45Q-2040-l,500Mt-CostDecrease,Indonesia,missing,nuclear,missing,missing,missing,missing,missing,missing,missing,missing,EJ
166,0.0551935,0.141474,0.0831104,0.0973181,0.1419865,0.1876428,0.2338859,0.2713002,0.2917427999999999,45Q-2040-l,500Mt-CostDecrease,Indonesia,missing,refined liquids,missing,missing,missing,missing,missing,missing,missing,missing,EJ
167,0.0,0.0,0.0186126,0.120978,0.197335,0.276734,0.370936,0.467216,0.571211,45Q-2040-l,500Mt-CostDecrease,Indonesia,missing,rooftop_pv,missing,missing,missing,missing,missing,missing,missing,missing,EJ
168,0.0,0.0,0.01021942467,0.04233695807,0.10955747807,0.1807059480699999,0.25941339807,0.35848090897,0.4572883043,45Q-2040-l,500Mt-CostDecrease,Indonesia,missing,solar,missing,missing,missing,missing,missing,missing,missing,missing,EJ
169,0.0,0.0,0.0038766535999999,0.010477278,0.025278268,0.048147415,0.086363884,0.1480990435999999,0.2216880843999999,45Q-2040-l,500Mt-CostDecrease,Indonesia,missing,wind,missing,missing,missing,missing,missing,missing,missing,missing,EJ
170,0.0313952,0.0522352,0.125344,0.1202791,0.11469438,0.10583263,0.09388745,0.07591595,0.05567814,45Q-2040-l,500Mt-CostDecrease,Japan,missing,biomass,missing,missing,missing,missing,missing,missing,missing,missing,EJ
171,0.441664,1.05433,1.4998,1.5542602,1.5718747,1.5303202,1.4732308,1.427538,1.364637,45Q-2040-l,500Mt-CostDecrease,Japan,missing,coal,missing,missing,missing,missing,missing,missing,missing,missing,EJ
172,0.606408,0.89175,1.613763,1.634023,1.630595,1.562728,1.499808,1.492124,1.474465,45Q-2040-l,500Mt-CostDecrease,Japan,missing,gas,missing,missing,missing,missing,missing,missing,missing,missing,EJ
173,0.00626751,0.0116134,0.0179216,0.023001,0.028754,0.0333246,0.0388401,0.0389985,0.0394013,45Q-2040-l,500Mt-CostDecrease,Japan,missing,geothermal,missing,missing,missing,missing,missing,missing,missing,missing,EJ
174,0.386734,0.351482,0.31453,0.315436,0.316342,0.317247,0.318153,0.319059,0.319964,45Q-2040-l,500Mt-CostDecrease,Japan,missing,hydro,missing,missing,missing,missing,missing,missing,missing,missing,EJ
175,0.728169,1.0971,0.0313814,0.0591224999999999,0.1116703,0.1669178,0.2324700999999999,0.3223736,0.3971322,45Q-2040-l,500Mt-CostDecrease,Japan,missing,nuclear,missing,missing,missing,missing,missing,missing,missing,missing,EJ
176,0.900636,0.487908,0.2899828,0.2443180999999999,0.2305220999999999,0.2200251999999999,0.2056779,0.1923022999999999,0.169219,45Q-2040-l,500Mt-CostDecrease,Japan,missing,refined liquids,missing,missing,missing,missing,missing,missing,missing,missing,EJ
177,0.0,0.0,0.00590512,0.0387193,0.0692136,0.0902408,0.0986411,0.129808,0.16145,45Q-2040-l,500Mt-CostDecrease,Japan,missing,rooftop_pv,missing,missing,missing,missing,missing,missing,missing,missing,EJ
178,0.000241197,0.00511192,0.2431559136,0.3443100048999999,0.4611380788999999,0.5399677739,0.6303013138999999,0.6502042739000001,0.6678757803000002,45Q-2040-l,500Mt-CostDecrease,Japan,missing,solar,missing,missing,missing,missing,missing,missing,missing,missing,EJ
179,0.0,0.00630351,0.0411774490999999,0.058095141,0.083918806,0.109734046,0.148944114,0.1932522965999999,0.2346893989,45Q-2040-l,500Mt-CostDecrease,Japan,missing,wind,missing,missing,missing,missing,missing,missing,missing,missing,EJ
180,0.0,0.010965,0.0175966,0.03336198,0.05097655,0.0628411,0.0702323,0.0725788,0.0666944999999999,45Q-2040-l,500Mt-CostDecrease,Mexico,missing,biomass,missing,missing,missing,missing,missing,missing,missing,missing,EJ
181,0.0279849,0.117865,0.137199,0.1606202,0.1878488,0.2088119,0.2247031,0.2462314,0.2658974,45Q-2040-l,500Mt-CostDecrease,Mexico,missing,coal,missing,missing,missing,missing,missing,missing,missing,missing,EJ
182,0.0520532,0.3372945,0.635841,0.740493,0.882244,1.003283,1.11039,1.28011,1.445497,45Q-2040-l,500Mt-CostDecrease,Mexico,missing,gas,missing,missing,missing,missing,missing,missing,missing,missing,EJ
183,0.0184454,0.026275,0.0285215,0.036978,0.0479244,0.0577482,0.0663505,0.0595899,0.0669912,45Q-2040-l,500Mt-CostDecrease,Mexico,missing,geothermal,missing,missing,missing,missing,missing,missing,missing,missing,EJ
184,0.0845208,0.0997524,0.111165,0.111396,0.111626,0.111857,0.112088,0.112319,0.11255,45Q-2040-l,500Mt-CostDecrease,Mexico,missing,hydro,missing,missing,missing,missing,missing,missing,missing,missing,EJ
185,0.0105726,0.0388959,0.04211972,0.0460958,0.0521366,0.0577089,0.0631902,0.0725041999999999,0.082768,45Q-2040-l,500Mt-CostDecrease,Mexico,missing,nuclear,missing,missing,missing,missing,missing,missing,missing,missing,EJ
186,0.223411,0.24595,0.1080981,0.1332531,0.1697782,0.1963211,0.2190034,0.2230766,0.2057535999999999,45Q-2040-l,500Mt-CostDecrease,Mexico,missing,refined liquids,missing,missing,missing,missing,missing,missing,missing,missing,EJ
187,0.0,0.0,0.0268359,0.119699,0.181724,0.228219,0.273025,0.318945,0.376414,45Q-2040-l,500Mt-CostDecrease,Mexico,missing,rooftop_pv,missing,missing,missing,missing,missing,missing,missing,missing,EJ
188,3.59981e-06,3.23983e-05,0.0060706361,0.0350932369099999,0.09897631441,0.16689678941,0.22992056541,0.30624644641,0.3743538038,45Q-2040-l,500Mt-CostDecrease,Mexico,missing,solar,missing,missing,missing,missing,missing,missing,missing,missing,EJ
189,3.59981e-06,6.83963e-05,0.0453005792,0.0753507312,0.1277480982,0.1875363482,0.2527101682,0.3157335516,0.39970223,45Q-2040-l,500Mt-CostDecrease,Mexico,missing,wind,missing,missing,missing,missing,missing,missing,missing,missing,EJ
190,0.0,0.0,0.00266584,0.006654192,0.01407038,0.0222714899999999,0.03084917,0.0359826,0.0370589,45Q-2040-l,500Mt-CostDecrease,Middle East,missing,biomass,missing,missing,missing,missing,missing,missing,missing,missing,EJ
191,0.037911,0.132627,0.119429,0.1311882,0.14596474,0.1576737999999999,0.1676033,0.1765572,0.1844049999999999,45Q-2040-l,500Mt-CostDecrease,Middle East,missing,coal,missing,missing,missing,missing,missing,missing,missing,missing,EJ
192,0.410424,1.37907,2.681573,2.891917,3.29476,3.707780000000001,4.15365,4.6742,5.1795,45Q-2040-l,500Mt-CostDecrease,Middle East,missing,gas,missing,missing,missing,missing,missing,missing,missing,missing,EJ
193,0.0,0.0,0.0110777,0.0247589,0.0419111,0.055667,0.0713613,0.0866339,0.0924063,45Q-2040-l,500Mt-CostDecrease,Middle East,missing,geothermal,missing,missing,missing,missing,missing,missing,missing,missing,EJ
194,0.04293,0.0992016,0.0920567,0.120735,0.149414,0.178093,0.206771,0.23545,0.264129,45Q-2040-l,500Mt-CostDecrease,Middle East,missing,hydro,missing,missing,missing,missing,missing,missing,missing,missing,EJ
195,0.0,0.0,0.02557534,0.04934546,0.09374826,0.14856827,0.20953682,0.2758766,0.34168159,45Q-2040-l,500Mt-CostDecrease,Middle East,missing,nuclear,missing,missing,missing,missing,missing,missing,missing,missing,EJ
196,0.388706,0.71284,1.105038,1.289548,1.674665,2.049952,2.274171,2.3280570000000003,2.307766,45Q-2040-l,500Mt-CostDecrease,Middle East,missing,refined liquids,missing,missing,missing,missing,missing,missing,missing,missing,EJ
197,0.0,0.0,0.356295,0.701277,0.9421,1.15901,1.34921,1.5087,1.67312,45Q-2040-l,500Mt-CostDecrease,Middle East,missing,rooftop_pv,missing,missing,missing,missing,missing,missing,missing,missing,EJ
198,0.0,0.0,0.0355628904499999,0.1076289332,0.2603607377,0.4444292226999999,0.6492140227,0.8670352136999999,1.0600693849999998,45Q-2040-l,500Mt-CostDecrease,Middle East,missing,solar,missing,missing,missing,missing,missing,missing,missing,missing,EJ
199,3.59926e-06,0.000305898,0.0273182509999999,0.079156515,0.1842990949999999,0.318959905,0.4867112050000001,0.683760493,0.8668355160000001,45Q-2040-l,500Mt-CostDecrease,Middle East,missing,wind,missing,missing,missing,missing,missing,missing,missing,missing,EJ
200,0.0,0.0,0.00666894,0.01220999,0.0203551799999999,0.0300757,0.0522336,0.0625942999999999,0.0565366,45Q-2040-l,500Mt-CostDecrease,Pakistan,missing,biomass,missing,missing,missing,missing,missing,missing,missing,missing,EJ
201,0.00013679,0.000464408,0.00532704,0.0091045,0.01338196,0.01804468,0.02797341,0.03652538,0.0405673,45Q-2040-l,500Mt-CostDecrease,Pakistan,missing,coal,missing,missing,missing,missing,missing,missing,missing,missing,EJ
202,0.04560498,0.1486321,0.1664176,0.2020018,0.2458648,0.289106,0.384138,0.453014,0.468914,45Q-2040-l,500Mt-CostDecrease,Pakistan,missing,gas,missing,missing,missing,missing,missing,missing,missing,missing,EJ
203,0.0,0.0,0.0160426,0.0332459,0.0513692,0.0673823,0.096819,0.118594,0.112518,45Q-2040-l,500Mt-CostDecrease,Pakistan,missing,geothermal,missing,missing,missing,missing,missing,missing,missing,missing,EJ
204,0.06093,0.111103,0.131602,0.138525,0.145448,0.152371,0.159295,0.166218,0.173141,45Q-2040-l,500Mt-CostDecrease,Pakistan,missing,hydro,missing,missing,missing,missing,missing,missing,missing,missing,EJ
205,0.00105472,0.00894255,0.0271408,0.0371065,0.0485224,0.06056,0.0864174,0.10707616,0.11517915,45Q-2040-l,500Mt-CostDecrease,Pakistan,missing,nuclear,missing,missing,missing,missing,missing,missing,missing,missing,EJ
206,0.0278907,0.0679259,0.1389178,0.1439062,0.1625937,0.1874679,0.252863,0.2608554,0.2314897,45Q-2040-l,500Mt-CostDecrease,Pakistan,missing,refined liquids,missing,missing,missing,missing,missing,missing,missing,missing,EJ
207,0.0,0.0,0.031332,0.0598062,0.104168,0.178877,0.275669,0.370824,0.46569,45Q-2040-l,500Mt-CostDecrease,Pakistan,missing,rooftop_pv,missing,missing,missing,missing,missing,missing,missing,missing,EJ
208,0.0,0.0,0.0293026485,0.0798454534,0.1401011374,0.2043520073999999,0.3559455873999999,0.4988417713999999,0.54351109,45Q-2040-l,500Mt-CostDecrease,Pakistan,missing,solar,missing,missing,missing,missing,missing,missing,missing,missing,EJ
209,0.0,0.0,0.0322718786399999,0.08004800774,0.1476916707399999,0.22345368474,0.37229510474,0.4926028207000001,0.521679634,45Q-2040-l,500Mt-CostDecrease,Pakistan,missing,wind,missing,missing,missing,missing,missing,missing,missing,missing,EJ
210,0.0,0.0,0.00711017,0.009516336,0.0145300799999999,0.01854974,0.02181543,0.02049374,0.01902626,45Q-2040-l,500Mt-CostDecrease,Russia,missing,biomass,missing,missing,missing,missing,missing,missing,missing,missing,EJ
211,1.315419,1.128482,0.692517,0.7309477,0.7619509999999999,0.7669336,0.7544454,0.7228114999999999,0.6879659,45Q-2040-l,500Mt-CostDecrease,Russia,missing,coal,missing,missing,missing,missing,missing,missing,missing,missing,EJ
212,4.69084,3.0346,1.992976,2.134809,2.366254,2.513661,2.63905,2.76024,2.8502,45Q-2040-l,500Mt-CostDecrease,Russia,missing,gas,missing,missing,missing,missing,missing,missing,missing,missing,EJ
213,0.000100804,0.00147597,0.0303426,0.0469404,0.0691312,0.0888359,0.106956,0.118792,0.108555,45Q-2040-l,500Mt-CostDecrease,Russia,missing,geothermal,missing,missing,missing,missing,missing,missing,missing,missing,EJ
214,0.597301,0.621637,0.646028,0.687281,0.728534,0.769788,0.811041,0.852294,0.893547,45Q-2040-l,500Mt-CostDecrease,Russia,missing,hydro,missing,missing,missing,missing,missing,missing,missing,missing,EJ
215,0.425914,0.537993,0.941127,1.045913,1.188735,1.309983,1.395002,1.427421,1.447465,45Q-2040-l,500Mt-CostDecrease,Russia,missing,nuclear,missing,missing,missing,missing,missing,missing,missing,missing,EJ
216,1.217924,0.1274076,0.0381139,0.0277614999999999,0.0342693,0.0375927999999999,0.040367,0.0368731,0.0371644,45Q-2040-l,500Mt-CostDecrease,Russia,missing,refined liquids,missing,missing,missing,missing,missing,missing,missing,missing,EJ
217,0.0,0.0,0.00068854,0.0128072,0.0563352,0.109951,0.135786,0.144371,0.151088,45Q-2040-l,500Mt-CostDecrease,Russia,missing,rooftop_pv,missing,missing,missing,missing,missing,missing,missing,missing,EJ
218,0.0,0.0,0.0094341196,0.0240376092099999,0.0724902642099999,0.14471174021,0.23096141821,0.30749750121,0.38109272461,45Q-2040-l,500Mt-CostDecrease,Russia,missing,solar,missing,missing,missing,missing,missing,missing,missing,missing,EJ
219,0.0,2.51994e-05,0.071111448,0.1247380769999999,0.2184398169999999,0.321853867,0.438464187,0.5424150350000001,0.5839769849999998,45Q-2040-l,500Mt-CostDecrease,Russia,missing,wind,missing,missing,missing,missing,missing,missing,missing,missing,EJ
220,0.0,0.000932388,0.00152269,0.002422152,0.004277347,0.00558293,0.0075129,0.0092635499999999,0.01002955,45Q-2040-l,500Mt-CostDecrease,South Africa,missing,biomass,missing,missing,missing,missing,missing,missing,missing,missing,EJ
221,0.561322,0.824681,0.8842,0.9440443,1.0040865,1.0094824,0.9971884,0.98985,0.981099,45Q-2040-l,500Mt-CostDecrease,South Africa,missing,coal,missing,missing,missing,missing,missing,missing,missing,missing,EJ
222,0.0,0.0,0.0009823253,0.0018181847,0.0031808679,0.0042742301,0.0055797897,0.007546049,0.009534692,45Q-2040-l,500Mt-CostDecrease,South Africa,missing,gas,missing,missing,missing,missing,missing,missing,missing,missing,EJ
223,0.0,0.0,0.00361271,0.00774017,0.0122044,0.0146226,0.0166947,0.0185617,0.0191268,45Q-2040-l,500Mt-CostDecrease,South Africa,missing,geothermal,missing,missing,missing,missing,missing,missing,missing,missing,EJ
224,0.003636,0.0047952,0.0033725,0.0038614,0.0043503,0.0048392,0.0053281,0.005817,0.0063059,45Q-2040-l,500Mt-CostDecrease,South Africa,missing,hydro,missing,missing,missing,missing,missing,missing,missing,missing,EJ
225,0.0304158,0.0406543,0.041244164,0.0427982,0.0479721,0.0523234,0.0572364,0.0654233,0.0751916,45Q-2040-l,500Mt-CostDecrease,South Africa,missing,nuclear,missing,missing,missing,missing,missing,missing,missing,missing,EJ
226,0.0,0.0,0.0003938316,0.000401017,0.000561333,0.000639912,0.00080772,0.001027128,0.001175218,45Q-2040-l,500Mt-CostDecrease,South Africa,missing,refined liquids,missing,missing,missing,missing,missing,missing,missing,missing,EJ
227,0.0,0.0,0.00903886,0.0458919,0.0681737,0.092428,0.121967,0.156259,0.192882,45Q-2040-l,500Mt-CostDecrease,South Africa,missing,rooftop_pv,missing,missing,missing,missing,missing,missing,missing,missing,EJ
228,0.0,0.0,0.0244500603,0.0749518817999999,0.1588739335999999,0.2112249175999999,0.2541707315999999,0.2950926115999999,0.3319945745999999,45Q-2040-l,500Mt-CostDecrease,South Africa,missing,solar,missing,missing,missing,missing,missing,missing,missing,missing,EJ
229,0.0,4.31995e-05,0.0176691064,0.0338208907999999,0.0651537808,0.0948029668,0.1315782668,0.1744810644,0.2221423464,45Q-2040-l,500Mt-CostDecrease,South Africa,missing,wind,missing,missing,missing,missing,missing,missing,missing,missing,EJ
230,6.07703e-05,9.18619e-05,1.66797e-05,1.17111e-05,6.70452e-06,4.18662e-06,0.0003172663,0.000667974,0.0008024760000000001,45Q-2040-l,500Mt-CostDecrease,South America_Northern,missing,biomass,missing,missing,missing,missing,missing,missing,missing,missing,EJ
231,0.0,0.0,0.0,0.0,0.0,0.0,0.0001115765,0.0003074258,0.000529635,45Q-2040-l,500Mt-CostDecrease,South America_Northern,missing,coal,missing,missing,missing,missing,missing,missing,missing,missing,EJ
232,0.0558832,0.0543899,0.044408,0.0398616,0.0476632,0.05066,0.0680038,0.0996436,0.1357139,45Q-2040-l,500Mt-CostDecrease,South America_Northern,missing,gas,missing,missing,missing,missing,missing,missing,missing,missing,EJ
233,0.0,0.0,0.0,0.0,0.0,0.0,0.00219942,0.00577976,0.00940404,45Q-2040-l,500Mt-CostDecrease,South America_Northern,missing,geothermal,missing,missing,missing,missing,missing,missing,missing,missing,EJ
234,0.134775,0.282745,0.138205,0.140333,0.198038,0.264847,0.303156,0.308828,0.3145,45Q-2040-l,500Mt-CostDecrease,South America_Northern,missing,hydro,missing,missing,missing,missing,missing,missing,missing,missing,EJ
235,0.0,0.0,0.0,0.0,0.0,0.0,0.000398152,0.00159515,0.00332296,45Q-2040-l,500Mt-CostDecrease,South America_Northern,missing,nuclear,missing,missing,missing,missing,missing,missing,missing,missing,EJ
236,0.0469143,0.0859248,0.0311599,0.0263457,0.0241805,0.0216343,0.0335903,0.0436533,0.04454374,45Q-2040-l,500Mt-CostDecrease,South America_Northern,missing,refined liquids,missing,missing,missing,missing,missing,missing,missing,missing,EJ
237,0.0,0.0,0.0160949,0.0322634,0.046958,0.0619748,0.0728077,0.0814782,0.0906901,45Q-2040-l,500Mt-CostDecrease,South America_Northern,missing,rooftop_pv,missing,missing,missing,missing,missing,missing,missing,missing,EJ
238,0.0,5.31994e-05,2.99232e-05,2.97816e-05,4.12108e-05,5.40627e-05,0.0050761488,0.013707307,0.022732451,45Q-2040-l,500Mt-CostDecrease,South America_Northern,missing,solar,missing,missing,missing,missing,missing,missing,missing,missing,EJ
239,0.0,0.000196298,0.000235491,0.000234377,0.000324323,0.000425465,0.009401209,0.024831434,0.042093131,45Q-2040-l,500Mt-CostDecrease,South America_Northern,missing,wind,missing,missing,missing,missing,missing,missing,missing,missing,EJ
240,0.000737983,0.0020193,0.0183245,0.02954991,0.04214717,0.04992745,0.055783,0.0553009999999999,0.0489771,45Q-2040-l,500Mt-CostDecrease,South America_Southern,missing,biomass,missing,missing,missing,missing,missing,missing,missing,missing,EJ
241,0.0234895,0.0288533,0.145194,0.1827135,0.227301,0.2619664,0.2939145999999999,0.331185,0.3658953,45Q-2040-l,500Mt-CostDecrease,South America_Southern,missing,coal,missing,missing,missing,missing,missing,missing,missing,missing,EJ
242,0.004762685,0.0806353,0.2061493999999999,0.2616119999999999,0.3388919999999999,0.402794,0.464046,0.540161,0.608104,45Q-2040-l,500Mt-CostDecrease,South America_Southern,missing,gas,missing,missing,missing,missing,missing,missing,missing,missing,EJ
243,0.0,0.0,0.00242685,0.00695107,0.0150573,0.0237785,0.033748,0.0461427,0.0562471,45Q-2040-l,500Mt-CostDecrease,South America_Southern,missing,geothermal,missing,missing,missing,missing,missing,missing,missing,missing,EJ
244,0.215035,0.400529,0.506588,0.555399,0.604211,0.653023,0.701835,0.750646,0.799458,45Q-2040-l,500Mt-CostDecrease,South America_Southern,missing,hydro,missing,missing,missing,missing,missing,missing,missing,missing,EJ
245,0.0,0.0,0.0,0.000621855,0.00219359,0.00423753,0.00805157,0.0145493,0.0226807,45Q-2040-l,500Mt-CostDecrease,South America_Southern,missing,nuclear,missing,missing,missing,missing,missing,missing,missing,missing,EJ
246,0.0240474,0.0373697,0.063294,0.0789826,0.1079738,0.1272176,0.1415005,0.1556965,0.1636281,45Q-2040-l,500Mt-CostDecrease,South America_Southern,missing,refined liquids,missing,missing,missing,missing,missing,missing,missing,missing,EJ
247,0.0,0.0,0.0159361,0.0782758,0.122289,0.15819,0.192288,0.226503,0.264241,45Q-2040-l,500Mt-CostDecrease,South America_Southern,missing,rooftop_pv,missing,missing,missing,missing,missing,missing,missing,missing,EJ
248,0.0,0.0,0.0184875147199999,0.0490645859,0.1012009357,0.1478269487,0.1917753147,0.2356222247,0.2698029916,45Q-2040-l,500Mt-CostDecrease,South America_Southern,missing,solar,missing,missing,missing,missing,missing,missing,missing,missing,EJ
249,0.0,2.87957e-05,0.0333937707,0.0556927477,0.0927114766999999,0.1322232136999999,0.1793964837,0.2274960992999999,0.284424103,45Q-2040-l,500Mt-CostDecrease,South America_Southern,missing,wind,missing,missing,missing,missing,missing,missing,missing,missing,EJ
250,5.53668e-05,1.43999e-05,0.00234921,0.00515506,0.00857398,0.0120750599999999,0.01639695,0.01858795,0.01978577,45Q-2040-l,500Mt-CostDecrease,South Asia,missing,biomass,missing,missing,missing,missing,missing,missing,missing,missing,EJ
251,0.0,0.00142162,0.0594951,0.08718443,0.1136181,0.1374004,0.1624256,0.1860072,0.2122665,45Q-2040-l,500Mt-CostDecrease,South Asia,missing,coal,missing,missing,missing,missing,missing,missing,missing,missing,EJ
252,0.02345262,0.0875404,0.2965974,0.3939269999999999,0.508935,0.638336,0.7943370000000001,0.951387,1.12461,45Q-2040-l,500Mt-CostDecrease,South Asia,missing,gas,missing,missing,missing,missing,missing,missing,missing,missing,EJ
253,0.0,0.0,0.00765628,0.019604,0.0335487,0.0470089,0.0603962,0.0712721,0.0767202,45Q-2040-l,500Mt-CostDecrease,South Asia,missing,geothermal,missing,missing,missing,missing,missing,missing,missing,missing,EJ
254,0.0264292,0.0437314,0.102613,0.11081,0.119006,0.127202,0.135398,0.143594,0.15179,45Q-2040-l,500Mt-CostDecrease,South Asia,missing,hydro,missing,missing,missing,missing,missing,missing,missing,missing,EJ
255,0.0,0.0,0.004421,0.0130768,0.0262151,0.0427115,0.0633579,0.0859578,0.113629,45Q-2040-l,500Mt-CostDecrease,South Asia,missing,nuclear,missing,missing,missing,missing,missing,missing,missing,missing,EJ
256,0.00849438,0.0423369,0.074498,0.0819044999999999,0.0867208,0.092709,0.0992368999999999,0.1014307,0.1090891,45Q-2040-l,500Mt-CostDecrease,South Asia,missing,refined liquids,missing,missing,missing,missing,missing,missing,missing,missing,EJ
257,0.0,0.0,0.013535,0.0573581,0.0863782,0.120356,0.163996,0.215831,0.280009,45Q-2040-l,500Mt-CostDecrease,South Asia,missing,rooftop_pv,missing,missing,missing,missing,missing,missing,missing,missing,EJ
258,0.0,0.000485897,0.01458039783,0.05863221926,0.12577956336,0.19921359836,0.28343519836,0.36846096136,0.4571315910999999,45Q-2040-l,500Mt-CostDecrease,South Asia,missing,solar,missing,missing,missing,missing,missing,missing,missing,missing,EJ
259,0.0,4.77997e-05,0.0291761932,0.0880160141999999,0.1772572831999999,0.2827757632,0.4113444131999999,0.5451655629000001,0.679174754,45Q-2040-l,500Mt-CostDecrease,South Asia,missing,wind,missing,missing,missing,missing,missing,missing,missing,missing,EJ
260,0.0,0.000162004,0.00944922,0.010424081,0.01145811,0.0116190099999999,0.01158877,0.01051615,0.00884912,45Q-2040-l,500Mt-CostDecrease,South Korea,missing,biomass,missing,missing,missing,missing,missing,missing,missing,missing,EJ
261,0.0423734,0.482672,0.858874,0.9174354,0.962939,0.9594157,0.9249543,0.8781112999999999,0.8234,45Q-2040-l,500Mt-CostDecrease,South Korea,missing,coal,missing,missing,missing,missing,missing,missing,missing,missing,EJ
262,0.03457549,0.2130647,0.4472127899999999,0.4725831199999999,0.49409309,0.4875396,0.46829674,0.45152653,0.43498499,45Q-2040-l,500Mt-CostDecrease,South Korea,missing,gas,missing,missing,missing,missing,missing,missing,missing,missing,EJ
263,0.0228996,0.0132228,0.0108408,0.013956,0.0170712,0.0201864,0.0233017,0.0264169,0.0295321,45Q-2040-l,500Mt-CostDecrease,South Korea,missing,hydro,missing,missing,missing,missing,missing,missing,missing,missing,EJ
264,0.190399,0.528419,0.702717,0.797525,0.8931450000000001,0.936223,0.946513,0.946631,0.934964,45Q-2040-l,500Mt-CostDecrease,South Korea,missing,nuclear,missing,missing,missing,missing,missing,missing,missing,missing,EJ
265,0.0678874,0.0757497,0.0291933999999999,0.0281318,0.0285134599999999,0.02805028,0.027496,0.02749,0.0271049999999999,45Q-2040-l,500Mt-CostDecrease,South Korea,missing,refined liquids,missing,missing,missing,missing,missing,missing,missing,missing,EJ
266,0.0,0.0,0.00589658,0.0490704,0.097151,0.120207,0.129484,0.137729,0.145475,45Q-2040-l,500Mt-CostDecrease,South Korea,missing,rooftop_pv,missing,missing,missing,missing,missing,missing,missing,missing,EJ
267,3.60012e-06,5.40015e-05,0.0288680254899999,0.06824691109,0.14781439649,0.21082009849,0.25729422149,0.28550382149,0.3053529329999999,45Q-2040-l,500Mt-CostDecrease,South Korea,missing,solar,missing,missing,missing,missing,missing,missing,missing,missing,EJ
268,0.0,0.000468013,0.0118581621,0.0239169935,0.0455138175,0.0665746835,0.0880063525,0.1085568395,0.1262161734,45Q-2040-l,500Mt-CostDecrease,South Korea,missing,wind,missing,missing,missing,missing,missing,missing,missing,missing,EJ
269,0.00221114,0.00917245,0.0447697,0.06032472,0.0794750999999999,0.0946405,0.1093723,0.1100635,0.1021733,45Q-2040-l,500Mt-CostDecrease,Southeast Asia,missing,biomass,missing,missing,missing,missing,missing,missing,missing,missing,EJ
270,0.104593,0.279399,1.02953,1.2599465,1.503325,1.7027070000000002,1.888315,2.085499,2.287383,45Q-2040-l,500Mt-CostDecrease,Southeast Asia,missing,coal,missing,missing,missing,missing,missing,missing,missing,missing,EJ
271,0.0916145,0.806327,1.470668,1.686242,1.956606,2.165463,2.356112,2.571873,2.782816,45Q-2040-l,500Mt-CostDecrease,Southeast Asia,missing,gas,missing,missing,missing,missing,missing,missing,missing,missing,EJ
272,0.0196808,0.035653,0.0675127,0.0930064,0.12292,0.149656,0.17468,0.172225,0.181601,45Q-2040-l,500Mt-CostDecrease,Southeast Asia,missing,geothermal,missing,missing,missing,missing,missing,missing,missing,missing,EJ
273,0.141419,0.200242,0.42751,0.443456,0.459402,0.475347,0.491293,0.507239,0.523185,45Q-2040-l,500Mt-CostDecrease,Southeast Asia,missing,hydro,missing,missing,missing,missing,missing,missing,missing,missing,EJ
274,0.0,0.0,0.0132545,0.0317673,0.0621249,0.0985556,0.142511,0.197869,0.261901,45Q-2040-l,500Mt-CostDecrease,Southeast Asia,missing,nuclear,missing,missing,missing,missing,missing,missing,missing,missing,EJ
275,0.191671,0.116593,0.055115,0.0646158,0.08761,0.1079633,0.1268012,0.1446614,0.1573901,45Q-2040-l,500Mt-CostDecrease,Southeast Asia,missing,refined liquids,missing,missing,missing,missing,missing,missing,missing,missing,EJ
276,0.0,0.0,0.0260444,0.211372,0.349112,0.452242,0.561267,0.689052,0.840395,45Q-2040-l,500Mt-CostDecrease,Southeast Asia,missing,rooftop_pv,missing,missing,missing,missing,missing,missing,missing,missing,EJ
277,0.0,0.00026579,0.0477855117,0.1516809105,0.3353726184999999,0.5162034805,0.6903986304999999,0.8633532305,1.0182032542,45Q-2040-l,500Mt-CostDecrease,Southeast Asia,missing,solar,missing,missing,missing,missing,missing,missing,missing,missing,EJ
278,0.0,8.46967e-05,0.0464228317,0.1230017966999999,0.2625913667,0.4346963167,0.6468900466999999,0.9073748947,1.167070105,45Q-2040-l,500Mt-CostDecrease,Southeast Asia,missing,wind,missing,missing,missing,missing,missing,missing,missing,missing,EJ
279,0.0,0.0118312,0.0164062,0.0171889899999999,0.01768943,0.01747998,0.0172869,0.01499767,0.0121867,45Q-2040-l,500Mt-CostDecrease,Taiwan,missing,biomass,missing,missing,missing,missing,missing,missing,missing,missing,EJ
280,0.07806,0.333203,0.464698,0.5263842999999999,0.5724001999999999,0.5899352,0.5925084,0.5918405,0.5894969,45Q-2040-l,500Mt-CostDecrease,Taiwan,missing,coal,missing,missing,missing,missing,missing,missing,missing,missing,EJ
281,0.00372606,0.1302439,0.3733981,0.4212127999999999,0.4600216,0.47406,0.4785519,0.4872313,0.4951713,45Q-2040-l,500Mt-CostDecrease,Taiwan,missing,gas,missing,missing,missing,missing,missing,missing,missing,missing,EJ
282,1.08002e-05,0.0,0.00241883,0.00386626,0.00539764,0.00636483,0.00728142,0.00820404,0.00813727,45Q-2040-l,500Mt-CostDecrease,Taiwan,missing,geothermal,missing,missing,missing,missing,missing,missing,missing,missing,EJ
283,0.0229716,0.0143496,0.0168527,0.0176134,0.0183741,0.0191348,0.0198955,0.0206562,0.0214169,45Q-2040-l,500Mt-CostDecrease,Taiwan,missing,hydro,missing,missing,missing,missing,missing,missing,missing,missing,EJ
284,0.118319,0.143918,0.1252869399999999,0.12373692,0.1210986,0.1149826,0.1058167,0.0957732,0.086186,45Q-2040-l,500Mt-CostDecrease,Taiwan,missing,nuclear,missing,missing,missing,missing,missing,missing,missing,missing,EJ
285,0.0780744,0.0395548,0.04215752,0.0375736,0.0379508999999999,0.0380455,0.0381452,0.0386189,0.03846,45Q-2040-l,500Mt-CostDecrease,Taiwan,missing,refined liquids,missing,missing,missing,missing,missing,missing,missing,missing,EJ
286,0.0,0.0,0.00198447,0.0215112,0.0451095,0.0561789,0.0608528,0.062965,0.0668645,45Q-2040-l,500Mt-CostDecrease,Taiwan,missing,rooftop_pv,missing,missing,missing,missing,missing,missing,missing,missing,EJ
287,0.0,3.60048e-06,0.01459848043,0.0373184841299999,0.0783447867299999,0.11248495473,0.14086985373,0.16824691873,0.1896934954,45Q-2040-l,500Mt-CostDecrease,Taiwan,missing,solar,missing,missing,missing,missing,missing,missing,missing,missing,EJ
288,0.0,0.000327643,0.0193479645,0.0325008495,0.0494721705,0.0645444285,0.0799169365,0.0940246774,0.103336742,45Q-2040-l,500Mt-CostDecrease,Taiwan,missing,wind,missing,missing,missing,missing,missing,missing,missing,missing,EJ
289,0.0003852,0.0046332,0.00881074,0.0100631909999999,0.01062383,0.01047197,0.00979491,0.00789421,0.00647989,45Q-2040-l,500Mt-CostDecrease,Argentina,missing,biomass,missing,missing,missing,missing,missing,missing,missing,missing,EJ
290,0.002376,0.007848,0.0156592,0.019225475,0.0224542199999999,0.0246671,0.02606358,0.02692718,0.0278567399999999,45Q-2040-l,500Mt-CostDecrease,Argentina,missing,coal,missing,missing,missing,missing,missing,missing,missing,missing,EJ
291,0.0715392,0.1991737,0.30368,0.369508,0.441829,0.501416,0.551816,0.598862,0.648206,45Q-2040-l,500Mt-CostDecrease,Argentina,missing,gas,missing,missing,missing,missing,missing,missing,missing,missing,EJ
292,0.0,0.0,0.00301912,0.00871899,0.0165736,0.024293,0.0314684,0.0380963,0.0423386,45Q-2040-l,500Mt-CostDecrease,Argentina,missing,geothermal,missing,missing,missing,missing,missing,missing,missing,missing,EJ
293,0.0643536,0.122414,0.141161,0.145383,0.149604,0.153825,0.158046,0.162267,0.166488,45Q-2040-l,500Mt-CostDecrease,Argentina,missing,hydro,missing,missing,missing,missing,missing,missing,missing,missing,EJ
294,0.0262116,0.0247428,0.02750028,0.0308531,0.0344603,0.0370801,0.0388837,0.0401402,0.0418903699999999,45Q-2040-l,500Mt-CostDecrease,Argentina,missing,nuclear,missing,missing,missing,missing,missing,missing,missing,missing,EJ
295,0.0177984,0.0206856,0.083721,0.0932523,0.1009436,0.1035962,0.1022383,0.09824,0.0894807,45Q-2040-l,500Mt-CostDecrease,Argentina,missing,refined liquids,missing,missing,missing,missing,missing,missing,missing,missing,EJ
296,0.0,0.0,0.00959824,0.046805,0.0688311,0.0806518,0.0886304,0.095549,0.104822,45Q-2040-l,500Mt-CostDecrease,Argentina,missing,rooftop_pv,missing,missing,missing,missing,missing,missing,missing,missing,EJ
297,0.0,0.0,0.00324084792,0.01803317423,0.04717263683,0.07827781903,0.10670197503,0.1319751228299999,0.1542514132999999,45Q-2040-l,500Mt-CostDecrease,Argentina,missing,solar,missing,missing,missing,missing,missing,missing,missing,missing,EJ
298,0.0,0.00027,0.0129627703999999,0.0373017854,0.0768590124,0.1204346264,0.1641841864,0.2053250588,0.243359914,45Q-2040-l,500Mt-CostDecrease,Argentina,missing,wind,missing,missing,missing,missing,missing,missing,missing,missing,EJ
299,0.000986395,0.0018108,0.00595599,0.00736225,0.008906919,0.01027136,0.01156251,0.01165691,0.01082261,45Q-2040-l,500Mt-CostDecrease,Colombia,missing,biomass,missing,missing,missing,missing,missing,missing,missing,missing,EJ
300,0.0133487,0.00888838,0.0340958,0.04522228,0.05806231,0.0702367,0.0829313,0.0968686,0.1110805,45Q-2040-l,500Mt-CostDecrease,Colombia,missing,coal,missing,missing,missing,missing,missing,missing,missing,missing,EJ
301,0.01619631,0.0266363,0.0819728,0.1125424999999999,0.1520955,0.1899379,0.2289068,0.2738444,0.3175691,45Q-2040-l,500Mt-CostDecrease,Colombia,missing,gas,missing,missing,missing,missing,missing,missing,missing,missing,EJ
302,0.0,0.0,0.000749276,0.00272894,0.00616553,0.010348,0.0152864,0.0208825,0.0258873,45Q-2040-l,500Mt-CostDecrease,Colombia,missing,geothermal,missing,missing,missing,missing,missing,missing,missing,missing,EJ
303,0.0989892,0.143291,0.184503,0.194161,0.203819,0.213477,0.223135,0.232793,0.242451,45Q-2040-l,500Mt-CostDecrease,Colombia,missing,hydro,missing,missing,missing,missing,missing,missing,missing,missing,EJ
304,0.0,0.0,0.0,0.0,0.0,0.0,0.0014583,0.00474562,0.00982603,45Q-2040-l,500Mt-CostDecrease,Colombia,missing,nuclear,missing,missing,missing,missing,missing,missing,missing,missing,EJ
305,0.00136439,0.000410399,0.0128260299999999,0.02057541,0.0307197,0.0408977,0.0496266999999999,0.0561889,0.062646,45Q-2040-l,500Mt-CostDecrease,Colombia,missing,refined liquids,missing,missing,missing,missing,missing,missing,missing,missing,EJ
306,0.0,0.0,0.00355274,0.0278351,0.0474392,0.062257,0.0762371,0.0900945,0.105553,45Q-2040-l,500Mt-CostDecrease,Colombia,missing,rooftop_pv,missing,missing,missing,missing,missing,missing,missing,missing,EJ
307,0.0,0.0,0.00063020448,0.00471471089,0.0142403593899999,0.02633887979,0.04057482579,0.05797857979,0.07697529035,45Q-2040-l,500Mt-CostDecrease,Colombia,missing,solar,missing,missing,missing,missing,missing,missing,missing,missing,EJ
308,0.0,0.0001764,0.00216500569,0.00801599809,0.01944777809,0.03511231809,0.05663354609,0.0860200369899999,0.1205361874,45Q-2040-l,500Mt-CostDecrease,Colombia,missing,wind,missing,missing,missing,missing,missing,missing,missing,missing,EJ
309,0.0,0.0,0.000127643,0.00012922234,0.00026328834000000003,0.00060918034,0.00082558234,0.00110060934,0.00110211834,45Q-2040-l,500Mt-CostDecrease,AL,missing,PV_base_storage,missing,missing,missing,missing,missing,missing,missing,missing,EJ
310,0.0,0.0,0.00954835,0.01563268,0.04331488,0.07745018,0.09623028,0.13989598,0.17684233,45Q-2040-l,500Mt-CostDecrease,AL,missing,PV_int,missing,missing,missing,missing,missing,missing,missing,missing,EJ
311,0.0,0.0,0.000552943,0.000817472,0.0016413019999999,0.0023258989999999,0.0027028549999999,0.0037274749999999,0.004671292,45Q-2040-l,500Mt-CostDecrease,AL,missing,PV_peak,missing,missing,missing,missing,missing,missing,missing,missing,EJ
312,0.0,0.0,0.00309517,0.00472933,0.0099355,0.01449721,0.01718942,0.02574493,0.03230509,45Q-2040-l,500Mt-CostDecrease,AL,missing,PV_subpeak,missing,missing,missing,missing,missing,missing,missing,missing,EJ
313,0.0,0.0,0.000484646,1.209259e-05,0.000572358941,0.00155841946,0.001119776737,0.0012660148710999,0.0005656252836899999,45Q-2040-l,500Mt-CostDecrease,AL,missing,biogas_base_CC,missing,missing,missing,missing,missing,missing,missing,missing,EJ
314,0.0,0.0,0.0,3.37687e-06,0.0003940881635,0.001522107378,0.001241944947,0.0018569922961999,0.00091831721699,45Q-2040-l,500Mt-CostDecrease,AL,missing,biogas_base_CC_CCS,missing,missing,missing,missing,missing,missing,missing,missing,EJ
315,0.0,0.0,0.000345077,0.0001461345,0.00058455066,0.0013109539,0.001383908,0.0032755169,0.0041620953999999,45Q-2040-l,500Mt-CostDecrease,AL,missing,biogas_int_CC,missing,missing,missing,missing,missing,missing,missing,missing,EJ
316,0.0,0.0,0.0,5.01766e-05,0.00026664164,0.0007729263,0.0009548101,0.0028638392999999,0.0046226494,45Q-2040-l,500Mt-CostDecrease,AL,missing,biogas_int_CC_CCS,missing,missing,missing,missing,missing,missing,missing,missing,EJ
317,0.0,0.0,4.95474e-07,2.181529e-07,6.3237476e-07,9.560864e-07,9.146293e-07,2.5337752e-06,3.8718989e-06,45Q-2040-l,500Mt-CostDecrease,AL,missing,biogas_peak_CC,missing,missing,missing,missing,missing,missing,missing,missing,EJ
318,0.0,0.0,0.0,3.06458e-08,9.6474309e-08,1.5770338000000002e-07,1.7151947e-07,5.468842e-07,9.824943e-07,45Q-2040-l,500Mt-CostDecrease,AL,missing,biogas_peak_CC_CCS,missing,missing,missing,missing,missing,missing,missing,missing,EJ
319,0.0,0.0,4.6447380000000005e-07,1.87026132e-07,5.40257382e-07,7.522219240000001e-07,5.772427030000001e-07,1.8193154370000003e-06,2.6947526920000004e-06,45Q-2040-l,500Mt-CostDecrease,AL,missing,biogas_peak_steam/CT,missing,missing,missing,missing,missing,missing,missing,missing,EJ
320,0.0,0.0,1.28835e-05,6.098791e-06,1.7612337000000002e-05,2.8585967e-05,3.0795171e-05,9.295185e-05,0.0001195759,45Q-2040-l,500Mt-CostDecrease,AL,missing,biogas_subpeak_CC,missing,missing,missing,missing,missing,missing,missing,missing,EJ
321,0.0,0.0,0.0,1.15658e-06,3.9068019e-06,7.237653e-06,8.891797e-06,3.1326002e-05,5.1088926e-05,45Q-2040-l,500Mt-CostDecrease,AL,missing,biogas_subpeak_CC_CCS,missing,missing,missing,missing,missing,missing,missing,missing,EJ
322,0.0,0.0,8.79056e-06,3.75591911e-06,1.113590177e-05,1.643382535e-05,1.3752286599999998e-05,4.95175284e-05,5.717305320000001e-05,45Q-2040-l,500Mt-CostDecrease,AL,missing,biogas_subpeak_steam/CT,missing,missing,missing,missing,missing,missing,missing,missing,EJ
323,0.0,0.0,8.30353e-05,6.2876708e-05,0.000147669059,0.000467029506,0.00069748379,0.00101211438,0.00046363459968,45Q-2040-l,500Mt-CostDecrease,AL,missing,biomass_base_IGCC,missing,missing,missing,missing,missing,missing,missing,missing,EJ
324,0.0,0.0,0.0,4.62777e-07,7.645167700000001e-05,0.001008800276,0.0018560512759999,0.008587534285,0.015239834308,45Q-2040-l,500Mt-CostDecrease,AL,missing,biomass_base_IGCC_CCS,missing,missing,missing,missing,missing,missing,missing,missing,EJ
325,0.003252212,0.0004645029,0.00023397576,0.00022557355,0.00041945924,0.00087954164,0.0010945861999999,0.001176676136,0.0005299282335,45Q-2040-l,500Mt-CostDecrease,AL,missing,biomass_base_conv,missing,missing,missing,missing,missing,missing,missing,missing,EJ
326,0.0,0.0,0.0,5.18544e-07,0.000111298382,0.002598929536,0.004865278534,0.061579009112,0.156962521531,45Q-2040-l,500Mt-CostDecrease,AL,missing,biomass_base_conv_CCS,missing,missing,missing,missing,missing,missing,missing,missing,EJ
327,0.0,0.0,2.237113e-05,2.6009680000000005e-05,4.397093e-05,8.982711e-05,0.00012846136,0.00025563958,0.00041174451,45Q-2040-l,500Mt-CostDecrease,AL,missing,biomass_int_IGCC,missing,missing,missing,missing,missing,missing,missing,missing,EJ
328,0.0,0.0,0.0,2.2962200000000003e-06,1.3058541e-05,5.1606539e-05,8.731503900000001e-05,0.000257433441,0.000508795815,45Q-2040-l,500Mt-CostDecrease,AL,missing,biomass_int_IGCC_CCS,missing,missing,missing,missing,missing,missing,missing,missing,EJ
329,0.003252189,0.0004645029,0.0002965369,0.000341714,0.0003448948999999999,0.0005044731000000001,0.0005528545,0.0007413218000000001,0.0009470223,45Q-2040-l,500Mt-CostDecrease,AL,missing,biomass_int_conv,missing,missing,missing,missing,missing,missing,missing,missing,EJ
330,0.0,0.0,0.0,3.43214e-06,2.16278e-05,0.00010033142,0.00017201542,0.00057650684,0.00119002063,45Q-2040-l,500Mt-CostDecrease,AL,missing,biomass_int_conv_CCS,missing,missing,missing,missing,missing,missing,missing,missing,EJ
331,0.0,0.0,0.0,2.068302e-05,0.00137696797,0.00468360314,0.00692032695,0.00920225947,0.00610501107,45Q-2040-l,500Mt-CostDecrease,AL,missing,coal_base_IGCC_CCS,missing,missing,missing,missing,missing,missing,missing,missing,EJ
332,0.068483729,0.122116885,0.0,0.0,0.0,0.0,0.0,0.0,0.0,45Q-2040-l,500Mt-CostDecrease,AL,missing,coal_base_conv pul,missing,missing,missing,missing,missing,missing,missing,missing,EJ
333,0.0,0.0,0.0,0.0,0.0,0.0,0.0,0.0,0.0,45Q-2040-l,500Mt-CostDecrease,AL,missing,coal_base_conv pul 1956-1960,missing,missing,missing,missing,missing,missing,missing,missing,EJ
334,0.0,0.0,0.0027968524999999,0.0027788151,0.0019805606,0.00031972309,0.000173280531,0.0,0.0,45Q-2040-l,500Mt-CostDecrease,AL,missing,coal_base_conv pul 1966-1970,missing,missing,missing,missing,missing,missing,missing,missing,EJ
335,0.0,0.0,0.033360746,0.032974288,0.0229873583999999,0.0034205005,0.0015334875,0.0,0.0,45Q-2040-l,500Mt-CostDecrease,AL,missing,coal_base_conv pul 1971-1975,missing,missing,missing,missing,missing,missing,missing,missing,EJ
336,0.0,0.0,0.0170065113,0.0168094861,0.0117183848,0.00174369094,0.00078173562,0.0,0.0,45Q-2040-l,500Mt-CostDecrease,AL,missing,coal_base_conv pul 1976-1980,missing,missing,missing,missing,missing,missing,missing,missing,EJ
337,0.0,0.0,0.0121727649999999,0.0121711075,0.0089201405,0.00161738814,0.00130610516,4.2082054e-05,1.88266643e-06,45Q-2040-l,500Mt-CostDecrease,AL,missing,coal_base_conv pul 1981-1985,missing,missing,missing,missing,missing,missing,missing,missing,EJ
338,0.0,0.0,0.0180520146,0.0180498848,0.013229679,0.002399615,0.00194076928,6.295882600000001e-05,2.9003321e-06,45Q-2040-l,500Mt-CostDecrease,AL,missing,coal_base_conv pul 1986-1990,missing,missing,missing,missing,missing,missing,missing,missing,EJ
339,0.0,0.0,0.0178622807,0.0178601914,0.0130909629,0.0023747109,0.0019215327,6.2467518e-05,2.9046908e-06,45Q-2040-l,500Mt-CostDecrease,AL,missing,coal_base_conv pul 1991-1995,missing,missing,missing,missing,missing,missing,missing,missing,EJ
340,0.0,0.0,0.0,2.463525e-05,0.00152153173,0.00495479111,0.00719393969,0.00916189087,0.00521910427,45Q-2040-l,500Mt-CostDecrease,AL,missing,coal_base_conv pul_CCS,missing,missing,missing,missing,missing,missing,missing,missing,EJ
341,0.0206676841,0.0368536129999999,0.0,0.0,0.0,0.0,0.0,0.0,0.0,45Q-2040-l,500Mt-CostDecrease,AL,missing,coal_base_conv pul_retire_2020,missing,missing,missing,missing,missing,missing,missing,missing,EJ
342,0.0,0.0,0.0,5.7256e-05,0.0002141397,0.0005326023,0.000779482,0.0014834173999999,0.0022967256999999,45Q-2040-l,500Mt-CostDecrease,AL,missing,coal_int_IGCC_CCS,missing,missing,missing,missing,missing,missing,missing,missing,EJ
343,0.079119932,0.105402219,0.0,0.0,0.0,0.0,0.0,0.0,0.0,45Q-2040-l,500Mt-CostDecrease,AL,missing,coal_int_conv pul,missing,missing,missing,missing,missing,missing,missing,missing,EJ
344,0.0,0.0,0.0,0.0,0.0,0.0,0.0,0.0,0.0,45Q-2040-l,500Mt-CostDecrease,AL,missing,coal_int_conv pul 1956-1960,missing,missing,missing,missing,missing,missing,missing,missing,EJ
345,0.0,0.0,0.00041337841,0.00041065674,0.00032990151,0.000126832461,9.8711134e-05,0.0,0.0,45Q-2040-l,500Mt-CostDecrease,AL,missing,coal_int_conv pul 1966-1970,missing,missing,missing,missing,missing,missing,missing,missing,EJ
346,0.0,0.0,0.0049307612,0.0048729735,0.0038290007,0.00135689302,0.0008735700599999999,0.0,0.0,45Q-2040-l,500Mt-CostDecrease,AL,missing,coal_int_conv pul 1971-1975,missing,missing,missing,missing,missing,missing,missing,missing,EJ
347,0.0,0.0,0.0025135873,0.0024841209999999,0.0019519350799999,0.00069170998,0.00044532517999999993,0.0,0.0,45Q-2040-l,500Mt-CostDecrease,AL,missing,coal_int_conv pul 1976-1980,missing,missing,missing,missing,missing,missing,missing,missing,EJ
348,0.0,0.0,0.00179915206,0.00179865298,0.00148582574,0.00064160779,0.00074403916,0.00026959559,0.000171543264,45Q-2040-l,500Mt-CostDecrease,AL,missing,coal_int_conv pul 1981-1985,missing,missing,missing,missing,missing,missing,missing,missing,EJ
349,0.0,0.0,0.0026681199,0.002667437,0.00220366697,0.00095191459,0.00110558278,0.00040334237,0.00026427164,45Q-2040-l,500Mt-CostDecrease,AL,missing,coal_int_conv pul 1986-1990,missing,missing,missing,missing,missing,missing,missing,missing,EJ
350,0.0,0.0,0.0026400596,0.0026393968,0.00218056075,0.00094203314,0.00109462676,0.00040019486,0.00026466934,45Q-2040-l,500Mt-CostDecrease,AL,missing,coal_int_conv pul 1991-1995,missing,missing,missing,missing,missing,missing,missing,missing,EJ
351,0.0,0.0,0.0,7.253069999999999e-05,0.00025606960000000003,0.0006055052000000001,0.0008643750000000001,0.0015703934,0.0023620273,45Q-2040-l,500Mt-CostDecrease,AL,missing,coal_int_conv pul_CCS,missing,missing,missing,missing,missing,missing,missing,missing,EJ
352,0.023877577,0.031809285,0.0,0.0,0.0,0.0,0.0,0.0,0.0,45Q-2040-l,500Mt-CostDecrease,AL,missing,coal_int_conv pul_retire_2020,missing,missing,missing,missing,missing,missing,missing,missing,EJ
353,0.0006231819399999999,0.0,0.0,0.0,0.0,0.0,0.0,0.0,0.0,45Q-2040-l,500Mt-CostDecrease,AL,missing,coal_peak_conv pul,missing,missing,missing,missing,missing,missing,missing,missing,EJ
354,0.000188070063,0.0,0.0,0.0,0.0,0.0,0.0,0.0,0.0,45Q-2040-l,500Mt-CostDecrease,AL,missing,coal_peak_conv pul_retire_2020,missing,missing,missing,missing,missing,missing,missing,missing,EJ
355,0.0046316686,0.0,0.0,0.0,0.0,0.0,0.0,0.0,0.0,45Q-2040-l,500Mt-CostDecrease,AL,missing,coal_subpeak_conv pul,missing,missing,missing,missing,missing,missing,missing,missing,EJ
356,0.0013977901199999,0.0,0.0,0.0,0.0,0.0,0.0,0.0,0.0,45Q-2040-l,500Mt-CostDecrease,AL,missing,coal_subpeak_conv pul_retire_2020,missing,missing,missing,missing,missing,missing,missing,missing,EJ
357,0.0,0.0,0.031825,0.031284279,0.040361085,0.047547414,0.0523279799999999,0.0203423448999999,0.00383462153,45Q-2040-l,500Mt-CostDecrease,AL,missing,gas_base_CC,missing,missing,missing,missing,missing,missing,missing,missing,EJ
358,0.0,0.0,0.0,8.01954e-05,0.0066579060999999,0.0223546467,0.0326938869,0.0433664606,0.02594249,45Q-2040-l,500Mt-CostDecrease,AL,missing,gas_base_CC_CCS,missing,missing,missing,missing,missing,missing,missing,missing,EJ
359,0.00114477,0.0301183,0.158704,0.15107349,0.13614944,0.11992165,0.11033214,0.09747169,0.09075185,45Q-2040-l,500Mt-CostDecrease,AL,missing,gas_int_CC,missing,missing,missing,missing,missing,missing,missing,missing,EJ
360,0.0,0.0,0.0,0.000728524,0.002679779,0.006267254,0.008980407,0.016350864,0.024551252,45Q-2040-l,500Mt-CostDecrease,AL,missing,gas_int_CC_CCS,missing,missing,missing,missing,missing,missing,missing,missing,EJ
361,4.48029e-05,0.0015171,0.00154398099,0.00140375471,0.0011647143999999,0.00090520811,0.00074040174,0.0004978980159999999,0.00033225677700000005,45Q-2040-l,500Mt-CostDecrease,AL,missing,gas_peak_CC,missing,missing,missing,missing,missing,missing,missing,missing,EJ
362,0.0,0.0,0.0,9.50845e-08,2.810199e-07,5.393617000000001e-07,7.356153e-07,1.3930029e-06,2.411393e-06,45Q-2040-l,500Mt-CostDecrease,AL,missing,gas_peak_CC_CCS,missing,missing,missing,missing,missing,missing,missing,missing,EJ
363,3.320207e-05,0.0005335989999999999,0.0007795578164,0.00067077925609,0.00035337091138000005,0.00019844228899,0.00020094246988,9.200086846e-05,5.307580677999999e-05,45Q-2040-l,500Mt-CostDecrease,AL,missing,gas_peak_steam/CT,missing,missing,missing,missing,missing,missing,missing,missing,EJ
364,0.000298018,0.0100978,0.010648241,0.0097584016,0.0083248758,0.0067449076999999,0.0056026098,0.0042078769,0.0032405298999999,45Q-2040-l,500Mt-CostDecrease,AL,missing,gas_subpeak_CC,missing,missing,missing,missing,missing,missing,missing,missing,EJ
365,0.0,0.0,0.0,5.41144e-06,1.6176909999999998e-05,3.156045e-05,4.407219e-05,9.224164e-05,0.00014951696,45Q-2040-l,500Mt-CostDecrease,AL,missing,gas_subpeak_CC_CCS,missing,missing,missing,missing,missing,missing,missing,missing,EJ
366,0.000220813044,0.0035518185,0.00556064145,0.0048972519069999,0.002927307696,0.001837700224,0.001860022483,0.0010508239483,0.0007265120639000001,45Q-2040-l,500Mt-CostDecrease,AL,missing,gas_subpeak_steam/CT,missing,missing,missing,missing,missing,missing,missing,missing,EJ
367,0.0351811,0.0372978,0.0423149,0.04225,0.042204,0.0422101,0.0421156,0.0417624,0.0418089,45Q-2040-l,500Mt-CostDecrease,AL,missing,hydro_base,missing,missing,missing,missing,missing,missing,missing,missing,EJ
368,0.045993,0.1182932999999999,0.1570381,0.1554119,0.144217,0.0936574,0.02582027,0.0,0.0,45Q-2040-l,500Mt-CostDecrease,AL,missing,nuc_base_Gen II,missing,missing,missing,missing,missing,missing,missing,missing,EJ
369,0.0,0.0,0.0,0.0,0.007021,0.02520879,0.03670499,0.05149101,0.05852009,45Q-2040-l,500Mt-CostDecrease,AL,missing,nuc_base_Gen III,missing,missing,missing,missing,missing,missing,missing,missing,EJ
370,0.0,0.0,4.44087e-05,7.823e-05,5.60862e-05,3.02981e-05,2.17987e-05,1.57723e-06,7.09875e-08,45Q-2040-l,500Mt-CostDecrease,AL,missing,refined liquids_base_steam/CT,missing,missing,missing,missing,missing,missing,missing,missing,EJ
371,0.000216212,0.000471802,0.0,0.0,0.0,0.0,0.0,0.0,0.0,45Q-2040-l,500Mt-CostDecrease,AL,missing,refined liquids_int_steam/CT,missing,missing,missing,missing,missing,missing,missing,missing,EJ
372,0.0,0.0,0.0,0.0,0.0,0.0,0.0,0.0,0.0,45Q-2040-l,500Mt-CostDecrease,AL,missing,refined liquids_peak_steam/CT,missing,missing,missing,missing,missing,missing,missing,missing,EJ
373,5.40032e-05,0.000117901,0.0,0.0,0.0,0.0,0.0,0.0,0.0,45Q-2040-l,500Mt-CostDecrease,AL,missing,refined liquids_subpeak_steam/CT,missing,missing,missing,missing,missing,missing,missing,missing,EJ
374,0.0,0.0,0.000175831,0.00278347,0.00821472,0.0104522,0.0128689,0.00821913,0.0042536,45Q-2040-l,500Mt-CostDecrease,AL,missing,rooftop_pv,missing,missing,missing,missing,missing,missing,missing,missing,EJ
375,0.0,0.0,0.00525404,0.005369313,0.0130389329999999,0.030852333,0.041679333,0.054785433,0.056278673,45Q-2040-l,500Mt-CostDecrease,AL,missing,wind_base,missing,missing,missing,missing,missing,missing,missing,missing,EJ
376,0.0,0.0,0.0,1.81238e-05,0.0034647538,0.0147649538,0.0233650138,0.0358386138,0.0430752899999999,45Q-2040-l,500Mt-CostDecrease,AL,missing,wind_base_offshore,missing,missing,missing,missing,missing,missing,missing,missing,EJ
377,0.0,0.0,0.000218164,0.00022223816,0.00048107816,0.00111249116,0.00150386416,0.00199871016,0.00201692116,45Q-2040-l,500Mt-CostDecrease,AL,missing,wind_base_storage,missing,missing,missing,missing,missing,missing,missing,missing,EJ
378,0.0,0.0,0.0,0.0,6.88185e-07,2.353755e-06,3.536205e-06,5.765375000000001e-06,7.643715e-06,45Q-2040-l,500Mt-CostDecrease,AK,missing,PV_base_storage,missing,missing,missing,missing,missing,missing,missing,missing,EJ
379,0.0,0.0,0.0,0.0,0.0,0.00106773,0.00168338,0.0023402939999999,0.00290401,45Q-2040-l,500Mt-CostDecrease,AK,missing,PV_int,missing,missing,missing,missing,missing,missing,missing,missing,EJ
380,0.0,0.0,0.0,0.0,0.0,3.63024e-05,5.91895e-05,9.09497e-05,0.0001203925,45Q-2040-l,500Mt-CostDecrease,AK,missing,PV_peak,missing,missing,missing,missing,missing,missing,missing,missing,EJ
381,0.0,0.0,0.0,0.0,0.0,0.000217684,0.000363533,0.000542673,0.0007065670000000001,45Q-2040-l,500Mt-CostDecrease,AK,missing,PV_subpeak,missing,missing,missing,missing,missing,missing,missing,missing,EJ
382,0.0,0.0,0.0,0.0,1.63194e-05,4.0905994e-05,3.1010921e-05,5.7073667e-05,4.8580942e-05,45Q-2040-l,500Mt-CostDecrease,AK,missing,biogas_base_CC,missing,missing,missing,missing,missing,missing,missing,missing,EJ
383,0.0,0.0,0.0,0.0,8.79692e-06,2.88885475e-05,2.29582859e-05,5.4525246e-05,5.3045875e-05,45Q-2040-l,500Mt-CostDecrease,AK,missing,biogas_base_CC_CCS,missing,missing,missing,missing,missing,missing,missing,missing,EJ
384,0.0,0.0,0.0,0.0,0.0,0.000146354,0.000274379,0.000511333,0.000708592,45Q-2040-l,500Mt-CostDecrease,AK,missing,biogas_int_CC,missing,missing,missing,missing,missing,missing,missing,missing,EJ
385,0.0,0.0,0.0,0.0,0.0,7.16952e-05,0.0001361489,0.0002972907,0.0004510657,45Q-2040-l,500Mt-CostDecrease,AK,missing,biogas_int_CC_CCS,missing,missing,missing,missing,missing,missing,missing,missing,EJ
386,0.0,0.0,0.0,0.0,0.0,2.2321e-07,4.63347e-07,1.033853e-06,1.594813e-06,45Q-2040-l,500Mt-CostDecrease,AK,missing,biogas_peak_CC,missing,missing,missing,missing,missing,missing,missing,missing,EJ
387,0.0,0.0,0.0,0.0,0.0,3.61865e-08,7.542680000000002e-08,1.805301e-07,2.902563000000001e-07,45Q-2040-l,500Mt-CostDecrease,AK,missing,biogas_peak_CC_CCS,missing,missing,missing,missing,missing,missing,missing,missing,EJ
388,0.0,0.0,0.0,0.0,0.0,1.8344080000000002e-07,2.8888707e-07,6.765471e-07,9.729051e-07,45Q-2040-l,500Mt-CostDecrease,AK,missing,biogas_peak_steam/CT,missing,missing,missing,missing,missing,missing,missing,missing,EJ
389,0.0,0.0,0.0,0.0,0.0,5.42332e-06,1.195783e-05,2.480549e-05,3.731235e-05,45Q-2040-l,500Mt-CostDecrease,AK,missing,biogas_subpeak_CC,missing,missing,missing,missing,missing,missing,missing,missing,EJ
390,0.0,0.0,0.0,0.0,0.0,1.30622e-06,2.90905e-06,6.57928e-06,1.042472e-05,45Q-2040-l,500Mt-CostDecrease,AK,missing,biogas_subpeak_CC_CCS,missing,missing,missing,missing,missing,missing,missing,missing,EJ
391,0.0,0.0,0.0,0.0,0.0,3.333771e-06,5.7788990000000005e-06,1.2327451e-05,1.7501543e-05,45Q-2040-l,500Mt-CostDecrease,AK,missing,biogas_subpeak_steam/CT,missing,missing,missing,missing,missing,missing,missing,missing,EJ
392,0.0,0.0,0.0,0.0,3.25858e-06,1.2556551e-05,2.0299387e-05,3.9483127e-05,5.5632199e-05,45Q-2040-l,500Mt-CostDecrease,AK,missing,biomass_base_IGCC,missing,missing,missing,missing,missing,missing,missing,missing,EJ
393,0.0,0.0,0.0,0.0,1.302254e-06,9.830330000000002e-06,1.8278486e-05,6.204327300000001e-05,0.000121887974,45Q-2040-l,500Mt-CostDecrease,AK,missing,biomass_base_IGCC_CCS,missing,missing,missing,missing,missing,missing,missing,missing,EJ
394,0.0,0.0,0.0,0.0,4.82269e-06,1.7087007e-05,2.536853e-05,4.7395215e-05,6.040439299999999e-05,45Q-2040-l,500Mt-CostDecrease,AK,missing,biomass_base_conv,missing,missing,missing,missing,missing,missing,missing,missing,EJ
395,0.0,0.0,0.0,0.0,1.285855e-06,1.2039422999999998e-05,2.2538673e-05,9.8023205e-05,0.000210048305,45Q-2040-l,500Mt-CostDecrease,AK,missing,biomass_base_conv_CCS,missing,missing,missing,missing,missing,missing,missing,missing,EJ
396,0.0,0.0,0.0,0.0,0.0,5.88307e-06,1.443984e-05,3.0096e-05,4.769315999999999e-05,45Q-2040-l,500Mt-CostDecrease,AK,missing,biomass_int_IGCC,missing,missing,missing,missing,missing,missing,missing,missing,EJ
397,0.0,0.0,0.0,0.0,0.0,3.28326e-06,8.343240000000001e-06,2.127477e-05,3.816074e-05,45Q-2040-l,500Mt-CostDecrease,AK,missing,biomass_int_IGCC_CCS,missing,missing,missing,missing,missing,missing,missing,missing,EJ
398,0.0,0.0,0.0,0.0,0.0,1.249197e-05,2.986755e-05,5.9801980000000006e-05,9.156925e-05,45Q-2040-l,500Mt-CostDecrease,AK,missing,biomass_int_conv,missing,missing,missing,missing,missing,missing,missing,missing,EJ
399,0.0,0.0,0.0,0.0,0.0,5.0593200000000005e-06,1.274291e-05,3.479297e-05,6.397184999999999e-05,45Q-2040-l,500Mt-CostDecrease,AK,missing,biomass_int_conv_CCS,missing,missing,missing,missing,missing,missing,missing,missing,EJ
400,0.0,0.0,0.0,0.0,1.300691e-05,3.2617833e-05,3.0164122e-05,5.726441199999999e-05,6.4603866e-05,45Q-2040-l,500Mt-CostDecrease,AK,missing,coal_base_IGCC_CCS,missing,missing,missing,missing,missing,missing,missing,missing,EJ
401,0.001518069,0.001692973,0.0,0.0,0.0,0.0,0.0,0.0,0.0,45Q-2040-l,500Mt-CostDecrease,AK,missing,coal_base_conv pul,missing,missing,missing,missing,missing,missing,missing,missing,EJ
402,0.0,0.0,0.0001782249,0.0002250863,2.5701380000000003e-05,0.0,0.0,0.0,0.0,45Q-2040-l,500Mt-CostDecrease,AK,missing,coal_base_conv pul 1951-1955,missing,missing,missing,missing,missing,missing,missing,missing,EJ
403,0.0,0.0,0.000350697,0.00048223100000000007,7.48077e-05,1.460519e-05,1.445421e-05,2.388345e-06,0.0,45Q-2040-l,500Mt-CostDecrease,AK,missing,coal_base_conv pul 1966-1970,missing,missing,missing,missing,missing,missing,missing,missing,EJ
404,0.0,0.0,0.0002516594,0.000347112,5.45848e-05,1.129583e-05,1.388516e-05,3.95091e-06,1.911861e-06,45Q-2040-l,500Mt-CostDecrease,AK,missing,coal_base_conv pul 1971-1975,missing,missing,missing,missing,missing,missing,missing,missing,EJ
405,0.0,0.0,7.41886e-05,0.000102362,1.612086e-05,3.35833e-06,4.24949e-06,1.356911e-06,9.21501e-07,45Q-2040-l,500Mt-CostDecrease,AK,missing,coal_base_conv pul 1981-1985,missing,missing,missing,missing,missing,missing,missing,missing,EJ
406,0.0,0.0,0.0001379269,0.0001903204,2.9984100000000003e-05,6.25637e-06,7.973329999999999e-06,2.6266e-06,2.020878e-06,45Q-2040-l,500Mt-CostDecrease,AK,missing,coal_base_conv pul 1986-1990,missing,missing,missing,missing,missing,missing,missing,missing,EJ
407,0.0,0.0,0.0001418974,0.0001958018,3.0849800000000004e-05,6.4389e-06,8.21687e-06,2.722938e-06,2.1504e-06,45Q-2040-l,500Mt-CostDecrease,AK,missing,coal_base_conv pul 1996-2000,missing,missing,missing,missing,missing,missing,missing,missing,EJ
408,0.0,0.0,0.0,0.0,1.1972120000000002e-05,2.8882408e-05,2.4587508000000003e-05,4.5898384e-05,4.7982041e-05,45Q-2040-l,500Mt-CostDecrease,AK,missing,coal_base_conv pul_CCS,missing,missing,missing,missing,missing,missing,missing,missing,EJ
409,9.8313e-05,0.0001096403,0.0,0.0,0.0,0.0,0.0,0.0,0.0,45Q-2040-l,500Mt-CostDecrease,AK,missing,coal_base_conv pul_retire_2020,missing,missing,missing,missing,missing,missing,missing,missing,EJ
410,0.0,0.0,0.0,0.0,0.0,2.761239e-05,6.010944e-05,0.00011411552,0.00016920615,45Q-2040-l,500Mt-CostDecrease,AK,missing,coal_int_IGCC_CCS,missing,missing,missing,missing,missing,missing,missing,missing,EJ
411,7.98759e-05,0.00042329,0.0,0.0,0.0,0.0,0.0,0.0,0.0,45Q-2040-l,500Mt-CostDecrease,AK,missing,coal_int_conv pul,missing,missing,missing,missing,missing,missing,missing,missing,EJ
412,0.0,0.0,4.25714e-05,4.2177e-05,4.34411e-05,0.0,0.0,0.0,0.0,45Q-2040-l,500Mt-CostDecrease,AK,missing,coal_int_conv pul 1951-1955,missing,missing,missing,missing,missing,missing,missing,missing,EJ
413,0.0,0.0,8.37688e-05,9.03614e-05,0.0001264421,9.1653e-05,8.17494e-05,2.91389e-05,0.0,45Q-2040-l,500Mt-CostDecrease,AK,missing,coal_int_conv pul 1966-1970,missing,missing,missing,missing,missing,missing,missing,missing,EJ
414,0.0,0.0,6.01122e-05,6.50424e-05,9.22605e-05,7.08855e-05,7.8531e-05,4.82027e-05,2.519352e-05,45Q-2040-l,500Mt-CostDecrease,AK,missing,coal_int_conv pul 1971-1975,missing,missing,missing,missing,missing,missing,missing,missing,EJ
415,0.0,0.0,1.772097e-05,1.91808e-05,2.724801e-05,2.107475e-05,2.403405e-05,1.6554930000000002e-05,1.21431e-05,45Q-2040-l,500Mt-CostDecrease,AK,missing,coal_int_conv pul 1981-1985,missing,missing,missing,missing,missing,missing,missing,missing,EJ
416,0.0,0.0,3.29458e-05,3.56625e-05,5.068e-05,3.92611e-05,4.50952e-05,3.2045700000000004e-05,2.663017e-05,45Q-2040-l,500Mt-CostDecrease,AK,missing,coal_int_conv pul 1986-1990,missing,missing,missing,missing,missing,missing,missing,missing,EJ
417,0.0,0.0,3.3894100000000005e-05,3.66897e-05,5.21431e-05,4.04066e-05,4.64726e-05,3.3221e-05,2.8336900000000003e-05,45Q-2040-l,500Mt-CostDecrease,AK,missing,coal_int_conv pul 1996-2000,missing,missing,missing,missing,missing,missing,missing,missing,EJ
418,0.0,0.0,0.0,0.0,0.0,2.759429e-05,5.8141e-05,0.00010818983,0.00015786181,45Q-2040-l,500Mt-CostDecrease,AK,missing,coal_int_conv pul_CCS,missing,missing,missing,missing,missing,missing,missing,missing,EJ
419,5.17291e-06,2.74131e-05,0.0,0.0,0.0,0.0,0.0,0.0,0.0,45Q-2040-l,500Mt-CostDecrease,AK,missing,coal_int_conv pul_retire_2020,missing,missing,missing,missing,missing,missing,missing,missing,EJ
420,0.00578689,0.00966145,0.00055653,0.00107983,0.000812809,0.0006077959,0.0006355713,0.0004832965,0.0004135968,45Q-2040-l,500Mt-CostDecrease,AK,missing,gas_base_CC,missing,missing,missing,missing,missing,missing,missing,missing,EJ
421,0.0,0.0,0.0,0.0,6.1266e-05,0.0001552514,0.0001804576,0.0003329384,0.0004248398,45Q-2040-l,500Mt-CostDecrease,AK,missing,gas_base_CC_CCS,missing,missing,missing,missing,missing,missing,missing,missing,EJ
422,0.0045175,0.00630935,0.00376751,0.00374885,0.00496323,0.004908952,0.00468846,0.004465184,0.004323868,45Q-2040-l,500Mt-CostDecrease,AK,missing,gas_int_CC,missing,missing,missing,missing,missing,missing,missing,missing,EJ
423,0.0,0.0,0.0,0.0,0.0,0.000226006,0.000490265,0.000898855,0.001301018,45Q-2040-l,500Mt-CostDecrease,AK,missing,gas_int_CC_CCS,missing,missing,missing,missing,missing,missing,missing,missing,EJ
424,4.95323e-05,0.000100725,4.00553e-05,4.02177e-05,5.62064e-05,4.69957e-05,3.7998084e-05,2.8905041e-05,2.1435527e-05,45Q-2040-l,500Mt-CostDecrease,AK,missing,gas_peak_CC,missing,missing,missing,missing,missing,missing,missing,missing,EJ
425,0.0,0.0,0.0,0.0,0.0,4.88109e-08,1.113186e-07,2.421232e-07,3.8325890000000004e-07,45Q-2040-l,500Mt-CostDecrease,AK,missing,gas_peak_CC_CCS,missing,missing,missing,missing,missing,missing,missing,missing,EJ
426,3.6723976e-05,3.5473589e-05,2.10951173e-05,2.09243026e-05,2.488465e-05,1.865881677e-05,1.895219734e-05,1.489990351e-05,1.1637985089999998e-05,45Q-2040-l,500Mt-CostDecrease,AK,missing,gas_peak_steam/CT,missing,missing,missing,missing,missing,missing,missing,missing,EJ
427,0.000278155,0.000518751,0.000288309,0.000288971,0.00039728,0.0003516009,0.0002968672,0.0002498629,0.0002139116,45Q-2040-l,500Mt-CostDecrease,AK,missing,gas_subpeak_CC,missing,missing,missing,missing,missing,missing,missing,missing,EJ
428,0.0,0.0,0.0,0.0,0.0,2.24384e-06,5.30487e-06,1.089989e-05,1.68334e-05,45Q-2040-l,500Mt-CostDecrease,AK,missing,gas_subpeak_CC_CCS,missing,missing,missing,missing,missing,missing,missing,missing,EJ
429,0.000206114561,0.000182512276,0.000151973774,0.00015125139400000003,0.0001865755,0.0001560372227,0.0001566152123,0.0001384428936,0.0001257408874,45Q-2040-l,500Mt-CostDecrease,AK,missing,gas_subpeak_steam/CT,missing,missing,missing,missing,missing,missing,missing,missing,EJ
430,0.0,0.0,0.0,0.0,4.43093e-05,0.0001925247,0.0003285477,0.0006457485,0.0009651557,45Q-2040-l,500Mt-CostDecrease,AK,missing,geo_base,missing,missing,missing,missing,missing,missing,missing,missing,EJ
431,0.0033073,0.0053824,0.00549012,0.00456606,0.0067144,0.0067153,0.0067003,0.0066441,0.0066515,45Q-2040-l,500Mt-CostDecrease,AK,missing,hydro_base,missing,missing,missing,missing,missing,missing,missing,missing,EJ
432,0.00013680839000000002,0.00027931678,3.4471923e-05,0.00010510852999999998,6.213744099999999e-05,4.9859892000000005e-05,5.4455363e-05,2.9258582e-05,2.0470021e-05,45Q-2040-l,500Mt-CostDecrease,AK,missing,refined liquids_base_steam/CT,missing,missing,missing,missing,missing,missing,missing,missing,EJ
433,0.0010940289,0.002234825,0.0,0.0,0.0,0.0,0.0,0.0,0.0,45Q-2040-l,500Mt-CostDecrease,AK,missing,refined liquids_int_steam/CT,missing,missing,missing,missing,missing,missing,missing,missing,EJ
434,0.00013677603,0.00027936551000000003,0.0,0.0,0.0,0.0,0.0,0.0,0.0,45Q-2040-l,500Mt-CostDecrease,AK,missing,refined liquids_subpeak_steam/CT,missing,missing,missing,missing,missing,missing,missing,missing,EJ
435,0.0,0.0,1.8204e-06,7.75437e-06,1.90992e-05,4.85033e-05,0.000104954,0.000196962,0.000297056,45Q-2040-l,500Mt-CostDecrease,AK,missing,rooftop_pv,missing,missing,missing,missing,missing,missing,missing,missing,EJ
436,0.0,2.19856e-06,0.000474412,0.000395166,0.002112325,0.004614635,0.006095545,0.0078223,0.00953115,45Q-2040-l,500Mt-CostDecrease,AK,missing,wind_base,missing,missing,missing,missing,missing,missing,missing,missing,EJ
437,0.0,0.0,0.0,0.0,6.89201e-05,0.0002309351,0.0003488621,0.0005686821,0.0007543071,45Q-2040-l,500Mt-CostDecrease,AK,missing,wind_base_offshore,missing,missing,missing,missing,missing,missing,missing,missing,EJ
438,0.0,0.0,0.0,0.0,2.81389e-05,9.02532e-05,0.0001322654,0.0002078068,0.0002692551,45Q-2040-l,500Mt-CostDecrease,AK,missing,wind_base_storage,missing,missing,missing,missing,missing,missing,missing,missing,EJ
439,0.0,0.0,0.0014059,0.001625366,0.003038646,0.004527576,0.005145306,0.006658706,0.006509156,45Q-2040-l,500Mt-CostDecrease,AZ,missing,CSP_base_storage,missing,missing,missing,missing,missing,missing,missing,missing,EJ
440,0.0,0.0,0.001232432,0.002094174,0.006658354,0.012297094,0.016921834,0.030178054,0.047793422,45Q-2040-l,500Mt-CostDecrease,AZ,missing,CSP_int,missing,missing,missing,missing,missing,missing,missing,missing,EJ
441,0.0,0.0,9.48378e-05,0.000150548,0.00035683,0.0004910602,0.000658105,0.001066683,0.0016951392,45Q-2040-l,500Mt-CostDecrease,AZ,missing,CSP_peak,missing,missing,missing,missing,missing,missing,missing,missing,EJ
442,0.000257804,0.000231698,0.0016081099999999,0.0017874298,0.0025686958,0.0028400998,0.0036006998,0.0090796777999999,0.0125279497999999,45Q-2040-l,500Mt-CostDecrease,AZ,missing,CSP_subpeak,missing,missing,missing,missing,missing,missing,missing,missing,EJ
443,0.0,0.0,0.000206415,0.0002419228,0.0004789338,0.0007346728000000001,0.0008424808000000001,0.0011094208,0.0011261768,45Q-2040-l,500Mt-CostDecrease,AZ,missing,PV_base_storage,missing,missing,missing,missing,missing,missing,missing,missing,EJ
444,0.0,0.0,0.00594402,0.01005481,0.02610881,0.03718961,0.0450139399999999,0.0658729399999999,0.0889853199999999,45Q-2040-l,500Mt-CostDecrease,AZ,missing,PV_int,missing,missing,missing,missing,missing,missing,missing,missing,EJ
445,0.0,0.0,0.000457403,0.000723159,0.00144873,0.001712509,0.001995123,0.002638032,0.003295679,45Q-2040-l,500Mt-CostDecrease,AZ,missing,PV_peak,missing,missing,missing,missing,missing,missing,missing,missing,EJ
446,0.0,4.65997e-05,0.017336,0.018191414,0.0209394239999999,0.0214727669999999,0.0227595869999999,0.017323187,0.021883977,45Q-2040-l,500Mt-CostDecrease,AZ,missing,PV_subpeak,missing,missing,missing,missing,missing,missing,missing,missing,EJ
447,0.0,0.0,0.000683279,0.00012965950999999998,0.0008853740899999999,0.00103448289,0.00050594404,0.001090677262,0.0008757398101,45Q-2040-l,500Mt-CostDecrease,AZ,missing,biogas_base_CC,missing,missing,missing,missing,missing,missing,missing,missing,EJ
448,0.0,0.0,0.0,6.76539e-05,0.0006256977319999999,0.00102213615,0.00055790422,0.001579948345,0.0014216418068,45Q-2040-l,500Mt-CostDecrease,AZ,missing,biogas_base_CC_CCS,missing,missing,missing,missing,missing,missing,missing,missing,EJ
449,0.0,0.0,0.000222893,0.00011805837,0.00050257066,0.0007909304,0.0008421373999999999,0.0018481051,0.0023547661,45Q-2040-l,500Mt-CostDecrease,AZ,missing,biogas_int_CC,missing,missing,missing,missing,missing,missing,missing,missing,EJ
450,0.0,0.0,0.0,4.1952e-05,0.00023313128,0.00047475102,0.0005884977,0.001691455,0.0027549041,45Q-2040-l,500Mt-CostDecrease,AZ,missing,biogas_int_CC_CCS,missing,missing,missing,missing,missing,missing,missing,missing,EJ
451,0.0,0.0,4.26829e-07,2.615627e-07,8.2790973e-07,6.775089e-07,9.044952e-07,1.9040964e-06,2.93315808e-06,45Q-2040-l,500Mt-CostDecrease,AZ,missing,biogas_peak_CC,missing,missing,missing,missing,missing,missing,missing,missing,EJ
452,0.0,0.0,0.0,3.80755e-08,1.27835065e-07,1.1454250000000001e-07,1.641873e-07,4.0046628e-07,6.7628487e-07,45Q-2040-l,500Mt-CostDecrease,AZ,missing,biogas_peak_CC_CCS,missing,missing,missing,missing,missing,missing,missing,missing,EJ
453,0.0,0.0,3.9973630000000003e-07,2.30526717e-07,7.13522497e-07,5.22251903e-07,6.646130769999999e-07,1.48466975e-06,2.30973198e-06,45Q-2040-l,500Mt-CostDecrease,AZ,missing,biogas_peak_steam/CT,missing,missing,missing,missing,missing,missing,missing,missing,EJ
454,0.0,0.0,1.60171e-06,2.4378474e-06,1.35991886e-05,6.662897e-06,1.7454603e-05,0.000128577244,7.05413786e-05,45Q-2040-l,500Mt-CostDecrease,AZ,missing,biogas_subpeak_CC,missing,missing,missing,missing,missing,missing,missing,missing,EJ
455,0.0,0.0,0.0,4.99284e-07,3.0948722e-06,1.8487967e-06,4.913773799999999e-06,3.9670551e-05,3.3452739800000005e-05,45Q-2040-l,500Mt-CostDecrease,AZ,missing,biogas_subpeak_CC_CCS,missing,missing,missing,missing,missing,missing,missing,missing,EJ
456,0.0,0.0,1.091687e-06,1.598407479e-06,8.785126335e-06,3.49572004e-06,9.880138869999998e-06,8.002705157e-05,3.8250641182e-05,45Q-2040-l,500Mt-CostDecrease,AZ,missing,biogas_subpeak_steam/CT,missing,missing,missing,missing,missing,missing,missing,missing,EJ
457,0.0,0.0,0.0001181272,8.579685e-05,0.00020792324,0.00041912385,0.00048964213,0.0007607956000000001,0.0006520203159999999,45Q-2040-l,500Mt-CostDecrease,AZ,missing,biomass_base_IGCC,missing,missing,missing,missing,missing,missing,missing,missing,EJ
458,0.0,0.0,0.0,9.40693e-06,0.00013260504,0.00078712546,0.00118888124,0.0076620494899999,0.01916868531,45Q-2040-l,500Mt-CostDecrease,AZ,missing,biomass_base_IGCC_CCS,missing,missing,missing,missing,missing,missing,missing,missing,EJ
459,0.0,8.8799e-05,0.0002968148,0.000183302,0.0003821872,0.0007077594,0.0007137547,0.00093136471,0.000812500418,45Q-2040-l,500Mt-CostDecrease,AZ,missing,biomass_base_conv,missing,missing,missing,missing,missing,missing,missing,missing,EJ
460,0.0,0.0,0.0,1.08091e-05,0.0001955993,0.0020206387,0.0031439077,0.0635369217999999,0.2537619389,45Q-2040-l,500Mt-CostDecrease,AZ,missing,biomass_base_conv_CCS,missing,missing,missing,missing,missing,missing,missing,missing,EJ
461,0.0,0.0,1.626191e-05,1.975024e-05,3.625873e-05,6.422053999999999e-05,9.006650000000001e-05,0.00017068948000000005,0.00028250088999999995,45Q-2040-l,500Mt-CostDecrease,AZ,missing,biomass_int_IGCC,missing,missing,missing,missing,missing,missing,missing,missing,EJ
462,0.0,0.0,0.0,2.09663e-06,1.2166e-05,3.604561e-05,6.077101e-05,0.00017305324999999995,0.00036530291,45Q-2040-l,500Mt-CostDecrease,AZ,missing,biomass_int_IGCC_CCS,missing,missing,missing,missing,missing,missing,missing,missing,EJ
463,0.0,8.8799e-05,0.0002291231,0.0002846447,0.0002896053,0.0004035229,0.0004169175,0.0005052056999999999,0.0006272055399999999,45Q-2040-l,500Mt-CostDecrease,AZ,missing,biomass_int_conv,missing,missing,missing,missing,missing,missing,missing,missing,EJ
464,0.0,0.0,0.0,3.19758e-06,2.05778e-05,7.040595e-05,0.00012114535,0.00039439665,0.00087478859,45Q-2040-l,500Mt-CostDecrease,AZ,missing,biomass_int_conv_CCS,missing,missing,missing,missing,missing,missing,missing,missing,EJ
465,0.0,0.0,0.0,0.000486764,0.003094805,0.005727972,0.006932662,0.009471486,0.0083918171,45Q-2040-l,500Mt-CostDecrease,AZ,missing,coal_base_IGCC_CCS,missing,missing,missing,missing,missing,missing,missing,missing,EJ
466,0.05901665,0.0876874699999999,0.0,0.0,0.0,0.0,0.0,0.0,0.0,45Q-2040-l,500Mt-CostDecrease,AZ,missing,coal_base_conv pul,missing,missing,missing,missing,missing,missing,missing,missing,EJ
467,0.0,0.0,0.0013970104,0.0013803537,0.0008370830000000001,0.00010259875,4.615754e-05,0.0,0.0,45Q-2040-l,500Mt-CostDecrease,AZ,missing,coal_base_conv pul 1961-1965,missing,missing,missing,missing,missing,missing,missing,missing,EJ
468,0.0,0.0,0.0,0.0,0.0,0.0,0.0,0.0,0.0,45Q-2040-l,500Mt-CostDecrease,AZ,missing,coal_base_conv pul 1971-1975,missing,missing,missing,missing,missing,missing,missing,missing,EJ
469,0.0,0.0,0.02919487,0.02893271,0.01776834,0.002278992,0.001132362,0.0,0.0,45Q-2040-l,500Mt-CostDecrease,AZ,missing,coal_base_conv pul 1976-1980,missing,missing,missing,missing,missing,missing,missing,missing,EJ
470,0.0,0.0,0.013130785,0.013124198,0.008366266,0.0012489393,0.0010099301,3.305749e-05,1.4697743e-06,45Q-2040-l,500Mt-CostDecrease,AZ,missing,coal_base_conv pul 1981-1985,missing,missing,missing,missing,missing,missing,missing,missing,EJ
471,0.0,0.0,0.0078971659999999,0.007893565,0.0050328909999999,0.000751985,0.000610477,2.033274e-05,9.725084e-07,45Q-2040-l,500Mt-CostDecrease,AZ,missing,coal_base_conv pul 1986-1990,missing,missing,missing,missing,missing,missing,missing,missing,EJ
472,0.0,0.0,0.014085322,0.014079045,0.008977072,0.0013415308,0.0010899256,3.642732e-05,1.76927e-06,45Q-2040-l,500Mt-CostDecrease,AZ,missing,coal_base_conv pul 2006-2010,missing,missing,missing,missing,missing,missing,missing,missing,EJ
473,0.0,0.0,0.0,0.0006063069999999999,0.003583512,0.006389557,0.007626083,0.009952646,0.0078191108,45Q-2040-l,500Mt-CostDecrease,AZ,missing,coal_base_conv pul_CCS,missing,missing,missing,missing,missing,missing,missing,missing,EJ
474,0.010407828,0.015463992,0.0,0.0,0.0,0.0,0.0,0.0,0.0,45Q-2040-l,500Mt-CostDecrease,AZ,missing,coal_base_conv pul_retire_2020,missing,missing,missing,missing,missing,missing,missing,missing,EJ
475,0.0,0.0,0.0,7.01484e-05,0.0002171305,0.0004162444,0.0005905098,0.0010646654,0.0017025132,45Q-2040-l,500Mt-CostDecrease,AZ,missing,coal_int_IGCC_CCS,missing,missing,missing,missing,missing,missing,missing,missing,EJ
476,0.04091756,0.04219515,0.0,0.0,0.0,0.0,0.0,0.0,0.0,45Q-2040-l,500Mt-CostDecrease,AZ,missing,coal_int_conv pul,missing,missing,missing,missing,missing,missing,missing,missing,EJ
477,0.0,0.0,0.0004334982,0.0004285024,0.0003663841,0.00014611753999999998,7.98234e-05,0.0,0.0,45Q-2040-l,500Mt-CostDecrease,AZ,missing,coal_int_conv pul 1961-1965,missing,missing,missing,missing,missing,missing,missing,missing,EJ
478,0.0,0.0,0.0,0.0,0.0,0.0,0.0,0.0,0.0,45Q-2040-l,500Mt-CostDecrease,AZ,missing,coal_int_conv pul 1971-1975,missing,missing,missing,missing,missing,missing,missing,missing,EJ
479,0.0,0.0,0.009059312,0.008981545,0.007777053,0.003245676,0.001958281,0.0,0.0,45Q-2040-l,500Mt-CostDecrease,AZ,missing,coal_int_conv pul 1976-1980,missing,missing,missing,missing,missing,missing,missing,missing,EJ
480,0.0,0.0,0.004074541,0.004074133,0.003661839,0.001778694,0.0017465389999999,0.0004293403,0.0002018605,45Q-2040-l,500Mt-CostDecrease,AZ,missing,coal_int_conv pul 1981-1985,missing,missing,missing,missing,missing,missing,missing,missing,EJ
481,0.0,0.0,0.002450531,0.002450391,0.002202857,0.00107095,0.0010557421,0.0002640758,0.00013356513,45Q-2040-l,500Mt-CostDecrease,AZ,missing,coal_int_conv pul 1986-1990,missing,missing,missing,missing,missing,missing,missing,missing,EJ
482,0.0,0.0,0.00437076,0.004370544,0.003929192,0.001910566,0.001884886,0.0004731061,0.0002429944,45Q-2040-l,500Mt-CostDecrease,AZ,missing,coal_int_conv pul 2006-2010,missing,missing,missing,missing,missing,missing,missing,missing,EJ
483,0.0,0.0,0.0,9.0522e-05,0.00026512590000000004,0.0004863571,0.0006710927999999999,0.0011510425,0.0017770254,45Q-2040-l,500Mt-CostDecrease,AZ,missing,coal_int_conv pul_CCS,missing,missing,missing,missing,missing,missing,missing,missing,EJ
484,0.007215974,0.007441285,0.0,0.0,0.0,0.0,0.0,0.0,0.0,45Q-2040-l,500Mt-CostDecrease,AZ,missing,coal_int_conv pul_retire_2020,missing,missing,missing,missing,missing,missing,missing,missing,EJ
485,0.0005412631,0.0,0.0,0.0,0.0,0.0,0.0,0.0,0.0,45Q-2040-l,500Mt-CostDecrease,AZ,missing,coal_peak_conv pul,missing,missing,missing,missing,missing,missing,missing,missing,EJ
486,9.545389e-05,0.0,0.0,0.0,0.0,0.0,0.0,0.0,0.0,45Q-2040-l,500Mt-CostDecrease,AZ,missing,coal_peak_conv pul_retire_2020,missing,missing,missing,missing,missing,missing,missing,missing,EJ
487,0.003596935,0.0,0.0,0.0,0.0,0.0,0.0,0.0,0.0,45Q-2040-l,500Mt-CostDecrease,AZ,missing,coal_subpeak_conv pul,missing,missing,missing,missing,missing,missing,missing,missing,EJ
488,0.0006343335,0.0,0.0,0.0,0.0,0.0,0.0,0.0,0.0,45Q-2040-l,500Mt-CostDecrease,AZ,missing,coal_subpeak_conv pul_retire_2020,missing,missing,missing,missing,missing,missing,missing,missing,EJ
489,0.00115952,0.0142723,0.03107202,0.03477369,0.0470075099999999,0.0447617919999999,0.044226724,0.0133331699999999,0.0045490394299999,45Q-2040-l,500Mt-CostDecrease,AZ,missing,gas_base_CC,missing,missing,missing,missing,missing,missing,missing,missing,EJ
490,0.0,0.0,0.0,0.001463685,0.010946469,0.02027796,0.0243065329999999,0.03122829,0.0189294,45Q-2040-l,500Mt-CostDecrease,AZ,missing,gas_base_CC_CCS,missing,missing,missing,missing,missing,missing,missing,missing,EJ
491,0.00488579,0.0601403,0.1088576,0.10428121,0.09471836,0.08230371,0.07407723,0.0600996,0.0530536,45Q-2040-l,500Mt-CostDecrease,AZ,missing,gas_int_CC,missing,missing,missing,missing,missing,missing,missing,missing,EJ
492,0.0,0.0,0.0,0.000608497,0.002314371,0.0044154369999999,0.006211075,0.0108805699999999,0.016927541,45Q-2040-l,500Mt-CostDecrease,AZ,missing,gas_int_CC_CCS,missing,missing,missing,missing,missing,missing,missing,missing,EJ
493,0.000125603,0.00199086,0.00154352083,0.00140308939,0.00114289669,0.00086739173,0.0006887277800000001,0.000372991863,0.00020152426200000003,45Q-2040-l,500Mt-CostDecrease,AZ,missing,gas_peak_CC,missing,missing,missing,missing,missing,missing,missing,missing,EJ
494,0.0,0.0,0.0,1.18105e-07,3.64223e-07,5.427009999999999e-07,7.75705e-07,1.318049e-06,2.203568e-06,45Q-2040-l,500Mt-CostDecrease,AZ,missing,gas_peak_CC_CCS,missing,missing,missing,missing,missing,missing,missing,missing,EJ
495,9.30025e-05,0.000700285,0.0007262492800000001,0.0006260972299999999,0.00029846559100000006,0.00015837242000000002,0.00013261293100000002,3.9172226e-05,1.8901433500000003e-05,45Q-2040-l,500Mt-CostDecrease,AZ,missing,gas_peak_steam/CT,missing,missing,missing,missing,missing,missing,missing,missing,EJ
496,0.000827314,0.0131157,0.0030158307,0.0027789089,0.0023879676,0.0019042794,0.0015918102,0.0013785302999999,0.001039734,45Q-2040-l,500Mt-CostDecrease,AZ,missing,gas_subpeak_CC,missing,missing,missing,missing,missing,missing,missing,missing,EJ
497,0.0,0.0,0.0,2.99483e-06,1.157196e-05,1.477714e-05,2.428326e-05,0.00010483567,0.00014377027000000002,45Q-2040-l,500Mt-CostDecrease,AZ,missing,gas_subpeak_CC_CCS,missing,missing,missing,missing,missing,missing,missing,missing,EJ
498,0.00061291,0.00461338,0.0014691312,0.0013218027,0.0007607159,0.00044793795,0.0004093615,0.00033647566,0.00017963713,45Q-2040-l,500Mt-CostDecrease,AZ,missing,gas_subpeak_steam/CT,missing,missing,missing,missing,missing,missing,missing,missing,EJ
499,0.0,0.0,0.001185781,0.001403933,0.002965296,0.00516818,0.006316426,0.009316711,0.008558987,45Q-2040-l,500Mt-CostDecrease,AZ,missing,geo_base,missing,missing,missing,missing,missing,missing,missing,missing,EJ
500,0.0251735,0.0235673,0.0280433,0.0280003,0.0279698,0.0279739,0.0279112,0.0276771,0.0277079,45Q-2040-l,500Mt-CostDecrease,AZ,missing,hydro_base,missing,missing,missing,missing,missing,missing,missing,missing,EJ
501,0.0786024,0.0963204,0.121952,0.121952,0.121952,0.121952,0.121952,0.12195,0.0,45Q-2040-l,500Mt-CostDecrease,AZ,missing,nuc_base_Gen II,missing,missing,missing,missing,missing,missing,missing,missing,EJ
502,0.0,0.0,0.0,0.0,0.0110895,0.0231486,0.0282960099999999,0.04120749,0.05213816,45Q-2040-l,500Mt-CostDecrease,AZ,missing,nuc_base_Gen III,missing,missing,missing,missing,missing,missing,missing,missing,EJ
503,0.0,0.0,4.8519370000000005e-06,5.513108999999999e-06,2.848123e-06,1.996817e-06,1.44423e-06,1.117174e-07,5.246757e-09,45Q-2040-l,500Mt-CostDecrease,AZ,missing,refined liquids_base_steam/CT,missing,missing,missing,missing,missing,missing,missing,missing,EJ
504,0.0,0.0,6.979019e-05,8.08765e-05,4.109121e-05,3.834122e-05,3.206568e-05,1.5173429999999998e-05,7.79302e-06,45Q-2040-l,500Mt-CostDecrease,AZ,missing,refined liquids_int_steam/CT,missing,missing,missing,missing,missing,missing,missing,missing,EJ
505,0.0,0.0,0.0,0.0,0.0,0.0,0.0,0.0,0.0,45Q-2040-l,500Mt-CostDecrease,AZ,missing,refined liquids_peak_steam/CT,missing,missing,missing,missing,missing,missing,missing,missing,EJ
506,0.0004296073,0.0001700991,0.0,0.0,0.0,0.0,0.0,0.0,0.0,45Q-2040-l,500Mt-CostDecrease,AZ,missing,refined liquids_subpeak_steam/CT,missing,missing,missing,missing,missing,missing,missing,missing,EJ
507,0.0,0.0,0.00527775,0.0359126,0.0416889,0.0619828,0.0739664,0.0479936,0.0220337,45Q-2040-l,500Mt-CostDecrease,AZ,missing,rooftop_pv,missing,missing,missing,missing,missing,missing,missing,missing,EJ
508,0.0,0.0,0.01881466,0.02543141,0.05962061,0.08520451,0.09612311,0.12395265,0.13741905,45Q-2040-l,500Mt-CostDecrease,AZ,missing,wind_base,missing,missing,missing,missing,missing,missing,missing,missing,EJ
509,0.0,0.0,0.000474796,0.000635618,0.001657418,0.002710678,0.003157011,0.004265921,0.004740317,45Q-2040-l,500Mt-CostDecrease,AZ,missing,wind_base_storage,missing,missing,missing,missing,missing,missing,missing,missing,EJ
510,0.0,0.0,0.0,0.0,0.0,0.0,0.0,0.0,0.0,45Q-2040-l,500Mt-CostDecrease,AZ,missing,wind_int,missing,missing,missing,missing,missing,missing,missing,missing,EJ
511,0.0,0.0,0.0,0.0,0.0,0.0,0.0,0.0,0.0,45Q-2040-l,500Mt-CostDecrease,AZ,missing,wind_subpeak,missing,missing,missing,missing,missing,missing,missing,missing,EJ
512,0.0,0.0,3.32968e-05,3.3766939000000004e-05,8.176433900000001e-05,0.000209698339,0.00028801573900000006,0.0003686635390000001,0.000368576139,45Q-2040-l,500Mt-CostDecrease,AR,missing,PV_base_storage,missing,missing,missing,missing,missing,missing,missing,missing,EJ
513,0.0,0.0,0.00255221,0.00406644,0.0101374699999999,0.0166656099999999,0.0204210399999999,0.02939178,0.03643987,45Q-2040-l,500Mt-CostDecrease,AR,missing,PV_int,missing,missing,missing,missing,missing,missing,missing,missing,EJ
514,0.0,0.0,0.00010246,0.00015222530000000002,0.00029161430000000004,0.0003934833,0.0004503944,0.0006102964,0.0007433694,45Q-2040-l,500Mt-CostDecrease,AR,missing,PV_peak,missing,missing,missing,missing,missing,missing,missing,missing,EJ
515,0.0,0.0,0.00054925986,0.00084437286,0.00168950486,0.00233188286,0.00271687686,0.003982497,0.004885007,45Q-2040-l,500Mt-CostDecrease,AR,missing,PV_subpeak,missing,missing,missing,missing,missing,missing,missing,missing,EJ
516,0.0,0.0,0.000170418,4.56091e-06,0.0002737999724,0.000771747988,0.0005430878640000001,0.0005019009172,0.00019594397267,45Q-2040-l,500Mt-CostDecrease,AR,missing,biogas_base_CC,missing,missing,missing,missing,missing,missing,missing,missing,EJ
517,0.0,0.0,0.0,1.35304e-06,0.0001899247998,0.000757427445,0.0006070166809999999,0.0007445952350000001,0.00031987301988,45Q-2040-l,500Mt-CostDecrease,AR,missing,biogas_base_CC_CCS,missing,missing,missing,missing,missing,missing,missing,missing,EJ
518,0.0,0.0,0.000129385,5.180606e-05,0.00020249416,0.00044301584,0.0004758182,0.0011215836,0.0014225028,45Q-2040-l,500Mt-CostDecrease,AR,missing,biogas_int_CC,missing,missing,missing,missing,missing,missing,missing,missing,EJ
519,0.0,0.0,0.0,1.76829e-05,9.2208972e-05,0.00026050587,0.00032648416,0.00097857964,0.0015787093999999,45Q-2040-l,500Mt-CostDecrease,AR,missing,biogas_int_CC_CCS,missing,missing,missing,missing,missing,missing,missing,missing,EJ
520,0.0,0.0,1.28789e-07,5.800116e-08,1.6850099999999998e-07,2.4991814e-07,2.3822707e-07,6.5884292e-07,1.00687839e-06,45Q-2040-l,500Mt-CostDecrease,AR,missing,biogas_peak_CC,missing,missing,missing,missing,missing,missing,missing,missing,EJ
521,0.0,0.0,0.0,8.16035e-09,2.5722159e-08,4.1278595e-08,4.479202e-08,1.4250128e-07,2.5584909e-07,45Q-2040-l,500Mt-CostDecrease,AR,missing,biogas_peak_CC_CCS,missing,missing,missing,missing,missing,missing,missing,missing,EJ
522,0.0,0.0,1.207214e-07,4.944971e-08,1.435996e-07,1.9634260400000002e-07,1.49731697e-07,4.72314848e-07,7.00132501e-07,45Q-2040-l,500Mt-CostDecrease,AR,missing,biogas_peak_steam/CT,missing,missing,missing,missing,missing,missing,missing,missing,EJ
523,0.0,0.0,3.17827e-06,1.553834e-06,4.500896099999999e-06,7.082988e-06,7.615329e-06,2.29919e-05,2.9608369e-05,45Q-2040-l,500Mt-CostDecrease,AR,missing,biogas_subpeak_CC,missing,missing,missing,missing,missing,missing,missing,missing,EJ
524,0.0,0.0,0.0,2.95631e-07,9.9954052e-07,1.7969956e-06,2.204987e-06,7.760642999999999e-06,1.2661796e-05,45Q-2040-l,500Mt-CostDecrease,AR,missing,biogas_subpeak_CC_CCS,missing,missing,missing,missing,missing,missing,missing,missing,EJ
525,0.0,0.0,2.168312e-06,9.5920989e-07,2.847209511e-06,4.06109047e-06,3.38236701e-06,1.222864919e-05,1.414583052e-05,45Q-2040-l,500Mt-CostDecrease,AR,missing,biogas_subpeak_steam/CT,missing,missing,missing,missing,missing,missing,missing,missing,EJ
526,0.0,0.0,3.79102e-05,2.8362537e-05,7.227043e-05,0.00024008152999999995,0.00035529218000000004,0.0004453817312,0.0001689079472,45Q-2040-l,500Mt-CostDecrease,AR,missing,biomass_base_IGCC,missing,missing,missing,missing,missing,missing,missing,missing,EJ
527,0.0,0.0,0.0,2.1341e-07,4.0320984000000005e-05,0.00053771421,0.00097177521,0.0037476975179999,0.006132595042,45Q-2040-l,500Mt-CostDecrease,AR,missing,biomass_base_IGCC_CCS,missing,missing,missing,missing,missing,missing,missing,missing,EJ
528,0.0,0.0002908019,0.00011299358,0.000113100849,0.000214757713,0.000460915937,0.000567602654,0.000520163843,0.00019403008819,45Q-2040-l,500Mt-CostDecrease,AR,missing,biomass_base_conv,missing,missing,missing,missing,missing,missing,missing,missing,EJ
529,0.0,0.0,0.0,2.43243e-07,5.9622855e-05,0.001403473039,0.002578992938,0.02617725034,0.060650817267,45Q-2040-l,500Mt-CostDecrease,AR,missing,biomass_base_conv_CCS,missing,missing,missing,missing,missing,missing,missing,missing,EJ
530,0.0,0.0,1.431723e-05,1.5968990000000002e-05,2.436444e-05,4.434386e-05,6.05356e-05,0.00011136376,0.00017142921,45Q-2040-l,500Mt-CostDecrease,AR,missing,biomass_int_IGCC,missing,missing,missing,missing,missing,missing,missing,missing,EJ
531,0.0,0.0,0.0,1.215563e-06,6.329235e-06,2.3016361e-05,3.8074742000000005e-05,0.000106769271,0.000204889305,45Q-2040-l,500Mt-CostDecrease,AR,missing,biomass_int_IGCC_CCS,missing,missing,missing,missing,missing,missing,missing,missing,EJ
532,0.0,0.0002908019,0.00017007319999999998,0.00019390106,0.00019000029,0.00027195898,0.0002891042,0.00035612684,0.00042309033999999993,45Q-2040-l,500Mt-CostDecrease,AR,missing,biomass_int_conv,missing,missing,missing,missing,missing,missing,missing,missing,EJ
533,0.0,0.0,0.0,1.84475e-06,1.061814e-05,4.516559e-05,7.582881e-05,0.00024140585,0.00048421619,45Q-2040-l,500Mt-CostDecrease,AR,missing,biomass_int_conv_CCS,missing,missing,missing,missing,missing,missing,missing,missing,EJ
534,0.0,0.0,0.0,1.010119e-05,0.0006529095899999999,0.00227056839,0.00334026822,0.00417437005,0.00257316711,45Q-2040-l,500Mt-CostDecrease,AR,missing,coal_base_IGCC_CCS,missing,missing,missing,missing,missing,missing,missing,missing,EJ
535,0.03436741,0.04729567,0.0,0.0,0.0,0.0,0.0,0.0,0.0,45Q-2040-l,500Mt-CostDecrease,AR,missing,coal_base_conv pul,missing,missing,missing,missing,missing,missing,missing,missing,EJ
536,0.0,0.0,0.01423504,0.0142308,0.01040056,0.001871464,0.001488564,4.538928e-05,1.655456e-06,45Q-2040-l,500Mt-CostDecrease,AR,missing,coal_base_conv pul 1976-1980,missing,missing,missing,missing,missing,missing,missing,missing,EJ
537,0.0,0.0,0.0349453,0.03493921,0.02554932,0.004608537,0.00370551,0.0001182974,5.092439e-06,45Q-2040-l,500Mt-CostDecrease,AR,missing,coal_base_conv pul 1981-1985,missing,missing,missing,missing,missing,missing,missing,missing,EJ
538,0.0,0.0,0.01241809,0.01241663,0.00908176,0.001639885,0.001324783,4.3185e-05,2.031023e-06,45Q-2040-l,500Mt-CostDecrease,AR,missing,coal_base_conv pul 2006-2010,missing,missing,missing,missing,missing,missing,missing,missing,EJ
539,0.0,0.0,0.00999624,0.00999503,0.007310574,0.001320066,0.001066417,3.47629e-05,1.634955e-06,45Q-2040-l,500Mt-CostDecrease,AR,missing,coal_base_conv pul 2011-2015,missing,missing,missing,missing,missing,missing,missing,missing,EJ
540,0.0,0.0,0.0,1.201432e-05,0.0007205155399999999,0.00239805005,0.0034673830099999,0.00415452714,0.002175206645,45Q-2040-l,500Mt-CostDecrease,AR,missing,coal_base_conv pul_CCS,missing,missing,missing,missing,missing,missing,missing,missing,EJ
541,0.0,0.0,0.0,2.61158e-05,7.93511e-05,0.0001842627,0.00026751810000000004,0.0005034372,0.0007752632000000001,45Q-2040-l,500Mt-CostDecrease,AR,missing,coal_int_IGCC_CCS,missing,missing,missing,missing,missing,missing,missing,missing,EJ
542,0.03970502,0.04082213,0.0,0.0,0.0,0.0,0.0,0.0,0.0,45Q-2040-l,500Mt-CostDecrease,AR,missing,coal_int_conv pul,missing,missing,missing,missing,missing,missing,missing,missing,EJ
543,0.0,0.0,0.002103969,0.002103074,0.001733725,0.000743688,0.0008505780000000001,0.0002911627,0.000150977,45Q-2040-l,500Mt-CostDecrease,AR,missing,coal_int_conv pul 1976-1980,missing,missing,missing,missing,missing,missing,missing,missing,EJ
544,0.0,0.0,0.005165008,0.005163444,0.004258935,0.001831363,0.002117355,0.000758851,0.0004644273,45Q-2040-l,500Mt-CostDecrease,AR,missing,coal_int_conv pul 1981-1985,missing,missing,missing,missing,missing,missing,missing,missing,EJ
545,0.0,0.0,0.0018354299999999,0.001834966,0.001513889,0.0006516632,0.000756993,0.0002770227,0.0001852282,45Q-2040-l,500Mt-CostDecrease,AR,missing,coal_int_conv pul 2006-2010,missing,missing,missing,missing,missing,missing,missing,missing,EJ
546,0.0,0.0,0.001477468,0.001477099,0.00121864,0.0005245712,0.0006093587000000001,0.000222997,0.000149107,45Q-2040-l,500Mt-CostDecrease,AR,missing,coal_int_conv pul 2011-2015,missing,missing,missing,missing,missing,missing,missing,missing,EJ
547,0.0,0.0,0.0,3.30304e-05,9.52167e-05,0.000210209,0.0002974436,0.0005339091,0.0007983647,45Q-2040-l,500Mt-CostDecrease,AR,missing,coal_int_conv pul_CCS,missing,missing,missing,missing,missing,missing,missing,missing,EJ
548,0.0003127202,0.0,0.0,0.0,0.0,0.0,0.0,0.0,0.0,45Q-2040-l,500Mt-CostDecrease,AR,missing,coal_peak_conv pul,missing,missing,missing,missing,missing,missing,missing,missing,EJ
549,0.002324342,0.0,0.0,0.0,0.0,0.0,0.0,0.0,0.0,45Q-2040-l,500Mt-CostDecrease,AR,missing,coal_subpeak_conv pul,missing,missing,missing,missing,missing,missing,missing,missing,EJ
550,0.0,0.0,0.0107068,0.010561937,0.015258227,0.0197166854,0.0222850392,0.0085657321999999,0.00141598958,45Q-2040-l,500Mt-CostDecrease,AR,missing,gas_base_CC,missing,missing,missing,missing,missing,missing,missing,missing,EJ
551,0.0,0.0,0.0,3.21889e-05,0.0032030197,0.0110211434,0.0160557289,0.0200044391,0.0111880775,45Q-2040-l,500Mt-CostDecrease,AR,missing,gas_base_CC_CCS,missing,missing,missing,missing,missing,missing,missing,missing,EJ
552,0.00660998,0.0141045,0.04604007,0.04425698,0.04058191,0.03649236,0.03425175,0.03124855,0.0299061,45Q-2040-l,500Mt-CostDecrease,AR,missing,gas_int_CC,missing,missing,missing,missing,missing,missing,missing,missing,EJ
553,0.0,0.0,0.0,0.000256751,0.000931273,0.002135603,0.003068304,0.005587783,0.0083842309999999,45Q-2040-l,500Mt-CostDecrease,AR,missing,gas_int_CC_CCS,missing,missing,missing,missing,missing,missing,missing,missing,EJ
554,0.000258517,0.000710498,0.00042568436,0.00038700098,0.000321036525,0.000249431888,0.000203971086,0.00013701515400000002,9.1236906e-05,45Q-2040-l,500Mt-CostDecrease,AR,missing,gas_peak_CC,missing,missing,missing,missing,missing,missing,missing,missing,EJ
555,0.0,0.0,0.0,2.53121e-08,7.48912e-08,1.42365e-07,1.9331050000000002e-07,3.640595e-07,6.288234e-07,45Q-2040-l,500Mt-CostDecrease,AR,missing,gas_peak_CC_CCS,missing,missing,missing,missing,missing,missing,missing,missing,EJ
556,0.0001915123,0.0002498992,0.00021289028,0.000180783449,8.9293242e-05,4.9452748000000006e-05,5.0312316e-05,2.26233059e-05,1.29667834e-05,45Q-2040-l,500Mt-CostDecrease,AR,missing,gas_peak_steam/CT,missing,missing,missing,missing,missing,missing,missing,missing,EJ
557,0.0017208,0.00472892,0.0029295465,0.0026830342,0.0022860009,0.0018477346,0.0015302832,0.0011393921999999,0.0008664386,45Q-2040-l,500Mt-CostDecrease,AR,missing,gas_subpeak_CC,missing,missing,missing,missing,missing,missing,missing,missing,EJ
558,0.0,0.0,0.0,1.3834e-06,4.13867e-06,7.94228e-06,1.101962e-05,2.29251e-05,3.711053e-05,45Q-2040-l,500Mt-CostDecrease,AR,missing,gas_subpeak_CC_CCS,missing,missing,missing,missing,missing,missing,missing,missing,EJ
559,0.001274872,0.001663304,0.0015206746,0.00132517701,0.0007487834599999999,0.00046253788,0.00047116152,0.00025984205,0.00017768905999999998,45Q-2040-l,500Mt-CostDecrease,AR,missing,gas_subpeak_steam/CT,missing,missing,missing,missing,missing,missing,missing,missing,EJ
560,0.0124031,0.0113332,0.0153146,0.0152911,0.0152744,0.0152767,0.0152425,0.0151146,0.0151314,45Q-2040-l,500Mt-CostDecrease,AR,missing,hydro_base,missing,missing,missing,missing,missing,missing,missing,missing,EJ
561,0.0430551,0.0510939,0.0518822,0.0518483,0.0506011,0.0266031,0.0,0.0,0.0,45Q-2040-l,500Mt-CostDecrease,AR,missing,nuc_base_Gen II,missing,missing,missing,missing,missing,missing,missing,missing,EJ
562,0.0,0.0,0.0,0.0,0.0033725,0.01239406,0.01797112,0.02378036,0.02619969,45Q-2040-l,500Mt-CostDecrease,AR,missing,nuc_base_Gen III,missing,missing,missing,missing,missing,missing,missing,missing,EJ
563,0.0,0.0,3.367141e-05,5.937430999999999e-05,4.238791e-05,2.280036e-05,1.630023e-05,1.171121e-06,5.253652e-08,45Q-2040-l,500Mt-CostDecrease,AR,missing,refined liquids_base_steam/CT,missing,missing,missing,missing,missing,missing,missing,missing,EJ
564,0.0002545143,0.0005552024,0.0,0.0,0.0,0.0,0.0,0.0,0.0,45Q-2040-l,500Mt-CostDecrease,AR,missing,refined liquids_int_steam/CT,missing,missing,missing,missing,missing,missing,missing,missing,EJ
565,0.0,0.0,0.0,0.0,0.0,0.0,0.0,0.0,0.0,45Q-2040-l,500Mt-CostDecrease,AR,missing,refined liquids_peak_steam/CT,missing,missing,missing,missing,missing,missing,missing,missing,EJ
566,6.360368e-05,0.0001388006,0.0,0.0,0.0,0.0,0.0,0.0,0.0,45Q-2040-l,500Mt-CostDecrease,AR,missing,refined liquids_subpeak_steam/CT,missing,missing,missing,missing,missing,missing,missing,missing,EJ
567,0.0,0.0,0.000124034,0.00191332,0.00545427,0.00681038,0.00830908,0.00538448,0.00282226,45Q-2040-l,500Mt-CostDecrease,AR,missing,rooftop_pv,missing,missing,missing,missing,missing,missing,missing,missing,EJ
568,0.0,0.0,0.00627956,0.00648985,0.0277304499999999,0.07804965,0.10797255,0.13738785,0.1442657899999999,45Q-2040-l,500Mt-CostDecrease,AR,missing,wind_base,missing,missing,missing,missing,missing,missing,missing,missing,EJ
569,0.0,0.0,0.000158581,0.00016301014,0.00059743714,0.00169976714,0.00236624814,0.0030444491399999,0.00316788714,45Q-2040-l,500Mt-CostDecrease,AR,missing,wind_base_storage,missing,missing,missing,missing,missing,missing,missing,missing,EJ
570,0.0,0.0,0.000545573,0.001732143,0.002817853,0.005040983,0.006209283,0.009239803,0.009540166,45Q-2040-l,500Mt-CostDecrease,CA,missing,CSP_base_storage,missing,missing,missing,missing,missing,missing,missing,missing,EJ
571,0.0,0.0,0.003193096,0.005172448,0.011006648,0.023227628,0.033070708,0.0852181519999999,0.1134390119999999,45Q-2040-l,500Mt-CostDecrease,CA,missing,CSP_int,missing,missing,missing,missing,missing,missing,missing,missing,EJ
572,0.0,0.0,0.0001361636,0.0002004832,0.0003829218,0.0006858978,0.0008932238,0.0016608017999999,0.0022314682,45Q-2040-l,500Mt-CostDecrease,CA,missing,CSP_peak,missing,missing,missing,missing,missing,missing,missing,missing,EJ
573,0.0001745078,0.0001568942,0.0003272576,0.0005936956,0.0013968596,0.0029059036,0.0040613396,0.0131476303999999,0.016357582,45Q-2040-l,500Mt-CostDecrease,CA,missing,CSP_subpeak,missing,missing,missing,missing,missing,missing,missing,missing,EJ
574,0.0,0.0,9.63224e-05,0.0003262724,0.0005444524,0.0010021933999999,0.0012467043999999,0.0018880884,0.001972172,45Q-2040-l,500Mt-CostDecrease,CA,missing,PV_base_storage,missing,missing,missing,missing,missing,missing,missing,missing,EJ
575,0.0,0.0,0.0676668,0.07707609,0.09475439,0.12152109,0.14258109,0.19169549,0.2384426899999999,45Q-2040-l,500Mt-CostDecrease,CA,missing,PV_int,missing,missing,missing,missing,missing,missing,missing,missing,EJ
576,0.0,0.0,0.000671886,0.000977643,0.001530452,0.002194038,0.002637627,0.004157117,0.004840941,45Q-2040-l,500Mt-CostDecrease,CA,missing,PV_peak,missing,missing,missing,missing,missing,missing,missing,missing,EJ
577,1.08005e-05,0.00183973,0.0145928079999999,0.015859378,0.018293058,0.021598208,0.024070348,0.028528348,0.03426049,45Q-2040-l,500Mt-CostDecrease,CA,missing,PV_subpeak,missing,missing,missing,missing,missing,missing,missing,missing,EJ
578,0.0,0.0,0.000218,0.00055781299,0.00056441735,0.00124526803,0.00074685738,0.001765531103,0.0004829335683,45Q-2040-l,500Mt-CostDecrease,CA,missing,biogas_base_CC,missing,missing,missing,missing,missing,missing,missing,missing,EJ
579,0.0,0.0,0.0,0.000304442,0.00039926935,0.0012223859,0.0008089390000000001,0.00244187005,0.000747999837,45Q-2040-l,500Mt-CostDecrease,CA,missing,biogas_base_CC_CCS,missing,missing,missing,missing,missing,missing,missing,missing,EJ
580,0.0,0.0,0.000206608,0.00018037361,0.00060904938,0.0016691305,0.0017174724,0.0056894707,0.0035646405,45Q-2040-l,500Mt-CostDecrease,CA,missing,biogas_int_CC,missing,missing,missing,missing,missing,missing,missing,missing,EJ
581,0.0,0.0,0.0,6.957e-05,0.00029019145,0.001023361,0.0012147369,0.0048953997,0.0045849241,45Q-2040-l,500Mt-CostDecrease,CA,missing,biogas_int_CC_CCS,missing,missing,missing,missing,missing,missing,missing,missing,EJ
582,0.0,0.0,5.62426e-07,2.7860847e-07,7.717222e-07,1.6603862e-06,1.3292068e-06,3.38329529e-06,2.89398642e-06,45Q-2040-l,500Mt-CostDecrease,CA,missing,biogas_peak_CC,missing,missing,missing,missing,missing,missing,missing,missing,EJ
583,0.0,0.0,0.0,4.16624e-08,1.21434487e-07,2.8080694e-07,2.4639103e-07,6.782529900000001e-07,6.810859899999999e-07,45Q-2040-l,500Mt-CostDecrease,CA,missing,biogas_peak_CC_CCS,missing,missing,missing,missing,missing,missing,missing,missing,EJ
584,0.0,0.0,5.142824e-07,2.40314991e-07,6.454476459999999e-07,1.332582876e-06,9.66472299e-07,2.686539248e-06,2.2193927350000003e-06,45Q-2040-l,500Mt-CostDecrease,CA,missing,biogas_peak_steam/CT,missing,missing,missing,missing,missing,missing,missing,missing,EJ
585,0.0,0.0,8.66896e-07,3.1974629e-06,1.40734405e-05,3.42467765e-05,3.1095723800000004e-05,0.0001654373327,6.1889251e-05,45Q-2040-l,500Mt-CostDecrease,CA,missing,biogas_subpeak_CC,missing,missing,missing,missing,missing,missing,missing,missing,EJ
586,0.0,0.0,0.0,6.82795e-07,3.3144996e-06,9.1519238e-06,9.2664169e-06,5.24651822e-05,2.92766912e-05,45Q-2040-l,500Mt-CostDecrease,CA,missing,biogas_subpeak_CC_CCS,missing,missing,missing,missing,missing,missing,missing,missing,EJ
587,0.0,0.0,5.75924e-07,2.058502834e-06,8.860503463999999e-06,2.074018646e-05,1.6942512254e-05,0.000100703979205,3.2890529361e-05,45Q-2040-l,500Mt-CostDecrease,CA,missing,biogas_subpeak_steam/CT,missing,missing,missing,missing,missing,missing,missing,missing,EJ
588,0.0,0.0,0.0003082722,0.0006551676999999999,0.0008903111999999999,0.0016391106,0.0019816403,0.0027008457999999,0.0008255998200000002,45Q-2040-l,500Mt-CostDecrease,CA,missing,biomass_base_IGCC,missing,missing,missing,missing,missing,missing,missing,missing,EJ
589,0.0,0.0,0.0,0.0002054899,0.0004875345,0.0028490121,0.0044045026,0.0267888195999999,0.0379089195,45Q-2040-l,500Mt-CostDecrease,CA,missing,biomass_base_IGCC_CCS,missing,missing,missing,missing,missing,missing,missing,missing,EJ
590,0.00894371,0.01007174,0.002204437,0.0035087262,0.0041551768,0.0048783786,0.0043860582,0.00316336123,0.0008778774400000001,45Q-2040-l,500Mt-CostDecrease,CA,missing,biomass_base_conv,missing,missing,missing,missing,missing,missing,missing,missing,EJ
591,0.0,0.0,0.0,0.0002273003,0.0006364166999999999,0.0070931046999999,0.011324016,0.2091883121,0.3624860320999999,45Q-2040-l,500Mt-CostDecrease,CA,missing,biomass_base_conv_CCS,missing,missing,missing,missing,missing,missing,missing,missing,EJ
592,0.0,0.0,0.0001129917,0.0001495356,0.00024969680000000005,0.0005043918,0.0007125826,0.0015895637,0.0019805945,45Q-2040-l,500Mt-CostDecrease,CA,missing,biomass_int_IGCC,missing,missing,missing,missing,missing,missing,missing,missing,EJ
593,0.0,0.0,0.0,1.978493e-05,7.811376000000001e-05,0.0002984938,0.0004968545999999999,0.00170636726,0.00245526517,45Q-2040-l,500Mt-CostDecrease,CA,missing,biomass_int_IGCC_CCS,missing,missing,missing,missing,missing,missing,missing,missing,EJ
594,0.00894359,0.01007189,0.0042734313,0.0047999324999999,0.0054034745,0.0063870158,0.0058591276999999,0.0056796357,0.0048582228,45Q-2040-l,500Mt-CostDecrease,CA,missing,biomass_int_conv,missing,missing,missing,missing,missing,missing,missing,missing,EJ
595,0.0,0.0,0.0,2.915944e-05,0.00012659955999999998,0.00057264906,0.00096635186,0.0038018265,0.0055855723,45Q-2040-l,500Mt-CostDecrease,CA,missing,biomass_int_conv_CCS,missing,missing,missing,missing,missing,missing,missing,missing,EJ
596,0.0,0.0,0.0,0.001579421,0.002978892,0.005777121,0.0073708129999999,0.009409592,0.0038792645,45Q-2040-l,500Mt-CostDecrease,CA,missing,coal_base_IGCC_CCS,missing,missing,missing,missing,missing,missing,missing,missing,EJ
597,0.006636975,0.006131223,0.0,0.0,0.0,0.0,0.0,0.0,0.0,45Q-2040-l,500Mt-CostDecrease,CA,missing,coal_base_conv pul,missing,missing,missing,missing,missing,missing,missing,missing,EJ
598,0.0,0.0,0.0,0.001829795,0.003326414,0.006145596,0.007684215,0.008688102,0.0030167072,45Q-2040-l,500Mt-CostDecrease,CA,missing,coal_base_conv pul_CCS,missing,missing,missing,missing,missing,missing,missing,missing,EJ
599,0.0,0.0,0.0,5.55281e-05,0.0002400314,0.0007154596999999999,0.0011353847,0.0028954126,0.0038500043999999,45Q-2040-l,500Mt-CostDecrease,CA,missing,coal_int_IGCC_CCS,missing,missing,missing,missing,missing,missing,missing,missing,EJ
600,0.0003493149,0.001532855,0.0,0.0,0.0,0.0,0.0,0.0,0.0,45Q-2040-l,500Mt-CostDecrease,CA,missing,coal_int_conv pul,missing,missing,missing,missing,missing,missing,missing,missing,EJ
601,0.0,0.0,0.0,6.94311e-05,0.0002828924,0.0007995572999999999,0.0012353913,0.002981584,0.0038911080999999,45Q-2040-l,500Mt-CostDecrease,CA,missing,coal_int_conv pul_CCS,missing,missing,missing,missing,missing,missing,missing,missing,EJ
602,0.034882747,0.067263698,0.1677319099999999,0.185179448,0.148731163,0.0894617449999999,0.0755445739999999,0.0138844043799999,0.002635205743,45Q-2040-l,500Mt-CostDecrease,CA,missing,gas_base_CC,missing,missing,missing,missing,missing,missing,missing,missing,EJ
603,0.0,0.0,0.0,0.008124072,0.0126857809999999,0.02251847,0.027652047,0.0308907339999999,0.0100740468,45Q-2040-l,500Mt-CostDecrease,CA,missing,gas_base_CC_CCS,missing,missing,missing,missing,missing,missing,missing,missing,EJ
604,0.1458690779999999,0.209260517,0.141980463,0.134813102,0.117723048,0.1014130599999999,0.091449693,0.0748415328,0.062278083,45Q-2040-l,500Mt-CostDecrease,CA,missing,gas_int_CC,missing,missing,missing,missing,missing,missing,missing,missing,EJ
605,0.0,0.0,0.0,0.0008746953,0.0027286327999999,0.0071513407999999,0.010943234,0.0262562727,0.0341391699999999,45Q-2040-l,500Mt-CostDecrease,CA,missing,gas_int_CC_CCS,missing,missing,missing,missing,missing,missing,missing,missing,EJ
606,0.0014749482199999,0.0025524951,0.001851344855,0.0016730091495999,0.0013440495059999,0.0009889321957,0.0007678382165,0.00031326988120000004,0.00015945803219999998,45Q-2040-l,500Mt-CostDecrease,CA,missing,gas_peak_CC,missing,missing,missing,missing,missing,missing,missing,missing,EJ
607,0.0,0.0,0.0,1.2753355e-07,3.5293494e-07,8.2912481e-07,1.1696989499999998e-06,2.15778888e-06,2.9614344299999995e-06,45Q-2040-l,500Mt-CostDecrease,CA,missing,gas_peak_CC_CCS,missing,missing,missing,missing,missing,missing,missing,missing,EJ
608,0.0010927359,0.0008978634,0.0006318652590000002,0.000529484872,0.0002761791252,0.00014388766910000003,0.0001096512519,2.6416170820000007e-05,1.3348816030000003e-05,45Q-2040-l,500Mt-CostDecrease,CA,missing,gas_peak_steam/CT,missing,missing,missing,missing,missing,missing,missing,missing,EJ
609,0.0094784255,0.0162532674999999,0.00604203398,0.0055572224,0.00457091228,0.00361995566,0.00295729186,0.00187143309,0.001148866534,45Q-2040-l,500Mt-CostDecrease,CA,missing,gas_subpeak_CC,missing,missing,missing,missing,missing,missing,missing,missing,EJ
610,0.0,0.0,0.0,9.681486e-06,1.8171647e-05,3.8544799e-05,5.4938775e-05,0.000157699961,0.000187282577,45Q-2040-l,500Mt-CostDecrease,CA,missing,gas_subpeak_CC_CCS,missing,missing,missing,missing,missing,missing,missing,missing,EJ
611,0.0070218139999999,0.0057169849999999,0.00274125926,0.0023194770899999,0.0011503162,0.0006946407300000001,0.00056555196,0.000375102896,0.00015026544799999998,45Q-2040-l,500Mt-CostDecrease,CA,missing,gas_subpeak_steam/CT,missing,missing,missing,missing,missing,missing,missing,missing,EJ
612,0.0542365,0.0535361,0.05895741,0.06947669,0.07678886,0.0928601699999999,0.10200287,0.0803517099999999,0.08030068,45Q-2040-l,500Mt-CostDecrease,CA,missing,geo_base,missing,missing,missing,missing,missing,missing,missing,missing,EJ
613,0.0807207,0.145691,0.0592345,0.0591436,0.0590792,0.0590878,0.0589555,0.0584611,0.0585261,45Q-2040-l,500Mt-CostDecrease,CA,missing,hydro_base,missing,missing,missing,missing,missing,missing,missing,missing,EJ
614,0.124763,0.134935,0.0693812,0.0,0.0,0.0,0.0,0.0,0.0,45Q-2040-l,500Mt-CostDecrease,CA,missing,nuc_base_Gen II,missing,missing,missing,missing,missing,missing,missing,missing,EJ
615,0.0,0.0,0.0,0.0,0.00847042,0.02638961,0.03608809,0.06188536,0.06923699,45Q-2040-l,500Mt-CostDecrease,CA,missing,nuc_base_Gen III,missing,missing,missing,missing,missing,missing,missing,missing,EJ
616,0.0018018,0.00087566,1.37865e-05,2.18025e-05,1.33702e-05,6.42474e-06,4.56141e-06,1.96143e-07,1.44231e-08,45Q-2040-l,500Mt-CostDecrease,CA,missing,refined liquids_base_steam/CT,missing,missing,missing,missing,missing,missing,missing,missing,EJ
617,0.0144141,0.00700519,0.0,0.0,0.0,0.0,0.0,0.0,0.0,45Q-2040-l,500Mt-CostDecrease,CA,missing,refined liquids_int_steam/CT,missing,missing,missing,missing,missing,missing,missing,missing,EJ
618,0.00180178,0.000875668,0.0,0.0,0.0,0.0,0.0,0.0,0.0,45Q-2040-l,500Mt-CostDecrease,CA,missing,refined liquids_subpeak_steam/CT,missing,missing,missing,missing,missing,missing,missing,missing,EJ
619,0.0,0.0,0.00173557,0.0137141,0.0389384,0.0891258,0.120292,0.0643821,0.0339058,45Q-2040-l,500Mt-CostDecrease,CA,missing,rooftop_pv,missing,missing,missing,missing,missing,missing,missing,missing,EJ
620,0.0109206,0.015404,0.0550322,0.0883238,0.1123753,0.1556207,0.1783558,0.200872,0.2109844,45Q-2040-l,500Mt-CostDecrease,CA,missing,wind_base,missing,missing,missing,missing,missing,missing,missing,missing,EJ
621,0.0,0.0,0.0,0.00275056,0.0077085,0.0190028,0.02607156,0.04802046,0.05270065,45Q-2040-l,500Mt-CostDecrease,CA,missing,wind_base_offshore,missing,missing,missing,missing,missing,missing,missing,missing,EJ
622,0.0,0.0,0.000312361,0.0012781,0.001962116,0.003309666,0.004010909,0.0058445089999999,0.006045913,45Q-2040-l,500Mt-CostDecrease,CA,missing,wind_base_storage,missing,missing,missing,missing,missing,missing,missing,missing,EJ
623,0.0,0.0,0.000279739,0.0003293735,0.0007926624999999999,0.0012791414999999,0.0014788825,0.0018868585,0.0018945375,45Q-2040-l,500Mt-CostDecrease,CO,missing,CSP_base_storage,missing,missing,missing,missing,missing,missing,missing,missing,EJ
624,0.0,0.0,0.00086232,0.0014349699999999,0.00475963,0.00867567,0.0117981299999999,0.02072179,0.03257801,45Q-2040-l,500Mt-CostDecrease,CO,missing,CSP_int,missing,missing,missing,missing,missing,missing,missing,missing,EJ
625,0.0,0.0,3.74474e-05,5.9195000000000005e-05,0.0001388552,0.0001890484,0.0002504016,0.0003990816,0.0006241101999999999,45Q-2040-l,500Mt-CostDecrease,CO,missing,CSP_peak,missing,missing,missing,missing,missing,missing,missing,missing,EJ
626,0.0001881032,0.000169099,0.0010768633999999,0.0011379515999999,0.0014306676,0.0015286616,0.0017975176,0.0031876056,0.0043974002,45Q-2040-l,500Mt-CostDecrease,CO,missing,CSP_subpeak,missing,missing,missing,missing,missing,missing,missing,missing,EJ
627,0.0,0.0,5.21638e-05,6.22109e-05,0.0001594403,0.00026400830000000003,0.00030763590000000004,0.0003976974000000001,0.0004094294,45Q-2040-l,500Mt-CostDecrease,CO,missing,PV_base_storage,missing,missing,missing,missing,missing,missing,missing,missing,EJ
628,0.0,0.0,0.00598722,0.00997239,0.02800809,0.0400606899999999,0.04824858,0.07013978,0.0951387599999999,45Q-2040-l,500Mt-CostDecrease,CO,missing,PV_int,missing,missing,missing,missing,missing,missing,missing,missing,EJ
629,0.0,0.0,0.000260003,0.000411348,0.00084349,0.000997972,0.001158856,0.001523593,0.001903063,45Q-2040-l,500Mt-CostDecrease,CO,missing,PV_peak,missing,missing,missing,missing,missing,missing,missing,missing,EJ
630,0.0,0.0,0.001620357,0.002045481,0.003633411,0.003935012,0.004640019,0.009391619,0.012017742,45Q-2040-l,500Mt-CostDecrease,CO,missing,PV_subpeak,missing,missing,missing,missing,missing,missing,missing,missing,EJ
631,0.0,0.0,0.000157197,3.3364511e-05,0.00033017821800000003,0.000383404982,0.000184668381,0.000335957254,0.0002286597429,45Q-2040-l,500Mt-CostDecrease,CO,missing,biogas_base_CC,missing,missing,missing,missing,missing,missing,missing,missing,EJ
632,0.0,0.0,0.0,1.74638e-05,0.000234025815,0.000380846261,0.000205945241,0.000488848438,0.000371757588,45Q-2040-l,500Mt-CostDecrease,CO,missing,biogas_base_CC_CCS,missing,missing,missing,missing,missing,missing,missing,missing,EJ
633,0.0,0.0,0.000168544,8.494465e-05,0.00039629561,0.0006148576,0.0006492736,0.0014277317,0.00182522347,45Q-2040-l,500Mt-CostDecrease,CO,missing,biogas_int_CC,missing,missing,missing,missing,missing,missing,missing,missing,EJ
634,0.0,0.0,0.0,3.00538e-05,0.00018405245,0.00036966808,0.00045488605,0.001308042,0.002135093,45Q-2040-l,500Mt-CostDecrease,CO,missing,biogas_int_CC_CCS,missing,missing,missing,missing,missing,missing,missing,missing,EJ
635,0.0,0.0,1.82139e-07,1.1011157e-07,3.4681022e-07,2.8407723e-07,3.7863887000000004e-07,7.953411599999999e-07,1.22403422e-06,45Q-2040-l,500Mt-CostDecrease,CO,missing,biogas_peak_CC,missing,missing,missing,missing,missing,missing,missing,missing,EJ
636,0.0,0.0,0.0,1.60233e-08,5.3541539e-08,4.800408e-08,6.871116e-08,1.6732086000000001e-07,2.8232398e-07,45Q-2040-l,500Mt-CostDecrease,CO,missing,biogas_peak_CC_CCS,missing,missing,missing,missing,missing,missing,missing,missing,EJ
637,0.0,0.0,1.7058339999999998e-07,9.67755e-08,2.984465e-07,2.1881766e-07,2.77967874e-07,6.199121730000001e-07,9.63716884e-07,45Q-2040-l,500Mt-CostDecrease,CO,missing,biogas_peak_steam/CT,missing,missing,missing,missing,missing,missing,missing,missing,EJ
638,0.0,0.0,5.36195e-07,8.941170999999999e-07,5.5211076e-06,2.6836893e-06,7.0157644e-06,5.15351301e-05,2.82471982e-05,45Q-2040-l,500Mt-CostDecrease,CO,missing,biogas_subpeak_CC,missing,missing,missing,missing,missing,missing,missing,missing,EJ
639,0.0,0.0,0.0,1.83362e-07,1.25720754e-06,7.467027e-07,1.9782734e-06,1.59069325e-05,1.34078079e-05,45Q-2040-l,500Mt-CostDecrease,CO,missing,biogas_subpeak_CC_CCS,missing,missing,missing,missing,missing,missing,missing,missing,EJ
640,0.0,0.0,3.654727e-07,5.869401510000001e-07,3.56956868e-06,1.4137669610000002e-06,3.977207727e-06,3.2085644197000006e-05,1.5320406706e-05,45Q-2040-l,500Mt-CostDecrease,CO,missing,biogas_subpeak_steam/CT,missing,missing,missing,missing,missing,missing,missing,missing,EJ
641,0.0,0.0,2.76343e-05,2.057606e-05,6.600961e-05,0.00014295668999999997,0.0001697557,0.000243660686,0.00017350692369999998,45Q-2040-l,500Mt-CostDecrease,CO,missing,biomass_base_IGCC,missing,missing,missing,missing,missing,missing,missing,missing,EJ
642,0.0,0.0,0.0,2.4497700000000003e-06,4.881262e-05,0.00029411476,0.00044301955,0.00244660048,0.00547268132,45Q-2040-l,500Mt-CostDecrease,CO,missing,biomass_base_IGCC_CCS,missing,missing,missing,missing,missing,missing,missing,missing,EJ
643,1.750033e-05,6.85992e-05,7.14693e-05,4.606195e-05,0.00011900439,0.00023410246,0.00024064843,0.000293988266,0.0002149327329,45Q-2040-l,500Mt-CostDecrease,CO,missing,biomass_base_conv,missing,missing,missing,missing,missing,missing,missing,missing,EJ
644,0.0,0.0,0.0,2.81529e-06,7.237636e-05,0.00075786898,0.00117537867,0.02003407163,0.07088416507,45Q-2040-l,500Mt-CostDecrease,CO,missing,biomass_base_conv_CCS,missing,missing,missing,missing,missing,missing,missing,missing,EJ
645,0.0,0.0,9.84572e-06,1.19873e-05,2.361835e-05,4.333585e-05,6.180583e-05,0.00012059345999999998,0.00020360818,45Q-2040-l,500Mt-CostDecrease,CO,missing,biomass_int_IGCC,missing,missing,missing,missing,missing,missing,missing,missing,EJ
646,0.0,0.0,0.0,1.281911e-06,8.342355e-06,2.5283369e-05,4.294778899999999e-05,0.000124710225,0.00026695952,45Q-2040-l,500Mt-CostDecrease,CO,missing,biomass_int_IGCC_CCS,missing,missing,missing,missing,missing,missing,missing,missing,EJ
647,1.75003e-05,6.85992e-05,7.958289999999999e-05,9.641679e-05,0.00011319404,0.00017384391000000002,0.00020047447,0.00029509443,0.00041747231,45Q-2040-l,500Mt-CostDecrease,CO,missing,biomass_int_conv,missing,missing,missing,missing,missing,missing,missing,missing,EJ
648,0.0,0.0,0.0,1.95517e-06,1.414317e-05,4.951365e-05,8.579045e-05,0.00028500276,0.0006410248399999999,45Q-2040-l,500Mt-CostDecrease,CO,missing,biomass_int_conv_CCS,missing,missing,missing,missing,missing,missing,missing,missing,EJ
649,0.0,0.0,0.0,0.0001634334,0.0011393393,0.0021216753,0.0025664474999999,0.0033290236999999,0.0027133918999999,45Q-2040-l,500Mt-CostDecrease,CO,missing,coal_base_IGCC_CCS,missing,missing,missing,missing,missing,missing,missing,missing,EJ
650,0.056402925,0.078792503,0.0,0.0,0.0,0.0,0.0,0.0,0.0,45Q-2040-l,500Mt-CostDecrease,CO,missing,coal_base_conv pul,missing,missing,missing,missing,missing,missing,missing,missing,EJ
651,0.0,0.0,3.1442251e-05,0.0,0.0,0.0,0.0,0.0,0.0,45Q-2040-l,500Mt-CostDecrease,CO,missing,coal_base_conv pul 1956-1960,missing,missing,missing,missing,missing,missing,missing,missing,EJ
652,0.0,0.0,0.0030029994,0.0029825960999999,0.0018471079999999,0.00024670646,0.0001342818,0.0,0.0,45Q-2040-l,500Mt-CostDecrease,CO,missing,coal_base_conv pul 1961-1965,missing,missing,missing,missing,missing,missing,missing,missing,EJ
653,0.0,0.0,0.0009661131,0.0009631733,0.00060639942,8.657075900000001e-05,5.7733783000000006e-05,1.0686403999999998e-06,0.0,45Q-2040-l,500Mt-CostDecrease,CO,missing,coal_base_conv pul 1966-1970,missing,missing,missing,missing,missing,missing,missing,missing,EJ
654,0.0,0.0,0.012700665,0.008497902,0.0,0.0,0.0,0.0,0.0,45Q-2040-l,500Mt-CostDecrease,CO,missing,coal_base_conv pul 1971-1975,missing,missing,missing,missing,missing,missing,missing,missing,EJ
655,0.0,0.0,0.023458407,0.023386984,0.014724136,0.0021020427,0.0014018436,2.5947835e-05,0.0,45Q-2040-l,500Mt-CostDecrease,CO,missing,coal_base_conv pul 1976-1980,missing,missing,missing,missing,missing,missing,missing,missing,EJ
656,0.0,0.0,0.020309765,0.020299472,0.012925553,0.0019381504,0.0015685261,5.134824e-05,2.2849674e-06,45Q-2040-l,500Mt-CostDecrease,CO,missing,coal_base_conv pul 1981-1985,missing,missing,missing,missing,missing,missing,missing,missing,EJ
657,0.0,0.0,7.2738477e-05,0.0,0.0,0.0,0.0,0.0,0.0,45Q-2040-l,500Mt-CostDecrease,CO,missing,coal_base_conv pul 1991-1995,missing,missing,missing,missing,missing,missing,missing,missing,EJ
658,0.0,0.0,0.015710755,0.015703638,0.0100015709999999,0.0015012861,0.0012207188,4.0804604e-05,1.9837901e-06,45Q-2040-l,500Mt-CostDecrease,CO,missing,coal_base_conv pul 2006-2010,missing,missing,missing,missing,missing,missing,missing,missing,EJ
659,0.0,0.0,2.8759862e-05,1.7580562e-05,0.0,0.0,0.0,0.0,0.0,45Q-2040-l,500Mt-CostDecrease,CO,missing,coal_base_conv pul before 1950,missing,missing,missing,missing,missing,missing,missing,missing,EJ
660,0.0,0.0,0.0,0.0002035923,0.0013177743,0.0023652662,0.0028221376999999,0.0035109408999999,0.0025312018,45Q-2040-l,500Mt-CostDecrease,CO,missing,coal_base_conv pul_CCS,missing,missing,missing,missing,missing,missing,missing,missing,EJ
661,0.01104317,0.015426826,0.0,0.0,0.0,0.0,0.0,0.0,0.0,45Q-2040-l,500Mt-CostDecrease,CO,missing,coal_base_conv pul_retire_2020,missing,missing,missing,missing,missing,missing,missing,missing,EJ
662,0.0,0.0,0.0,8.03225e-05,0.0001964303,0.0003514341,0.0004854695,0.0008517895000000001,0.001346853,45Q-2040-l,500Mt-CostDecrease,CO,missing,coal_int_IGCC_CCS,missing,missing,missing,missing,missing,missing,missing,missing,EJ
663,0.039105386,0.037914944,0.0,0.0,0.0,0.0,0.0,0.0,0.0,45Q-2040-l,500Mt-CostDecrease,CO,missing,coal_int_conv pul,missing,missing,missing,missing,missing,missing,missing,missing,EJ
664,0.0,0.0,9.756687000000002e-06,0.0,0.0,0.0,0.0,0.0,0.0,45Q-2040-l,500Mt-CostDecrease,CO,missing,coal_int_conv pul 1956-1960,missing,missing,missing,missing,missing,missing,missing,missing,EJ
665,0.0,0.0,0.0009318441,0.0009258895,0.0008091164200000001,0.00035092073,0.00023186387,0.0,0.0,45Q-2040-l,500Mt-CostDecrease,CO,missing,coal_int_conv pul 1961-1965,missing,missing,missing,missing,missing,missing,missing,missing,EJ
666,0.0,0.0,0.00029978963999999995,0.00029899784,0.00026563012,0.00012314023999999998,9.968847e-05,1.3873031999999998e-05,0.0,45Q-2040-l,500Mt-CostDecrease,CO,missing,coal_int_conv pul 1966-1970,missing,missing,missing,missing,missing,missing,missing,missing,EJ
667,0.0,0.0,0.0039410658,0.0026380066,0.0,0.0,0.0,0.0,0.0,45Q-2040-l,500Mt-CostDecrease,CO,missing,coal_int_conv pul 1971-1975,missing,missing,missing,missing,missing,missing,missing,missing,EJ
668,0.0,0.0,0.0072792519,0.0072600363,0.0064498242,0.0029899856,0.002420556,0.00033685453000000003,0.0,45Q-2040-l,500Mt-CostDecrease,CO,missing,coal_int_conv pul 1976-1980,missing,missing,missing,missing,missing,missing,missing,missing,EJ
669,0.0,0.0,0.0063022197,0.0063015753999999,0.0056619882999999,0.0027568665,0.0027083578999999,0.00066660052,0.00031373308,45Q-2040-l,500Mt-CostDecrease,CO,missing,coal_int_conv pul 1981-1985,missing,missing,missing,missing,missing,missing,missing,missing,EJ
670,0.0,0.0,2.2571133e-05,0.0,0.0,0.0,0.0,0.0,0.0,45Q-2040-l,500Mt-CostDecrease,CO,missing,coal_int_conv pul 1991-1995,missing,missing,missing,missing,missing,missing,missing,missing,EJ
671,0.0,0.0,0.0048751278,0.0048748867999999,0.0043811366,0.002135465,0.0021078042,0.00052972466,0.00027238065,45Q-2040-l,500Mt-CostDecrease,CO,missing,coal_int_conv pul 2006-2010,missing,missing,missing,missing,missing,missing,missing,missing,EJ
672,0.0,0.0,8.924326e-06,5.457534199999999e-06,0.0,0.0,0.0,0.0,0.0,45Q-2040-l,500Mt-CostDecrease,CO,missing,coal_int_conv pul before 1950,missing,missing,missing,missing,missing,missing,missing,missing,EJ
673,0.0,0.0,0.0,0.0001036554,0.00024158290000000004,0.000413839,0.0005559707,0.0009268713,0.001412926,45Q-2040-l,500Mt-CostDecrease,CO,missing,coal_int_conv pul_CCS,missing,missing,missing,missing,missing,missing,missing,missing,EJ
674,0.0076564659,0.0074233824,0.0,0.0,0.0,0.0,0.0,0.0,0.0,45Q-2040-l,500Mt-CostDecrease,CO,missing,coal_int_conv pul_retire_2020,missing,missing,missing,missing,missing,missing,missing,missing,EJ
675,0.00051724529,0.0,0.0,0.0,0.0,0.0,0.0,0.0,0.0,45Q-2040-l,500Mt-CostDecrease,CO,missing,coal_peak_conv pul,missing,missing,missing,missing,missing,missing,missing,missing,EJ
676,0.00010127171,0.0,0.0,0.0,0.0,0.0,0.0,0.0,0.0,45Q-2040-l,500Mt-CostDecrease,CO,missing,coal_peak_conv pul_retire_2020,missing,missing,missing,missing,missing,missing,missing,missing,EJ
677,0.0034376162999999,0.0,0.0,0.0,0.0,0.0,0.0,0.0,0.0,45Q-2040-l,500Mt-CostDecrease,CO,missing,coal_subpeak_conv pul,missing,missing,missing,missing,missing,missing,missing,missing,EJ
678,0.00067305296,0.0,0.0,0.0,0.0,0.0,0.0,0.0,0.0,45Q-2040-l,500Mt-CostDecrease,CO,missing,coal_subpeak_conv pul_retire_2020,missing,missing,missing,missing,missing,missing,missing,missing,EJ
679,0.000622411,0.0061418199999999,0.00716699,0.008158464,0.013225972,0.013302648,0.013278199,0.0041046582,0.00122272077,45Q-2040-l,500Mt-CostDecrease,CO,missing,gas_base_CC,missing,missing,missing,missing,missing,missing,missing,missing,EJ
680,0.0,0.0,0.0,0.000377947,0.003936425,0.0074147959999999,0.008901615,0.010815442,0.0057653837,45Q-2040-l,500Mt-CostDecrease,CO,missing,gas_base_CC_CCS,missing,missing,missing,missing,missing,missing,missing,missing,EJ
681,0.002622847,0.02588026,0.04668757,0.0458964299999999,0.044228715,0.040751407,0.038767469,0.034680241,0.03328062,45Q-2040-l,500Mt-CostDecrease,CO,missing,gas_int_CC,missing,missing,missing,missing,missing,missing,missing,missing,EJ
682,0.0,0.0,0.0,0.0004180846,0.001711534,0.0032831760999999,0.0046099687,0.0080805264,0.0125967306,45Q-2040-l,500Mt-CostDecrease,CO,missing,gas_int_CC_CCS,missing,missing,missing,missing,missing,missing,missing,missing,EJ
683,6.74018e-05,0.0008567830000000001,0.000595032949,0.0005408847114999999,0.0004405615755,0.00033437496420000003,0.00026546555640000007,0.00014370396269999998,7.75132958e-05,45Q-2040-l,500Mt-CostDecrease,CO,missing,gas_peak_CC,missing,missing,missing,missing,missing,missing,missing,missing,EJ
684,0.0,0.0,0.0,4.751193e-08,1.4569982999999998e-07,2.1683358000000006e-07,3.0943983e-07,5.2430062e-07,8.745486100000001e-07,45Q-2040-l,500Mt-CostDecrease,CO,missing,gas_peak_CC_CCS,missing,missing,missing,missing,missing,missing,missing,missing,EJ
685,4.99014e-05,0.000301394,0.00028022108,0.000241603369,0.000115272043,6.1296261e-05,5.1389113e-05,1.52746236e-05,7.4668352e-06,45Q-2040-l,500Mt-CostDecrease,CO,missing,gas_peak_steam/CT,missing,missing,missing,missing,missing,missing,missing,missing,EJ
686,0.0004442077,0.00564417,0.0011688826799999,0.0010801552899999,0.00092765148,0.0007403054500000001,0.0006186364000000002,0.0005257536300000001,0.000390967013,45Q-2040-l,500Mt-CostDecrease,CO,missing,gas_subpeak_CC,missing,missing,missing,missing,missing,missing,missing,missing,EJ
687,0.0,0.0,0.0,1.49777e-06,4.809496e-06,6.046257999999999e-06,9.684371e-06,4.0356609e-05,5.5143974e-05,45Q-2040-l,500Mt-CostDecrease,CO,missing,gas_subpeak_CC_CCS,missing,missing,missing,missing,missing,missing,missing,missing,EJ
688,0.000329005,0.00198529,0.0005728924,0.0005181878,0.00029950149,0.00017734036,0.00016306839,0.00013441369,7.200164099999999e-05,45Q-2040-l,500Mt-CostDecrease,CO,missing,gas_subpeak_steam/CT,missing,missing,missing,missing,missing,missing,missing,missing,EJ
689,0.0,0.0,0.000280751,0.000339655,0.0009570435,0.0018593403,0.0023387033,0.0034923768,0.0035353542999999,45Q-2040-l,500Mt-CostDecrease,CO,missing,geo_base,missing,missing,missing,missing,missing,missing,missing,missing,EJ
690,0.0048185,0.0052037,0.006924,0.0069134,0.0069058,0.0069068,0.0068914,0.0068336,0.0068412,45Q-2040-l,500Mt-CostDecrease,CO,missing,hydro_base,missing,missing,missing,missing,missing,missing,missing,missing,EJ
691,0.0,0.0,7.893659999999999e-07,8.920450000000001e-07,4.6068180000000004e-07,3.309495e-07,2.410212e-07,1.877751e-08,8.90817e-10,45Q-2040-l,500Mt-CostDecrease,CO,missing,refined liquids_base_steam/CT,missing,missing,missing,missing,missing,missing,missing,missing,EJ
692,0.0,0.0,1.139074e-05,1.314537e-05,6.688014e-06,6.338838999999999e-06,5.318541e-06,2.540456e-06,1.3192690000000002e-06,45Q-2040-l,500Mt-CostDecrease,CO,missing,refined liquids_int_steam/CT,missing,missing,missing,missing,missing,missing,missing,missing,EJ
693,0.0,0.0,0.0,0.0,0.0,0.0,0.0,0.0,0.0,45Q-2040-l,500Mt-CostDecrease,CO,missing,refined liquids_peak_steam/CT,missing,missing,missing,missing,missing,missing,missing,missing,EJ
694,0.0001017016,9.33996e-05,0.0,0.0,0.0,0.0,0.0,0.0,0.0,45Q-2040-l,500Mt-CostDecrease,CO,missing,refined liquids_subpeak_steam/CT,missing,missing,missing,missing,missing,missing,missing,missing,EJ
695,0.0,0.0,0.000775483,0.00468495,0.00688245,0.013087,0.0173761,0.0114176,0.00568511,45Q-2040-l,500Mt-CostDecrease,CO,missing,rooftop_pv,missing,missing,missing,missing,missing,missing,missing,missing,EJ
696,0.0,0.00168338,0.03666962,0.04030103,0.06949393,0.09199613,0.10160902,0.09735212,0.1089419,45Q-2040-l,500Mt-CostDecrease,CO,missing,wind_base,missing,missing,missing,missing,missing,missing,missing,missing,EJ
697,0.0,0.0,0.000195705,0.000259246,0.000833947,0.001436135,0.001689163,0.002221315,0.002412553,45Q-2040-l,500Mt-CostDecrease,CO,missing,wind_base_storage,missing,missing,missing,missing,missing,missing,missing,missing,EJ
698,0.0,0.000701392,0.0,0.0,0.0,0.0,0.0,0.0,0.0,45Q-2040-l,500Mt-CostDecrease,CO,missing,wind_int,missing,missing,missing,missing,missing,missing,missing,missing,EJ
699,0.0,0.000420798,0.0,0.0,0.0,0.0,0.0,0.0,0.0,45Q-2040-l,500Mt-CostDecrease,CO,missing,wind_subpeak,missing,missing,missing,missing,missing,missing,missing,missing,EJ
700,0.0,0.0,3.49085e-05,4.95784e-05,8.32554e-05,0.0001516664,0.0001888398,0.0002492151,0.0002618059,45Q-2040-l,500Mt-CostDecrease,CT,missing,PV_base_storage,missing,missing,missing,missing,missing,missing,missing,missing,EJ
701,0.0,0.0,0.0013452,0.00332592,0.00786066,0.01216851,0.01522482,0.0198373999999999,0.0215862,45Q-2040-l,500Mt-CostDecrease,CT,missing,PV_int,missing,missing,missing,missing,missing,missing,missing,missing,EJ
702,0.0,0.0,8.71434e-05,0.0001725733,0.0003374843,0.0004678443,0.0005443202999999999,0.0006959592999999999,0.0007578029,45Q-2040-l,500Mt-CostDecrease,CT,missing,PV_peak,missing,missing,missing,missing,missing,missing,missing,missing,EJ
703,0.0,0.0,0.0004139602,0.0009020022,0.0018662902,0.0026633172,0.0031585752,0.004704036,0.005124298,45Q-2040-l,500Mt-CostDecrease,CT,missing,PV_subpeak,missing,missing,missing,missing,missing,missing,missing,missing,EJ
704,0.0,0.0,0.000166539,7.572234e-05,0.00018042783,0.00038590323,0.00024291532,0.000346939306,0.000262008421,45Q-2040-l,500Mt-CostDecrease,CT,missing,biogas_base_CC,missing,missing,missing,missing,missing,missing,missing,missing,EJ
705,0.0,0.0,0.0,3.86688e-05,0.000120067504,0.00035136681,0.00024036717,0.000449953783,0.000378169026,45Q-2040-l,500Mt-CostDecrease,CT,missing,biogas_base_CC_CCS,missing,missing,missing,missing,missing,missing,missing,missing,EJ
706,0.0,0.0,6.50963e-05,6.488918000000001e-05,0.00016378031,0.00032895669999999995,0.000445306,0.0007545732,0.0008104284,45Q-2040-l,500Mt-CostDecrease,CT,missing,biogas_int_CC,missing,missing,missing,missing,missing,missing,missing,missing,EJ
707,0.0,0.0,0.0,2.28726e-05,7.255511e-05,0.00018230031,0.0002722792,0.0005805243999999999,0.0007468625,45Q-2040-l,500Mt-CostDecrease,CT,missing,biogas_int_CC_CCS,missing,missing,missing,missing,missing,missing,missing,missing,EJ
708,0.0,0.0,1.17608e-07,1.0751341000000001e-07,2.3480038e-07,3.6492930000000003e-07,3.891142e-07,7.828944e-07,9.041716e-07,45Q-2040-l,500Mt-CostDecrease,CT,missing,biogas_peak_CC,missing,missing,missing,missing,missing,missing,missing,missing,EJ
709,0.0,0.0,0.0,1.57944e-08,3.6473079e-08,6.098621e-08,7.125075e-08,1.7099296000000001e-07,2.3721022000000002e-07,45Q-2040-l,500Mt-CostDecrease,CT,missing,biogas_peak_CC_CCS,missing,missing,missing,missing,missing,missing,missing,missing,EJ
710,0.0,0.0,1.071363e-07,9.1433505e-08,1.93530889e-07,2.69286073e-07,2.2024980800000005e-07,4.869746039999999e-07,4.97760357e-07,45Q-2040-l,500Mt-CostDecrease,CT,missing,biogas_peak_steam/CT,missing,missing,missing,missing,missing,missing,missing,missing,EJ
711,0.0,0.0,1.96073e-06,2.5771708e-06,5.7649088e-06,9.595658e-06,1.1386789e-05,3.2245998000000004e-05,2.6722401000000003e-05,45Q-2040-l,500Mt-CostDecrease,CT,missing,biogas_subpeak_CC,missing,missing,missing,missing,missing,missing,missing,missing,EJ
712,0.0,0.0,0.0,5.26994e-07,1.3109453e-06,2.4742946e-06,3.222797e-06,1.0600019e-05,1.1908722e-05,45Q-2040-l,500Mt-CostDecrease,CT,missing,biogas_subpeak_CC_CCS,missing,missing,missing,missing,missing,missing,missing,missing,EJ
713,0.0,0.0,1.297585e-06,1.60931689e-06,3.5184873900000005e-06,5.151406829999999e-06,4.56429698e-06,1.6035127940000003e-05,8.547109490000001e-06,45Q-2040-l,500Mt-CostDecrease,CT,missing,biogas_subpeak_steam/CT,missing,missing,missing,missing,missing,missing,missing,missing,EJ
714,0.0,0.0,7.76776e-05,8.739210999999999e-05,0.0001307084,0.00024967527,0.00031843224,0.00042818525,0.000376439,45Q-2040-l,500Mt-CostDecrease,CT,missing,biomass_base_IGCC,missing,missing,missing,missing,missing,missing,missing,missing,EJ
715,0.0,0.0,0.0,9.96485e-06,4.648313e-05,0.00032764785,0.00052907015,0.00203079408,0.00403307628,45Q-2040-l,500Mt-CostDecrease,CT,missing,biomass_base_IGCC_CCS,missing,missing,missing,missing,missing,missing,missing,missing,EJ
716,0.00198324,0.00187681,0.000604116,0.0006830552000000001,0.0008261067,0.0009875411000000002,0.0009260224,0.000595934,0.0003871499,45Q-2040-l,500Mt-CostDecrease,CT,missing,biomass_base_conv,missing,missing,missing,missing,missing,missing,missing,missing,EJ
717,0.0,0.0,0.0,1.07649e-05,6.07014e-05,0.0007015095000000001,0.0011528455,0.0085679831,0.020754428,45Q-2040-l,500Mt-CostDecrease,CT,missing,biomass_base_conv_CCS,missing,missing,missing,missing,missing,missing,missing,missing,EJ
718,0.0,0.0,2.660211e-05,3.805259e-05,5.7608550000000006e-05,9.031603e-05,0.0001211826,0.00017589081,0.00021365784,45Q-2040-l,500Mt-CostDecrease,CT,missing,biomass_int_IGCC,missing,missing,missing,missing,missing,missing,missing,missing,EJ
719,0.0,0.0,0.0,4.84921e-06,1.571006e-05,4.167973e-05,6.792109e-05,0.00013431176999999998,0.00018812388000000004,45Q-2040-l,500Mt-CostDecrease,CT,missing,biomass_int_IGCC_CCS,missing,missing,missing,missing,missing,missing,missing,missing,EJ
720,0.00198324,0.00187681,0.001271116,0.0012764839,0.001230904,0.001305872,0.0012202229,0.0011283544,0.0009835014,45Q-2040-l,500Mt-CostDecrease,CT,missing,biomass_int_conv,missing,missing,missing,missing,missing,missing,missing,missing,EJ
721,0.0,0.0,0.0,7.08458e-06,2.491653e-05,7.573337e-05,0.00012598907,0.00027342096,0.00039403424,45Q-2040-l,500Mt-CostDecrease,CT,missing,biomass_int_conv_CCS,missing,missing,missing,missing,missing,missing,missing,missing,EJ
722,0.0,0.0,0.0,0.0001603099,0.0004981385,0.0011446705,0.0014964334,0.0017190825999999,0.0014475682,45Q-2040-l,500Mt-CostDecrease,CT,missing,coal_base_IGCC_CCS,missing,missing,missing,missing,missing,missing,missing,missing,EJ
723,0.0062297599999999,0.00682512,0.0,0.0,0.0,0.0,0.0,0.0,0.0,45Q-2040-l,500Mt-CostDecrease,CT,missing,coal_base_conv pul,missing,missing,missing,missing,missing,missing,missing,missing,EJ
724,0.0,0.0,0.00057346,0.0,0.0,0.0,0.0,0.0,0.0,45Q-2040-l,500Mt-CostDecrease,CT,missing,coal_base_conv pul 1966-1970,missing,missing,missing,missing,missing,missing,missing,missing,EJ
725,0.0,0.0,0.0,0.00017616730000000002,0.0005198427,0.0011410147,0.0014554942,0.0015048883,0.00114091584,45Q-2040-l,500Mt-CostDecrease,CT,missing,coal_base_conv pul_CCS,missing,missing,missing,missing,missing,missing,missing,missing,EJ
726,0.00509708,0.00558418,0.0,0.0,0.0,0.0,0.0,0.0,0.0,45Q-2040-l,500Mt-CostDecrease,CT,missing,coal_base_conv pul_retire_2020,missing,missing,missing,missing,missing,missing,missing,missing,EJ
727,0.0,0.0,0.0,1.7308009999999998e-05,5.943604e-05,0.00012825818,0.00019548979,0.00031338837000000004,0.00039735133,45Q-2040-l,500Mt-CostDecrease,CT,missing,coal_int_IGCC_CCS,missing,missing,missing,missing,missing,missing,missing,missing,EJ
728,0.00155747,0.0017062779999999,0.0,0.0,0.0,0.0,0.0,0.0,0.0,45Q-2040-l,500Mt-CostDecrease,CT,missing,coal_int_conv pul,missing,missing,missing,missing,missing,missing,missing,missing,EJ
729,0.0,0.0,8.55253e-05,0.0,0.0,0.0,0.0,0.0,0.0,45Q-2040-l,500Mt-CostDecrease,CT,missing,coal_int_conv pul 1966-1970,missing,missing,missing,missing,missing,missing,missing,missing,EJ
730,0.0,0.0,0.0,2.105656e-05,6.860459000000001e-05,0.00014190556,0.00021051527,0.00032573279,0.0004051149799999999,45Q-2040-l,500Mt-CostDecrease,CT,missing,coal_int_conv pul_CCS,missing,missing,missing,missing,missing,missing,missing,missing,EJ
731,0.001274291,0.001396044,0.0,0.0,0.0,0.0,0.0,0.0,0.0,45Q-2040-l,500Mt-CostDecrease,CT,missing,coal_int_conv pul_retire_2020,missing,missing,missing,missing,missing,missing,missing,missing,EJ
732,0.0,0.0095001699999999,0.01914445,0.019709865,0.0181386329999999,0.014338117,0.0136476029999999,0.0046113712999999,0.0020583735,45Q-2040-l,500Mt-CostDecrease,CT,missing,gas_base_CC,missing,missing,missing,missing,missing,missing,missing,missing,EJ
733,0.0,0.0,0.0,0.000630328,0.001914749,0.004377252,0.00566698,0.0067670249999999,0.0059567927,45Q-2040-l,500Mt-CostDecrease,CT,missing,gas_base_CC_CCS,missing,missing,missing,missing,missing,missing,missing,missing,EJ
734,0.003622971,0.0154716,0.032449353,0.031071098,0.0278478689999999,0.02459761,0.022172764,0.018882716,0.016258852,45Q-2040-l,500Mt-CostDecrease,CT,missing,gas_int_CC,missing,missing,missing,missing,missing,missing,missing,missing,EJ
735,0.0,0.0,0.0,0.0002573643,0.0006674818000000001,0.0012888487999999,0.0018806341,0.0028777096,0.003565182,45Q-2040-l,500Mt-CostDecrease,CT,missing,gas_int_CC_CCS,missing,missing,missing,missing,missing,missing,missing,missing,EJ
736,0.0,0.00030212,0.000330248978,0.000298708816,0.000244967747,0.000194999722,0.00016001442999999995,0.000109284125,7.368520699999998e-05,45Q-2040-l,500Mt-CostDecrease,CT,missing,gas_peak_CC,missing,missing,missing,missing,missing,missing,missing,missing,EJ
737,0.0,0.0,0.0,4.47538e-08,1.0628050000000001e-07,1.9397400000000001e-07,2.635153e-07,4.250169e-07,5.913254e-07,45Q-2040-l,500Mt-CostDecrease,CT,missing,gas_peak_CC_CCS,missing,missing,missing,missing,missing,missing,missing,missing,EJ
738,0.0,0.000106307,0.00015155943,0.000123794699,6.468099199999999e-05,4.284576800000001e-05,4.3624961e-05,2.1457687000000004e-05,1.2704077e-05,45Q-2040-l,500Mt-CostDecrease,CT,missing,gas_peak_steam/CT,missing,missing,missing,missing,missing,missing,missing,missing,EJ
739,0.0002312055,0.001574221,0.00198608707,0.0018189171999999,0.00154302583,0.0012775756499999,0.00106764006,0.0008300295600000001,0.00062833336,45Q-2040-l,500Mt-CostDecrease,CT,missing,gas_subpeak_CC,missing,missing,missing,missing,missing,missing,missing,missing,EJ
740,0.0,0.0,0.0,2.1912320000000003e-06,5.3061310000000005e-06,9.795941e-06,1.355994e-05,2.7846054e-05,3.4658588e-05,45Q-2040-l,500Mt-CostDecrease,CT,missing,gas_subpeak_CC_CCS,missing,missing,missing,missing,missing,missing,missing,missing,EJ
741,0.000171304,0.000553708,0.000980482,0.0008292263,0.0004893142900000001,0.00035540294000000004,0.00036147437,0.00022919929000000003,0.00015204811000000005,45Q-2040-l,500Mt-CostDecrease,CT,missing,gas_subpeak_steam/CT,missing,missing,missing,missing,missing,missing,missing,missing,EJ
742,0.0019109,0.0017583,0.001298,0.001296,0.0012946,0.0012948,0.0012919,0.0012811,0.0012825,45Q-2040-l,500Mt-CostDecrease,CT,missing,hydro_base,missing,missing,missing,missing,missing,missing,missing,missing,EJ
743,0.0754677,0.0580829,0.063792,0.0618757,0.0577834,0.0499891,0.037928,0.0241763,0.0,45Q-2040-l,500Mt-CostDecrease,CT,missing,nuc_base_Gen II,missing,missing,missing,missing,missing,missing,missing,missing,EJ
744,0.0,0.0,0.0,0.0,0.00277634,0.00843965,0.01154898,0.01666038,0.02073633,45Q-2040-l,500Mt-CostDecrease,CT,missing,nuc_base_Gen III,missing,missing,missing,missing,missing,missing,missing,missing,EJ
745,0.002797956,0.0012216095,0.0004373216,0.0004824267,0.0002987481,0.0001644619,0.00012621716,1.463186e-05,3.132212e-06,45Q-2040-l,500Mt-CostDecrease,CT,missing,refined liquids_base_steam/CT,missing,missing,missing,missing,missing,missing,missing,missing,EJ
746,0.02439988,0.009772662,0.0,0.0,0.0,0.0,0.0,0.0,0.0,45Q-2040-l,500Mt-CostDecrease,CT,missing,refined liquids_int_steam/CT,missing,missing,missing,missing,missing,missing,missing,missing,EJ
747,0.000590806,0.0,0.0,0.0,0.0,0.0,0.0,0.0,0.0,45Q-2040-l,500Mt-CostDecrease,CT,missing,refined liquids_peak_steam/CT,missing,missing,missing,missing,missing,missing,missing,missing,EJ
748,0.0034303849999999,0.0012216171,0.0,0.0,0.0,0.0,0.0,0.0,0.0,45Q-2040-l,500Mt-CostDecrease,CT,missing,refined liquids_subpeak_steam/CT,missing,missing,missing,missing,missing,missing,missing,missing,EJ
749,0.0,0.0,4.95502e-05,0.000443824,0.0012749,0.00232445,0.00312685,0.00258573,0.00198235,45Q-2040-l,500Mt-CostDecrease,CT,missing,rooftop_pv,missing,missing,missing,missing,missing,missing,missing,missing,EJ
750,0.0,0.0,0.00261499,0.00434038,0.00702928,0.0103016,0.01147576,0.012019425,0.011197885,45Q-2040-l,500Mt-CostDecrease,CT,missing,wind_base,missing,missing,missing,missing,missing,missing,missing,missing,EJ
751,0.0,0.0,0.0,0.000176749,0.001006388,0.002815028,0.0039405379999999,0.006460458,0.008141149,45Q-2040-l,500Mt-CostDecrease,CT,missing,wind_base_offshore,missing,missing,missing,missing,missing,missing,missing,missing,EJ
752,0.0,0.0,7.83106e-05,0.0001265691,0.0002068229,0.0003407859,0.0004026404,0.0004648967,0.0004724298,45Q-2040-l,500Mt-CostDecrease,CT,missing,wind_base_storage,missing,missing,missing,missing,missing,missing,missing,missing,EJ
753,0.0,0.0,6.88069e-07,8.42186e-07,2.4388460000000003e-06,5.744706000000001e-06,8.641096e-06,1.2367696e-05,1.3332187e-05,45Q-2040-l,500Mt-CostDecrease,DE,missing,PV_base_storage,missing,missing,missing,missing,missing,missing,missing,missing,EJ
754,0.0,0.0,0.000587235,0.000948243,0.002600213,0.0046147129999999,0.0057984529999999,0.008214803,0.010319878,45Q-2040-l,500Mt-CostDecrease,DE,missing,PV_int,missing,missing,missing,missing,missing,missing,missing,missing,EJ
755,0.0,0.0,6.68481e-05,0.0001054696,0.0002215906,0.0003189309,0.0003900346,0.0005320436,0.0006807075,45Q-2040-l,500Mt-CostDecrease,DE,missing,PV_peak,missing,missing,missing,missing,missing,missing,missing,missing,EJ
756,0.0,0.0,0.000594649,0.0008334130000000001,0.00157549,0.002228554,0.002728615,0.003702711,0.0047026659999999,45Q-2040-l,500Mt-CostDecrease,DE,missing,PV_subpeak,missing,missing,missing,missing,missing,missing,missing,missing,EJ
757,0.0,0.0,3.18561e-06,7.905326e-07,8.1653097e-06,1.79836111e-05,1.75431646e-05,2.0552032610000003e-05,8.754068397e-06,45Q-2040-l,500Mt-CostDecrease,DE,missing,biogas_base_CC,missing,missing,missing,missing,missing,missing,missing,missing,EJ
758,0.0,0.0,0.0,4.0378e-07,5.71749886e-06,1.75747644e-05,1.90792099e-05,2.918824758e-05,1.3837832474e-05,45Q-2040-l,500Mt-CostDecrease,DE,missing,biogas_base_CC_CCS,missing,missing,missing,missing,missing,missing,missing,missing,EJ
759,0.0,0.0,2.78394e-05,1.211736e-05,4.626901e-05,0.00010588169,0.00012213802999999998,0.00026103543,0.00034785499,45Q-2040-l,500Mt-CostDecrease,DE,missing,biogas_int_CC,missing,missing,missing,missing,missing,missing,missing,missing,EJ
760,0.0,0.0,0.0,3.96102e-06,2.099911e-05,6.162896e-05,8.198304e-05,0.00021917182,0.00035766309,45Q-2040-l,500Mt-CostDecrease,DE,missing,biogas_int_CC_CCS,missing,missing,missing,missing,missing,missing,missing,missing,EJ
761,0.0,0.0,8.31074e-08,4.494182e-08,1.2377874e-07,1.965277e-07,2.4387143e-07,5.3905565e-07,8.4914455e-07,45Q-2040-l,500Mt-CostDecrease,DE,missing,biogas_peak_CC,missing,missing,missing,missing,missing,missing,missing,missing,EJ
762,0.0,0.0,0.0,6.28029e-09,1.8995703e-08,3.283391e-08,4.554223e-08,1.1863322e-07,2.1431858000000001e-07,45Q-2040-l,500Mt-CostDecrease,DE,missing,biogas_peak_CC_CCS,missing,missing,missing,missing,missing,missing,missing,missing,EJ
763,0.0,0.0,7.685800000000001e-08,3.7146098e-08,1.0279e-07,1.4468643500000002e-07,1.44887847e-07,3.45444087e-07,5.310892969999999e-07,45Q-2040-l,500Mt-CostDecrease,DE,missing,biogas_peak_steam/CT,missing,missing,missing,missing,missing,missing,missing,missing,EJ
764,0.0,0.0,1.97517e-06,1.216455e-06,3.4169663e-06,5.8588990000000005e-06,7.947505e-06,1.9482536e-05,2.6352374e-05,45Q-2040-l,500Mt-CostDecrease,DE,missing,biogas_subpeak_CC,missing,missing,missing,missing,missing,missing,missing,missing,EJ
765,0.0,0.0,0.0,2.29751e-07,7.654190999999999e-07,1.5036242e-06,2.2761422e-06,6.563669e-06,1.0796403e-05,45Q-2040-l,500Mt-CostDecrease,DE,missing,biogas_subpeak_CC_CCS,missing,missing,missing,missing,missing,missing,missing,missing,EJ
766,0.0,0.0,1.3281670000000002e-06,7.2382893e-07,2.1029612280000004e-06,3.12045587e-06,3.34258147e-06,9.32388968e-06,1.107480297e-05,45Q-2040-l,500Mt-CostDecrease,DE,missing,biogas_subpeak_steam/CT,missing,missing,missing,missing,missing,missing,missing,missing,EJ
767,0.0,0.0,3.236159e-06,2.995889e-06,6.221622e-06,1.4599077999999995e-05,2.2394294e-05,3.01349575e-05,1.178153831e-05,45Q-2040-l,500Mt-CostDecrease,DE,missing,biomass_base_IGCC,missing,missing,missing,missing,missing,missing,missing,missing,EJ
768,0.0,0.0,0.0,1.9966080000000002e-07,3.2260411e-06,2.80594382e-05,5.56024382e-05,0.0002569713149,0.0004302208884999999,45Q-2040-l,500Mt-CostDecrease,DE,missing,biomass_base_IGCC_CCS,missing,missing,missing,missing,missing,missing,missing,missing,EJ
769,0.0,0.0,2.0981974e-05,2.8227058600000004e-05,4.019523555000001e-05,5.056094578e-05,5.360511368e-05,3.571986633e-05,1.3303850003e-05,45Q-2040-l,500Mt-CostDecrease,DE,missing,biomass_base_conv,missing,missing,missing,missing,missing,missing,missing,missing,EJ
770,0.0,0.0,0.0,2.2095166e-07,4.5907891e-06,7.08260077e-05,0.00014448074649,0.00188925105728,0.00449517888848,45Q-2040-l,500Mt-CostDecrease,DE,missing,biomass_base_conv_CCS,missing,missing,missing,missing,missing,missing,missing,missing,EJ
771,0.0,0.0,2.192873e-06,2.605698e-06,4.242986e-06,8.195414000000001e-06,1.1678455e-05,2.1858664e-05,3.498080400000001e-05,45Q-2040-l,500Mt-CostDecrease,DE,missing,biomass_int_IGCC,missing,missing,missing,missing,missing,missing,missing,missing,EJ
772,0.0,0.0,0.0,2.11134e-07,1.1797446999999998e-06,4.5378489e-06,7.7522089e-06,2.13732053e-05,4.2300183800000005e-05,45Q-2040-l,500Mt-CostDecrease,DE,missing,biomass_int_IGCC_CCS,missing,missing,missing,missing,missing,missing,missing,missing,EJ
773,0.0,0.0,5.1922673e-05,5.970408639999999e-05,5.71946603e-05,7.00593308e-05,7.029644499999999e-05,8.044521039999999e-05,9.30302707e-05,45Q-2040-l,500Mt-CostDecrease,DE,missing,biomass_int_conv,missing,missing,missing,missing,missing,missing,missing,missing,EJ
774,0.0,0.0,0.0,3.1201871000000004e-07,1.93306665e-06,8.73118639e-06,1.512755739e-05,4.728566081e-05,9.801138726e-05,45Q-2040-l,500Mt-CostDecrease,DE,missing,biomass_int_conv_CCS,missing,missing,missing,missing,missing,missing,missing,missing,EJ
775,0.0,0.0,0.0,3.22823e-06,2.558917e-05,6.9301038e-05,0.000110948848,0.00015514626099999998,0.00010000155,45Q-2040-l,500Mt-CostDecrease,DE,missing,coal_base_IGCC_CCS,missing,missing,missing,missing,missing,missing,missing,missing,EJ
776,0.00454444,0.00453273,0.0,0.0,0.0,0.0,0.0,0.0,0.0,45Q-2040-l,500Mt-CostDecrease,DE,missing,coal_base_conv pul,missing,missing,missing,missing,missing,missing,missing,missing,EJ
777,0.0,0.0,0.000758356,0.000757977,0.000593507,0.0001176109,0.0001036916,2.38648e-06,7.74104e-08,45Q-2040-l,500Mt-CostDecrease,DE,missing,coal_base_conv pul 1976-1980,missing,missing,missing,missing,missing,missing,missing,missing,EJ
778,0.0,0.0,0.0,3.86608e-06,2.864338e-05,7.417804e-05,0.00011610772000000004,0.000155172197,8.563662600000001e-05,45Q-2040-l,500Mt-CostDecrease,DE,missing,coal_base_conv pul_CCS,missing,missing,missing,missing,missing,missing,missing,missing,EJ
779,0.0054267,0.00541271,0.0,0.0,0.0,0.0,0.0,0.0,0.0,45Q-2040-l,500Mt-CostDecrease,DE,missing,coal_base_conv pul_retire_2020,missing,missing,missing,missing,missing,missing,missing,missing,EJ
780,0.0,0.0,0.0,3.84832e-06,1.731458e-05,4.407731e-05,6.570636e-05,0.00012086066,0.00018747179,45Q-2040-l,500Mt-CostDecrease,DE,missing,coal_int_IGCC_CCS,missing,missing,missing,missing,missing,missing,missing,missing,EJ
781,0.00427941,0.0045200699999999,0.0,0.0,0.0,0.0,0.0,0.0,0.0,45Q-2040-l,500Mt-CostDecrease,DE,missing,coal_int_conv pul,missing,missing,missing,missing,missing,missing,missing,missing,EJ
782,0.0,0.0,0.000447962,0.000447868,0.000408362,0.000244643,0.00025933900000000003,0.0001107336,6.31335e-05,45Q-2040-l,500Mt-CostDecrease,DE,missing,coal_int_conv pul 1976-1980,missing,missing,missing,missing,missing,missing,missing,missing,EJ
783,0.0,0.0,0.0,4.88705e-06,2.067903e-05,5.010379999999999e-05,7.281836e-05,0.00012821942,0.00019315211,45Q-2040-l,500Mt-CostDecrease,DE,missing,coal_int_conv pul_CCS,missing,missing,missing,missing,missing,missing,missing,missing,EJ
784,0.00511021,0.00539759,0.0,0.0,0.0,0.0,0.0,0.0,0.0,45Q-2040-l,500Mt-CostDecrease,DE,missing,coal_int_conv pul_retire_2020,missing,missing,missing,missing,missing,missing,missing,missing,EJ
785,4.55313e-05,0.0,0.0,0.0,0.0,0.0,0.0,0.0,0.0,45Q-2040-l,500Mt-CostDecrease,DE,missing,coal_peak_conv pul,missing,missing,missing,missing,missing,missing,missing,missing,EJ
786,5.43707e-05,0.0,0.0,0.0,0.0,0.0,0.0,0.0,0.0,45Q-2040-l,500Mt-CostDecrease,DE,missing,coal_peak_conv pul_retire_2020,missing,missing,missing,missing,missing,missing,missing,missing,EJ
787,0.0001881865,0.0,0.0,0.0,0.0,0.0,0.0,0.0,0.0,45Q-2040-l,500Mt-CostDecrease,DE,missing,coal_subpeak_conv pul,missing,missing,missing,missing,missing,missing,missing,missing,EJ
788,0.000224721,0.0,0.0,0.0,0.0,0.0,0.0,0.0,0.0,45Q-2040-l,500Mt-CostDecrease,DE,missing,coal_subpeak_conv pul_retire_2020,missing,missing,missing,missing,missing,missing,missing,missing,EJ
789,0.0,0.0,0.002932971,0.0028099436,0.0024249727,0.0016552153,0.0014881545,0.00028354724,5.0068232e-05,45Q-2040-l,500Mt-CostDecrease,DE,missing,gas_base_CC,missing,missing,missing,missing,missing,missing,missing,missing,EJ
790,0.0,0.0,0.0,1.21415e-05,9.43666e-05,0.0002530697,0.0004003205,0.00052529182,0.00022193839,45Q-2040-l,500Mt-CostDecrease,DE,missing,gas_base_CC_CCS,missing,missing,missing,missing,missing,missing,missing,missing,EJ
791,0.00209525,0.00335452,0.0151548699999999,0.0142943209999999,0.012646547,0.011021365,0.0097692399999999,0.008304406,0.007406316,45Q-2040-l,500Mt-CostDecrease,DE,missing,gas_int_CC,missing,missing,missing,missing,missing,missing,missing,missing,EJ
792,0.0,0.0,0.0,5.31082e-05,0.00019590980000000005,0.0004557224,0.0006606527,0.0011614153,0.001744603,45Q-2040-l,500Mt-CostDecrease,DE,missing,gas_int_CC_CCS,missing,missing,missing,missing,missing,missing,missing,missing,EJ
793,0.000122002,0.000251606,0.000195099643,0.00017738247100000003,0.00014831105300000002,0.000119192897,9.6498634e-05,6.8046122e-05,4.7384743e-05,45Q-2040-l,500Mt-CostDecrease,DE,missing,gas_peak_CC,missing,missing,missing,missing,missing,missing,missing,missing,EJ
794,0.0,0.0,0.0,1.93974e-08,5.56723e-08,1.062242e-07,1.558687e-07,2.804571e-07,4.808338e-07,45Q-2040-l,500Mt-CostDecrease,DE,missing,gas_peak_CC_CCS,missing,missing,missing,missing,missing,missing,missing,missing,EJ
795,9.04018e-05,8.85021e-05,9.7819856e-05,8.385934399999999e-05,4.7121934e-05,3.13558305e-05,3.0291976e-05,1.6012164500000002e-05,9.842871199999996e-06,45Q-2040-l,500Mt-CostDecrease,DE,missing,gas_peak_steam/CT,missing,missing,missing,missing,missing,missing,missing,missing,EJ
796,0.000713914,0.00147191,0.0013326046999999,0.0012247146,0.0010568972,0.00088376071,0.00073820811,0.00058848372,0.00048350621,45Q-2040-l,500Mt-CostDecrease,DE,missing,gas_subpeak_CC,missing,missing,missing,missing,missing,missing,missing,missing,EJ
797,0.0,0.0,0.0,1.05889e-06,3.12844e-06,6.0797500000000005e-06,9.11669e-06,1.811217e-05,2.894819e-05,45Q-2040-l,500Mt-CostDecrease,DE,missing,gas_subpeak_CC_CCS,missing,missing,missing,missing,missing,missing,missing,missing,EJ
798,0.00052891,0.000517705,0.0006931665,0.00061123365,0.00038948884,0.00028454978,0.00027701698000000003,0.0001812917,0.00013599521,45Q-2040-l,500Mt-CostDecrease,DE,missing,gas_subpeak_steam/CT,missing,missing,missing,missing,missing,missing,missing,missing,EJ
799,0.0,0.0,5.15846e-05,7.65879e-05,5.33867e-05,2.81026e-05,2.21039e-05,1.19895e-06,4.56692e-08,45Q-2040-l,500Mt-CostDecrease,DE,missing,refined liquids_base_steam/CT,missing,missing,missing,missing,missing,missing,missing,missing,EJ
800,0.00605304,0.00240181,0.0,0.0,0.0,0.0,0.0,0.0,0.0,45Q-2040-l,500Mt-CostDecrease,DE,missing,refined liquids_int_steam/CT,missing,missing,missing,missing,missing,missing,missing,missing,EJ
801,0.0,0.0,0.0,0.0,0.0,0.0,0.0,0.0,0.0,45Q-2040-l,500Mt-CostDecrease,DE,missing,refined liquids_peak_steam/CT,missing,missing,missing,missing,missing,missing,missing,missing,EJ
802,0.00151323,0.000600406,0.0,0.0,0.0,0.0,0.0,0.0,0.0,45Q-2040-l,500Mt-CostDecrease,DE,missing,refined liquids_subpeak_steam/CT,missing,missing,missing,missing,missing,missing,missing,missing,EJ
803,0.0,0.0,2.15054e-05,0.000203825,0.000706529,0.00111773,0.00147439,0.000887976,0.000495845,45Q-2040-l,500Mt-CostDecrease,DE,missing,rooftop_pv,missing,missing,missing,missing,missing,missing,missing,missing,EJ
804,0.0,0.0,4.21398e-05,6.01513e-05,0.0002131813,0.0004488403,0.0005988813,0.0007680253,0.0008186064,45Q-2040-l,500Mt-CostDecrease,DE,missing,wind_base,missing,missing,missing,missing,missing,missing,missing,missing,EJ
805,0.0,0.0,0.0,1.00584e-06,2.435514e-05,7.608614e-05,0.00012041374,0.00018074394,0.0002151888,45Q-2040-l,500Mt-CostDecrease,DE,missing,wind_base_offshore,missing,missing,missing,missing,missing,missing,missing,missing,EJ
806,0.0,0.0,8.60025e-07,1.168069e-06,3.687069e-06,8.500819e-06,1.2461709e-05,1.7390699e-05,1.8733604e-05,45Q-2040-l,500Mt-CostDecrease,DE,missing,wind_base_storage,missing,missing,missing,missing,missing,missing,missing,missing,EJ
807,0.0,0.0,5.42383e-07,3.2367893e-07,4.6726474e-06,1.66465886e-05,1.98004097e-05,1.68069595e-05,4.73785718e-06,45Q-2040-l,500Mt-CostDecrease,DC,missing,biogas_base_CC,missing,missing,missing,missing,missing,missing,missing,missing,EJ
808,0.0,0.0,3.99677e-06,2.796925e-06,1.2822694e-05,4.576885e-05,6.779006e-05,0.00017394858,0.00029054508,45Q-2040-l,500Mt-CostDecrease,DC,missing,biogas_int_CC,missing,missing,missing,missing,missing,missing,missing,missing,EJ
809,0.0,0.0,1.398208e-06,1.4848339999999998e-06,4.266434e-06,1.0251948e-05,1.5409387e-05,1.1401784e-05,1.74005434e-06,45Q-2040-l,500Mt-CostDecrease,DC,missing,biomass_base_IGCC,missing,missing,missing,missing,missing,missing,missing,missing,EJ
810,0.0,0.0,1.342747e-05,1.9562394e-05,2.8978965e-05,3.6652758e-05,3.8525836e-05,1.3233487e-05,1.7620761199999998e-06,45Q-2040-l,500Mt-CostDecrease,DC,missing,biomass_base_conv,missing,missing,missing,missing,missing,missing,missing,missing,EJ
811,0.0,0.0,1.7127780000000002e-06,2.1418160000000004e-06,3.342929e-06,6.026886999999999e-06,8.210574000000001e-06,1.3827690999999998e-05,2.0210985e-05,45Q-2040-l,500Mt-CostDecrease,DC,missing,biomass_int_IGCC,missing,missing,missing,missing,missing,missing,missing,missing,EJ
812,0.0,0.0,3.832984e-05,4.435903e-05,4.264493e-05,5.187651e-05,5.151682999999999e-05,5.589106e-05,5.98233e-05,45Q-2040-l,500Mt-CostDecrease,DC,missing,biomass_int_conv,missing,missing,missing,missing,missing,missing,missing,missing,EJ
813,0.0,0.0,1.980009e-05,2.918651e-05,0.00014726984,0.00040715401,0.00064653227,0.0007902852700000001,0.00054145809,45Q-2040-l,500Mt-CostDecrease,DC,missing,gas_base_CC,missing,missing,missing,missing,missing,missing,missing,missing,EJ
814,0.0,0.0,6.99163e-05,0.0001091978,0.00026652950000000006,0.0005953595,0.0008670536,0.0015780656,0.0023963747,45Q-2040-l,500Mt-CostDecrease,DC,missing,gas_int_CC,missing,missing,missing,missing,missing,missing,missing,missing,EJ
815,0.00152164,0.000935205,0.0,0.0,0.0,0.0,0.0,0.0,0.0,45Q-2040-l,500Mt-CostDecrease,DC,missing,refined liquids_int_steam/CT,missing,missing,missing,missing,missing,missing,missing,missing,EJ
816,0.0,0.0,0.0,0.0,0.0,0.0,0.0,0.0,0.0,45Q-2040-l,500Mt-CostDecrease,DC,missing,refined liquids_peak_steam/CT,missing,missing,missing,missing,missing,missing,missing,missing,EJ
817,0.000380407,0.000233802,0.0,0.0,0.0,0.0,0.0,0.0,0.0,45Q-2040-l,500Mt-CostDecrease,DC,missing,refined liquids_subpeak_steam/CT,missing,missing,missing,missing,missing,missing,missing,missing,EJ
818,0.0,0.0,2.55699e-05,0.000328183,0.00105019,0.00153284,0.00193745,0.00114848,0.000642436,45Q-2040-l,500Mt-CostDecrease,DC,missing,rooftop_pv,missing,missing,missing,missing,missing,missing,missing,missing,EJ
819,0.0,0.0,0.000828463,0.000822486,0.0012265029999999,0.003367423,0.004640533,0.006569813,0.006120629,45Q-2040-l,500Mt-CostDecrease,FL,missing,CSP_base_storage,missing,missing,missing,missing,missing,missing,missing,missing,EJ
820,0.0,0.0,0.001493232,0.001986446,0.0035574139999999,0.008631774,0.012859454,0.0300209739999999,0.041216002,45Q-2040-l,500Mt-CostDecrease,FL,missing,CSP_int,missing,missing,missing,missing,missing,missing,missing,missing,EJ
821,0.0,0.0,9.46576e-05,0.0001189464,0.000182803,0.0003195676,0.0004206694,0.0008708413999999999,0.0012252017999999,45Q-2040-l,500Mt-CostDecrease,FL,missing,CSP_peak,missing,missing,missing,missing,missing,missing,missing,missing,EJ
822,0.0,0.0,0.000556976,0.0007089832000000001,0.0010874292,0.0019672112,0.0026769352,0.0059620152,0.0083047992,45Q-2040-l,500Mt-CostDecrease,FL,missing,CSP_subpeak,missing,missing,missing,missing,missing,missing,missing,missing,EJ
823,0.0,0.0,0.000123856,0.000122963,0.0001911506,0.0005619075999999999,0.0007859376,0.0011290286,0.0010730935,45Q-2040-l,500Mt-CostDecrease,FL,missing,PV_base_storage,missing,missing,missing,missing,missing,missing,missing,missing,EJ
824,0.0,0.0,0.0122211,0.01671381,0.0278812099999999,0.04878821,0.06228821,0.1170050099999999,0.14358721,45Q-2040-l,500Mt-CostDecrease,FL,missing,PV_int,missing,missing,missing,missing,missing,missing,missing,missing,EJ
825,0.0,0.0,0.000774709,0.000995956,0.001449886,0.002013373,0.002336214,0.003771514,0.004369995,45Q-2040-l,500Mt-CostDecrease,FL,missing,PV_peak,missing,missing,missing,missing,missing,missing,missing,missing,EJ
826,0.0,0.0,0.00560827,0.00699291,0.00968312,0.0133079299999999,0.01557424,0.02499844,0.02930802,45Q-2040-l,500Mt-CostDecrease,FL,missing,PV_subpeak,missing,missing,missing,missing,missing,missing,missing,missing,EJ
827,0.0,0.0,0.000778022,9.33806e-06,0.000511247,0.0028544447,0.0020861478,0.00266262863,0.0005091392648,45Q-2040-l,500Mt-CostDecrease,FL,missing,biogas_base_CC,missing,missing,missing,missing,missing,missing,missing,missing,EJ
828,0.0,0.0,0.0,0.0,0.000336215,0.0027864251,0.002397604,0.00386972349,0.000837489817,45Q-2040-l,500Mt-CostDecrease,FL,missing,biogas_base_CC_CCS,missing,missing,missing,missing,missing,missing,missing,missing,EJ
829,0.0,0.0,0.000677311,0.0001840451,0.0004723914,0.0017841445,0.0023569965,0.0061736028,0.0061456138,45Q-2040-l,500Mt-CostDecrease,FL,missing,biogas_int_CC,missing,missing,missing,missing,missing,missing,missing,missing,EJ
830,0.0,0.0,0.0,5.70341e-05,0.00019649834,0.000994501,0.0015302404,0.0052343623999999,0.007268332,45Q-2040-l,500Mt-CostDecrease,FL,missing,biogas_int_CC_CCS,missing,missing,missing,missing,missing,missing,missing,missing,EJ
831,0.0,0.0,1.03699e-06,2.960357e-07,6.471112e-07,1.6998917e-06,1.9895807e-06,5.43761e-06,5.7954121e-06,45Q-2040-l,500Mt-CostDecrease,FL,missing,biogas_peak_CC,missing,missing,missing,missing,missing,missing,missing,missing,EJ
832,0.0,0.0,0.0,3.84229e-08,9.397419e-08,2.6879345e-07,3.560915e-07,1.1199406e-06,1.5840395e-06,45Q-2040-l,500Mt-CostDecrease,FL,missing,biogas_peak_CC_CCS,missing,missing,missing,missing,missing,missing,missing,missing,EJ
833,0.0,0.0,9.78237e-07,2.39499303e-07,5.32171213e-07,1.3008806089999998e-06,1.155025074e-06,4.099858453e-06,3.900387049e-06,45Q-2040-l,500Mt-CostDecrease,FL,missing,biogas_peak_steam/CT,missing,missing,missing,missing,missing,missing,missing,missing,EJ
834,0.0,0.0,2.80905e-05,8.7915e-06,1.7547188e-05,5.034078e-05,6.690607e-05,0.00017858356,0.00018069377,45Q-2040-l,500Mt-CostDecrease,FL,missing,biogas_subpeak_CC,missing,missing,missing,missing,missing,missing,missing,missing,EJ
835,0.0,0.0,0.0,1.47425e-06,3.6140097e-06,1.1983675e-05,1.7899312e-05,5.8441417e-05,8.1780163e-05,45Q-2040-l,500Mt-CostDecrease,FL,missing,biogas_subpeak_CC_CCS,missing,missing,missing,missing,missing,missing,missing,missing,EJ
836,0.0,0.0,1.929765e-05,4.9318136e-06,1.043421236e-05,2.78276762e-05,2.76141051e-05,9.8731493e-05,8.373380140000001e-05,45Q-2040-l,500Mt-CostDecrease,FL,missing,biogas_subpeak_steam/CT,missing,missing,missing,missing,missing,missing,missing,missing,EJ
837,0.0,0.0,0.001206003,0.0008719020000000001,0.0013142480999999,0.003043484,0.0040262985,0.0040237107,0.0007717994729999999,45Q-2040-l,500Mt-CostDecrease,FL,missing,biomass_base_IGCC,missing,missing,missing,missing,missing,missing,missing,missing,EJ
838,0.0,0.0,0.0,0.0,0.0002401084,0.0052507481,0.008918518,0.0397634344,0.0512184535,45Q-2040-l,500Mt-CostDecrease,FL,missing,biomass_base_IGCC_CCS,missing,missing,missing,missing,missing,missing,missing,missing,EJ
839,0.003850474,0.00694735,0.0028734214,0.0028318139999999,0.0051603871,0.0076689427,0.0079491087,0.00460120835,0.0008653075700000001,45Q-2040-l,500Mt-CostDecrease,FL,missing,biomass_base_conv,missing,missing,missing,missing,missing,missing,missing,missing,EJ
840,0.0,0.0,0.0,0.0,0.0003463104,0.0137399067,0.0235750755,0.2953122037,0.4737681663,45Q-2040-l,500Mt-CostDecrease,FL,missing,biomass_base_conv_CCS,missing,missing,missing,missing,missing,missing,missing,missing,EJ
841,0.0,0.0,0.00027511980000000005,0.0002828174,0.00033569132,0.00053171778,0.0007065568299999999,0.00132319245,0.0017438397799999,45Q-2040-l,500Mt-CostDecrease,FL,missing,biomass_int_IGCC,missing,missing,missing,missing,missing,missing,missing,missing,EJ
842,0.0,0.0,0.0,1.240805e-05,4.2236e-05,0.00020132723,0.0003623273300000001,0.0011988362699999,0.0019057836599999,45Q-2040-l,500Mt-CostDecrease,FL,missing,biomass_int_IGCC_CCS,missing,missing,missing,missing,missing,missing,missing,missing,EJ
843,0.003850474,0.00694735,0.003759403,0.0043827981,0.00445203328,0.0055205473999999,0.0053628872999999,0.005447833,0.0051446866099999,45Q-2040-l,500Mt-CostDecrease,FL,missing,biomass_int_conv,missing,missing,missing,missing,missing,missing,missing,missing,EJ
844,0.0,0.0,0.0,1.82973e-05,6.81128e-05,0.00038976388,0.0007097440900000001,0.00268371252,0.00439751285,45Q-2040-l,500Mt-CostDecrease,FL,missing,biomass_int_conv_CCS,missing,missing,missing,missing,missing,missing,missing,missing,EJ
845,0.0,0.0,0.0,0.0,0.001071683,0.006697391,0.010386782,0.014147523,0.0047881654,45Q-2040-l,500Mt-CostDecrease,FL,missing,coal_base_IGCC_CCS,missing,missing,missing,missing,missing,missing,missing,missing,EJ
846,0.13124762,0.13495464,0.0,0.0,0.0,0.0,0.0,0.0,0.0,45Q-2040-l,500Mt-CostDecrease,FL,missing,coal_base_conv pul,missing,missing,missing,missing,missing,missing,missing,missing,EJ
847,0.0,0.0,0.00026808964,0.00025954558999999994,0.00018219053,2.820224e-05,0.0,0.0,0.0,45Q-2040-l,500Mt-CostDecrease,FL,missing,coal_base_conv pul 1956-1960,missing,missing,missing,missing,missing,missing,missing,missing,EJ
848,0.0,0.0,0.00027772118,0.00027224879000000004,0.00020089803,3.6024751e-05,1.4244013e-05,0.0,0.0,45Q-2040-l,500Mt-CostDecrease,FL,missing,coal_base_conv pul 1961-1965,missing,missing,missing,missing,missing,missing,missing,missing,EJ
849,0.0,0.0,0.010399952,0.010334737,0.008083438,0.0018003933999999,0.001225857,7.106474e-06,0.0,45Q-2040-l,500Mt-CostDecrease,FL,missing,coal_base_conv pul 1966-1970,missing,missing,missing,missing,missing,missing,missing,missing,EJ
850,0.0,0.0,0.0102458959999999,0.0100841659999999,0.007566155,0.0014350106,0.0006303766,0.0,0.0,45Q-2040-l,500Mt-CostDecrease,FL,missing,coal_base_conv pul 1971-1975,missing,missing,missing,missing,missing,missing,missing,missing,EJ
851,0.0,0.0,0.0047855009,0.0047631241,0.0037522604,0.0008621916,0.0006650857999999999,5.6097325e-06,1.3742009e-07,45Q-2040-l,500Mt-CostDecrease,FL,missing,coal_base_conv pul 1976-1980,missing,missing,missing,missing,missing,missing,missing,missing,EJ
852,0.0,0.0,0.06056394,0.0602967899999999,0.0475567519999999,0.010985682,0.008674052,8.052411e-05,2.6970425e-06,45Q-2040-l,500Mt-CostDecrease,FL,missing,coal_base_conv pul 1981-1985,missing,missing,missing,missing,missing,missing,missing,missing,EJ
853,0.0,0.0,0.006923441,0.006893154,0.0054375945999999,0.0012570211,0.0009957912,9.379446e-06,3.3375815e-07,45Q-2040-l,500Mt-CostDecrease,FL,missing,coal_base_conv pul 1986-1990,missing,missing,missing,missing,missing,missing,missing,missing,EJ
854,0.0,0.0,0.0,0.0,0.0,0.0,0.0,0.0,0.0,45Q-2040-l,500Mt-CostDecrease,FL,missing,coal_base_conv pul 1991-1995,missing,missing,missing,missing,missing,missing,missing,missing,EJ
855,0.0,0.0,0.008817702,0.008779255,0.006925853,0.0016015122,0.0012702782,1.2031795e-05,4.3876817e-07,45Q-2040-l,500Mt-CostDecrease,FL,missing,coal_base_conv pul 1996-2000,missing,missing,missing,missing,missing,missing,missing,missing,EJ
856,0.0,0.0,0.0,0.0,0.001178099,0.007007714,0.0106949089999999,0.013588664,0.0038038782,45Q-2040-l,500Mt-CostDecrease,FL,missing,coal_base_conv pul_CCS,missing,missing,missing,missing,missing,missing,missing,missing,EJ
857,0.054552057,0.05609285,0.0,0.0,0.0,0.0,0.0,0.0,0.0,45Q-2040-l,500Mt-CostDecrease,FL,missing,coal_base_conv pul_retire_2020,missing,missing,missing,missing,missing,missing,missing,missing,EJ
858,0.0,0.0,0.0,5.760369999999999e-05,0.0001663411,0.0005607813,0.0009507977,0.0023367137,0.0033676058,45Q-2040-l,500Mt-CostDecrease,FL,missing,coal_int_IGCC_CCS,missing,missing,missing,missing,missing,missing,missing,missing,EJ
859,0.026726886,0.033738559,0.0,0.0,0.0,0.0,0.0,0.0,0.0,45Q-2040-l,500Mt-CostDecrease,FL,missing,coal_int_conv pul,missing,missing,missing,missing,missing,missing,missing,missing,EJ
860,0.0,0.0,3.9779966e-05,3.8670854e-05,2.9456136e-05,1.0080936e-05,0.0,0.0,0.0,45Q-2040-l,500Mt-CostDecrease,FL,missing,coal_int_conv pul 1956-1960,missing,missing,missing,missing,missing,missing,missing,missing,EJ
861,0.0,0.0,4.1209219e-05,4.0563606e-05,3.2480888e-05,1.2877165999999998e-05,7.21801e-06,0.0,0.0,45Q-2040-l,500Mt-CostDecrease,FL,missing,coal_int_conv pul 1961-1965,missing,missing,missing,missing,missing,missing,missing,missing,EJ
862,0.0,0.0,0.0015431766999999,0.0015398189,0.0013069156,0.0006435543,0.0006211907999999999,0.00010709607,0.0,45Q-2040-l,500Mt-CostDecrease,FL,missing,coal_int_conv pul 1966-1970,missing,missing,missing,missing,missing,missing,missing,missing,EJ
863,0.0,0.0,0.001520319,0.0015024847,0.0012232824999999,0.00051294902,0.00031943721,0.0,0.0,45Q-2040-l,500Mt-CostDecrease,FL,missing,coal_int_conv pul 1971-1975,missing,missing,missing,missing,missing,missing,missing,missing,EJ
864,0.0,0.0,0.0007100873,0.0007096786,0.0006066584,0.00030819245,0.00033702618,8.453988999999999e-05,3.552151e-05,45Q-2040-l,500Mt-CostDecrease,FL,missing,coal_int_conv pul 1976-1980,missing,missing,missing,missing,missing,missing,missing,missing,EJ
865,0.0,0.0,0.008986668,0.008983902,0.007688877,0.0039268564,0.004395489,0.0012135158,0.0006971558,45Q-2040-l,500Mt-CostDecrease,FL,missing,coal_int_conv pul 1981-1985,missing,missing,missing,missing,missing,missing,missing,missing,EJ
866,0.0,0.0,0.0010273216,0.0010270428,0.0008791397999999999,0.00044932453,0.00050460695,0.00014135019,8.627248e-05,45Q-2040-l,500Mt-CostDecrease,FL,missing,coal_int_conv pul 1986-1990,missing,missing,missing,missing,missing,missing,missing,missing,EJ
867,0.0,0.0,0.0,0.0,0.0,0.0,0.0,0.0,0.0,45Q-2040-l,500Mt-CostDecrease,FL,missing,coal_int_conv pul 1991-1995,missing,missing,missing,missing,missing,missing,missing,missing,EJ
868,0.0,0.0,0.0013083974,0.0013080613,0.0011197594,0.0005724638900000001,0.0006437004,0.00018132202,0.00011341669,45Q-2040-l,500Mt-CostDecrease,FL,missing,coal_int_conv pul 1996-2000,missing,missing,missing,missing,missing,missing,missing,missing,EJ
869,0.0,0.0,0.0,7.27948e-05,0.0001997424,0.0006320376,0.0010404509,0.00242899,0.0034310241999999,45Q-2040-l,500Mt-CostDecrease,FL,missing,coal_int_conv pul_CCS,missing,missing,missing,missing,missing,missing,missing,missing,EJ
870,0.011108825,0.014023197,0.0,0.0,0.0,0.0,0.0,0.0,0.0,45Q-2040-l,500Mt-CostDecrease,FL,missing,coal_int_conv pul_retire_2020,missing,missing,missing,missing,missing,missing,missing,missing,EJ
871,0.0,0.1691449,0.3421461,0.3308448,0.3120312799999999,0.2762990299999999,0.25657636,0.040963246,0.0038489031999999,45Q-2040-l,500Mt-CostDecrease,FL,missing,gas_base_CC,missing,missing,missing,missing,missing,missing,missing,missing,EJ
872,0.0,0.0,0.0,0.0,0.00609293,0.03727933,0.0573261599999999,0.08050546,0.029413604,45Q-2040-l,500Mt-CostDecrease,FL,missing,gas_base_CC_CCS,missing,missing,missing,missing,missing,missing,missing,missing,EJ
873,0.04002309,0.0905068,0.26221511,0.24886084,0.22463685,0.2009757499999999,0.1835040399999999,0.1656983799999999,0.1514581279999999,45Q-2040-l,500Mt-CostDecrease,FL,missing,gas_int_CC,missing,missing,missing,missing,missing,missing,missing,missing,EJ
874,0.0,0.0,0.0,0.0008706670000000001,0.002358664,0.007217846,0.0119049799999999,0.027719736,0.039050152,45Q-2040-l,500Mt-CostDecrease,FL,missing,gas_int_CC_CCS,missing,missing,missing,missing,missing,missing,missing,missing,EJ
875,0.001329952,0.0028791529999999,0.00237721822,0.0021662115099999,0.0018477767079999,0.001485770775,0.001194485506,0.0007803480720000001,0.0005119566090000002,45Q-2040-l,500Mt-CostDecrease,FL,missing,gas_peak_CC,missing,missing,missing,missing,missing,missing,missing,missing,EJ
876,0.0,0.0,0.0,1.2107530000000002e-07,3.048462e-07,7.522913999999999e-07,1.1355314e-06,2.635682e-06,4.1073697000000005e-06,45Q-2040-l,500Mt-CostDecrease,FL,missing,gas_peak_CC_CCS,missing,missing,missing,missing,missing,missing,missing,missing,EJ
877,0.0009852387,0.0010127187,0.001230617565,0.0010888627147,0.0007160693274999999,0.0004573111245,0.000441249784,0.000151307964,8.026384118000002e-05,45Q-2040-l,500Mt-CostDecrease,FL,missing,gas_peak_steam/CT,missing,missing,missing,missing,missing,missing,missing,missing,EJ
878,0.00957556,0.0103902,0.01701562,0.0156201288,0.0135668291,0.0112789839,0.009282601,0.0069474711,0.0052937638,45Q-2040-l,500Mt-CostDecrease,FL,missing,gas_subpeak_CC,missing,missing,missing,missing,missing,missing,missing,missing,EJ
879,0.0,0.0,0.0,7.04265e-06,1.7133929999999997e-05,4.314658e-05,6.745733999999998e-05,0.00016468677,0.00024856042,45Q-2040-l,500Mt-CostDecrease,FL,missing,gas_subpeak_CC_CCS,missing,missing,missing,missing,missing,missing,missing,missing,EJ
880,0.0070938189999999,0.00365464,0.0090221119,0.0081245818199999,0.00584031355,0.00412892241,0.00394658854,0.001820233009,0.001158844224,45Q-2040-l,500Mt-CostDecrease,FL,missing,gas_subpeak_steam/CT,missing,missing,missing,missing,missing,missing,missing,missing,EJ
881,0.0005925,0.0009784,0.0010484,0.00103925,0.0010456,0.0010458,0.0010434,0.0010347,0.0010358,45Q-2040-l,500Mt-CostDecrease,FL,missing,hydro_base,missing,missing,missing,missing,missing,missing,missing,missing,EJ
882,0.0831123,0.107337,0.105255,0.103375,0.0967195,0.0641622,0.0188646,0.0,0.0,45Q-2040-l,500Mt-CostDecrease,FL,missing,nuc_base_Gen II,missing,missing,missing,missing,missing,missing,missing,missing,EJ
883,0.0,0.0,0.0,0.0,0.00572693,0.0375400299999999,0.0570160299999999,0.08725677,0.09328347,45Q-2040-l,500Mt-CostDecrease,FL,missing,nuc_base_Gen III,missing,missing,missing,missing,missing,missing,missing,missing,EJ
884,0.01779785,0.01397661,0.000610062,0.0019450729999999,0.002010457,0.001175901,0.0008256960000000001,1.761914e-05,6.12425e-07,45Q-2040-l,500Mt-CostDecrease,FL,missing,refined liquids_base_steam/CT,missing,missing,missing,missing,missing,missing,missing,missing,EJ
885,0.0711914,0.1118126,0.0,0.0,0.0,0.0,0.0,0.0,0.0,45Q-2040-l,500Mt-CostDecrease,FL,missing,refined liquids_int_steam/CT,missing,missing,missing,missing,missing,missing,missing,missing,EJ
886,0.0,0.01397664,0.0,0.0,0.0,0.0,0.0,0.0,0.0,45Q-2040-l,500Mt-CostDecrease,FL,missing,refined liquids_subpeak_steam/CT,missing,missing,missing,missing,missing,missing,missing,missing,EJ
887,0.0,0.0,0.00111291,0.0220361,0.0591953,0.0751429,0.0887385,0.0400911,0.0206384,45Q-2040-l,500Mt-CostDecrease,FL,missing,rooftop_pv,missing,missing,missing,missing,missing,missing,missing,missing,EJ
888,0.0,0.0,0.00599575,0.0059525,0.01175546,0.04076746,0.05778726,0.08253436,0.08191427,45Q-2040-l,500Mt-CostDecrease,FL,missing,wind_base,missing,missing,missing,missing,missing,missing,missing,missing,EJ
889,0.0,0.0,0.0,0.0,0.00102983,0.00821122,0.01351973,0.02300215,0.0253016,45Q-2040-l,500Mt-CostDecrease,FL,missing,wind_base_offshore,missing,missing,missing,missing,missing,missing,missing,missing,EJ
890,0.0,0.0,0.000147775,0.000146709,0.00025179200000000003,0.000782768,0.0010922829999999,0.001549618,0.0014923577,45Q-2040-l,500Mt-CostDecrease,FL,missing,wind_base_storage,missing,missing,missing,missing,missing,missing,missing,missing,EJ
891,0.0,0.0,9.25644e-05,9.369369e-05,0.00018893049,0.00043497949,0.00058973049,0.00078526049,0.0007832579899999998,45Q-2040-l,500Mt-CostDecrease,GA,missing,PV_base_storage,missing,missing,missing,missing,missing,missing,missing,missing,EJ
892,0.0,0.0,0.00638296,0.01032929,0.02675509,0.04599629,0.05690689,0.08267199,0.10379043,45Q-2040-l,500Mt-CostDecrease,GA,missing,PV_int,missing,missing,missing,missing,missing,missing,missing,missing,EJ
893,0.0,0.0,0.000345217,0.000515156,0.0010178029999999,0.0014158329999999,0.0016370279999999,0.002249788,0.002803438,45Q-2040-l,500Mt-CostDecrease,GA,missing,PV_peak,missing,missing,missing,missing,missing,missing,missing,missing,EJ
894,0.0,0.0,0.002420801,0.003429311,0.006485261,0.009017921,0.010526031,0.01482616,0.01855532,45Q-2040-l,500Mt-CostDecrease,GA,missing,PV_subpeak,missing,missing,missing,missing,missing,missing,missing,missing,EJ
895,0.0,0.0,0.000420104,1.036744e-05,0.000483089686,0.001316974296,0.000950931034,0.0010692646772,0.00047117141079,45Q-2040-l,500Mt-CostDecrease,GA,missing,biogas_base_CC,missing,missing,missing,missing,missing,missing,missing,missing,EJ
896,0.0,0.0,0.0,2.8661e-06,0.000332404433,0.001285830276,0.001053902079,0.0015684558938,0.0007651270674300001,45Q-2040-l,500Mt-CostDecrease,GA,missing,biogas_base_CC_CCS,missing,missing,missing,missing,missing,missing,missing,missing,EJ
897,0.0,0.0,0.000309231,0.0001279931,0.00049368241,0.0010930038,0.00116721,0.0027534733,0.0034941318,45Q-2040-l,500Mt-CostDecrease,GA,missing,biogas_int_CC,missing,missing,missing,missing,missing,missing,missing,missing,EJ
898,0.0,0.0,0.0,4.38307e-05,0.00022475941,0.00064274876,0.0008013955000000001,0.0024020750999999,0.0038753427999999,45Q-2040-l,500Mt-CostDecrease,GA,missing,biogas_int_CC_CCS,missing,missing,missing,missing,missing,missing,missing,missing,EJ
899,0.0,0.0,4.14673e-07,1.883983e-07,5.4763058e-07,8.183137e-07,7.799946e-07,2.1571836e-06,3.2957293e-06,45Q-2040-l,500Mt-CostDecrease,GA,missing,biogas_peak_CC,missing,missing,missing,missing,missing,missing,missing,missing,EJ
900,0.0,0.0,0.0,2.65147e-08,8.3593049e-08,1.3513532000000002e-07,1.4659352999999998e-07,4.6634974e-07,8.3704643e-07,45Q-2040-l,500Mt-CostDecrease,GA,missing,biogas_peak_CC_CCS,missing,missing,missing,missing,missing,missing,missing,missing,EJ
901,0.0,0.0,3.887267000000001e-07,1.61778754e-07,4.68093782e-07,6.43790505e-07,4.915940899999999e-07,1.547763071e-06,2.2928031750000005e-06,45Q-2040-l,500Mt-CostDecrease,GA,missing,biogas_peak_steam/CT,missing,missing,missing,missing,missing,missing,missing,missing,EJ
902,0.0,0.0,9.94932e-06,5.012337e-06,1.4657176e-05,2.3346108e-05,2.5049264e-05,7.5670479e-05,9.740784e-05,45Q-2040-l,500Mt-CostDecrease,GA,missing,biogas_subpeak_CC,missing,missing,missing,missing,missing,missing,missing,missing,EJ
903,0.0,0.0,0.0,9.55786e-07,3.256545e-06,5.928204e-06,7.265232e-06,2.5554072e-05,4.1664877e-05,45Q-2040-l,500Mt-CostDecrease,GA,missing,biogas_subpeak_CC_CCS,missing,missing,missing,missing,missing,missing,missing,missing,EJ
904,0.0,0.0,6.7884900000000005e-06,3.1017386e-06,9.28115934e-06,1.342957212e-05,1.1179136379999998e-05,4.03116174e-05,4.65835964e-05,45Q-2040-l,500Mt-CostDecrease,GA,missing,biogas_subpeak_steam/CT,missing,missing,missing,missing,missing,missing,missing,missing,EJ
905,0.0,0.0,9.30591e-05,7.0329551e-05,0.00015053234199999998,0.000439499982,0.000644530421,0.000904368975,0.0004010653419599999,45Q-2040-l,500Mt-CostDecrease,GA,missing,biomass_base_IGCC,missing,missing,missing,missing,missing,missing,missing,missing,EJ
906,0.0,0.0,0.0,4.5270500000000006e-07,7.086621899999999e-05,0.000913651903,0.0016709468029999,0.007584579816,0.0133001920489999,45Q-2040-l,500Mt-CostDecrease,GA,missing,biomass_base_IGCC_CCS,missing,missing,missing,missing,missing,missing,missing,missing,EJ
907,0.0,2.88002e-05,0.0003194038,0.00037054881,0.00061444645,0.00103076572,0.00116331852,0.00106678483,0.0004576402283,45Q-2040-l,500Mt-CostDecrease,GA,missing,biomass_base_conv,missing,missing,missing,missing,missing,missing,missing,missing,EJ
908,0.0,0.0,0.0,5.07249e-07,0.000103157133,0.0023517672409999,0.004377457239,0.054199813827,0.136151625258,45Q-2040-l,500Mt-CostDecrease,GA,missing,biomass_base_conv_CCS,missing,missing,missing,missing,missing,missing,missing,missing,EJ
909,0.0,0.0,3.6685400000000006e-05,4.12687e-05,6.2915e-05,0.00011468273,0.00015620298999999998,0.00028617733,0.00043956932999999993,45Q-2040-l,500Mt-CostDecrease,GA,missing,biomass_int_IGCC,missing,missing,missing,missing,missing,missing,missing,missing,EJ
910,0.0,0.0,0.0,3.1866400000000004e-06,1.6263090000000003e-05,5.922486e-05,9.751836999999998e-05,0.00027152609,0.00051944629,45Q-2040-l,500Mt-CostDecrease,GA,missing,biomass_int_IGCC_CCS,missing,missing,missing,missing,missing,missing,missing,missing,EJ
911,0.0,2.88002e-05,0.0005825849999999999,0.0006712401,0.0006440783,0.0008787708,0.0009006143000000001,0.0010314244,0.0011552535,45Q-2040-l,500Mt-CostDecrease,GA,missing,biomass_int_conv,missing,missing,missing,missing,missing,missing,missing,missing,EJ
912,0.0,0.0,0.0,4.763e-06,2.687016e-05,0.00011458587,0.00019145887,0.00060519576,0.00121030437,45Q-2040-l,500Mt-CostDecrease,GA,missing,biomass_int_conv_CCS,missing,missing,missing,missing,missing,missing,missing,missing,EJ
913,0.0,0.0,0.0,1.791658e-05,0.0011619017799999,0.00395536735,0.00585532675,0.0077818455899999,0.0051459893699999,45Q-2040-l,500Mt-CostDecrease,GA,missing,coal_base_IGCC_CCS,missing,missing,missing,missing,missing,missing,missing,missing,EJ
914,0.0946297,0.1474956,0.0,0.0,0.0,0.0,0.0,0.0,0.0,45Q-2040-l,500Mt-CostDecrease,GA,missing,coal_base_conv pul,missing,missing,missing,missing,missing,missing,missing,missing,EJ
915,0.0,0.0,0.0,0.0,0.0,0.0,0.0,0.0,0.0,45Q-2040-l,500Mt-CostDecrease,GA,missing,coal_base_conv pul 1951-1955,missing,missing,missing,missing,missing,missing,missing,missing,EJ
916,0.0,0.0,0.0,0.0,0.0,0.0,0.0,0.0,0.0,45Q-2040-l,500Mt-CostDecrease,GA,missing,coal_base_conv pul 1966-1970,missing,missing,missing,missing,missing,missing,missing,missing,EJ
917,0.0,0.0,0.04538341,0.04534284,0.03316041,0.00592387,0.004483947,0.0001132807,2.655623e-06,45Q-2040-l,500Mt-CostDecrease,GA,missing,coal_base_conv pul 1971-1975,missing,missing,missing,missing,missing,missing,missing,missing,EJ
918,0.0,0.0,0.00938006,0.00937357,0.00686135,0.001230632,0.000947128,2.530801e-05,6.591489999999999e-07,45Q-2040-l,500Mt-CostDecrease,GA,missing,coal_base_conv pul 1976-1980,missing,missing,missing,missing,missing,missing,missing,missing,EJ
919,0.0,0.0,0.02360499,0.0236011,0.01731656,0.003138588,0.00252784,8.06541e-05,3.472074e-06,45Q-2040-l,500Mt-CostDecrease,GA,missing,coal_base_conv pul 1981-1985,missing,missing,missing,missing,missing,missing,missing,missing,EJ
920,0.0,0.0,0.02778897,0.02778545,0.02039,0.003698377,0.002988531,9.67472e-05,4.424786e-06,45Q-2040-l,500Mt-CostDecrease,GA,missing,coal_base_conv pul 1986-1990,missing,missing,missing,missing,missing,missing,missing,missing,EJ
921,0.0,0.0,0.0,2.134002e-05,0.00128391771,0.00418434204,0.00608642085,0.00774755516,0.00439772067,45Q-2040-l,500Mt-CostDecrease,GA,missing,coal_base_conv pul_CCS,missing,missing,missing,missing,missing,missing,missing,missing,EJ
922,0.01459258,0.02274491,0.0,0.0,0.0,0.0,0.0,0.0,0.0,45Q-2040-l,500Mt-CostDecrease,GA,missing,coal_base_conv pul_retire_2020,missing,missing,missing,missing,missing,missing,missing,missing,EJ
923,0.0,0.0,0.0,5.01986e-05,0.0001823945,0.0004466331,0.0006547452,0.0012455399,0.0019270578,45Q-2040-l,500Mt-CostDecrease,GA,missing,coal_int_IGCC_CCS,missing,missing,missing,missing,missing,missing,missing,missing,EJ
924,0.1093267,0.1273075,0.0,0.0,0.0,0.0,0.0,0.0,0.0,45Q-2040-l,500Mt-CostDecrease,GA,missing,coal_int_conv pul,missing,missing,missing,missing,missing,missing,missing,missing,EJ
925,0.0,0.0,0.0,0.0,0.0,0.0,0.0,0.0,0.0,45Q-2040-l,500Mt-CostDecrease,GA,missing,coal_int_conv pul 1951-1955,missing,missing,missing,missing,missing,missing,missing,missing,EJ
926,0.0,0.0,0.0,0.0,0.0,0.0,0.0,0.0,0.0,45Q-2040-l,500Mt-CostDecrease,GA,missing,coal_int_conv pul 1966-1970,missing,missing,missing,missing,missing,missing,missing,missing,EJ
927,0.0,0.0,0.0067075,0.00670062,0.0055210699999999,0.00234914,0.002553607,0.0007256820000000001,0.0002419662,45Q-2040-l,500Mt-CostDecrease,GA,missing,coal_int_conv pul 1971-1975,missing,missing,missing,missing,missing,missing,missing,missing,EJ
928,0.0,0.0,0.001386336,0.001385196,0.001142387,0.00048801370000000005,0.000539389,0.0001621251,6.00581e-05,45Q-2040-l,500Mt-CostDecrease,GA,missing,coal_int_conv pul 1976-1980,missing,missing,missing,missing,missing,missing,missing,missing,EJ
929,0.0,0.0,0.0034887349999999,0.003487703,0.002883132,0.001244626,0.001439601,0.000516675,0.0003163561,45Q-2040-l,500Mt-CostDecrease,GA,missing,coal_int_conv pul 1981-1985,missing,missing,missing,missing,missing,missing,missing,missing,EJ
930,0.0,0.0,0.0041071169999999,0.004106058,0.0033948579999999,0.0014666079999999,0.001701961,0.000619768,0.0004031626,45Q-2040-l,500Mt-CostDecrease,GA,missing,coal_int_conv pul 1986-1990,missing,missing,missing,missing,missing,missing,missing,missing,EJ
931,0.0,0.0,0.0,6.359040000000001e-05,0.0002182427,0.0005081781,0.0007263990000000001,0.0013189393,0.001982295,45Q-2040-l,500Mt-CostDecrease,GA,missing,coal_int_conv pul_CCS,missing,missing,missing,missing,missing,missing,missing,missing,EJ
932,0.01685892,0.01963166,0.0,0.0,0.0,0.0,0.0,0.0,0.0,45Q-2040-l,500Mt-CostDecrease,GA,missing,coal_int_conv pul_retire_2020,missing,missing,missing,missing,missing,missing,missing,missing,EJ
933,0.000861166,0.0,0.0,0.0,0.0,0.0,0.0,0.0,0.0,45Q-2040-l,500Mt-CostDecrease,GA,missing,coal_peak_conv pul,missing,missing,missing,missing,missing,missing,missing,missing,EJ
934,0.0001327981,0.0,0.0,0.0,0.0,0.0,0.0,0.0,0.0,45Q-2040-l,500Mt-CostDecrease,GA,missing,coal_peak_conv pul_retire_2020,missing,missing,missing,missing,missing,missing,missing,missing,EJ
935,0.00639992,0.0,0.0,0.0,0.0,0.0,0.0,0.0,0.0,45Q-2040-l,500Mt-CostDecrease,GA,missing,coal_subpeak_conv pul,missing,missing,missing,missing,missing,missing,missing,missing,EJ
936,0.000986913,0.0,0.0,0.0,0.0,0.0,0.0,0.0,0.0,45Q-2040-l,500Mt-CostDecrease,GA,missing,coal_subpeak_conv pul_retire_2020,missing,missing,missing,missing,missing,missing,missing,missing,EJ
937,0.0,0.0,0.02782436,0.027338397,0.034917432,0.04082126,0.044841398,0.0173215335,0.00321526515,45Q-2040-l,500Mt-CostDecrease,GA,missing,gas_base_CC,missing,missing,missing,missing,missing,missing,missing,missing,EJ
938,0.0,0.0,0.0,6.81059e-05,0.0056161551,0.0188768392,0.0276598835,0.0366690404,0.0218555668,45Q-2040-l,500Mt-CostDecrease,GA,missing,gas_base_CC_CCS,missing,missing,missing,missing,missing,missing,missing,missing,EJ
939,0.000400523,0.0211458,0.1418876,0.13498075,0.12127934,0.10628894,0.09744412,0.08542287,0.0789195999999999,45Q-2040-l,500Mt-CostDecrease,GA,missing,gas_int_CC,missing,missing,missing,missing,missing,missing,missing,missing,EJ
940,0.0,0.0,0.0,0.00063638,0.002280409,0.005257154,0.00754432,0.013730139,0.020601724,45Q-2040-l,500Mt-CostDecrease,GA,missing,gas_int_CC_CCS,missing,missing,missing,missing,missing,missing,missing,missing,EJ
941,1.5701e-05,0.0010652,0.0013838603,0.00125917597,0.0010465185,0.0008156143,0.00066945066,0.00045490142,0.00031007138,45Q-2040-l,500Mt-CostDecrease,GA,missing,gas_peak_CC,missing,missing,missing,missing,missing,missing,missing,missing,EJ
942,0.0,0.0,0.0,1.3947e-07,4.11101e-07,7.804519999999999e-07,1.059063e-06,1.982313e-06,3.4054670000000004e-06,45Q-2040-l,500Mt-CostDecrease,GA,missing,gas_peak_CC_CCS,missing,missing,missing,missing,missing,missing,missing,missing,EJ
943,1.16007e-05,0.000374699,0.0006918,0.00059371,0.000309996,0.000172713,0.000174057,7.5988e-05,3.96021e-05,45Q-2040-l,500Mt-CostDecrease,GA,missing,gas_peak_steam/CT,missing,missing,missing,missing,missing,missing,missing,missing,EJ
944,0.000104306,0.00708963,0.009671832,0.0089030433,0.0076594636999999,0.0062810904,0.0052975478,0.0041316710999999,0.0033485759,45Q-2040-l,500Mt-CostDecrease,GA,missing,gas_subpeak_CC,missing,missing,missing,missing,missing,missing,missing,missing,EJ
945,0.0,0.0,0.0,7.49474e-06,2.230078e-05,4.263974e-05,5.904356e-05,0.00012126319,0.00019477849,45Q-2040-l,500Mt-CostDecrease,GA,missing,gas_subpeak_CC_CCS,missing,missing,missing,missing,missing,missing,missing,missing,EJ
946,7.72046e-05,0.00249371,0.00480092,0.00418082,0.00242451,0.00146299,0.0014339,0.000677172,0.000362793,45Q-2040-l,500Mt-CostDecrease,GA,missing,gas_subpeak_steam/CT,missing,missing,missing,missing,missing,missing,missing,missing,EJ
947,0.0154506,0.0147517,0.0127107,0.0126912,0.0126774,0.0126793,0.0126509,0.0125448,0.0125587,45Q-2040-l,500Mt-CostDecrease,GA,missing,hydro_base,missing,missing,missing,missing,missing,missing,missing,missing,EJ
948,0.094631,0.117696,0.125486,0.123205,0.117454,0.104338,0.0802147,0.0494333,0.0,45Q-2040-l,500Mt-CostDecrease,GA,missing,nuc_base_Gen II,missing,missing,missing,missing,missing,missing,missing,missing,EJ
949,0.0,0.0,0.0,0.0,0.00592186,0.02128665,0.0310513,0.04353792,0.04939267,45Q-2040-l,500Mt-CostDecrease,GA,missing,nuc_base_Gen III,missing,missing,missing,missing,missing,missing,missing,missing,EJ
950,0.0,0.0,8.7284147e-05,0.000153760914,0.000110238354,5.9552332e-05,4.28467149e-05,3.10016951e-06,1.39531528e-07,45Q-2040-l,500Mt-CostDecrease,GA,missing,refined liquids_base_steam/CT,missing,missing,missing,missing,missing,missing,missing,missing,EJ
951,0.00055743152,0.0008411045,0.0,0.0,0.0,0.0,0.0,0.0,0.0,45Q-2040-l,500Mt-CostDecrease,GA,missing,refined liquids_int_steam/CT,missing,missing,missing,missing,missing,missing,missing,missing,EJ
952,0.0,0.0,0.0,0.0,0.0,0.0,0.0,0.0,0.0,45Q-2040-l,500Mt-CostDecrease,GA,missing,refined liquids_peak_steam/CT,missing,missing,missing,missing,missing,missing,missing,missing,EJ
953,0.00013930826699999998,0.00021030093,0.0,0.0,0.0,0.0,0.0,0.0,0.0,45Q-2040-l,500Mt-CostDecrease,GA,missing,refined liquids_subpeak_steam/CT,missing,missing,missing,missing,missing,missing,missing,missing,EJ
954,0.0,0.0,0.000555293,0.00825615,0.0222896,0.026825,0.0320126,0.0207385,0.010947,45Q-2040-l,500Mt-CostDecrease,GA,missing,rooftop_pv,missing,missing,missing,missing,missing,missing,missing,missing,EJ
955,0.0,0.0,0.0035272,0.0036008667999999,0.0086125368,0.0209988368,0.0289232868,0.0388883168,0.0404184268,45Q-2040-l,500Mt-CostDecrease,GA,missing,wind_base,missing,missing,missing,missing,missing,missing,missing,missing,EJ
956,0.0,0.0,0.0,1.92748e-05,0.0036704448,0.0159046448,0.0255002348,0.0396566348,0.04776067,45Q-2040-l,500Mt-CostDecrease,GA,missing,wind_base_offshore,missing,missing,missing,missing,missing,missing,missing,missing,EJ
957,0.0,0.0,0.000198347,0.0002019172,0.0004327642000000001,0.0010158142,0.0013872022,0.0018618922,0.0018894292,45Q-2040-l,500Mt-CostDecrease,GA,missing,wind_base_storage,missing,missing,missing,missing,missing,missing,missing,missing,EJ
958,0.0,0.0,0.000497655,0.000419779,0.000457695,0.00065149,0.0008589450000000001,0.001450094,0.001443273,45Q-2040-l,500Mt-CostDecrease,HI,missing,CSP_base_storage,missing,missing,missing,missing,missing,missing,missing,missing,EJ
959,0.0,0.0,0.000600686,0.000492442,0.000519468,0.0007764289999999999,0.001465881,0.002423907,0.0033120429999999,45Q-2040-l,500Mt-CostDecrease,HI,missing,CSP_int,missing,missing,missing,missing,missing,missing,missing,missing,EJ
960,0.0,0.0,2.15024e-05,1.570374e-05,1.687258e-05,2.10252e-05,3.303664e-05,4.835776e-05,7.189655999999999e-05,45Q-2040-l,500Mt-CostDecrease,HI,missing,CSP_peak,missing,missing,missing,missing,missing,missing,missing,missing,EJ
961,3.00006e-07,3.00014e-07,9.7274772e-05,7.6783262e-05,8.0165572e-05,9.5839282e-05,0.00017149197199999998,0.000370056,0.0005018512000000001,45Q-2040-l,500Mt-CostDecrease,HI,missing,CSP_subpeak,missing,missing,missing,missing,missing,missing,missing,missing,EJ
962,0.0,0.0,4.62831e-05,3.90405e-05,4.25668e-05,6.296169999999999e-05,8.581649999999999e-05,0.00015163539999999998,0.0001603858,45Q-2040-l,500Mt-CostDecrease,HI,missing,PV_base_storage,missing,missing,missing,missing,missing,missing,missing,missing,EJ
963,0.0,0.0,0.00164162,0.0013458,0.00141966,0.001909678,0.002927058,0.004259168,0.004615358,45Q-2040-l,500Mt-CostDecrease,HI,missing,PV_int,missing,missing,missing,missing,missing,missing,missing,missing,EJ
964,0.0,0.0,5.8764e-05,4.2917e-05,4.61113e-05,5.746e-05,7.57844e-05,9.7088e-05,9.87633e-05,45Q-2040-l,500Mt-CostDecrease,HI,missing,PV_peak,missing,missing,missing,missing,missing,missing,missing,missing,EJ
965,0.0,0.0,0.000518194,0.000409033,0.000427051,0.000510546,0.000627712,0.0006491789999999999,0.000693081,45Q-2040-l,500Mt-CostDecrease,HI,missing,PV_subpeak,missing,missing,missing,missing,missing,missing,missing,missing,EJ
966,0.0,0.0,8.72593e-05,1.35306e-06,1.60244e-06,3.856288e-05,5.551844e-05,0.00015090031,0.000127211056,45Q-2040-l,500Mt-CostDecrease,HI,missing,biogas_base_CC,missing,missing,missing,missing,missing,missing,missing,missing,EJ
967,0.0,0.0,0.0,0.0,0.0,2.60921e-05,4.006272e-05,0.00013789239,0.00012897486,45Q-2040-l,500Mt-CostDecrease,HI,missing,biogas_base_CC_CCS,missing,missing,missing,missing,missing,missing,missing,missing,EJ
968,0.0,0.0,6.7637e-05,8.2112e-06,8.35377e-06,3.254371e-05,9.621406e-05,0.00013882941,0.00020821761,45Q-2040-l,500Mt-CostDecrease,HI,missing,biogas_int_CC,missing,missing,missing,missing,missing,missing,missing,missing,EJ
969,0.0,0.0,0.0,0.0,0.0,1.25687e-05,4.958137e-05,8.740363e-05,0.00014945482,45Q-2040-l,500Mt-CostDecrease,HI,missing,biogas_int_CC_CCS,missing,missing,missing,missing,missing,missing,missing,missing,EJ
970,0.0,0.0,1.1274e-07,6.60438e-09,5.61535e-09,6.29564e-09,1.0369306e-07,1.3960767e-07,3.796002e-07,45Q-2040-l,500Mt-CostDecrease,HI,missing,biogas_peak_CC,missing,missing,missing,missing,missing,missing,missing,missing,EJ
971,0.0,0.0,0.0,0.0,0.0,0.0,1.86418e-08,2.755618e-08,8.092472e-08,45Q-2040-l,500Mt-CostDecrease,HI,missing,biogas_peak_CC_CCS,missing,missing,missing,missing,missing,missing,missing,missing,EJ
972,0.0,0.0,8.9797e-08,5.32176e-10,4.45218e-10,4.960630000000001e-10,7.2538099e-08,9.4541877e-08,2.64933404e-07,45Q-2040-l,500Mt-CostDecrease,HI,missing,biogas_peak_steam/CT,missing,missing,missing,missing,missing,missing,missing,missing,EJ
973,0.0,0.0,1.755e-06,1.67099e-07,1.28675e-07,1.36723e-07,2.247978e-06,5.899192e-06,6.791081599999999e-06,45Q-2040-l,500Mt-CostDecrease,HI,missing,biogas_subpeak_CC,missing,missing,missing,missing,missing,missing,missing,missing,EJ
974,0.0,0.0,0.0,0.0,0.0,0.0,6.22254e-07,1.8796723e-06,2.3680685e-06,45Q-2040-l,500Mt-CostDecrease,HI,missing,biogas_subpeak_CC_CCS,missing,missing,missing,missing,missing,missing,missing,missing,EJ
975,0.0,0.0,1.018363e-06,1.1878e-08,8.86385e-09,9.32665e-09,1.18429129e-06,3.1064860200000004e-06,3.392725803e-06,45Q-2040-l,500Mt-CostDecrease,HI,missing,biogas_subpeak_steam/CT,missing,missing,missing,missing,missing,missing,missing,missing,EJ
976,0.0,0.0,4.33843e-05,3.60503e-05,3.9232e-05,6.428103e-05,0.00010157959000000004,0.0002324458,0.00035556288999999994,45Q-2040-l,500Mt-CostDecrease,HI,missing,biomass_base_IGCC,missing,missing,missing,missing,missing,missing,missing,missing,EJ
977,0.0,0.0,0.0,0.0,0.0,1.84829e-05,5.391642e-05,0.0003323823,0.0007106543000000001,45Q-2040-l,500Mt-CostDecrease,HI,missing,biomass_base_IGCC_CCS,missing,missing,missing,missing,missing,missing,missing,missing,EJ
978,0.000970725,0.0,0.0001674388,0.0001405783,0.00014669059999999998,0.0001861027,0.0002271078,0.0003819683,0.000503752,45Q-2040-l,500Mt-CostDecrease,HI,missing,biomass_base_conv,missing,missing,missing,missing,missing,missing,missing,missing,EJ
979,0.0,0.0,0.0,0.0,0.0,2.41236e-05,7.01851e-05,0.0005617285999999999,0.0012867736,45Q-2040-l,500Mt-CostDecrease,HI,missing,biomass_base_conv_CCS,missing,missing,missing,missing,missing,missing,missing,missing,EJ
980,0.0,0.0,5.9135e-06,4.83999e-06,5.1033e-06,8.074549999999999e-06,1.7861986e-05,3.3242356999999994e-05,5.9732062e-05,45Q-2040-l,500Mt-CostDecrease,HI,missing,biomass_int_IGCC,missing,missing,missing,missing,missing,missing,missing,missing,EJ
981,0.0,0.0,0.0,0.0,0.0,1.214723e-06,7.005060000000001e-06,1.9738793e-05,4.523409300000001e-05,45Q-2040-l,500Mt-CostDecrease,HI,missing,biomass_int_IGCC_CCS,missing,missing,missing,missing,missing,missing,missing,missing,EJ
982,0.000970727,0.0,0.0001038412,8.58528e-05,8.48249e-05,9.389129e-05,0.00010300467,0.00012013411,0.00015596317,45Q-2040-l,500Mt-CostDecrease,HI,missing,biomass_int_conv,missing,missing,missing,missing,missing,missing,missing,missing,EJ
983,0.0,0.0,0.0,0.0,0.0,1.92441e-06,1.096864e-05,3.325721e-05,7.847860999999999e-05,45Q-2040-l,500Mt-CostDecrease,HI,missing,biomass_int_conv_CCS,missing,missing,missing,missing,missing,missing,missing,missing,EJ
984,0.0,0.0,0.0,0.0,0.0,0.0001000128,0.0002425277,0.0006553024,0.0009756563,45Q-2040-l,500Mt-CostDecrease,HI,missing,coal_base_IGCC_CCS,missing,missing,missing,missing,missing,missing,missing,missing,EJ
985,8.40021e-06,0.00487249,0.0,0.0,0.0,0.0,0.0,0.0,0.0,45Q-2040-l,500Mt-CostDecrease,HI,missing,coal_base_conv pul,missing,missing,missing,missing,missing,missing,missing,missing,EJ
986,0.0,0.0,0.00467964,0.00394714,0.00413105,0.00286919,0.00269398,0.000785085,0.000352022,45Q-2040-l,500Mt-CostDecrease,HI,missing,coal_base_conv pul 1991-1995,missing,missing,missing,missing,missing,missing,missing,missing,EJ
987,0.0,0.0,0.0,0.0,0.0,9.28043e-05,0.0002179747,0.0005746108,0.0008253063,45Q-2040-l,500Mt-CostDecrease,HI,missing,coal_base_conv pul_CCS,missing,missing,missing,missing,missing,missing,missing,missing,EJ
988,0.0,0.0,0.0,0.0,0.0,1.184587e-05,5.678224e-05,0.00011941512,0.00021878888,45Q-2040-l,500Mt-CostDecrease,HI,missing,coal_int_IGCC_CCS,missing,missing,missing,missing,missing,missing,missing,missing,EJ
989,1.20003e-06,0.000718916,0.0,0.0,0.0,0.0,0.0,0.0,0.0,45Q-2040-l,500Mt-CostDecrease,HI,missing,coal_int_conv pul,missing,missing,missing,missing,missing,missing,missing,missing,EJ
990,0.0,0.0,0.000690472,0.000566059,0.000594077,0.000611088,0.000582915,0.000338435,0.000243861,45Q-2040-l,500Mt-CostDecrease,HI,missing,coal_int_conv pul 1991-1995,missing,missing,missing,missing,missing,missing,missing,missing,EJ
991,0.0,0.0,0.0,0.0,0.0,1.2151520000000002e-05,5.635968e-05,0.00011543013,0.00020699657,45Q-2040-l,500Mt-CostDecrease,HI,missing,coal_int_conv pul_CCS,missing,missing,missing,missing,missing,missing,missing,missing,EJ
992,0.0,0.000911117,0.001697989,0.001432297,0.001561673,0.002075089,0.002737322,0.004082218,0.005642291,45Q-2040-l,500Mt-CostDecrease,HI,missing,geo_base,missing,missing,missing,missing,missing,missing,missing,missing,EJ
993,7.73e-05,0.0002291,0.0002689,0.000226484,0.000246665,0.0002683,0.0002677,0.0002654,0.0002657,45Q-2040-l,500Mt-CostDecrease,HI,missing,hydro_base,missing,missing,missing,missing,missing,missing,missing,missing,EJ
994,0.0,0.0,0.002073981,0.000980293,0.0006539660000000001,0.0006706642,0.0007505917,0.0006868184600000001,0.0005220148399999999,45Q-2040-l,500Mt-CostDecrease,HI,missing,refined liquids_base_CC,missing,missing,missing,missing,missing,missing,missing,missing,EJ
995,0.0,0.0,0.0,0.0,0.0,7.23807e-05,0.00013134161000000002,0.00038365297,0.00043079462,45Q-2040-l,500Mt-CostDecrease,HI,missing,refined liquids_base_CC_CCS,missing,missing,missing,missing,missing,missing,missing,missing,EJ
996,0.02163045,0.01836844,0.008780582,0.007633594,0.005704395,0.004458415,0.003455284,0.001629169,0.0007534456,45Q-2040-l,500Mt-CostDecrease,HI,missing,refined liquids_base_steam/CT,missing,missing,missing,missing,missing,missing,missing,missing,EJ
997,0.0,0.0,0.001283011,0.000969612,0.000898046,0.0008913114,0.0010589286,0.00099478834,0.0011426622499999,45Q-2040-l,500Mt-CostDecrease,HI,missing,refined liquids_int_CC,missing,missing,missing,missing,missing,missing,missing,missing,EJ
998,0.0,0.0,0.0,0.0,0.0,2.719105e-05,0.00012117139,0.00023405090000000003,0.00042367693,45Q-2040-l,500Mt-CostDecrease,HI,missing,refined liquids_int_CC_CCS,missing,missing,missing,missing,missing,missing,missing,missing,EJ
999,0.011002201,0.012097567,0.008282257,0.006895561,0.006088043,0.005340577,0.00402733,0.002570961,0.001666223,45Q-2040-l,500Mt-CostDecrease,HI,missing,refined liquids_int_steam/CT,missing,missing,missing,missing,missing,missing,missing,missing,EJ
1000,0.0,0.0,1.818454e-06,1.138373e-06,9.08915e-07,7.145980000000001e-07,1.007184e-06,9.338494e-07,1.7209104000000004e-06,45Q-2040-l,500Mt-CostDecrease,HI,missing,refined liquids_peak_CC,missing,missing,missing,missing,missing,missing,missing,missing,EJ
1001,0.0,0.0,0.0,0.0,0.0,0.0,3.519646e-08,6.276728999999999e-08,1.7754471e-07,45Q-2040-l,500Mt-CostDecrease,HI,missing,refined liquids_peak_CC_CCS,missing,missing,missing,missing,missing,missing,missing,missing,EJ
1002,0.00018131,0.0001940647,0.00010964131,9.722952e-05,8.172831e-05,6.813033000000001e-05,5.015792e-05,2.725626e-05,1.639245e-05,45Q-2040-l,500Mt-CostDecrease,HI,missing,refined liquids_peak_steam/CT,missing,missing,missing,missing,missing,missing,missing,missing,EJ
1003,0.0,0.0,3.895507e-05,2.778912e-05,2.296662e-05,1.866946e-05,2.549211e-05,3.3140935e-05,3.783718e-05,45Q-2040-l,500Mt-CostDecrease,HI,missing,refined liquids_subpeak_CC,missing,missing,missing,missing,missing,missing,missing,missing,EJ
1004,0.0,0.0,0.0,0.0,0.0,0.0,1.398785e-06,4.50564e-06,7.104284e-06,45Q-2040-l,500Mt-CostDecrease,HI,missing,refined liquids_subpeak_CC_CCS,missing,missing,missing,missing,missing,missing,missing,missing,EJ
1005,0.0013051306,0.001396962,0.0007246898,0.0006165859999999999,0.0005181960000000001,0.0004356257,0.0003234071,0.0001847471,0.0001132448,45Q-2040-l,500Mt-CostDecrease,HI,missing,refined liquids_subpeak_steam/CT,missing,missing,missing,missing,missing,missing,missing,missing,EJ
1006,0.0,0.0,0.00153306,0.0067034,0.0119304,0.0143998,0.0151996,0.0154789,0.0155761,45Q-2040-l,500Mt-CostDecrease,HI,missing,rooftop_pv,missing,missing,missing,missing,missing,missing,missing,missing,EJ
1007,0.000114203,2.39005e-05,0.00571287,0.00481888,0.00525415,0.00672491,0.0079741,0.00906268,0.00895267,45Q-2040-l,500Mt-CostDecrease,HI,missing,wind_base,missing,missing,missing,missing,missing,missing,missing,missing,EJ
1008,0.0,0.0,8.05106e-05,6.79118e-05,7.4046e-05,0.0001248854,0.0001844614,0.0003528614,0.0004167548,45Q-2040-l,500Mt-CostDecrease,HI,missing,wind_base_storage,missing,missing,missing,missing,missing,missing,missing,missing,EJ
1009,0.0,0.0,8.79971e-06,2.451921e-05,6.664481e-05,0.00011112291,0.00013735651,0.00017455411,0.0001818306,45Q-2040-l,500Mt-CostDecrease,ID,missing,CSP_base_storage,missing,missing,missing,missing,missing,missing,missing,missing,EJ
1010,0.0,0.0,3.2396e-05,6.44022e-05,0.000134658,0.00024830420000000004,0.0003100158,0.0003956138,0.0005221296,45Q-2040-l,500Mt-CostDecrease,ID,missing,CSP_int,missing,missing,missing,missing,missing,missing,missing,missing,EJ
1011,0.0,0.0,5.97212e-06,9.34526e-06,1.704726e-05,2.545378e-05,3.073918e-05,3.757278e-05,4.898662e-05,45Q-2040-l,500Mt-CostDecrease,ID,missing,CSP_peak,missing,missing,missing,missing,missing,missing,missing,missing,EJ
1012,7.20014e-05,6.47006e-05,0.0004393166,0.00046947,0.0005327684,0.0006049525999999998,0.0006537085999999999,0.0004004842,0.000493588,45Q-2040-l,500Mt-CostDecrease,ID,missing,CSP_subpeak,missing,missing,missing,missing,missing,missing,missing,missing,EJ
1013,0.0,0.0,1.50039e-06,4.42438e-06,1.254802e-05,2.13337e-05,2.659907e-05,3.414446e-05,3.592795e-05,45Q-2040-l,500Mt-CostDecrease,ID,missing,PV_base_storage,missing,missing,missing,missing,missing,missing,missing,missing,EJ
1014,0.0,0.0,0.000271867,0.000531239,0.000935236,0.00137773,0.001598868,0.0018828,0.00212057,45Q-2040-l,500Mt-CostDecrease,ID,missing,PV_int,missing,missing,missing,missing,missing,missing,missing,missing,EJ
1015,0.0,0.0,5.01179e-05,7.74531e-05,0.0001217424,0.0001544741,0.0001734138,0.0001960812,0.0002017208,45Q-2040-l,500Mt-CostDecrease,ID,missing,PV_peak,missing,missing,missing,missing,missing,missing,missing,missing,EJ
1016,0.0,0.0,0.000457702,0.000702059,0.001066048,0.001347105,0.0015218179999999,0.00195818,0.00197398,45Q-2040-l,500Mt-CostDecrease,ID,missing,PV_subpeak,missing,missing,missing,missing,missing,missing,missing,missing,EJ
1017,0.0,0.0,7.66018e-06,1.60653466e-05,4.66422167e-05,5.36145295e-05,3.47871168e-05,4.73723652e-05,1.990917986e-05,45Q-2040-l,500Mt-CostDecrease,ID,missing,biogas_base_CC,missing,missing,missing,missing,missing,missing,missing,missing,EJ
1018,0.0,0.0,0.0,8.59153e-06,3.29448349e-05,5.2775426e-05,3.716972e-05,6.7288547e-05,3.17984259e-05,45Q-2040-l,500Mt-CostDecrease,ID,missing,biogas_base_CC_CCS,missing,missing,missing,missing,missing,missing,missing,missing,EJ
1019,0.0,0.0,1.39046e-05,1.0423497e-05,2.1627906e-05,4.543361e-05,3.447584e-05,4.950639e-05,7.438459e-05,45Q-2040-l,500Mt-CostDecrease,ID,missing,biogas_int_CC,missing,missing,missing,missing,missing,missing,missing,missing,EJ
1020,0.0,0.0,0.0,3.81909e-06,9.916711e-06,2.6987416e-05,2.4199688e-05,4.888558e-05,8.468627e-05,45Q-2040-l,500Mt-CostDecrease,ID,missing,biogas_int_CC_CCS,missing,missing,missing,missing,missing,missing,missing,missing,EJ
1021,0.0,0.0,6.55295e-08,3.988677e-08,8.7556817e-08,1.2241717e-07,8.760888e-08,1.1804344e-07,2.5602697e-07,45Q-2040-l,500Mt-CostDecrease,ID,missing,biogas_peak_CC,missing,missing,missing,missing,missing,missing,missing,missing,EJ
1022,0.0,0.0,0.0,5.81747e-09,1.34475e-08,2.0367061000000006e-08,1.6021881e-08,2.7572106e-08,5.897513e-08,45Q-2040-l,500Mt-CostDecrease,ID,missing,biogas_peak_CC_CCS,missing,missing,missing,missing,missing,missing,missing,missing,EJ
1023,0.0,0.0,6.09783e-08,3.473419e-08,7.44143e-08,9.834074699999999e-08,6.2745566e-08,8.3341676e-08,1.9728777200000006e-07,45Q-2040-l,500Mt-CostDecrease,ID,missing,biogas_peak_steam/CT,missing,missing,missing,missing,missing,missing,missing,missing,EJ
1024,0.0,0.0,1.60148e-06,1.3199295e-06,3.1170482e-06,4.598775200000001e-06,3.6477332e-06,9.0647318e-06,9.8787675e-06,45Q-2040-l,500Mt-CostDecrease,ID,missing,biogas_subpeak_CC,missing,missing,missing,missing,missing,missing,missing,missing,EJ
1025,0.0,0.0,0.0,2.67076e-07,7.0593912e-07,1.1894803e-06,1.0587677e-06,3.1407928e-06,4.2169333e-06,45Q-2040-l,500Mt-CostDecrease,ID,missing,biogas_subpeak_CC_CCS,missing,missing,missing,missing,missing,missing,missing,missing,EJ
1026,0.0,0.0,1.084055e-06,8.45599521e-07,1.972649734e-06,2.7399362829999994e-06,1.905535571e-06,5.138813439999999e-06,5.3953302960000005e-06,45Q-2040-l,500Mt-CostDecrease,ID,missing,biogas_subpeak_steam/CT,missing,missing,missing,missing,missing,missing,missing,missing,EJ
1027,0.0,0.0,4.59851e-05,7.355870000000001e-05,0.0001397768,0.0002234168,0.0002504419,0.00022938032000000005,7.967328699999999e-05,45Q-2040-l,500Mt-CostDecrease,ID,missing,biomass_base_IGCC,missing,missing,missing,missing,missing,missing,missing,missing,EJ
1028,0.0,0.0,0.0,2.21273e-05,0.0001020291,0.0004088049,0.0006162148000000001,0.0021253729,0.0032610653,45Q-2040-l,500Mt-CostDecrease,ID,missing,biomass_base_IGCC_CCS,missing,missing,missing,missing,missing,missing,missing,missing,EJ
1029,0.00014921,0.000208804,0.0002108052,0.0002607275,0.00034755690000000004,0.0004317321,0.0003936112,0.00026974697,9.2802755e-05,45Q-2040-l,500Mt-CostDecrease,ID,missing,biomass_base_conv,missing,missing,missing,missing,missing,missing,missing,missing,EJ
1030,0.0,0.0,0.0,2.52777e-05,0.00014385829999999998,0.0009790987,0.0015449965,0.014593709,0.0313175168,45Q-2040-l,500Mt-CostDecrease,ID,missing,biomass_base_conv_CCS,missing,missing,missing,missing,missing,missing,missing,missing,EJ
1031,0.0,0.0,1.666851e-05,2.082242e-05,2.728018e-05,4.095627e-05,4.732922e-05,5.622445e-05,7.046132000000001e-05,45Q-2040-l,500Mt-CostDecrease,ID,missing,biomass_int_IGCC,missing,missing,missing,missing,missing,missing,missing,missing,EJ
1032,0.0,0.0,0.0,2.33877e-06,6.44214e-06,1.766678e-05,2.396121e-05,3.682598e-05,6.280981e-05,45Q-2040-l,500Mt-CostDecrease,ID,missing,biomass_int_IGCC_CCS,missing,missing,missing,missing,missing,missing,missing,missing,EJ
1033,0.000149205,0.000208801,0.0004800421,0.0005655568999999999,0.000515243,0.0006168712,0.0005407821999999999,0.0004397529,0.00032702819999999995,45Q-2040-l,500Mt-CostDecrease,ID,missing,biomass_int_conv,missing,missing,missing,missing,missing,missing,missing,missing,EJ
1034,0.0,0.0,0.0,3.55397e-06,1.060302e-05,3.389023e-05,4.673213e-05,7.780336e-05,0.00014222199,45Q-2040-l,500Mt-CostDecrease,ID,missing,biomass_int_conv_CCS,missing,missing,missing,missing,missing,missing,missing,missing,EJ
1035,0.0,0.0,0.0,5.00568e-05,0.0001795107,0.00030934100000000003,0.0003938673,0.0004693859,0.00029461526,45Q-2040-l,500Mt-CostDecrease,ID,missing,coal_base_IGCC_CCS,missing,missing,missing,missing,missing,missing,missing,missing,EJ
1036,0.0,0.0,0.0,6.08295e-05,0.0002057077,0.00034077429999999995,0.0004257740000000001,0.0004768245,0.00025768219,45Q-2040-l,500Mt-CostDecrease,ID,missing,coal_base_conv pul_CCS,missing,missing,missing,missing,missing,missing,missing,missing,EJ
1037,0.0,0.0,0.0,3.02694e-06,9.21124e-06,2.116155e-05,2.799868e-05,3.799189e-05,5.669994000000001e-05,45Q-2040-l,500Mt-CostDecrease,ID,missing,coal_int_IGCC_CCS,missing,missing,missing,missing,missing,missing,missing,missing,EJ
1038,0.0,0.0,0.0,3.86522e-06,1.114905e-05,2.433376e-05,3.1534740000000004e-05,4.158577e-05,5.985547e-05,45Q-2040-l,500Mt-CostDecrease,ID,missing,coal_int_conv pul_CCS,missing,missing,missing,missing,missing,missing,missing,missing,EJ
1039,0.0,0.0,0.002030769,0.002563376,0.002736254,0.001896503,0.0018104809999999,0.0005191352000000001,0.00012229161,45Q-2040-l,500Mt-CostDecrease,ID,missing,gas_base_CC,missing,missing,missing,missing,missing,missing,missing,missing,EJ
1040,0.0,0.0,0.0,0.000213392,0.000703983,0.001175012,0.001466647,0.001588241,0.0006843800000000001,45Q-2040-l,500Mt-CostDecrease,ID,missing,gas_base_CC_CCS,missing,missing,missing,missing,missing,missing,missing,missing,EJ
1041,0.0,0.00359871,0.008675347,0.008294487,0.007162948,0.005861642,0.005042152,0.003662518,0.0029103329999999,45Q-2040-l,500Mt-CostDecrease,ID,missing,gas_int_CC,missing,missing,missing,missing,missing,missing,missing,missing,EJ
1042,0.0,0.0,0.0,5.31134e-05,0.0001219954,0.000244402,0.0003124194,0.0004081028,0.0005804493999999999,45Q-2040-l,500Mt-CostDecrease,ID,missing,gas_int_CC_CCS,missing,missing,missing,missing,missing,missing,missing,missing,EJ
1043,0.0,0.000126704,0.00015584834,0.00014157384399999997,0.000113851936,8.151404e-05,6.3845707e-05,3.5410985e-05,2.020491e-05,45Q-2040-l,500Mt-CostDecrease,ID,missing,gas_peak_CC,missing,missing,missing,missing,missing,missing,missing,missing,EJ
1044,0.0,0.0,0.0,1.8005e-08,4.3571e-08,7.78278e-08,9.97324e-08,1.30135e-07,2.0649490000000006e-07,45Q-2040-l,500Mt-CostDecrease,ID,missing,gas_peak_CC_CCS,missing,missing,missing,missing,missing,missing,missing,missing,EJ
1045,0.0,4.460126000000001e-05,7.2029198e-05,6.135152909999998e-05,2.74908073e-05,1.2082993400000002e-05,9.4637419e-06,3.39233413e-06,1.8434277400000005e-06,45Q-2040-l,500Mt-CostDecrease,ID,missing,gas_peak_steam/CT,missing,missing,missing,missing,missing,missing,missing,missing,EJ
1046,0.0,0.000885409,0.00085437,0.0007905340000000001,0.0006714581,0.0005269362,0.0004349056,0.00030014604,0.00021798166,45Q-2040-l,500Mt-CostDecrease,ID,missing,gas_subpeak_CC,missing,missing,missing,missing,missing,missing,missing,missing,EJ
1047,0.0,0.0,0.0,1.23967e-06,3.15173e-06,5.752830000000001e-06,7.550069999999999e-06,1.267132e-05,1.824035e-05,45Q-2040-l,500Mt-CostDecrease,ID,missing,gas_subpeak_CC_CCS,missing,missing,missing,missing,missing,missing,missing,missing,EJ
1048,0.0,0.000311403,0.00042596955,0.00037518294,0.00020302988,0.000107160374,8.927294500000003e-05,4.697544400000001e-05,3.2195393e-05,45Q-2040-l,500Mt-CostDecrease,ID,missing,gas_subpeak_steam/CT,missing,missing,missing,missing,missing,missing,missing,missing,EJ
1049,0.0,0.0,0.0003985815,0.0005013525,0.0007254175,0.0010065553999999,0.0011988055,0.0011837989,0.0011501417999999,45Q-2040-l,500Mt-CostDecrease,ID,missing,geo_base,missing,missing,missing,missing,missing,missing,missing,missing,EJ
1050,0.0233259,0.0314062,0.0375729,0.0375153,0.0374744,0.0374799,0.0373959,0.0370823,0.0371236,45Q-2040-l,500Mt-CostDecrease,ID,missing,hydro_base,missing,missing,missing,missing,missing,missing,missing,missing,EJ
1051,0.00760799,0.0,0.0,0.0,0.0,0.0,0.0,0.0,0.0,45Q-2040-l,500Mt-CostDecrease,ID,missing,hydro_int,missing,missing,missing,missing,missing,missing,missing,missing,EJ
1052,2.50008e-06,0.0,0.0,0.0,0.0,0.0,0.0,0.0,0.0,45Q-2040-l,500Mt-CostDecrease,ID,missing,refined liquids_int_steam/CT,missing,missing,missing,missing,missing,missing,missing,missing,EJ
1053,0.0,0.0,0.0,0.0,0.0,0.0,0.0,0.0,0.0,45Q-2040-l,500Mt-CostDecrease,ID,missing,refined liquids_peak_steam/CT,missing,missing,missing,missing,missing,missing,missing,missing,EJ
1054,6.000115000000001e-07,0.0,0.0,0.0,0.0,0.0,0.0,0.0,0.0,45Q-2040-l,500Mt-CostDecrease,ID,missing,refined liquids_subpeak_steam/CT,missing,missing,missing,missing,missing,missing,missing,missing,EJ
1055,0.0,0.0,7.95288e-05,0.000541621,0.000884407,0.00143658,0.0019852,0.00155927,0.000936888,45Q-2040-l,500Mt-CostDecrease,ID,missing,rooftop_pv,missing,missing,missing,missing,missing,missing,missing,missing,EJ
1056,0.0,0.0,0.009202779,0.011279079,0.015309129,0.019513469,0.022080839,0.017877069,0.01892359,45Q-2040-l,500Mt-CostDecrease,ID,missing,wind_base,missing,missing,missing,missing,missing,missing,missing,missing,EJ
1057,0.0,0.0,2.19779e-05,6.46568e-05,0.000144485,0.0002308344,0.0002828786,0.0003590408,0.0003705885000000001,45Q-2040-l,500Mt-CostDecrease,ID,missing,wind_base_storage,missing,missing,missing,missing,missing,missing,missing,missing,EJ
1058,0.0,0.0,0.000394567,0.0004902468,0.0007499588000000001,0.0011377258,0.0013397398,0.0016351268,0.0014255938,45Q-2040-l,500Mt-CostDecrease,IL,missing,PV_base_storage,missing,missing,missing,missing,missing,missing,missing,missing,EJ
1059,0.0,0.0,0.0254331,0.03373634,0.05319294,0.08108884,0.09464774,0.12718674,0.14546594,45Q-2040-l,500Mt-CostDecrease,IL,missing,PV_int,missing,missing,missing,missing,missing,missing,missing,missing,EJ
1060,0.0,0.0,0.000788764,0.001131619,0.001762647,0.002048226,0.00238851,0.002909341,0.0035808769999999,45Q-2040-l,500Mt-CostDecrease,IL,missing,PV_peak,missing,missing,missing,missing,missing,missing,missing,missing,EJ
1061,0.0,0.0,0.0037239649999999,0.0054657149999999,0.008588735,0.010143225,0.012037135,0.01657938,0.02016183,45Q-2040-l,500Mt-CostDecrease,IL,missing,PV_subpeak,missing,missing,missing,missing,missing,missing,missing,missing,EJ
1062,0.0,0.0,0.0019994,0.00052038754,0.00146400157,0.0023310698,0.0013775927,0.0017891062,0.00107530224,45Q-2040-l,500Mt-CostDecrease,IL,missing,biogas_base_CC,missing,missing,missing,missing,missing,missing,missing,missing,EJ
1063,0.0,0.0,0.0,0.000277394,0.00102734739,0.00225757313,0.0014615963,0.0025176171099999,0.001689665166,45Q-2040-l,500Mt-CostDecrease,IL,missing,biogas_base_CC_CCS,missing,missing,missing,missing,missing,missing,missing,missing,EJ
1064,0.0,0.0,0.00132322,0.00034627540000000003,0.0007475604999999999,0.0022438845,0.0020990238,0.0050122789,0.0068519828999999,45Q-2040-l,500Mt-CostDecrease,IL,missing,biogas_int_CC,missing,missing,missing,missing,missing,missing,missing,missing,EJ
1065,0.0,0.0,0.0,0.000106572,0.00031748504,0.0012288824,0.0013299367,0.0040380343,0.006954713,45Q-2040-l,500Mt-CostDecrease,IL,missing,biogas_int_CC_CCS,missing,missing,missing,missing,missing,missing,missing,missing,EJ
1066,0.0,0.0,1.09882e-06,4.775141e-07,8.879713000000001e-07,1.0315264e-06,1.5682131000000002e-06,3.118753e-06,6.9087628e-06,45Q-2040-l,500Mt-CostDecrease,IL,missing,biogas_peak_CC,missing,missing,missing,missing,missing,missing,missing,missing,EJ
1067,0.0,0.0,0.0,6.64076e-08,1.3473149e-07,1.647648e-07,2.741078e-07,6.718001e-07,1.6040819e-06,45Q-2040-l,500Mt-CostDecrease,IL,missing,biogas_peak_CC_CCS,missing,missing,missing,missing,missing,missing,missing,missing,EJ
1068,0.0,0.0,1.011049e-06,3.91535028e-07,7.234072800000001e-07,6.5794509e-07,9.3651744e-07,1.85336307e-06,4.7301043900000016e-06,45Q-2040-l,500Mt-CostDecrease,IL,missing,biogas_peak_steam/CT,missing,missing,missing,missing,missing,missing,missing,missing,EJ
1069,0.0,0.0,2.17122e-05,1.073773e-05,1.9041444e-05,2.552656e-05,4.020035e-05,0.00011030511,0.00016358570999999998,45Q-2040-l,500Mt-CostDecrease,IL,missing,biogas_subpeak_CC,missing,missing,missing,missing,missing,missing,missing,missing,EJ
1070,0.0,0.0,0.0,2.00982e-06,4.1903449e-06,6.148688e-06,1.073965e-05,3.5616070000000004e-05,6.492006e-05,45Q-2040-l,500Mt-CostDecrease,IL,missing,biogas_subpeak_CC_CCS,missing,missing,missing,missing,missing,missing,missing,missing,EJ
1071,0.0,0.0,1.4521440000000002e-05,6.257684100000001e-06,1.132748915e-05,1.14926757e-05,1.69137162e-05,5.285104889999999e-05,7.41339044e-05,45Q-2040-l,500Mt-CostDecrease,IL,missing,biogas_subpeak_steam/CT,missing,missing,missing,missing,missing,missing,missing,missing,EJ
1072,0.0,0.0,0.000364547,0.000302694,0.0005494088,0.0011037024,0.0013896066,0.0016072168,0.000934065905,45Q-2040-l,500Mt-CostDecrease,IL,missing,biomass_base_IGCC,missing,missing,missing,missing,missing,missing,missing,missing,EJ
1073,0.0,0.0,0.0,4.18788e-05,0.0002662984,0.0019128645,0.0031648645,0.0150304069999999,0.0308664989,45Q-2040-l,500Mt-CostDecrease,IL,missing,biomass_base_IGCC_CCS,missing,missing,missing,missing,missing,missing,missing,missing,EJ
1074,0.00029540800000000004,0.0011225,0.0008621239,0.0005710606,0.0010212779,0.0018866091,0.0021064026,0.00190229865,0.001150993525,45Q-2040-l,500Mt-CostDecrease,IL,missing,biomass_base_conv,missing,missing,missing,missing,missing,missing,missing,missing,EJ
1075,0.0,0.0,0.0,4.80479e-05,0.0003838069,0.0049494636,0.0084334724,0.1176415144,0.3756587455,45Q-2040-l,500Mt-CostDecrease,IL,missing,biomass_base_conv_CCS,missing,missing,missing,missing,missing,missing,missing,missing,EJ
1076,0.0,0.0,4.76954e-05,5.351586e-05,7.040669e-05,0.00013385390000000003,0.00017720629,0.00034383496,0.0005938205,45Q-2040-l,500Mt-CostDecrease,IL,missing,biomass_int_IGCC,missing,missing,missing,missing,missing,missing,missing,missing,EJ
1077,0.0,0.0,0.0,3.4606600000000003e-06,1.375194e-05,6.775794e-05,0.00010864464,0.00033483976,0.0007406275399999999,45Q-2040-l,500Mt-CostDecrease,IL,missing,biomass_int_IGCC_CCS,missing,missing,missing,missing,missing,missing,missing,missing,EJ
1078,0.000295407,0.001122499,0.000615632,0.0006756027999999999,0.0006552369999999999,0.0008582737000000001,0.000870514,0.0011155180999999,0.0014628199,45Q-2040-l,500Mt-CostDecrease,IL,missing,biomass_int_conv,missing,missing,missing,missing,missing,missing,missing,missing,EJ
1079,0.0,0.0,0.0,5.27256e-06,2.30168e-05,0.00013555883,0.00021937673,0.00076932383,0.0017829150299999,45Q-2040-l,500Mt-CostDecrease,IL,missing,biomass_int_conv_CCS,missing,missing,missing,missing,missing,missing,missing,missing,EJ
1080,0.0,0.0,0.0,0.002030718,0.006805301,0.013471661,0.017240516,0.021643481,0.01572556,45Q-2040-l,500Mt-CostDecrease,IL,missing,coal_base_IGCC_CCS,missing,missing,missing,missing,missing,missing,missing,missing,EJ
1081,0.06833401,0.13556591,0.0,0.0,0.0,0.0,0.0,0.0,0.0,45Q-2040-l,500Mt-CostDecrease,IL,missing,coal_base_conv pul,missing,missing,missing,missing,missing,missing,missing,missing,EJ
1082,0.0,0.0,0.008649046,0.007692357,0.003662461,0.0,0.0,0.0,0.0,45Q-2040-l,500Mt-CostDecrease,IL,missing,coal_base_conv pul 1951-1955,missing,missing,missing,missing,missing,missing,missing,missing,EJ
1083,0.0,0.0,0.003620934,0.002806538,0.0,0.0,0.0,0.0,0.0,45Q-2040-l,500Mt-CostDecrease,IL,missing,coal_base_conv pul 1956-1960,missing,missing,missing,missing,missing,missing,missing,missing,EJ
1084,0.0,0.0,0.006186011,0.004138984,0.0,0.0,0.0,0.0,0.0,45Q-2040-l,500Mt-CostDecrease,IL,missing,coal_base_conv pul 1961-1965,missing,missing,missing,missing,missing,missing,missing,missing,EJ
1085,0.0,0.0,0.016985261,0.016933392,0.011905858,0.001915167,0.0013606295,2.003351e-05,0.0,45Q-2040-l,500Mt-CostDecrease,IL,missing,coal_base_conv pul 1966-1970,missing,missing,missing,missing,missing,missing,missing,missing,EJ
1086,0.0,0.0,0.02434124,0.02426687,0.0170620469999999,0.002744589,0.001949891,2.87096e-05,0.0,45Q-2040-l,500Mt-CostDecrease,IL,missing,coal_base_conv pul 1971-1975,missing,missing,missing,missing,missing,missing,missing,missing,EJ
1087,0.0,0.0,0.016903557,0.0164288049999999,0.010397489,0.0011771785999999,0.0,0.0,0.0,45Q-2040-l,500Mt-CostDecrease,IL,missing,coal_base_conv pul 1976-1980,missing,missing,missing,missing,missing,missing,missing,missing,EJ
1088,0.0,0.0,0.0010246708,0.0010241786,0.0007284086,0.0001231592,0.0001065307,2.814676e-06,1.1446640000000001e-07,45Q-2040-l,500Mt-CostDecrease,IL,missing,coal_base_conv pul 1986-1990,missing,missing,missing,missing,missing,missing,missing,missing,EJ
1089,0.0,0.0,0.0005794372,0.0005791657,0.0004119301,6.96646e-05,6.031887e-05,1.6007898e-06,6.637901e-08,45Q-2040-l,500Mt-CostDecrease,IL,missing,coal_base_conv pul 1991-1995,missing,missing,missing,missing,missing,missing,missing,missing,EJ
1090,0.0,0.0,0.0007049379,0.0007046091,0.0005011601000000001,8.476048e-05,7.341155e-05,1.950874e-06,8.138071e-08,45Q-2040-l,500Mt-CostDecrease,IL,missing,coal_base_conv pul 1996-2000,missing,missing,missing,missing,missing,missing,missing,missing,EJ
1091,0.0,0.0,0.0008443773,0.0008439849,0.0006002943,0.00010152961,8.794543e-05,2.338296e-06,9.77642e-08,45Q-2040-l,500Mt-CostDecrease,IL,missing,coal_base_conv pul 2001-2005,missing,missing,missing,missing,missing,missing,missing,missing,EJ
1092,0.0,0.0,0.001944147,0.001943245,0.0013821583,0.0002337689,0.000202494,5.384176e-06,2.251629e-07,45Q-2040-l,500Mt-CostDecrease,IL,missing,coal_base_conv pul 2006-2010,missing,missing,missing,missing,missing,missing,missing,missing,EJ
1093,0.0,0.0,0.0199665399999999,0.01995724,0.014194872,0.002400827,0.002079632,5.529665e-05,2.312575e-06,45Q-2040-l,500Mt-CostDecrease,IL,missing,coal_base_conv pul 2011-2015,missing,missing,missing,missing,missing,missing,missing,missing,EJ
1094,0.0,0.0,0.0,0.00251352,0.00793803,0.0150214299999999,0.01888463,0.02274292,0.014391823,45Q-2040-l,500Mt-CostDecrease,IL,missing,coal_base_conv pul_CCS,missing,missing,missing,missing,missing,missing,missing,missing,EJ
1095,0.016837268,0.03340301,0.0,0.0,0.0,0.0,0.0,0.0,0.0,45Q-2040-l,500Mt-CostDecrease,IL,missing,coal_base_conv pul_retire_2020,missing,missing,missing,missing,missing,missing,missing,missing,EJ
1096,0.0,0.0,0.0,0.0001394642,0.0003570358,0.0009520611,0.0013092982,0.0024417027,0.0039832266,45Q-2040-l,500Mt-CostDecrease,IL,missing,coal_int_IGCC_CCS,missing,missing,missing,missing,missing,missing,missing,missing,EJ
1097,0.09830645,0.14724505,0.0,0.0,0.0,0.0,0.0,0.0,0.0,45Q-2040-l,500Mt-CostDecrease,IL,missing,coal_int_conv pul,missing,missing,missing,missing,missing,missing,missing,missing,EJ
1098,0.0,0.0,0.010249349,0.0091195659999999,0.005745996,0.0,0.0,0.0,0.0,45Q-2040-l,500Mt-CostDecrease,IL,missing,coal_int_conv pul 1951-1955,missing,missing,missing,missing,missing,missing,missing,missing,EJ
1099,0.0,0.0,0.004290901,0.003327242,0.0,0.0,0.0,0.0,0.0,45Q-2040-l,500Mt-CostDecrease,IL,missing,coal_int_conv pul 1956-1960,missing,missing,missing,missing,missing,missing,missing,missing,EJ
1100,0.0,0.0,0.007330594,0.00490691,0.0,0.0,0.0,0.0,0.0,45Q-2040-l,500Mt-CostDecrease,IL,missing,coal_int_conv pul 1961-1965,missing,missing,missing,missing,missing,missing,missing,missing,EJ
1101,0.0,0.0,0.020128,0.0200751399999999,0.01867894,0.011602297,0.009599158,0.002590108,0.0,45Q-2040-l,500Mt-CostDecrease,IL,missing,coal_int_conv pul 1966-1970,missing,missing,missing,missing,missing,missing,missing,missing,EJ
1102,0.0,0.0,0.0288449699999999,0.02876932,0.02676844,0.016627018,0.013756357,0.003711834,0.0,45Q-2040-l,500Mt-CostDecrease,IL,missing,coal_int_conv pul 1971-1975,missing,missing,missing,missing,missing,missing,missing,missing,EJ
1103,0.0,0.0,0.02003114,0.01947696,0.016312489,0.0071314889999999,0.0,0.0,0.0,45Q-2040-l,500Mt-CostDecrease,IL,missing,coal_int_conv pul 1976-1980,missing,missing,missing,missing,missing,missing,missing,missing,EJ
1104,0.0,0.0,0.0012142621999999,0.0012142018,0.0011427910999999,0.0007461127,0.0007515679,0.0003639063,0.0002291969,45Q-2040-l,500Mt-CostDecrease,IL,missing,coal_int_conv pul 1986-1990,missing,missing,missing,missing,missing,missing,missing,missing,EJ
1105,0.0,0.0,0.0006866492,0.0006866227,0.0006462722,0.0004220359,0.0004255453,0.0002069645,0.00013291105,45Q-2040-l,500Mt-CostDecrease,IL,missing,coal_int_conv pul 1991-1995,missing,missing,missing,missing,missing,missing,missing,missing,EJ
1106,0.0,0.0,0.0008353699,0.0008353402,0.0007862626,0.000513489,0.000517914,0.00025222600000000003,0.00016294911,45Q-2040-l,500Mt-CostDecrease,IL,missing,coal_int_conv pul 1996-2000,missing,missing,missing,missing,missing,missing,missing,missing,EJ
1107,0.0,0.0,0.0010006094,0.0010005754999999,0.0009417939,0.0006150785,0.0006204489,0.0003023147,0.0001957537,45Q-2040-l,500Mt-CostDecrease,IL,missing,coal_int_conv pul 2001-2005,missing,missing,missing,missing,missing,missing,missing,missing,EJ
1108,0.0,0.0,0.002303871,0.002303797,0.002168451,0.0014161997,0.0014285825,0.0006961135,0.0004508451,45Q-2040-l,500Mt-CostDecrease,IL,missing,coal_int_conv pul 2006-2010,missing,missing,missing,missing,missing,missing,missing,missing,EJ
1109,0.0,0.0,0.0236609599999999,0.0236601099999999,0.02227012,0.014544482,0.0146716939999999,0.007149241,0.004630472,45Q-2040-l,500Mt-CostDecrease,IL,missing,coal_int_conv pul 2011-2015,missing,missing,missing,missing,missing,missing,missing,missing,EJ
1110,0.0,0.0,0.0,0.000179494,0.00043743480000000006,0.0010976596,0.0014759054,0.002621633,0.0041343892,45Q-2040-l,500Mt-CostDecrease,IL,missing,coal_int_conv pul_CCS,missing,missing,missing,missing,missing,missing,missing,missing,EJ
1111,0.02422231,0.0362806299999999,0.0,0.0,0.0,0.0,0.0,0.0,0.0,45Q-2040-l,500Mt-CostDecrease,IL,missing,coal_int_conv pul_retire_2020,missing,missing,missing,missing,missing,missing,missing,missing,EJ
1112,0.0013296903,0.0,0.0,0.0,0.0,0.0,0.0,0.0,0.0,45Q-2040-l,500Mt-CostDecrease,IL,missing,coal_peak_conv pul,missing,missing,missing,missing,missing,missing,missing,missing,EJ
1113,0.0003276316,0.0,0.0,0.0,0.0,0.0,0.0,0.0,0.0,45Q-2040-l,500Mt-CostDecrease,IL,missing,coal_peak_conv pul_retire_2020,missing,missing,missing,missing,missing,missing,missing,missing,EJ
1114,0.007968892,0.0,0.0,0.0,0.0,0.0,0.0,0.0,0.0,45Q-2040-l,500Mt-CostDecrease,IL,missing,coal_subpeak_conv pul,missing,missing,missing,missing,missing,missing,missing,missing,EJ
1115,0.001963509,0.0,0.0,0.0,0.0,0.0,0.0,0.0,0.0,45Q-2040-l,500Mt-CostDecrease,IL,missing,coal_subpeak_conv pul_retire_2020,missing,missing,missing,missing,missing,missing,missing,missing,EJ
1116,0.0004368122,0.003818304,0.07688549,0.0861219789999999,0.0987108576,0.091422147,0.0927143283,0.0214652355699999,0.0055993015308,45Q-2040-l,500Mt-CostDecrease,IL,missing,gas_base_CC,missing,missing,missing,missing,missing,missing,missing,missing,EJ
1117,0.0,0.0,0.0,0.00529045,0.01895088,0.03818804,0.04830305,0.05083633,0.019380479,45Q-2040-l,500Mt-CostDecrease,IL,missing,gas_base_CC_CCS,missing,missing,missing,missing,missing,missing,missing,missing,EJ
1118,0.00022970606,0.0020086008,0.039662569,0.043187283,0.0470588859999999,0.055187535,0.0593139159999999,0.068899766,0.0799602379,45Q-2040-l,500Mt-CostDecrease,IL,missing,gas_int_CC,missing,missing,missing,missing,missing,missing,missing,missing,EJ
1119,0.0,0.0,0.0,0.00093732,0.003028047,0.008313349,0.011402713,0.020860929,0.033278896,45Q-2040-l,500Mt-CostDecrease,IL,missing,gas_int_CC_CCS,missing,missing,missing,missing,missing,missing,missing,missing,EJ
1120,0.00017170264,0.0019327815,0.0012283117,0.00111700518,0.00092436212,0.00075033343,0.0006007393100000002,0.00042926759,0.00029716959,45Q-2040-l,500Mt-CostDecrease,IL,missing,gas_peak_CC,missing,missing,missing,missing,missing,missing,missing,missing,EJ
1121,0.0,0.0,0.0,2.04811e-07,4.57569e-07,6.851750000000001e-07,1.010634e-06,1.674728e-06,3.518548e-06,45Q-2040-l,500Mt-CostDecrease,IL,missing,gas_peak_CC_CCS,missing,missing,missing,missing,missing,missing,missing,missing,EJ
1122,0.0001272018,0.0006798956999999999,0.00060107975,0.000510955049,0.000268799823,0.000193262779,0.000170102736,9.8965779e-05,5.874378e-05,45Q-2040-l,500Mt-CostDecrease,IL,missing,gas_peak_steam/CT,missing,missing,missing,missing,missing,missing,missing,missing,EJ
1123,0.0011125195,0.01252548,0.008352579,0.0077055233,0.0066016965,0.0055359581,0.0045864603,0.0036818486,0.0030252442,45Q-2040-l,500Mt-CostDecrease,IL,missing,gas_subpeak_CC,missing,missing,missing,missing,missing,missing,missing,missing,EJ
1124,0.0,0.0,0.0,9.21472e-06,2.031247e-05,3.098163e-05,4.659978999999999e-05,9.822979e-05,0.00017349729,45Q-2040-l,500Mt-CostDecrease,IL,missing,gas_subpeak_CC_CCS,missing,missing,missing,missing,missing,missing,missing,missing,EJ
1125,0.000824216,0.00440569,0.0043271813,0.0037912687,0.0022766151,0.0017580297,0.0015935176,0.0011187649499999,0.0008044241799999999,45Q-2040-l,500Mt-CostDecrease,IL,missing,gas_subpeak_steam/CT,missing,missing,missing,missing,missing,missing,missing,missing,EJ
1126,0.0004884,0.0004743,0.0005277,0.0005269,0.0005263,0.0005264,0.0005252,0.0005208,0.0005214,45Q-2040-l,500Mt-CostDecrease,IL,missing,hydro_base,missing,missing,missing,missing,missing,missing,missing,missing,EJ
1127,0.2743289,0.3480862999999999,0.3162069,0.2869274,0.2465883,0.1975254,0.1461507,0.100135,0.0,45Q-2040-l,500Mt-CostDecrease,IL,missing,nuc_base_Gen II,missing,missing,missing,missing,missing,missing,missing,missing,EJ
1128,0.0,0.0,0.0,0.0,0.02100545,0.05249076,0.06906116,0.09357848,0.10911566,45Q-2040-l,500Mt-CostDecrease,IL,missing,nuc_base_Gen III,missing,missing,missing,missing,missing,missing,missing,missing,EJ
1129,0.0,0.0,7.59319e-05,6.18086e-05,2.85566e-05,2.98693e-05,2.67282e-05,1.78269e-05,1.01353e-05,45Q-2040-l,500Mt-CostDecrease,IL,missing,refined liquids_peak_steam/CT,missing,missing,missing,missing,missing,missing,missing,missing,EJ
1130,0.00456449,0.0014661,8.90375e-05,7.18635e-05,3.59254e-05,3.69477e-05,3.2336e-05,2.19901e-05,1.29161e-05,45Q-2040-l,500Mt-CostDecrease,IL,missing,refined liquids_subpeak_steam/CT,missing,missing,missing,missing,missing,missing,missing,missing,EJ
1131,0.0,0.0,0.00025282,0.0022581,0.00648235,0.0104684,0.0139243,0.00985951,0.00601328,45Q-2040-l,500Mt-CostDecrease,IL,missing,rooftop_pv,missing,missing,missing,missing,missing,missing,missing,missing,EJ
1132,0.0,0.000306,0.1177902,0.1579071,0.233945,0.310602,0.3480211,0.3811728,0.3426316,45Q-2040-l,500Mt-CostDecrease,IL,missing,wind_base,missing,missing,missing,missing,missing,missing,missing,missing,EJ
1133,0.0,0.0,0.0,0.00229969,0.01406179,0.02986689,0.0387208599999999,0.0521228599999999,0.06086487,45Q-2040-l,500Mt-CostDecrease,IL,missing,wind_base_offshore,missing,missing,missing,missing,missing,missing,missing,missing,EJ
1134,0.0,0.0,0.00201593,0.002782772,0.004418202,0.006694052,0.007853532,0.009555912,0.008673382,45Q-2040-l,500Mt-CostDecrease,IL,missing,wind_base_storage,missing,missing,missing,missing,missing,missing,missing,missing,EJ
1135,0.0,0.0001275,0.00979182,0.00979182,0.00979182,0.00979182,0.00979182,0.0,0.0,45Q-2040-l,500Mt-CostDecrease,IL,missing,wind_int,missing,missing,missing,missing,missing,missing,missing,missing,EJ
1136,0.0,7.64999e-05,0.00587508,0.00587508,0.00587508,0.00587508,0.00587508,0.0,0.0,45Q-2040-l,500Mt-CostDecrease,IL,missing,wind_subpeak,missing,missing,missing,missing,missing,missing,missing,missing,EJ
1137,0.0,0.0,5.24742e-05,6.447709999999999e-05,0.0001858881,0.0003959431,0.0004749644,0.0005760854,0.0005639216,45Q-2040-l,500Mt-CostDecrease,IN,missing,PV_base_storage,missing,missing,missing,missing,missing,missing,missing,missing,EJ
1138,0.0,0.0,0.00922869,0.0134799999999999,0.029615,0.0490315999999999,0.0585272999999999,0.0825707,0.0984958099999999,45Q-2040-l,500Mt-CostDecrease,IN,missing,PV_int,missing,missing,missing,missing,missing,missing,missing,missing,EJ
1139,0.0,0.0,0.000945742,0.0011644679999999,0.0018922169999999,0.0019252798999999,0.0021194149,0.0026052199,0.0031169779,45Q-2040-l,500Mt-CostDecrease,IN,missing,PV_peak,missing,missing,missing,missing,missing,missing,missing,missing,EJ
1140,0.0,0.0,0.002660006,0.003922326,0.007085696,0.008491466,0.010228856,0.01386113,0.01719107,45Q-2040-l,500Mt-CostDecrease,IN,missing,PV_subpeak,missing,missing,missing,missing,missing,missing,missing,missing,EJ
1141,0.0,0.0,0.000340315,8.46435e-05,0.00086901644,0.00160861096,0.0007272178900000001,0.000788095377,0.00030082403930000004,45Q-2040-l,500Mt-CostDecrease,IN,missing,biogas_base_CC,missing,missing,missing,missing,missing,missing,missing,missing,EJ
1142,0.0,0.0,0.0,4.44049e-05,0.0006158889030000001,0.00159287212,0.0008316854100000001,0.001142529289,0.0004848491147,45Q-2040-l,500Mt-CostDecrease,IN,missing,biogas_base_CC_CCS,missing,missing,missing,missing,missing,missing,missing,missing,EJ
1143,0.0,0.0,0.000571052,0.0001938289,0.0006415571,0.0017586959,0.0017294341,0.0043301364,0.0055998318999999,45Q-2040-l,500Mt-CostDecrease,IN,missing,biogas_int_CC,missing,missing,missing,missing,missing,missing,missing,missing,EJ
1144,0.0,0.0,0.0,6.14038e-05,0.00028544537,0.0010071316,0.001168274,0.0035610316,0.0057281783,45Q-2040-l,500Mt-CostDecrease,IN,missing,biogas_int_CC_CCS,missing,missing,missing,missing,missing,missing,missing,missing,EJ
1145,0.0,0.0,1.49722e-06,3.637513e-07,1.0770237e-06,4.797945999999999e-07,1.2302512e-06,3.2384471000000004e-06,8.224293e-06,45Q-2040-l,500Mt-CostDecrease,IN,missing,biogas_peak_CC,missing,missing,missing,missing,missing,missing,missing,missing,EJ
1146,0.0,0.0,0.0,4.55602e-08,1.6045962e-07,6.471785e-08,1.8817821e-07,6.167793e-07,1.7822926e-06,45Q-2040-l,500Mt-CostDecrease,IN,missing,biogas_peak_CC_CCS,missing,missing,missing,missing,missing,missing,missing,missing,EJ
1147,0.0,0.0,1.392975e-06,2.77867706e-07,8.851040929999998e-07,1.23705509e-07,6.393316129999999e-07,1.991827117e-06,5.711795264000001e-06,45Q-2040-l,500Mt-CostDecrease,IN,missing,biogas_peak_steam/CT,missing,missing,missing,missing,missing,missing,missing,missing,EJ
1148,0.0,0.0,1.32183e-05,8.462326999999999e-06,2.0114503e-05,2.548057e-05,4.264334e-05,0.00011890877,0.00016771506,45Q-2040-l,500Mt-CostDecrease,IN,missing,biogas_subpeak_CC,missing,missing,missing,missing,missing,missing,missing,missing,EJ
1149,0.0,0.0,0.0,1.5709e-06,4.4569176e-06,6.417731e-06,1.1765248e-05,3.822518e-05,6.57741e-05,45Q-2040-l,500Mt-CostDecrease,IN,missing,biogas_subpeak_CC_CCS,missing,missing,missing,missing,missing,missing,missing,missing,EJ
1150,0.0,0.0,8.94581e-06,5.0163667e-06,1.236337689e-05,1.17937233e-05,1.82255675e-05,5.735692049999999e-05,7.04367752e-05,45Q-2040-l,500Mt-CostDecrease,IN,missing,biogas_subpeak_steam/CT,missing,missing,missing,missing,missing,missing,missing,missing,EJ
1151,0.0,0.0,6.83683e-05,5.832057e-05,0.00019084752,0.00055117614,0.00068527458,0.00068382612,0.0002500696629,45Q-2040-l,500Mt-CostDecrease,IN,missing,biomass_base_IGCC,missing,missing,missing,missing,missing,missing,missing,missing,EJ
1152,0.0,0.0,0.0,6.83548e-06,0.00013923081999999998,0.00125318364,0.0018588214399999,0.0069115597,0.01122262355,45Q-2040-l,500Mt-CostDecrease,IN,missing,biomass_base_IGCC_CCS,missing,missing,missing,missing,missing,missing,missing,missing,EJ
1153,0.0,3.32999e-05,0.0001970991,0.00017357110000000003,0.0004113553,0.0009715432,0.0010516895,0.00079086524,0.0003063408669,45Q-2040-l,500Mt-CostDecrease,IN,missing,biomass_base_conv,missing,missing,missing,missing,missing,missing,missing,missing,EJ
1154,0.0,0.0,0.0,7.86033e-06,0.00020676914,0.00332533413,0.00502805309,0.05313842775,0.12790624077,45Q-2040-l,500Mt-CostDecrease,IN,missing,biomass_base_conv_CCS,missing,missing,missing,missing,missing,missing,missing,missing,EJ
1155,0.0,0.0,1.844375e-05,2.178288e-05,3.610424e-05,8.237517e-05,0.00011561529,0.00025156629,0.00041818635,45Q-2040-l,500Mt-CostDecrease,IN,missing,biomass_int_IGCC,missing,missing,missing,missing,missing,missing,missing,missing,EJ
1156,0.0,0.0,0.0,1.836882e-06,1.0438813e-05,5.0465290000000006e-05,8.1904489e-05,0.000267275336,0.0005390521219999999,45Q-2040-l,500Mt-CostDecrease,IN,missing,biomass_int_IGCC_CCS,missing,missing,missing,missing,missing,missing,missing,missing,EJ
1157,0.0,3.32999e-05,0.0003199934,0.0003597984,0.00036105177,0.0005041321,0.0005288427000000001,0.000750102,0.0009948497,45Q-2040-l,500Mt-CostDecrease,IN,missing,biomass_int_conv,missing,missing,missing,missing,missing,missing,missing,missing,EJ
1158,0.0,0.0,0.0,2.8025e-06,1.766005e-05,0.00010126708,0.00016587687999999998,0.0006181168,0.00129994526,45Q-2040-l,500Mt-CostDecrease,IN,missing,biomass_int_conv_CCS,missing,missing,missing,missing,missing,missing,missing,missing,EJ
1159,0.0,0.0,0.0,0.000400099,0.00289775,0.006953605,0.0086040329999999,0.009976023,0.0048509749999999,45Q-2040-l,500Mt-CostDecrease,IN,missing,coal_base_IGCC_CCS,missing,missing,missing,missing,missing,missing,missing,missing,EJ
1160,0.2239717,0.2901996,0.0,0.0,0.0,0.0,0.0,0.0,0.0,45Q-2040-l,500Mt-CostDecrease,IN,missing,coal_base_conv pul,missing,missing,missing,missing,missing,missing,missing,missing,EJ
1161,0.0,0.0,0.0145832299999999,0.0136336799999999,0.0073417499999999,0.0,0.0,0.0,0.0,45Q-2040-l,500Mt-CostDecrease,IN,missing,coal_base_conv pul 1951-1955,missing,missing,missing,missing,missing,missing,missing,missing,EJ
1162,0.0,0.0,0.00462585,0.004113889,0.0019123729999999,0.0,0.0,0.0,0.0,45Q-2040-l,500Mt-CostDecrease,IN,missing,coal_base_conv pul 1956-1960,missing,missing,missing,missing,missing,missing,missing,missing,EJ
1163,0.0,0.0,0.00474502,0.00456776,0.002722495,0.0003240216,0.0,0.0,0.0,45Q-2040-l,500Mt-CostDecrease,IN,missing,coal_base_conv pul 1961-1965,missing,missing,missing,missing,missing,missing,missing,missing,EJ
1164,0.0,0.0,0.0226362,0.02256554,0.01549058,0.002867138,0.001965433,1.972658e-05,0.0,45Q-2040-l,500Mt-CostDecrease,IN,missing,coal_base_conv pul 1966-1970,missing,missing,missing,missing,missing,missing,missing,missing,EJ
1165,0.0,0.0,0.02725231,0.02722201,0.01885512,0.003627268,0.002883364,4.28647e-05,7.80191e-07,45Q-2040-l,500Mt-CostDecrease,IN,missing,coal_base_conv pul 1971-1975,missing,missing,missing,missing,missing,missing,missing,missing,EJ
1166,0.0,0.0,0.0476415,0.0475958,0.03298893,0.00636516,0.00512403,7.97136e-05,1.602421e-06,45Q-2040-l,500Mt-CostDecrease,IN,missing,coal_base_conv pul 1976-1980,missing,missing,missing,missing,missing,missing,missing,missing,EJ
1167,0.0,0.0,0.0458231,0.0457334999999999,0.0315578799999999,0.00597175,0.0044411699999999,5.38858e-05,0.0,45Q-2040-l,500Mt-CostDecrease,IN,missing,coal_base_conv pul 1981-1985,missing,missing,missing,missing,missing,missing,missing,missing,EJ
1168,0.0,0.0,0.03145326,0.03143485,0.0218245,0.004242775,0.003529436,6.26513e-05,1.884819e-06,45Q-2040-l,500Mt-CostDecrease,IN,missing,coal_base_conv pul 1986-1990,missing,missing,missing,missing,missing,missing,missing,missing,EJ
1169,0.0,0.0,5.8077000000000007e-05,5.80461e-05,4.030948e-05,7.84452e-06,6.55613e-06,1.1880600000000001e-07,3.901047e-09,45Q-2040-l,500Mt-CostDecrease,IN,missing,coal_base_conv pul 1996-2000,missing,missing,missing,missing,missing,missing,missing,missing,EJ
1170,0.0,0.0,0.01056192,0.01055631,0.00733074,0.00142663,0.0011923819999999,2.161247e-05,7.10377e-07,45Q-2040-l,500Mt-CostDecrease,IN,missing,coal_base_conv pul 2011-2015,missing,missing,missing,missing,missing,missing,missing,missing,EJ
1171,0.0,0.0,0.0,0.000489683,0.003303753,0.007586739,0.009266133,0.010273281,0.004177956,45Q-2040-l,500Mt-CostDecrease,IN,missing,coal_base_conv pul_CCS,missing,missing,missing,missing,missing,missing,missing,missing,EJ
1172,0.002245011,0.0029088639999999,0.0,0.0,0.0,0.0,0.0,0.0,0.0,45Q-2040-l,500Mt-CostDecrease,IN,missing,coal_base_conv pul_retire_2020,missing,missing,missing,missing,missing,missing,missing,missing,EJ
1173,0.0,0.0,0.0,7.379080000000001e-05,0.0002539055,0.0006890213,0.0009594357,0.0018709419,0.0028831245,45Q-2040-l,500Mt-CostDecrease,IN,missing,coal_int_IGCC_CCS,missing,missing,missing,missing,missing,missing,missing,missing,EJ
1174,0.1346257,0.1761567,0.0,0.0,0.0,0.0,0.0,0.0,0.0,45Q-2040-l,500Mt-CostDecrease,IN,missing,coal_int_conv pul,missing,missing,missing,missing,missing,missing,missing,missing,EJ
1175,0.0,0.0,0.00672646,0.00629144,0.00450432,0.0,0.0,0.0,0.0,45Q-2040-l,500Mt-CostDecrease,IN,missing,coal_int_conv pul 1951-1955,missing,missing,missing,missing,missing,missing,missing,missing,EJ
1176,0.0,0.0,0.002133659,0.001898408,0.001173279,0.0,0.0,0.0,0.0,45Q-2040-l,500Mt-CostDecrease,IN,missing,coal_int_conv pul 1956-1960,missing,missing,missing,missing,missing,missing,missing,missing,EJ
1177,0.0,0.0,0.002188622,0.00210785,0.001670308,0.000645932,0.0,0.0,0.0,45Q-2040-l,500Mt-CostDecrease,IN,missing,coal_int_conv pul 1961-1965,missing,missing,missing,missing,missing,missing,missing,missing,EJ
1178,0.0,0.0,0.01044087,0.01041315,0.00950379,0.00571558,0.00477495,0.001286262,0.0,45Q-2040-l,500Mt-CostDecrease,IN,missing,coal_int_conv pul 1966-1970,missing,missing,missing,missing,missing,missing,missing,missing,EJ
1179,0.0,0.0,0.01257002,0.01256194,0.01156799,0.00723089,0.00700505,0.002794965,0.00106871,45Q-2040-l,500Mt-CostDecrease,IN,missing,coal_int_conv pul 1971-1975,missing,missing,missing,missing,missing,missing,missing,missing,EJ
1180,0.0,0.0,0.0219745,0.02196366,0.0202393999999999,0.01268885,0.0124486499999999,0.0051976999999999,0.0021950069999999,45Q-2040-l,500Mt-CostDecrease,IN,missing,coal_int_conv pul 1976-1980,missing,missing,missing,missing,missing,missing,missing,missing,EJ
1181,0.0,0.0,0.02113573,0.02110429,0.0193613799999999,0.01190456,0.01078969,0.0035136,0.0,45Q-2040-l,500Mt-CostDecrease,IN,missing,coal_int_conv pul 1981-1985,missing,missing,missing,missing,missing,missing,missing,missing,EJ
1182,0.0,0.0,0.01450769,0.0145059999999999,0.01338978,0.00845788,0.00857464,0.004085149,0.002581838,45Q-2040-l,500Mt-CostDecrease,IN,missing,coal_int_conv pul 1986-1990,missing,missing,missing,missing,missing,missing,missing,missing,EJ
1183,0.0,0.0,2.67878e-05,2.6786e-05,2.47307e-05,1.5637899999999998e-05,1.592791e-05,7.74669e-06,5.34368e-06,45Q-2040-l,500Mt-CostDecrease,IN,missing,coal_int_conv pul 1996-2000,missing,missing,missing,missing,missing,missing,missing,missing,EJ
1184,0.0,0.0,0.00487165,0.00487134,0.00449755,0.002843961,0.0028968509999999,0.001409231,0.000973079,45Q-2040-l,500Mt-CostDecrease,IN,missing,coal_int_conv pul 2011-2015,missing,missing,missing,missing,missing,missing,missing,missing,EJ
1185,0.0,0.0,0.0,9.45178e-05,0.0003072352,0.0007885288,0.0010740678,0.0019942492999999,0.0029856515,45Q-2040-l,500Mt-CostDecrease,IN,missing,coal_int_conv pul_CCS,missing,missing,missing,missing,missing,missing,missing,missing,EJ
1186,0.001349439,0.001765732,0.0,0.0,0.0,0.0,0.0,0.0,0.0,45Q-2040-l,500Mt-CostDecrease,IN,missing,coal_int_conv pul_retire_2020,missing,missing,missing,missing,missing,missing,missing,missing,EJ
1187,0.001383392,0.0,0.0,0.0,0.0,0.0,0.0,0.0,0.0,45Q-2040-l,500Mt-CostDecrease,IN,missing,coal_peak_conv pul,missing,missing,missing,missing,missing,missing,missing,missing,EJ
1188,1.386661e-05,0.0,0.0,0.0,0.0,0.0,0.0,0.0,0.0,45Q-2040-l,500Mt-CostDecrease,IN,missing,coal_peak_conv pul_retire_2020,missing,missing,missing,missing,missing,missing,missing,missing,EJ
1189,0.0095972,0.0,0.0,0.0,0.0,0.0,0.0,0.0,0.0,45Q-2040-l,500Mt-CostDecrease,IN,missing,coal_subpeak_conv pul,missing,missing,missing,missing,missing,missing,missing,missing,EJ
1190,9.61989e-05,0.0,0.0,0.0,0.0,0.0,0.0,0.0,0.0,45Q-2040-l,500Mt-CostDecrease,IN,missing,coal_subpeak_conv pul_retire_2020,missing,missing,missing,missing,missing,missing,missing,missing,EJ
1191,0.00030811,0.0023066,0.0227015699999999,0.02478184,0.03722426,0.0430817499999999,0.04386282,0.0098353649999999,0.00169701679,45Q-2040-l,500Mt-CostDecrease,IN,missing,gas_base_CC,missing,missing,missing,missing,missing,missing,missing,missing,EJ
1192,0.0,0.0,0.0,0.000977995,0.010504734,0.025798822,0.031682686,0.032714458,0.0092031982,45Q-2040-l,500Mt-CostDecrease,IN,missing,gas_base_CC_CCS,missing,missing,missing,missing,missing,missing,missing,missing,EJ
1193,0.000296709,0.00222099,0.0483998,0.0485896399999999,0.05002366,0.05373289,0.0544048,0.0605225399999999,0.06659237,45Q-2040-l,500Mt-CostDecrease,IN,missing,gas_int_CC,missing,missing,missing,missing,missing,missing,missing,missing,EJ
1194,0.0,0.0,0.0,0.000588347,0.002596505,0.007023298,0.009707482,0.0183819,0.027670347,45Q-2040-l,500Mt-CostDecrease,IN,missing,gas_int_CC_CCS,missing,missing,missing,missing,missing,missing,missing,missing,EJ
1195,0.000142706,0.00137599,4.64583e-06,5.601875e-06,8.385645e-06,8.3576125e-06,1.01952747e-05,1.49484394e-05,2.911241510000001e-05,45Q-2040-l,500Mt-CostDecrease,IN,missing,gas_peak_CC,missing,missing,missing,missing,missing,missing,missing,missing,EJ
1196,0.0,0.0,0.0,8.35898e-08,3.580677e-07,3.826319e-07,5.679037e-07,1.1865377e-06,3.1101497999999995e-06,45Q-2040-l,500Mt-CostDecrease,IN,missing,gas_peak_CC_CCS,missing,missing,missing,missing,missing,missing,missing,missing,EJ
1197,0.0001057044,0.000483998,4.018603e-06,4.444651e-06,5.122814e-06,3.983302e-06,5.473190599999999e-06,7.278674000000001e-06,1.3943666e-05,45Q-2040-l,500Mt-CostDecrease,IN,missing,gas_peak_steam/CT,missing,missing,missing,missing,missing,missing,missing,missing,EJ
1198,0.000685921,0.00661289,0.006505318,0.0060136691,0.0052449057,0.0044219141,0.0036833192999999,0.0030580403,0.0026144993999999,45Q-2040-l,500Mt-CostDecrease,IN,missing,gas_subpeak_CC,missing,missing,missing,missing,missing,missing,missing,missing,EJ
1199,0.0,0.0,0.0,7.29586e-06,1.940791e-05,3.016944e-05,4.666746e-05,0.00010137212,0.00016918069,45Q-2040-l,500Mt-CostDecrease,IN,missing,gas_subpeak_CC_CCS,missing,missing,missing,missing,missing,missing,missing,missing,EJ
1200,0.000508116,0.002325992,0.003433132,0.0030901754,0.0020624896,0.0016032721,0.0014637595,0.0010885554,0.0008475016000000001,45Q-2040-l,500Mt-CostDecrease,IN,missing,gas_subpeak_steam/CT,missing,missing,missing,missing,missing,missing,missing,missing,EJ
1201,0.0014969,0.0016113,0.0016359,0.0016334,0.0016317,0.0016319,0.0016282,0.0016146,0.0016164,45Q-2040-l,500Mt-CostDecrease,IN,missing,hydro_base,missing,missing,missing,missing,missing,missing,missing,missing,EJ
1202,0.0,0.0,0.00130594039,0.00111352774,0.000491641581,0.0005376598669999999,0.000499599948,0.000340219107,0.000206996322,45Q-2040-l,500Mt-CostDecrease,IN,missing,refined liquids_peak_steam/CT,missing,missing,missing,missing,missing,missing,missing,missing,EJ
1203,0.0028752847,0.00110459537,0.00184712747,0.0014748298,0.0006939562590000001,0.0007442586400000001,0.000670360939,0.000463757176,0.000289271916,45Q-2040-l,500Mt-CostDecrease,IN,missing,refined liquids_subpeak_steam/CT,missing,missing,missing,missing,missing,missing,missing,missing,EJ
1204,0.0,0.0,0.000134743,0.00147311,0.00468923,0.00800401,0.0100392,0.00577242,0.00336399,45Q-2040-l,500Mt-CostDecrease,IN,missing,rooftop_pv,missing,missing,missing,missing,missing,missing,missing,missing,EJ
1205,0.0,0.0,0.02580766,0.03260205,0.08299935,0.13793485,0.15909905,0.18630369,0.1905721899999999,45Q-2040-l,500Mt-CostDecrease,IN,missing,wind_base,missing,missing,missing,missing,missing,missing,missing,missing,EJ
1206,0.0,0.0,0.0,0.000372274,0.008037494,0.019429294,0.022412604,0.023059816,0.022979033,45Q-2040-l,500Mt-CostDecrease,IN,missing,wind_base_offshore,missing,missing,missing,missing,missing,missing,missing,missing,EJ
1207,0.0,0.0,0.000321355,0.00043627,0.001340544,0.002782344,0.003357074,0.004317907,0.004396314,45Q-2040-l,500Mt-CostDecrease,IN,missing,wind_base_storage,missing,missing,missing,missing,missing,missing,missing,missing,EJ
1208,0.0,0.0,0.00411476,0.00411476,0.00411476,0.00411476,0.00411476,0.0,0.0,45Q-2040-l,500Mt-CostDecrease,IN,missing,wind_int,missing,missing,missing,missing,missing,missing,missing,missing,EJ
1209,0.0,0.0,0.00246892,0.00246892,0.00246892,0.00246892,0.00246892,0.0,0.0,45Q-2040-l,500Mt-CostDecrease,IN,missing,wind_subpeak,missing,missing,missing,missing,missing,missing,missing,missing,EJ
1210,0.0,0.0,6.76286e-06,1.367315e-05,5.848575e-05,0.00015319005,0.00018065035,0.00022421245,0.00023331229,45Q-2040-l,500Mt-CostDecrease,IA,missing,PV_base_storage,missing,missing,missing,missing,missing,missing,missing,missing,EJ
1211,0.0,0.0,0.00200166,0.00430413,0.01232029,0.02157588,0.02503168,0.0342668,0.03923151,45Q-2040-l,500Mt-CostDecrease,IA,missing,PV_int,missing,missing,missing,missing,missing,missing,missing,missing,EJ
1212,0.0,0.0,0.000162035,0.000275972,0.000524229,0.0006085328999999999,0.0007317078999999999,0.0008729038999999999,0.0010317759,45Q-2040-l,500Mt-CostDecrease,IA,missing,PV_peak,missing,missing,missing,missing,missing,missing,missing,missing,EJ
1213,0.0,0.0,7.98205e-05,0.0003050185,0.0008530574999999999,0.0009478818,0.0013031338,0.0044915338,0.0052488573,45Q-2040-l,500Mt-CostDecrease,IA,missing,PV_subpeak,missing,missing,missing,missing,missing,missing,missing,missing,EJ
1214,0.0,0.0,3.903e-05,4.2387658e-05,0.000284755294,0.00063956203,0.000222268486,0.000302005644,0.000105766143,45Q-2040-l,500Mt-CostDecrease,IA,missing,biogas_base_CC,missing,missing,missing,missing,missing,missing,missing,missing,EJ
1215,0.0,0.0,0.0,2.24331e-05,0.000199790685,0.00062762149,0.00025352164,0.000433738278,0.0001708085686,45Q-2040-l,500Mt-CostDecrease,IA,missing,biogas_base_CC_CCS,missing,missing,missing,missing,missing,missing,missing,missing,EJ
1216,0.0,0.0,0.000108339,7.908670999999999e-05,0.00022682535,0.0006228148,0.0004451691,0.001508827,0.0016551224,45Q-2040-l,500Mt-CostDecrease,IA,missing,biogas_int_CC,missing,missing,missing,missing,missing,missing,missing,missing,EJ
1217,0.0,0.0,0.0,2.80458e-05,0.00010390542,0.00036907744,0.00032283948,0.0012651534,0.0017911739,45Q-2040-l,500Mt-CostDecrease,IA,missing,biogas_int_CC_CCS,missing,missing,missing,missing,missing,missing,missing,missing,EJ
1218,0.0,0.0,2.19374e-07,1.4092038e-07,2.6062994e-07,2.530198e-07,4.359587e-07,9.580043e-07,1.8967112e-06,45Q-2040-l,500Mt-CostDecrease,IA,missing,biogas_peak_CC,missing,missing,missing,missing,missing,missing,missing,missing,EJ
1219,0.0,0.0,0.0,1.96938e-08,3.9615716e-08,4.173168e-08,7.735607e-08,2.058378e-07,4.427334000000001e-07,45Q-2040-l,500Mt-CostDecrease,IA,missing,biogas_peak_CC_CCS,missing,missing,missing,missing,missing,missing,missing,missing,EJ
1220,0.0,0.0,2.052112e-07,1.19873373e-07,2.20132794e-07,1.71354943e-07,2.92867435e-07,5.60720882e-07,1.2244204559999995e-06,45Q-2040-l,500Mt-CostDecrease,IA,missing,biogas_peak_steam/CT,missing,missing,missing,missing,missing,missing,missing,missing,EJ
1221,0.0,0.0,5.0036e-07,1.1787926e-06,2.4731579e-06,1.4006059e-06,4.8794012e-06,6.2331249e-05,4.0491191e-05,45Q-2040-l,500Mt-CostDecrease,IA,missing,biogas_subpeak_CC,missing,missing,missing,missing,missing,missing,missing,missing,EJ
1222,0.0,0.0,0.0,2.3705e-07,5.5768231e-07,3.859082e-07,1.3435168e-06,1.8849253e-05,1.9937014e-05,45Q-2040-l,500Mt-CostDecrease,IA,missing,biogas_subpeak_CC_CCS,missing,missing,missing,missing,missing,missing,missing,missing,EJ
1223,0.0,0.0,3.406147000000001e-07,7.61633906e-07,1.576673555e-06,6.398031e-07,2.7135399699999995e-06,3.790663629e-05,1.231331975e-05,45Q-2040-l,500Mt-CostDecrease,IA,missing,biogas_subpeak_steam/CT,missing,missing,missing,missing,missing,missing,missing,missing,EJ
1224,0.0,0.0,9.41949e-06,1.249254e-05,5.58954e-05,0.0001994874,0.00023014217,0.00024325360500000005,9.275804719999998e-05,45Q-2040-l,500Mt-CostDecrease,IA,missing,biomass_base_IGCC,missing,missing,missing,missing,missing,missing,missing,missing,EJ
1225,0.0,0.0,0.0,3.71189e-06,4.724517e-05,0.00046658817,0.00063882587,0.00229810078,0.00354690359,45Q-2040-l,500Mt-CostDecrease,IA,missing,biomass_base_IGCC_CCS,missing,missing,missing,missing,missing,missing,missing,missing,EJ
1226,2.27007e-05,0.0001394015,3.66485e-05,4.10504e-05,0.00012037839,0.00034995643,0.00033940334,0.0002822818,0.0001062827501,45Q-2040-l,500Mt-CostDecrease,IA,missing,biomass_base_conv,missing,missing,missing,missing,missing,missing,missing,missing,EJ
1227,0.0,0.0,0.0,4.21481e-06,6.824279999999999e-05,0.00118450683,0.00164390451,0.01510993634,0.03194995856,45Q-2040-l,500Mt-CostDecrease,IA,missing,biomass_base_conv_CCS,missing,missing,missing,missing,missing,missing,missing,missing,EJ
1228,0.0,0.0,3.39018e-06,5.098787e-06,1.0076989e-05,2.7307533e-05,3.6240458000000005e-05,8.509561499999999e-05,0.000127682745,45Q-2040-l,500Mt-CostDecrease,IA,missing,biomass_int_IGCC,missing,missing,missing,missing,missing,missing,missing,missing,EJ
1229,0.0,0.0,0.0,8.11753e-07,3.838958e-06,1.8515791e-05,2.7003641e-05,9.1796062e-05,0.000160200862,45Q-2040-l,500Mt-CostDecrease,IA,missing,biomass_int_IGCC_CCS,missing,missing,missing,missing,missing,missing,missing,missing,EJ
1230,2.27006e-05,0.00013940129999999998,0.00012026038,0.00013731116,0.0001210986,0.00018638931,0.00018537911,0.00027145769,0.000319881,45Q-2040-l,500Mt-CostDecrease,IA,missing,biomass_int_conv,missing,missing,missing,missing,missing,missing,missing,missing,EJ
1231,0.0,0.0,0.0,1.229e-06,6.407570000000001e-06,3.668038e-05,5.390048e-05,0.00020933695,0.00037777186,45Q-2040-l,500Mt-CostDecrease,IA,missing,biomass_int_conv_CCS,missing,missing,missing,missing,missing,missing,missing,missing,EJ
1232,0.0,0.0,0.0,0.0002076495,0.0010346748,0.0026693751,0.0031785257,0.0037584264,0.0028286603,45Q-2040-l,500Mt-CostDecrease,IA,missing,coal_base_IGCC_CCS,missing,missing,missing,missing,missing,missing,missing,missing,EJ
1233,0.0521515,0.0739178,0.0,0.0,0.0,0.0,0.0,0.0,0.0,45Q-2040-l,500Mt-CostDecrease,IA,missing,coal_base_conv pul,missing,missing,missing,missing,missing,missing,missing,missing,EJ
1234,0.0,0.0,0.0001003314,7.776549999999999e-05,0.0,0.0,0.0,0.0,0.0,45Q-2040-l,500Mt-CostDecrease,IA,missing,coal_base_conv pul 1956-1960,missing,missing,missing,missing,missing,missing,missing,missing,EJ
1235,0.0,0.0,0.00244396,0.0017703649999999,0.0,0.0,0.0,0.0,0.0,45Q-2040-l,500Mt-CostDecrease,IA,missing,coal_base_conv pul 1966-1970,missing,missing,missing,missing,missing,missing,missing,missing,EJ
1236,0.0,0.0,0.00476249,0.00475823,0.00321539,0.000630599,0.000459679,9.00587e-06,4.51321e-07,45Q-2040-l,500Mt-CostDecrease,IA,missing,coal_base_conv pul 1971-1975,missing,missing,missing,missing,missing,missing,missing,missing,EJ
1237,0.0,0.0,0.01695524,0.01694442,0.01146327,0.0022596079999999,0.001683801,3.59521e-05,2.284504e-06,45Q-2040-l,500Mt-CostDecrease,IA,missing,coal_base_conv pul 1976-1980,missing,missing,missing,missing,missing,missing,missing,missing,EJ
1238,0.0,0.0,0.01913612,0.0191259,0.01294508,0.00255699,0.001922969,4.26819e-05,3.1121e-06,45Q-2040-l,500Mt-CostDecrease,IA,missing,coal_base_conv pul 1981-1985,missing,missing,missing,missing,missing,missing,missing,missing,EJ
1239,0.0,0.0,0.000738197,0.000737843,0.000499522,9.8778e-05,7.46527e-05,1.693267e-06,1.349188e-07,45Q-2040-l,500Mt-CostDecrease,IA,missing,coal_base_conv pul 1986-1990,missing,missing,missing,missing,missing,missing,missing,missing,EJ
1240,0.0,0.0,0.0002302662,0.0002301596,0.00015582760000000005,3.08223e-05,2.332205e-05,5.31804e-07,4.3373e-08,45Q-2040-l,500Mt-CostDecrease,IA,missing,coal_base_conv pul 1991-1995,missing,missing,missing,missing,missing,missing,missing,missing,EJ
1241,0.0,0.0,0.000844923,0.000844529,0.000571782,0.0001130972,8.55764e-05,1.951362e-06,1.5914970000000004e-07,45Q-2040-l,500Mt-CostDecrease,IA,missing,coal_base_conv pul 1996-2000,missing,missing,missing,missing,missing,missing,missing,missing,EJ
1242,0.0,0.0,4.63895e-05,4.6368e-05,3.13935e-05,6.20985e-06,4.69979e-06,1.072731e-07,8.78759e-09,45Q-2040-l,500Mt-CostDecrease,IA,missing,coal_base_conv pul 2001-2005,missing,missing,missing,missing,missing,missing,missing,missing,EJ
1243,0.0,0.0,0.01351,0.01350374,0.00914272,0.001808504,0.001368733,3.12424e-05,2.55968e-06,45Q-2040-l,500Mt-CostDecrease,IA,missing,coal_base_conv pul 2006-2010,missing,missing,missing,missing,missing,missing,missing,missing,EJ
1244,0.0,0.0,5.41117e-06,3.30774e-06,0.0,0.0,0.0,0.0,0.0,45Q-2040-l,500Mt-CostDecrease,IA,missing,coal_base_conv pul before 1950,missing,missing,missing,missing,missing,missing,missing,missing,EJ
1245,0.0,0.0,0.0,0.000257075,0.001196827,0.002935161,0.003455527,0.003924807,0.0026413172,45Q-2040-l,500Mt-CostDecrease,IA,missing,coal_base_conv pul_CCS,missing,missing,missing,missing,missing,missing,missing,missing,EJ
1246,0.001761658,0.0024969099999999,0.0,0.0,0.0,0.0,0.0,0.0,0.0,45Q-2040-l,500Mt-CostDecrease,IA,missing,coal_base_conv pul_retire_2020,missing,missing,missing,missing,missing,missing,missing,missing,EJ
1247,0.0,0.0,0.0,3.36718e-05,9.92404e-05,0.0002648469,0.000340628,0.0006733360999999999,0.0009399788,45Q-2040-l,500Mt-CostDecrease,IA,missing,coal_int_IGCC_CCS,missing,missing,missing,missing,missing,missing,missing,missing,EJ
1248,0.0429453999999999,0.0565715,0.0,0.0,0.0,0.0,0.0,0.0,0.0,45Q-2040-l,500Mt-CostDecrease,IA,missing,coal_int_conv pul,missing,missing,missing,missing,missing,missing,missing,missing,EJ
1249,0.0,0.0,7.72468e-05,5.98986e-05,0.0,0.0,0.0,0.0,0.0,45Q-2040-l,500Mt-CostDecrease,IA,missing,coal_int_conv pul 1956-1960,missing,missing,missing,missing,missing,missing,missing,missing,EJ
1250,0.0,0.0,0.001881645,0.001363619,0.0,0.0,0.0,0.0,0.0,45Q-2040-l,500Mt-CostDecrease,IA,missing,coal_int_conv pul 1966-1970,missing,missing,missing,missing,missing,missing,missing,missing,EJ
1251,0.0,0.0,0.00366671,0.0036650199999999,0.00332143,0.001742984,0.001669626,0.000808855,0.000335767,45Q-2040-l,500Mt-CostDecrease,IA,missing,coal_int_conv pul 1971-1975,missing,missing,missing,missing,missing,missing,missing,missing,EJ
1252,0.0,0.0,0.01305411,0.0130514,0.0118413599999999,0.00624557,0.0061158299999999,0.00322901,0.001699595,45Q-2040-l,500Mt-CostDecrease,IA,missing,coal_int_conv pul 1976-1980,missing,missing,missing,missing,missing,missing,missing,missing,EJ
1253,0.0,0.0,0.01473321,0.01473166,0.01337205,0.00706755,0.0069845099999999,0.00383344,0.002315297,45Q-2040-l,500Mt-CostDecrease,IA,missing,coal_int_conv pul 1981-1985,missing,missing,missing,missing,missing,missing,missing,missing,EJ
1254,0.0,0.0,0.00056835,0.000568322,0.0005159979999999999,0.000273023,0.00027115,0.0001520795,0.0001003749,45Q-2040-l,500Mt-CostDecrease,IA,missing,coal_int_conv pul 1986-1990,missing,missing,missing,missing,missing,missing,missing,missing,EJ
1255,0.0,0.0,0.00017728539999999998,0.0001772799,0.0001609673,8.51932e-05,8.47095e-05,4.77635e-05,3.2268000000000003e-05,45Q-2040-l,500Mt-CostDecrease,IA,missing,coal_int_conv pul 1991-1995,missing,missing,missing,missing,missing,missing,missing,missing,EJ
1256,0.0,0.0,0.000650519,0.000650496,0.000590642,0.000312601,0.000310827,0.0001752602,0.0001184018,45Q-2040-l,500Mt-CostDecrease,IA,missing,coal_int_conv pul 1996-2000,missing,missing,missing,missing,missing,missing,missing,missing,EJ
1257,0.0,0.0,3.5716e-05,3.57148e-05,3.2428900000000004e-05,1.716409e-05,1.70704e-05,9.63464e-06,6.53766e-06,45Q-2040-l,500Mt-CostDecrease,IA,missing,coal_int_conv pul 2001-2005,missing,missing,missing,missing,missing,missing,missing,missing,EJ
1258,0.0,0.0,0.01040157,0.01040122,0.00944427,0.00499871,0.00497146,0.00280601,0.0019043189999999,45Q-2040-l,500Mt-CostDecrease,IA,missing,coal_int_conv pul 2006-2010,missing,missing,missing,missing,missing,missing,missing,missing,EJ
1259,0.0,0.0,4.16614e-06,2.54778e-06,0.0,0.0,0.0,0.0,0.0,45Q-2040-l,500Mt-CostDecrease,IA,missing,coal_int_conv pul before 1950,missing,missing,missing,missing,missing,missing,missing,missing,EJ
1260,0.0,0.0,0.0,4.33408e-05,0.0001210739,0.00030481150000000005,0.000385027,0.0007216249000000001,0.0009832195,45Q-2040-l,500Mt-CostDecrease,IA,missing,coal_int_conv pul_CCS,missing,missing,missing,missing,missing,missing,missing,missing,EJ
1261,0.001450678,0.0019109609999999,0.0,0.0,0.0,0.0,0.0,0.0,0.0,45Q-2040-l,500Mt-CostDecrease,IA,missing,coal_int_conv pul_retire_2020,missing,missing,missing,missing,missing,missing,missing,missing,EJ
1262,0.0005160060000000001,0.0,0.0,0.0,0.0,0.0,0.0,0.0,0.0,45Q-2040-l,500Mt-CostDecrease,IA,missing,coal_peak_conv pul,missing,missing,missing,missing,missing,missing,missing,missing,EJ
1263,1.743045e-05,0.0,0.0,0.0,0.0,0.0,0.0,0.0,0.0,45Q-2040-l,500Mt-CostDecrease,IA,missing,coal_peak_conv pul_retire_2020,missing,missing,missing,missing,missing,missing,missing,missing,EJ
1264,0.00337604,0.0,0.0,0.0,0.0,0.0,0.0,0.0,0.0,45Q-2040-l,500Mt-CostDecrease,IA,missing,coal_subpeak_conv pul,missing,missing,missing,missing,missing,missing,missing,missing,EJ
1265,0.000114041,0.0,0.0,0.0,0.0,0.0,0.0,0.0,0.0,45Q-2040-l,500Mt-CostDecrease,IA,missing,coal_subpeak_conv pul_retire_2020,missing,missing,missing,missing,missing,missing,missing,missing,EJ
1266,0.000194606,0.00136821,0.0028367369999999,0.004420297,0.009297683,0.013110196,0.012986516,0.0036620326,0.0007597782399999999,45Q-2040-l,500Mt-CostDecrease,IA,missing,gas_base_CC,missing,missing,missing,missing,missing,missing,missing,missing,EJ
1267,0.0,0.0,0.0,0.00051665,0.003727241,0.010028276,0.01182196,0.012709859,0.006247784,45Q-2040-l,500Mt-CostDecrease,IA,missing,gas_base_CC_CCS,missing,missing,missing,missing,missing,missing,missing,missing,EJ
1268,5.33014e-05,0.000374803,0.00693429,0.00812207,0.0100077,0.01285041,0.01376849,0.01765753,0.019794442,45Q-2040-l,500Mt-CostDecrease,IA,missing,gas_int_CC,missing,missing,missing,missing,missing,missing,missing,missing,EJ
1269,0.0,0.0,0.0,0.000269653,0.001017711,0.002738707,0.00350482,0.006736511,0.009228914,45Q-2040-l,500Mt-CostDecrease,IA,missing,gas_int_CC_CCS,missing,missing,missing,missing,missing,missing,missing,missing,EJ
1270,9.60066e-05,0.000869425,0.00036696931,0.0003353365,0.0002798818,0.000226410476,0.00018144166700000003,0.000137602231,0.00010104423799999996,45Q-2040-l,500Mt-CostDecrease,IA,missing,gas_peak_CC,missing,missing,missing,missing,missing,missing,missing,missing,EJ
1271,0.0,0.0,0.0,1.03488e-07,2.30603e-07,3.274732e-07,4.958322e-07,8.133232e-07,1.5583036999999998e-06,45Q-2040-l,500Mt-CostDecrease,IA,missing,gas_peak_CC_CCS,missing,missing,missing,missing,missing,missing,missing,missing,EJ
1272,7.11049e-05,0.000305809,0.000185662,0.000161666,8.28666e-05,5.67586e-05,4.73464e-05,3.43597e-05,1.88666e-05,45Q-2040-l,500Mt-CostDecrease,IA,missing,gas_peak_steam/CT,missing,missing,missing,missing,missing,missing,missing,missing,EJ
1273,0.000504312,0.00456686,0.0005119494000000001,0.0005161938,0.0004659619,0.00040020418,0.00036958556000000006,0.0006180823200000001,0.0006196594399999999,45Q-2040-l,500Mt-CostDecrease,IA,missing,gas_subpeak_CC,missing,missing,missing,missing,missing,missing,missing,missing,EJ
1274,0.0,0.0,0.0,4.32563e-06,6.78107e-06,7.743769e-06,1.1923207e-05,7.1911718e-05,8.799214e-05,45Q-2040-l,500Mt-CostDecrease,IA,missing,gas_subpeak_CC_CCS,missing,missing,missing,missing,missing,missing,missing,missing,EJ
1275,0.000373609,0.00160632,0.000229729,0.000204908,0.000110002,7.30369e-05,6.07226e-05,4.6304e-05,2.59156e-05,45Q-2040-l,500Mt-CostDecrease,IA,missing,gas_subpeak_steam/CT,missing,missing,missing,missing,missing,missing,missing,missing,EJ
1276,0.0029699,0.0035277,0.00412,0.0041137,0.0041092,0.0041098,0.0041006,0.0040662,0.0040707,45Q-2040-l,500Mt-CostDecrease,IA,missing,hydro_base,missing,missing,missing,missing,missing,missing,missing,missing,EJ
1277,0.0114923,0.0169386,0.0196596,0.0196596,0.0196597,0.0,0.0,0.0,0.0,45Q-2040-l,500Mt-CostDecrease,IA,missing,nuc_base_Gen II,missing,missing,missing,missing,missing,missing,missing,missing,EJ
1278,0.0,0.0,0.0,0.0,0.00362747,0.01132655,0.01358175,0.01720168,0.01853445,45Q-2040-l,500Mt-CostDecrease,IA,missing,nuc_base_Gen III,missing,missing,missing,missing,missing,missing,missing,missing,EJ
1279,0.0,0.0,6.815667e-05,5.232354e-05,1.731478e-05,1.97458e-05,1.758324e-05,1.6066630000000002e-05,9.8055e-06,45Q-2040-l,500Mt-CostDecrease,IA,missing,refined liquids_peak_steam/CT,missing,missing,missing,missing,missing,missing,missing,missing,EJ
1280,0.00025130570000000003,0.0007680089999999999,7.468927e-05,6.300200999999999e-05,1.990799e-05,2.100553e-05,1.861476e-05,1.773507e-05,1.093964e-05,45Q-2040-l,500Mt-CostDecrease,IA,missing,refined liquids_subpeak_steam/CT,missing,missing,missing,missing,missing,missing,missing,missing,EJ
1281,0.0,0.0,5.93038e-05,0.000620257,0.00209051,0.00308595,0.00373509,0.00240757,0.00170826,45Q-2040-l,500Mt-CostDecrease,IA,missing,rooftop_pv,missing,missing,missing,missing,missing,missing,missing,missing,EJ
1282,0.0,0.00357194,0.04193645,0.04651428,0.0667250799999999,0.09208558,0.09996792,0.08232112,0.08832189,45Q-2040-l,500Mt-CostDecrease,IA,missing,wind_base,missing,missing,missing,missing,missing,missing,missing,missing,EJ
1283,0.0,0.0,6.88015e-05,0.0001661471,0.0007000301,0.0017692000999999,0.0020824910999999,0.0026099930999999,0.0027357655999999,45Q-2040-l,500Mt-CostDecrease,IA,missing,wind_base_storage,missing,missing,missing,missing,missing,missing,missing,missing,EJ
1284,0.0,0.00148831,0.0162889,0.0162889,0.0162889,0.0162889,0.0162889,0.0,0.0,45Q-2040-l,500Mt-CostDecrease,IA,missing,wind_int,missing,missing,missing,missing,missing,missing,missing,missing,EJ
1285,0.0,0.000893011,0.00977338,0.00977338,0.00977338,0.00977338,0.00977338,0.0,0.0,45Q-2040-l,500Mt-CostDecrease,IA,missing,wind_subpeak,missing,missing,missing,missing,missing,missing,missing,missing,EJ
1286,0.0,0.0,0.0,1.38377e-06,0.00029358277,0.00084742177,0.00101541077,0.00143487377,0.00155663877,45Q-2040-l,500Mt-CostDecrease,KS,missing,CSP_base_storage,missing,missing,missing,missing,missing,missing,missing,missing,EJ
1287,0.0,0.0,0.0,8.04774e-06,0.00021637774,0.00050182974,0.0006768961400000001,0.00117227414,0.0015828581399999,45Q-2040-l,500Mt-CostDecrease,KS,missing,CSP_int,missing,missing,missing,missing,missing,missing,missing,missing,EJ
1288,0.0,0.0,0.0,9.45446e-07,4.496926e-06,7.840986e-06,9.728648000000002e-06,1.3493648e-05,1.9051388e-05,45Q-2040-l,500Mt-CostDecrease,KS,missing,CSP_peak,missing,missing,missing,missing,missing,missing,missing,missing,EJ
1289,0.0001636404,0.0001458618,0.000719382,0.000734474,0.000823246,0.0008831499599999999,0.00093742696,0.00098754896,0.00118802896,45Q-2040-l,500Mt-CostDecrease,KS,missing,CSP_subpeak,missing,missing,missing,missing,missing,missing,missing,missing,EJ
1290,0.0,0.0,0.0,3.29408e-07,7.2445208e-05,0.000212443208,0.00025559200800000004,0.00036448000800000006,0.00039631100800000007,45Q-2040-l,500Mt-CostDecrease,KS,missing,PV_base_storage,missing,missing,missing,missing,missing,missing,missing,missing,EJ
1291,0.0,0.0,0.0,0.000109278,0.002829388,0.005377068,0.006634308,0.009074288,0.010985388,45Q-2040-l,500Mt-CostDecrease,KS,missing,PV_int,missing,missing,missing,missing,missing,missing,missing,missing,EJ
1292,0.0,0.0,0.0,1.2838e-05,5.92089e-05,8.90549e-05,0.0001026112,0.0001211556,0.0001470245,45Q-2040-l,500Mt-CostDecrease,KS,missing,PV_peak,missing,missing,missing,missing,missing,missing,missing,missing,EJ
1293,0.0,0.0,7.06242e-06,7.21059e-06,8.0821e-06,7.282405e-05,0.00046261505,0.0050153755,0.0059485245,45Q-2040-l,500Mt-CostDecrease,KS,missing,PV_subpeak,missing,missing,missing,missing,missing,missing,missing,missing,EJ
1294,0.0,0.0,0.0,1.54334e-06,0.0003525684843,0.0007305931929,0.0002662585195,0.00058412650316,0.000165239152039,45Q-2040-l,500Mt-CostDecrease,KS,missing,biogas_base_CC,missing,missing,missing,missing,missing,missing,missing,missing,EJ
1295,0.0,0.0,0.0,8.25249e-07,0.00024978792915,0.000725727633,0.0003078192327,0.0008413687340099999,0.00026971943996,45Q-2040-l,500Mt-CostDecrease,KS,missing,biogas_base_CC_CCS,missing,missing,missing,missing,missing,missing,missing,missing,EJ
1296,0.0,0.0,0.0,2.1463e-06,4.46387762e-05,6.8510961e-05,5.3247407e-05,0.000203427234,0.000214229996,45Q-2040-l,500Mt-CostDecrease,KS,missing,biogas_int_CC,missing,missing,missing,missing,missing,missing,missing,missing,EJ
1297,0.0,0.0,0.0,8.25157e-07,2.11238487e-05,4.19183629e-05,3.8109977e-05,0.000182411476,0.0002629922,45Q-2040-l,500Mt-CostDecrease,KS,missing,biogas_int_CC_CCS,missing,missing,missing,missing,missing,missing,missing,missing,EJ
1298,0.0,0.0,0.0,9.15554e-09,2.8232e-08,2.9870821e-08,1.9713429e-08,5.7723894e-08,8.582738e-08,45Q-2040-l,500Mt-CostDecrease,KS,missing,biogas_peak_CC,missing,missing,missing,missing,missing,missing,missing,missing,EJ
1299,0.0,0.0,0.0,1.36543e-09,4.39607e-09,4.956507e-09,3.59593e-09,1.3321917000000002e-08,2.261977e-08,45Q-2040-l,500Mt-CostDecrease,KS,missing,biogas_peak_CC_CCS,missing,missing,missing,missing,missing,missing,missing,missing,EJ
1300,0.0,0.0,0.0,8.25069e-09,2.461909e-08,2.489578e-08,1.475555e-08,4.1208995000000004e-08,6.0452223e-08,45Q-2040-l,500Mt-CostDecrease,KS,missing,biogas_peak_steam/CT,missing,missing,missing,missing,missing,missing,missing,missing,EJ
1301,0.0,0.0,0.0,0.0,0.0,2.71366e-07,2.1831968e-06,5.17982537e-05,2.01963637e-05,45Q-2040-l,500Mt-CostDecrease,KS,missing,biogas_subpeak_CC,missing,missing,missing,missing,missing,missing,missing,missing,EJ
1302,0.0,0.0,0.0,0.0,0.0,6.90241e-08,5.7518222e-07,1.54637629e-05,1.2357585e-05,45Q-2040-l,500Mt-CostDecrease,KS,missing,biogas_subpeak_CC_CCS,missing,missing,missing,missing,missing,missing,missing,missing,EJ
1303,0.0,0.0,0.0,0.0,0.0,1.745564e-07,1.390857716e-06,3.2773337755e-05,7.702961318e-06,45Q-2040-l,500Mt-CostDecrease,KS,missing,biogas_subpeak_steam/CT,missing,missing,missing,missing,missing,missing,missing,missing,EJ
1304,0.0,0.0,0.0,2.2613200000000003e-07,4.72164166e-05,0.0001932103099,0.00023005221380000004,0.0003826103621,0.00013621066462,45Q-2040-l,500Mt-CostDecrease,KS,missing,biomass_base_IGCC,missing,missing,missing,missing,missing,missing,missing,missing,EJ
1305,0.0,0.0,0.0,1.103204e-07,4.77828296e-05,0.0004992170199,0.0007024236197,0.0039850279565999,0.0060239170686999,45Q-2040-l,500Mt-CostDecrease,KS,missing,biomass_base_IGCC_CCS,missing,missing,missing,missing,missing,missing,missing,missing,EJ
1306,0.0,0.0,7.17009e-06,9.605564e-06,8.739391900000001e-05,0.000302754856,0.000311236785,0.0004676990755000001,0.00015856611059,45Q-2040-l,500Mt-CostDecrease,KS,missing,biomass_base_conv,missing,missing,missing,missing,missing,missing,missing,missing,EJ
1307,0.0,0.0,0.0,1.26127e-07,7.1057956e-05,0.001306937724,0.0018648183229999,0.030904889293,0.062292985861,45Q-2040-l,500Mt-CostDecrease,KS,missing,biomass_base_conv_CCS,missing,missing,missing,missing,missing,missing,missing,missing,EJ
1308,0.0,0.0,0.0,5.00631e-07,6.970125999999999e-06,1.5894166e-05,2.1556061e-05,4.6483291e-05,6.6041833e-05,45Q-2040-l,500Mt-CostDecrease,KS,missing,biomass_int_IGCC,missing,missing,missing,missing,missing,missing,missing,missing,EJ
1309,0.0,0.0,0.0,2.1148900000000002e-07,4.039277e-06,1.2206909e-05,1.7818589e-05,5.1015181e-05,8.3881904e-05,45Q-2040-l,500Mt-CostDecrease,KS,missing,biomass_int_IGCC_CCS,missing,missing,missing,missing,missing,missing,missing,missing,EJ
1310,0.0,0.0,3.14865e-05,3.68076e-05,3.919565e-05,6.5331197e-05,7.411191e-05,0.00012614459,0.00014916971,45Q-2040-l,500Mt-CostDecrease,KS,missing,biomass_int_conv,missing,missing,missing,missing,missing,missing,missing,missing,EJ
1311,0.0,0.0,0.0,3.21557e-07,6.904462000000001e-06,2.3870392e-05,3.5336102e-05,0.000115699527,0.000197428936,45Q-2040-l,500Mt-CostDecrease,KS,missing,biomass_int_conv_CCS,missing,missing,missing,missing,missing,missing,missing,missing,EJ
1312,0.0,0.0,0.0,7.71345e-06,0.0010505349299999,0.0029498114099999,0.0035822437199999,0.00492884175,0.00385228038,45Q-2040-l,500Mt-CostDecrease,KS,missing,coal_base_IGCC_CCS,missing,missing,missing,missing,missing,missing,missing,missing,EJ
1313,0.06238962,0.09389485,0.0,0.0,0.0,0.0,0.0,0.0,0.0,45Q-2040-l,500Mt-CostDecrease,KS,missing,coal_base_conv pul,missing,missing,missing,missing,missing,missing,missing,missing,EJ
1314,0.0,0.0,0.003003556,0.002969889,0.001833038,0.0002403164,0.0,0.0,0.0,45Q-2040-l,500Mt-CostDecrease,KS,missing,coal_base_conv pul 1956-1960,missing,missing,missing,missing,missing,missing,missing,missing,EJ
1315,0.0,0.0,0.01735559,0.01750464,0.01174888,0.002081468,0.001452162,2.533265e-05,8.076488e-07,45Q-2040-l,500Mt-CostDecrease,KS,missing,coal_base_conv pul 1971-1975,missing,missing,missing,missing,missing,missing,missing,missing,EJ
1316,0.0,0.0,0.04161172,0.04200602,0.0283051199999999,0.0051025359999999,0.003829551,8.622502000000001e-05,4.761618e-06,45Q-2040-l,500Mt-CostDecrease,KS,missing,coal_base_conv pul 1976-1980,missing,missing,missing,missing,missing,missing,missing,missing,EJ
1317,0.0,0.0,0.0191822,0.01936629,0.01305681,0.002359499,0.001790101,4.219928e-05,2.750509e-06,45Q-2040-l,500Mt-CostDecrease,KS,missing,coal_base_conv pul 1981-1985,missing,missing,missing,missing,missing,missing,missing,missing,EJ
1318,0.0,0.0,0.0,9.59282e-06,0.00119881638,0.00322446192,0.00387320072,0.0051091196999999,0.0036011098199999,45Q-2040-l,500Mt-CostDecrease,KS,missing,coal_base_conv pul_CCS,missing,missing,missing,missing,missing,missing,missing,missing,EJ
1319,0.0125516799999999,0.01889,0.0,0.0,0.0,0.0,0.0,0.0,0.0,45Q-2040-l,500Mt-CostDecrease,KS,missing,coal_base_conv pul_retire_2020,missing,missing,missing,missing,missing,missing,missing,missing,EJ
1320,0.0,0.0,0.0,2.49542e-06,1.593304e-05,3.54633e-05,4.868111e-05,0.0001024974,0.00014978862,45Q-2040-l,500Mt-CostDecrease,KS,missing,coal_int_IGCC_CCS,missing,missing,missing,missing,missing,missing,missing,missing,EJ
1321,0.01846831,0.02052129,0.0,0.0,0.0,0.0,0.0,0.0,0.0,45Q-2040-l,500Mt-CostDecrease,KS,missing,coal_int_conv pul,missing,missing,missing,missing,missing,missing,missing,missing,EJ
1322,0.0,0.0,5.077051e-05,5.293884e-05,3.888163e-05,7.381966999999999e-06,0.0,0.0,0.0,45Q-2040-l,500Mt-CostDecrease,KS,missing,coal_int_conv pul 1956-1960,missing,missing,missing,missing,missing,missing,missing,missing,EJ
1323,0.0,0.0,0.0002933688,0.0003120229,0.0002492123,6.393799e-05,6.838241000000001e-05,2.8354330000000003e-05,8.475601e-06,45Q-2040-l,500Mt-CostDecrease,KS,missing,coal_int_conv pul 1971-1975,missing,missing,missing,missing,missing,missing,missing,missing,EJ
1324,0.0,0.0,0.0007033810999999999,0.0007487653000000001,0.0006003974,0.0001567385,0.0001803339,9.651011e-05,4.996917e-05,45Q-2040-l,500Mt-CostDecrease,KS,missing,coal_int_conv pul 1976-1980,missing,missing,missing,missing,missing,missing,missing,missing,EJ
1325,0.0,0.0,0.0003242449,0.0003452079,0.00027695650000000003,7.247847e-05,8.429602e-05,4.723286e-05,2.886425e-05,45Q-2040-l,500Mt-CostDecrease,KS,missing,coal_int_conv pul 1981-1985,missing,missing,missing,missing,missing,missing,missing,missing,EJ
1326,0.0,0.0,0.0,3.2181e-06,1.917272e-05,4.085785e-05,5.486638e-05,0.00010936559,0.0001557971,45Q-2040-l,500Mt-CostDecrease,KS,missing,coal_int_conv pul_CCS,missing,missing,missing,missing,missing,missing,missing,missing,EJ
1327,0.003715489,0.004128526,0.0,0.0,0.0,0.0,0.0,0.0,0.0,45Q-2040-l,500Mt-CostDecrease,KS,missing,coal_int_conv pul_retire_2020,missing,missing,missing,missing,missing,missing,missing,missing,EJ
1328,9.201724e-05,0.0,0.0,0.0,0.0,0.0,0.0,0.0,0.0,45Q-2040-l,500Mt-CostDecrease,KS,missing,coal_peak_conv pul,missing,missing,missing,missing,missing,missing,missing,missing,EJ
1329,1.851224e-05,0.0,0.0,0.0,0.0,0.0,0.0,0.0,0.0,45Q-2040-l,500Mt-CostDecrease,KS,missing,coal_peak_conv pul_retire_2020,missing,missing,missing,missing,missing,missing,missing,missing,EJ
1330,0.001623238,0.0,0.0,0.0,0.0,0.0,0.0,0.0,0.0,45Q-2040-l,500Mt-CostDecrease,KS,missing,coal_subpeak_conv pul,missing,missing,missing,missing,missing,missing,missing,missing,EJ
1331,0.0003265666,0.0,0.0,0.0,0.0,0.0,0.0,0.0,0.0,45Q-2040-l,500Mt-CostDecrease,KS,missing,coal_subpeak_conv pul_retire_2020,missing,missing,missing,missing,missing,missing,missing,missing,EJ
1332,0.00017700487,0.00012719954,0.0,5.98627e-05,0.0063430312,0.0109113206,0.0110284597,0.00469069236,0.0009557652580000002,45Q-2040-l,500Mt-CostDecrease,KS,missing,gas_base_CC,missing,missing,missing,missing,missing,missing,missing,missing,EJ
1333,0.0,0.0,0.0,1.76846e-05,0.0038040024199999,0.01056331785,0.01262453742,0.01596245289,0.0075400417,45Q-2040-l,500Mt-CostDecrease,KS,missing,gas_base_CC_CCS,missing,missing,missing,missing,missing,missing,missing,missing,EJ
1334,0.0071919889999999,0.0051710722,0.0054419210999999,0.00538022418,0.00464145005,0.0036314219599999,0.00346437234,0.0035780326,0.0033891239499999,45Q-2040-l,500Mt-CostDecrease,KS,missing,gas_int_CC,missing,missing,missing,missing,missing,missing,missing,missing,EJ
1335,0.0,0.0,0.0,1.973085e-05,0.00016940395,0.00036597608,0.00049634783,0.00100789381,0.00143923549,45Q-2040-l,500Mt-CostDecrease,KS,missing,gas_int_CC_CCS,missing,missing,missing,missing,missing,missing,missing,missing,EJ
1336,9.575226e-05,8.872443999999999e-05,6.84438e-05,6.334258981999999e-05,4.832950619999999e-05,3.146644430999999e-05,2.670759369e-05,2.022319653e-05,1.2973610240000004e-05,45Q-2040-l,500Mt-CostDecrease,KS,missing,gas_peak_CC,missing,missing,missing,missing,missing,missing,missing,missing,EJ
1337,0.0,0.0,0.0,4.072736e-09,1.2105876999999998e-08,2.0214732000000003e-08,2.5260864e-08,4.0211373999999995e-08,6.2579118e-08,45Q-2040-l,500Mt-CostDecrease,KS,missing,gas_peak_CC_CCS,missing,missing,missing,missing,missing,missing,missing,missing,EJ
1338,7.09905e-05,3.11922e-05,3.35824e-05,2.79176628e-05,9.354614199999998e-06,3.48228282e-06,3.44086389e-06,2.84492354e-06,1.59174961e-06,45Q-2040-l,500Mt-CostDecrease,KS,missing,gas_peak_steam/CT,missing,missing,missing,missing,missing,missing,missing,missing,EJ
1339,0.00046296531,0.00042867308,4.126215700000001e-05,3.8177838e-05,3.3429955e-05,2.5241417e-05,2.91649106e-05,0.0001782709638,0.00017986314940000004,45Q-2040-l,500Mt-CostDecrease,KS,missing,gas_subpeak_CC,missing,missing,missing,missing,missing,missing,missing,missing,EJ
1340,0.0,0.0,0.0,0.0,0.0,1.602151e-07,1.4592444e-06,3.3076847700000005e-05,4.00098689e-05,45Q-2040-l,500Mt-CostDecrease,KS,missing,gas_subpeak_CC_CCS,missing,missing,missing,missing,missing,missing,missing,missing,EJ
1341,0.000342956,0.000150813,2.03646e-05,1.74458e-05,7.25759e-06,3.642373e-06,7.886325e-06,9.0823573e-05,4.7755112e-05,45Q-2040-l,500Mt-CostDecrease,KS,missing,gas_subpeak_steam/CT,missing,missing,missing,missing,missing,missing,missing,missing,EJ
1342,4.5e-05,4.15e-05,8.06799e-05,8.14e-05,8.13e-05,8.13e-05,8.11e-05,8.04e-05,8.05e-05,45Q-2040-l,500Mt-CostDecrease,KS,missing,hydro_base,missing,missing,missing,missing,missing,missing,missing,missing,EJ
1343,0.0299991,0.0325891,0.0320314,0.0323571,0.0323572,0.0323573,0.0323573,0.0,0.0,45Q-2040-l,500Mt-CostDecrease,KS,missing,nuc_base_Gen II,missing,missing,missing,missing,missing,missing,missing,missing,EJ
1344,0.0,0.0,0.0,0.0,0.00439363,0.01304762,0.01574404,0.02262949,0.02466165,45Q-2040-l,500Mt-CostDecrease,KS,missing,nuc_base_Gen III,missing,missing,missing,missing,missing,missing,missing,missing,EJ
1345,0.0003119801,0.004280034,5.83282e-06,6.747577e-06,4.425451e-06,3.437741e-06,2.343608e-06,1.316177e-07,9.11552e-09,45Q-2040-l,500Mt-CostDecrease,KS,missing,refined liquids_base_steam/CT,missing,missing,missing,missing,missing,missing,missing,missing,EJ
1346,0.0,0.0,8.60968e-05,8.888779999999999e-05,3.0940860000000004e-05,2.372239e-05,2.419757e-05,2.421483e-05,1.5516769999999998e-05,45Q-2040-l,500Mt-CostDecrease,KS,missing,refined liquids_int_steam/CT,missing,missing,missing,missing,missing,missing,missing,missing,EJ
1347,0.0003120053,0.004281578,0.0,0.0,0.0,0.0,0.0,0.0,0.0,45Q-2040-l,500Mt-CostDecrease,KS,missing,refined liquids_subpeak_steam/CT,missing,missing,missing,missing,missing,missing,missing,missing,EJ
1348,0.0,0.0,0.000254168,0.00254692,0.00532547,0.00529951,0.00588355,0.00388293,0.00244059,45Q-2040-l,500Mt-CostDecrease,KS,missing,rooftop_pv,missing,missing,missing,missing,missing,missing,missing,missing,EJ
1349,0.0,0.000914154,0.0238184,0.0241995489999999,0.0461127489999999,0.074085349,0.083249649,0.097729049,0.1102260489999999,45Q-2040-l,500Mt-CostDecrease,KS,missing,wind_base,missing,missing,missing,missing,missing,missing,missing,missing,EJ
1350,0.0,0.0,0.0,3.19791e-06,0.00065266191,0.00186384191,0.00224166891,0.00325297891,0.00355227191,45Q-2040-l,500Mt-CostDecrease,KS,missing,wind_base_storage,missing,missing,missing,missing,missing,missing,missing,missing,EJ
1351,0.0,0.00038104,0.00941517,0.0100253,0.0100253,0.0100253,0.0100253,0.0,0.0,45Q-2040-l,500Mt-CostDecrease,KS,missing,wind_int,missing,missing,missing,missing,missing,missing,missing,missing,EJ
1352,0.0,0.000228646,0.00493992,0.00504356,0.00565315,0.00601509,0.00601509,0.0,0.0,45Q-2040-l,500Mt-CostDecrease,KS,missing,wind_subpeak,missing,missing,missing,missing,missing,missing,missing,missing,EJ
1353,0.0,0.0,5.7536e-05,6.88266e-05,0.0001785776,0.0003671556,0.0004391983,0.0005586353,0.0005543287,45Q-2040-l,500Mt-CostDecrease,KY,missing,PV_base_storage,missing,missing,missing,missing,missing,missing,missing,missing,EJ
1354,0.0,0.0,0.0109796,0.01603853,0.03679463,0.06373423,0.07665183,0.10806513,0.12997363,45Q-2040-l,500Mt-CostDecrease,KY,missing,PV_int,missing,missing,missing,missing,missing,missing,missing,missing,EJ
1355,0.0,0.0,0.00111408,0.0013730769999999,0.0022886819999999,0.0023339408,0.0025979768,0.0032359398,0.0040309998,45Q-2040-l,500Mt-CostDecrease,KY,missing,PV_peak,missing,missing,missing,missing,missing,missing,missing,missing,EJ
1356,0.0,0.0,0.00179576,0.0029977299999999,0.00620233,0.00776594,0.009684,0.01431862,0.01807798,45Q-2040-l,500Mt-CostDecrease,KY,missing,PV_subpeak,missing,missing,missing,missing,missing,missing,missing,missing,EJ
1357,0.0,0.0,0.000317671,6.808264000000001e-05,0.0006694562099999999,0.00123122108,0.0005650465,0.000789265921,0.0003378476115,45Q-2040-l,500Mt-CostDecrease,KY,missing,biogas_base_CC,missing,missing,missing,missing,missing,missing,missing,missing,EJ
1358,0.0,0.0,0.0,3.5552e-05,0.00047388268,0.0012174469799999,0.00064352552,0.00113730021,0.0005436907014,45Q-2040-l,500Mt-CostDecrease,KY,missing,biogas_base_CC_CCS,missing,missing,missing,missing,missing,missing,missing,missing,EJ
1359,0.0,0.0,0.000578707,0.0001956088,0.0006597384,0.0018174238,0.0017763604,0.0044259514,0.0057265321,45Q-2040-l,500Mt-CostDecrease,KY,missing,biogas_int_CC,missing,missing,missing,missing,missing,missing,missing,missing,EJ
1360,0.0,0.0,0.0,6.19083e-05,0.00029386481,0.0010422985999999,0.0012028269,0.003644132,0.0058591412,45Q-2040-l,500Mt-CostDecrease,KY,missing,biogas_int_CC_CCS,missing,missing,missing,missing,missing,missing,missing,missing,EJ
1361,0.0,0.0,1.50233e-06,3.649448e-07,1.0844983e-06,4.837969e-07,1.250089e-06,3.3014399e-06,8.4042346e-06,45Q-2040-l,500Mt-CostDecrease,KY,missing,biogas_peak_CC,missing,missing,missing,missing,missing,missing,missing,missing,EJ
1362,0.0,0.0,0.0,4.57085e-08,1.6160424e-07,6.538284e-08,1.9158501e-07,6.294393e-07,1.8220595e-06,45Q-2040-l,500Mt-CostDecrease,KY,missing,biogas_peak_CC_CCS,missing,missing,missing,missing,missing,missing,missing,missing,EJ
1363,0.0,0.0,1.397727e-06,2.7877274200000005e-07,8.914201440000001e-07,1.25720379e-07,6.53899525e-07,2.0376479489999995e-06,5.843629818e-06,45Q-2040-l,500Mt-CostDecrease,KY,missing,biogas_peak_steam/CT,missing,missing,missing,missing,missing,missing,missing,missing,EJ
1364,0.0,0.0,1.11186e-05,6.946888999999999e-06,1.6335469e-05,2.109116e-05,3.5351019999999995e-05,9.833757e-05,0.00013863065,45Q-2040-l,500Mt-CostDecrease,KY,missing,biogas_subpeak_CC,missing,missing,missing,missing,missing,missing,missing,missing,EJ
1365,0.0,0.0,0.0,1.28544e-06,3.6148907e-06,5.295874e-06,9.734234e-06,3.1590985e-05,5.4350988e-05,45Q-2040-l,500Mt-CostDecrease,KY,missing,biogas_subpeak_CC_CCS,missing,missing,missing,missing,missing,missing,missing,missing,EJ
1366,0.0,0.0,7.524770000000001e-06,4.10653704e-06,1.00279156e-05,9.790423499999998e-06,1.51484519e-05,4.74332285e-05,5.820686960000001e-05,45Q-2040-l,500Mt-CostDecrease,KY,missing,biogas_subpeak_steam/CT,missing,missing,missing,missing,missing,missing,missing,missing,EJ
1367,0.0,0.0,5.1166e-05,4.316107e-05,0.00013801737,0.00039936328,0.00050027595,0.00060648045,0.000268740641,45Q-2040-l,500Mt-CostDecrease,KY,missing,biomass_base_IGCC,missing,missing,missing,missing,missing,missing,missing,missing,EJ
1368,0.0,0.0,0.0,4.87553e-06,9.939779e-05,0.000906491,0.0013581207899999,0.00628440851,0.01101598263,45Q-2040-l,500Mt-CostDecrease,KY,missing,biomass_base_IGCC_CCS,missing,missing,missing,missing,missing,missing,missing,missing,EJ
1369,0.0,0.0001105,0.0001223583,8.86059e-05,0.0002461846,0.0006380558,0.0007188841,0.0007198796899999999,0.00033266940250000003,45Q-2040-l,500Mt-CostDecrease,KY,missing,biomass_base_conv,missing,missing,missing,missing,missing,missing,missing,missing,EJ
1370,0.0,0.0,0.0,5.60647e-06,0.00014761351,0.0024070483299999,0.0036767383,0.05057852835,0.13261802052,45Q-2040-l,500Mt-CostDecrease,KY,missing,biomass_base_conv_CCS,missing,missing,missing,missing,missing,missing,missing,missing,EJ
1371,0.0,0.0,1.537965e-05,1.8500350000000003e-05,3.2346560000000004e-05,7.802412999999999e-05,0.0001109431,0.00024583199,0.00041260944,45Q-2040-l,500Mt-CostDecrease,KY,missing,biomass_int_IGCC,missing,missing,missing,missing,missing,missing,missing,missing,EJ
1372,0.0,0.0,0.0,1.674671e-06,9.976913000000002e-06,4.958962e-05,8.072652e-05,0.000264650194,0.000536582394,45Q-2040-l,500Mt-CostDecrease,KY,missing,biomass_int_IGCC_CCS,missing,missing,missing,missing,missing,missing,missing,missing,EJ
1373,0.0,0.0001105,0.0001156048,0.00012976523,0.00015294189,0.00026676287,0.00032378574,0.00058096446,0.00087395604,45Q-2040-l,500Mt-CostDecrease,KY,missing,biomass_int_conv,missing,missing,missing,missing,missing,missing,missing,missing,EJ
1374,0.0,0.0,0.0,2.55501e-06,1.689499e-05,9.963709e-05,0.00016362509,0.00061233034,0.00129453871,45Q-2040-l,500Mt-CostDecrease,KY,missing,biomass_int_conv_CCS,missing,missing,missing,missing,missing,missing,missing,missing,EJ
1375,0.0,0.0,0.0,0.00032033,0.002241964,0.005340991,0.006621843,0.008155628,0.0042717665,45Q-2040-l,500Mt-CostDecrease,KY,missing,coal_base_IGCC_CCS,missing,missing,missing,missing,missing,missing,missing,missing,EJ
1376,0.1304997,0.1729318,0.0,0.0,0.0,0.0,0.0,0.0,0.0,45Q-2040-l,500Mt-CostDecrease,KY,missing,coal_base_conv pul,missing,missing,missing,missing,missing,missing,missing,missing,EJ
1377,0.0,0.0,0.01638048,0.01498418,0.0075401199999999,0.0,0.0,0.0,0.0,45Q-2040-l,500Mt-CostDecrease,KY,missing,coal_base_conv pul 1951-1955,missing,missing,missing,missing,missing,missing,missing,missing,EJ
1378,0.0,0.0,0.0,0.0,0.0,0.0,0.0,0.0,0.0,45Q-2040-l,500Mt-CostDecrease,KY,missing,coal_base_conv pul 1956-1960,missing,missing,missing,missing,missing,missing,missing,missing,EJ
1379,0.0,0.0,0.003090062,0.001888771,0.0,0.0,0.0,0.0,0.0,45Q-2040-l,500Mt-CostDecrease,KY,missing,coal_base_conv pul 1961-1965,missing,missing,missing,missing,missing,missing,missing,missing,EJ
1380,0.0,0.0,0.01059046,0.00868139,0.003337818,0.0,0.0,0.0,0.0,45Q-2040-l,500Mt-CostDecrease,KY,missing,coal_base_conv pul 1966-1970,missing,missing,missing,missing,missing,missing,missing,missing,EJ
1381,0.0,0.0,0.0264816999999999,0.0262417299999999,0.01754935,0.002930887,0.001498084,0.0,0.0,45Q-2040-l,500Mt-CostDecrease,KY,missing,coal_base_conv pul 1971-1975,missing,missing,missing,missing,missing,missing,missing,missing,EJ
1382,0.0,0.0,0.02350699,0.02349035,0.01629751,0.003160172,0.002600509,4.4092e-05,1.123881e-06,45Q-2040-l,500Mt-CostDecrease,KY,missing,coal_base_conv pul 1976-1980,missing,missing,missing,missing,missing,missing,missing,missing,EJ
1383,0.0,0.0,0.0466687,0.0466406,0.03237418,0.00629055,0.0052242,9.20788e-05,2.69316e-06,45Q-2040-l,500Mt-CostDecrease,KY,missing,coal_base_conv pul 1981-1985,missing,missing,missing,missing,missing,missing,missing,missing,EJ
1384,0.0,0.0,0.00950032,0.00949518,0.00659263,0.001282603,0.00107114,1.934804e-05,6.261809999999999e-07,45Q-2040-l,500Mt-CostDecrease,KY,missing,coal_base_conv pul 1986-1990,missing,missing,missing,missing,missing,missing,missing,missing,EJ
1385,0.0,0.0,0.00437497,0.00437263,0.003036101,0.000590777,0.000493753,8.94931e-06,2.940763e-07,45Q-2040-l,500Mt-CostDecrease,KY,missing,coal_base_conv pul 2001-2005,missing,missing,missing,missing,missing,missing,missing,missing,EJ
1386,0.0,0.0,0.00390736,0.0039052699999999,0.002711591,0.000527634,0.000440986,7.99329e-06,2.627202e-07,45Q-2040-l,500Mt-CostDecrease,KY,missing,coal_base_conv pul 2006-2010,missing,missing,missing,missing,missing,missing,missing,missing,EJ
1387,0.0,0.0,0.01196708,0.0119607,0.00830481,0.001615987,0.00135061,2.44813e-05,8.046600000000001e-07,45Q-2040-l,500Mt-CostDecrease,KY,missing,coal_base_conv pul 2011-2015,missing,missing,missing,missing,missing,missing,missing,missing,EJ
1388,0.0,0.0,0.0,0.00039205,0.002557097,0.005829609,0.007132985,0.008374995,0.0037008568999999,45Q-2040-l,500Mt-CostDecrease,KY,missing,coal_base_conv pul_CCS,missing,missing,missing,missing,missing,missing,missing,missing,EJ
1389,0.02966946,0.0393165,0.0,0.0,0.0,0.0,0.0,0.0,0.0,45Q-2040-l,500Mt-CostDecrease,KY,missing,coal_base_conv pul_retire_2020,missing,missing,missing,missing,missing,missing,missing,missing,EJ
1390,0.0,0.0,0.0,7.439689999999999e-05,0.0002598785,0.0007107508,0.0009879104,0.0019164967,0.0029504225,45Q-2040-l,500Mt-CostDecrease,KY,missing,coal_int_IGCC_CCS,missing,missing,missing,missing,missing,missing,missing,missing,EJ
1391,0.0784412999999999,0.1049729,0.0,0.0,0.0,0.0,0.0,0.0,0.0,45Q-2040-l,500Mt-CostDecrease,KY,missing,coal_int_conv pul,missing,missing,missing,missing,missing,missing,missing,missing,EJ
1392,0.0,0.0,0.00755546,0.00691466,0.00462652,0.0,0.0,0.0,0.0,45Q-2040-l,500Mt-CostDecrease,KY,missing,coal_int_conv pul 1951-1955,missing,missing,missing,missing,missing,missing,missing,missing,EJ
1393,0.0,0.0,0.0,0.0,0.0,0.0,0.0,0.0,0.0,45Q-2040-l,500Mt-CostDecrease,KY,missing,coal_int_conv pul 1956-1960,missing,missing,missing,missing,missing,missing,missing,missing,EJ
1394,0.0,0.0,0.001425283,0.000871598,0.0,0.0,0.0,0.0,0.0,45Q-2040-l,500Mt-CostDecrease,KY,missing,coal_int_conv pul 1961-1965,missing,missing,missing,missing,missing,missing,missing,missing,EJ
1395,0.0,0.0,0.00488482,0.00400614,0.002048042,0.0,0.0,0.0,0.0,45Q-2040-l,500Mt-CostDecrease,KY,missing,coal_int_conv pul 1966-1970,missing,missing,missing,missing,missing,missing,missing,missing,EJ
1396,0.0,0.0,0.01221463,0.01210959,0.01076809,0.0058435,0.003640133,0.0,0.0,45Q-2040-l,500Mt-CostDecrease,KY,missing,coal_int_conv pul 1971-1975,missing,missing,missing,missing,missing,missing,missing,missing,EJ
1397,0.0,0.0,0.0108425,0.01083992,0.0099999599999999,0.00630065,0.00631888,0.002875212,0.001539571,45Q-2040-l,500Mt-CostDecrease,KY,missing,coal_int_conv pul 1976-1980,missing,missing,missing,missing,missing,missing,missing,missing,EJ
1398,0.0,0.0,0.02152582,0.02152296,0.01986443,0.01254188,0.01269408,0.0060044,0.00368928,45Q-2040-l,500Mt-CostDecrease,KY,missing,coal_int_conv pul 1981-1985,missing,missing,missing,missing,missing,missing,missing,missing,EJ
1399,0.0,0.0,0.00438199,0.00438168,0.00404516,0.002557208,0.002602717,0.001261674,0.0008577880000000001,45Q-2040-l,500Mt-CostDecrease,KY,missing,coal_int_conv pul 1986-1990,missing,missing,missing,missing,missing,missing,missing,missing,EJ
1400,0.0,0.0,0.002017937,0.002017814,0.001862911,0.001177869,0.001199751,0.000583578,0.000402848,45Q-2040-l,500Mt-CostDecrease,KY,missing,coal_int_conv pul 2001-2005,missing,missing,missing,missing,missing,missing,missing,missing,EJ
1401,0.0,0.0,0.001802253,0.001802143,0.001663801,0.001051978,0.001071534,0.000521238,0.0003598927,45Q-2040-l,500Mt-CostDecrease,KY,missing,coal_int_conv pul 2006-2010,missing,missing,missing,missing,missing,missing,missing,missing,EJ
1402,0.0,0.0,0.00551978,0.00551943,0.00509573,0.003221896,0.003281801,0.001596404,0.001102281,45Q-2040-l,500Mt-CostDecrease,KY,missing,coal_int_conv pul 2011-2015,missing,missing,missing,missing,missing,missing,missing,missing,EJ
1403,0.0,0.0,0.0,9.52939e-05,0.0003143495,0.0008130711000000001,0.0011057312999999,0.0020431505,0.0030558443999999,45Q-2040-l,500Mt-CostDecrease,KY,missing,coal_int_conv pul_CCS,missing,missing,missing,missing,missing,missing,missing,missing,EJ
1404,0.01783381,0.02386586,0.0,0.0,0.0,0.0,0.0,0.0,0.0,45Q-2040-l,500Mt-CostDecrease,KY,missing,coal_int_conv pul_retire_2020,missing,missing,missing,missing,missing,missing,missing,missing,EJ
1405,0.000806077,0.0,0.0,0.0,0.0,0.0,0.0,0.0,0.0,45Q-2040-l,500Mt-CostDecrease,KY,missing,coal_peak_conv pul,missing,missing,missing,missing,missing,missing,missing,missing,EJ
1406,0.0001832635,0.0,0.0,0.0,0.0,0.0,0.0,0.0,0.0,45Q-2040-l,500Mt-CostDecrease,KY,missing,coal_peak_conv pul_retire_2020,missing,missing,missing,missing,missing,missing,missing,missing,EJ
1407,0.00559197,0.0,0.0,0.0,0.0,0.0,0.0,0.0,0.0,45Q-2040-l,500Mt-CostDecrease,KY,missing,coal_subpeak_conv pul,missing,missing,missing,missing,missing,missing,missing,missing,EJ
1408,0.001271348,0.0,0.0,0.0,0.0,0.0,0.0,0.0,0.0,45Q-2040-l,500Mt-CostDecrease,KY,missing,coal_subpeak_conv pul_retire_2020,missing,missing,missing,missing,missing,missing,missing,missing,EJ
1409,1.3400419e-05,0.0011363978,0.0164710952,0.0181436628,0.0278029476999999,0.0323911938,0.0331500613999999,0.008264107799,0.0017613400895,45Q-2040-l,500Mt-CostDecrease,KY,missing,gas_base_CC,missing,missing,missing,missing,missing,missing,missing,missing,EJ
1410,0.0,0.0,0.0,0.0007550500000000001,0.0078790558,0.019238873,0.023671671,0.0261309606,0.00822977927,45Q-2040-l,500Mt-CostDecrease,KY,missing,gas_base_CC_CCS,missing,missing,missing,missing,missing,missing,missing,missing,EJ
1411,1.2900387999999998e-05,0.0010941971,0.0258371049999999,0.027662184,0.032141177,0.038946318,0.042248544,0.0511654601,0.0593634616999999,45Q-2040-l,500Mt-CostDecrease,KY,missing,gas_int_CC,missing,missing,missing,missing,missing,missing,missing,missing,EJ
1412,0.0,0.0,0.0,0.0005630353,0.0025597114,0.0069926508999999,0.0096501488,0.018193839,0.0273668303,45Q-2040-l,500Mt-CostDecrease,KY,missing,gas_int_CC_CCS,missing,missing,missing,missing,missing,missing,missing,missing,EJ
1413,6.200259e-06,0.0006778969,4.66163e-06,5.620755999999999e-06,8.425201e-06,8.4010858e-06,1.0281956e-05,1.5153960900000004e-05,2.96537334e-05,45Q-2040-l,500Mt-CostDecrease,KY,missing,gas_peak_CC,missing,missing,missing,missing,missing,missing,missing,missing,EJ
1414,0.0,0.0,0.0,8.386170000000002e-08,3.603127e-07,3.8543329999999993e-07,5.752738000000001e-07,1.2087155e-06,3.1772452e-06,45Q-2040-l,500Mt-CostDecrease,KY,missing,gas_peak_CC_CCS,missing,missing,missing,missing,missing,missing,missing,missing,EJ
1415,4.6001860000000005e-06,0.000238499,4.032295e-06,4.459671e-06,5.14822e-06,4.0045356e-06,5.5228715000000005e-06,7.388167799999999e-06,1.42204766e-05,45Q-2040-l,500Mt-CostDecrease,KY,missing,gas_peak_steam/CT,missing,missing,missing,missing,missing,missing,missing,missing,EJ
1416,2.9800932e-05,0.0032579983,0.0026737624999999,0.00250427126,0.00223091026,0.00192721051,0.00167271484,0.00151979653,0.00144616651,45Q-2040-l,500Mt-CostDecrease,KY,missing,gas_subpeak_CC,missing,missing,missing,missing,missing,missing,missing,missing,EJ
1417,0.0,0.0,0.0,5.738606e-06,1.5157331e-05,2.3723088e-05,3.6860003e-05,8.0148316e-05,0.000133738037,45Q-2040-l,500Mt-CostDecrease,KY,missing,gas_subpeak_CC_CCS,missing,missing,missing,missing,missing,missing,missing,missing,EJ
1418,2.210073e-05,0.001145999,0.0014420887,0.0013229331,0.00091581893,0.00073607495,0.00070768451,0.00059547335,0.00052665092,45Q-2040-l,500Mt-CostDecrease,KY,missing,gas_subpeak_steam/CT,missing,missing,missing,missing,missing,missing,missing,missing,EJ
1419,0.0107254,0.0108872,0.0146036,0.0145812,0.0145653,0.0145674,0.0145348,0.0144129,0.0144289,45Q-2040-l,500Mt-CostDecrease,KY,missing,hydro_base,missing,missing,missing,missing,missing,missing,missing,missing,EJ
1420,0.0,0.0,0.001240373,0.001057579,0.0004668772,0.0005106491,0.0004745153,0.00032314130000000004,0.0001966017,45Q-2040-l,500Mt-CostDecrease,KY,missing,refined liquids_peak_steam/CT,missing,missing,missing,missing,missing,missing,missing,missing,EJ
1421,0.0004321135,0.01571307,0.001754667,0.001400882,0.0006590411,0.0007069099,0.0006367412000000001,0.0004405029,0.0002747603,45Q-2040-l,500Mt-CostDecrease,KY,missing,refined liquids_subpeak_steam/CT,missing,missing,missing,missing,missing,missing,missing,missing,EJ
1422,0.0,0.0,8.32801e-05,0.00100176,0.00339475,0.00592833,0.00746051,0.00411192,0.00230979,45Q-2040-l,500Mt-CostDecrease,KY,missing,rooftop_pv,missing,missing,missing,missing,missing,missing,missing,missing,EJ
1423,0.0,0.0,0.00564389,0.0081612,0.0271744,0.0446873,0.05106791,0.06193901,0.06284789,45Q-2040-l,500Mt-CostDecrease,KY,missing,wind_base,missing,missing,missing,missing,missing,missing,missing,missing,EJ
1424,0.0,0.0,0.00013396,0.0001854995,0.0006649245000000001,0.0014294785,0.0017204755,0.0022038535,0.0022935955,45Q-2040-l,500Mt-CostDecrease,KY,missing,wind_base_storage,missing,missing,missing,missing,missing,missing,missing,missing,EJ
1425,0.0,0.0,6.99945e-05,7.0910268e-05,0.00015183926799999998,0.000361517268,0.0004907552680000001,0.0006515272680000001,0.000656905168,45Q-2040-l,500Mt-CostDecrease,LA,missing,PV_base_storage,missing,missing,missing,missing,missing,missing,missing,missing,EJ
1426,0.0,0.0,0.00585609,0.00959741,0.02604661,0.04671411,0.05822241,0.08512471,0.10790922,45Q-2040-l,500Mt-CostDecrease,LA,missing,PV_int,missing,missing,missing,missing,missing,missing,missing,missing,EJ
1427,0.0,0.0,0.00041838,0.000619866,0.0012461199999999,0.00177421,0.002066995,0.0028667149999999,0.003617255,45Q-2040-l,500Mt-CostDecrease,LA,missing,PV_peak,missing,missing,missing,missing,missing,missing,missing,missing,EJ
1428,0.0,0.0,0.00230684,0.00353845,0.00746636,0.01096192,0.01303972,0.0196791399999999,0.02487079,45Q-2040-l,500Mt-CostDecrease,LA,missing,PV_subpeak,missing,missing,missing,missing,missing,missing,missing,missing,EJ
1429,0.0,0.0,0.000272946,6.99732e-06,0.000352494058,0.000964736854,0.0006838679350000001,0.0007572758963,0.00033763067218000003,45Q-2040-l,500Mt-CostDecrease,LA,missing,biogas_base_CC,missing,missing,missing,missing,missing,missing,missing,missing,EJ
1430,0.0,0.0,0.0,2.00128e-06,0.0002431978715,0.000943307676,0.000760188576,0.0011121293819999,0.00054825127321,45Q-2040-l,500Mt-CostDecrease,LA,missing,biogas_base_CC_CCS,missing,missing,missing,missing,missing,missing,missing,missing,EJ
1431,0.0,0.0,0.000235176,9.98797e-05,0.00038839506,0.0008739378,0.0009255149,0.0021916267,0.0027838361999999,45Q-2040-l,500Mt-CostDecrease,LA,missing,biogas_int_CC,missing,missing,missing,missing,missing,missing,missing,missing,EJ
1432,0.0,0.0,0.0,3.43051e-05,0.00017700557999999998,0.00051475326,0.0006375047,0.0019144277,0.0030903207,45Q-2040-l,500Mt-CostDecrease,LA,missing,biogas_int_CC_CCS,missing,missing,missing,missing,missing,missing,missing,missing,EJ
1433,0.0,0.0,4.16592e-07,1.8467650000000002e-07,5.3682794e-07,8.109949999999999e-07,7.753044999999999e-07,2.148104e-06,3.2828194e-06,45Q-2040-l,500Mt-CostDecrease,LA,missing,biogas_peak_CC,missing,missing,missing,missing,missing,missing,missing,missing,EJ
1434,0.0,0.0,0.0,2.59535e-08,8.1910756e-08,1.3380816e-07,1.4546622e-07,4.6375348000000003e-07,8.3310266e-07,45Q-2040-l,500Mt-CostDecrease,LA,missing,biogas_peak_CC_CCS,missing,missing,missing,missing,missing,missing,missing,missing,EJ
1435,0.0,0.0,3.905065e-07,1.5837265900000004e-07,4.58667126e-07,6.381705329999999e-07,4.89383323e-07,1.5423891220000004e-06,2.284661241e-06,45Q-2040-l,500Mt-CostDecrease,LA,missing,biogas_peak_steam/CT,missing,missing,missing,missing,missing,missing,missing,missing,EJ
1436,0.0,0.0,1.06701e-05,5.105684e-06,1.4835413e-05,2.4074585e-05,2.5916589e-05,7.8318587e-05,0.000100781061,45Q-2040-l,500Mt-CostDecrease,LA,missing,biogas_subpeak_CC,missing,missing,missing,missing,missing,missing,missing,missing,EJ
1437,0.0,0.0,0.0,9.69187e-07,3.2920442e-06,6.099237e-06,7.490821e-06,2.6402659e-05,4.3066185e-05,45Q-2040-l,500Mt-CostDecrease,LA,missing,biogas_subpeak_CC_CCS,missing,missing,missing,missing,missing,missing,missing,missing,EJ
1438,0.0,0.0,7.27973e-06,3.14671457e-06,9.38264149e-06,1.384826315e-05,1.1582732900000002e-05,4.17352482e-05,4.81961213e-05,45Q-2040-l,500Mt-CostDecrease,LA,missing,biogas_subpeak_steam/CT,missing,missing,missing,missing,missing,missing,missing,missing,EJ
1439,0.0,0.0,4.55541e-05,3.4525243000000004e-05,8.586466300000001e-05,0.000282388724,0.0004223028950000001,0.0006065130051,0.00027591594973,45Q-2040-l,500Mt-CostDecrease,LA,missing,biomass_base_IGCC,missing,missing,missing,missing,missing,missing,missing,missing,EJ
1440,0.0,0.0,0.0,2.7054610000000004e-07,4.67487355e-05,0.0006206771454,0.0011352770451,0.0051368965334999,0.0090862387138,45Q-2040-l,500Mt-CostDecrease,LA,missing,biomass_base_IGCC_CCS,missing,missing,missing,missing,missing,missing,missing,missing,EJ
1441,0.0001684107,0.0001564009,0.00011363829,9.35382e-05,0.000194883025,0.000477800685,0.000622076068,0.0006976501759999999,0.0003145614262,45Q-2040-l,500Mt-CostDecrease,LA,missing,biomass_base_conv,missing,missing,missing,missing,missing,missing,missing,missing,EJ
1442,0.0,0.0,0.0,3.0299e-07,6.8001716e-05,0.001596502185,0.002970031984,0.036503833638,0.092686391798,45Q-2040-l,500Mt-CostDecrease,LA,missing,biomass_base_conv_CCS,missing,missing,missing,missing,missing,missing,missing,missing,EJ
1443,0.0,0.0,9.16203e-06,1.1094180000000002e-05,2.052321e-05,4.5841451e-05,6.828319400000001e-05,0.00014447614099999997,0.000240170092,45Q-2040-l,500Mt-CostDecrease,LA,missing,biomass_int_IGCC,missing,missing,missing,missing,missing,missing,missing,missing,EJ
1444,0.0,0.0,0.0,1.12548e-06,6.750257e-06,2.8183259e-05,4.8942209e-05,0.00015080229700000002,0.000304563945,45Q-2040-l,500Mt-CostDecrease,LA,missing,biomass_int_IGCC_CCS,missing,missing,missing,missing,missing,missing,missing,missing,EJ
1445,0.0001684097,0.0001564008,9.90985e-05,0.00011471936,0.00012384667,0.00019875702,0.00023510801,0.0003648116500000001,0.00051240642,45Q-2040-l,500Mt-CostDecrease,LA,missing,biomass_int_conv,missing,missing,missing,missing,missing,missing,missing,missing,EJ
1446,0.0,0.0,0.0,1.68181e-06,1.118822e-05,5.492534e-05,9.657334e-05,0.00033857572,0.00071353814,45Q-2040-l,500Mt-CostDecrease,LA,missing,biomass_int_conv_CCS,missing,missing,missing,missing,missing,missing,missing,missing,EJ
1447,0.0,0.0,0.0,1.243681e-05,0.0008492541199999999,0.00289831716,0.00426366154,0.0056180432399999,0.003701384735,45Q-2040-l,500Mt-CostDecrease,LA,missing,coal_base_IGCC_CCS,missing,missing,missing,missing,missing,missing,missing,missing,EJ
1448,0.02491007,0.03892746,0.0,0.0,0.0,0.0,0.0,0.0,0.0,45Q-2040-l,500Mt-CostDecrease,LA,missing,coal_base_conv pul,missing,missing,missing,missing,missing,missing,missing,missing,EJ
1449,0.0,0.0,0.03687494,0.03686809,0.02683243,0.004819957,0.003867469,0.0001227692,5.141442e-06,45Q-2040-l,500Mt-CostDecrease,LA,missing,coal_base_conv pul 1981-1985,missing,missing,missing,missing,missing,missing,missing,missing,EJ
1450,0.0,0.0,0.0058151249999999,0.005814334,0.004232589,0.0007610647000000001,0.0006133845,1.9853760000000004e-05,9e-07,45Q-2040-l,500Mt-CostDecrease,LA,missing,coal_base_conv pul 1986-1990,missing,missing,missing,missing,missing,missing,missing,missing,EJ
1451,0.0,0.0,0.0,1.481006e-05,0.00093816539,0.00306514886,0.00443144375,0.00559288071,0.00315936795,45Q-2040-l,500Mt-CostDecrease,LA,missing,coal_base_conv pul_CCS,missing,missing,missing,missing,missing,missing,missing,missing,EJ
1452,0.007138896,0.0111561,0.0,0.0,0.0,0.0,0.0,0.0,0.0,45Q-2040-l,500Mt-CostDecrease,LA,missing,coal_base_conv pul_retire_2020,missing,missing,missing,missing,missing,missing,missing,missing,EJ
1453,0.0,0.0,0.0,3.19202e-05,0.00013605133,0.00034811174,0.00051324668,0.00098432752,0.00152819869,45Q-2040-l,500Mt-CostDecrease,LA,missing,coal_int_IGCC_CCS,missing,missing,missing,missing,missing,missing,missing,missing,EJ
1454,0.02877886,0.03359927,0.0,0.0,0.0,0.0,0.0,0.0,0.0,45Q-2040-l,500Mt-CostDecrease,LA,missing,coal_int_conv pul,missing,missing,missing,missing,missing,missing,missing,missing,EJ
1455,0.0,0.0,0.0054508049999999,0.005448998,0.004480168,0.001919369,0.002216357,0.0007883656000000001,0.0004692025,45Q-2040-l,500Mt-CostDecrease,LA,missing,coal_int_conv pul 1981-1985,missing,missing,missing,missing,missing,missing,missing,missing,EJ
1456,0.0,0.0,0.0008595834999999999,0.0008593423,0.0007067078,0.0003030661,0.000351517,0.00012749149999999998,8.213311e-05,45Q-2040-l,500Mt-CostDecrease,LA,missing,coal_int_conv pul 1986-1990,missing,missing,missing,missing,missing,missing,missing,missing,EJ
1457,0.0,0.0,0.0,4.04321e-05,0.0001622541,0.0003949147,0.0005680411,0.001040459,0.0015697657,45Q-2040-l,500Mt-CostDecrease,LA,missing,coal_int_conv pul_CCS,missing,missing,missing,missing,missing,missing,missing,missing,EJ
1458,0.008247645,0.00962912,0.0,0.0,0.0,0.0,0.0,0.0,0.0,45Q-2040-l,500Mt-CostDecrease,LA,missing,coal_int_conv pul_retire_2020,missing,missing,missing,missing,missing,missing,missing,missing,EJ
1459,0.0002266606,0.0,0.0,0.0,0.0,0.0,0.0,0.0,0.0,45Q-2040-l,500Mt-CostDecrease,LA,missing,coal_peak_conv pul,missing,missing,missing,missing,missing,missing,missing,missing,EJ
1460,6.495802e-05,0.0,0.0,0.0,0.0,0.0,0.0,0.0,0.0,45Q-2040-l,500Mt-CostDecrease,LA,missing,coal_peak_conv pul_retire_2020,missing,missing,missing,missing,missing,missing,missing,missing,EJ
1461,0.001684713,0.0,0.0,0.0,0.0,0.0,0.0,0.0,0.0,45Q-2040-l,500Mt-CostDecrease,LA,missing,coal_subpeak_conv pul,missing,missing,missing,missing,missing,missing,missing,missing,EJ
1462,0.0004828164,0.0,0.0,0.0,0.0,0.0,0.0,0.0,0.0,45Q-2040-l,500Mt-CostDecrease,LA,missing,coal_subpeak_conv pul_retire_2020,missing,missing,missing,missing,missing,missing,missing,missing,EJ
1463,0.0,0.0,0.0204017999999999,0.0199723425,0.0253141902,0.0293968384,0.0321034067,0.0122926300799999,0.002298568963,45Q-2040-l,500Mt-CostDecrease,LA,missing,gas_base_CC,missing,missing,missing,missing,missing,missing,missing,missing,EJ
1464,0.0,0.0,0.0,4.793193e-05,0.00411172897,0.01385060637,0.02016820938,0.0264981539,0.01573600281,45Q-2040-l,500Mt-CostDecrease,LA,missing,gas_base_CC_CCS,missing,missing,missing,missing,missing,missing,missing,missing,EJ
1465,0.060443,0.0821213,0.13236647,0.125075979,0.110964238,0.095679232,0.086353372,0.0736431479999999,0.066306302,45Q-2040-l,500Mt-CostDecrease,LA,missing,gas_int_CC,missing,missing,missing,missing,missing,missing,missing,missing,EJ
1466,0.0,0.0,0.0,0.0004994056,0.0017975714,0.0041925056,0.006011946,0.0109563832,0.0164535418,45Q-2040-l,500Mt-CostDecrease,LA,missing,gas_int_CC_CCS,missing,missing,missing,missing,missing,missing,missing,missing,EJ
1467,0.002364249,0.004136688,0.0013267230759999,0.001206212894,0.001000749097,0.0007777289009999999,0.0006361227819999999,0.000427704581,0.00028534437399999995,45Q-2040-l,500Mt-CostDecrease,LA,missing,gas_peak_CC,missing,missing,missing,missing,missing,missing,missing,missing,EJ
1468,0.0,0.0,0.0,8.08261e-08,2.393699e-07,4.595696e-07,6.267722e-07,1.186897e-06,2.0547199e-06,45Q-2040-l,500Mt-CostDecrease,LA,missing,gas_peak_CC_CCS,missing,missing,missing,missing,missing,missing,missing,missing,EJ
1469,0.0017514156,0.0014549945,0.00066598426,0.000569058313,0.000290334695,0.00016225512109999997,0.00016497199800000003,7.502219149999997e-05,4.32510753e-05,45Q-2040-l,500Mt-CostDecrease,LA,missing,gas_peak_steam/CT,missing,missing,missing,missing,missing,missing,missing,missing,EJ
1470,0.0157357399999999,0.02753308,0.0091447324,0.00837917785,0.00714630651,0.0057877037,0.00480517302,0.00360447216,0.0027710560699999,45Q-2040-l,500Mt-CostDecrease,LA,missing,gas_subpeak_CC,missing,missing,missing,missing,missing,missing,missing,missing,EJ
1471,0.0,0.0,0.0,4.552485e-06,1.3663852e-05,2.6687931e-05,3.7278312000000005e-05,7.807550300000001e-05,0.000126595601,45Q-2040-l,500Mt-CostDecrease,LA,missing,gas_subpeak_CC_CCS,missing,missing,missing,missing,missing,missing,missing,missing,EJ
1472,0.0116572909999999,0.009684543,0.0047578236999999,0.00416679532,0.0024226561799999,0.0015126790699999,0.0015388098499999,0.0008636289899999999,0.00059716003,45Q-2040-l,500Mt-CostDecrease,LA,missing,gas_subpeak_steam/CT,missing,missing,missing,missing,missing,missing,missing,missing,EJ
1473,0.002228,0.0029817,0.0042866,0.00428,0.0042754,0.004276,0.0042664,0.0042306,0.0042354,45Q-2040-l,500Mt-CostDecrease,LA,missing,hydro_base,missing,missing,missing,missing,missing,missing,missing,missing,EJ
1474,0.0541781999999999,0.0585090999999999,0.0573676,0.0573681,0.0573683,0.0573683,0.0573625,0.0267818,0.0,45Q-2040-l,500Mt-CostDecrease,LA,missing,nuc_base_Gen II,missing,missing,missing,missing,missing,missing,missing,missing,EJ
1475,0.0,0.0,0.0,0.0,0.00432715,0.01558344,0.02259222,0.0314151,0.0356017599999999,45Q-2040-l,500Mt-CostDecrease,LA,missing,nuc_base_Gen III,missing,missing,missing,missing,missing,missing,missing,missing,EJ
1476,0.0,0.0,0.002639718,0.004653794,0.003336173,0.001801496,0.0012950449999999,9.36201e-05,4.212819999999999e-06,45Q-2040-l,500Mt-CostDecrease,LA,missing,refined liquids_base_steam/CT,missing,missing,missing,missing,missing,missing,missing,missing,EJ
1477,0.0006018348,0.01157846,0.0,0.0,0.0,0.0,0.0,0.0,0.0,45Q-2040-l,500Mt-CostDecrease,LA,missing,refined liquids_int_steam/CT,missing,missing,missing,missing,missing,missing,missing,missing,EJ
1478,0.0,0.0,0.0,0.0,0.0,0.0,0.0,0.0,0.0,45Q-2040-l,500Mt-CostDecrease,LA,missing,refined liquids_peak_steam/CT,missing,missing,missing,missing,missing,missing,missing,missing,EJ
1479,0.0001505084,0.00289461,0.0,0.0,0.0,0.0,0.0,0.0,0.0,45Q-2040-l,500Mt-CostDecrease,LA,missing,refined liquids_subpeak_steam/CT,missing,missing,missing,missing,missing,missing,missing,missing,EJ
1480,0.0,0.0,0.000185158,0.00305823,0.00907875,0.0113969,0.0139705,0.00887678,0.00456215,45Q-2040-l,500Mt-CostDecrease,LA,missing,rooftop_pv,missing,missing,missing,missing,missing,missing,missing,missing,EJ
1481,0.0,0.0,0.0047356,0.004854206,0.013729996,0.0333727959999999,0.044163496,0.0558512959999999,0.0571521059999999,45Q-2040-l,500Mt-CostDecrease,LA,missing,wind_base,missing,missing,missing,missing,missing,missing,missing,missing,EJ
1482,0.0,0.0,0.0,7.52091e-06,0.00148241091,0.00602084091,0.00920113091,0.01342376091,0.01582855,45Q-2040-l,500Mt-CostDecrease,LA,missing,wind_base_offshore,missing,missing,missing,missing,missing,missing,missing,missing,EJ
1483,0.0,0.0,0.000115759,0.00011817325,0.00028560125,0.0006863512500000001,0.00092275225,0.00120611825,0.00122303125,45Q-2040-l,500Mt-CostDecrease,LA,missing,wind_base_storage,missing,missing,missing,missing,missing,missing,missing,missing,EJ
1484,0.0,0.0,5.49921e-07,1.187986e-06,3.940986e-06,8.606366e-06,1.1362396e-05,1.4727666e-05,1.6619065e-05,45Q-2040-l,500Mt-CostDecrease,ME,missing,PV_base_storage,missing,missing,missing,missing,missing,missing,missing,missing,EJ
1485,0.0,0.0,0.000261984,0.000810191,0.002227851,0.003477301,0.004405693,0.005786783,0.006492652,45Q-2040-l,500Mt-CostDecrease,ME,missing,PV_int,missing,missing,missing,missing,missing,missing,missing,missing,EJ
1486,0.0,0.0,1.00259e-05,2.002302e-05,3.946902e-05,5.514212e-05,6.440447000000001e-05,8.286327e-05,9.098847e-05,45Q-2040-l,500Mt-CostDecrease,ME,missing,PV_peak,missing,missing,missing,missing,missing,missing,missing,missing,EJ
1487,0.0,0.0,3.71124e-05,9.34431e-05,0.0002063451,0.0003017275,0.000361512,0.000559248,0.0006135205,45Q-2040-l,500Mt-CostDecrease,ME,missing,PV_subpeak,missing,missing,missing,missing,missing,missing,missing,missing,EJ
1488,0.0,0.0,2.72198e-06,3.3374119e-06,1.4891624e-05,2.68707068e-05,1.81016268e-05,2.00245653e-05,1.393648836e-05,45Q-2040-l,500Mt-CostDecrease,ME,missing,biogas_base_CC,missing,missing,missing,missing,missing,missing,missing,missing,EJ
1489,0.0,0.0,0.0,1.73336e-06,1.00917249e-05,2.47533195e-05,1.82123417e-05,2.62443659e-05,2.02713109e-05,45Q-2040-l,500Mt-CostDecrease,ME,missing,biogas_base_CC_CCS,missing,missing,missing,missing,missing,missing,missing,missing,EJ
1490,0.0,0.0,1.46324e-05,2.016735e-05,5.767476e-05,0.00010702501,0.00014777212000000002,0.00024952493,0.00027199932,45Q-2040-l,500Mt-CostDecrease,ME,missing,biogas_int_CC,missing,missing,missing,missing,missing,missing,missing,missing,EJ
1491,0.0,0.0,0.0,7.29511e-06,2.6001053e-05,6.0389e-05,9.178296e-05,0.00019416587,0.0002526471,45Q-2040-l,500Mt-CostDecrease,ME,missing,biogas_int_CC_CCS,missing,missing,missing,missing,missing,missing,missing,missing,EJ
1492,0.0,0.0,1.5617e-08,1.4490822e-08,3.1818288e-08,4.935402e-08,5.255926e-08,1.057686e-07,1.2216479e-07,45Q-2040-l,500Mt-CostDecrease,ME,missing,biogas_peak_CC,missing,missing,missing,missing,missing,missing,missing,missing,EJ
1493,0.0,0.0,0.0,2.12991e-09,4.88851e-09,8.252995e-09,9.633699e-09,2.3115248e-08,3.2064638e-08,45Q-2040-l,500Mt-CostDecrease,ME,missing,biogas_peak_CC_CCS,missing,missing,missing,missing,missing,missing,missing,missing,EJ
1494,0.0,0.0,1.422643e-08,1.228698e-08,2.614579e-08,3.6063854e-08,2.9112533000000004e-08,6.5146337e-08,6.6567557e-08,45Q-2040-l,500Mt-CostDecrease,ME,missing,biogas_peak_steam/CT,missing,missing,missing,missing,missing,missing,missing,missing,EJ
1495,0.0,0.0,2.5697e-07,3.437453000000001e-07,7.755411e-07,1.2909248000000002e-06,1.5310939e-06,4.3436917e-06,3.5996971e-06,45Q-2040-l,500Mt-CostDecrease,ME,missing,biogas_subpeak_CC,missing,missing,missing,missing,missing,missing,missing,missing,EJ
1496,0.0,0.0,0.0,7.0338e-08,1.7644574999999998e-07,3.331192e-07,4.338078e-07,1.4283113e-06,1.6048849e-06,45Q-2040-l,500Mt-CostDecrease,ME,missing,biogas_subpeak_CC_CCS,missing,missing,missing,missing,missing,missing,missing,missing,EJ
1497,0.0,0.0,1.7005950000000001e-07,2.14779389e-07,4.73594944e-07,6.937241019999999e-07,6.14452237e-07,2.161545407e-06,1.1523180809999998e-06,45Q-2040-l,500Mt-CostDecrease,ME,missing,biogas_subpeak_steam/CT,missing,missing,missing,missing,missing,missing,missing,missing,EJ
1498,0.0,0.0,0.0001469161,0.00020607240000000004,0.0004218112,0.0008134039000000001,0.0010092335,0.0010742732,0.00072722699,45Q-2040-l,500Mt-CostDecrease,ME,missing,biomass_base_IGCC,missing,missing,missing,missing,missing,missing,missing,missing,EJ
1499,0.0,0.0,0.0,3.65101e-05,0.0002252581,0.0011679739,0.0017522989,0.0043967208,0.0070445949999999,45Q-2040-l,500Mt-CostDecrease,ME,missing,biomass_base_IGCC_CCS,missing,missing,missing,missing,missing,missing,missing,missing,EJ
1500,0.00268766,0.00580435,0.001309165,0.001558568,0.002054122,0.002582185,0.002479378,0.0014102502,0.0006870545,45Q-2040-l,500Mt-CostDecrease,ME,missing,biomass_base_conv,missing,missing,missing,missing,missing,missing,missing,missing,EJ
1501,0.0,0.0,0.0,3.94417e-05,0.00029767950000000003,0.0024462856999999,0.0037556256999999,0.0168132765,0.0329288833,45Q-2040-l,500Mt-CostDecrease,ME,missing,biomass_base_conv_CCS,missing,missing,missing,missing,missing,missing,missing,missing,EJ
1502,0.0,0.0,8.93384e-05,0.00014094799999999998,0.0002319334,0.00035942870000000004,0.0004746226,0.0006578472999999999,0.0007776194999999999,45Q-2040-l,500Mt-CostDecrease,ME,missing,biomass_int_IGCC,missing,missing,missing,missing,missing,missing,missing,missing,EJ
1503,0.0,0.0,0.0,2.15396e-05,7.203406e-05,0.0001734634,0.0002714059,0.00049391753,0.0006651887099999999,45Q-2040-l,500Mt-CostDecrease,ME,missing,biomass_int_IGCC_CCS,missing,missing,missing,missing,missing,missing,missing,missing,EJ
1504,0.0026876499999999,0.00580433,0.002964887,0.003035724,0.0030372669999999,0.003325763,0.0032259319999999,0.003132582,0.002862836,45Q-2040-l,500Mt-CostDecrease,ME,missing,biomass_int_conv,missing,missing,missing,missing,missing,missing,missing,missing,EJ
1505,0.0,0.0,0.0,3.14691e-05,0.0001143766,0.0003128574,0.0005004304,0.0009945561,0.0013784413,45Q-2040-l,500Mt-CostDecrease,ME,missing,biomass_int_conv_CCS,missing,missing,missing,missing,missing,missing,missing,missing,EJ
1506,0.0,0.0,0.0,9.25708e-06,3.797806e-05,8.317581e-05,0.00011028788999999998,0.00011697067,9.147283e-05,45Q-2040-l,500Mt-CostDecrease,ME,missing,coal_base_IGCC_CCS,missing,missing,missing,missing,missing,missing,missing,missing,EJ
1507,0.000973215,0.000960967,0.000507494,0.000505819,0.000281804,4.7494e-05,4.15048e-05,2.37123e-06,5.40521e-07,45Q-2040-l,500Mt-CostDecrease,ME,missing,coal_base_conv pul,missing,missing,missing,missing,missing,missing,missing,missing,EJ
1508,0.0,0.0,0.0,1.05294e-05,4.104045e-05,8.616000999999999e-05,0.0001117775,0.0001080208,7.655847e-05,45Q-2040-l,500Mt-CostDecrease,ME,missing,coal_base_conv pul_CCS,missing,missing,missing,missing,missing,missing,missing,missing,EJ
1509,0.00015641,0.000154441,0.0,0.0,0.0,0.0,0.0,0.0,0.0,45Q-2040-l,500Mt-CostDecrease,ME,missing,coal_base_conv pul_retire_2020,missing,missing,missing,missing,missing,missing,missing,missing,EJ
1510,0.0,0.0,0.0,5.67046e-06,2.0830120000000004e-05,4.3297930000000006e-05,6.60895e-05,0.00010527224000000002,0.00013440993999999998,45Q-2040-l,500Mt-CostDecrease,ME,missing,coal_int_IGCC_CCS,missing,missing,missing,missing,missing,missing,missing,missing,EJ
1511,0.000243303,0.000240198,7.56323e-05,7.55791e-05,6.55929e-05,4.0037e-05,4.39448e-05,2.05315e-05,1.44925e-05,45Q-2040-l,500Mt-CostDecrease,ME,missing,coal_int_conv pul,missing,missing,missing,missing,missing,missing,missing,missing,EJ
1512,0.0,0.0,0.0,7.12313e-06,2.481567e-05,4.9555710000000005e-05,7.361002e-05,0.00011323568,0.00014178192,45Q-2040-l,500Mt-CostDecrease,ME,missing,coal_int_conv pul_CCS,missing,missing,missing,missing,missing,missing,missing,missing,EJ
1513,3.91023e-05,3.86033e-05,0.0,0.0,0.0,0.0,0.0,0.0,0.0,45Q-2040-l,500Mt-CostDecrease,ME,missing,coal_int_conv pul_retire_2020,missing,missing,missing,missing,missing,missing,missing,missing,EJ
1514,0.0,0.00752406,0.0022912557,0.002265806,0.0019465968,0.0013594505999999,0.0012297356999999,0.00034642038000000006,0.00013634322099999996,45Q-2040-l,500Mt-CostDecrease,ME,missing,gas_base_CC,missing,missing,missing,missing,missing,missing,missing,missing,EJ
1515,0.0,0.0,0.0,4.752792e-05,0.00015993362,0.00033702819,0.00044020075,0.0004850377,0.0004011637,45Q-2040-l,500Mt-CostDecrease,ME,missing,gas_base_CC_CCS,missing,missing,missing,missing,missing,missing,missing,missing,EJ
1516,5.440116e-05,0.01225338,0.005101804,0.0051391803999999,0.0049634475,0.0047186411999999,0.0046047046999999,0.0043707771,0.0041375129,45Q-2040-l,500Mt-CostDecrease,ME,missing,gas_int_CC,missing,missing,missing,missing,missing,missing,missing,missing,EJ
1517,0.0,0.0,0.0,8.50827e-05,0.000238129,0.0004480262,0.0006557870999999999,0.0009988008,0.0012458252,45Q-2040-l,500Mt-CostDecrease,ME,missing,gas_int_CC_CCS,missing,missing,missing,missing,missing,missing,missing,missing,EJ
1518,0.0,0.0002392155,4.9283243500000005e-05,4.45753534e-05,3.655498090000001e-05,2.909766323000001e-05,2.3875177300000003e-05,1.6304609700000006e-05,1.0992625740000004e-05,45Q-2040-l,500Mt-CostDecrease,ME,missing,gas_peak_CC,missing,missing,missing,missing,missing,missing,missing,missing,EJ
1519,0.0,0.0,0.0,6.272229e-09,1.4978361000000003e-08,2.7353711000000002e-08,3.7160615e-08,5.9961747e-08,8.3468755e-08,45Q-2040-l,500Mt-CostDecrease,ME,missing,gas_peak_CC_CCS,missing,missing,missing,missing,missing,missing,missing,missing,EJ
1520,0.0,8.4105522e-05,2.2631614783e-05,1.8481158721e-05,9.649501691999998e-06,6.385540503e-06,6.497139035e-06,3.183480768e-06,1.874940348e-06,45Q-2040-l,500Mt-CostDecrease,ME,missing,gas_peak_steam/CT,missing,missing,missing,missing,missing,missing,missing,missing,EJ
1521,3.5000830000000003e-06,0.0012468169999999,0.000296359285,0.00027131371099999995,0.000230067611,0.000190373042,0.00015894168900000002,0.000123310701,9.3201306e-05,45Q-2040-l,500Mt-CostDecrease,ME,missing,gas_subpeak_CC,missing,missing,missing,missing,missing,missing,missing,missing,EJ
1522,0.0,0.0,0.0,3.04123e-07,7.416404e-07,1.3722253e-06,1.9011611e-06,3.9122898e-06,4.872756700000001e-06,45Q-2040-l,500Mt-CostDecrease,ME,missing,gas_subpeak_CC_CCS,missing,missing,missing,missing,missing,missing,missing,missing,EJ
1523,2.6000632e-06,0.00043850572,0.0001460408531,0.00012331942439999997,7.254899516e-05,5.249486004000001e-05,5.3225320560000005e-05,3.325668681000001e-05,2.1866823069999997e-05,45Q-2040-l,500Mt-CostDecrease,ME,missing,gas_subpeak_steam/CT,missing,missing,missing,missing,missing,missing,missing,missing,EJ
1524,0.0093206,0.0127426,0.0127467,0.0127272,0.0127133,0.0127151,0.0126867,0.0125803,0.0125943,45Q-2040-l,500Mt-CostDecrease,ME,missing,hydro_base,missing,missing,missing,missing,missing,missing,missing,missing,EJ
1525,0.0185489,0.0,0.0,0.0,0.0,0.0,0.0,0.0,0.0,45Q-2040-l,500Mt-CostDecrease,ME,missing,nuc_base_Gen II,missing,missing,missing,missing,missing,missing,missing,missing,EJ
1526,0.000705015,0.000361403,0.000663468,0.000731877,0.000453206,0.000249469,0.000191448,2.21937e-05,4.75095e-06,45Q-2040-l,500Mt-CostDecrease,ME,missing,refined liquids_base_steam/CT,missing,missing,missing,missing,missing,missing,missing,missing,EJ
1527,0.00614823,0.00289142,0.0,0.0,0.0,0.0,0.0,0.0,0.0,45Q-2040-l,500Mt-CostDecrease,ME,missing,refined liquids_int_steam/CT,missing,missing,missing,missing,missing,missing,missing,missing,EJ
1528,0.000148902,0.0,0.0,0.0,0.0,0.0,0.0,0.0,0.0,45Q-2040-l,500Mt-CostDecrease,ME,missing,refined liquids_peak_steam/CT,missing,missing,missing,missing,missing,missing,missing,missing,EJ
1529,0.000864421,0.000361405,0.0,0.0,0.0,0.0,0.0,0.0,0.0,45Q-2040-l,500Mt-CostDecrease,ME,missing,refined liquids_subpeak_steam/CT,missing,missing,missing,missing,missing,missing,missing,missing,EJ
1530,0.0,0.0,2.31208e-05,0.000214405,0.000602307,0.00104286,0.00136077,0.00109557,0.000820617,45Q-2040-l,500Mt-CostDecrease,ME,missing,rooftop_pv,missing,missing,missing,missing,missing,missing,missing,missing,EJ
1531,0.0,0.0,0.005168636,0.00564072,0.00683287,0.0088008299999999,0.0099821199999999,0.0068701699999999,0.0075958639999999,45Q-2040-l,500Mt-CostDecrease,ME,missing,wind_base,missing,missing,missing,missing,missing,missing,missing,missing,EJ
1532,0.0,0.0,0.0,3.8297e-05,0.00027901,0.000777236,0.001136513,0.001663412,0.002060899,45Q-2040-l,500Mt-CostDecrease,ME,missing,wind_base_offshore,missing,missing,missing,missing,missing,missing,missing,missing,EJ
1533,0.0,0.0,1.21626e-05,2.31244e-05,4.83503e-05,8.96822e-05,0.0001136021,0.000143315,0.0001523905,45Q-2040-l,500Mt-CostDecrease,ME,missing,wind_base_storage,missing,missing,missing,missing,missing,missing,missing,missing,EJ
1534,0.0,0.0,3.83926e-05,4.419584e-05,8.429644000000001e-05,0.00017164234,0.00024846714000000003,0.00032674074000000003,0.00032531904,45Q-2040-l,500Mt-CostDecrease,MD,missing,PV_base_storage,missing,missing,missing,missing,missing,missing,missing,missing,EJ
1535,0.0,0.0,0.00678432,0.0096523199999999,0.02126982,0.03529202,0.04348445,0.06014235,0.07191313,45Q-2040-l,500Mt-CostDecrease,MD,missing,PV_int,missing,missing,missing,missing,missing,missing,missing,missing,EJ
1536,0.0,0.0,6.10003e-05,9.65695e-05,0.0002032905,0.0002919067,0.000356371,0.000484608,0.0006180547000000001,45Q-2040-l,500Mt-CostDecrease,MD,missing,PV_peak,missing,missing,missing,missing,missing,missing,missing,missing,EJ
1537,0.0,0.0,0.000887327,0.001113572,0.001807773,0.002411605,0.002871692,0.0034399059999999,0.004335855,45Q-2040-l,500Mt-CostDecrease,MD,missing,PV_subpeak,missing,missing,missing,missing,missing,missing,missing,missing,EJ
1538,0.0,0.0,0.000175426,3.016622e-05,0.000205777228,0.00047349876,0.00046384034,0.000429162222,0.00019386199951,45Q-2040-l,500Mt-CostDecrease,MD,missing,biogas_base_CC,missing,missing,missing,missing,missing,missing,missing,missing,EJ
1539,0.0,0.0,0.0,1.50413e-05,0.000142175433,0.000459076558,0.00050005365,0.0006123689829999999,0.0003065291887,45Q-2040-l,500Mt-CostDecrease,MD,missing,biogas_base_CC_CCS,missing,missing,missing,missing,missing,missing,missing,missing,EJ
1540,0.0,0.0,0.000305328,9.80594e-05,0.00031792843,0.0007311365,0.0008468825,0.0017763505999999,0.0023500989,45Q-2040-l,500Mt-CostDecrease,MD,missing,biogas_int_CC,missing,missing,missing,missing,missing,missing,missing,missing,EJ
1541,0.0,0.0,0.0,2.98663e-05,0.00014012005,0.00041083214,0.0005458514999999999,0.0014560653,0.0023741594,45Q-2040-l,500Mt-CostDecrease,MD,missing,biogas_int_CC_CCS,missing,missing,missing,missing,missing,missing,missing,missing,EJ
1542,0.0,0.0,7.19936e-08,3.92571e-08,1.0775324e-07,1.7085157e-07,2.1193071e-07,4.680780900000001e-07,7.370424e-07,45Q-2040-l,500Mt-CostDecrease,MD,missing,biogas_peak_CC,missing,missing,missing,missing,missing,missing,missing,missing,EJ
1543,0.0,0.0,0.0,5.48954e-09,1.6538053e-08,2.8551705e-08,3.959002e-08,1.0304824e-07,1.8606988e-07,45Q-2040-l,500Mt-CostDecrease,MD,missing,biogas_peak_CC_CCS,missing,missing,missing,missing,missing,missing,missing,missing,EJ
1544,0.0,0.0,6.658e-08,3.238098e-08,8.948740000000002e-08,1.2577138299999998e-07,1.25877017e-07,2.998541590000001e-07,4.608484210000001e-07,45Q-2040-l,500Mt-CostDecrease,MD,missing,biogas_peak_steam/CT,missing,missing,missing,missing,missing,missing,missing,missing,EJ
1545,0.0,0.0,1.65606e-06,1.062687e-06,3.0227649e-06,5.160025000000001e-06,6.990858e-06,1.7138922e-05,2.3182243e-05,45Q-2040-l,500Mt-CostDecrease,MD,missing,biogas_subpeak_CC,missing,missing,missing,missing,missing,missing,missing,missing,EJ
1546,0.0,0.0,0.0,2.01654e-07,6.7819827e-07,1.3279104e-06,2.0085248e-06,5.783943e-06,9.508576e-06,45Q-2040-l,500Mt-CostDecrease,MD,missing,biogas_subpeak_CC_CCS,missing,missing,missing,missing,missing,missing,missing,missing,EJ
1547,0.0,0.0,1.113595e-06,6.3492609e-07,1.863164108e-06,2.75385737e-06,2.9454106400000003e-06,8.20685585e-06,9.745052100000005e-06,45Q-2040-l,500Mt-CostDecrease,MD,missing,biogas_subpeak_steam/CT,missing,missing,missing,missing,missing,missing,missing,missing,EJ
1548,0.0,0.0,5.80046e-05,5.282461e-05,9.460647e-05,0.00022163834,0.00035305974,0.0004473178259999999,0.00018907515830000004,45Q-2040-l,500Mt-CostDecrease,MD,missing,biomass_base_IGCC,missing,missing,missing,missing,missing,missing,missing,missing,EJ
1549,0.0,0.0,0.0,3.156804e-06,4.128036800000001e-05,0.000415825891,0.0008764298809999999,0.0037580344239999,0.006572066427,45Q-2040-l,500Mt-CostDecrease,MD,missing,biomass_base_IGCC_CCS,missing,missing,missing,missing,missing,missing,missing,missing,EJ
1550,0.000917922,0.0010074049999999,0.0002848218,0.00035438332,0.00050171175,0.00066941274,0.0007625035399999999,0.0005326187700000001,0.0002198059893,45Q-2040-l,500Mt-CostDecrease,MD,missing,biomass_base_conv,missing,missing,missing,missing,missing,missing,missing,missing,EJ
1551,0.0,0.0,0.0,3.54976e-06,5.942489e-05,0.0010702793,0.0023170692,0.0273588488,0.06954598171,45Q-2040-l,500Mt-CostDecrease,MD,missing,biomass_base_conv_CCS,missing,missing,missing,missing,missing,missing,missing,missing,EJ
1552,0.0,0.0,2.9457930000000003e-05,3.266446e-05,4.483984e-05,7.413406000000001e-05,9.911516e-05,0.00017089789,0.0002622671,45Q-2040-l,500Mt-CostDecrease,MD,missing,biomass_int_IGCC,missing,missing,missing,missing,missing,missing,missing,missing,EJ
1553,0.0,0.0,0.0,1.855312e-06,9.126442e-06,3.3671442e-05,5.6696412e-05,0.000152789398,0.0002988060689999999,45Q-2040-l,500Mt-CostDecrease,MD,missing,biomass_int_IGCC_CCS,missing,missing,missing,missing,missing,missing,missing,missing,EJ
1554,0.000917922,0.0010074049999999,0.0006055031,0.0006899747699999998,0.0006476212499999999,0.0007621432899999999,0.00073646827,0.00077066186,0.00081448168,45Q-2040-l,500Mt-CostDecrease,MD,missing,biomass_int_conv,missing,missing,missing,missing,missing,missing,missing,missing,EJ
1555,0.0,0.0,0.0,2.78296e-06,1.512988e-05,6.551437000000001e-05,0.00011199307,0.00034202546000000004,0.00070098713,45Q-2040-l,500Mt-CostDecrease,MD,missing,biomass_int_conv_CCS,missing,missing,missing,missing,missing,missing,missing,missing,EJ
1556,0.0,0.0,0.0,9.91478e-05,0.0006546541,0.0017973449,0.0028902162,0.0037704611999999,0.0023629340199999,45Q-2040-l,500Mt-CostDecrease,MD,missing,coal_base_IGCC_CCS,missing,missing,missing,missing,missing,missing,missing,missing,EJ
1557,0.0307242,0.0397184,0.0,0.0,0.0,0.0,0.0,0.0,0.0,45Q-2040-l,500Mt-CostDecrease,MD,missing,coal_base_conv pul,missing,missing,missing,missing,missing,missing,missing,missing,EJ
1558,0.0,0.0,0.000712856,0.000652197,0.000370191,0.0,0.0,0.0,0.0,45Q-2040-l,500Mt-CostDecrease,MD,missing,coal_base_conv pul 1956-1960,missing,missing,missing,missing,missing,missing,missing,missing,EJ
1559,0.0,0.0,0.002407092,0.0023856619999999,0.001799623,0.000306852,0.0001673989,0.0,0.0,45Q-2040-l,500Mt-CostDecrease,MD,missing,coal_base_conv pul 1961-1965,missing,missing,missing,missing,missing,missing,missing,missing,EJ
1560,0.0,0.0,0.00400147,0.00399231,0.00310012,0.000593188,0.000454154,6.72156e-06,0.0,45Q-2040-l,500Mt-CostDecrease,MD,missing,coal_base_conv pul 1966-1970,missing,missing,missing,missing,missing,missing,missing,missing,EJ
1561,0.0,0.0,0.0033416599999999,0.0033368899999999,0.002601177,0.000506081,0.00041318,7.24661e-06,1.283075e-07,45Q-2040-l,500Mt-CostDecrease,MD,missing,coal_base_conv pul 1971-1975,missing,missing,missing,missing,missing,missing,missing,missing,EJ
1562,0.0,0.0,0.0,0.0,0.0,0.0,0.0,0.0,0.0,45Q-2040-l,500Mt-CostDecrease,MD,missing,coal_base_conv pul 1976-1980,missing,missing,missing,missing,missing,missing,missing,missing,EJ
1563,0.0,0.0,0.00547845,0.00547621,0.00428825,0.000851252,0.000756693,1.803013e-05,6.670130000000001e-07,45Q-2040-l,500Mt-CostDecrease,MD,missing,coal_base_conv pul 1981-1985,missing,missing,missing,missing,missing,missing,missing,missing,EJ
1564,0.0,0.0,0.0064281,0.0064256899999999,0.00503249,0.000999643,0.0008911980000000001,2.15116e-05,8.41015e-07,45Q-2040-l,500Mt-CostDecrease,MD,missing,coal_base_conv pul 1991-1995,missing,missing,missing,missing,missing,missing,missing,missing,EJ
1565,0.0,0.0,0.00287348,0.0028724099999999,0.002249688,0.000446923,0.000398642,9.64429e-06,3.80886e-07,45Q-2040-l,500Mt-CostDecrease,MD,missing,coal_base_conv pul 1996-2000,missing,missing,missing,missing,missing,missing,missing,missing,EJ
1566,0.0,0.0,0.0,0.0001187381,0.0007342357,0.0019246169,0.003024889,0.0037798744,0.00202031154,45Q-2040-l,500Mt-CostDecrease,MD,missing,coal_base_conv pul_CCS,missing,missing,missing,missing,missing,missing,missing,missing,EJ
1567,0.01167621,0.01509436,0.0,0.0,0.0,0.0,0.0,0.0,0.0,45Q-2040-l,500Mt-CostDecrease,MD,missing,coal_base_conv pul_retire_2020,missing,missing,missing,missing,missing,missing,missing,missing,EJ
1568,0.0,0.0,0.0,3.6258600000000006e-05,0.0001259533,0.00030382580000000003,0.0004472629,0.0008127173,0.0012541987,45Q-2040-l,500Mt-CostDecrease,MD,missing,coal_int_IGCC_CCS,missing,missing,missing,missing,missing,missing,missing,missing,EJ
1569,0.0289321999999999,0.0396075,0.0,0.0,0.0,0.0,0.0,0.0,0.0,45Q-2040-l,500Mt-CostDecrease,MD,missing,coal_int_conv pul,missing,missing,missing,missing,missing,missing,missing,missing,EJ
1570,0.0,0.0,0.000421121,0.000385398,0.0002547809,0.0,0.0,0.0,0.0,45Q-2040-l,500Mt-CostDecrease,MD,missing,coal_int_conv pul 1956-1960,missing,missing,missing,missing,missing,missing,missing,missing,EJ
1571,0.0,0.0,0.0014219929999999,0.00140974,0.001238578,0.000638455,0.000418762,0.0,0.0,45Q-2040-l,500Mt-CostDecrease,MD,missing,coal_int_conv pul 1961-1965,missing,missing,missing,missing,missing,missing,missing,missing,EJ
1572,0.0,0.0,0.002363879,0.002359148,0.002133635,0.001234225,0.001136102,0.000311923,0.0,45Q-2040-l,500Mt-CostDecrease,MD,missing,coal_int_conv pul 1966-1970,missing,missing,missing,missing,missing,missing,missing,missing,EJ
1573,0.0,0.0,0.0019740879999999,0.001971846,0.0017902349999999,0.0010529839999999,0.001033604,0.000336288,0.0001046548,45Q-2040-l,500Mt-CostDecrease,MD,missing,coal_int_conv pul 1971-1975,missing,missing,missing,missing,missing,missing,missing,missing,EJ
1574,0.0,0.0,0.0,0.0,0.0,0.0,0.0,0.0,0.0,45Q-2040-l,500Mt-CostDecrease,MD,missing,coal_int_conv pul 1976-1980,missing,missing,missing,missing,missing,missing,missing,missing,EJ
1575,0.0,0.0,0.0032363999999999,0.00323601,0.00295136,0.001771171,0.001892934,0.000836712,0.000544053,45Q-2040-l,500Mt-CostDecrease,MD,missing,coal_int_conv pul 1981-1985,missing,missing,missing,missing,missing,missing,missing,missing,EJ
1576,0.0,0.0,0.00379742,0.00379708,0.00346357,0.002079924,0.002229402,0.000998274,0.00068598,45Q-2040-l,500Mt-CostDecrease,MD,missing,coal_int_conv pul 1991-1995,missing,missing,missing,missing,missing,missing,missing,missing,EJ
1577,0.0,0.0,0.001697511,0.001697372,0.001548326,0.000929897,0.000997237,0.000447556,0.000310672,45Q-2040-l,500Mt-CostDecrease,MD,missing,coal_int_conv pul 1996-2000,missing,missing,missing,missing,missing,missing,missing,missing,EJ
1578,0.0,0.0,0.0,4.60454e-05,0.0001512231,0.0003467872,0.0004974248,0.0008645094000000001,0.0012948648999999,45Q-2040-l,500Mt-CostDecrease,MD,missing,coal_int_conv pul_CCS,missing,missing,missing,missing,missing,missing,missing,missing,EJ
1579,0.0109952,0.01505219,0.0,0.0,0.0,0.0,0.0,0.0,0.0,45Q-2040-l,500Mt-CostDecrease,MD,missing,coal_int_conv pul_retire_2020,missing,missing,missing,missing,missing,missing,missing,missing,EJ
1580,0.000307752,0.0,0.0,0.0,0.0,0.0,0.0,0.0,0.0,45Q-2040-l,500Mt-CostDecrease,MD,missing,coal_peak_conv pul,missing,missing,missing,missing,missing,missing,missing,missing,EJ
1581,0.0001169564,0.0,0.0,0.0,0.0,0.0,0.0,0.0,0.0,45Q-2040-l,500Mt-CostDecrease,MD,missing,coal_peak_conv pul_retire_2020,missing,missing,missing,missing,missing,missing,missing,missing,EJ
1582,0.00127224,0.0,0.0,0.0,0.0,0.0,0.0,0.0,0.0,45Q-2040-l,500Mt-CostDecrease,MD,missing,coal_subpeak_conv pul,missing,missing,missing,missing,missing,missing,missing,missing,EJ
1583,0.000483494,0.0,0.0,0.0,0.0,0.0,0.0,0.0,0.0,45Q-2040-l,500Mt-CostDecrease,MD,missing,coal_subpeak_conv pul_retire_2020,missing,missing,missing,missing,missing,missing,missing,missing,EJ
1584,0.0,0.0,0.00935689,0.009986327,0.012565099,0.013795854,0.016045146,0.0050773919,0.00107405197,45Q-2040-l,500Mt-CostDecrease,MD,missing,gas_base_CC,missing,missing,missing,missing,missing,missing,missing,missing,EJ
1585,0.0,0.0,0.0,0.000303925,0.002346807,0.006498176,0.010362387,0.012608101,0.0051590747,45Q-2040-l,500Mt-CostDecrease,MD,missing,gas_base_CC_CCS,missing,missing,missing,missing,missing,missing,missing,missing,EJ
1586,0.00393419,0.00539423,0.01900825,0.01950414,0.0207780999999999,0.0223430599999999,0.02360636,0.02594836,0.02877101,45Q-2040-l,500Mt-CostDecrease,MD,missing,gas_int_CC,missing,missing,missing,missing,missing,missing,missing,missing,EJ
1587,0.0,0.0,0.0,0.000280839,0.0012329889999999,0.002959322,0.004318217,0.0076363019999999,0.011501604,45Q-2040-l,500Mt-CostDecrease,MD,missing,gas_int_CC_CCS,missing,missing,missing,missing,missing,missing,missing,missing,EJ
1588,0.000229205,0.000404609,0.00017232407,0.000156872498,0.000131502481,0.000106129644,8.644845100000001e-05,6.1904895e-05,4.445916199999999e-05,45Q-2040-l,500Mt-CostDecrease,MD,missing,gas_peak_CC,missing,missing,missing,missing,missing,missing,missing,missing,EJ
1589,0.0,0.0,0.0,2.87056e-08,8.1844e-08,1.5509959999999998e-07,2.268447e-07,4.049863e-07,6.899386999999999e-07,45Q-2040-l,500Mt-CostDecrease,MD,missing,gas_peak_CC_CCS,missing,missing,missing,missing,missing,missing,missing,missing,EJ
1590,0.000169803,0.000142303,8.53352e-05,7.28982e-05,4.05224e-05,2.67197e-05,2.55519e-05,1.28074e-05,7.0129e-06,45Q-2040-l,500Mt-CostDecrease,MD,missing,gas_peak_steam/CT,missing,missing,missing,missing,missing,missing,missing,missing,EJ
1591,0.00134043,0.00236692,0.0011999687999999,0.0011109911,0.0009720632,0.000828874,0.0007113017000000001,0.0006001992999999999,0.0005292776,45Q-2040-l,500Mt-CostDecrease,MD,missing,gas_subpeak_CC,missing,missing,missing,missing,missing,missing,missing,missing,EJ
1592,0.0,0.0,0.0,1.55169e-06,4.56532e-06,8.76495e-06,1.306705e-05,2.558961e-05,4.056299e-05,45Q-2040-l,500Mt-CostDecrease,MD,missing,gas_subpeak_CC_CCS,missing,missing,missing,missing,missing,missing,missing,missing,EJ
1593,0.00099302,0.000832508,0.000586317,0.000509349,0.00031258,0.000218315,0.000201885,0.000108861,6.16374e-05,45Q-2040-l,500Mt-CostDecrease,MD,missing,gas_subpeak_steam/CT,missing,missing,missing,missing,missing,missing,missing,missing,EJ
1594,0.0078018,0.0062637,0.006965,0.0069543,0.0069467,0.0069477,0.0069322,0.006874,0.0068817,45Q-2040-l,500Mt-CostDecrease,MD,missing,hydro_base,missing,missing,missing,missing,missing,missing,missing,missing,EJ
1595,0.00477532,0.0548773,0.0549039,0.054904,0.0549041,0.0280705,0.0,0.0,0.0,45Q-2040-l,500Mt-CostDecrease,MD,missing,nuc_base_Gen II,missing,missing,missing,missing,missing,missing,missing,missing,EJ
1596,0.0,0.0,0.0,0.0,0.0028232,0.00899795,0.0144852,0.02014349,0.02284816,45Q-2040-l,500Mt-CostDecrease,MD,missing,nuc_base_Gen III,missing,missing,missing,missing,missing,missing,missing,missing,EJ
1597,0.0,0.0,0.0001906595,0.0002827259,0.0001968475,0.0001034351,8.129136e-05,4.408953e-06,1.679347e-07,45Q-2040-l,500Mt-CostDecrease,MD,missing,refined liquids_base_steam/CT,missing,missing,missing,missing,missing,missing,missing,missing,EJ
1598,0.01318596,0.0120494,0.0,0.0,0.0,0.0,0.0,0.0,0.0,45Q-2040-l,500Mt-CostDecrease,MD,missing,refined liquids_int_steam/CT,missing,missing,missing,missing,missing,missing,missing,missing,EJ
1599,0.0,0.0,0.0,0.0,0.0,0.0,0.0,0.0,0.0,45Q-2040-l,500Mt-CostDecrease,MD,missing,refined liquids_peak_steam/CT,missing,missing,missing,missing,missing,missing,missing,missing,EJ
1600,0.003296469,0.003012329,0.0,0.0,0.0,0.0,0.0,0.0,0.0,45Q-2040-l,500Mt-CostDecrease,MD,missing,refined liquids_subpeak_steam/CT,missing,missing,missing,missing,missing,missing,missing,missing,EJ
1601,0.0,0.0,9.64001e-05,0.00127505,0.00436996,0.00688779,0.00906702,0.00546395,0.00305565,45Q-2040-l,500Mt-CostDecrease,MD,missing,rooftop_pv,missing,missing,missing,missing,missing,missing,missing,missing,EJ
1602,0.0,0.0,0.0049,0.005748256,0.010023986,0.017530846,0.023216576,0.027054086,0.026666006,45Q-2040-l,500Mt-CostDecrease,MD,missing,wind_base,missing,missing,missing,missing,missing,missing,missing,missing,EJ
1603,0.0,0.0,0.0,0.000115271,0.001849681,0.006540081,0.011458301,0.017405971,0.02087994,45Q-2040-l,500Mt-CostDecrease,MD,missing,wind_base_offshore,missing,missing,missing,missing,missing,missing,missing,missing,EJ
1604,0.0,0.0,0.000120582,0.0001474098,0.0002825338,0.0005489848,0.0007716378,0.0009937528,0.0009810058,45Q-2040-l,500Mt-CostDecrease,MD,missing,wind_base_storage,missing,missing,missing,missing,missing,missing,missing,missing,EJ
1605,0.0,0.0,1.0477e-05,1.7605630000000002e-05,3.826263e-05,7.935063e-05,0.00010193153,0.00013572883,0.00015131763,45Q-2040-l,500Mt-CostDecrease,MA,missing,PV_base_storage,missing,missing,missing,missing,missing,missing,missing,missing,EJ
1606,0.0,0.0,0.00196168,0.00486517,0.01155674,0.0179030999999999,0.02239935,0.0291885499999999,0.0317846799999999,45Q-2040-l,500Mt-CostDecrease,MA,missing,PV_int,missing,missing,missing,missing,missing,missing,missing,missing,EJ
1607,0.0,0.0,0.000123797,0.00024496800000000003,0.000477028,0.000661017,0.000769203,0.000983653,0.00107047,45Q-2040-l,500Mt-CostDecrease,MA,missing,PV_peak,missing,missing,missing,missing,missing,missing,missing,missing,EJ
1608,0.0,0.0,0.002660757,0.003389694,0.004778034,0.005924704,0.006638093,0.006860133,0.007397346,45Q-2040-l,500Mt-CostDecrease,MA,missing,PV_subpeak,missing,missing,missing,missing,missing,missing,missing,missing,EJ
1609,0.0,0.0,5.01911e-05,3.6548573e-05,0.000109699744,0.00023073062,0.00014594064,0.000194840557,0.000144310909,45Q-2040-l,500Mt-CostDecrease,MA,missing,biogas_base_CC,missing,missing,missing,missing,missing,missing,missing,missing,EJ
1610,0.0,0.0,0.0,1.88541e-05,7.381351e-05,0.000211629506,0.00014613814799999998,0.000253715113,0.000208805762,45Q-2040-l,500Mt-CostDecrease,MA,missing,biogas_base_CC_CCS,missing,missing,missing,missing,missing,missing,missing,missing,EJ
1611,0.0,0.0,9.64991e-05,9.662532e-05,0.000245342,0.0004911467,0.0006640004,0.0011245778,0.0012079931,45Q-2040-l,500Mt-CostDecrease,MA,missing,biogas_int_CC,missing,missing,missing,missing,missing,missing,missing,missing,EJ
1612,0.0,0.0,0.0,3.40736e-05,0.00010874812,0.0002723042,0.0004061478,0.0008653392,0.001113275,45Q-2040-l,500Mt-CostDecrease,MA,missing,biogas_int_CC_CCS,missing,missing,missing,missing,missing,missing,missing,missing,EJ
1613,0.0,0.0,1.69839e-07,1.5498225e-07,3.3576122e-07,5.222004e-07,5.57401e-07,1.1205377e-06,1.2936051e-06,45Q-2040-l,500Mt-CostDecrease,MA,missing,biogas_peak_CC,missing,missing,missing,missing,missing,missing,missing,missing,EJ
1614,0.0,0.0,0.0,2.27664e-08,5.2144853000000004e-08,8.724441e-08,1.0201443e-07,2.4469329e-07,3.3935138e-07,45Q-2040-l,500Mt-CostDecrease,MA,missing,biogas_peak_CC_CCS,missing,missing,missing,missing,missing,missing,missing,missing,EJ
1615,0.0,0.0,1.547166e-07,1.3179560199999998e-07,2.76670546e-07,3.8517138300000004e-07,3.15429598e-07,6.96734658e-07,7.11831455e-07,45Q-2040-l,500Mt-CostDecrease,MA,missing,biogas_peak_steam/CT,missing,missing,missing,missing,missing,missing,missing,missing,EJ
1616,0.0,0.0,2.63295e-06,3.680587e-06,8.416659999999999e-06,1.3952607e-05,1.6543134e-05,4.685406e-05,3.8808708e-05,45Q-2040-l,500Mt-CostDecrease,MA,missing,biogas_subpeak_CC,missing,missing,missing,missing,missing,missing,missing,missing,EJ
1617,0.0,0.0,0.0,7.54359e-07,1.9168186e-06,3.606027e-06,4.696944e-06,1.5423758e-05,1.7322157e-05,45Q-2040-l,500Mt-CostDecrease,MA,missing,biogas_subpeak_CC_CCS,missing,missing,missing,missing,missing,missing,missing,missing,EJ
1618,0.0,0.0,1.742454e-06,2.30301063e-06,5.14513649e-06,7.507233230000001e-06,6.65012299e-06,2.3315202100000004e-05,1.241664402e-05,45Q-2040-l,500Mt-CostDecrease,MA,missing,biogas_subpeak_steam/CT,missing,missing,missing,missing,missing,missing,missing,missing,EJ
1619,0.0,0.0,0.0001414958,0.0001684894,0.0002648718,0.0004845373,0.0005925604,0.00068334289,0.00051723195,45Q-2040-l,500Mt-CostDecrease,MA,missing,biomass_base_IGCC,missing,missing,missing,missing,missing,missing,missing,missing,EJ
1620,0.0,0.0,0.0,2.217858e-05,0.00010466686,0.00062637338,0.00095109938,0.0029255924099999,0.0052295675399999,45Q-2040-l,500Mt-CostDecrease,MA,missing,biomass_base_IGCC_CCS,missing,missing,missing,missing,missing,missing,missing,missing,EJ
1621,0.003048664,0.002907426,0.0009125522,0.0010266304,0.0012682941,0.0015303286999999,0.0014162159,0.00078482405,0.00042385395,45Q-2040-l,500Mt-CostDecrease,MA,missing,biomass_base_conv,missing,missing,missing,missing,missing,missing,missing,missing,EJ
1622,0.0,0.0,0.0,2.188377e-05,0.00012589197,0.00125104257,0.00193829767,0.0116107023,0.02572791016,45Q-2040-l,500Mt-CostDecrease,MA,missing,biomass_base_conv_CCS,missing,missing,missing,missing,missing,missing,missing,missing,EJ
1623,0.0,0.0,4.34832e-05,6.213844e-05,9.401544e-05,0.00014687246,0.0001962921,0.00028351514,0.00034339333000000003,45Q-2040-l,500Mt-CostDecrease,MA,missing,biomass_int_IGCC,missing,missing,missing,missing,missing,missing,missing,missing,EJ
1624,0.0,0.0,0.0,7.90184e-06,2.560543e-05,6.756763e-05,0.00010958143,0.00021543777,0.00030078762,45Q-2040-l,500Mt-CostDecrease,MA,missing,biomass_int_IGCC_CCS,missing,missing,missing,missing,missing,missing,missing,missing,EJ
1625,0.003048664,0.002907415,0.0018717431999999,0.0018775654999999,0.00180886769,0.00191765881,0.00178804106,0.0016457485299999,0.0014256656499999,45Q-2040-l,500Mt-CostDecrease,MA,missing,biomass_int_conv,missing,missing,missing,missing,missing,missing,missing,missing,EJ
1626,0.0,0.0,0.0,1.067448e-05,3.767534e-05,0.00011456526,0.00018975356,0.00041083452,0.00059066175,45Q-2040-l,500Mt-CostDecrease,MA,missing,biomass_int_conv_CCS,missing,missing,missing,missing,missing,missing,missing,missing,EJ
1627,0.0,0.0,0.0,9.83679e-05,0.0003063044,0.0006955968,0.0009102188,0.0010172697,0.00083714427,45Q-2040-l,500Mt-CostDecrease,MA,missing,coal_base_IGCC_CCS,missing,missing,missing,missing,missing,missing,missing,missing,EJ
1628,0.0,0.0,0.0,0.0001080984,0.0003196461,0.0006934530999999999,0.0008854590000000001,0.0008891422,0.00065741743,45Q-2040-l,500Mt-CostDecrease,MA,missing,coal_base_conv pul_CCS,missing,missing,missing,missing,missing,missing,missing,missing,EJ
1629,0.032811672,0.034489465,0.0,0.0,0.0,0.0,0.0,0.0,0.0,45Q-2040-l,500Mt-CostDecrease,MA,missing,coal_base_conv pul_retire_2020,missing,missing,missing,missing,missing,missing,missing,missing,EJ
1630,0.0,0.0,0.0,2.677706e-05,8.992087999999999e-05,0.00019266604,0.00029279168000000003,0.0004683341900000001,0.00059344071,45Q-2040-l,500Mt-CostDecrease,MA,missing,coal_int_IGCC_CCS,missing,missing,missing,missing,missing,missing,missing,missing,EJ
1631,0.0,0.0,0.0,3.25764e-05,0.00010383668,0.0002132692,0.00031544838,0.0004869953,0.0006052720900000001,45Q-2040-l,500Mt-CostDecrease,MA,missing,coal_int_conv pul_CCS,missing,missing,missing,missing,missing,missing,missing,missing,EJ
1632,0.0082029631,0.0086223612,0.0,0.0,0.0,0.0,0.0,0.0,0.0,45Q-2040-l,500Mt-CostDecrease,MA,missing,coal_int_conv pul_retire_2020,missing,missing,missing,missing,missing,missing,missing,missing,EJ
1633,0.0,0.02314681,0.02130517,0.020933675,0.017569664,0.012038663,0.0107264099999999,0.0029072371,0.0011748019,45Q-2040-l,500Mt-CostDecrease,MA,missing,gas_base_CC,missing,missing,missing,missing,missing,missing,missing,missing,EJ
1634,0.0,0.0,0.0,0.00041074,0.001152165,0.002552955,0.003290761,0.00377065,0.0031984675999999,45Q-2040-l,500Mt-CostDecrease,MA,missing,gas_base_CC_CCS,missing,missing,missing,missing,missing,missing,missing,missing,EJ
1635,0.017672,0.0376959,0.04257626,0.0408077259999999,0.0366422369999999,0.032444231,0.0293322759999999,0.025077557,0.0216662109999999,45Q-2040-l,500Mt-CostDecrease,MA,missing,gas_int_CC,missing,missing,missing,missing,missing,missing,missing,missing,EJ
1636,0.0,0.0,0.0,0.000357534,0.000930573,0.001797082,0.002619525,0.004006183,0.004962388,45Q-2040-l,500Mt-CostDecrease,MA,missing,gas_int_CC_CCS,missing,missing,missing,missing,missing,missing,missing,missing,EJ
1637,0.0,0.000736049,0.000433566531,0.000392579862,0.00032253518,0.00025750966600000005,0.000212148085,0.000146272919,0.00010015503100000002,45Q-2040-l,500Mt-CostDecrease,MA,missing,gas_peak_CC,missing,missing,missing,missing,missing,missing,missing,missing,EJ
1638,0.0,0.0,0.0,9.859580000000001e-08,2.316977e-07,4.20656e-07,5.702181000000001e-07,9.138221e-07,1.2652397000000002e-06,45Q-2040-l,500Mt-CostDecrease,MA,missing,gas_peak_CC_CCS,missing,missing,missing,missing,missing,missing,missing,missing,EJ
1639,0.0,0.000258917,0.000197031,0.000160406,8.30349e-05,5.42793e-05,5.47786e-05,2.55482e-05,1.40014e-05,45Q-2040-l,500Mt-CostDecrease,MA,missing,gas_peak_steam/CT,missing,missing,missing,missing,missing,missing,missing,missing,EJ
1640,0.001127927,0.00383565,0.00262963,0.0024240867,0.0020777204999999,0.0017460014,0.0014871111,0.0012150556,0.0009617567000000002,45Q-2040-l,500Mt-CostDecrease,MA,missing,gas_subpeak_CC,missing,missing,missing,missing,missing,missing,missing,missing,EJ
1641,0.0,0.0,0.0,4.77165e-06,1.158686e-05,2.123227e-05,2.929018e-05,5.93574e-05,7.35664e-05,45Q-2040-l,500Mt-CostDecrease,MA,missing,gas_subpeak_CC_CCS,missing,missing,missing,missing,missing,missing,missing,missing,EJ
1642,0.00083562,0.00134912,0.00125231,0.00104001,0.000590589,0.000408322,0.000398498,0.00019974,0.000112388,45Q-2040-l,500Mt-CostDecrease,MA,missing,gas_subpeak_steam/CT,missing,missing,missing,missing,missing,missing,missing,missing,EJ
1643,0.0042016,0.0038292,0.0035053,0.0034999,0.0034961,0.0034966,0.0034888,0.0034595,0.0034634,45Q-2040-l,500Mt-CostDecrease,MA,missing,hydro_base,missing,missing,missing,missing,missing,missing,missing,missing,EJ
1644,0.0193462,0.0204349,0.018728,0.018728,0.0181065,0.0,0.0,0.0,0.0,45Q-2040-l,500Mt-CostDecrease,MA,missing,nuc_base_Gen II,missing,missing,missing,missing,missing,missing,missing,missing,EJ
1645,0.0,0.0,0.0,0.0,0.00170872,0.00512162,0.00701677,0.00988759,0.01213176,45Q-2040-l,500Mt-CostDecrease,MA,missing,nuc_base_Gen III,missing,missing,missing,missing,missing,missing,missing,missing,EJ
1646,0.004742003,0.002494321,0.0009088438,0.0010025377,0.0006208104,0.0003417267,0.0002622494,3.0401521e-05,6.507978e-06,45Q-2040-l,500Mt-CostDecrease,MA,missing,refined liquids_base_steam/CT,missing,missing,missing,missing,missing,missing,missing,missing,EJ
1647,0.04135356,0.019954549,0.0,0.0,0.0,0.0,0.0,0.0,0.0,45Q-2040-l,500Mt-CostDecrease,MA,missing,refined liquids_int_steam/CT,missing,missing,missing,missing,missing,missing,missing,missing,EJ
1648,0.0010014109,0.0,0.0,0.0,0.0,0.0,0.0,0.0,0.0,45Q-2040-l,500Mt-CostDecrease,MA,missing,refined liquids_peak_steam/CT,missing,missing,missing,missing,missing,missing,missing,missing,EJ
1649,0.0058139419999999,0.0024943325,0.0,0.0,0.0,0.0,0.0,0.0,0.0,45Q-2040-l,500Mt-CostDecrease,MA,missing,refined liquids_subpeak_steam/CT,missing,missing,missing,missing,missing,missing,missing,missing,EJ
1650,0.0,0.0,0.00011822,0.0011152,0.00318379,0.00562694,0.00743759,0.00608065,0.00462228,45Q-2040-l,500Mt-CostDecrease,MA,missing,rooftop_pv,missing,missing,missing,missing,missing,missing,missing,missing,EJ
1651,0.0,0.0,0.00248162,0.0043735,0.00817785,0.01393682,0.01683316,0.0201171,0.021292,45Q-2040-l,500Mt-CostDecrease,MA,missing,wind_base,missing,missing,missing,missing,missing,missing,missing,missing,EJ
1652,0.0,0.0,0.0,0.000191869,0.0013518789999999,0.004057939,0.005855049,0.009040629,0.01165974,45Q-2040-l,500Mt-CostDecrease,MA,missing,wind_base_offshore,missing,missing,missing,missing,missing,missing,missing,missing,EJ
1653,0.0,0.0,5.17212e-05,0.0001021889,0.0002076199,0.0003932139,0.0004905288,0.0006296828,0.0006843126000000001,45Q-2040-l,500Mt-CostDecrease,MA,missing,wind_base_storage,missing,missing,missing,missing,missing,missing,missing,missing,EJ
1654,0.0,0.0,0.000100066,0.00012384,0.000310672,0.00063737,0.000762226,0.000933415,0.0009063103,45Q-2040-l,500Mt-CostDecrease,MI,missing,PV_base_storage,missing,missing,missing,missing,missing,missing,missing,missing,EJ
1655,0.0,0.0,0.00690191,0.01033154,0.02461664,0.04317554,0.05209944,0.0737838399999999,0.08958783,45Q-2040-l,500Mt-CostDecrease,MI,missing,PV_int,missing,missing,missing,missing,missing,missing,missing,missing,EJ
1656,0.0,0.0,0.000857566,0.001056921,0.001761187,0.0017960606,0.0019995876,0.0024916725999999,0.0031065266,45Q-2040-l,500Mt-CostDecrease,MI,missing,PV_peak,missing,missing,missing,missing,missing,missing,missing,missing,EJ
1657,0.0,0.0,0.00248721982,0.00415789982,0.00862582982,0.01080831982,0.01348551982,0.0199543199999999,0.02523313,45Q-2040-l,500Mt-CostDecrease,MI,missing,PV_subpeak,missing,missing,missing,missing,missing,missing,missing,missing,EJ
1658,0.0,0.0,0.000553938,0.00014285682999999998,0.00114276045,0.00213801784,0.00098162059,0.001137078621,0.0004643906042,45Q-2040-l,500Mt-CostDecrease,MI,missing,biogas_base_CC,missing,missing,missing,missing,missing,missing,missing,missing,EJ
1659,0.0,0.0,0.0,7.50212e-05,0.000808680461,0.0021136824999999,0.00111748313,0.0016448670759999,0.0007479285308,45Q-2040-l,500Mt-CostDecrease,MI,missing,biogas_base_CC_CCS,missing,missing,missing,missing,missing,missing,missing,missing,EJ
1660,0.0,0.0,0.00036762,0.0001322021,0.0004565706,0.0012558257,0.0012270141999999,0.0030668939999999,0.003973292,45Q-2040-l,500Mt-CostDecrease,MI,missing,biogas_int_CC,missing,missing,missing,missing,missing,missing,missing,missing,EJ
1661,0.0,0.0,0.0,4.24161e-05,0.00020450013,0.0007246932,0.0008372181000000001,0.0025360135,0.004078175,45Q-2040-l,500Mt-CostDecrease,MI,missing,biogas_int_CC_CCS,missing,missing,missing,missing,missing,missing,missing,missing,EJ
1662,0.0,0.0,1.16862e-06,2.838891e-07,8.4363909e-07,3.763349e-07,9.723538e-07,2.5678047e-06,6.5364547e-06,45Q-2040-l,500Mt-CostDecrease,MI,missing,biogas_peak_CC,missing,missing,missing,missing,missing,missing,missing,missing,EJ
1663,0.0,0.0,0.0,3.55567e-08,1.257137e-07,5.086065e-08,1.4901987e-07,4.8956812e-07,1.41711749e-06,45Q-2040-l,500Mt-CostDecrease,MI,missing,biogas_peak_CC_CCS,missing,missing,missing,missing,missing,missing,missing,missing,EJ
1664,0.0,0.0,1.087257e-06,2.1685794300000003e-07,6.93446254e-07,9.779152199999999e-08,5.08597363e-07,1.584791222e-06,4.544865333e-06,45Q-2040-l,500Mt-CostDecrease,MI,missing,biogas_peak_steam/CT,missing,missing,missing,missing,missing,missing,missing,missing,EJ
1665,0.0,0.0,1.55228e-05,9.75079e-06,2.3023957e-05,2.968891e-05,4.975706e-05,0.00013846728,0.000195242,45Q-2040-l,500Mt-CostDecrease,MI,missing,biogas_subpeak_CC,missing,missing,missing,missing,missing,missing,missing,missing,EJ
1666,0.0,0.0,0.0,1.80557e-06,5.0968387e-06,7.46153e-06,1.3711374e-05,4.449885e-05,7.656273999999999e-05,45Q-2040-l,500Mt-CostDecrease,MI,missing,biogas_subpeak_CC_CCS,missing,missing,missing,missing,missing,missing,missing,missing,EJ
1667,0.0,0.0,1.050539e-05,5.7676298e-06,1.413908988e-05,1.37922677e-05,2.13318535e-05,6.68082224e-05,8.19933621e-05,45Q-2040-l,500Mt-CostDecrease,MI,missing,biogas_subpeak_steam/CT,missing,missing,missing,missing,missing,missing,missing,missing,EJ
1668,0.0,0.0,0.000322551,0.0002576957,0.0005655509,0.0012958972,0.0015311735,0.00134634607,0.0004764103309999999,45Q-2040-l,500Mt-CostDecrease,MI,missing,biomass_base_IGCC,missing,missing,missing,missing,missing,missing,missing,missing,EJ
1669,0.0,0.0,0.0,2.36145e-05,0.0003173374,0.0025283134,0.0036494494,0.0130555483999999,0.0212258962999999,45Q-2040-l,500Mt-CostDecrease,MI,missing,biomass_base_IGCC_CCS,missing,missing,missing,missing,missing,missing,missing,missing,EJ
1670,0.00112633,0.00319699,0.000952052,0.000826251,0.001470419,0.0027283623,0.0027104304999999,0.0015640148599999,0.000583227719,45Q-2040-l,500Mt-CostDecrease,MI,missing,biomass_base_conv,missing,missing,missing,missing,missing,missing,missing,missing,EJ
1671,0.0,0.0,0.0,2.71552e-05,0.0004684178,0.0066581445,0.0098101423,0.0993723175,0.2410740596,45Q-2040-l,500Mt-CostDecrease,MI,missing,biomass_base_conv_CCS,missing,missing,missing,missing,missing,missing,missing,missing,EJ
1672,0.0,0.0,3.2076700000000004e-05,3.609826e-05,5.24573e-05,0.00010069942999999998,0.00013211194,0.00025262898,0.00039405223,45Q-2040-l,500Mt-CostDecrease,MI,missing,biomass_int_IGCC,missing,missing,missing,missing,missing,missing,missing,missing,EJ
1673,0.0,0.0,0.0,2.4356e-06,1.23182e-05,5.3605090000000006e-05,8.334358999999999e-05,0.00024768047,0.0004789582200000001,45Q-2040-l,500Mt-CostDecrease,MI,missing,biomass_int_IGCC_CCS,missing,missing,missing,missing,missing,missing,missing,missing,EJ
1674,0.00112633,0.00319699,0.00146358,0.0016474275,0.001523505,0.0018280589,0.0016625763,0.0016379150999999,0.0015650152,45Q-2040-l,500Mt-CostDecrease,MI,missing,biomass_int_conv,missing,missing,missing,missing,missing,missing,missing,missing,EJ
1675,0.0,0.0,0.0,3.71596e-06,2.078535e-05,0.00010702554,0.00016814004,0.00056906373,0.00114928705,45Q-2040-l,500Mt-CostDecrease,MI,missing,biomass_int_conv_CCS,missing,missing,missing,missing,missing,missing,missing,missing,EJ
1676,0.0,0.0,0.0,0.00067596,0.003954031,0.009335128,0.011560028,0.013602276,0.0067780922,45Q-2040-l,500Mt-CostDecrease,MI,missing,coal_base_IGCC_CCS,missing,missing,missing,missing,missing,missing,missing,missing,EJ
1677,0.1195830299999999,0.13277233,0.0,0.0,0.0,0.0,0.0,0.0,0.0,45Q-2040-l,500Mt-CostDecrease,MI,missing,coal_base_conv pul,missing,missing,missing,missing,missing,missing,missing,missing,EJ
1678,0.0,0.0,0.002597495,0.0,0.0,0.0,0.0,0.0,0.0,45Q-2040-l,500Mt-CostDecrease,MI,missing,coal_base_conv pul 1951-1955,missing,missing,missing,missing,missing,missing,missing,missing,EJ
1679,0.0,0.0,0.0029431489,0.0,0.0,0.0,0.0,0.0,0.0,45Q-2040-l,500Mt-CostDecrease,MI,missing,coal_base_conv pul 1956-1960,missing,missing,missing,missing,missing,missing,missing,missing,EJ
1680,0.0,0.0,0.0075370709999999,0.005042612,0.0,0.0,0.0,0.0,0.0,45Q-2040-l,500Mt-CostDecrease,MI,missing,coal_base_conv pul 1961-1965,missing,missing,missing,missing,missing,missing,missing,missing,EJ
1681,0.0,0.0,0.008948585,0.005986967,0.0,0.0,0.0,0.0,0.0,45Q-2040-l,500Mt-CostDecrease,MI,missing,coal_base_conv pul 1966-1970,missing,missing,missing,missing,missing,missing,missing,missing,EJ
1682,0.0,0.0,0.04467631,0.04458898,0.0307673139999999,0.0058218229999999,0.00432971,5.253372e-05,0.0,45Q-2040-l,500Mt-CostDecrease,MI,missing,coal_base_conv pul 1971-1975,missing,missing,missing,missing,missing,missing,missing,missing,EJ
1683,0.0,0.0,0.016864724,0.0168379549999999,0.011637649,0.0022178728,0.0016966123,2.2286802e-05,3.27963e-07,45Q-2040-l,500Mt-CostDecrease,MI,missing,coal_base_conv pul 1976-1980,missing,missing,missing,missing,missing,missing,missing,missing,EJ
1684,0.0,0.0,0.0181064469999999,0.013115171,0.0,0.0,0.0,0.0,0.0,45Q-2040-l,500Mt-CostDecrease,MI,missing,coal_base_conv pul 1981-1985,missing,missing,missing,missing,missing,missing,missing,missing,EJ
1685,0.0,0.0,0.0013021219,0.001301419,0.0009036989,0.00017582759,0.00014684317000000002,2.6523495e-06,8.583985e-08,45Q-2040-l,500Mt-CostDecrease,MI,missing,coal_base_conv pul 1986-1990,missing,missing,missing,missing,missing,missing,missing,missing,EJ
1686,0.0,0.0,0.0,0.0,0.0,0.0,0.0,0.0,0.0,45Q-2040-l,500Mt-CostDecrease,MI,missing,coal_base_conv pul before 1950,missing,missing,missing,missing,missing,missing,missing,missing,EJ
1687,0.0,0.0,0.0,0.0008273110000000001,0.004520433,0.010202654,0.0124666839999999,0.0140078889999999,0.0058521573,45Q-2040-l,500Mt-CostDecrease,MI,missing,coal_base_conv pul_CCS,missing,missing,missing,missing,missing,missing,missing,missing,EJ
1688,0.029521406,0.0327775399999999,0.0,0.0,0.0,0.0,0.0,0.0,0.0,45Q-2040-l,500Mt-CostDecrease,MI,missing,coal_base_conv pul_retire_2020,missing,missing,missing,missing,missing,missing,missing,missing,EJ
1689,0.0,0.0,0.0,5.09728e-05,0.00018007770000000005,0.0004936245,0.0006868228,0.0013331497,0.0020529806,45Q-2040-l,500Mt-CostDecrease,MI,missing,coal_int_IGCC_CCS,missing,missing,missing,missing,missing,missing,missing,missing,EJ
1690,0.07187913,0.08059526,0.0,0.0,0.0,0.0,0.0,0.0,0.0,45Q-2040-l,500Mt-CostDecrease,MI,missing,coal_int_conv pul,missing,missing,missing,missing,missing,missing,missing,missing,EJ
1691,0.0,0.0,0.0011980837,0.0,0.0,0.0,0.0,0.0,0.0,45Q-2040-l,500Mt-CostDecrease,MI,missing,coal_int_conv pul 1951-1955,missing,missing,missing,missing,missing,missing,missing,missing,EJ
1692,0.0,0.0,0.0013575206999999,0.0,0.0,0.0,0.0,0.0,0.0,45Q-2040-l,500Mt-CostDecrease,MI,missing,coal_int_conv pul 1956-1960,missing,missing,missing,missing,missing,missing,missing,missing,EJ
1693,0.0,0.0,0.003476446,0.0023269705,0.0,0.0,0.0,0.0,0.0,45Q-2040-l,500Mt-CostDecrease,MI,missing,coal_int_conv pul 1961-1965,missing,missing,missing,missing,missing,missing,missing,missing,EJ
1694,0.0,0.0,0.004127496,0.0027627612,0.0,0.0,0.0,0.0,0.0,45Q-2040-l,500Mt-CostDecrease,MI,missing,coal_int_conv pul 1966-1970,missing,missing,missing,missing,missing,missing,missing,missing,EJ
1695,0.0,0.0,0.020606734,0.020576139,0.018876679,0.011606208,0.010519309,0.003425504,0.0,45Q-2040-l,500Mt-CostDecrease,MI,missing,coal_int_conv pul 1971-1975,missing,missing,missing,missing,missing,missing,missing,missing,EJ
1696,0.0,0.0,0.007778769,0.007770066,0.007140047,0.004421466,0.00412202,0.0014532238999999,0.0004492505,45Q-2040-l,500Mt-CostDecrease,MI,missing,coal_int_conv pul 1976-1980,missing,missing,missing,missing,missing,missing,missing,missing,EJ
1697,0.0,0.0,0.008351538,0.0060521529999999,0.0,0.0,0.0,0.0,0.0,45Q-2040-l,500Mt-CostDecrease,MI,missing,coal_int_conv pul 1981-1985,missing,missing,missing,missing,missing,missing,missing,missing,EJ
1698,0.0,0.0,0.0006005973,0.0006005529,0.0005544475,0.0003505242,0.0003567658,0.00017294853999999998,0.00011758561,45Q-2040-l,500Mt-CostDecrease,MI,missing,coal_int_conv pul 1986-1990,missing,missing,missing,missing,missing,missing,missing,missing,EJ
1699,0.0,0.0,0.0,0.0,0.0,0.0,0.0,0.0,0.0,45Q-2040-l,500Mt-CostDecrease,MI,missing,coal_int_conv pul before 1950,missing,missing,missing,missing,missing,missing,missing,missing,EJ
1700,0.0,0.0,0.0,6.52905e-05,0.0002177657,0.0005645893,0.0007685934000000001,0.0014210689,0.0021261238,45Q-2040-l,500Mt-CostDecrease,MI,missing,coal_int_conv pul_CCS,missing,missing,missing,missing,missing,missing,missing,missing,EJ
1701,0.017744802,0.019896573,0.0,0.0,0.0,0.0,0.0,0.0,0.0,45Q-2040-l,500Mt-CostDecrease,MI,missing,coal_int_conv pul_retire_2020,missing,missing,missing,missing,missing,missing,missing,missing,EJ
1702,0.0007385994999999999,0.0,0.0,0.0,0.0,0.0,0.0,0.0,0.0,45Q-2040-l,500Mt-CostDecrease,MI,missing,coal_peak_conv pul,missing,missing,missing,missing,missing,missing,missing,missing,EJ
1703,0.00018233881,0.0,0.0,0.0,0.0,0.0,0.0,0.0,0.0,45Q-2040-l,500Mt-CostDecrease,MI,missing,coal_peak_conv pul_retire_2020,missing,missing,missing,missing,missing,missing,missing,missing,EJ
1704,0.005124108,0.0,0.0,0.0,0.0,0.0,0.0,0.0,0.0,45Q-2040-l,500Mt-CostDecrease,MI,missing,coal_subpeak_conv pul,missing,missing,missing,missing,missing,missing,missing,missing,EJ
1705,0.0012649862,0.0,0.0,0.0,0.0,0.0,0.0,0.0,0.0,45Q-2040-l,500Mt-CostDecrease,MI,missing,coal_subpeak_conv pul_retire_2020,missing,missing,missing,missing,missing,missing,missing,missing,EJ
1706,0.003204,0.00849698,0.03578759,0.0395569099999999,0.05549075,0.0624977,0.06351394,0.0141954371,0.0025948629699999,45Q-2040-l,500Mt-CostDecrease,MI,missing,gas_base_CC,missing,missing,missing,missing,missing,missing,missing,missing,EJ
1707,0.0,0.0,0.0,0.00167379,0.0141629299999999,0.03446261,0.0424005099999999,0.04461212,0.013147296,45Q-2040-l,500Mt-CostDecrease,MI,missing,gas_base_CC_CCS,missing,missing,missing,missing,missing,missing,missing,missing,EJ
1708,0.003085,0.00818148,0.05442475,0.052834109,0.050899994,0.050613294,0.0485108939999999,0.049909109,0.051981093,45Q-2040-l,500Mt-CostDecrease,MI,missing,gas_int_CC,missing,missing,missing,missing,missing,missing,missing,missing,EJ
1709,0.0,0.0,0.0,0.000418107,0.001858314,0.005049289,0.006967539,0.0131192109999999,0.019725338,45Q-2040-l,500Mt-CostDecrease,MI,missing,gas_int_CC_CCS,missing,missing,missing,missing,missing,missing,missing,missing,EJ
1710,0.001484062,0.00506867,3.626228e-06,4.372355e-06,6.554045999999999e-06,6.535285799999999e-06,7.998223399999998e-06,1.1787474999999998e-05,2.30648014e-05,45Q-2040-l,500Mt-CostDecrease,MI,missing,gas_peak_CC,missing,missing,missing,missing,missing,missing,missing,missing,EJ
1711,0.0,0.0,0.0,6.52363e-08,2.802909e-07,2.9983029e-07,4.4748521e-07,9.4014287e-07,2.4711540400000003e-06,45Q-2040-l,500Mt-CostDecrease,MI,missing,gas_peak_CC_CCS,missing,missing,missing,missing,missing,missing,missing,missing,EJ
1712,0.001099446,0.001782892,3.1366310000000004e-06,3.469104e-06,4.0048028e-06,3.1151122e-06,4.2960926000000005e-06,5.7466929e-06,1.1060395099999998e-05,45Q-2040-l,500Mt-CostDecrease,MI,missing,gas_peak_steam/CT,missing,missing,missing,missing,missing,missing,missing,missing,EJ
1713,0.00713242,0.0243598999999999,0.008289131,0.0076522181,0.0066580512,0.0056002608,0.0046461553,0.0038194578999999,0.0032224731,45Q-2040-l,500Mt-CostDecrease,MI,missing,gas_subpeak_CC,missing,missing,missing,missing,missing,missing,missing,missing,EJ
1714,0.0,0.0,0.0,8.39091e-06,2.22489e-05,3.485252e-05,5.419075e-05,0.00011795,0.00019692588,45Q-2040-l,500Mt-CostDecrease,MI,missing,gas_subpeak_CC_CCS,missing,missing,missing,missing,missing,missing,missing,missing,EJ
1715,0.005283863,0.00856838,0.0043697423,0.0039264688,0.0026113473999999,0.0020243627,0.0018397852,0.00135094861,0.00103593348,45Q-2040-l,500Mt-CostDecrease,MI,missing,gas_subpeak_steam/CT,missing,missing,missing,missing,missing,missing,missing,missing,EJ
1716,0.0054462,0.0052676,0.0063038,0.0062941,0.0062873,0.0062882,0.0062741,0.0062215,0.0062284,45Q-2040-l,500Mt-CostDecrease,MI,missing,hydro_base,missing,missing,missing,missing,missing,missing,missing,missing,EJ
1717,0.0824680999999999,0.1226866,0.1083957,0.1052264,0.0965148,0.0768696,0.0472077,0.0215443,0.0,45Q-2040-l,500Mt-CostDecrease,MI,missing,nuc_base_Gen II,missing,missing,missing,missing,missing,missing,missing,missing,EJ
1718,0.0,0.0,0.0,0.0,0.0151357,0.0417061,0.0519646,0.0661969,0.07231221,45Q-2040-l,500Mt-CostDecrease,MI,missing,nuc_base_Gen III,missing,missing,missing,missing,missing,missing,missing,missing,EJ
1719,0.0,0.0,0.00100504,0.000856964,0.000378365,0.00041378,0.000384489,0.000261831,0.000159303,45Q-2040-l,500Mt-CostDecrease,MI,missing,refined liquids_peak_steam/CT,missing,missing,missing,missing,missing,missing,missing,missing,EJ
1720,0.0032204,0.00373929,0.00142154,0.00113502,0.000534066,0.000572777,0.000515906,0.000356905,0.000222622,45Q-2040-l,500Mt-CostDecrease,MI,missing,refined liquids_subpeak_steam/CT,missing,missing,missing,missing,missing,missing,missing,missing,EJ
1721,0.0,0.0,5.64368e-05,0.000641566,0.00229006,0.00465425,0.00629118,0.00375777,0.00222881,45Q-2040-l,500Mt-CostDecrease,MI,missing,rooftop_pv,missing,missing,missing,missing,missing,missing,missing,missing,EJ
1722,0.0,3.89999e-06,0.0325323999999999,0.0417191899999999,0.09347899,0.15496489,0.1774164899999999,0.19892399,0.19430919,45Q-2040-l,500Mt-CostDecrease,MI,missing,wind_base,missing,missing,missing,missing,missing,missing,missing,missing,EJ
1723,0.0,0.0,0.0,0.000630881,0.009815401,0.025164901,0.0319168509999999,0.042730551,0.0482381,45Q-2040-l,500Mt-CostDecrease,MI,missing,wind_base_offshore,missing,missing,missing,missing,missing,missing,missing,missing,EJ
1724,0.0,0.0,0.000573735,0.000778275,0.002001835,0.003957245,0.004685289,0.0056746999999999,0.005530374,45Q-2040-l,500Mt-CostDecrease,MI,missing,wind_base_storage,missing,missing,missing,missing,missing,missing,missing,missing,EJ
1725,0.0,1.6e-06,0.00437245,0.00437245,0.00437245,0.00437245,0.00437245,0.0,0.0,45Q-2040-l,500Mt-CostDecrease,MI,missing,wind_int,missing,missing,missing,missing,missing,missing,missing,missing,EJ
1726,0.0,9.99998e-07,0.00262341,0.00262341,0.00262341,0.00262341,0.00262341,0.0,0.0,45Q-2040-l,500Mt-CostDecrease,MI,missing,wind_subpeak,missing,missing,missing,missing,missing,missing,missing,missing,EJ
1727,0.0,0.0,8.96207e-06,1.854806e-05,7.886386e-05,0.00020287986000000005,0.00023902126000000003,0.00029996696000000005,0.00031391279000000005,45Q-2040-l,500Mt-CostDecrease,MN,missing,PV_base_storage,missing,missing,missing,missing,missing,missing,missing,missing,EJ
1728,0.0,0.0,0.00174023,0.00385998,0.01122296,0.01993073,0.02320313,0.03205032,0.03698687,45Q-2040-l,500Mt-CostDecrease,MN,missing,PV_int,missing,missing,missing,missing,missing,missing,missing,missing,EJ
1729,0.0,0.0,0.000378147,0.000646223,0.001227624,0.001429522,0.001725306,0.002068244,0.002469564,45Q-2040-l,500Mt-CostDecrease,MN,missing,PV_peak,missing,missing,missing,missing,missing,missing,missing,missing,EJ
1730,0.0,0.0,4.55831e-05,0.0001744761,0.0015382661,0.0017801130999999,0.0026890581,0.0109448585,0.013083545,45Q-2040-l,500Mt-CostDecrease,MN,missing,PV_subpeak,missing,missing,missing,missing,missing,missing,missing,missing,EJ
1731,0.0,0.0,5.30508e-05,6.0026547e-05,0.000391433195,0.00085593639,0.00029905018,0.000431266199,0.0001559659526,45Q-2040-l,500Mt-CostDecrease,MN,missing,biogas_base_CC,missing,missing,missing,missing,missing,missing,missing,missing,EJ
1732,0.0,0.0,0.0,3.17735e-05,0.000274641009,0.0008400146299999999,0.00034097926,0.0006184424600000001,0.0002515811216,45Q-2040-l,500Mt-CostDecrease,MN,missing,biogas_base_CC_CCS,missing,missing,missing,missing,missing,missing,missing,missing,EJ
1733,0.0,0.0,0.000104183,8.028314e-05,0.00023215686,0.000637507,0.000456015,0.0015482011,0.0016992214,45Q-2040-l,500Mt-CostDecrease,MN,missing,biogas_int_CC,missing,missing,missing,missing,missing,missing,missing,missing,EJ
1734,0.0,0.0,0.0,2.85896e-05,0.00010649535,0.00037837181,0.00033148755,0.0013000684999999,0.0018413836,45Q-2040-l,500Mt-CostDecrease,MN,missing,biogas_int_CC_CCS,missing,missing,missing,missing,missing,missing,missing,missing,EJ
1735,0.0,0.0,5.66282e-07,3.669114e-07,6.8092554e-07,6.598346000000001e-07,1.1367784e-06,2.4972628e-06,4.9454677e-06,45Q-2040-l,500Mt-CostDecrease,MN,missing,biogas_peak_CC,missing,missing,missing,missing,missing,missing,missing,missing,EJ
1736,0.0,0.0,0.0,5.13058e-08,1.035273e-07,1.0892864e-07,2.018473e-07,5.369631e-07,1.1547648e-06,45Q-2040-l,500Mt-CostDecrease,MN,missing,biogas_peak_CC_CCS,missing,missing,missing,missing,missing,missing,missing,missing,EJ
1737,0.0,0.0,5.297293000000001e-07,3.12275627e-07,5.75866212e-07,4.4717358800000005e-07,7.639805820000002e-07,1.46206646e-06,3.19302152e-06,45Q-2040-l,500Mt-CostDecrease,MN,missing,biogas_peak_steam/CT,missing,missing,missing,missing,missing,missing,missing,missing,EJ
1738,0.0,0.0,1.9771e-07,7.148454000000001e-07,6.75472199e-06,3.5050326e-06,1.30734568e-05,0.0001723721256,0.0001116705133,45Q-2040-l,500Mt-CostDecrease,MN,missing,biogas_subpeak_CC,missing,missing,missing,missing,missing,missing,missing,missing,EJ
1739,0.0,0.0,0.0,1.45299e-07,1.5357284499999998e-06,9.888532e-07,3.6256733e-06,5.21642746e-05,5.51856926e-05,45Q-2040-l,500Mt-CostDecrease,MN,missing,biogas_subpeak_CC_CCS,missing,missing,missing,missing,missing,missing,missing,missing,EJ
1740,0.0,0.0,1.345918e-07,4.6625642800000006e-07,4.370009007999999e-06,1.747496445e-06,7.502791100000001e-06,0.000105429889487,3.4181637963e-05,45Q-2040-l,500Mt-CostDecrease,MN,missing,biogas_subpeak_steam/CT,missing,missing,missing,missing,missing,missing,missing,missing,EJ
1741,0.0,0.0,8.301080000000001e-05,8.915919999999999e-05,0.0002881949,0.000808257,0.0008852091,0.0007750879400000001,0.000259056167,45Q-2040-l,500Mt-CostDecrease,MN,missing,biomass_base_IGCC,missing,missing,missing,missing,missing,missing,missing,missing,EJ
1742,0.0,0.0,0.0,2.27084e-05,0.0002194141,0.0017246705,0.0022543074,0.0070140445,0.0103271445,45Q-2040-l,500Mt-CostDecrease,MN,missing,biomass_base_IGCC_CCS,missing,missing,missing,missing,missing,missing,missing,missing,EJ
1743,0.000965628,0.001280812,0.0003793043,0.0004033842,0.0008700335,0.0018762135999999,0.0016280650999999,0.00090097771,0.000292038579,45Q-2040-l,500Mt-CostDecrease,MN,missing,biomass_base_conv,missing,missing,missing,missing,missing,missing,missing,missing,EJ
1744,0.0,0.0,0.0,2.57889e-05,0.0003151308,0.0043223414,0.0057351203,0.0443718408,0.0890653008,45Q-2040-l,500Mt-CostDecrease,MN,missing,biomass_base_conv_CCS,missing,missing,missing,missing,missing,missing,missing,missing,EJ
1745,0.0,0.0,1.386812e-05,1.838402e-05,2.909673e-05,6.188499e-05,7.670808e-05,0.00015129567,0.00021129748,45Q-2040-l,500Mt-CostDecrease,MN,missing,biomass_int_IGCC,missing,missing,missing,missing,missing,missing,missing,missing,EJ
1746,0.0,0.0,0.0,2.28527e-06,8.9742e-06,3.647556e-05,5.063456e-05,0.00014928050000000002,0.00024623086,45Q-2040-l,500Mt-CostDecrease,MN,missing,biomass_int_IGCC_CCS,missing,missing,missing,missing,missing,missing,missing,missing,EJ
1747,0.000965625,0.001280812,0.0013800852,0.0015542487,0.0012503984,0.0016360774,0.001435803,0.0014320935,0.0011855171,45Q-2040-l,500Mt-CostDecrease,MN,missing,biomass_int_conv,missing,missing,missing,missing,missing,missing,missing,missing,EJ
1748,0.0,0.0,0.0,3.46017e-06,1.490284e-05,7.163075e-05,0.00010035715,0.00033701279,0.0005757427099999999,45Q-2040-l,500Mt-CostDecrease,MN,missing,biomass_int_conv_CCS,missing,missing,missing,missing,missing,missing,missing,missing,EJ
1749,0.0,0.0,0.0,0.000294143,0.001431097,0.00361754,0.0043021,0.005144743,0.0039047125,45Q-2040-l,500Mt-CostDecrease,MN,missing,coal_base_IGCC_CCS,missing,missing,missing,missing,missing,missing,missing,missing,EJ
1750,0.0557834,0.0708680999999999,0.0,0.0,0.0,0.0,0.0,0.0,0.0,45Q-2040-l,500Mt-CostDecrease,MN,missing,coal_base_conv pul,missing,missing,missing,missing,missing,missing,missing,missing,EJ
1751,0.0,0.0,0.0005084110000000001,0.000475359,0.0002519505,0.0,0.0,0.0,0.0,45Q-2040-l,500Mt-CostDecrease,MN,missing,coal_base_conv pul 1951-1955,missing,missing,missing,missing,missing,missing,missing,missing,EJ
1752,0.0,0.0,0.00646971,0.0061506,0.00344798,0.000374941,0.0,0.0,0.0,45Q-2040-l,500Mt-CostDecrease,MN,missing,coal_base_conv pul 1956-1960,missing,missing,missing,missing,missing,missing,missing,missing,EJ
1753,0.0,0.0,0.000961973,0.000855602,0.000391468,0.0,0.0,0.0,0.0,45Q-2040-l,500Mt-CostDecrease,MN,missing,coal_base_conv pul 1961-1965,missing,missing,missing,missing,missing,missing,missing,missing,EJ
1754,0.0,0.0,0.00515786,0.00515164,0.00350887,0.0006784530000000001,0.000480349,8.498370000000001e-06,3.47047e-07,45Q-2040-l,500Mt-CostDecrease,MN,missing,coal_base_conv pul 1971-1975,missing,missing,missing,missing,missing,missing,missing,missing,EJ
1755,0.0,0.0,0.02467623,0.02194768,0.01004186,0.0,0.0,0.0,0.0,45Q-2040-l,500Mt-CostDecrease,MN,missing,coal_base_conv pul 1976-1980,missing,missing,missing,missing,missing,missing,missing,missing,EJ
1756,0.0,0.0,9.12795e-05,9.12384e-05,6.23538e-05,1.223795e-05,9.23909e-06,2.083738e-07,1.6237730000000003e-08,45Q-2040-l,500Mt-CostDecrease,MN,missing,coal_base_conv pul 1981-1985,missing,missing,missing,missing,missing,missing,missing,missing,EJ
1757,0.0,0.0,0.01158623,0.01059977,0.0052505999999999,0.0,0.0,0.0,0.0,45Q-2040-l,500Mt-CostDecrease,MN,missing,coal_base_conv pul 1986-1990,missing,missing,missing,missing,missing,missing,missing,missing,EJ
1758,0.0,0.0,3.1895e-05,3.18815e-05,2.179093e-05,4.2791400000000005e-06,3.23838e-06,7.382710000000002e-08,6.02784e-09,45Q-2040-l,500Mt-CostDecrease,MN,missing,coal_base_conv pul 1996-2000,missing,missing,missing,missing,missing,missing,missing,missing,EJ
1759,0.0,0.0,0.0,0.000364204,0.001656295,0.003981314,0.004680959,0.005371784,0.0036465912999999,45Q-2040-l,500Mt-CostDecrease,MN,missing,coal_base_conv pul_CCS,missing,missing,missing,missing,missing,missing,missing,missing,EJ
1760,0.002522196,0.0032042399999999,0.0,0.0,0.0,0.0,0.0,0.0,0.0,45Q-2040-l,500Mt-CostDecrease,MN,missing,coal_base_conv pul_retire_2020,missing,missing,missing,missing,missing,missing,missing,missing,EJ
1761,0.0,0.0,0.0,3.43261e-05,0.0001015365,0.00027133530000000004,0.0003492964,0.0006915032999999999,0.0009658901,45Q-2040-l,500Mt-CostDecrease,MN,missing,coal_int_IGCC_CCS,missing,missing,missing,missing,missing,missing,missing,missing,EJ
1762,0.0459361999999999,0.0542375,0.0,0.0,0.0,0.0,0.0,0.0,0.0,45Q-2040-l,500Mt-CostDecrease,MN,missing,coal_int_conv pul,missing,missing,missing,missing,missing,missing,missing,missing,EJ
1763,0.0,0.0,0.000391429,0.000366126,0.0002584914,0.0,0.0,0.0,0.0,45Q-2040-l,500Mt-CostDecrease,MN,missing,coal_int_conv pul 1951-1955,missing,missing,missing,missing,missing,missing,missing,missing,EJ
1764,0.0,0.0,0.00498107,0.00473724,0.00353749,0.001035389,0.0,0.0,0.0,45Q-2040-l,500Mt-CostDecrease,MN,missing,coal_int_conv pul 1956-1960,missing,missing,missing,missing,missing,missing,missing,missing,EJ
1765,0.0,0.0,0.000740629,0.0006589930000000001,0.000401631,0.0,0.0,0.0,0.0,45Q-2040-l,500Mt-CostDecrease,MN,missing,coal_int_conv pul 1961-1965,missing,missing,missing,missing,missing,missing,missing,missing,EJ
1766,0.0,0.0,0.00397107,0.00396784,0.00359997,0.00187353,0.001742955,0.000762888,0.0002581072,45Q-2040-l,500Mt-CostDecrease,MN,missing,coal_int_conv pul 1971-1975,missing,missing,missing,missing,missing,missing,missing,missing,EJ
1767,0.0,0.0,0.01899845,0.01690432,0.01030255,0.0,0.0,0.0,0.0,45Q-2040-l,500Mt-CostDecrease,MN,missing,coal_int_conv pul 1976-1980,missing,missing,missing,missing,missing,missing,missing,missing,EJ
1768,0.0,0.0,7.02767e-05,7.02726e-05,6.39725e-05,3.37948e-05,3.35242e-05,1.87054e-05,1.207638e-05,45Q-2040-l,500Mt-CostDecrease,MN,missing,coal_int_conv pul 1981-1985,missing,missing,missing,missing,missing,missing,missing,missing,EJ
1769,0.0,0.0,0.00892031,0.00816404,0.00538691,0.0,0.0,0.0,0.0,45Q-2040-l,500Mt-CostDecrease,MN,missing,coal_int_conv pul 1986-1990,missing,missing,missing,missing,missing,missing,missing,missing,EJ
1770,0.0,0.0,2.455613e-05,2.4555370000000003e-05,2.235662e-05,1.181673e-05,1.175052e-05,6.627360000000001e-06,4.483049999999999e-06,45Q-2040-l,500Mt-CostDecrease,MN,missing,coal_int_conv pul 1996-2000,missing,missing,missing,missing,missing,missing,missing,missing,EJ
1771,0.0,0.0,0.0,4.41852e-05,0.00012386960000000002,0.00031226,0.0003947839,0.0007409944000000001,0.0010101871,45Q-2040-l,500Mt-CostDecrease,MN,missing,coal_int_conv pul_CCS,missing,missing,missing,missing,missing,missing,missing,missing,EJ
1772,0.002076969,0.002452302,0.0,0.0,0.0,0.0,0.0,0.0,0.0,45Q-2040-l,500Mt-CostDecrease,MN,missing,coal_int_conv pul_retire_2020,missing,missing,missing,missing,missing,missing,missing,missing,EJ
1773,0.000551982,0.0,0.0,0.0,0.0,0.0,0.0,0.0,0.0,45Q-2040-l,500Mt-CostDecrease,MN,missing,coal_peak_conv pul,missing,missing,missing,missing,missing,missing,missing,missing,EJ
1774,2.495745e-05,0.0,0.0,0.0,0.0,0.0,0.0,0.0,0.0,45Q-2040-l,500Mt-CostDecrease,MN,missing,coal_peak_conv pul_retire_2020,missing,missing,missing,missing,missing,missing,missing,missing,EJ
1775,0.0036112,0.0,0.0,0.0,0.0,0.0,0.0,0.0,0.0,45Q-2040-l,500Mt-CostDecrease,MN,missing,coal_subpeak_conv pul,missing,missing,missing,missing,missing,missing,missing,missing,EJ
1776,0.0001632776,0.0,0.0,0.0,0.0,0.0,0.0,0.0,0.0,45Q-2040-l,500Mt-CostDecrease,MN,missing,coal_subpeak_conv pul_retire_2020,missing,missing,missing,missing,missing,missing,missing,missing,EJ
1777,0.0002497071,0.00168192,0.00575588,0.00788261,0.014146284,0.018710032,0.018315226,0.0051445354,0.00109881631,45Q-2040-l,500Mt-CostDecrease,MN,missing,gas_base_CC,missing,missing,missing,missing,missing,missing,missing,missing,EJ
1778,0.0,0.0,0.0,0.000744745,0.005157137,0.013583468,0.015995594,0.017430179,0.008686342,45Q-2040-l,500Mt-CostDecrease,MN,missing,gas_base_CC_CCS,missing,missing,missing,missing,missing,missing,missing,missing,EJ
1779,6.840169999999999e-05,0.000460704,0.01722706,0.01758595,0.01785069,0.01910779,0.01879476,0.02149764,0.0225624899999999,45Q-2040-l,500Mt-CostDecrease,MN,missing,gas_int_CC,missing,missing,missing,missing,missing,missing,missing,missing,EJ
1780,0.0,0.0,0.0,0.000280891,0.001047685,0.002812295,0.003600476,0.006924466,0.009489266,45Q-2040-l,500Mt-CostDecrease,MN,missing,gas_int_CC_CCS,missing,missing,missing,missing,missing,missing,missing,missing,EJ
1781,0.00012320849999999998,0.001068731,0.0011928019,0.00108891158,0.00090744544,0.0007327299500000001,0.0005851236399999999,0.0004405868699999999,0.00031795789,45Q-2040-l,500Mt-CostDecrease,MN,missing,gas_peak_CC,missing,missing,missing,missing,missing,missing,missing,missing,EJ
1782,0.0,0.0,0.0,2.69609e-07,6.01841e-07,8.54651e-07,1.293875e-06,2.121792e-06,4.064598e-06,45Q-2040-l,500Mt-CostDecrease,MN,missing,gas_peak_CC_CCS,missing,missing,missing,missing,missing,missing,missing,missing,EJ
1783,9.13063e-05,0.000375911,0.00060574,0.00052861,0.000274759,0.000185446,0.000154679,0.000112205,6.16281e-05,45Q-2040-l,500Mt-CostDecrease,MN,missing,gas_peak_steam/CT,missing,missing,missing,missing,missing,missing,missing,missing,EJ
1784,0.000647115,0.00561376,0.001605343,0.001607028,0.001436132,0.0012216427,0.0011087377,0.0017740189,0.0017547054999999,45Q-2040-l,500Mt-CostDecrease,MN,missing,gas_subpeak_CC,missing,missing,missing,missing,missing,missing,missing,missing,EJ
1785,0.0,0.0,0.0,1.28841e-05,1.968559e-05,2.237101e-05,3.3990000000000005e-05,0.00020102931,0.00024580417,45Q-2040-l,500Mt-CostDecrease,MN,missing,gas_subpeak_CC_CCS,missing,missing,missing,missing,missing,missing,missing,missing,EJ
1786,0.000479411,0.00197462,0.000749122,0.000668948,0.000364034,0.000238564,0.000198322,0.000151156,8.46244e-05,45Q-2040-l,500Mt-CostDecrease,MN,missing,gas_subpeak_steam/CT,missing,missing,missing,missing,missing,missing,missing,missing,EJ
1787,0.0023259,0.002372,0.0031485,0.0031436,0.0031402,0.0031407,0.0031336,0.0031074,0.0031108,45Q-2040-l,500Mt-CostDecrease,MN,missing,hydro_base,missing,missing,missing,missing,missing,missing,missing,missing,EJ
1788,0.0463248,0.0479054,0.0451371,0.0451371,0.0421876,0.0,0.0,0.0,0.0,45Q-2040-l,500Mt-CostDecrease,MN,missing,nuc_base_Gen II,missing,missing,missing,missing,missing,missing,missing,missing,EJ
1789,0.0,0.0,0.0,0.0,0.00498859,0.0152874799999999,0.01831984,0.0234942,0.0254611899999999,45Q-2040-l,500Mt-CostDecrease,MN,missing,nuc_base_Gen III,missing,missing,missing,missing,missing,missing,missing,missing,EJ
1790,0.0,0.0,4.206584e-05,3.23539e-05,1.07449e-05,1.217593e-05,1.084205e-05,9.90477e-06,6.045263999999999e-06,45Q-2040-l,500Mt-CostDecrease,MN,missing,refined liquids_peak_steam/CT,missing,missing,missing,missing,missing,missing,missing,missing,EJ
1791,0.00171994,0.003047234,4.607531e-05,3.890909e-05,1.235003e-05,1.295237e-05,1.147779e-05,1.093272e-05,6.744108000000001e-06,45Q-2040-l,500Mt-CostDecrease,MN,missing,refined liquids_subpeak_steam/CT,missing,missing,missing,missing,missing,missing,missing,missing,EJ
1792,0.0,0.0,4.8833e-05,0.000523679,0.0018906,0.00315031,0.00396262,0.00265123,0.00190069,45Q-2040-l,500Mt-CostDecrease,MN,missing,rooftop_pv,missing,missing,missing,missing,missing,missing,missing,missing,EJ
1793,7.0002e-07,0.00343164,0.02484201,0.03047869,0.05181909,0.07657589,0.0841410099999999,0.08480821,0.09052198,45Q-2040-l,500Mt-CostDecrease,MN,missing,wind_base,missing,missing,missing,missing,missing,missing,missing,missing,EJ
1794,0.0,0.0,0.0,0.000216564,0.002473754,0.0064571839999999,0.007853714,0.011560064,0.01301228,45Q-2040-l,500Mt-CostDecrease,MN,missing,wind_base_offshore,missing,missing,missing,missing,missing,missing,missing,missing,EJ
1795,0.0,0.0,8.35085e-05,0.0002008415,0.0007459435,0.0017550635,0.0020456005,0.0025652015,0.002676705,45Q-2040-l,500Mt-CostDecrease,MN,missing,wind_base_storage,missing,missing,missing,missing,missing,missing,missing,missing,EJ
1796,3.00008e-07,0.00142991,0.00888713,0.00888713,0.00888713,0.00888713,0.00888713,0.0,0.0,45Q-2040-l,500Mt-CostDecrease,MN,missing,wind_int,missing,missing,missing,missing,missing,missing,missing,missing,EJ
1797,2.00005e-07,0.00085791,0.00533223,0.00533223,0.00533223,0.00533223,0.00533223,0.0,0.0,45Q-2040-l,500Mt-CostDecrease,MN,missing,wind_subpeak,missing,missing,missing,missing,missing,missing,missing,missing,EJ
1798,0.0,0.0,2.35104e-05,2.3808637e-05,4.8726337e-05,0.000112330937,0.000151699537,0.000205937737,0.00020965953700000003,45Q-2040-l,500Mt-CostDecrease,MS,missing,PV_base_storage,missing,missing,missing,missing,missing,missing,missing,missing,EJ
1799,0.0,0.0,0.00431804,0.00703557,0.01733997,0.02827207,0.0345019899999999,0.04939159,0.06100125,45Q-2040-l,500Mt-CostDecrease,MS,missing,PV_int,missing,missing,missing,missing,missing,missing,missing,missing,EJ
1800,0.0,0.0,0.000342843,0.000508268,0.000970847,0.00130397,0.001489149,0.002007759,0.0024285749999999,45Q-2040-l,500Mt-CostDecrease,MS,missing,PV_peak,missing,missing,missing,missing,missing,missing,missing,missing,EJ
1801,0.0,0.0,0.00184296,0.002832815,0.0056564549999999,0.0077684349999999,0.0090270549999999,0.0131642649999999,0.016033055,45Q-2040-l,500Mt-CostDecrease,MS,missing,PV_subpeak,missing,missing,missing,missing,missing,missing,missing,missing,EJ
1802,0.0,0.0,0.000117689,2.97808e-06,0.0001404328689,0.0003784281718000001,0.0002693532671,0.0003290040731,0.000157318003223,45Q-2040-l,500Mt-CostDecrease,MS,missing,biogas_base_CC,missing,missing,missing,missing,missing,missing,missing,missing,EJ
1803,0.0,0.0,0.0,8.42148e-07,9.67155885e-05,0.0003696231582,0.0002989063622,0.0004812853677,0.00025504304074,45Q-2040-l,500Mt-CostDecrease,MS,missing,biogas_base_CC_CCS,missing,missing,missing,missing,missing,missing,missing,missing,EJ
1804,0.0,0.0,0.000200328,8.454200999999999e-05,0.00031446549,0.0006893295,0.0007387278,0.0017440595999999,0.0022117197,45Q-2040-l,500Mt-CostDecrease,MS,missing,biogas_int_CC,missing,missing,missing,missing,missing,missing,missing,missing,EJ
1805,0.0,0.0,0.0,2.90164e-05,0.00014306553999999998,0.0004049748300000001,0.00050623572,0.0015197215,0.0024513326,45Q-2040-l,500Mt-CostDecrease,MS,missing,biogas_int_CC_CCS,missing,missing,missing,missing,missing,missing,missing,missing,EJ
1806,0.0,0.0,3.94369e-07,1.7646552e-07,5.1136059e-07,7.590896e-07,7.239956e-07,2.0018786e-06,3.0590879e-06,45Q-2040-l,500Mt-CostDecrease,MS,missing,biogas_peak_CC,missing,missing,missing,missing,missing,missing,missing,missing,EJ
1807,0.0,0.0,0.0,2.48132e-08,7.803273e-08,1.2528794e-07,1.3592191e-07,4.3257293e-07,7.7661127e-07,45Q-2040-l,500Mt-CostDecrease,MS,missing,biogas_peak_CC_CCS,missing,missing,missing,missing,missing,missing,missing,missing,EJ
1808,0.0,0.0,3.696887e-07,1.51410905e-07,4.36960993e-07,5.964796719999999e-07,4.55312457e-07,1.4352400359999996e-06,2.1274397209999997e-06,45Q-2040-l,500Mt-CostDecrease,MS,missing,biogas_peak_steam/CT,missing,missing,missing,missing,missing,missing,missing,missing,EJ
1809,0.0,0.0,9.84769e-06,4.772889e-06,1.3754207e-05,2.1640271e-05,2.3274638e-05,7.0189329e-05,9.0366269e-05,45Q-2040-l,500Mt-CostDecrease,MS,missing,biogas_subpeak_CC,missing,missing,missing,missing,missing,missing,missing,missing,EJ
1810,0.0,0.0,0.0,9.07062e-07,3.0523813e-06,5.483737e-06,6.725425e-06,2.3667054e-05,3.860186e-05,45Q-2040-l,500Mt-CostDecrease,MS,missing,biogas_subpeak_CC_CCS,missing,missing,missing,missing,missing,missing,missing,missing,EJ
1811,0.0,0.0,6.71901e-06,2.9447744800000003e-06,8.69954547e-06,1.240238656e-05,1.033014619e-05,3.73240305e-05,4.317230089999999e-05,45Q-2040-l,500Mt-CostDecrease,MS,missing,biogas_subpeak_steam/CT,missing,missing,missing,missing,missing,missing,missing,missing,EJ
1812,0.0,0.0,1.658069e-05,1.2580128200000002e-05,3.18535888e-05,0.0001061909027,0.0001599473695,0.0002504596375,0.00012665953828999997,45Q-2040-l,500Mt-CostDecrease,MS,missing,biomass_base_IGCC,missing,missing,missing,missing,missing,missing,missing,missing,EJ
1813,0.0,0.0,0.0,1.0451e-07,1.7607801700000002e-05,0.0002347624397,0.00043204812970000007,0.0021672553165,0.0040206108015999,45Q-2040-l,500Mt-CostDecrease,MS,missing,biomass_base_IGCC_CCS,missing,missing,missing,missing,missing,missing,missing,missing,EJ
1814,0.0,0.0,3.2848295e-05,1.9922357e-05,5.042998e-05,0.0001470618754,0.0001981250051,0.0002552994017,0.00013100377165,45Q-2040-l,500Mt-CostDecrease,MS,missing,biomass_base_conv,missing,missing,missing,missing,missing,missing,missing,missing,EJ
1815,0.0,0.0,0.0,1.088494e-07,2.40488563e-05,0.0005816449972999999,0.0010891609769,0.0161451025922,0.0447328373768,45Q-2040-l,500Mt-CostDecrease,MS,missing,biomass_base_conv_CCS,missing,missing,missing,missing,missing,missing,missing,missing,EJ
1816,0.0,0.0,4.92256e-06,6.278639e-06,1.2722917e-05,3.0189824e-05,4.6443109e-05,0.000102797684,0.00017461358000000002,45Q-2040-l,500Mt-CostDecrease,MS,missing,biomass_int_IGCC,missing,missing,missing,missing,missing,missing,missing,missing,EJ
1817,0.0,0.0,0.0,7.377e-07,4.569995999999999e-06,1.9424439e-05,3.4462719e-05,0.000109782622,0.00022504176000000004,45Q-2040-l,500Mt-CostDecrease,MS,missing,biomass_int_IGCC_CCS,missing,missing,missing,missing,missing,missing,missing,missing,EJ
1818,0.0,0.0,1.916583e-05,2.167596e-05,3.3424800000000006e-05,7.026111e-05,9.946117e-05,0.00019711264000000004,0.0003094167,45Q-2040-l,500Mt-CostDecrease,MS,missing,biomass_int_conv,missing,missing,missing,missing,missing,missing,missing,missing,EJ
1819,0.0,0.0,0.0,1.034728e-06,7.140351e-06,3.5919089e-05,6.452207000000001e-05,0.000235263344,0.0005035463169999999,45Q-2040-l,500Mt-CostDecrease,MS,missing,biomass_int_conv_CCS,missing,missing,missing,missing,missing,missing,missing,missing,EJ
1820,0.0,0.0,0.0,4.78355e-06,0.00033762016,0.00114031121,0.0016773893,0.00227950986,0.001555808337,45Q-2040-l,500Mt-CostDecrease,MS,missing,coal_base_IGCC_CCS,missing,missing,missing,missing,missing,missing,missing,missing,EJ
1821,0.01338276,0.02844299,0.0,0.0,0.0,0.0,0.0,0.0,0.0,45Q-2040-l,500Mt-CostDecrease,MS,missing,coal_base_conv pul,missing,missing,missing,missing,missing,missing,missing,missing,EJ
1822,0.0,0.0,0.00396785,0.003966482,0.002902312,0.0005230594,0.0004143632,1.2363e-05,4.215351e-07,45Q-2040-l,500Mt-CostDecrease,MS,missing,coal_base_conv pul 1976-1980,missing,missing,missing,missing,missing,missing,missing,missing,EJ
1823,0.0,0.0,0.004348932,0.0043480379999999,0.003183485,0.000575341,0.0004614247,1.448777e-05,5.850176e-07,45Q-2040-l,500Mt-CostDecrease,MS,missing,coal_base_conv pul 1981-1985,missing,missing,missing,missing,missing,missing,missing,missing,EJ
1824,0.0,0.0,0.010040386,0.010039282,0.007353576,0.00133153,0.0010770424,3.5104389999999995e-05,1.6502899999999998e-06,45Q-2040-l,500Mt-CostDecrease,MS,missing,coal_base_conv pul 2001-2005,missing,missing,missing,missing,missing,missing,missing,missing,EJ
1825,0.0,0.0,0.0,5.697279999999999e-06,0.00037301864,0.00120637999,0.0017439727799999,0.00226807888,0.0013332162339999,45Q-2040-l,500Mt-CostDecrease,MS,missing,coal_base_conv pul_CCS,missing,missing,missing,missing,missing,missing,missing,missing,EJ
1826,0.002838772,0.006033373,0.0,0.0,0.0,0.0,0.0,0.0,0.0,45Q-2040-l,500Mt-CostDecrease,MS,missing,coal_base_conv pul_retire_2020,missing,missing,missing,missing,missing,missing,missing,missing,EJ
1827,0.0,0.0,0.0,2.380425e-05,0.00010794669,0.00027411062,0.0004055117500000001,0.00077953924,0.00121059693,45Q-2040-l,500Mt-CostDecrease,MS,missing,coal_int_IGCC_CCS,missing,missing,missing,missing,missing,missing,missing,missing,EJ
1828,0.01546122,0.02454992,0.0,0.0,0.0,0.0,0.0,0.0,0.0,45Q-2040-l,500Mt-CostDecrease,MS,missing,coal_int_conv pul,missing,missing,missing,missing,missing,missing,missing,missing,EJ
1829,0.0,0.0,0.0005864660999999999,0.0005861831,0.0004835625000000001,0.0002076378,0.0002363367,7.924351e-05,3.842217e-05,45Q-2040-l,500Mt-CostDecrease,MS,missing,coal_int_conv pul 1976-1980,missing,missing,missing,missing,missing,missing,missing,missing,EJ
1830,0.0,0.0,0.0006427903,0.0006425700000000001,0.0005304111,0.000228391,0.000263177,9.286278e-05,5.332338e-05,45Q-2040-l,500Mt-CostDecrease,MS,missing,coal_int_conv pul 1981-1985,missing,missing,missing,missing,missing,missing,missing,missing,EJ
1831,0.0,0.0,0.0014840119999999,0.001483645,0.001225201,0.0005285745,0.0006143006,0.0002250097,0.0001504212,45Q-2040-l,500Mt-CostDecrease,MS,missing,coal_int_conv pul 2001-2005,missing,missing,missing,missing,missing,missing,missing,missing,EJ
1832,0.0,0.0,0.0,3.015394e-05,0.00012860291,0.00031092144,0.00044869607,0.0008238257899999999,0.00124338888,45Q-2040-l,500Mt-CostDecrease,MS,missing,coal_int_conv pul_CCS,missing,missing,missing,missing,missing,missing,missing,missing,EJ
1833,0.00327966,0.005207553,0.0,0.0,0.0,0.0,0.0,0.0,0.0,45Q-2040-l,500Mt-CostDecrease,MS,missing,coal_int_conv pul_retire_2020,missing,missing,missing,missing,missing,missing,missing,missing,EJ
1834,0.0001217779,0.0,0.0,0.0,0.0,0.0,0.0,0.0,0.0,45Q-2040-l,500Mt-CostDecrease,MS,missing,coal_peak_conv pul,missing,missing,missing,missing,missing,missing,missing,missing,EJ
1835,2.583161e-05,0.0,0.0,0.0,0.0,0.0,0.0,0.0,0.0,45Q-2040-l,500Mt-CostDecrease,MS,missing,coal_peak_conv pul_retire_2020,missing,missing,missing,missing,missing,missing,missing,missing,EJ
1836,0.0009050776,0.0,0.0,0.0,0.0,0.0,0.0,0.0,0.0,45Q-2040-l,500Mt-CostDecrease,MS,missing,coal_subpeak_conv pul,missing,missing,missing,missing,missing,missing,missing,missing,EJ
1837,0.000191986,0.0,0.0,0.0,0.0,0.0,0.0,0.0,0.0,45Q-2040-l,500Mt-CostDecrease,MS,missing,coal_subpeak_conv pul_retire_2020,missing,missing,missing,missing,missing,missing,missing,missing,EJ
1838,0.0,0.0,0.0120688277,0.0116814304709999,0.013191640273,0.0136835936519999,0.0143020954479999,0.005239220638,0.00104010533861,45Q-2040-l,500Mt-CostDecrease,MS,missing,gas_base_CC,missing,missing,missing,missing,missing,missing,missing,missing,EJ
1839,0.0,0.0,0.0,2.02107304e-05,0.0016335064858,0.0054416579828,0.0079225409144999,0.0107467884833999,0.00662716525399,45Q-2040-l,500Mt-CostDecrease,MS,missing,gas_base_CC_CCS,missing,missing,missing,missing,missing,missing,missing,missing,EJ
1840,0.013638832,0.0391368944,0.126335144,0.1188990793999999,0.10449166092,0.08877911794,0.0790705917099999,0.06567874887,0.0575563834499999,45Q-2040-l,500Mt-CostDecrease,MS,missing,gas_int_CC,missing,missing,missing,missing,missing,missing,missing,missing,EJ
1841,0.0,0.0,0.0,0.000421028656,0.001466319476,0.003337192795,0.004780541234,0.008694320444,0.013037881257,45Q-2040-l,500Mt-CostDecrease,MS,missing,gas_int_CC_CCS,missing,missing,missing,missing,missing,missing,missing,missing,EJ
1842,0.0005334343,0.0019713957099999,0.00128528348344,0.00116851319285,0.00096943163238,0.0007532853914599999,0.0006159904888499999,0.00041387417463,0.00027567225613,45Q-2040-l,500Mt-CostDecrease,MS,missing,gas_peak_CC,missing,missing,missing,missing,missing,missing,missing,missing,EJ
1843,0.0,0.0,0.0,7.6926934e-08,2.27228015e-07,4.3194090500000004e-07,5.865867079999999e-07,1.1048666459999995e-06,1.908458622e-06,45Q-2040-l,500Mt-CostDecrease,MS,missing,gas_peak_CC_CCS,missing,missing,missing,missing,missing,missing,missing,missing,EJ
1844,0.0003952249,0.0006933981,0.00064729514,0.000555579114,0.00028944597900000004,0.00016252278500000002,0.00016491636300000002,7.522938600000001e-05,4.319470359999999e-05,45Q-2040-l,500Mt-CostDecrease,MS,missing,gas_peak_steam/CT,missing,missing,missing,missing,missing,missing,missing,missing,EJ
1845,0.00355071171,0.0131215526,0.008848913401,0.008105365041,0.0069076756709,0.0055852420617,0.0046273075924,0.0034486529045,0.0026259697144,45Q-2040-l,500Mt-CostDecrease,MS,missing,gas_subpeak_CC,missing,missing,missing,missing,missing,missing,missing,missing,EJ
1846,0.0,0.0,0.0,4.24184659e-06,1.264928419e-05,2.424952613e-05,3.363368726000001e-05,6.992035575e-05,0.00011315221603,45Q-2040-l,500Mt-CostDecrease,MS,missing,gas_subpeak_CC_CCS,missing,missing,missing,missing,missing,missing,missing,missing,EJ
1847,0.0026304595,0.004615423,0.0046101399,0.0040494979,0.0023937039599999,0.00149719428,0.0015151542099999,0.0008434176399999997,0.00057436933,45Q-2040-l,500Mt-CostDecrease,MS,missing,gas_subpeak_steam/CT,missing,missing,missing,missing,missing,missing,missing,missing,EJ
1848,0.0283246,0.0376137,0.0439223,0.0439225,0.0439226,0.0439226,0.0439225,0.0,0.0,45Q-2040-l,500Mt-CostDecrease,MS,missing,nuc_base_Gen II,missing,missing,missing,missing,missing,missing,missing,missing,EJ
1849,0.0,0.0,0.0,0.0,0.00172248,0.00613641,0.00889629,0.01274377,0.01469941,45Q-2040-l,500Mt-CostDecrease,MS,missing,nuc_base_Gen III,missing,missing,missing,missing,missing,missing,missing,missing,EJ
1850,0.0,0.0,1.0244722e-05,1.8068245e-05,1.2959789e-05,7.0041993e-06,5.0390259e-06,3.6454355e-07,1.6408656e-08,45Q-2040-l,500Mt-CostDecrease,MS,missing,refined liquids_base_steam/CT,missing,missing,missing,missing,missing,missing,missing,missing,EJ
1851,0.0021535243,0.0046274239,0.0,0.0,0.0,0.0,0.0,0.0,0.0,45Q-2040-l,500Mt-CostDecrease,MS,missing,refined liquids_int_steam/CT,missing,missing,missing,missing,missing,missing,missing,missing,EJ
1852,0.0,0.0,0.0,0.0,0.0,0.0,0.0,0.0,0.0,45Q-2040-l,500Mt-CostDecrease,MS,missing,refined liquids_peak_steam/CT,missing,missing,missing,missing,missing,missing,missing,missing,EJ
1853,0.0005383318,0.0011569048,0.0,0.0,0.0,0.0,0.0,0.0,0.0,45Q-2040-l,500Mt-CostDecrease,MS,missing,refined liquids_subpeak_steam/CT,missing,missing,missing,missing,missing,missing,missing,missing,EJ
1854,0.0,0.0,0.000121187,0.00184051,0.00525072,0.00654385,0.00797325,0.00511928,0.00266863,45Q-2040-l,500Mt-CostDecrease,MS,missing,rooftop_pv,missing,missing,missing,missing,missing,missing,missing,missing,EJ
1855,0.0,0.0,0.00130497,0.0013372458,0.0037250758,0.0087038958,0.0111649358,0.0138463458,0.0140657658,45Q-2040-l,500Mt-CostDecrease,MS,missing,wind_base,missing,missing,missing,missing,missing,missing,missing,missing,EJ
1856,0.0,0.0,0.0,1.89192e-06,0.00036853192,0.00143316192,0.00212266392,0.00305700992,0.003635715,45Q-2040-l,500Mt-CostDecrease,MS,missing,wind_base_offshore,missing,missing,missing,missing,missing,missing,missing,missing,EJ
1857,0.0,0.0,2.79211e-05,2.8491456e-05,6.6559656e-05,0.000157258356,0.000210605256,0.000281074756,0.000288567156,45Q-2040-l,500Mt-CostDecrease,MS,missing,wind_base_storage,missing,missing,missing,missing,missing,missing,missing,missing,EJ
1858,0.0,0.0,8.87959e-05,0.000109913,0.00017613010000000002,0.000275316,0.000326688,0.0003936121,0.00034405890000000004,45Q-2040-l,500Mt-CostDecrease,MO,missing,PV_base_storage,missing,missing,missing,missing,missing,missing,missing,missing,EJ
1859,0.0,0.0,0.0269412,0.03585856,0.0582921599999999,0.09264686,0.10906146,0.1469613599999999,0.17143816,45Q-2040-l,500Mt-CostDecrease,MO,missing,PV_int,missing,missing,missing,missing,missing,missing,missing,missing,EJ
1860,0.0,0.0,0.000497765,0.0007152009999999999,0.0011384589999999,0.0013434579999999,0.0015854859999999,0.0019435729999999,0.002455218,45Q-2040-l,500Mt-CostDecrease,MO,missing,PV_peak,missing,missing,missing,missing,missing,missing,missing,missing,EJ
1861,0.0,0.0,0.0026910284,0.0040030184,0.0064985984,0.0078366484,0.0094500084,0.01328861,0.0165109,45Q-2040-l,500Mt-CostDecrease,MO,missing,PV_subpeak,missing,missing,missing,missing,missing,missing,missing,missing,EJ
1862,0.0,0.0,0.000391555,9.971625e-05,0.0003232992,0.0005161850399999999,0.0003028381,0.000352388804,0.0001980507684,45Q-2040-l,500Mt-CostDecrease,MO,missing,biogas_base_CC,missing,missing,missing,missing,missing,missing,missing,missing,EJ
1863,0.0,0.0,0.0,5.31313e-05,0.000227272358,0.0005009434200000001,0.00032253688,0.000496947478,0.0003113640933,45Q-2040-l,500Mt-CostDecrease,MO,missing,biogas_base_CC_CCS,missing,missing,missing,missing,missing,missing,missing,missing,EJ
1864,0.0,0.0,0.00126138,0.0003305532,0.0007237036,0.0021888547,0.002038077,0.0048519567,0.0066469753,45Q-2040-l,500Mt-CostDecrease,MO,missing,biogas_int_CC,missing,missing,missing,missing,missing,missing,missing,missing,EJ
1865,0.0,0.0,0.0,0.000101771,0.00030797902,0.0012021223,0.0012962859,0.0039172687,0.0067520937999999,45Q-2040-l,500Mt-CostDecrease,MO,missing,biogas_int_CC_CCS,missing,missing,missing,missing,missing,missing,missing,missing,EJ
1866,0.0,0.0,6.24025e-07,2.694446e-07,5.0137549e-07,5.875369e-07,8.941586e-07,1.7777207e-06,3.941052e-06,45Q-2040-l,500Mt-CostDecrease,MO,missing,biogas_peak_CC,missing,missing,missing,missing,missing,missing,missing,missing,EJ
1867,0.0,0.0,0.0,3.74491e-08,7.6055e-08,9.381438e-08,1.5626792e-07,3.828897e-07,9.149549e-07,45Q-2040-l,500Mt-CostDecrease,MO,missing,biogas_peak_CC_CCS,missing,missing,missing,missing,missing,missing,missing,missing,EJ
1868,0.0,0.0,5.74157e-07,2.20800374e-07,4.08347617e-07,3.75530892e-07,5.35057504e-07,1.057487895e-06,2.699148448e-06,45Q-2040-l,500Mt-CostDecrease,MO,missing,biogas_peak_steam/CT,missing,missing,missing,missing,missing,missing,missing,missing,EJ
1869,0.0,0.0,1.46873e-05,7.207178e-06,1.2808745e-05,1.738579e-05,2.740311e-05,7.504850000000001e-05,0.00011137296,45Q-2040-l,500Mt-CostDecrease,MO,missing,biogas_subpeak_CC,missing,missing,missing,missing,missing,missing,missing,missing,EJ
1870,0.0,0.0,0.0,1.34754e-06,2.8179019e-06,4.18833e-06,7.324673000000001e-06,2.4243718e-05,4.4207455e-05,45Q-2040-l,500Mt-CostDecrease,MO,missing,biogas_subpeak_CC_CCS,missing,missing,missing,missing,missing,missing,missing,missing,EJ
1871,0.0,0.0,9.82247e-06,4.1958693e-06,7.617413239999999e-06,7.861101599999999e-06,1.1568288900000002e-05,3.5973744800000004e-05,5.048896960000001e-05,45Q-2040-l,500Mt-CostDecrease,MO,missing,biogas_subpeak_steam/CT,missing,missing,missing,missing,missing,missing,missing,missing,EJ
1872,0.0,0.0,7.34408e-05,6.035678e-05,0.00011499136,0.00023804136,0.00030158165,0.00032867803,0.000174045829,45Q-2040-l,500Mt-CostDecrease,MO,missing,biomass_base_IGCC,missing,missing,missing,missing,missing,missing,missing,missing,EJ
1873,0.0,0.0,0.0,8.13652e-06,5.824737e-05,0.00042608327,0.0007036771700000001,0.00304345272,0.00596314932,45Q-2040-l,500Mt-CostDecrease,MO,missing,biomass_base_IGCC_CCS,missing,missing,missing,missing,missing,missing,missing,missing,EJ
1874,0.0,0.0,0.00016777025,0.00010601342,0.0002008302,0.0003891728,0.00044261852,0.000383172949,0.0002132363589,45Q-2040-l,500Mt-CostDecrease,MO,missing,biomass_base_conv,missing,missing,missing,missing,missing,missing,missing,missing,EJ
1875,0.0,0.0,0.0,9.33104e-06,8.424779000000001e-05,0.00110337568,0.0018750994399999,0.02335445453,0.0707338889,45Q-2040-l,500Mt-CostDecrease,MO,missing,biomass_base_conv_CCS,missing,missing,missing,missing,missing,missing,missing,missing,EJ
1876,0.0,0.0,3.48483e-05,3.993015e-05,5.4997050000000006e-05,0.00011304161,0.00015328937,0.00030868293,0.00054487628,45Q-2040-l,500Mt-CostDecrease,MO,missing,biomass_int_IGCC,missing,missing,missing,missing,missing,missing,missing,missing,EJ
1877,0.0,0.0,0.0,2.88038e-06,1.201939e-05,6.170288000000001e-05,9.965768e-05,0.00031058997000000003,0.0006936199899999999,45Q-2040-l,500Mt-CostDecrease,MO,missing,biomass_int_IGCC_CCS,missing,missing,missing,missing,missing,missing,missing,missing,EJ
1878,0.0,0.0,0.0001667621,0.0001806889,0.0002060339,0.0003483058,0.0004215999,0.0007211033,0.0011435706,45Q-2040-l,500Mt-CostDecrease,MO,missing,biomass_int_conv,missing,missing,missing,missing,missing,missing,missing,missing,EJ
1879,0.0,0.0,0.0,4.38749e-06,2.013996e-05,0.00012365127,0.00020143927,0.00071409628,0.00167045993,45Q-2040-l,500Mt-CostDecrease,MO,missing,biomass_int_conv_CCS,missing,missing,missing,missing,missing,missing,missing,missing,EJ
1880,0.0,0.0,0.0,0.0005482600000000001,0.001604144,0.003083764,0.00391549,0.004751714,0.0032988424,45Q-2040-l,500Mt-CostDecrease,MO,missing,coal_base_IGCC_CCS,missing,missing,missing,missing,missing,missing,missing,missing,EJ
1881,0.06641256,0.13131716,0.0,0.0,0.0,0.0,0.0,0.0,0.0,45Q-2040-l,500Mt-CostDecrease,MO,missing,coal_base_conv pul,missing,missing,missing,missing,missing,missing,missing,missing,EJ
1882,0.0,0.0,0.02853576,0.02838253,0.019010302,0.0029589729999999,0.0018502584,2.212005e-05,0.0,45Q-2040-l,500Mt-CostDecrease,MO,missing,coal_base_conv pul 1966-1970,missing,missing,missing,missing,missing,missing,missing,missing,EJ
1883,0.0,0.0,0.02640665,0.0263611999999999,0.017944019,0.002988602,0.002360079,4.567496e-05,8.554516e-07,45Q-2040-l,500Mt-CostDecrease,MO,missing,coal_base_conv pul 1971-1975,missing,missing,missing,missing,missing,missing,missing,missing,EJ
1884,0.0,0.0,0.02870926,0.02868339,0.019596475,0.003316973,0.002802822,6.850374e-05,2.0769718e-06,45Q-2040-l,500Mt-CostDecrease,MO,missing,coal_base_conv pul 1976-1980,missing,missing,missing,missing,missing,missing,missing,missing,EJ
1885,0.0,0.0,0.0115520869999999,0.011543647,0.007892381,0.0013403012,0.0011491166,2.983817e-05,1.1107343e-06,45Q-2040-l,500Mt-CostDecrease,MO,missing,coal_base_conv pul 1981-1985,missing,missing,missing,missing,missing,missing,missing,missing,EJ
1886,0.0,0.0,0.0065730829999999,0.006568694,0.004492456,0.0007640091,0.0006592016999999999,1.7603160999999998e-05,7.363874999999999e-07,45Q-2040-l,500Mt-CostDecrease,MO,missing,coal_base_conv pul 2006-2010,missing,missing,missing,missing,missing,missing,missing,missing,EJ
1887,0.0,0.0,0.002888793,0.0028868609999999,0.0019743861,0.0003357731,0.0002897117,7.736396e-06,3.236332e-07,45Q-2040-l,500Mt-CostDecrease,MO,missing,coal_base_conv pul 2011-2015,missing,missing,missing,missing,missing,missing,missing,missing,EJ
1888,0.0,0.0,0.0,0.0006783589999999999,0.00187736,0.0034490059999999,0.004301301,0.005012521,0.0030137178,45Q-2040-l,500Mt-CostDecrease,MO,missing,coal_base_conv pul_CCS,missing,missing,missing,missing,missing,missing,missing,missing,EJ
1889,0.0060250869999999,0.0119133649999999,0.0,0.0,0.0,0.0,0.0,0.0,0.0,45Q-2040-l,500Mt-CostDecrease,MO,missing,coal_base_conv pul_retire_2020,missing,missing,missing,missing,missing,missing,missing,missing,EJ
1890,0.0,0.0,0.0,0.0001331652,0.00034425730000000004,0.000927135,0.0012746767,0.0023695195,0.0038664289,45Q-2040-l,500Mt-CostDecrease,MO,missing,coal_int_IGCC_CCS,missing,missing,missing,missing,missing,missing,missing,missing,EJ
1891,0.09554225,0.1426299,0.0,0.0,0.0,0.0,0.0,0.0,0.0,45Q-2040-l,500Mt-CostDecrease,MO,missing,coal_int_conv pul,missing,missing,missing,missing,missing,missing,missing,missing,EJ
1892,0.0,0.0,0.0338187,0.0336578,0.03077387,0.018268616,0.013338984,0.002888498,0.0,45Q-2040-l,500Mt-CostDecrease,MO,missing,coal_int_conv pul 1966-1970,missing,missing,missing,missing,missing,missing,missing,missing,EJ
1893,0.0,0.0,0.03129536,0.03126079,0.0290478599999999,0.01845154,0.017014491,0.005964364,0.0017239089,45Q-2040-l,500Mt-CostDecrease,MO,missing,coal_int_conv pul 1971-1975,missing,missing,missing,missing,missing,missing,missing,missing,EJ
1894,0.0,0.0,0.03402434,0.03401459,0.03172269,0.020478925,0.020206282,0.008945414,0.004185516,45Q-2040-l,500Mt-CostDecrease,MO,missing,coal_int_conv pul 1976-1980,missing,missing,missing,missing,missing,missing,missing,missing,EJ
1895,0.0,0.0,0.013690772,0.013689106,0.012776229,0.00827502,0.008284258,0.003896356,0.002238357,45Q-2040-l,500Mt-CostDecrease,MO,missing,coal_int_conv pul 1981-1985,missing,missing,missing,missing,missing,missing,missing,missing,EJ
1896,0.0,0.0,0.007789972,0.00778959,0.0072724059999999,0.004716982,0.004752358,0.002298677,0.0014839714,45Q-2040-l,500Mt-CostDecrease,MO,missing,coal_int_conv pul 2006-2010,missing,missing,missing,missing,missing,missing,missing,missing,EJ
1897,0.0,0.0,0.003423595,0.0034234319999999,0.003196136,0.002073054,0.0020886074,0.0010102415,0.0006521866,45Q-2040-l,500Mt-CostDecrease,MO,missing,coal_int_conv pul 2011-2015,missing,missing,missing,missing,missing,missing,missing,missing,EJ
1898,0.0,0.0,0.0,0.000171362,0.0004215765,0.0010682705,0.0014362118,0.0025438206999999,0.0040126249,45Q-2040-l,500Mt-CostDecrease,MO,missing,coal_int_conv pul_CCS,missing,missing,missing,missing,missing,missing,missing,missing,EJ
1899,0.008667798,0.01293963,0.0,0.0,0.0,0.0,0.0,0.0,0.0,45Q-2040-l,500Mt-CostDecrease,MO,missing,coal_int_conv pul_retire_2020,missing,missing,missing,missing,missing,missing,missing,missing,EJ
1900,0.0012922814,0.0,0.0,0.0,0.0,0.0,0.0,0.0,0.0,45Q-2040-l,500Mt-CostDecrease,MO,missing,coal_peak_conv pul,missing,missing,missing,missing,missing,missing,missing,missing,EJ
1901,0.00011723864,0.0,0.0,0.0,0.0,0.0,0.0,0.0,0.0,45Q-2040-l,500Mt-CostDecrease,MO,missing,coal_peak_conv pul_retire_2020,missing,missing,missing,missing,missing,missing,missing,missing,EJ
1902,0.007744846,0.0,0.0,0.0,0.0,0.0,0.0,0.0,0.0,45Q-2040-l,500Mt-CostDecrease,MO,missing,coal_subpeak_conv pul,missing,missing,missing,missing,missing,missing,missing,missing,EJ
1903,0.0007026287,0.0,0.0,0.0,0.0,0.0,0.0,0.0,0.0,45Q-2040-l,500Mt-CostDecrease,MO,missing,coal_subpeak_conv pul_retire_2020,missing,missing,missing,missing,missing,missing,missing,missing,EJ
1904,0.00016670438,0.0020832,0.0165983221,0.0182363291,0.0209371253,0.0193697127,0.0195978635,0.00439285794,0.0010493912159,45Q-2040-l,500Mt-CostDecrease,MO,missing,gas_base_CC,missing,missing,missing,missing,missing,missing,missing,missing,EJ
1905,0.0,0.0,0.0,0.0010213,0.004056775,0.00832417,0.010554682,0.010756789,0.0038119276,45Q-2040-l,500Mt-CostDecrease,MO,missing,gas_base_CC_CCS,missing,missing,missing,missing,missing,missing,missing,missing,EJ
1906,8.770229e-05,0.0010957954,0.030292997,0.034240264,0.0392462129999999,0.048372628,0.053298597,0.063656138,0.0752658663999999,45Q-2040-l,500Mt-CostDecrease,MO,missing,gas_int_CC,missing,missing,missing,missing,missing,missing,missing,missing,EJ
1907,0.0,0.0,0.0,0.000890394,0.002918709,0.008095431,0.0111003819999999,0.020243615,0.032300362,45Q-2040-l,500Mt-CostDecrease,MO,missing,gas_int_CC_CCS,missing,missing,missing,missing,missing,missing,missing,missing,EJ
1908,6.550086e-05,0.0010544946,0.0005732083000000001,0.00052157674,0.00043198662,0.00035117224,0.00028184451000000003,0.0002024561,0.00014222809,45Q-2040-l,500Mt-CostDecrease,MO,missing,gas_peak_CC,missing,missing,missing,missing,missing,missing,missing,missing,EJ
1909,0.0,0.0,0.0,1.15491e-07,2.58165e-07,3.8813600000000003e-07,5.741759999999999e-07,9.53228e-07,2.005557e-06,45Q-2040-l,500Mt-CostDecrease,MO,missing,gas_peak_CC_CCS,missing,missing,missing,missing,missing,missing,missing,missing,EJ
1910,4.85007e-05,0.000370897,0.00028088255,0.0002389142,0.00012587551699999998,9.0752361e-05,8.0175724e-05,4.7120034e-05,2.8874364e-05,45Q-2040-l,500Mt-CostDecrease,MO,missing,gas_peak_steam/CT,missing,missing,missing,missing,missing,missing,missing,missing,EJ
1911,0.000424609,0.006833492,0.003971469,0.0036875278999999,0.0031878217,0.0027041007,0.0022831363,0.001911417,0.0016674085,45Q-2040-l,500Mt-CostDecrease,MO,missing,gas_subpeak_CC,missing,missing,missing,missing,missing,missing,missing,missing,EJ
1912,0.0,0.0,0.0,6.17793e-06,1.36412e-05,2.094625e-05,3.163883e-05,6.678886e-05,0.00011806096,45Q-2040-l,500Mt-CostDecrease,MO,missing,gas_subpeak_CC_CCS,missing,missing,missing,missing,missing,missing,missing,missing,EJ
1913,0.000314506,0.0024037,0.002073526,0.0018304191999999,0.0011144598,0.0008730697999999999,0.0008088523,0.0006003156,0.0004637508999999999,45Q-2040-l,500Mt-CostDecrease,MO,missing,gas_subpeak_steam/CT,missing,missing,missing,missing,missing,missing,missing,missing,EJ
1914,0.0074394,0.0042624,0.0068439,0.0068334,0.0068259,0.0068269,0.0068116,0.0067545,0.006762,45Q-2040-l,500Mt-CostDecrease,MO,missing,hydro_base,missing,missing,missing,missing,missing,missing,missing,missing,EJ
1915,0.0305212,0.0299725,0.0391442,0.0391442,0.0391443,0.0391444,0.0391444,0.0,0.0,45Q-2040-l,500Mt-CostDecrease,MO,missing,nuc_base_Gen II,missing,missing,missing,missing,missing,missing,missing,missing,EJ
1916,0.0,0.0,0.0,0.0,0.00463642,0.0116134799999999,0.0152638799999999,0.02007553,0.0229287299999999,45Q-2040-l,500Mt-CostDecrease,MO,missing,nuc_base_Gen III,missing,missing,missing,missing,missing,missing,missing,missing,EJ
1917,0.0,0.0,0.0001118539,9.06729e-05,4.153469e-05,4.392664e-05,3.930761e-05,2.620682e-05,1.487697e-05,45Q-2040-l,500Mt-CostDecrease,MO,missing,refined liquids_peak_steam/CT,missing,missing,missing,missing,missing,missing,missing,missing,EJ
1918,0.0004384095,0.000765099,0.00013149319999999998,0.0001057286,5.237878e-05,5.44066e-05,4.762538e-05,3.237405e-05,1.8986470000000003e-05,45Q-2040-l,500Mt-CostDecrease,MO,missing,refined liquids_subpeak_steam/CT,missing,missing,missing,missing,missing,missing,missing,missing,EJ
1919,0.0,0.0,0.000204301,0.00215885,0.00648005,0.00991579,0.0128449,0.00840435,0.00479986,45Q-2040-l,500Mt-CostDecrease,MO,missing,rooftop_pv,missing,missing,missing,missing,missing,missing,missing,missing,EJ
1920,0.0,0.0,0.02298526,0.03364556,0.06366236,0.09676116,0.11328286,0.1333037,0.1319751,45Q-2040-l,500Mt-CostDecrease,MO,missing,wind_base,missing,missing,missing,missing,missing,missing,missing,missing,EJ
1921,0.0,0.0,0.000464386,0.000677104,0.0013329,0.002283732,0.002774805,0.003416752,0.0033444339999999,45Q-2040-l,500Mt-CostDecrease,MO,missing,wind_base_storage,missing,missing,missing,missing,missing,missing,missing,missing,EJ
1922,0.0,0.0,0.000941682,0.000941682,0.000941682,0.000941682,0.000941682,0.0,0.0,45Q-2040-l,500Mt-CostDecrease,MO,missing,wind_int,missing,missing,missing,missing,missing,missing,missing,missing,EJ
1923,0.0,0.0,0.000564988,0.000564988,0.000564988,0.000564988,0.000564988,0.0,0.0,45Q-2040-l,500Mt-CostDecrease,MO,missing,wind_subpeak,missing,missing,missing,missing,missing,missing,missing,missing,EJ
1924,0.0,0.0,0.000101394,0.000201207,0.000455519,0.000769516,0.000950269,0.001181455,0.0011774502,45Q-2040-l,500Mt-CostDecrease,MT,missing,CSP_base_storage,missing,missing,missing,missing,missing,missing,missing,missing,EJ
1925,0.0,0.0,0.001583752,0.0024051759999999,0.0039020879999999,0.0065159679999999,0.00793079,0.0099395099999999,0.0120250179999999,45Q-2040-l,500Mt-CostDecrease,MT,missing,CSP_int,missing,missing,missing,missing,missing,missing,missing,missing,EJ
1926,0.0,0.0,1.324976e-06,2.07349e-06,3.754318e-06,5.624537999999999e-06,6.813373999999999e-06,8.365829999999999e-06,1.0998633999999998e-05,45Q-2040-l,500Mt-CostDecrease,MT,missing,CSP_peak,missing,missing,missing,missing,missing,missing,missing,missing,EJ
1927,3.17006e-05,2.85002e-05,0.00018539822,0.00019349116,0.00020918352,0.00022763732,0.00024029048000000005,0.00010568308000000002,0.00012836006000000003,45Q-2040-l,500Mt-CostDecrease,MT,missing,CSP_subpeak,missing,missing,missing,missing,missing,missing,missing,missing,EJ
1928,0.0,0.0,1.30322e-05,2.70532e-05,6.4087e-05,0.0001109157,0.0001383061,0.0001737106,0.00017569730000000002,45Q-2040-l,500Mt-CostDecrease,MT,missing,PV_base_storage,missing,missing,missing,missing,missing,missing,missing,missing,EJ
1929,0.0,0.0,0.0094911,0.01394228,0.01913932,0.0256011,0.02892185,0.03340031,0.03179072,45Q-2040-l,500Mt-CostDecrease,MT,missing,PV_int,missing,missing,missing,missing,missing,missing,missing,missing,EJ
1930,0.0,0.0,7.94031e-06,1.19964e-05,1.783197e-05,2.245535e-05,2.524568e-05,2.87069e-05,2.926786e-05,45Q-2040-l,500Mt-CostDecrease,MT,missing,PV_peak,missing,missing,missing,missing,missing,missing,missing,missing,EJ
1931,0.0,0.0,9.71349e-05,0.0001409894,0.0001954708,0.0002410905,0.000270789,0.00034789040000000003,0.0003342815,45Q-2040-l,500Mt-CostDecrease,MT,missing,PV_subpeak,missing,missing,missing,missing,missing,missing,missing,missing,EJ
1932,0.0,0.0,8.3792e-05,9.7122458e-05,0.000267866302,0.000359195031,0.000227595385,0.000280006355,0.0001146296716,45Q-2040-l,500Mt-CostDecrease,MT,missing,biogas_base_CC,missing,missing,missing,missing,missing,missing,missing,missing,EJ
1933,0.0,0.0,0.0,5.18208e-05,0.000188955083,0.00035309731000000003,0.000242819293,0.000398181708,0.000183193463,45Q-2040-l,500Mt-CostDecrease,MT,missing,biogas_base_CC_CCS,missing,missing,missing,missing,missing,missing,missing,missing,EJ
1934,0.0,0.0,0.000720893,0.0003005824,0.0005215126,0.0011574851,0.0008878022,0.0012749452,0.0018616417,45Q-2040-l,500Mt-CostDecrease,MT,missing,biogas_int_CC,missing,missing,missing,missing,missing,missing,missing,missing,EJ
1935,0.0,0.0,0.0,0.00010519,0.00023074225,0.0006628877,0.0005906621,0.0012031668,0.0020704588999999,45Q-2040-l,500Mt-CostDecrease,MT,missing,biogas_int_CC_CCS,missing,missing,missing,missing,missing,missing,missing,missing,EJ
1936,0.0,0.0,1.54184e-08,9.496066e-09,2.080683e-08,2.911869e-08,2.0904964000000006e-08,2.8264125e-08,6.1424554e-08,45Q-2040-l,500Mt-CostDecrease,MT,missing,biogas_peak_CC,missing,missing,missing,missing,missing,missing,missing,missing,EJ
1937,0.0,0.0,0.0,1.38545e-09,3.19594e-09,4.76178e-09,3.723754e-09,6.595571999999999e-09,1.413855e-08,45Q-2040-l,500Mt-CostDecrease,MT,missing,biogas_peak_CC_CCS,missing,missing,missing,missing,missing,missing,missing,missing,EJ
1938,0.0,0.0,1.434688e-08,8.271600000000001e-09,1.768411e-08,2.332237e-08,1.4778559999999998e-08,1.966005e-08,4.699593e-08,45Q-2040-l,500Mt-CostDecrease,MT,missing,biogas_peak_steam/CT,missing,missing,missing,missing,missing,missing,missing,missing,EJ
1939,0.0,0.0,3.83132e-07,3.400034e-07,8.400058000000001e-07,1.2526196e-06,9.983281e-07,2.5057073e-06,2.7358042e-06,45Q-2040-l,500Mt-CostDecrease,MT,missing,biogas_subpeak_CC,missing,missing,missing,missing,missing,missing,missing,missing,EJ
1940,0.0,0.0,0.0,6.89638e-08,1.9052309e-07,3.2457062e-07,2.9039548e-07,8.67533e-07,1.1669907000000002e-06,45Q-2040-l,500Mt-CostDecrease,MT,missing,biogas_subpeak_CC_CCS,missing,missing,missing,missing,missing,missing,missing,missing,EJ
1941,0.0,0.0,2.593284e-07,2.1826911400000002e-07,5.32214063e-07,7.487226519999999e-07,5.246116239999999e-07,1.425177265e-06,1.4979335870000005e-06,45Q-2040-l,500Mt-CostDecrease,MT,missing,biogas_subpeak_steam/CT,missing,missing,missing,missing,missing,missing,missing,missing,EJ
1942,0.0,0.0,1.205428e-05,2.105079e-05,5.246491000000001e-05,0.0001188456,0.00015401519000000002,0.000202609692,9.36667078e-05,45Q-2040-l,500Mt-CostDecrease,MT,missing,biomass_base_IGCC,missing,missing,missing,missing,missing,missing,missing,missing,EJ
1943,0.0,0.0,0.0,6.66009e-06,4.231495e-05,0.00026462174,0.00045595112,0.00204915101,0.00348479321,45Q-2040-l,500Mt-CostDecrease,MT,missing,biomass_base_IGCC_CCS,missing,missing,missing,missing,missing,missing,missing,missing,EJ
1944,9.82062e-05,0.0,2.439474e-05,3.099164e-05,7.294256e-05,0.00015609339,0.00017744661999999998,0.000227291169,0.0001065876516,45Q-2040-l,500Mt-CostDecrease,MT,missing,biomass_base_conv,missing,missing,missing,missing,missing,missing,missing,missing,EJ
1945,0.0,0.0,0.0,7.21644e-06,5.774226e-05,0.0006465051100000001,0.00115403976,0.0152467044699999,0.03760086996,45Q-2040-l,500Mt-CostDecrease,MT,missing,biomass_base_conv_CCS,missing,missing,missing,missing,missing,missing,missing,missing,EJ
1946,0.0,0.0,1.734157e-05,2.2293180000000004e-05,3.2367169999999995e-05,6.222136e-05,8.129015e-05,0.00011606862,0.00018645893,45Q-2040-l,500Mt-CostDecrease,MT,missing,biomass_int_IGCC,missing,missing,missing,missing,missing,missing,missing,missing,EJ
1947,0.0,0.0,0.0,2.69918e-06,8.95199e-06,3.426224e-05,5.268966e-05,0.00010107339,0.00021927317,45Q-2040-l,500Mt-CostDecrease,MT,missing,biomass_int_IGCC_CCS,missing,missing,missing,missing,missing,missing,missing,missing,EJ
1948,9.8203e-05,0.0,4.80555e-05,5.4530750000000006e-05,7.501586e-05,0.00014101252999999998,0.00017691072999999997,0.00023931533,0.00035338491,45Q-2040-l,500Mt-CostDecrease,MT,missing,biomass_int_conv,missing,missing,missing,missing,missing,missing,missing,missing,EJ
1949,0.0,0.0,0.0,3.91711e-06,1.420637e-05,6.475670000000001e-05,0.0001009123,0.00021380211,0.00049693948,45Q-2040-l,500Mt-CostDecrease,MT,missing,biomass_int_conv_CCS,missing,missing,missing,missing,missing,missing,missing,missing,EJ
1950,0.0,0.0,0.0,0.000452726,0.001193446,0.002064611,0.00261743,0.0030272059999999,0.001849243,45Q-2040-l,500Mt-CostDecrease,MT,missing,coal_base_IGCC_CCS,missing,missing,missing,missing,missing,missing,missing,missing,EJ
1951,0.0180701999999999,0.02155755,0.0,0.0,0.0,0.0,0.0,0.0,0.0,45Q-2040-l,500Mt-CostDecrease,MT,missing,coal_base_conv pul,missing,missing,missing,missing,missing,missing,missing,missing,EJ
1952,0.0,0.0,0.0,0.0,0.0,0.0,0.0,0.0,0.0,45Q-2040-l,500Mt-CostDecrease,MT,missing,coal_base_conv pul 1956-1960,missing,missing,missing,missing,missing,missing,missing,missing,EJ
1953,0.0,0.0,0.0,0.0,0.0,0.0,0.0,0.0,0.0,45Q-2040-l,500Mt-CostDecrease,MT,missing,coal_base_conv pul 1971-1975,missing,missing,missing,missing,missing,missing,missing,missing,EJ
1954,0.0,0.0,0.0,0.0,0.0,0.0,0.0,0.0,0.0,45Q-2040-l,500Mt-CostDecrease,MT,missing,coal_base_conv pul 1976-1980,missing,missing,missing,missing,missing,missing,missing,missing,EJ
1955,0.0,0.0,0.004303926,0.004299923,0.002368989,0.0002029005,0.0001658214,7.130053e-06,4.976159e-07,45Q-2040-l,500Mt-CostDecrease,MT,missing,coal_base_conv pul 1981-1985,missing,missing,missing,missing,missing,missing,missing,missing,EJ
1956,0.0,0.0,0.004295245,0.004291318,0.002364442,0.0002025823,0.00016582250000000002,7.179907e-06,5.159727e-07,45Q-2040-l,500Mt-CostDecrease,MT,missing,coal_base_conv pul 1986-1990,missing,missing,missing,missing,missing,missing,missing,missing,EJ
1957,0.0,0.0,0.0001310005,0.0001308833,7.212139000000001e-05,6.18192e-06,5.069839e-06,2.213954e-07,1.6515e-08,45Q-2040-l,500Mt-CostDecrease,MT,missing,coal_base_conv pul 2006-2010,missing,missing,missing,missing,missing,missing,missing,missing,EJ
1958,0.0,0.0,4.838143e-06,4.833822e-06,2.663603e-06,2.283127e-07,1.872427e-07,8.177034e-09,5.65338e-10,45Q-2040-l,500Mt-CostDecrease,MT,missing,coal_base_conv pul 2011-2015,missing,missing,missing,missing,missing,missing,missing,missing,EJ
1959,0.0,0.0,7.254633e-06,5.620547e-06,0.0,0.0,0.0,0.0,0.0,45Q-2040-l,500Mt-CostDecrease,MT,missing,coal_base_conv pul before 1950,missing,missing,missing,missing,missing,missing,missing,missing,EJ
1960,0.0,0.0,0.0,0.000549957,0.001377916,0.0022840129999999,0.002839637,0.0030840049999999,0.001615619,45Q-2040-l,500Mt-CostDecrease,MT,missing,coal_base_conv pul_CCS,missing,missing,missing,missing,missing,missing,missing,missing,EJ
1961,0.003596449,0.004290519,0.0,0.0,0.0,0.0,0.0,0.0,0.0,45Q-2040-l,500Mt-CostDecrease,MT,missing,coal_base_conv pul_retire_2020,missing,missing,missing,missing,missing,missing,missing,missing,EJ
1962,0.0,0.0,0.0,0.0001250417,0.00026843120000000003,0.0005623521,0.000728805,0.0009762745999999998,0.0014317342999999,45Q-2040-l,500Mt-CostDecrease,MT,missing,coal_int_IGCC_CCS,missing,missing,missing,missing,missing,missing,missing,missing,EJ
1963,0.0267685,0.03885299,0.0,0.0,0.0,0.0,0.0,0.0,0.0,45Q-2040-l,500Mt-CostDecrease,MT,missing,coal_int_conv pul,missing,missing,missing,missing,missing,missing,missing,missing,EJ
1964,0.0,0.0,0.0,0.0,0.0,0.0,0.0,0.0,0.0,45Q-2040-l,500Mt-CostDecrease,MT,missing,coal_int_conv pul 1956-1960,missing,missing,missing,missing,missing,missing,missing,missing,EJ
1965,0.0,0.0,0.0,0.0,0.0,0.0,0.0,0.0,0.0,45Q-2040-l,500Mt-CostDecrease,MT,missing,coal_int_conv pul 1971-1975,missing,missing,missing,missing,missing,missing,missing,missing,EJ
1966,0.0,0.0,0.0,0.0,0.0,0.0,0.0,0.0,0.0,45Q-2040-l,500Mt-CostDecrease,MT,missing,coal_int_conv pul 1976-1980,missing,missing,missing,missing,missing,missing,missing,missing,EJ
1967,0.0,0.0,0.01507822,0.01507589,0.0131846309999999,0.005476655,0.005231243,0.001484492,0.0007981898,45Q-2040-l,500Mt-CostDecrease,MT,missing,coal_int_conv pul 1981-1985,missing,missing,missing,missing,missing,missing,missing,missing,EJ
1968,0.0,0.0,0.01504787,0.01504577,0.013159291,0.0054680649999999,0.005231275,0.001494863,0.0008276345,45Q-2040-l,500Mt-CostDecrease,MT,missing,coal_int_conv pul 1986-1990,missing,missing,missing,missing,missing,missing,missing,missing,EJ
1969,0.0,0.0,0.0004589431,0.0004588895,0.0004013913,0.0001668612,0.00015994080000000002,4.60949e-05,2.649046e-05,45Q-2040-l,500Mt-CostDecrease,MT,missing,coal_int_conv pul 2006-2010,missing,missing,missing,missing,missing,missing,missing,missing,EJ
1970,0.0,0.0,1.6949739999999997e-05,1.694784e-05,1.482429e-05,6.16256e-06,5.907024e-06,1.702469e-06,9.785609e-07,45Q-2040-l,500Mt-CostDecrease,MT,missing,coal_int_conv pul 2011-2015,missing,missing,missing,missing,missing,missing,missing,missing,EJ
1971,0.0,0.0,2.541565e-05,1.97062e-05,0.0,0.0,0.0,0.0,0.0,45Q-2040-l,500Mt-CostDecrease,MT,missing,coal_int_conv pul before 1950,missing,missing,missing,missing,missing,missing,missing,missing,EJ
1972,0.0,0.0,0.0,0.00015964659999999998,0.00032845950000000003,0.0006527105,0.0008280153,0.0010768429,0.0015215405999999,45Q-2040-l,500Mt-CostDecrease,MT,missing,coal_int_conv pul_CCS,missing,missing,missing,missing,missing,missing,missing,missing,EJ
1973,0.005327623,0.007732771,0.0,0.0,0.0,0.0,0.0,0.0,0.0,45Q-2040-l,500Mt-CostDecrease,MT,missing,coal_int_conv pul_retire_2020,missing,missing,missing,missing,missing,missing,missing,missing,EJ
1974,0.0007228899,0.0,0.0,0.0,0.0,0.0,0.0,0.0,0.0,45Q-2040-l,500Mt-CostDecrease,MT,missing,coal_peak_conv pul,missing,missing,missing,missing,missing,missing,missing,missing,EJ
1975,0.000143874,0.0,0.0,0.0,0.0,0.0,0.0,0.0,0.0,45Q-2040-l,500Mt-CostDecrease,MT,missing,coal_peak_conv pul_retire_2020,missing,missing,missing,missing,missing,missing,missing,missing,EJ
1976,0.005075714,0.0,0.0,0.0,0.0,0.0,0.0,0.0,0.0,45Q-2040-l,500Mt-CostDecrease,MT,missing,coal_subpeak_conv pul,missing,missing,missing,missing,missing,missing,missing,missing,EJ
1977,0.0010102005,0.0,0.0,0.0,0.0,0.0,0.0,0.0,0.0,45Q-2040-l,500Mt-CostDecrease,MT,missing,coal_subpeak_conv pul_retire_2020,missing,missing,missing,missing,missing,missing,missing,missing,EJ
1978,0.0,0.0,0.00403433138,0.0073668777499999,0.01084836215,0.00937036385,0.009357147301,0.0028690004432,0.0006789800437399997,45Q-2040-l,500Mt-CostDecrease,MT,missing,gas_base_CC,missing,missing,missing,missing,missing,missing,missing,missing,EJ
1979,0.0,0.0,0.0,0.001098225,0.003835673,0.006943687,0.008787448,0.0093572694,0.003932607,45Q-2040-l,500Mt-CostDecrease,MT,missing,gas_base_CC_CCS,missing,missing,missing,missing,missing,missing,missing,missing,EJ
1980,0.00010800338,6.630022e-05,0.0160509275,0.0210222328,0.0255362764999999,0.0302129519,0.0328684832,0.03298711791,0.0349948912,45Q-2040-l,500Mt-CostDecrease,MT,missing,gas_int_CC,missing,missing,missing,missing,missing,missing,missing,missing,EJ
1981,0.0,0.0,0.0,0.00094418,0.002489851,0.005398058,0.0069967429999999,0.0092879099999999,0.0133449609999999,45Q-2040-l,500Mt-CostDecrease,MT,missing,gas_int_CC_CCS,missing,missing,missing,missing,missing,missing,missing,missing,EJ
1982,2.9998758e-06,2.3000657e-06,3.721112572e-05,3.379574591e-05,2.7161212510000004e-05,1.943953446e-05,1.5215746590000005e-05,8.424429369999998e-06,4.786578450000001e-06,45Q-2040-l,500Mt-CostDecrease,MT,missing,gas_peak_CC,missing,missing,missing,missing,missing,missing,missing,missing,EJ
1983,0.0,0.0,0.0,4.12419e-09,9.946802e-09,1.7751771000000002e-08,2.2754974000000006e-08,2.9723084e-08,4.7233173e-08,45Q-2040-l,500Mt-CostDecrease,MT,missing,gas_peak_CC_CCS,missing,missing,missing,missing,missing,missing,missing,missing,EJ
1984,2.199905e-06,8.00023e-07,1.7138629299999996e-05,1.4571831e-05,6.491130500000001e-06,2.87562569e-06,2.25215088e-06,8.073406199999998e-07,4.38814784e-07,45Q-2040-l,500Mt-CostDecrease,MT,missing,gas_peak_steam/CT,missing,missing,missing,missing,missing,missing,missing,missing,EJ
1985,2.0600353e-05,1.6300136000000002e-05,0.000203577866,0.000188317126,0.0001600036,0.00012571116800000004,0.00010385541399999996,7.2014773e-05,5.2615197e-05,45Q-2040-l,500Mt-CostDecrease,MT,missing,gas_subpeak_CC,missing,missing,missing,missing,missing,missing,missing,missing,EJ
1986,0.0,0.0,0.0,3.076730000000001e-07,8.028599999999999e-07,1.4839767e-06,1.9579071e-06,3.3176224e-06,4.7965098e-06,45Q-2040-l,500Mt-CostDecrease,MT,missing,gas_subpeak_CC_CCS,missing,missing,missing,missing,missing,missing,missing,missing,EJ
1987,1.530029e-05,5.700053e-06,0.00010165532999999998,8.957003199999998e-05,4.8522508e-05,2.6028716000000004e-05,2.178948e-05,1.1889471e-05,8.3695677e-06,45Q-2040-l,500Mt-CostDecrease,MT,missing,gas_subpeak_steam/CT,missing,missing,missing,missing,missing,missing,missing,missing,EJ
1988,0.0,0.0,0.0001577202,0.0003491307,0.0008720341000000001,0.0017638240999999,0.0024200955,0.0033744907,0.0030883760999999,45Q-2040-l,500Mt-CostDecrease,MT,missing,geo_base,missing,missing,missing,missing,missing,missing,missing,missing,EJ
1989,0.027425,0.035249,0.0424263,0.0423612,0.0423151,0.0423213,0.0422265,0.0418723,0.0419189,45Q-2040-l,500Mt-CostDecrease,MT,missing,hydro_base,missing,missing,missing,missing,missing,missing,missing,missing,EJ
1990,0.00894496,0.0,0.0,0.0,0.0,0.0,0.0,0.0,0.0,45Q-2040-l,500Mt-CostDecrease,MT,missing,hydro_int,missing,missing,missing,missing,missing,missing,missing,missing,EJ
1991,0.0,0.0,0.00031286,0.000373342,0.00016676,7.26031e-05,5.35687e-05,5.35985e-06,3.88792e-07,45Q-2040-l,500Mt-CostDecrease,MT,missing,refined liquids_base_steam/CT,missing,missing,missing,missing,missing,missing,missing,missing,EJ
1992,0.000102903,0.00217391,0.0,0.0,0.0,0.0,0.0,0.0,0.0,45Q-2040-l,500Mt-CostDecrease,MT,missing,refined liquids_int_steam/CT,missing,missing,missing,missing,missing,missing,missing,missing,EJ
1993,0.0,0.0,0.0,0.0,0.0,0.0,0.0,0.0,0.0,45Q-2040-l,500Mt-CostDecrease,MT,missing,refined liquids_peak_steam/CT,missing,missing,missing,missing,missing,missing,missing,missing,EJ
1994,2.57005e-05,0.000543505,0.0,0.0,0.0,0.0,0.0,0.0,0.0,45Q-2040-l,500Mt-CostDecrease,MT,missing,refined liquids_subpeak_steam/CT,missing,missing,missing,missing,missing,missing,missing,missing,EJ
1995,0.0,0.0,2.41067e-05,0.000144212,0.000249207,0.000431512,0.000612458,0.000509992,0.000323705,45Q-2040-l,500Mt-CostDecrease,MT,missing,rooftop_pv,missing,missing,missing,missing,missing,missing,missing,missing,EJ
1996,0.0,0.0,0.0136850599999999,0.02685396,0.06099536,0.10315096,0.12845756,0.15633174,0.1664773,45Q-2040-l,500Mt-CostDecrease,MT,missing,wind_base,missing,missing,missing,missing,missing,missing,missing,missing,EJ
1997,0.0,0.0,0.000127376,0.00034708700000000005,0.000887913,0.001574104,0.001978068,0.002504425,0.002602813,45Q-2040-l,500Mt-CostDecrease,MT,missing,wind_base_storage,missing,missing,missing,missing,missing,missing,missing,missing,EJ
1998,0.0,0.0,6.25718e-05,0.000112238,0.000406429,0.001011827,0.001184322,0.001459448,0.0014992392,45Q-2040-l,500Mt-CostDecrease,NE,missing,CSP_base_storage,missing,missing,missing,missing,missing,missing,missing,missing,EJ
1999,0.0,0.0,0.000269974,0.000553372,0.001701572,0.004646052,0.005955858,0.009964078,0.012830404,45Q-2040-l,500Mt-CostDecrease,NE,missing,CSP_int,missing,missing,missing,missing,missing,missing,missing,missing,EJ
2000,0.0,0.0,5.25798e-06,8.5106e-06,1.63838e-05,2.2158979999999998e-05,3.232846e-05,4.6402e-05,7.412061999999999e-05,45Q-2040-l,500Mt-CostDecrease,NE,missing,CSP_peak,missing,missing,missing,missing,missing,missing,missing,missing,EJ
2001,9.96022e-05,8.9501e-05,0.0006061387999999999,0.0006670178,0.0007396166,0.0007677179999999999,0.0008950975999999999,0.0017181336,0.0020109908,45Q-2040-l,500Mt-CostDecrease,NE,missing,CSP_subpeak,missing,missing,missing,missing,missing,missing,missing,missing,EJ
2002,0.0,0.0,1.05659e-05,1.973259e-05,7.602259e-05,0.00019464859,0.00022899239,0.00028435109,0.00029452609,45Q-2040-l,500Mt-CostDecrease,NE,missing,PV_base_storage,missing,missing,missing,missing,missing,missing,missing,missing,EJ
2003,0.0,0.0,0.0024054,0.0053228,0.0171819,0.0360493999999999,0.0430921399999999,0.0573464399999999,0.0655554399999999,45Q-2040-l,500Mt-CostDecrease,NE,missing,PV_int,missing,missing,missing,missing,missing,missing,missing,missing,EJ
2004,0.0,0.0,4.68474e-05,8.0331e-05,0.0001616485,0.0001986546,0.0002533352,0.0003033847,0.0003681423,45Q-2040-l,500Mt-CostDecrease,NE,missing,PV_peak,missing,missing,missing,missing,missing,missing,missing,missing,EJ
2005,0.0,0.0,0.000657156,0.001283865,0.002033695,0.0022137629999999,0.0028986739999999,0.0077189239999999,0.008302528,45Q-2040-l,500Mt-CostDecrease,NE,missing,PV_subpeak,missing,missing,missing,missing,missing,missing,missing,missing,EJ
2006,0.0,0.0,5.63866e-05,5.2790784e-05,0.000337924327,0.0007601369100000001,0.00026465385,0.000365656345,0.00013191192,45Q-2040-l,500Mt-CostDecrease,NE,missing,biogas_base_CC,missing,missing,missing,missing,missing,missing,missing,missing,EJ
2007,0.0,0.0,0.0,2.79207e-05,0.000237002998,0.00074565359,0.00030152871,0.000524852177,0.0002128686024,45Q-2040-l,500Mt-CostDecrease,NE,missing,biogas_base_CC_CCS,missing,missing,missing,missing,missing,missing,missing,missing,EJ
2008,0.0,0.0,0.000114377,8.492722e-05,0.0002545825,0.0007427775,0.0005267988,0.0017331039,0.0019031389999999,45Q-2040-l,500Mt-CostDecrease,NE,missing,biogas_int_CC,missing,missing,missing,missing,missing,missing,missing,missing,EJ
2009,0.0,0.0,0.0,3.01565e-05,0.00011680013,0.00044110131,0.0003842286,0.0014615918,0.0020646659,45Q-2040-l,500Mt-CostDecrease,NE,missing,biogas_int_CC_CCS,missing,missing,missing,missing,missing,missing,missing,missing,EJ
2010,0.0,0.0,5.57216e-08,3.518566e-08,6.4928923e-08,6.505529e-08,1.1303804e-07,2.4846468e-07,4.935979e-07,45Q-2040-l,500Mt-CostDecrease,NE,missing,biogas_peak_CC,missing,missing,missing,missing,missing,missing,missing,missing,EJ
2011,0.0,0.0,0.0,4.91155e-09,9.865111e-09,1.0712381e-08,2.0033333000000002e-08,5.3325750000000004e-08,1.1515771000000001e-07,45Q-2040-l,500Mt-CostDecrease,NE,missing,biogas_peak_CC_CCS,missing,missing,missing,missing,missing,missing,missing,missing,EJ
2012,0.0,0.0,5.212161e-08,2.9664620000000006e-08,5.464615e-08,4.412428e-08,7.6262712e-08,1.4633439400000004e-07,3.19480776e-07,45Q-2040-l,500Mt-CostDecrease,NE,missing,biogas_peak_steam/CT,missing,missing,missing,missing,missing,missing,missing,missing,EJ
2013,0.0,0.0,7.15728e-08,2.0671661e-07,2.52813962e-06,1.38099182e-06,5.28835943e-06,6.89786972e-05,4.46381792e-05,45Q-2040-l,500Mt-CostDecrease,NE,missing,biogas_subpeak_CC,missing,missing,missing,missing,missing,missing,missing,missing,EJ
2014,0.0,0.0,0.0,4.18059e-08,5.7491338e-07,3.8737826e-07,1.46236589e-06,2.08726088e-05,2.20705886e-05,45Q-2040-l,500Mt-CostDecrease,NE,missing,biogas_subpeak_CC_CCS,missing,missing,missing,missing,missing,missing,missing,missing,EJ
2015,0.0,0.0,4.871884e-08,1.34157512e-07,1.636269004e-06,7.02095585e-07,3.0588376820000004e-06,4.221516121599999e-05,1.3660722488e-05,45Q-2040-l,500Mt-CostDecrease,NE,missing,biogas_subpeak_steam/CT,missing,missing,missing,missing,missing,missing,missing,missing,EJ
2016,0.0,0.0,1.042087e-05,1.352104e-05,6.002462e-05,0.00021849243,0.00025352003,0.000277039609,0.0001103150108,45Q-2040-l,500Mt-CostDecrease,NE,missing,biomass_base_IGCC,missing,missing,missing,missing,missing,missing,missing,missing,EJ
2017,0.0,0.0,0.0,3.96424e-06,5.054251e-05,0.00051285083,0.00070645102,0.00262883739,0.00413321251,45Q-2040-l,500Mt-CostDecrease,NE,missing,biomass_base_IGCC_CCS,missing,missing,missing,missing,missing,missing,missing,missing,EJ
2018,0.0,6.54007e-05,2.8311e-05,2.8612680000000003e-05,0.00010406603,0.00034311447,0.00034644978,0.00032088353000000005,0.0001270169963,45Q-2040-l,500Mt-CostDecrease,NE,missing,biomass_base_conv,missing,missing,missing,missing,missing,missing,missing,missing,EJ
2019,0.0,0.0,0.0,4.49903e-06,7.294376e-05,0.00130324195,0.0018194646299999,0.01740994528,0.0376755222299999,45Q-2040-l,500Mt-CostDecrease,NE,missing,biomass_base_conv_CCS,missing,missing,missing,missing,missing,missing,missing,missing,EJ
2020,0.0,0.0,3.08693e-06,4.806625e-06,1.0159067e-05,3.0113294e-05,4.054996300000001e-05,9.5025511e-05,0.000142979719,45Q-2040-l,500Mt-CostDecrease,NE,missing,biomass_int_IGCC,missing,missing,missing,missing,missing,missing,missing,missing,EJ
2021,0.0,0.0,0.0,8.07796e-07,4.045672e-06,2.1089425e-05,3.1002905e-05,0.000103266186,0.000180263226,45Q-2040-l,500Mt-CostDecrease,NE,missing,biomass_int_IGCC_CCS,missing,missing,missing,missing,missing,missing,missing,missing,EJ
2022,0.0,6.54006e-05,5.08102e-05,5.93858e-05,6.064265e-05,0.00011658192999999998,0.00013032928,0.00023566519000000003,0.00031202374,45Q-2040-l,500Mt-CostDecrease,NE,missing,biomass_int_conv,missing,missing,missing,missing,missing,missing,missing,missing,EJ
2023,0.0,0.0,0.0,1.22268e-06,6.759700000000001e-06,4.191161e-05,6.202241e-05,0.00023536414,0.00042493564,45Q-2040-l,500Mt-CostDecrease,NE,missing,biomass_int_conv_CCS,missing,missing,missing,missing,missing,missing,missing,missing,EJ
2024,0.0,0.0,0.0,0.000258335,0.0012388429999999,0.00318073,0.003786344,0.004491883,0.0033957198999999,45Q-2040-l,500Mt-CostDecrease,NE,missing,coal_base_IGCC_CCS,missing,missing,missing,missing,missing,missing,missing,missing,EJ
2025,0.0258685899999999,0.04462245,0.0,0.0,0.0,0.0,0.0,0.0,0.0,45Q-2040-l,500Mt-CostDecrease,NE,missing,coal_base_conv pul,missing,missing,missing,missing,missing,missing,missing,missing,EJ
2026,0.0,0.0,7.026475e-05,6.67766e-05,3.510271e-05,4.013033e-06,0.0,0.0,0.0,45Q-2040-l,500Mt-CostDecrease,NE,missing,coal_base_conv pul 1956-1960,missing,missing,missing,missing,missing,missing,missing,missing,EJ
2027,0.0,0.0,0.003578103,0.003534353,0.002154454,0.0003648158000000001,0.00015280509999999998,0.0,0.0,45Q-2040-l,500Mt-CostDecrease,NE,missing,coal_base_conv pul 1961-1965,missing,missing,missing,missing,missing,missing,missing,missing,EJ
2028,0.0,0.0,0.002197736,0.002190377,0.001387765,0.0002724978,0.0001690563,2.14252e-06,0.0,45Q-2040-l,500Mt-CostDecrease,NE,missing,coal_base_conv pul 1966-1970,missing,missing,missing,missing,missing,missing,missing,missing,EJ
2029,0.0,0.0,0.01952452,0.01950635,0.0124923999999999,0.0025701459999999,0.001914141,4.097877e-05,2.605537e-06,45Q-2040-l,500Mt-CostDecrease,NE,missing,coal_base_conv pul 1976-1980,missing,missing,missing,missing,missing,missing,missing,missing,EJ
2030,0.0,0.0,0.0106872699999999,0.01067841,0.0068419299999999,0.0014105539999999,0.0010602089999999,2.359468e-05,1.7214480000000002e-06,45Q-2040-l,500Mt-CostDecrease,NE,missing,coal_base_conv pul 1981-1985,missing,missing,missing,missing,missing,missing,missing,missing,EJ
2031,0.0,0.0,0.000107606,0.0001075229,6.89097e-05,1.422243e-05,1.074279e-05,2.443138e-07,1.947894e-08,45Q-2040-l,500Mt-CostDecrease,NE,missing,coal_base_conv pul 1986-1990,missing,missing,missing,missing,missing,missing,missing,missing,EJ
2032,0.0,0.0,0.0110081,0.01099976,0.00705007,0.001455536,0.001100994,2.519816e-05,2.065926e-06,45Q-2040-l,500Mt-CostDecrease,NE,missing,coal_base_conv pul 2006-2010,missing,missing,missing,missing,missing,missing,missing,missing,EJ
2033,0.0,0.0,0.002235494,0.002233808,0.001431714,0.0002955877,0.0002235868,5.11721e-06,4.1955650000000004e-07,45Q-2040-l,500Mt-CostDecrease,NE,missing,coal_base_conv pul 2011-2015,missing,missing,missing,missing,missing,missing,missing,missing,EJ
2034,0.0,0.0,0.0,0.000319686,0.001433283,0.003498116,0.004117016,0.004689901,0.0031701254,45Q-2040-l,500Mt-CostDecrease,NE,missing,coal_base_conv pul_CCS,missing,missing,missing,missing,missing,missing,missing,missing,EJ
2035,0.000984838,0.001698814,0.0,0.0,0.0,0.0,0.0,0.0,0.0,45Q-2040-l,500Mt-CostDecrease,NE,missing,coal_base_conv pul_retire_2020,missing,missing,missing,missing,missing,missing,missing,missing,EJ
2036,0.0,0.0,0.0,3.62007e-05,0.0001099305,0.000309216,0.0004001116,0.0007788700000000001,0.0010838711,45Q-2040-l,500Mt-CostDecrease,NE,missing,coal_int_IGCC_CCS,missing,missing,missing,missing,missing,missing,missing,missing,EJ
2037,0.0213022,0.03415092,0.0,0.0,0.0,0.0,0.0,0.0,0.0,45Q-2040-l,500Mt-CostDecrease,NE,missing,coal_int_conv pul,missing,missing,missing,missing,missing,missing,missing,missing,EJ
2038,0.0,0.0,5.410313e-05,5.145343e-05,3.770512e-05,1.114706e-05,0.0,0.0,0.0,45Q-2040-l,500Mt-CostDecrease,NE,missing,coal_int_conv pul 1956-1960,missing,missing,missing,missing,missing,missing,missing,missing,EJ
2039,0.0,0.0,0.002755104,0.002723334,0.00231418,0.001013356,0.0005580228,0.0,0.0,45Q-2040-l,500Mt-CostDecrease,NE,missing,coal_int_conv pul 1961-1965,missing,missing,missing,missing,missing,missing,missing,missing,EJ
2040,0.0,0.0,0.0016922349999999,0.001687757,0.001490651,0.0007569230000000001,0.0006173727000000001,0.0001929604,0.0,45Q-2040-l,500Mt-CostDecrease,NE,missing,coal_int_conv pul 1966-1970,missing,missing,missing,missing,missing,missing,missing,missing,EJ
2041,0.0,0.0,0.01503373,0.01503029,0.0134186,0.00713914,0.006990207,0.003690628,0.001941861,45Q-2040-l,500Mt-CostDecrease,NE,missing,coal_int_conv pul 1976-1980,missing,missing,missing,missing,missing,missing,missing,missing,EJ
2042,0.0,0.0,0.00822908,0.00822804,0.00734917,0.003918131,0.003871739,0.002124984,0.001282961,45Q-2040-l,500Mt-CostDecrease,NE,missing,coal_int_conv pul 1981-1985,missing,missing,missing,missing,missing,missing,missing,missing,EJ
2043,0.0,0.0,8.28555e-05,8.28496e-05,7.40184e-05,3.950586e-05,3.923119e-05,2.200337e-05,1.451728e-05,45Q-2040-l,500Mt-CostDecrease,NE,missing,coal_int_conv pul 1986-1990,missing,missing,missing,missing,missing,missing,missing,missing,EJ
2044,0.0,0.0,0.00847611,0.00847566,0.00757274,0.004043077,0.0040206849999999,0.002269392,0.0015397,45Q-2040-l,500Mt-CostDecrease,NE,missing,coal_int_conv pul 2006-2010,missing,missing,missing,missing,missing,missing,missing,missing,EJ
2045,0.0,0.0,0.001721312,0.001721214,0.001537849,0.000821059,0.000816511,0.0004608665,0.00031268750000000003,45Q-2040-l,500Mt-CostDecrease,NE,missing,coal_int_conv pul 2011-2015,missing,missing,missing,missing,missing,missing,missing,missing,EJ
2046,0.0,0.0,0.0,4.65875e-05,0.0001339792,0.0003550788,0.0004512888000000001,0.0008344636999999999,0.0011336825999999,45Q-2040-l,500Mt-CostDecrease,NE,missing,coal_int_conv pul_CCS,missing,missing,missing,missing,missing,missing,missing,missing,EJ
2047,0.0008109899999999999,0.0013001459999999,0.0,0.0,0.0,0.0,0.0,0.0,0.0,45Q-2040-l,500Mt-CostDecrease,NE,missing,coal_int_conv pul_retire_2020,missing,missing,missing,missing,missing,missing,missing,missing,EJ
2048,0.0002559737,0.0,0.0,0.0,0.0,0.0,0.0,0.0,0.0,45Q-2040-l,500Mt-CostDecrease,NE,missing,coal_peak_conv pul,missing,missing,missing,missing,missing,missing,missing,missing,EJ
2049,9.74509e-06,0.0,0.0,0.0,0.0,0.0,0.0,0.0,0.0,45Q-2040-l,500Mt-CostDecrease,NE,missing,coal_peak_conv pul_retire_2020,missing,missing,missing,missing,missing,missing,missing,missing,EJ
2050,0.001674584,0.0,0.0,0.0,0.0,0.0,0.0,0.0,0.0,45Q-2040-l,500Mt-CostDecrease,NE,missing,coal_subpeak_conv pul,missing,missing,missing,missing,missing,missing,missing,missing,EJ
2051,6.375272e-05,0.0,0.0,0.0,0.0,0.0,0.0,0.0,0.0,45Q-2040-l,500Mt-CostDecrease,NE,missing,coal_subpeak_conv pul_retire_2020,missing,missing,missing,missing,missing,missing,missing,missing,EJ
2052,0.000167405,0.000515606,0.00297937,0.005006675,0.010954583,0.0156412447,0.0155763561,0.0044280297,0.000938483281,45Q-2040-l,500Mt-CostDecrease,NE,missing,gas_base_CC,missing,missing,missing,missing,missing,missing,missing,missing,EJ
2053,0.0,0.0,0.0,0.00063975,0.004443498,0.011929034,0.014062525,0.01518314,0.007523539,45Q-2040-l,500Mt-CostDecrease,NE,missing,gas_base_CC_CCS,missing,missing,missing,missing,missing,missing,missing,missing,EJ
2054,4.59012e-05,0.000141201,0.00369121,0.00528035,0.008049772,0.012188886,0.013815423,0.018749504,0.021646368,45Q-2040-l,500Mt-CostDecrease,NE,missing,gas_int_CC,missing,missing,missing,missing,missing,missing,missing,missing,EJ
2055,0.0,0.0,0.0,0.000288238,0.0011293499999999,0.003200253,0.004119048,0.007797945,0.010648752,45Q-2040-l,500Mt-CostDecrease,NE,missing,gas_int_CC_CCS,missing,missing,missing,missing,missing,missing,missing,missing,EJ
2056,8.26057e-05,0.00032761,9.662647e-05,8.8275785e-05,7.364476500000001e-05,5.956243500000001e-05,4.7712539e-05,3.6159164000000006e-05,2.6518295000000003e-05,45Q-2040-l,500Mt-CostDecrease,NE,missing,gas_peak_CC,missing,missing,missing,missing,missing,missing,missing,missing,EJ
2057,0.0,0.0,0.0,2.5808e-08,5.7457e-08,8.25556e-08,1.265418e-07,2.09537e-07,4.040481e-07,45Q-2040-l,500Mt-CostDecrease,NE,missing,gas_peak_CC_CCS,missing,missing,missing,missing,missing,missing,missing,missing,EJ
2058,6.12042e-05,0.000115203,4.87636e-05,4.21125e-05,2.05453e-05,1.48363e-05,1.238e-05,8.99738e-06,4.9355e-06,45Q-2040-l,500Mt-CostDecrease,NE,missing,gas_peak_steam/CT,missing,missing,missing,missing,missing,missing,missing,missing,EJ
2059,0.00043391,0.00172072,0.0001297552,0.00012900265,0.0001325074,0.00011963937,0.00013431328,0.00045872966,0.00050686712,45Q-2040-l,500Mt-CostDecrease,NE,missing,gas_subpeak_CC,missing,missing,missing,missing,missing,missing,missing,missing,EJ
2060,0.0,0.0,0.0,9.54029e-07,3.578743e-06,4.6156890000000005e-06,9.351694e-06,7.622424799999999e-05,9.411887000000002e-05,45Q-2040-l,500Mt-CostDecrease,NE,missing,gas_subpeak_CC_CCS,missing,missing,missing,missing,missing,missing,missing,missing,EJ
2061,0.000321407,0.000605307,6.03403e-05,5.35878e-05,2.74037e-05,1.9075e-05,1.58641e-05,1.2118e-05,6.77521e-06,45Q-2040-l,500Mt-CostDecrease,NE,missing,gas_subpeak_steam/CT,missing,missing,missing,missing,missing,missing,missing,missing,EJ
2062,0.0038691,0.0032041,0.0072298,0.0072187,0.0072108,0.0072119,0.0071957,0.0071354,0.0071433,45Q-2040-l,500Mt-CostDecrease,NE,missing,hydro_base,missing,missing,missing,missing,missing,missing,missing,missing,EJ
2063,0.0286641,0.0328516,0.0387099,0.0386272,0.027285,0.0,0.0,0.0,0.0,45Q-2040-l,500Mt-CostDecrease,NE,missing,nuc_base_Gen II,missing,missing,missing,missing,missing,missing,missing,missing,EJ
2064,0.0,0.0,0.0,0.0,0.00427079,0.01341274,0.01609397,0.02047529,0.022137131,45Q-2040-l,500Mt-CostDecrease,NE,missing,nuc_base_Gen III,missing,missing,missing,missing,missing,missing,missing,missing,EJ
2065,0.0,0.0,1.146648e-05,8.74561e-06,2.859355e-06,3.332659e-06,2.967988e-06,2.713991e-06,1.656013e-06,45Q-2040-l,500Mt-CostDecrease,NE,missing,refined liquids_peak_steam/CT,missing,missing,missing,missing,missing,missing,missing,missing,EJ
2066,6.400154e-05,0.0001400017,1.25867e-05,1.057506e-05,3.291213e-06,3.545587e-06,3.142426e-06,2.996411e-06,1.847905e-06,45Q-2040-l,500Mt-CostDecrease,NE,missing,refined liquids_subpeak_steam/CT,missing,missing,missing,missing,missing,missing,missing,missing,EJ
2067,0.0,0.0,9.03254e-05,0.000978087,0.00309637,0.00399303,0.00461781,0.00282827,0.00196909,45Q-2040-l,500Mt-CostDecrease,NE,missing,rooftop_pv,missing,missing,missing,missing,missing,missing,missing,missing,EJ
2068,0.0,0.000209502,0.00954038,0.01411243,0.03532833,0.06204363,0.07035211,0.08614284,0.09321951,45Q-2040-l,500Mt-CostDecrease,NE,missing,wind_base,missing,missing,missing,missing,missing,missing,missing,missing,EJ
2069,0.0,0.0,6.42604e-05,0.00016466240000000002,0.0007515264,0.0019274964,0.0022725764,0.0028637674,0.003024222,45Q-2040-l,500Mt-CostDecrease,NE,missing,wind_base_storage,missing,missing,missing,missing,missing,missing,missing,missing,EJ
2070,0.0,8.73008e-05,0.00289911,0.00289911,0.00289911,0.00289911,0.00289911,0.0,0.0,45Q-2040-l,500Mt-CostDecrease,NE,missing,wind_int,missing,missing,missing,missing,missing,missing,missing,missing,EJ
2071,0.0,5.24006e-05,0.00173944,0.00173944,0.00173944,0.00173944,0.00173944,0.0,0.0,45Q-2040-l,500Mt-CostDecrease,NE,missing,wind_subpeak,missing,missing,missing,missing,missing,missing,missing,missing,EJ
2072,0.0,0.0,4.98139e-05,0.0001375515,0.00038774550000000006,0.0006933905000000001,0.0008748555000000001,0.0011500135,0.0012402036,45Q-2040-l,500Mt-CostDecrease,NV,missing,CSP_base_storage,missing,missing,missing,missing,missing,missing,missing,missing,EJ
2073,0.0,0.0,0.001003226,0.001961678,0.004636338,0.010211998,0.013295858,0.017894178,0.025624832,45Q-2040-l,500Mt-CostDecrease,NV,missing,CSP_int,missing,missing,missing,missing,missing,missing,missing,missing,EJ
2074,0.0,0.0,0.0001844512,0.0002903872,0.0005696472,0.0009410752,0.0011858672,0.0015120292,0.002170458,45Q-2040-l,500Mt-CostDecrease,NV,missing,CSP_peak,missing,missing,missing,missing,missing,missing,missing,missing,EJ
2075,0.0001705032,0.0001532016,0.001816468,0.002407578,0.003928664,0.006070964,0.0075880759999999,0.010872332,0.014746248,45Q-2040-l,500Mt-CostDecrease,NV,missing,CSP_subpeak,missing,missing,missing,missing,missing,missing,missing,missing,EJ
2076,0.0,0.0,7.81393e-06,2.295343e-05,6.770583000000001e-05,0.00012370383,0.00015748613,0.00020925903,0.000227976,45Q-2040-l,500Mt-CostDecrease,NV,missing,PV_base_storage,missing,missing,missing,missing,missing,missing,missing,missing,EJ
2077,0.0,0.0,0.00503001,0.0100020099999999,0.02102661,0.03505761,0.04158174,0.04984403,0.05988842,45Q-2040-l,500Mt-CostDecrease,NV,missing,PV_int,missing,missing,missing,missing,missing,missing,missing,missing,EJ
2078,0.0,0.0,0.000924807,0.001474354,0.002625424,0.003560113,0.004077987,0.004664038,0.0051940209999999,45Q-2040-l,500Mt-CostDecrease,NV,missing,PV_peak,missing,missing,missing,missing,missing,missing,missing,missing,EJ
2079,0.0,0.0,0.01214396,0.01521036,0.02148009,0.02687116,0.03008072,0.03001392,0.03372396,45Q-2040-l,500Mt-CostDecrease,NV,missing,PV_subpeak,missing,missing,missing,missing,missing,missing,missing,missing,EJ
2080,0.0,0.0,2.21992e-05,4.6202181e-05,0.000142709791,0.000189424201,0.000123536702,0.0001803961626,8.931550934e-05,45Q-2040-l,500Mt-CostDecrease,NV,missing,biogas_base_CC,missing,missing,missing,missing,missing,missing,missing,missing,EJ
2081,0.0,0.0,0.0,2.47067e-05,0.000100808484,0.000186426685,0.000131958516,0.000255865698,0.0001423775277,45Q-2040-l,500Mt-CostDecrease,NV,missing,biogas_base_CC_CCS,missing,missing,missing,missing,missing,missing,missing,missing,EJ
2082,0.0,0.0,0.000160662,0.00011146898,0.00025335103,0.0005740805,0.0004259245,0.0006294537,0.0009593313,45Q-2040-l,500Mt-CostDecrease,NV,missing,biogas_int_CC,missing,missing,missing,missing,missing,missing,missing,missing,EJ
2083,0.0,0.0,0.0,4.06555e-05,0.00011629278,0.00034158823000000004,0.00030083553,0.0006209598,0.0010900979999999,45Q-2040-l,500Mt-CostDecrease,NV,missing,biogas_int_CC_CCS,missing,missing,missing,missing,missing,missing,missing,missing,EJ
2084,0.0,0.0,7.5517e-07,4.457255e-07,9.7966983e-07,1.408393e-06,1.0102028e-06,1.3621076e-06,2.9541698e-06,45Q-2040-l,500Mt-CostDecrease,NV,missing,biogas_peak_CC,missing,missing,missing,missing,missing,missing,missing,missing,EJ
2085,0.0,0.0,0.0,6.49502e-08,1.5132228000000002e-07,2.3414171000000001e-07,1.8450395e-07,3.1742547e-07,6.7977019e-07,45Q-2040-l,500Mt-CostDecrease,NV,missing,biogas_peak_CC_CCS,missing,missing,missing,missing,missing,missing,missing,missing,EJ
2086,0.0,0.0,7.02672e-07,3.8907135800000003e-07,8.342226809999999e-07,1.1375450419999998e-06,7.31698582e-07,9.71363935e-07,2.284424599e-06,45Q-2040-l,500Mt-CostDecrease,NV,missing,biogas_peak_steam/CT,missing,missing,missing,missing,missing,missing,missing,missing,EJ
2087,0.0,0.0,1.4577e-05,1.0462463e-05,2.3185969000000003e-05,3.5645758e-05,2.8380873e-05,7.0139278e-05,7.6259797e-05,45Q-2040-l,500Mt-CostDecrease,NV,missing,biogas_subpeak_CC,missing,missing,missing,missing,missing,missing,missing,missing,EJ
2088,0.0,0.0,0.0,2.10621e-06,5.2356841e-06,9.181629e-06,8.188155000000001e-06,2.4234923e-05,3.2500389e-05,45Q-2040-l,500Mt-CostDecrease,NV,missing,biogas_subpeak_CC_CCS,missing,missing,missing,missing,missing,missing,missing,missing,EJ
2089,0.0,0.0,9.86627e-06,6.67181981e-06,1.462712489e-05,2.120135555e-05,1.4800434140000002e-05,3.97035861e-05,4.158662762999999e-05,45Q-2040-l,500Mt-CostDecrease,NV,missing,biogas_subpeak_steam/CT,missing,missing,missing,missing,missing,missing,missing,missing,EJ
2090,0.0,0.0,4.893390000000001e-06,1.11421e-05,3.05636e-05,6.910945e-05,8.991663999999999e-05,0.00013191793499999998,7.310385940000001e-05,45Q-2040-l,500Mt-CostDecrease,NV,missing,biomass_base_IGCC,missing,missing,missing,missing,missing,missing,missing,missing,EJ
2091,0.0,0.0,0.0,3.96491e-06,2.596362e-05,0.00015602808,0.00026854707,0.00134532844,0.00249531019,45Q-2040-l,500Mt-CostDecrease,NV,missing,biomass_base_IGCC_CCS,missing,missing,missing,missing,missing,missing,missing,missing,EJ
2092,0.0,0.0,1.405348e-05,2.230488e-05,4.970557e-05,9.982169e-05,0.00011332959,0.000158871228,8.851948983e-05,45Q-2040-l,500Mt-CostDecrease,NV,missing,biomass_base_conv,missing,missing,missing,missing,missing,missing,missing,missing,EJ
2093,0.0,0.0,0.0,4.52686e-06,3.715559e-05,0.00039041618,0.00069647395,0.00992349181,0.02659224293,45Q-2040-l,500Mt-CostDecrease,NV,missing,biomass_base_conv_CCS,missing,missing,missing,missing,missing,missing,missing,missing,EJ
2094,0.0,0.0,4.538620000000001e-06,6.84048e-06,1.231717e-05,2.819585e-05,3.826322e-05,5.704212e-05,9.587969e-05,45Q-2040-l,500Mt-CostDecrease,NV,missing,biomass_int_IGCC,missing,missing,missing,missing,missing,missing,missing,missing,EJ
2095,0.0,0.0,0.0,1.130569e-06,4.4660900000000005e-06,1.8135637e-05,2.7854427e-05,5.3855562e-05,0.000118543528,45Q-2040-l,500Mt-CostDecrease,NV,missing,biomass_int_IGCC_CCS,missing,missing,missing,missing,missing,missing,missing,missing,EJ
2096,0.0,0.0,2.740142e-05,3.4481780000000004e-05,4.437245e-05,8.254612999999999e-05,9.96026e-05,0.00013150553,0.00019475788,45Q-2040-l,500Mt-CostDecrease,NV,missing,biomass_int_conv,missing,missing,missing,missing,missing,missing,missing,missing,EJ
2097,0.0,0.0,0.0,1.7175e-06,7.446459999999999e-06,3.5784620000000004e-05,5.559651e-05,0.00011832034,0.00027843553,45Q-2040-l,500Mt-CostDecrease,NV,missing,biomass_int_conv_CCS,missing,missing,missing,missing,missing,missing,missing,missing,EJ
2098,0.0,0.0,0.0,0.0001604973,0.0005563963,0.0010171487,0.0013184379,0.0016275691,0.0010837777,45Q-2040-l,500Mt-CostDecrease,NV,missing,coal_base_IGCC_CCS,missing,missing,missing,missing,missing,missing,missing,missing,EJ
2099,0.0199647,0.0238826,0.0,0.0,0.0,0.0,0.0,0.0,0.0,45Q-2040-l,500Mt-CostDecrease,NV,missing,coal_base_conv pul,missing,missing,missing,missing,missing,missing,missing,missing,EJ
2100,0.0,0.0,0.00102425,0.0,0.0,0.0,0.0,0.0,0.0,45Q-2040-l,500Mt-CostDecrease,NV,missing,coal_base_conv pul 1981-1985,missing,missing,missing,missing,missing,missing,missing,missing,EJ
2101,0.0,0.0,0.000960888,0.000960057,0.000531221,4.52663e-05,3.71043e-05,1.62028e-06,1.20825e-07,45Q-2040-l,500Mt-CostDecrease,NV,missing,coal_base_conv pul 2006-2010,missing,missing,missing,missing,missing,missing,missing,missing,EJ
2102,0.0,0.0,0.0,0.000194949,0.0006377538000000001,0.001117447,0.0014202659999999,0.0016467868999999,0.0009484042,45Q-2040-l,500Mt-CostDecrease,NV,missing,coal_base_conv pul_CCS,missing,missing,missing,missing,missing,missing,missing,missing,EJ
2103,0.00138186,0.00165304,0.0,0.0,0.0,0.0,0.0,0.0,0.0,45Q-2040-l,500Mt-CostDecrease,NV,missing,coal_base_conv pul_retire_2020,missing,missing,missing,missing,missing,missing,missing,missing,EJ
2104,0.0,0.0,0.0,4.2681e-05,0.0001152824,0.0002681029,0.0003533501,0.0004833652,0.0007281169000000001,45Q-2040-l,500Mt-CostDecrease,NV,missing,coal_int_IGCC_CCS,missing,missing,missing,missing,missing,missing,missing,missing,EJ
2105,0.0295748,0.0430432,0.0,0.0,0.0,0.0,0.0,0.0,0.0,45Q-2040-l,500Mt-CostDecrease,NV,missing,coal_int_conv pul,missing,missing,missing,missing,missing,missing,missing,missing,EJ
2106,0.0,0.0,0.00358833,0.0,0.0,0.0,0.0,0.0,0.0,45Q-2040-l,500Mt-CostDecrease,NV,missing,coal_int_conv pul 1981-1985,missing,missing,missing,missing,missing,missing,missing,missing,EJ
2107,0.0,0.0,0.00336635,0.00336597,0.0029478,0.00122253,0.0011714,0.000337426,0.000193839,45Q-2040-l,500Mt-CostDecrease,NV,missing,coal_int_conv pul 2006-2010,missing,missing,missing,missing,missing,missing,missing,missing,EJ
2108,0.0,0.0,0.0,5.44907e-05,0.0001399761,0.0003085397,0.0003982922,0.0005290122999999999,0.0007679189000000001,45Q-2040-l,500Mt-CostDecrease,NV,missing,coal_int_conv pul_CCS,missing,missing,missing,missing,missing,missing,missing,missing,EJ
2109,0.00204703,0.00297925,0.0,0.0,0.0,0.0,0.0,0.0,0.0,45Q-2040-l,500Mt-CostDecrease,NV,missing,coal_int_conv pul_retire_2020,missing,missing,missing,missing,missing,missing,missing,missing,EJ
2110,0.000798684,0.0,0.0,0.0,0.0,0.0,0.0,0.0,0.0,45Q-2040-l,500Mt-CostDecrease,NV,missing,coal_peak_conv pul,missing,missing,missing,missing,missing,missing,missing,missing,EJ
2111,5.52811e-05,0.0,0.0,0.0,0.0,0.0,0.0,0.0,0.0,45Q-2040-l,500Mt-CostDecrease,NV,missing,coal_peak_conv pul_retire_2020,missing,missing,missing,missing,missing,missing,missing,missing,EJ
2112,0.00560786,0.0,0.0,0.0,0.0,0.0,0.0,0.0,0.0,45Q-2040-l,500Mt-CostDecrease,NV,missing,coal_subpeak_conv pul,missing,missing,missing,missing,missing,missing,missing,missing,EJ
2113,0.00038815,0.0,0.0,0.0,0.0,0.0,0.0,0.0,0.0,45Q-2040-l,500Mt-CostDecrease,NV,missing,coal_subpeak_conv pul_retire_2020,missing,missing,missing,missing,missing,missing,missing,missing,EJ
2114,0.0,0.0,0.0139581438,0.0148157759,0.0123176039,0.0068024953,0.0060140012,0.00152081725,0.000421798955,45Q-2040-l,500Mt-CostDecrease,NV,missing,gas_base_CC,missing,missing,missing,missing,missing,missing,missing,missing,EJ
2115,0.0,0.0,0.0,0.0006609401,0.0018776039,0.0032421036,0.0040695506,0.0043868786,0.00190690389,45Q-2040-l,500Mt-CostDecrease,NV,missing,gas_base_CC_CCS,missing,missing,missing,missing,missing,missing,missing,missing,EJ
2116,0.005600472,0.0472369699999999,0.068096536,0.0650496355,0.0563307128,0.0464992002,0.040269387,0.0294261103,0.0236911698,45Q-2040-l,500Mt-CostDecrease,NV,missing,gas_int_CC,missing,missing,missing,missing,missing,missing,missing,missing,EJ
2117,0.0,0.0,0.0,0.000446168,0.0010835657,0.0023235627,0.0029913748,0.0039755775,0.0057546691,45Q-2040-l,500Mt-CostDecrease,NV,missing,gas_int_CC_CCS,missing,missing,missing,missing,missing,missing,missing,missing,EJ
2118,0.00015309414,0.0016629475,0.001213357376,0.0011019648102999,0.0008854765358,0.0006331042740000001,0.0004953282238,0.0002736098616000001,0.00015489988670000003,45Q-2040-l,500Mt-CostDecrease,NV,missing,gas_peak_CC,missing,missing,missing,missing,missing,missing,missing,missing,EJ
2119,0.0,0.0,0.0,1.5632368e-07,3.733058e-07,6.7100944e-07,8.598142200000001e-07,1.12096604e-06,1.77251072e-06,45Q-2040-l,500Mt-CostDecrease,NV,missing,gas_peak_CC_CCS,missing,missing,missing,missing,missing,missing,missing,missing,EJ
2120,0.00011339511,0.0005849162,0.000563509856,0.00048045492690000006,0.0002160596329,9.57510659e-05,7.52761814e-05,2.759458055e-05,1.613795169e-05,45Q-2040-l,500Mt-CostDecrease,NV,missing,gas_peak_steam/CT,missing,missing,missing,missing,missing,missing,missing,missing,EJ
2121,0.0010699204,0.011621844,0.00660057051,0.00606955729,0.0050937462,0.00392632011,0.0031805659,0.002080238414,0.001402734691,45Q-2040-l,500Mt-CostDecrease,NV,missing,gas_subpeak_CC,missing,missing,missing,missing,missing,missing,missing,missing,EJ
2122,0.0,0.0,0.0,7.570575e-06,1.8313115e-05,3.3514477e-05,4.3958577e-05,7.3520662e-05,0.000105340898,45Q-2040-l,500Mt-CostDecrease,NV,missing,gas_subpeak_CC_CCS,missing,missing,missing,missing,missing,missing,missing,missing,EJ
2123,0.0007926157,0.004087841,0.00334683232,0.00294814453,0.00159196034,0.000840053371,0.000700770871,0.00036607902,0.000249259056,45Q-2040-l,500Mt-CostDecrease,NV,missing,gas_subpeak_steam/CT,missing,missing,missing,missing,missing,missing,missing,missing,EJ
2124,0.00284308,0.00519139,0.01646812,0.0195485,0.0254088,0.03234785,0.03638396,0.0297892399999999,0.02957864,45Q-2040-l,500Mt-CostDecrease,NV,missing,geo_base,missing,missing,missing,missing,missing,missing,missing,missing,EJ
2125,0.00444011,0.006259,0.0097148,0.0096999,0.0096893,0.0096907,0.009669,0.0095879,0.0095986,45Q-2040-l,500Mt-CostDecrease,NV,missing,hydro_base,missing,missing,missing,missing,missing,missing,missing,missing,EJ
2126,0.00144819,0.0,0.0,0.0,0.0,0.0,0.0,0.0,0.0,45Q-2040-l,500Mt-CostDecrease,NV,missing,hydro_int,missing,missing,missing,missing,missing,missing,missing,missing,EJ
2127,0.0,0.0,6.481687e-06,7.718220000000001e-06,3.438167e-06,1.4921180000000002e-06,1.093177e-06,1.0887330000000001e-07,7.830189999999999e-09,45Q-2040-l,500Mt-CostDecrease,NV,missing,refined liquids_base_steam/CT,missing,missing,missing,missing,missing,missing,missing,missing,EJ
2128,0.000929029,7.59002e-05,0.0,0.0,0.0,0.0,0.0,0.0,0.0,45Q-2040-l,500Mt-CostDecrease,NV,missing,refined liquids_int_steam/CT,missing,missing,missing,missing,missing,missing,missing,missing,EJ
2129,0.0,0.0,0.0,0.0,0.0,0.0,0.0,0.0,0.0,45Q-2040-l,500Mt-CostDecrease,NV,missing,refined liquids_peak_steam/CT,missing,missing,missing,missing,missing,missing,missing,missing,EJ
2130,0.0002323047,1.900015e-05,0.0,0.0,0.0,0.0,0.0,0.0,0.0,45Q-2040-l,500Mt-CostDecrease,NV,missing,refined liquids_subpeak_steam/CT,missing,missing,missing,missing,missing,missing,missing,missing,EJ
2131,0.0,0.0,0.00161204,0.0119869,0.0141015,0.017116,0.0209424,0.0153772,0.0086916,45Q-2040-l,500Mt-CostDecrease,NV,missing,rooftop_pv,missing,missing,missing,missing,missing,missing,missing,missing,EJ
2132,0.0,0.0,0.002060566,0.005590286,0.015118286,0.025832286,0.032225916,0.041160036,0.04588651,45Q-2040-l,500Mt-CostDecrease,NV,missing,wind_base,missing,missing,missing,missing,missing,missing,missing,missing,EJ
2133,0.0,0.0,2.10987e-05,9.44107e-05,0.00030030970000000004,0.0005527237,0.0007046916999999999,0.0009370347,0.001035984,45Q-2040-l,500Mt-CostDecrease,NV,missing,wind_base_storage,missing,missing,missing,missing,missing,missing,missing,missing,EJ
2134,0.0,0.0,2.04065e-05,3.05295e-05,5.52706e-05,0.0001042092,0.0001303238,0.0001668196,0.0001737725,45Q-2040-l,500Mt-CostDecrease,NH,missing,PV_base_storage,missing,missing,missing,missing,missing,missing,missing,missing,EJ
2135,0.0,0.0,0.000601884,0.001634504,0.004125134,0.006383094,0.0080085939999999,0.0104203439999999,0.01146381,45Q-2040-l,500Mt-CostDecrease,NH,missing,PV_int,missing,missing,missing,missing,missing,missing,missing,missing,EJ
2136,0.0,0.0,2.65978e-05,5.2915600000000005e-05,0.0001039163,0.0001442812,0.0001679564,0.0002149348,0.0002345006,45Q-2040-l,500Mt-CostDecrease,NH,missing,PV_peak,missing,missing,missing,missing,missing,missing,missing,missing,EJ
2137,0.0,0.0,0.00010009,0.00025060800000000004,0.0005506970000000001,0.0007992920000000001,0.000953815,0.001462574,0.001597449,45Q-2040-l,500Mt-CostDecrease,NH,missing,PV_subpeak,missing,missing,missing,missing,missing,missing,missing,missing,EJ
2138,0.0,0.0,9.78648e-05,5.226425e-05,0.00013249728,0.00027658446,0.00017112177,0.000211594232,0.00015202344399999998,45Q-2040-l,500Mt-CostDecrease,NH,missing,biogas_base_CC,missing,missing,missing,missing,missing,missing,missing,missing,EJ
2139,0.0,0.0,0.0,2.67971e-05,8.8551515e-05,0.00025249602,0.00017011364000000002,0.000275747421,0.000220265576,45Q-2040-l,500Mt-CostDecrease,NH,missing,biogas_base_CC_CCS,missing,missing,missing,missing,missing,missing,missing,missing,EJ
2140,0.0,0.0,2.9735e-05,3.410047e-05,9.084725e-05,0.00017522331999999998,0.0002388389,0.0004017968,0.0004337374,45Q-2040-l,500Mt-CostDecrease,NH,missing,biogas_int_CC,missing,missing,missing,missing,missing,missing,missing,missing,EJ
2141,0.0,0.0,0.0,1.21689e-05,4.058855e-05,9.791057e-05,0.00014708564,0.00031072708,0.0004009616499999999,45Q-2040-l,500Mt-CostDecrease,NH,missing,biogas_int_CC_CCS,missing,missing,missing,missing,missing,missing,missing,missing,EJ
2142,0.0,0.0,3.66466e-08,3.378974e-08,7.403947e-08,1.1485071000000001e-07,1.2233062e-07,2.460787e-07,2.8419144e-07,45Q-2040-l,500Mt-CostDecrease,NH,missing,biogas_peak_CC,missing,missing,missing,missing,missing,missing,missing,missing,EJ
2143,0.0,0.0,0.0,4.96544e-09,1.1503541e-08,1.9200492e-08,2.241318e-08,5.37692e-08,7.458091e-08,45Q-2040-l,500Mt-CostDecrease,NH,missing,biogas_peak_CC_CCS,missing,missing,missing,missing,missing,missing,missing,missing,EJ
2144,0.0,0.0,3.338356e-08,2.864452e-08,6.08294e-08,8.4660645e-08,6.9048489e-08,1.53043795e-07,1.56239612e-07,45Q-2040-l,500Mt-CostDecrease,NH,missing,biogas_peak_steam/CT,missing,missing,missing,missing,missing,missing,missing,missing,EJ
2145,0.0,0.0,6.13014e-07,8.136392e-07,1.8290713e-06,3.0412392e-06,3.606263e-06,1.0219255e-05,8.469314e-06,45Q-2040-l,500Mt-CostDecrease,NH,missing,biogas_subpeak_CC,missing,missing,missing,missing,missing,missing,missing,missing,EJ
2146,0.0,0.0,0.0,1.6644e-07,4.1605031000000004e-07,7.845258e-07,1.0212916e-06,3.3599895e-06,3.775122300000001e-06,45Q-2040-l,500Mt-CostDecrease,NH,missing,biogas_subpeak_CC_CCS,missing,missing,missing,missing,missing,missing,missing,missing,EJ
2147,0.0,0.0,4.056854e-07,5.0824745e-07,1.116687479e-06,1.63332212e-06,1.44578414e-06,5.08281665e-06,2.70970936e-06,45Q-2040-l,500Mt-CostDecrease,NH,missing,biogas_subpeak_steam/CT,missing,missing,missing,missing,missing,missing,missing,missing,EJ
2148,0.0,0.0,0.000111335,0.00012437422,0.00018076672,0.00031636856,0.00038564446,0.00043802233,0.00033356715,45Q-2040-l,500Mt-CostDecrease,NH,missing,biomass_base_IGCC,missing,missing,missing,missing,missing,missing,missing,missing,EJ
2149,0.0,0.0,0.0,1.389938e-05,6.12215e-05,0.00038150988,0.00058946778,0.00183991949,0.00334597103,45Q-2040-l,500Mt-CostDecrease,NH,missing,biomass_base_IGCC_CCS,missing,missing,missing,missing,missing,missing,missing,missing,EJ
2150,0.001915337,0.001736313,0.001026318,0.0011720146999999,0.0013956969,0.0015724492999999,0.0013977973,0.0006726545,0.00034599342,45Q-2040-l,500Mt-CostDecrease,NH,missing,biomass_base_conv,missing,missing,missing,missing,missing,missing,missing,missing,EJ
2151,0.0,0.0,0.0,1.50155e-05,7.9718e-05,0.0008097159,0.0012757009,0.0074502089999999,0.0166165336,45Q-2040-l,500Mt-CostDecrease,NH,missing,biomass_base_conv_CCS,missing,missing,missing,missing,missing,missing,missing,missing,EJ
2152,0.0,0.0,6.2314e-05,9.188207e-05,0.00014154704,0.00021560403000000003,0.00028170346,0.00038868539,0.00045804192,45Q-2040-l,500Mt-CostDecrease,NH,missing,biomass_int_IGCC,missing,missing,missing,missing,missing,missing,missing,missing,EJ
2153,0.0,0.0,0.0,1.245574e-05,4.0040800000000005e-05,9.881016e-05,0.00015499936,0.00028493314,0.00038420113,45Q-2040-l,500Mt-CostDecrease,NH,missing,biomass_int_IGCC_CCS,missing,missing,missing,missing,missing,missing,missing,missing,EJ
2154,0.001915336,0.001736311,0.002323921,0.0023537345,0.0023045093,0.0024736302999999,0.0023421451,0.0021938573,0.0019351077999999,45Q-2040-l,500Mt-CostDecrease,NH,missing,biomass_int_conv,missing,missing,missing,missing,missing,missing,missing,missing,EJ
2155,0.0,0.0,0.0,1.81977e-05,6.348829999999999e-05,0.0001784902,0.0002861002,0.0005746397,0.0007971388000000001,45Q-2040-l,500Mt-CostDecrease,NH,missing,biomass_int_conv_CCS,missing,missing,missing,missing,missing,missing,missing,missing,EJ
2156,0.0,0.0,0.0,0.0001141115,0.0003635878,0.0008276293000000002,0.001075216,0.0011674778,0.00093531062,45Q-2040-l,500Mt-CostDecrease,NH,missing,coal_base_IGCC_CCS,missing,missing,missing,missing,missing,missing,missing,missing,EJ
2157,0.0063822,0.0091983,0.0,0.0,0.0,0.0,0.0,0.0,0.0,45Q-2040-l,500Mt-CostDecrease,NH,missing,coal_base_conv pul,missing,missing,missing,missing,missing,missing,missing,missing,EJ
2158,0.0,0.0,0.000163903,0.00014021,4.77671e-05,0.0,0.0,0.0,0.0,45Q-2040-l,500Mt-CostDecrease,NH,missing,coal_base_conv pul 1951-1955,missing,missing,missing,missing,missing,missing,missing,missing,EJ
2159,0.0,0.0,0.000841612,0.000815656,0.000404301,4.5615e-05,0.0,0.0,0.0,45Q-2040-l,500Mt-CostDecrease,NH,missing,coal_base_conv pul 1956-1960,missing,missing,missing,missing,missing,missing,missing,missing,EJ
2160,0.0,0.0,0.00144796,0.00143945,0.000792663,0.000127064,9.11123e-05,2.88802e-06,0.0,45Q-2040-l,500Mt-CostDecrease,NH,missing,coal_base_conv pul 1966-1970,missing,missing,missing,missing,missing,missing,missing,missing,EJ
2161,0.0,0.0,0.0,0.00012539970000000002,0.0003793595,0.0008249498,0.0010459468,0.0010186906,0.0007313136500000002,45Q-2040-l,500Mt-CostDecrease,NH,missing,coal_base_conv pul_CCS,missing,missing,missing,missing,missing,missing,missing,missing,EJ
2162,0.00267859,0.0038605,0.0,0.0,0.0,0.0,0.0,0.0,0.0,45Q-2040-l,500Mt-CostDecrease,NH,missing,coal_base_conv pul_retire_2020,missing,missing,missing,missing,missing,missing,missing,missing,EJ
2163,0.0,0.0,0.0,1.017826e-05,3.3770929999999994e-05,7.043956e-05,0.00010674743,0.00016927318,0.00021456097,45Q-2040-l,500Mt-CostDecrease,NH,missing,coal_int_IGCC_CCS,missing,missing,missing,missing,missing,missing,missing,missing,EJ
2164,0.00159551,0.00229959,0.0,0.0,0.0,0.0,0.0,0.0,0.0,45Q-2040-l,500Mt-CostDecrease,NH,missing,coal_int_conv pul,missing,missing,missing,missing,missing,missing,missing,missing,EJ
2165,0.0,0.0,2.44409e-05,2.09624e-05,1.11258e-05,0.0,0.0,0.0,0.0,45Q-2040-l,500Mt-CostDecrease,NH,missing,coal_int_conv pul 1951-1955,missing,missing,missing,missing,missing,missing,missing,missing,EJ
2166,0.0,0.0,0.0001255,0.000121946,9.41691e-05,3.84784e-05,0.0,0.0,0.0,45Q-2040-l,500Mt-CostDecrease,NH,missing,coal_int_conv pul 1956-1960,missing,missing,missing,missing,missing,missing,missing,missing,EJ
2167,0.0,0.0,0.000215918,0.000215208,0.000184626,0.000107185,9.65331e-05,2.50215e-05,0.0,45Q-2040-l,500Mt-CostDecrease,NH,missing,coal_int_conv pul 1966-1970,missing,missing,missing,missing,missing,missing,missing,missing,EJ
2168,0.0,0.0,0.0,1.238268e-05,3.900631e-05,7.805800000000002e-05,0.00011511337,0.00017621058,0.0002190257,45Q-2040-l,500Mt-CostDecrease,NH,missing,coal_int_conv pul_CCS,missing,missing,missing,missing,missing,missing,missing,missing,EJ
2169,0.000669632,0.000965131,0.0,0.0,0.0,0.0,0.0,0.0,0.0,45Q-2040-l,500Mt-CostDecrease,NH,missing,coal_int_conv pul_retire_2020,missing,missing,missing,missing,missing,missing,missing,missing,EJ
2170,0.0,0.00705215,0.00820502,0.00908811,0.00939396,0.00851057,0.00851788,0.00315737,0.0013845926,45Q-2040-l,500Mt-CostDecrease,NH,missing,gas_base_CC,missing,missing,missing,missing,missing,missing,missing,missing,EJ
2171,0.0,0.0,0.0,0.000453753,0.001466423,0.003344976,0.004318395,0.004939195,0.004225423,45Q-2040-l,500Mt-CostDecrease,NH,missing,gas_base_CC_CCS,missing,missing,missing,missing,missing,missing,missing,missing,EJ
2172,0.0,0.0114848,0.01202442,0.0118454459999999,0.011054055,0.010187863,0.0096147249999999,0.008738991,0.00798113,45Q-2040-l,500Mt-CostDecrease,NH,missing,gas_int_CC,missing,missing,missing,missing,missing,missing,missing,missing,EJ
2173,0.0,0.0,0.0,0.000147242,0.000394555,0.000749701,0.001092835,0.0016597819999999,0.002057473,45Q-2040-l,500Mt-CostDecrease,NH,missing,gas_int_CC_CCS,missing,missing,missing,missing,missing,missing,missing,missing,EJ
2174,0.0,0.000224215,0.00011783381,0.000106592019,8.743604199999999e-05,6.9628796e-05,5.7160946e-05,3.909358e-05,2.6423503e-05,45Q-2040-l,500Mt-CostDecrease,NH,missing,gas_peak_CC,missing,missing,missing,missing,missing,missing,missing,missing,EJ
2175,0.0,0.0,0.0,1.52421e-08,3.64453e-08,6.65853e-08,9.04898e-08,1.461164e-07,2.0352130000000002e-07,45Q-2040-l,500Mt-CostDecrease,NH,missing,gas_peak_CC_CCS,missing,missing,missing,missing,missing,missing,missing,missing,EJ
2176,0.0,7.890531100000001e-05,5.4047019570000005e-05,4.4132596541000005e-05,2.3038998426e-05,1.5242526954e-05,1.5506669977000002e-05,7.591576984999999e-06,4.465834739e-06,45Q-2040-l,500Mt-CostDecrease,NH,missing,gas_peak_steam/CT,missing,missing,missing,missing,missing,missing,missing,missing,EJ
2177,0.0,0.00116862,0.0007090046,0.00064969314,0.00055174995,0.00045755448,0.00038301534,0.00029948961,0.00022819186,45Q-2040-l,500Mt-CostDecrease,NH,missing,gas_subpeak_CC,missing,missing,missing,missing,missing,missing,missing,missing,EJ
2178,0.0,0.0,0.0,7.50641e-07,1.830127e-06,3.383712e-06,4.686781e-06,9.641572e-06,1.2010178e-05,45Q-2040-l,500Mt-CostDecrease,NH,missing,gas_subpeak_CC_CCS,missing,missing,missing,missing,missing,missing,missing,missing,EJ
2179,0.0,0.00041100634,0.0003489942709,0.0002946790154,0.0001733285666,0.0001253845947,0.00012710624729999996,7.931459260000003e-05,5.211584706000001e-05,45Q-2040-l,500Mt-CostDecrease,NH,missing,gas_subpeak_steam/CT,missing,missing,missing,missing,missing,missing,missing,missing,EJ
2180,0.0057891,0.0065836,0.0054502,0.0054419,0.0054359,0.0054367,0.0054246,0.0053791,0.0053851,45Q-2040-l,500Mt-CostDecrease,NH,missing,hydro_base,missing,missing,missing,missing,missing,missing,missing,missing,EJ
2181,0.0155723,0.0352927,0.0355607,0.0355607,0.0355607,0.0355607,0.0355607,0.0355606,0.0,45Q-2040-l,500Mt-CostDecrease,NH,missing,nuc_base_Gen II,missing,missing,missing,missing,missing,missing,missing,missing,EJ
2182,0.0,0.0,0.0,0.0,0.00204826,0.00611655,0.00831002,0.01141247,0.01376984,45Q-2040-l,500Mt-CostDecrease,NH,missing,nuc_base_Gen III,missing,missing,missing,missing,missing,missing,missing,missing,EJ
2183,0.000791717,0.000514104,0.000196554,0.00021682,0.000134263,7.39053e-05,5.67167e-05,6.57489e-06,1.40747e-06,45Q-2040-l,500Mt-CostDecrease,NH,missing,refined liquids_base_steam/CT,missing,missing,missing,missing,missing,missing,missing,missing,EJ
2184,0.00690394,0.00411253,0.0,0.0,0.0,0.0,0.0,0.0,0.0,45Q-2040-l,500Mt-CostDecrease,NH,missing,refined liquids_int_steam/CT,missing,missing,missing,missing,missing,missing,missing,missing,EJ
2185,0.000167202,0.0,0.0,0.0,0.0,0.0,0.0,0.0,0.0,45Q-2040-l,500Mt-CostDecrease,NH,missing,refined liquids_peak_steam/CT,missing,missing,missing,missing,missing,missing,missing,missing,EJ
2186,0.000970623,0.000514107,0.0,0.0,0.0,0.0,0.0,0.0,0.0,45Q-2040-l,500Mt-CostDecrease,NH,missing,refined liquids_subpeak_steam/CT,missing,missing,missing,missing,missing,missing,missing,missing,EJ
2187,0.0,0.0,1.79335e-05,0.000174764,0.000515111,0.000930266,0.00123912,0.000998604,0.000746363,45Q-2040-l,500Mt-CostDecrease,NH,missing,rooftop_pv,missing,missing,missing,missing,missing,missing,missing,missing,EJ
2188,0.0,0.0,0.00569047,0.00976799,0.01857047,0.03200997,0.03864344,0.04562078,0.04777756,45Q-2040-l,500Mt-CostDecrease,NH,missing,wind_base,missing,missing,missing,missing,missing,missing,missing,missing,EJ
2189,0.0,0.0,0.000119948,0.000230277,0.000482117,0.000934176,0.001166847,0.001478463,0.001590391,45Q-2040-l,500Mt-CostDecrease,NH,missing,wind_base_storage,missing,missing,missing,missing,missing,missing,missing,missing,EJ
2190,0.0,0.0,6.13436e-05,7.038184000000001e-05,0.00012912384,0.00025555784,0.00036728084,0.00049552584,0.00049830224,45Q-2040-l,500Mt-CostDecrease,NJ,missing,PV_base_storage,missing,missing,missing,missing,missing,missing,missing,missing,EJ
2191,0.0,0.0,0.00327529,0.00530624,0.01395403,0.02351493,0.02916271,0.04082401,0.05057452,45Q-2040-l,500Mt-CostDecrease,NJ,missing,PV_int,missing,missing,missing,missing,missing,missing,missing,missing,EJ
2192,0.0,0.0,0.000406887,0.000642816,0.00130984,0.001824268,0.002199334,0.002958083,0.003705286,45Q-2040-l,500Mt-CostDecrease,NJ,missing,PV_peak,missing,missing,missing,missing,missing,missing,missing,missing,EJ
2193,0.0,0.0,0.00459146,0.00604633,0.01024832,0.01361085,0.01617772,0.02007537,0.02496021,45Q-2040-l,500Mt-CostDecrease,NJ,missing,PV_subpeak,missing,missing,missing,missing,missing,missing,missing,missing,EJ
2194,0.0,0.0,0.000327962,5.504966e-05,0.00035343788,0.00080340309,0.00079052473,0.000821211521,0.0003933748831,45Q-2040-l,500Mt-CostDecrease,NJ,missing,biogas_base_CC,missing,missing,missing,missing,missing,missing,missing,missing,EJ
2195,0.0,0.0,0.0,2.73953e-05,0.000243658647,0.0007777974,0.00085074432,0.0011679695829999,0.0006214019150000001,45Q-2040-l,500Mt-CostDecrease,NJ,missing,biogas_base_CC_CCS,missing,missing,missing,missing,missing,missing,missing,missing,EJ
2196,0.0,0.0,0.000174468,7.67721e-05,0.00028823354000000005,0.0006460073,0.0007475931,0.0015928537,0.0021208618,45Q-2040-l,500Mt-CostDecrease,NJ,missing,biogas_int_CC,missing,missing,missing,missing,missing,missing,missing,missing,EJ
2197,0.0,0.0,0.0,2.51482e-05,0.00013076067,0.00037552785,0.0005006669,0.0013357391,0.0021783346,45Q-2040-l,500Mt-CostDecrease,NJ,missing,biogas_int_CC_CCS,missing,missing,missing,missing,missing,missing,missing,missing,EJ
2198,0.0,0.0,5.68384e-07,3.096455e-07,8.456732e-07,1.3305476e-06,1.6491007e-06,3.6376223e-06,5.7246565e-06,45Q-2040-l,500Mt-CostDecrease,NJ,missing,biogas_peak_CC,missing,missing,missing,missing,missing,missing,missing,missing,EJ
2199,0.0,0.0,0.0,4.32963e-08,1.2977381e-07,2.2230662e-07,3.07942e-07,8.008232e-07,1.445148e-06,45Q-2040-l,500Mt-CostDecrease,NJ,missing,biogas_peak_CC_CCS,missing,missing,missing,missing,missing,missing,missing,missing,EJ
2200,0.0,0.0,5.256437e-07,2.57750173e-07,7.053313269999999e-07,9.78451446e-07,9.77112098e-07,2.327178349999999e-06,3.57678628e-06,45Q-2040-l,500Mt-CostDecrease,NJ,missing,biogas_peak_steam/CT,missing,missing,missing,missing,missing,missing,missing,missing,EJ
2201,0.0,0.0,1.29635e-05,8.241298e-06,2.2996813e-05,3.869519e-05,5.2391450000000005e-05,0.0001280376,0.00017302349,45Q-2040-l,500Mt-CostDecrease,NJ,missing,biogas_subpeak_CC,missing,missing,missing,missing,missing,missing,missing,missing,EJ
2202,0.0,0.0,0.0,1.56222e-06,5.154952e-06,9.943338e-06,1.5019151e-05,4.3168164e-05,7.0909925e-05,45Q-2040-l,500Mt-CostDecrease,NJ,missing,biogas_subpeak_CC_CCS,missing,missing,missing,missing,missing,missing,missing,missing,EJ
2203,0.0,0.0,8.71708e-06,4.91944648e-06,1.4160254960000002e-05,2.0553269600000003e-05,2.19467866e-05,6.1145287e-05,7.260825739999998e-05,45Q-2040-l,500Mt-CostDecrease,NJ,missing,biogas_subpeak_steam/CT,missing,missing,missing,missing,missing,missing,missing,missing,EJ
2204,0.0,0.0,9.20601e-05,8.419153e-05,0.00015065547999999998,0.00035432371000000007,0.00056892308,0.00078672262,0.0003678382724,45Q-2040-l,500Mt-CostDecrease,NJ,missing,biomass_base_IGCC,missing,missing,missing,missing,missing,missing,missing,missing,EJ
2205,0.0,0.0,0.0,5.18058e-06,6.587352000000001e-05,0.00066631537,0.00141737336,0.00676697073,0.01234113942,45Q-2040-l,500Mt-CostDecrease,NJ,missing,biomass_base_IGCC_CCS,missing,missing,missing,missing,missing,missing,missing,missing,EJ
2206,0.00053511285,0.0018063131,0.00045451646,0.0005694093169999999,0.000804784015,0.001066914134,0.001212186942,0.0009209372950000002,0.00042135047896,45Q-2040-l,500Mt-CostDecrease,NJ,missing,biomass_base_conv,missing,missing,missing,missing,missing,missing,missing,missing,EJ
2207,0.0,0.0,0.0,5.7330237e-06,9.33663452e-05,0.0016948576881,0.0037033138649,0.0500549698495999,0.1338945413613,45Q-2040-l,500Mt-CostDecrease,NJ,missing,biomass_base_conv_CCS,missing,missing,missing,missing,missing,missing,missing,missing,EJ
2208,0.0,0.0,2.976995e-05,3.44618e-05,5.122564e-05,8.780876e-05,0.00011778112999999998,0.00020024685,0.00030140219,45Q-2040-l,500Mt-CostDecrease,NJ,missing,biomass_int_IGCC,missing,missing,missing,missing,missing,missing,missing,missing,EJ
2209,0.0,0.0,0.0,2.483602e-06,1.2447341e-05,4.328394e-05,7.09304e-05,0.000181337628,0.000343101406,45Q-2040-l,500Mt-CostDecrease,NJ,missing,biomass_int_IGCC_CCS,missing,missing,missing,missing,missing,missing,missing,missing,EJ
2210,0.00053511285,0.0018063131,0.00093303683,0.001072178396,0.000995758101,0.001154693294,0.001088776018,0.0010726127279999,0.001052346873,45Q-2040-l,500Mt-CostDecrease,NJ,missing,biomass_int_conv,missing,missing,missing,missing,missing,missing,missing,missing,EJ
2211,0.0,0.0,0.0,3.6703306e-06,2.03451086e-05,8.277087629999999e-05,0.0001377854593,0.0003984476843,0.0007905523713,45Q-2040-l,500Mt-CostDecrease,NJ,missing,biomass_int_conv_CCS,missing,missing,missing,missing,missing,missing,missing,missing,EJ
2212,0.0,0.0,0.0,0.0001583705,0.0011102784999999,0.0030453853,0.0049049777,0.0066347735,0.0043176935999999,45Q-2040-l,500Mt-CostDecrease,NJ,missing,coal_base_IGCC_CCS,missing,missing,missing,missing,missing,missing,missing,missing,EJ
2213,0.00927523,0.0157368999999999,0.0,0.0,0.0,0.0,0.0,0.0,0.0,45Q-2040-l,500Mt-CostDecrease,NJ,missing,coal_base_conv pul,missing,missing,missing,missing,missing,missing,missing,missing,EJ
2214,0.0,0.0,0.0,0.0,0.0,0.0,0.0,0.0,0.0,45Q-2040-l,500Mt-CostDecrease,NJ,missing,coal_base_conv pul 1961-1965,missing,missing,missing,missing,missing,missing,missing,missing,EJ
2215,0.0,0.0,0.0035766,0.003575262,0.002800495,0.000556341,0.0004961274,1.199359e-05,4.721077e-07,45Q-2040-l,500Mt-CostDecrease,NJ,missing,coal_base_conv pul 1991-1995,missing,missing,missing,missing,missing,missing,missing,missing,EJ
2216,0.0,0.0,0.0,0.0001896623,0.0012443924,0.0032602582999999,0.0051324651999999,0.006642625,0.0037034841599999,45Q-2040-l,500Mt-CostDecrease,NJ,missing,coal_base_conv pul_CCS,missing,missing,missing,missing,missing,missing,missing,missing,EJ
2217,0.004400495,0.00746612,0.0,0.0,0.0,0.0,0.0,0.0,0.0,45Q-2040-l,500Mt-CostDecrease,NJ,missing,coal_base_conv pul_retire_2020,missing,missing,missing,missing,missing,missing,missing,missing,EJ
2218,0.0,0.0,0.0,2.227029e-05,0.00010610542,0.00026850689000000003,0.0004003541,0.0007358294299999999,0.00114104015,45Q-2040-l,500Mt-CostDecrease,NJ,missing,coal_int_IGCC_CCS,missing,missing,missing,missing,missing,missing,missing,missing,EJ
2219,0.00873427,0.01569301,0.0,0.0,0.0,0.0,0.0,0.0,0.0,45Q-2040-l,500Mt-CostDecrease,NJ,missing,coal_int_conv pul,missing,missing,missing,missing,missing,missing,missing,missing,EJ
2220,0.0,0.0,0.0,0.0,0.0,0.0,0.0,0.0,0.0,45Q-2040-l,500Mt-CostDecrease,NJ,missing,coal_int_conv pul 1961-1965,missing,missing,missing,missing,missing,missing,missing,missing,EJ
2221,0.0,0.0,0.002112907,0.002112728,0.0019273,0.001157492,0.00124106,0.000556575,0.000385079,45Q-2040-l,500Mt-CostDecrease,NJ,missing,coal_int_conv pul 1991-1995,missing,missing,missing,missing,missing,missing,missing,missing,EJ
2222,0.0,0.0,0.0,2.82815e-05,0.00012659666000000002,0.00030515090000000005,0.00044361487,0.00078059299,0.0011755917299999,45Q-2040-l,500Mt-CostDecrease,NJ,missing,coal_int_conv pul_CCS,missing,missing,missing,missing,missing,missing,missing,missing,EJ
2223,0.004143838,0.0074452999999999,0.0,0.0,0.0,0.0,0.0,0.0,0.0,45Q-2040-l,500Mt-CostDecrease,NJ,missing,coal_int_conv pul_retire_2020,missing,missing,missing,missing,missing,missing,missing,missing,EJ
2224,9.29189e-05,0.0,0.0,0.0,0.0,0.0,0.0,0.0,0.0,45Q-2040-l,500Mt-CostDecrease,NJ,missing,coal_peak_conv pul,missing,missing,missing,missing,missing,missing,missing,missing,EJ
2225,4.40839e-05,0.0,0.0,0.0,0.0,0.0,0.0,0.0,0.0,45Q-2040-l,500Mt-CostDecrease,NJ,missing,coal_peak_conv pul_retire_2020,missing,missing,missing,missing,missing,missing,missing,missing,EJ
2226,0.0003840868,0.0,0.0,0.0,0.0,0.0,0.0,0.0,0.0,45Q-2040-l,500Mt-CostDecrease,NJ,missing,coal_subpeak_conv pul,missing,missing,missing,missing,missing,missing,missing,missing,EJ
2227,0.0001822242,0.0,0.0,0.0,0.0,0.0,0.0,0.0,0.0,45Q-2040-l,500Mt-CostDecrease,NJ,missing,coal_subpeak_conv pul_retire_2020,missing,missing,missing,missing,missing,missing,missing,missing,EJ
2228,0.0,0.0,0.028892685,0.029182657,0.030698263,0.0281008131999999,0.0302761426999999,0.00860528004,0.001973327958,45Q-2040-l,500Mt-CostDecrease,NJ,missing,gas_base_CC,missing,missing,missing,missing,missing,missing,missing,missing,EJ
2229,0.0,0.0,0.0,0.000528056,0.00381134,0.010410948,0.016575669,0.020764225,0.0087431459,45Q-2040-l,500Mt-CostDecrease,NJ,missing,gas_base_CC_CCS,missing,missing,missing,missing,missing,missing,missing,missing,EJ
2230,0.012454897,0.032515637,0.09291287,0.0873877469999999,0.07681827,0.066301316,0.058218033,0.0486193169999999,0.04254197,45Q-2040-l,500Mt-CostDecrease,NJ,missing,gas_int_CC,missing,missing,missing,missing,missing,missing,missing,missing,EJ
2231,0.0,0.0,0.0,0.0003111999,0.0011319471,0.0025914054,0.0037468516999999,0.0065692986,0.0098566653,45Q-2040-l,500Mt-CostDecrease,NJ,missing,gas_int_CC_CCS,missing,missing,missing,missing,missing,missing,missing,missing,EJ
2232,0.00072541529,0.0024391554,0.00121439805,0.001105212875,0.000925874526,0.0007464097799999999,0.000607095302,0.00043288139800000007,0.000308185816,45Q-2040-l,500Mt-CostDecrease,NJ,missing,gas_peak_CC,missing,missing,missing,missing,missing,missing,missing,missing,EJ
2233,0.0,0.0,0.0,2.048817e-07,5.808704999999999e-07,1.0942623e-06,1.5952991e-06,2.8383127999999994e-06,4.8247088e-06,45Q-2040-l,500Mt-CostDecrease,NJ,missing,gas_peak_CC_CCS,missing,missing,missing,missing,missing,missing,missing,missing,EJ
2234,0.000537411,0.00085792,0.000601423,0.000513763,0.000285578,0.000188311,0.000180084,9.02638e-05,4.94253e-05,45Q-2040-l,500Mt-CostDecrease,NJ,missing,gas_peak_steam/CT,missing,missing,missing,missing,missing,missing,missing,missing,EJ
2235,0.0042435793,0.014267528,0.008434427,0.0077969133,0.0067978704999999,0.0057651855999999,0.0049133828999999,0.0040778628,0.0035227075,45Q-2040-l,500Mt-CostDecrease,NJ,missing,gas_subpeak_CC,missing,missing,missing,missing,missing,missing,missing,missing,EJ
2236,0.0,0.0,0.0,1.092616e-05,3.168679e-05,6.009444e-05,8.908713999999999e-05,0.00017356222000000003,0.00027453708000000005,45Q-2040-l,500Mt-CostDecrease,NJ,missing,gas_subpeak_CC_CCS,missing,missing,missing,missing,missing,missing,missing,missing,EJ
2237,0.00314376,0.00501845,0.0041342,0.00359145,0.00220394,0.00153934,0.00142351,0.000767593,0.000434611,45Q-2040-l,500Mt-CostDecrease,NJ,missing,gas_subpeak_steam/CT,missing,missing,missing,missing,missing,missing,missing,missing,EJ
2238,0.0001064,0.0001081,4.1e-05,4.09e-05,4.09e-05,4.09e-05,4.08e-05,4.05e-05,4.05e-05,45Q-2040-l,500Mt-CostDecrease,NJ,missing,hydro_base,missing,missing,missing,missing,missing,missing,missing,missing,EJ
2239,0.0907099,0.117164,0.1236062,0.1212507999999999,0.1143048,0.0966444,0.0647392,0.03153321,0.0,45Q-2040-l,500Mt-CostDecrease,NJ,missing,nuc_base_Gen II,missing,missing,missing,missing,missing,missing,missing,missing,EJ
2240,0.0,0.0,0.0,0.0,0.004809168,0.0152048169999999,0.024486657,0.035271599,0.040730738,45Q-2040-l,500Mt-CostDecrease,NJ,missing,nuc_base_Gen III,missing,missing,missing,missing,missing,missing,missing,missing,EJ
2241,0.0,0.0,5.89012e-05,8.73307e-05,6.07952e-05,3.19384e-05,2.50985e-05,1.36124e-06,5.18485e-08,45Q-2040-l,500Mt-CostDecrease,NJ,missing,refined liquids_base_steam/CT,missing,missing,missing,missing,missing,missing,missing,missing,EJ
2242,0.00610895,0.00237821,0.0,0.0,0.0,0.0,0.0,0.0,0.0,45Q-2040-l,500Mt-CostDecrease,NJ,missing,refined liquids_int_steam/CT,missing,missing,missing,missing,missing,missing,missing,missing,EJ
2243,0.0,0.0,0.0,0.0,0.0,0.0,0.0,0.0,0.0,45Q-2040-l,500Mt-CostDecrease,NJ,missing,refined liquids_peak_steam/CT,missing,missing,missing,missing,missing,missing,missing,missing,EJ
2244,0.00152723,0.000594605,0.0,0.0,0.0,0.0,0.0,0.0,0.0,45Q-2040-l,500Mt-CostDecrease,NJ,missing,refined liquids_subpeak_steam/CT,missing,missing,missing,missing,missing,missing,missing,missing,EJ
2245,0.0,0.0,0.000118819,0.00148153,0.00500404,0.00808992,0.0108431,0.00682819,0.00397605,45Q-2040-l,500Mt-CostDecrease,NJ,missing,rooftop_pv,missing,missing,missing,missing,missing,missing,missing,missing,EJ
2246,0.0,0.0,0.003050308,0.003760894,0.005974254,0.006316089,0.0063651053,0.0063509766,0.0059878766,45Q-2040-l,500Mt-CostDecrease,NJ,missing,wind_base,missing,missing,missing,missing,missing,missing,missing,missing,EJ
2247,0.0,0.0,0.0,0.000111857,0.001613767,0.0076221569999999,0.015523947,0.0257519469999999,0.0289536699999999,45Q-2040-l,500Mt-CostDecrease,NJ,missing,wind_base_offshore,missing,missing,missing,missing,missing,missing,missing,missing,EJ
2248,0.0,0.0,0.000115748,0.0001405467,0.0002397983,0.00031141590000000003,0.00033069400000000003,0.00035527070000000005,0.0003539947,45Q-2040-l,500Mt-CostDecrease,NJ,missing,wind_base_storage,missing,missing,missing,missing,missing,missing,missing,missing,EJ
2249,0.0,0.0,0.000200953,0.0002352309,0.0005536809000000001,0.0008876229000000001,0.0010246539,0.0012956969,0.0012794369,45Q-2040-l,500Mt-CostDecrease,NM,missing,CSP_base_storage,missing,missing,missing,missing,missing,missing,missing,missing,EJ
2250,0.0,0.0,0.00057981,0.000962362,0.003084082,0.005644642,0.007723182,0.013659002,0.021509592,45Q-2040-l,500Mt-CostDecrease,NM,missing,CSP_int,missing,missing,missing,missing,missing,missing,missing,missing,EJ
2251,0.0,0.0,3.00036e-05,4.754426e-05,0.00011195606,0.00015303586000000002,0.00020373726,0.00032727886,0.00051587726,45Q-2040-l,500Mt-CostDecrease,NM,missing,CSP_peak,missing,missing,missing,missing,missing,missing,missing,missing,EJ
2252,0.000345506,0.000310598,0.0019437296,0.0020166198,0.0023204218,0.002423665,0.002710419,0.003437249,0.0047199974,45Q-2040-l,500Mt-CostDecrease,NM,missing,CSP_subpeak,missing,missing,missing,missing,missing,missing,missing,missing,EJ
2253,0.0,0.0,3.09314e-05,3.675278e-05,9.281308e-05,0.00015302628,0.00017813388,0.00022832878,0.00023184488,45Q-2040-l,500Mt-CostDecrease,NM,missing,PV_base_storage,missing,missing,missing,missing,missing,missing,missing,missing,EJ
2254,0.0,0.0,0.00300841,0.0049777599999999,0.01308844,0.01865469,0.0225704,0.0329962,0.0444929899999999,45Q-2040-l,500Mt-CostDecrease,NM,missing,PV_int,missing,missing,missing,missing,missing,missing,missing,missing,EJ
2255,0.0,0.0,0.000155677,0.000245975,0.000492201,0.0005815021,0.0006770174000000001,0.0008940084000000001,0.0011144524,45Q-2040-l,500Mt-CostDecrease,NM,missing,PV_peak,missing,missing,missing,missing,missing,missing,missing,missing,EJ
2256,0.0,0.0,0.00340771,0.003782943,0.004944283,0.005168718,0.005708927,0.007324687,0.0091954269999999,45Q-2040-l,500Mt-CostDecrease,NM,missing,PV_subpeak,missing,missing,missing,missing,missing,missing,missing,missing,EJ
2257,0.0,0.0,0.000103412,2.1415113e-05,0.000210846393,0.000244612299,0.00011781088,0.0002075603878,0.00013659729288,45Q-2040-l,500Mt-CostDecrease,NM,missing,biogas_base_CC,missing,missing,missing,missing,missing,missing,missing,missing,EJ
2258,0.0,0.0,0.0,1.1201e-05,0.0001494091324,0.000242860686,0.000131264888,0.000302065563,0.0002220279764,45Q-2040-l,500Mt-CostDecrease,NM,missing,biogas_base_CC_CCS,missing,missing,missing,missing,missing,missing,missing,missing,EJ
2259,0.0,0.0,0.000111999,5.635891e-05,0.00025168988,0.00039453828,0.00041934076,0.0009197368,0.00117105397,45Q-2040-l,500Mt-CostDecrease,NM,missing,biogas_int_CC,missing,missing,missing,missing,missing,missing,missing,missing,EJ
2260,0.0,0.0,0.0,1.99363e-05,0.00011675959,0.00023676373,0.00029299719,0.00084164673,0.00136987042,45Q-2040-l,500Mt-CostDecrease,NM,missing,biogas_int_CC_CCS,missing,missing,missing,missing,missing,missing,missing,missing,EJ
2261,0.0,0.0,1.44227e-07,8.81683e-08,2.7865775e-07,2.2788964e-07,3.0410303e-07,6.3981388e-07,9.8540305e-07,45Q-2040-l,500Mt-CostDecrease,NM,missing,biogas_peak_CC,missing,missing,missing,missing,missing,missing,missing,missing,EJ
2262,0.0,0.0,0.0,1.28337e-08,4.302462e-08,3.85222e-08,5.519266e-08,1.3455624e-07,2.2717512e-07,45Q-2040-l,500Mt-CostDecrease,NM,missing,biogas_peak_CC_CCS,missing,missing,missing,missing,missing,missing,missing,missing,EJ
2263,0.0,0.0,1.3506200000000002e-07,7.75018e-08,2.397907e-07,1.75438328e-07,2.2326062100000006e-07,4.984973150000001e-07,7.75261426e-07,45Q-2040-l,500Mt-CostDecrease,NM,missing,biogas_peak_steam/CT,missing,missing,missing,missing,missing,missing,missing,missing,EJ
2264,0.0,0.0,7.20873e-07,1.0613717e-06,5.7020218e-06,2.7928564e-06,7.298116500000001e-06,5.36310853e-05,2.94174411e-05,45Q-2040-l,500Mt-CostDecrease,NM,missing,biogas_subpeak_CC,missing,missing,missing,missing,missing,missing,missing,missing,EJ
2265,0.0,0.0,0.0,2.1726e-07,1.29731329e-06,7.742092000000001e-07,2.053656e-06,1.65469535e-05,1.39478451e-05,45Q-2040-l,500Mt-CostDecrease,NM,missing,biogas_subpeak_CC_CCS,missing,missing,missing,missing,missing,missing,missing,missing,EJ
2266,0.0,0.0,4.912744e-07,6.954718809999999e-07,3.681543004e-06,1.46136497e-06,4.1242465e-06,3.3360072390000006e-05,1.5939499845e-05,45Q-2040-l,500Mt-CostDecrease,NM,missing,biogas_subpeak_steam/CT,missing,missing,missing,missing,missing,missing,missing,missing,EJ
2267,0.0,0.0,1.68398e-05,1.2565890000000002e-05,4.0808093e-05,8.884769e-05,0.00010567434,0.000148793707,0.0001020635412,45Q-2040-l,500Mt-CostDecrease,NM,missing,biomass_base_IGCC,missing,missing,missing,missing,missing,missing,missing,missing,EJ
2268,0.0,0.0,0.0,1.5094790000000002e-06,3.0338293e-05,0.000183456269,0.000276684166,0.001487569525,0.003253934436,45Q-2040-l,500Mt-CostDecrease,NM,missing,biomass_base_IGCC_CCS,missing,missing,missing,missing,missing,missing,missing,missing,EJ
2269,1.950035e-05,5.99993e-06,4.088582e-05,2.474325e-05,6.931417e-05,0.00013871186,0.00014435703,0.000177689014,0.00012572553067,45Q-2040-l,500Mt-CostDecrease,NM,missing,biomass_base_conv,missing,missing,missing,missing,missing,missing,missing,missing,EJ
2270,0.0,0.0,0.0,1.73309e-06,4.491102e-05,0.00047025233,0.0007295881199999999,0.0118603690799999,0.04037916102,45Q-2040-l,500Mt-CostDecrease,NM,missing,biomass_base_conv_CCS,missing,missing,missing,missing,missing,missing,missing,missing,EJ
2271,0.0,0.0,4.68798e-06,5.880504999999999e-06,1.2201988e-05,2.3386131e-05,3.4302496e-05,6.9556851e-05,0.00011985954300000002,45Q-2040-l,500Mt-CostDecrease,NM,missing,biomass_int_IGCC,missing,missing,missing,missing,missing,missing,missing,missing,EJ
2272,0.0,0.0,0.0,6.8405e-07,4.514775e-06,1.4165600000000002e-05,2.4592859e-05,7.352204799999999e-05,0.000159397819,45Q-2040-l,500Mt-CostDecrease,NM,missing,biomass_int_IGCC_CCS,missing,missing,missing,missing,missing,missing,missing,missing,EJ
2273,1.950033e-05,5.99993e-06,3.465901e-05,4.226614e-05,5.233487e-05,8.408014e-05,0.00010154373,0.00016161544,0.00023970275,45Q-2040-l,500Mt-CostDecrease,NM,missing,biomass_int_conv,missing,missing,missing,missing,missing,missing,missing,missing,EJ
2274,0.0,0.0,0.0,1.04282e-06,7.65077e-06,2.776787e-05,4.913686e-05,0.00016797545,0.0003820589,45Q-2040-l,500Mt-CostDecrease,NM,missing,biomass_int_conv_CCS,missing,missing,missing,missing,missing,missing,missing,missing,EJ
2275,0.0,0.0,0.0,0.0001047445,0.0007272276,0.0013526668,0.0016355515,0.0021015007,0.0016786235,45Q-2040-l,500Mt-CostDecrease,NM,missing,coal_base_IGCC_CCS,missing,missing,missing,missing,missing,missing,missing,missing,EJ
2276,0.0378721999999999,0.0517985,0.0,0.0,0.0,0.0,0.0,0.0,0.0,45Q-2040-l,500Mt-CostDecrease,NM,missing,coal_base_conv pul,missing,missing,missing,missing,missing,missing,missing,missing,EJ
2277,0.0,0.0,0.0220969,0.0220415,0.01344946,0.0018937099999999,0.0013035809999999,2.67585e-05,0.0,45Q-2040-l,500Mt-CostDecrease,NM,missing,coal_base_conv pul 1966-1970,missing,missing,missing,missing,missing,missing,missing,missing,EJ
2278,0.0,0.0,0.00425548,0.00425163,0.0026128999999999,0.000379552,0.000296004,8.84039e-06,2.86584e-07,45Q-2040-l,500Mt-CostDecrease,NM,missing,coal_base_conv pul 1976-1980,missing,missing,missing,missing,missing,missing,missing,missing,EJ
2279,0.0,0.0,0.01330487,0.01329637,0.00818119,0.00119473,0.00095371,3.13494e-05,1.38952e-06,45Q-2040-l,500Mt-CostDecrease,NM,missing,coal_base_conv pul 1981-1985,missing,missing,missing,missing,missing,missing,missing,missing,EJ
2280,0.0,0.0,0.0,0.0001303794,0.0008404034999999999,0.0015062533,0.0017962018,0.0022126465,0.0015535103,45Q-2040-l,500Mt-CostDecrease,NM,missing,coal_base_conv pul_CCS,missing,missing,missing,missing,missing,missing,missing,missing,EJ
2281,0.01988841,0.0272017999999999,0.0,0.0,0.0,0.0,0.0,0.0,0.0,45Q-2040-l,500Mt-CostDecrease,NM,missing,coal_base_conv pul_retire_2020,missing,missing,missing,missing,missing,missing,missing,missing,EJ
2282,0.0,0.0,0.0,4.55681e-05,0.0001191824,0.0002184894,0.0003051721,0.0005409009000000001,0.0008577444999999999,45Q-2040-l,500Mt-CostDecrease,NM,missing,coal_int_IGCC_CCS,missing,missing,missing,missing,missing,missing,missing,missing,EJ
2283,0.0262576,0.0249254,0.0,0.0,0.0,0.0,0.0,0.0,0.0,45Q-2040-l,500Mt-CostDecrease,NM,missing,coal_int_conv pul,missing,missing,missing,missing,missing,missing,missing,missing,EJ
2284,0.0,0.0,0.0068571,0.00684349,0.00603783,0.0027535199999999,0.00231263,0.00034979399999999995,0.0,45Q-2040-l,500Mt-CostDecrease,NM,missing,coal_int_conv pul 1966-1970,missing,missing,missing,missing,missing,missing,missing,missing,EJ
2285,0.0,0.0,0.00132056,0.001320055,0.001173003,0.0005518820000000001,0.00052513,0.0001155639,3.94988e-05,45Q-2040-l,500Mt-CostDecrease,NM,missing,coal_int_conv pul 1976-1980,missing,missing,missing,missing,missing,missing,missing,missing,EJ
2286,0.0,0.0,0.00412876,0.00412828,0.00367276,0.0017371779999999,0.001691943,0.000409808,0.0001915124,45Q-2040-l,500Mt-CostDecrease,NM,missing,coal_int_conv pul 1981-1985,missing,missing,missing,missing,missing,missing,missing,missing,EJ
2287,0.0,0.0,0.0,5.87868e-05,0.0001462028,0.0002564924,0.0003483357,0.0005867845,0.0008975078,45Q-2040-l,500Mt-CostDecrease,NM,missing,coal_int_conv pul_CCS,missing,missing,missing,missing,missing,missing,missing,missing,EJ
2288,0.01378907,0.0130895,0.0,0.0,0.0,0.0,0.0,0.0,0.0,45Q-2040-l,500Mt-CostDecrease,NM,missing,coal_int_conv pul_retire_2020,missing,missing,missing,missing,missing,missing,missing,missing,EJ
2289,0.00034732,0.0,0.0,0.0,0.0,0.0,0.0,0.0,0.0,45Q-2040-l,500Mt-CostDecrease,NM,missing,coal_peak_conv pul,missing,missing,missing,missing,missing,missing,missing,missing,EJ
2290,0.0001823938,0.0,0.0,0.0,0.0,0.0,0.0,0.0,0.0,45Q-2040-l,500Mt-CostDecrease,NM,missing,coal_peak_conv pul_retire_2020,missing,missing,missing,missing,missing,missing,missing,missing,EJ
2291,0.0023082099999999,0.0,0.0,0.0,0.0,0.0,0.0,0.0,0.0,45Q-2040-l,500Mt-CostDecrease,NM,missing,coal_subpeak_conv pul,missing,missing,missing,missing,missing,missing,missing,missing,EJ
2292,0.001212147,0.0,0.0,0.0,0.0,0.0,0.0,0.0,0.0,45Q-2040-l,500Mt-CostDecrease,NM,missing,coal_subpeak_conv pul_retire_2020,missing,missing,missing,missing,missing,missing,missing,missing,EJ
2293,0.001220324,0.0026544719999999,0.00467236,0.005291307,0.008466155,0.008434859,0.0083751749999999,0.002509933,0.00072028726,45Q-2040-l,500Mt-CostDecrease,NM,missing,gas_base_CC,missing,missing,missing,missing,missing,missing,missing,missing,EJ
2294,0.0,0.0,0.0,0.000241855,0.002509617,0.004724141,0.005669534,0.0068143709,0.0035346921,45Q-2040-l,500Mt-CostDecrease,NM,missing,gas_base_CC_CCS,missing,missing,missing,missing,missing,missing,missing,missing,EJ
2295,0.0051422889999999,0.01118547,0.03655635,0.035549483,0.033395278,0.030049002,0.0279900449999999,0.0241315649999999,0.0224515629999999,45Q-2040-l,500Mt-CostDecrease,NM,missing,gas_int_CC,missing,missing,missing,missing,missing,missing,missing,missing,EJ
2296,0.0,0.0,0.0,0.0002769245,0.0010957318999999,0.0021011019,0.0029576065,0.0051863071,0.0080699183,45Q-2040-l,500Mt-CostDecrease,NM,missing,gas_int_CC_CCS,missing,missing,missing,missing,missing,missing,missing,missing,EJ
2297,0.0001322038,0.0003702927,0.0004862964750000001,0.0004420241465,0.000359964677,0.0002731116060999999,0.0002167851783,0.00011722113109999996,6.313463009999996e-05,45Q-2040-l,500Mt-CostDecrease,NM,missing,gas_peak_CC,missing,missing,missing,missing,missing,missing,missing,missing,EJ
2298,0.0,0.0,0.0,3.801341e-08,1.1682201000000001e-07,1.7381943999999998e-07,2.4812631000000005e-07,4.2075215e-07,7.022657899999999e-07,45Q-2040-l,500Mt-CostDecrease,NM,missing,gas_peak_CC_CCS,missing,missing,missing,missing,missing,missing,missing,missing,EJ
2299,9.79027e-05,0.000130197,0.00022882962,0.000197215052,9.3889675e-05,4.9814393e-05,4.1709853e-05,1.2365509399999998e-05,6.0283416e-06,45Q-2040-l,500Mt-CostDecrease,NM,missing,gas_peak_steam/CT,missing,missing,missing,missing,missing,missing,missing,missing,EJ
2300,0.000870814,0.002439385,0.00095071227,0.0008769502699999999,0.0007581214600000002,0.00060637605,0.00051155441,0.00046718397,0.00036022188900000006,45Q-2040-l,500Mt-CostDecrease,NM,missing,gas_subpeak_CC,missing,missing,missing,missing,missing,missing,missing,missing,EJ
2301,0.0,0.0,0.0,1.0911890000000002e-06,4.512869000000001e-06,5.783308e-06,9.549145999999996e-06,4.1403441e-05,5.676874400000001e-05,45Q-2040-l,500Mt-CostDecrease,NM,missing,gas_subpeak_CC_CCS,missing,missing,missing,missing,missing,missing,missing,missing,EJ
2302,0.000645111,0.000857995,0.0004642589,0.00041892494999999993,0.00024526558,0.0001451229,0.00013574353,0.00012897262,7.0107161e-05,45Q-2040-l,500Mt-CostDecrease,NM,missing,gas_subpeak_steam/CT,missing,missing,missing,missing,missing,missing,missing,missing,EJ
2303,0.0,0.0,0.0002479848,0.0002895368,0.0007195055,0.0013517148,0.0016891457,0.0024537613999999,0.0025550979,45Q-2040-l,500Mt-CostDecrease,NM,missing,geo_base,missing,missing,missing,missing,missing,missing,missing,missing,EJ
2304,0.0006972,0.0006067,0.0004268,0.0004261,0.0004257,0.0004257,0.0004248,0.0004212,0.0004217,45Q-2040-l,500Mt-CostDecrease,NM,missing,hydro_base,missing,missing,missing,missing,missing,missing,missing,missing,EJ
2305,0.0,0.0,6.434911e-06,7.235930000000001e-06,3.714735e-06,2.5940400000000003e-06,1.851676e-06,1.422459e-07,6.6552299999999996e-09,45Q-2040-l,500Mt-CostDecrease,NM,missing,refined liquids_base_steam/CT,missing,missing,missing,missing,missing,missing,missing,missing,EJ
2306,0.0,0.0,9.36308e-05,0.0001083616,5.425653e-05,5.061995e-05,4.202807e-05,1.964537e-05,1.001259e-05,45Q-2040-l,500Mt-CostDecrease,NM,missing,refined liquids_int_steam/CT,missing,missing,missing,missing,missing,missing,missing,missing,EJ
2307,0.0,0.0,0.0,0.0,0.0,0.0,0.0,0.0,0.0,45Q-2040-l,500Mt-CostDecrease,NM,missing,refined liquids_peak_steam/CT,missing,missing,missing,missing,missing,missing,missing,missing,EJ
2308,0.0001458024,0.0001391992,0.0,0.0,0.0,0.0,0.0,0.0,0.0,45Q-2040-l,500Mt-CostDecrease,NM,missing,refined liquids_subpeak_steam/CT,missing,missing,missing,missing,missing,missing,missing,missing,EJ
2309,0.0,0.0,0.000991394,0.00675732,0.00809216,0.0128504,0.0159325,0.0100532,0.00461934,45Q-2040-l,500Mt-CostDecrease,NM,missing,rooftop_pv,missing,missing,missing,missing,missing,missing,missing,missing,EJ
2310,0.0,0.00172328,0.01359435,0.01608034,0.0368392399999999,0.0527014399999999,0.0594758699999999,0.0675166599999999,0.07551292,45Q-2040-l,500Mt-CostDecrease,NM,missing,wind_base,missing,missing,missing,missing,missing,missing,missing,missing,EJ
2311,0.0,0.0,0.000116041,0.0001565426,0.0005365456,0.0009346916,0.0011019006,0.0014417846,0.0015649115999999,45Q-2040-l,500Mt-CostDecrease,NM,missing,wind_base_storage,missing,missing,missing,missing,missing,missing,missing,missing,EJ
2312,0.0,0.000717992,0.0,0.0,0.0,0.0,0.0,0.0,0.0,45Q-2040-l,500Mt-CostDecrease,NM,missing,wind_int,missing,missing,missing,missing,missing,missing,missing,missing,EJ
2313,0.0,0.000430798,0.0,0.0,0.0,0.0,0.0,0.0,0.0,45Q-2040-l,500Mt-CostDecrease,NM,missing,wind_subpeak,missing,missing,missing,missing,missing,missing,missing,missing,EJ
2314,0.0,0.0,6.17498e-05,0.0001064906,0.0002413426,0.0004663206,0.0006179836,0.0007398996,0.0007411533,45Q-2040-l,500Mt-CostDecrease,NY,missing,PV_base_storage,missing,missing,missing,missing,missing,missing,missing,missing,EJ
2315,0.0,0.0,0.0113589,0.0221955,0.0484252,0.0746515,0.0924266,0.1202895,0.1403838,45Q-2040-l,500Mt-CostDecrease,NY,missing,PV_int,missing,missing,missing,missing,missing,missing,missing,missing,EJ
2316,0.0,0.0,0.00059542,0.000964384,0.0016768339999999,0.0022724909999999,0.0026434759999999,0.0033479499999999,0.00393428,45Q-2040-l,500Mt-CostDecrease,NY,missing,PV_peak,missing,missing,missing,missing,missing,missing,missing,missing,EJ
2317,0.0,0.0,0.003775086,0.006254636,0.011047886,0.015119516,0.017730426,0.02251971,0.02646573,45Q-2040-l,500Mt-CostDecrease,NY,missing,PV_subpeak,missing,missing,missing,missing,missing,missing,missing,missing,EJ
2318,0.0,0.0,0.000296927,0.00022817498,0.0007130592199999999,0.00125450633,0.00092195593,0.0007041107219999999,0.00034823850299999995,45Q-2040-l,500Mt-CostDecrease,NY,missing,biogas_base_CC,missing,missing,missing,missing,missing,missing,missing,missing,EJ
2319,0.0,0.0,0.0,0.000122016,0.0004989513300000001,0.00120541528,0.00096202057,0.00097644451,0.000535261446,45Q-2040-l,500Mt-CostDecrease,NY,missing,biogas_base_CC_CCS,missing,missing,missing,missing,missing,missing,missing,missing,EJ
2320,0.0,0.0,0.000531918,0.0003444513,0.0009122549,0.001845197,0.0022973836,0.0041282639999999,0.005348553,45Q-2040-l,500Mt-CostDecrease,NY,missing,biogas_int_CC,missing,missing,missing,missing,missing,missing,missing,missing,EJ
2321,0.0,0.0,0.0,0.000123353,0.00041525602,0.0010654322,0.001500265,0.003456593,0.005421292,45Q-2040-l,500Mt-CostDecrease,NY,missing,biogas_int_CC_CCS,missing,missing,missing,missing,missing,missing,missing,missing,EJ
2322,0.0,0.0,7.68344e-07,4.524383e-07,9.872801e-07,1.6195641e-06,1.7541852000000002e-06,3.5870251e-06,5.9056113e-06,45Q-2040-l,500Mt-CostDecrease,NY,missing,biogas_peak_CC,missing,missing,missing,missing,missing,missing,missing,missing,EJ
2323,0.0,0.0,0.0,6.55896e-08,1.5280138e-07,2.706283200000001e-07,3.260443e-07,8.015862e-07,1.4791074e-06,45Q-2040-l,500Mt-CostDecrease,NY,missing,biogas_peak_CC_CCS,missing,missing,missing,missing,missing,missing,missing,missing,EJ
2324,0.0,0.0,7.01998e-07,3.80611653e-07,8.113600309999999e-07,1.1951613540000002e-06,1.0156581e-06,2.2364264e-06,3.74887247e-06,45Q-2040-l,500Mt-CostDecrease,NY,missing,biogas_peak_steam/CT,missing,missing,missing,missing,missing,missing,missing,missing,EJ
2325,0.0,0.0,1.88034e-05,1.3008905e-05,2.817956e-05,4.836357e-05,5.727859e-05,0.00011825027,0.00017119257999999998,45Q-2040-l,500Mt-CostDecrease,NY,missing,biogas_subpeak_CC,missing,missing,missing,missing,missing,missing,missing,missing,EJ
2326,0.0,0.0,0.0,2.59473e-06,6.3771238e-06,1.2441356e-05,1.641077e-05,4.114519e-05,7.002534e-05,45Q-2040-l,500Mt-CostDecrease,NY,missing,biogas_subpeak_CC_CCS,missing,missing,missing,missing,missing,missing,missing,missing,EJ
2327,0.0,0.0,1.248252e-05,7.92326092e-06,1.704967054e-05,2.57139189e-05,2.30442658e-05,5.277983780000001e-05,7.34576492e-05,45Q-2040-l,500Mt-CostDecrease,NY,missing,biogas_subpeak_steam/CT,missing,missing,missing,missing,missing,missing,missing,missing,EJ
2328,0.0,0.0,0.0001223527,0.0001429197,0.0003005535,0.000679491,0.0009523847000000002,0.00096827997,0.000422652719,45Q-2040-l,500Mt-CostDecrease,NY,missing,biomass_base_IGCC,missing,missing,missing,missing,missing,missing,missing,missing,EJ
2329,0.0,0.0,0.0,3.0009680000000004e-05,0.00018274566,0.00128205585,0.00230374464,0.00708751267,0.0120668319399999,45Q-2040-l,500Mt-CostDecrease,NY,missing,biomass_base_IGCC_CCS,missing,missing,missing,missing,missing,missing,missing,missing,EJ
2330,0.00354767,0.00375579,0.000717564,0.000792944,0.0012345460999999,0.0017724833,0.0018946014999999,0.0011252496,0.00045959052,45Q-2040-l,500Mt-CostDecrease,NY,missing,biomass_base_conv,missing,missing,missing,missing,missing,missing,missing,missing,EJ
2331,0.0,0.0,0.0,3.33824e-05,0.0002532061,0.0031023628,0.0057530327,0.0425549009,0.1044687525999999,45Q-2040-l,500Mt-CostDecrease,NY,missing,biomass_base_conv_CCS,missing,missing,missing,missing,missing,missing,missing,missing,EJ
2332,0.0,0.0,0.0001108835,0.0001410702,0.0002044785,0.0003244536,0.00043556,0.0006601914999999999,0.0009354880000000002,45Q-2040-l,500Mt-CostDecrease,NY,missing,biomass_int_IGCC,missing,missing,missing,missing,missing,missing,missing,missing,EJ
2333,0.0,0.0,0.0,1.443625e-05,5.126839e-05,0.00015100555,0.00025170935,0.0005478226199999999,0.00098034335,45Q-2040-l,500Mt-CostDecrease,NY,missing,biomass_int_IGCC_CCS,missing,missing,missing,missing,missing,missing,missing,missing,EJ
2334,0.00354764,0.0037558,0.0025483169999999,0.0026821086999999,0.0026722164999999,0.0030585192,0.0029875964,0.0030057706,0.0030327114999999,45Q-2040-l,500Mt-CostDecrease,NY,missing,biomass_int_conv,missing,missing,missing,missing,missing,missing,missing,missing,EJ
2335,0.0,0.0,0.0,2.14817e-05,8.341570000000001e-05,0.0002855436,0.0004861656,0.001183189,0.0022269469,45Q-2040-l,500Mt-CostDecrease,NY,missing,biomass_int_conv_CCS,missing,missing,missing,missing,missing,missing,missing,missing,EJ
2336,0.0,0.0,0.0,0.0006359029999999999,0.0024074129999999,0.005182764,0.007205669,0.007624816,0.0040701919,45Q-2040-l,500Mt-CostDecrease,NY,missing,coal_base_IGCC_CCS,missing,missing,missing,missing,missing,missing,missing,missing,EJ
2337,0.02527612,0.02065634,0.0,0.0,0.0,0.0,0.0,0.0,0.0,45Q-2040-l,500Mt-CostDecrease,NY,missing,coal_base_conv pul,missing,missing,missing,missing,missing,missing,missing,missing,EJ
2338,0.0,0.0,0.000175881,0.0001637824,6.095867e-05,0.0,0.0,0.0,0.0,45Q-2040-l,500Mt-CostDecrease,NY,missing,coal_base_conv pul 1951-1955,missing,missing,missing,missing,missing,missing,missing,missing,EJ
2339,0.0,0.0,2.778485e-05,2.689645e-05,1.1486944e-05,9.40127e-07,0.0,0.0,0.0,45Q-2040-l,500Mt-CostDecrease,NY,missing,coal_base_conv pul 1956-1960,missing,missing,missing,missing,missing,missing,missing,missing,EJ
2340,0.0,0.0,2.119357e-06,2.091885e-06,9.670574e-07,1.0147959e-07,5.823052e-08,0.0,0.0,45Q-2040-l,500Mt-CostDecrease,NY,missing,coal_base_conv pul 1961-1965,missing,missing,missing,missing,missing,missing,missing,missing,EJ
2341,0.0,0.0,0.0004210213,0.0004180569,0.0001983533,2.306499e-05,1.7749580000000002e-05,4.426851e-07,0.0,45Q-2040-l,500Mt-CostDecrease,NY,missing,coal_base_conv pul 1966-1970,missing,missing,missing,missing,missing,missing,missing,missing,EJ
2342,0.0,0.0,0.0012894519,0.0012836498,0.0006160072,7.525648999999999e-05,7.036443e-05,3.12043e-06,2.344282e-07,45Q-2040-l,500Mt-CostDecrease,NY,missing,coal_base_conv pul 1981-1985,missing,missing,missing,missing,missing,missing,missing,missing,EJ
2343,0.0,0.0,0.0003626429,0.0003610188,0.00017326739999999998,2.117754e-05,1.9842e-05,8.880346000000001e-07,6.935307e-08,45Q-2040-l,500Mt-CostDecrease,NY,missing,coal_base_conv pul 1986-1990,missing,missing,missing,missing,missing,missing,missing,missing,EJ
2344,0.0,0.0,1.874745e-05,1.866379e-05,8.95811e-06,1.095255e-06,1.0276448e-06,4.628575e-08,3.7174379999999997e-09,45Q-2040-l,500Mt-CostDecrease,NY,missing,coal_base_conv pul 2011-2015,missing,missing,missing,missing,missing,missing,missing,missing,EJ
2345,0.0,0.0,0.0,0.0007329249999999999,0.002627516,0.00540823,0.007370736,0.007195035,0.0032489411,45Q-2040-l,500Mt-CostDecrease,NY,missing,coal_base_conv pul_CCS,missing,missing,missing,missing,missing,missing,missing,missing,EJ
2346,0.05196684,0.04246869,0.0,0.0,0.0,0.0,0.0,0.0,0.0,45Q-2040-l,500Mt-CostDecrease,NY,missing,coal_base_conv pul_retire_2020,missing,missing,missing,missing,missing,missing,missing,missing,EJ
2347,0.0,0.0,0.0,0.0001006278,0.0003643968,0.0008196962,0.0012410188999999,0.0020426211,0.0030182157,45Q-2040-l,500Mt-CostDecrease,NY,missing,coal_int_IGCC_CCS,missing,missing,missing,missing,missing,missing,missing,missing,EJ
2348,0.006318998,0.005164095,0.0,0.0,0.0,0.0,0.0,0.0,0.0,45Q-2040-l,500Mt-CostDecrease,NY,missing,coal_int_conv pul,missing,missing,missing,missing,missing,missing,missing,missing,EJ
2349,0.0,0.0,2.613816e-05,2.443994e-05,1.663011e-05,0.0,0.0,0.0,0.0,45Q-2040-l,500Mt-CostDecrease,NY,missing,coal_int_conv pul 1951-1955,missing,missing,missing,missing,missing,missing,missing,missing,EJ
2350,0.0,0.0,4.129176e-06,4.013545e-06,3.133748e-06,1.1942322e-06,0.0,0.0,0.0,45Q-2040-l,500Mt-CostDecrease,NY,missing,coal_int_conv pul 1956-1960,missing,missing,missing,missing,missing,missing,missing,missing,EJ
2351,0.0,0.0,3.149628e-07,3.121556000000001e-07,2.63822e-07,1.2890777e-07,8.662812e-08,0.0,0.0,45Q-2040-l,500Mt-CostDecrease,NY,missing,coal_int_conv pul 1961-1965,missing,missing,missing,missing,missing,missing,missing,missing,EJ
2352,0.0,0.0,6.256909e-05,6.238329e-05,5.411257e-05,2.929908e-05,2.640563e-05,6.497438e-06,0.0,45Q-2040-l,500Mt-CostDecrease,NY,missing,coal_int_conv pul 1966-1970,missing,missing,missing,missing,missing,missing,missing,missing,EJ
2353,0.0,0.0,0.000191628,0.0001915479,0.0001680527,9.559712e-05,0.00010467958,4.579958e-05,2.985926e-05,45Q-2040-l,500Mt-CostDecrease,NY,missing,coal_int_conv pul 1981-1985,missing,missing,missing,missing,missing,missing,missing,missing,EJ
2354,0.0,0.0,5.389335e-05,5.387199e-05,4.726889e-05,2.690153e-05,2.951855e-05,1.3033993e-05,8.833533e-06,45Q-2040-l,500Mt-CostDecrease,NY,missing,coal_int_conv pul 1986-1990,missing,missing,missing,missing,missing,missing,missing,missing,EJ
2355,0.0,0.0,2.786101e-06,2.785043e-06,2.443859e-06,1.3912843e-06,1.5287992e-06,6.793517e-07,4.734918e-07,45Q-2040-l,500Mt-CostDecrease,NY,missing,coal_int_conv pul 2011-2015,missing,missing,missing,missing,missing,missing,missing,missing,EJ
2356,0.0,0.0,0.0,0.0001254992,0.0004301384000000001,0.0009244923,0.001362199,0.0021596499,0.0031022999999999,45Q-2040-l,500Mt-CostDecrease,NY,missing,coal_int_conv pul_CCS,missing,missing,missing,missing,missing,missing,missing,missing,EJ
2357,0.0129916559999999,0.0106171999999999,0.0,0.0,0.0,0.0,0.0,0.0,0.0,45Q-2040-l,500Mt-CostDecrease,NY,missing,coal_int_conv pul_retire_2020,missing,missing,missing,missing,missing,missing,missing,missing,EJ
2358,0.0,0.02429069,0.03355849,0.03657431,0.03691638,0.028972524,0.029949133,0.0077105529999999,0.00192614607,45Q-2040-l,500Mt-CostDecrease,NY,missing,gas_base_CC,missing,missing,missing,missing,missing,missing,missing,missing,EJ
2359,0.0,0.0,0.0,0.002101153,0.007816838,0.0166471,0.022694047,0.021371581,0.0086212583,45Q-2040-l,500Mt-CostDecrease,NY,missing,gas_base_CC_CCS,missing,missing,missing,missing,missing,missing,missing,missing,EJ
2360,0.0656147,0.0939015999999999,0.1651717499999999,0.15970074,0.1436994999999999,0.12856873,0.11940208,0.10473033,0.09662246,45Q-2040-l,500Mt-CostDecrease,NY,missing,gas_int_CC,missing,missing,missing,missing,missing,missing,missing,missing,EJ
2361,0.0,0.0,0.0,0.001446332,0.003905625,0.00784957,0.011406207,0.017913801,0.02555106,45Q-2040-l,500Mt-CostDecrease,NY,missing,gas_int_CC_CCS,missing,missing,missing,missing,missing,missing,missing,missing,EJ
2362,0.0,0.002079816,0.0014562378499999,0.001317859809,0.001082162414,0.0008604493539999999,0.000704630109,0.0004856652189999999,0.00033163317200000003,45Q-2040-l,500Mt-CostDecrease,NY,missing,gas_peak_CC,missing,missing,missing,missing,missing,missing,missing,missing,EJ
2363,0.0,0.0,0.0,1.888575e-07,4.5362720000000003e-07,8.499140999999999e-07,1.1783356e-06,1.9375630000000003e-06,3.2771835999999995e-06,45Q-2040-l,500Mt-CostDecrease,NY,missing,gas_peak_CC_CCS,missing,missing,missing,missing,missing,missing,missing,missing,EJ
2364,0.0,0.000731506,0.0006733493200000001,0.00055174254,0.000288999052,0.000189755416,0.000190179134,9.7468606e-05,6.0260646e-05,45Q-2040-l,500Mt-CostDecrease,NY,missing,gas_peak_steam/CT,missing,missing,missing,missing,missing,missing,missing,missing,EJ
2365,0.00418797,0.00829527,0.0105303522,0.0096506933999999,0.0081976231,0.0067915019,0.0056867399,0.0043330804,0.0034100068,45Q-2040-l,500Mt-CostDecrease,NY,missing,gas_subpeak_CC,missing,missing,missing,missing,missing,missing,missing,missing,EJ
2366,0.0,0.0,0.0,1.100292e-05,2.654935e-05,4.951043e-05,6.910341000000001e-05,0.00011635629,0.00018468118,45Q-2040-l,500Mt-CostDecrease,NY,missing,gas_subpeak_CC_CCS,missing,missing,missing,missing,missing,missing,missing,missing,EJ
2367,0.003102553,0.0029177839999999,0.005293896,0.004472662,0.0026392086,0.001904698,0.0019234108,0.0011841228,0.0008770823,45Q-2040-l,500Mt-CostDecrease,NY,missing,gas_subpeak_steam/CT,missing,missing,missing,missing,missing,missing,missing,missing,EJ
2368,0.0952017,0.0945621,0.111338,0.111168,0.111046,0.111063,0.110814,0.109885,0.110007,45Q-2040-l,500Mt-CostDecrease,NY,missing,hydro_base,missing,missing,missing,missing,missing,missing,missing,missing,EJ
2369,0.0901483,0.1584107,0.1639170999999999,0.15128,0.1079357,0.0433057,0.0,0.0,0.0,45Q-2040-l,500Mt-CostDecrease,NY,missing,nuc_base_Gen II,missing,missing,missing,missing,missing,missing,missing,missing,EJ
2370,0.0,0.0,0.0,0.0,0.010907,0.0291767,0.0416192,0.0517407999999999,0.05703681,45Q-2040-l,500Mt-CostDecrease,NY,missing,nuc_base_Gen III,missing,missing,missing,missing,missing,missing,missing,missing,EJ
2371,0.0371706699999999,0.00902848,0.000840325,0.000961998,0.000619496,0.0003231247,0.0002680808,2.495516e-05,1.892636e-06,45Q-2040-l,500Mt-CostDecrease,NY,missing,refined liquids_base_steam/CT,missing,missing,missing,missing,missing,missing,missing,missing,EJ
2372,0.0708129,0.0722278,0.0,0.0,0.0,0.0,0.0,0.0,0.0,45Q-2040-l,500Mt-CostDecrease,NY,missing,refined liquids_int_steam/CT,missing,missing,missing,missing,missing,missing,missing,missing,EJ
2373,0.00241187,0.0,0.0,0.0,0.0,0.0,0.0,0.0,0.0,45Q-2040-l,500Mt-CostDecrease,NY,missing,refined liquids_peak_steam/CT,missing,missing,missing,missing,missing,missing,missing,missing,EJ
2374,0.0100749599999999,0.00902847,0.0,0.0,0.0,0.0,0.0,0.0,0.0,45Q-2040-l,500Mt-CostDecrease,NY,missing,refined liquids_subpeak_steam/CT,missing,missing,missing,missing,missing,missing,missing,missing,EJ
2375,0.0,0.0,0.000319445,0.0026708,0.00722953,0.0116914,0.0158128,0.0130087,0.00903712,45Q-2040-l,500Mt-CostDecrease,NY,missing,rooftop_pv,missing,missing,missing,missing,missing,missing,missing,missing,EJ
2376,0.0,0.000372299,0.0292943,0.0467261,0.0846597,0.1339149,0.1628961,0.1727786,0.1723621,45Q-2040-l,500Mt-CostDecrease,NY,missing,wind_base,missing,missing,missing,missing,missing,missing,missing,missing,EJ
2377,0.0,0.0,0.0,0.00173464,0.01226654,0.0309705399999999,0.04463884,0.05758684,0.0641799399999999,45Q-2040-l,500Mt-CostDecrease,NY,missing,wind_base_offshore,missing,missing,missing,missing,missing,missing,missing,missing,EJ
2378,0.0,0.0,0.000430115,0.0008872330000000001,0.001913353,0.003500533,0.004533153,0.00536146,0.005363794,45Q-2040-l,500Mt-CostDecrease,NY,missing,wind_base_storage,missing,missing,missing,missing,missing,missing,missing,missing,EJ
2379,0.0,0.0,9.72058e-05,9.841308e-05,0.00020032508,0.00046349508,0.00062904608,0.00083860608,0.00083797998,45Q-2040-l,500Mt-CostDecrease,NC,missing,PV_base_storage,missing,missing,missing,missing,missing,missing,missing,missing,EJ
2380,0.0,0.0,0.00550697,0.00890896,0.02237436,0.03661496,0.044775,0.0641735,0.07945453,45Q-2040-l,500Mt-CostDecrease,NC,missing,PV_int,missing,missing,missing,missing,missing,missing,missing,missing,EJ
2381,0.0,0.0,0.00026475,0.000393033,0.000752155,0.00101282,0.001158102,0.001565692,0.001901217,45Q-2040-l,500Mt-CostDecrease,NC,missing,PV_peak,missing,missing,missing,missing,missing,missing,missing,missing,EJ
2382,0.0,0.0,0.00796554,0.00882515,0.01119942,0.01299086,0.01406168,0.01146756,0.01364113,45Q-2040-l,500Mt-CostDecrease,NC,missing,PV_subpeak,missing,missing,missing,missing,missing,missing,missing,missing,EJ
2383,0.0,0.0,0.000492406,1.230773e-05,0.000580226084,0.001581090667,0.001141555443,0.0012862187739,0.00056398636759,45Q-2040-l,500Mt-CostDecrease,NC,missing,biogas_base_CC,missing,missing,missing,missing,missing,missing,missing,missing,EJ
2384,0.0,0.0,0.0,3.44239e-06,0.0003994827963,0.00154420974,0.001265719207,0.0018866817872,0.00091591419625,45Q-2040-l,500Mt-CostDecrease,NC,missing,biogas_base_CC_CCS,missing,missing,missing,missing,missing,missing,missing,missing,EJ
2385,0.0,0.0,0.000267954,0.0001112289,0.00043066578,0.000934248,0.0010026807,0.0023568137,0.0029907221,45Q-2040-l,500Mt-CostDecrease,NC,missing,biogas_int_CC,missing,missing,missing,missing,missing,missing,missing,missing,EJ
2386,0.0,0.0,0.0,3.81029e-05,0.0001961135,0.00054931331,0.0006877016,0.0020556026,0.0033156055,45Q-2040-l,500Mt-CostDecrease,NC,missing,biogas_int_CC_CCS,missing,missing,missing,missing,missing,missing,missing,missing,EJ
2387,0.0,0.0,3.194e-07,1.4350735e-07,4.1655073e-07,6.1802652e-07,5.892389e-07,1.629515e-06,2.4902602e-06,45Q-2040-l,500Mt-CostDecrease,NC,missing,biogas_peak_CC,missing,missing,missing,missing,missing,missing,missing,missing,EJ
2388,0.0,0.0,0.0,2.01838e-08,6.3571247e-08,1.0202427e-07,1.1066266e-07,3.5217201e-07,6.3226605e-07,45Q-2040-l,500Mt-CostDecrease,NC,missing,biogas_peak_CC_CCS,missing,missing,missing,missing,missing,missing,missing,missing,EJ
2389,0.0,0.0,2.994157000000001e-07,1.23160835e-07,3.55614976e-07,4.85714832e-07,3.706337040000001e-07,1.1683958370000002e-06,1.731987086e-06,45Q-2040-l,500Mt-CostDecrease,NC,missing,biogas_peak_steam/CT,missing,missing,missing,missing,missing,missing,missing,missing,EJ
2390,0.0,0.0,7.75917e-06,3.993767e-06,1.2102888e-05,1.9001782e-05,2.037466e-05,6.1772577e-05,7.961374300000001e-05,45Q-2040-l,500Mt-CostDecrease,NC,missing,biogas_subpeak_CC,missing,missing,missing,missing,missing,missing,missing,missing,EJ
2391,0.0,0.0,0.0,7.62939e-07,2.6923675e-06,4.834814e-06,5.927053e-06,2.0880311e-05,3.4069608999999994e-05,45Q-2040-l,500Mt-CostDecrease,NC,missing,biogas_subpeak_CC_CCS,missing,missing,missing,missing,missing,missing,missing,missing,EJ
2392,0.0,0.0,5.294150000000001e-06,2.47535931e-06,7.67396305e-06,1.094016775e-05,9.1049605e-06,3.2942944750000003e-05,3.8112572940000006e-05,45Q-2040-l,500Mt-CostDecrease,NC,missing,biogas_subpeak_steam/CT,missing,missing,missing,missing,missing,missing,missing,missing,EJ
2393,0.0,0.0,0.0001260861,9.5248051e-05,0.000198332277,0.000561088811,0.0008150206989999999,0.001126147552,0.0004918026973500001,45Q-2040-l,500Mt-CostDecrease,NC,missing,biomass_base_IGCC,missing,missing,missing,missing,missing,missing,missing,missing,EJ
2394,0.0,0.0,0.0,5.93281e-07,9.0444183e-05,0.001148153879,0.002088764879,0.009392642034,0.016378125652,45Q-2040-l,500Mt-CostDecrease,NC,missing,biomass_base_IGCC_CCS,missing,missing,missing,missing,missing,missing,missing,missing,EJ
2395,0.0002205142,0.0009970055,0.0004834639,0.0006070479300000001,0.0009739917,0.00149745925,0.0016076319299999,0.001343527063,0.0005609469119000001,45Q-2040-l,500Mt-CostDecrease,NC,missing,biomass_base_conv,missing,missing,missing,missing,missing,missing,missing,missing,EJ
2396,0.0,0.0,0.0,6.64766e-07,0.000131650994,0.002953721756,0.005469781753,0.067005288213,0.167166189467,45Q-2040-l,500Mt-CostDecrease,NC,missing,biomass_base_conv_CCS,missing,missing,missing,missing,missing,missing,missing,missing,EJ
2397,0.0,0.0,6.54765e-05,7.24171e-05,0.00010464137,0.00017597955,0.00022954024,0.00038697701,0.0005632759699999999,45Q-2040-l,500Mt-CostDecrease,NC,missing,biomass_int_IGCC,missing,missing,missing,missing,missing,missing,missing,missing,EJ
2398,0.0,0.0,0.0,5.16879e-06,2.474962e-05,8.32395e-05,0.0001325304,0.00034354218,0.00063000377,45Q-2040-l,500Mt-CostDecrease,NC,missing,biomass_int_IGCC_CCS,missing,missing,missing,missing,missing,missing,missing,missing,EJ
2399,0.0002205131,0.0009970054,0.0010288251,0.0011829799,0.0011220304,0.0014950681,0.0014935427999999,0.0015834016,0.0016317637,45Q-2040-l,500Mt-CostDecrease,NC,missing,biomass_int_conv,missing,missing,missing,missing,missing,missing,missing,missing,EJ
2400,0.0,0.0,0.0,7.72571e-06,4.082846e-05,0.00016024976,0.00025920007,0.0007609185499999999,0.00146009678,45Q-2040-l,500Mt-CostDecrease,NC,missing,biomass_int_conv_CCS,missing,missing,missing,missing,missing,missing,missing,missing,EJ
2401,0.0,0.0,0.0,2.074638e-05,0.00139559297,0.00475033579,0.00703212051,0.00935057334,0.00617845209,45Q-2040-l,500Mt-CostDecrease,NC,missing,coal_base_IGCC_CCS,missing,missing,missing,missing,missing,missing,missing,missing,EJ
2402,0.0646108,0.1217424,0.0,0.0,0.0,0.0,0.0,0.0,0.0,45Q-2040-l,500Mt-CostDecrease,NC,missing,coal_base_conv pul,missing,missing,missing,missing,missing,missing,missing,missing,EJ
2403,0.0,0.0,0.0001752382,0.0001503873,6.73777e-05,0.0,0.0,0.0,0.0,45Q-2040-l,500Mt-CostDecrease,NC,missing,coal_base_conv pul 1951-1955,missing,missing,missing,missing,missing,missing,missing,missing,EJ
2404,0.0,0.0,0.001365611,0.000989582,0.0,0.0,0.0,0.0,0.0,45Q-2040-l,500Mt-CostDecrease,NC,missing,coal_base_conv pul 1956-1960,missing,missing,missing,missing,missing,missing,missing,missing,EJ
2405,0.0,0.0,0.005976997,0.005683985,0.003415248,0.0003430795,0.0,0.0,0.0,45Q-2040-l,500Mt-CostDecrease,NC,missing,coal_base_conv pul 1961-1965,missing,missing,missing,missing,missing,missing,missing,missing,EJ
2406,0.0,0.0,0.03179468,0.03170896,0.02296318,0.003962059,0.002631609,4.750511000000001e-05,0.0,45Q-2040-l,500Mt-CostDecrease,NC,missing,coal_base_conv pul 1966-1970,missing,missing,missing,missing,missing,missing,missing,missing,EJ
2407,0.0,0.0,0.0352733,0.03523234,0.02568942,0.004564157,0.003382929,7.99248e-05,1.6831769999999998e-06,45Q-2040-l,500Mt-CostDecrease,NC,missing,coal_base_conv pul 1971-1975,missing,missing,missing,missing,missing,missing,missing,missing,EJ
2408,0.0,0.0,0.005401387,0.005400121,0.003953799,0.00071542,0.0005727201999999999,1.775727e-05,6.851060000000001e-07,45Q-2040-l,500Mt-CostDecrease,NC,missing,coal_base_conv pul 1976-1980,missing,missing,missing,missing,missing,missing,missing,missing,EJ
2409,0.0,0.0,0.004630611,0.00462988,0.0033910219999999,0.0006145329,0.0004953247,1.581397e-05,6.80854e-07,45Q-2040-l,500Mt-CostDecrease,NC,missing,coal_base_conv pul 1981-1985,missing,missing,missing,missing,missing,missing,missing,missing,EJ
2410,0.0,0.0,0.0,0.0,0.0,0.0,0.0,0.0,0.0,45Q-2040-l,500Mt-CostDecrease,NC,missing,coal_base_conv pul 1986-1990,missing,missing,missing,missing,missing,missing,missing,missing,EJ
2411,0.0,0.0,0.0001574452,0.0001574275,0.000115327,2.091937e-05,1.693132e-05,5.505317e-07,2.560026e-08,45Q-2040-l,500Mt-CostDecrease,NC,missing,coal_base_conv pul 1991-1995,missing,missing,missing,missing,missing,missing,missing,missing,EJ
2412,0.0,0.0,0.01338709,0.01338567,0.00980625,0.001778998,0.001440687,4.696588e-05,2.2092e-06,45Q-2040-l,500Mt-CostDecrease,NC,missing,coal_base_conv pul 2011-2015,missing,missing,missing,missing,missing,missing,missing,missing,EJ
2413,0.0,0.0,0.0003792391,0.0,0.0,0.0,0.0,0.0,0.0,45Q-2040-l,500Mt-CostDecrease,NC,missing,coal_base_conv pul before 1950,missing,missing,missing,missing,missing,missing,missing,missing,EJ
2414,0.0,0.0,0.0,2.471058e-05,0.00154208648,0.00502527623,0.00730960263,0.0093092176,0.0052795634799999,45Q-2040-l,500Mt-CostDecrease,NC,missing,coal_base_conv pul_CCS,missing,missing,missing,missing,missing,missing,missing,missing,EJ
2415,0.01676475,0.03158895,0.0,0.0,0.0,0.0,0.0,0.0,0.0,45Q-2040-l,500Mt-CostDecrease,NC,missing,coal_base_conv pul_retire_2020,missing,missing,missing,missing,missing,missing,missing,missing,EJ
2416,0.0,0.0,0.0,4.86711e-05,0.00016400640000000002,0.0003892647000000001,0.000567864,0.0010726024,0.001655287,45Q-2040-l,500Mt-CostDecrease,NC,missing,coal_int_IGCC_CCS,missing,missing,missing,missing,missing,missing,missing,missing,EJ
2417,0.0746456,0.1050791,0.0,0.0,0.0,0.0,0.0,0.0,0.0,45Q-2040-l,500Mt-CostDecrease,NC,missing,coal_int_conv pul,missing,missing,missing,missing,missing,missing,missing,missing,EJ
2418,0.0,0.0,2.590075e-05,2.222463e-05,1.122528e-05,0.0,0.0,0.0,0.0,45Q-2040-l,500Mt-CostDecrease,NC,missing,coal_int_conv pul 1951-1955,missing,missing,missing,missing,missing,missing,missing,missing,EJ
2419,0.0,0.0,0.000201841,0.0001462426,0.0,0.0,0.0,0.0,0.0,45Q-2040-l,500Mt-CostDecrease,NC,missing,coal_int_conv pul 1956-1960,missing,missing,missing,missing,missing,missing,missing,missing,EJ
2420,0.0,0.0,0.000883418,0.0008399919999999999,0.0005689874999999999,0.0001361189,0.0,0.0,0.0,45Q-2040-l,500Mt-CostDecrease,NC,missing,coal_int_conv pul 1961-1965,missing,missing,missing,missing,missing,missing,missing,missing,EJ
2421,0.0,0.0,0.004699357,0.004686026,0.0038257049999999,0.0015719689999999,0.001499316,0.0003043453,0.0,45Q-2040-l,500Mt-CostDecrease,NC,missing,coal_int_conv pul 1966-1970,missing,missing,missing,missing,missing,missing,missing,missing,EJ
2422,0.0,0.0,0.005213505,0.005206708,0.004279918,0.0018108549999999,0.001927369,0.0005120459,0.0001533688,45Q-2040-l,500Mt-CostDecrease,NC,missing,coal_int_conv pul 1971-1975,missing,missing,missing,missing,missing,missing,missing,missing,EJ
2423,0.0,0.0,0.0007983420000000001,0.0007980419999999999,0.000658711,0.0002838471,0.0003262979,0.0001137637,6.242594e-05,45Q-2040-l,500Mt-CostDecrease,NC,missing,coal_int_conv pul 1976-1980,missing,missing,missing,missing,missing,missing,missing,missing,EJ
2424,0.0,0.0,0.0006844199999999999,0.000684214,0.0005649520000000001,0.0002438197,0.000282203,0.0001013137,6.20386e-05,45Q-2040-l,500Mt-CostDecrease,NC,missing,coal_int_conv pul 1981-1985,missing,missing,missing,missing,missing,missing,missing,missing,EJ
2425,0.0,0.0,0.0,0.0,0.0,0.0,0.0,0.0,0.0,45Q-2040-l,500Mt-CostDecrease,NC,missing,coal_int_conv pul 1986-1990,missing,missing,missing,missing,missing,missing,missing,missing,EJ
2426,0.0,0.0,2.327089e-05,2.326497e-05,1.921378e-05,8.29987e-06,9.64634e-06,3.5270250000000003e-06,2.332665e-06,45Q-2040-l,500Mt-CostDecrease,NC,missing,coal_int_conv pul 1991-1995,missing,missing,missing,missing,missing,missing,missing,missing,EJ
2427,0.0,0.0,0.001978648,0.001978162,0.001633743,0.000705827,0.000820806,0.0003008905,0.0002012995,45Q-2040-l,500Mt-CostDecrease,NC,missing,coal_int_conv pul 2011-2015,missing,missing,missing,missing,missing,missing,missing,missing,EJ
2428,0.0,0.0,5.605278e-05,0.0,0.0,0.0,0.0,0.0,0.0,45Q-2040-l,500Mt-CostDecrease,NC,missing,coal_int_conv pul before 1950,missing,missing,missing,missing,missing,missing,missing,missing,EJ
2429,0.0,0.0,0.0,6.16554e-05,0.0001965741,0.00044373390000000006,0.0006310136999999998,0.0011372355,0.0017043867999999,45Q-2040-l,500Mt-CostDecrease,NC,missing,coal_int_conv pul_CCS,missing,missing,missing,missing,missing,missing,missing,missing,EJ
2430,0.0193685,0.02726526,0.0,0.0,0.0,0.0,0.0,0.0,0.0,45Q-2040-l,500Mt-CostDecrease,NC,missing,coal_int_conv pul_retire_2020,missing,missing,missing,missing,missing,missing,missing,missing,EJ
2431,0.0005879819,0.0,0.0,0.0,0.0,0.0,0.0,0.0,0.0,45Q-2040-l,500Mt-CostDecrease,NC,missing,coal_peak_conv pul,missing,missing,missing,missing,missing,missing,missing,missing,EJ
2432,0.00015256550000000002,0.0,0.0,0.0,0.0,0.0,0.0,0.0,0.0,45Q-2040-l,500Mt-CostDecrease,NC,missing,coal_peak_conv pul_retire_2020,missing,missing,missing,missing,missing,missing,missing,missing,EJ
2433,0.004369704,0.0,0.0,0.0,0.0,0.0,0.0,0.0,0.0,45Q-2040-l,500Mt-CostDecrease,NC,missing,coal_subpeak_conv pul,missing,missing,missing,missing,missing,missing,missing,missing,EJ
2434,0.001133821,0.0,0.0,0.0,0.0,0.0,0.0,0.0,0.0,45Q-2040-l,500Mt-CostDecrease,NC,missing,coal_subpeak_conv pul_retire_2020,missing,missing,missing,missing,missing,missing,missing,missing,EJ
2435,0.0,0.0,0.02982666,0.029425611,0.0390338079999999,0.047032617,0.052223343,0.0205543149,0.00383771444,45Q-2040-l,500Mt-CostDecrease,NC,missing,gas_base_CC,missing,missing,missing,missing,missing,missing,missing,missing,EJ
2436,0.0,0.0,0.0,8.16019e-05,0.0067492672,0.0226742162,0.0332224136,0.0440649971,0.0262385605,45Q-2040-l,500Mt-CostDecrease,NC,missing,gas_base_CC_CCS,missing,missing,missing,missing,missing,missing,missing,missing,EJ
2437,0.000587634,0.00766204,0.1100921,0.10524263,0.09544383,0.08455522,0.0783115,0.06983661,0.06552781,45Q-2040-l,500Mt-CostDecrease,NC,missing,gas_int_CC,missing,missing,missing,missing,missing,missing,missing,missing,EJ
2438,0.0,0.0,0.0,0.000553218,0.001987788,0.004525369,0.006488193,0.011773057,0.017648155,45Q-2040-l,500Mt-CostDecrease,NC,missing,gas_int_CC_CCS,missing,missing,missing,missing,missing,missing,missing,missing,EJ
2439,2.30015e-05,0.000385999,0.00104920497,0.000953877022,0.0007913728640000001,0.000614927694,0.000502839122,0.00033784241499999995,0.000225016835,45Q-2040-l,500Mt-CostDecrease,NC,missing,gas_peak_CC,missing,missing,missing,missing,missing,missing,missing,missing,EJ
2440,0.0,0.0,0.0,6.26242e-08,1.851465e-07,3.519189e-07,4.77859e-07,8.999383000000001e-07,1.5543967e-06,45Q-2040-l,500Mt-CostDecrease,NC,missing,gas_peak_CC_CCS,missing,missing,missing,missing,missing,missing,missing,missing,EJ
2441,1.7001082299999998e-05,0.00013579975,0.0005296566703000001,0.00045569880186,0.00023997510536,0.00013470994833999998,0.00013637530300999998,6.2288672611e-05,3.576313389800001e-05,45Q-2040-l,500Mt-CostDecrease,NC,missing,gas_peak_steam/CT,missing,missing,missing,missing,missing,missing,missing,missing,EJ
2442,0.000153009,0.00256881,0.007218711,0.0066128569,0.0056400687,0.004565492,0.0037872432999999,0.0028370439999999,0.0021774147,45Q-2040-l,500Mt-CostDecrease,NC,missing,gas_subpeak_CC,missing,missing,missing,missing,missing,missing,missing,missing,EJ
2443,0.0,0.0,0.0,3.56964e-06,1.099388e-05,2.123528e-05,2.952083e-05,6.157383e-05,9.976496e-05,45Q-2040-l,500Mt-CostDecrease,NC,missing,gas_subpeak_CC_CCS,missing,missing,missing,missing,missing,missing,missing,missing,EJ
2444,0.000113306775,0.00090360416,0.003764954674,0.003314053263,0.001979890691,0.0012410630189,0.0012541339794,0.0007058533535,0.0004861566566,45Q-2040-l,500Mt-CostDecrease,NC,missing,gas_subpeak_steam/CT,missing,missing,missing,missing,missing,missing,missing,missing,EJ
2445,0.0230515,0.01712,0.0203001,0.0202689,0.0202468,0.0202498,0.0202045,0.020035,0.0200573,45Q-2040-l,500Mt-CostDecrease,NC,missing,hydro_base,missing,missing,missing,missing,missing,missing,missing,missing,EJ
2446,0.0988609,0.1492248,0.1578238,0.1577303,0.1568938999999999,0.1498596999999999,0.1072607,0.03048888,0.0,45Q-2040-l,500Mt-CostDecrease,NC,missing,nuc_base_Gen II,missing,missing,missing,missing,missing,missing,missing,missing,EJ
2447,0.0,0.0,0.0,0.0,0.00711695,0.02556904,0.03729594,0.05231766,0.05932554,45Q-2040-l,500Mt-CostDecrease,NC,missing,nuc_base_Gen III,missing,missing,missing,missing,missing,missing,missing,missing,EJ
2448,0.0,0.0,0.00027885553,0.00049150541,0.00035255256,0.00019058316,0.00013716582000000002,9.926745e-06,4.4680192e-07,45Q-2040-l,500Mt-CostDecrease,NC,missing,refined liquids_base_steam/CT,missing,missing,missing,missing,missing,missing,missing,missing,EJ
2449,0.00063513687,0.0009504054,0.0,0.0,0.0,0.0,0.0,0.0,0.0,45Q-2040-l,500Mt-CostDecrease,NC,missing,refined liquids_int_steam/CT,missing,missing,missing,missing,missing,missing,missing,missing,EJ
2450,0.0,0.0,0.0,0.0,0.0,0.0,0.0,0.0,0.0,45Q-2040-l,500Mt-CostDecrease,NC,missing,refined liquids_peak_steam/CT,missing,missing,missing,missing,missing,missing,missing,missing,EJ
2451,0.00015880937,0.000237601,0.0,0.0,0.0,0.0,0.0,0.0,0.0,45Q-2040-l,500Mt-CostDecrease,NC,missing,refined liquids_subpeak_steam/CT,missing,missing,missing,missing,missing,missing,missing,missing,EJ
2452,0.0,0.0,0.000448449,0.0063904,0.0174957,0.0217145,0.0262586,0.0170694,0.00902583,45Q-2040-l,500Mt-CostDecrease,NC,missing,rooftop_pv,missing,missing,missing,missing,missing,missing,missing,missing,EJ
2453,0.0,0.0,0.0048699,0.004974522,0.011482932,0.026147332,0.035230352,0.046345652,0.047110142,45Q-2040-l,500Mt-CostDecrease,NC,missing,wind_base,missing,missing,missing,missing,missing,missing,missing,missing,EJ
2454,0.0,0.0,0.0,2.35794e-05,0.0045379194,0.0199316194,0.0321787194,0.0505877193999999,0.06118554,45Q-2040-l,500Mt-CostDecrease,NC,missing,wind_base_offshore,missing,missing,missing,missing,missing,missing,missing,missing,EJ
2455,0.0,0.0,0.000250184,0.0002548047,0.0005412117,0.0012384377,0.0016783027,0.0022374127,0.0022531337,45Q-2040-l,500Mt-CostDecrease,NC,missing,wind_base_storage,missing,missing,missing,missing,missing,missing,missing,missing,EJ
2456,0.0,0.0,2.92499e-05,5.33658e-05,0.0002376368,0.0006165917999999999,0.0007241118,0.0008916538,0.0009226945,45Q-2040-l,500Mt-CostDecrease,ND,missing,CSP_base_storage,missing,missing,missing,missing,missing,missing,missing,missing,EJ
2457,0.0,0.0,0.000298282,0.00059779,0.0017419559999999,0.004529636,0.005777394,0.009874834,0.012783772,45Q-2040-l,500Mt-CostDecrease,ND,missing,CSP_int,missing,missing,missing,missing,missing,missing,missing,missing,EJ
2458,0.0,0.0,8.61972e-06,1.405296e-05,2.7243580000000003e-05,3.654316e-05,5.287694e-05,7.612114000000001e-05,0.00012225122,45Q-2040-l,500Mt-CostDecrease,ND,missing,CSP_peak,missing,missing,missing,missing,missing,missing,missing,missing,EJ
2459,7.00016e-07,7.00008e-07,8.030700000000001e-06,1.714366e-05,4.371026000000001e-05,5.347938000000001e-05,9.761578e-05,0.00058325592,0.00071252968,45Q-2040-l,500Mt-CostDecrease,ND,missing,CSP_subpeak,missing,missing,missing,missing,missing,missing,missing,missing,EJ
2460,0.0,0.0,3.65432e-06,6.96397e-06,3.317237e-05,8.836127e-05,0.00010426957,0.00012931917,0.00013474155,45Q-2040-l,500Mt-CostDecrease,ND,missing,PV_base_storage,missing,missing,missing,missing,missing,missing,missing,missing,EJ
2461,0.0,0.0,0.00179396,0.00386287,0.01134462,0.02123333,0.02486307,0.03335157,0.0379098,45Q-2040-l,500Mt-CostDecrease,ND,missing,PV_int,missing,missing,missing,missing,missing,missing,missing,missing,EJ
2462,0.0,0.0,5.18416e-05,8.937269999999999e-05,0.00017562669999999998,0.0002086149,0.0002561301,0.0003042844,0.0003608798,45Q-2040-l,500Mt-CostDecrease,ND,missing,PV_peak,missing,missing,missing,missing,missing,missing,missing,missing,EJ
2463,0.0,0.0,2.42426e-05,8.7192e-05,0.000260912,0.0002955658,0.0004239598,0.0014383298,0.0016781092,45Q-2040-l,500Mt-CostDecrease,ND,missing,PV_subpeak,missing,missing,missing,missing,missing,missing,missing,missing,EJ
2464,0.0,0.0,2.50498e-05,2.436204e-05,0.000201033472,0.000451895585,0.00015652205999999998,0.0002117327657,7.388743873e-05,45Q-2040-l,500Mt-CostDecrease,ND,missing,biogas_base_CC,missing,missing,missing,missing,missing,missing,missing,missing,EJ
2465,0.0,0.0,0.0,1.28874e-05,0.000141082561,0.000443548074,0.00017867947399999998,0.00030415283,0.0001193421433,45Q-2040-l,500Mt-CostDecrease,ND,missing,biogas_base_CC_CCS,missing,missing,missing,missing,missing,missing,missing,missing,EJ
2466,0.0,0.0,0.000135986,9.691312e-05,0.00027673519,0.000786625,0.0005618284,0.0018981308,0.0020843798,45Q-2040-l,500Mt-CostDecrease,ND,missing,biogas_int_CC,missing,missing,missing,missing,missing,missing,missing,missing,EJ
2467,0.0,0.0,0.0,3.43007e-05,0.00012668301,0.00046599,0.00040753295,0.0015926009,0.0022565366,45Q-2040-l,500Mt-CostDecrease,ND,missing,biogas_int_CC_CCS,missing,missing,missing,missing,missing,missing,missing,missing,EJ
2468,0.0,0.0,9.82977e-08,6.317935e-08,1.182367e-07,1.1660404e-07,2.0206756e-07,4.4440980000000006e-07,8.837524e-07,45Q-2040-l,500Mt-CostDecrease,ND,missing,biogas_peak_CC,missing,missing,missing,missing,missing,missing,missing,missing,EJ
2469,0.0,0.0,0.0,8.82972e-09,1.7977311e-08,1.924525e-08,3.587278e-08,9.553026e-08,2.0627979e-07,45Q-2040-l,500Mt-CostDecrease,ND,missing,biogas_peak_CC_CCS,missing,missing,missing,missing,missing,missing,missing,missing,EJ
2470,0.0,0.0,9.19503e-08,5.368684199999999e-08,9.96019e-08,7.9339954e-08,1.36457109e-07,2.615228e-07,5.72061208e-07,45Q-2040-l,500Mt-CostDecrease,ND,missing,biogas_peak_steam/CT,missing,missing,missing,missing,missing,missing,missing,missing,EJ
2471,0.0,0.0,1.77166e-07,4.267137e-07,1.02131019e-06,5.886651e-07,2.1064904e-06,2.71047916e-05,1.7602075500000002e-05,45Q-2040-l,500Mt-CostDecrease,ND,missing,biogas_subpeak_CC,missing,missing,missing,missing,missing,missing,missing,missing,EJ
2472,0.0,0.0,0.0,8.58681e-08,2.3060883000000002e-07,1.623971e-07,5.798966e-07,8.1958611e-06,8.672317400000001e-06,45Q-2040-l,500Mt-CostDecrease,ND,missing,biogas_subpeak_CC_CCS,missing,missing,missing,missing,missing,missing,missing,missing,EJ
2473,0.0,0.0,1.2060139999999998e-07,2.75861452e-07,6.52567883e-07,2.75821482e-07,1.18367483e-06,1.6512458898000004e-05,5.3663911e-06,45Q-2040-l,500Mt-CostDecrease,ND,missing,biogas_subpeak_steam/CT,missing,missing,missing,missing,missing,missing,missing,missing,EJ
2474,0.0,0.0,3.46059e-06,5.043561e-06,3.021624e-05,0.00011792297,0.00013804322,0.000154409571,6.08807165e-05,45Q-2040-l,500Mt-CostDecrease,ND,missing,biomass_base_IGCC,missing,missing,missing,missing,missing,missing,missing,missing,EJ
2475,0.0,0.0,0.0,1.580662e-06,2.6809638e-05,0.000283944258,0.000392960356,0.0014742726069999,0.00230341756,45Q-2040-l,500Mt-CostDecrease,ND,missing,biomass_base_IGCC_CCS,missing,missing,missing,missing,missing,missing,missing,missing,EJ
2476,0.0,0.0,7.00394e-06,7.231717e-06,4.3848502e-05,0.00016491864399999998,0.000169026208,0.000168434399,6.64600382e-05,45Q-2040-l,500Mt-CostDecrease,ND,missing,biomass_base_conv,missing,missing,missing,missing,missing,missing,missing,missing,EJ
2477,0.0,0.0,0.0,1.702499e-06,3.7132704e-05,0.000702504364,0.000985021254,0.009933696993,0.021689387116,45Q-2040-l,500Mt-CostDecrease,ND,missing,biomass_base_conv_CCS,missing,missing,missing,missing,missing,missing,missing,missing,EJ
2478,0.0,0.0,3.16045e-06,4.982445e-06,1.0505778e-05,3.0783284e-05,4.1539527e-05,0.000100485088,0.00015247356,45Q-2040-l,500Mt-CostDecrease,ND,missing,biomass_int_IGCC,missing,missing,missing,missing,missing,missing,missing,missing,EJ
2479,0.0,0.0,0.0,8.526779999999999e-07,4.195519e-06,2.1513246e-05,3.1725126e-05,0.000109930674,0.000193372094,45Q-2040-l,500Mt-CostDecrease,ND,missing,biomass_int_IGCC_CCS,missing,missing,missing,missing,missing,missing,missing,missing,EJ
2480,0.0,0.0,8.75837e-06,1.2243099999999998e-05,2.3808129999999995e-05,6.762158e-05,8.821797999999999e-05,0.00020239787,0.00029279274,45Q-2040-l,500Mt-CostDecrease,ND,missing,biomass_int_conv,missing,missing,missing,missing,missing,missing,missing,missing,EJ
2481,0.0,0.0,0.0,1.232895e-06,6.71031e-06,4.1094508e-05,6.1015998e-05,0.00024222226,0.000440703213,45Q-2040-l,500Mt-CostDecrease,ND,missing,biomass_int_conv_CCS,missing,missing,missing,missing,missing,missing,missing,missing,EJ
2482,0.0,0.0,0.0,0.0001192762,0.0007034117,0.0018590851,0.0022180048,0.0026262899,0.0019798809999999,45Q-2040-l,500Mt-CostDecrease,ND,missing,coal_base_IGCC_CCS,missing,missing,missing,missing,missing,missing,missing,missing,EJ
2483,0.0557491,0.0698692,0.0,0.0,0.0,0.0,0.0,0.0,0.0,45Q-2040-l,500Mt-CostDecrease,ND,missing,coal_base_conv pul,missing,missing,missing,missing,missing,missing,missing,missing,EJ
2484,0.0,0.0,9.10035e-05,0.0,0.0,0.0,0.0,0.0,0.0,45Q-2040-l,500Mt-CostDecrease,ND,missing,coal_base_conv pul 1951-1955,missing,missing,missing,missing,missing,missing,missing,missing,EJ
2485,0.0,0.0,0.00064784,0.0,0.0,0.0,0.0,0.0,0.0,45Q-2040-l,500Mt-CostDecrease,ND,missing,coal_base_conv pul 1961-1965,missing,missing,missing,missing,missing,missing,missing,missing,EJ
2486,0.0,0.0,0.00639981,0.0063802699999999,0.004270486,0.0008034310000000001,0.0004987196,6.30356e-06,0.0,45Q-2040-l,500Mt-CostDecrease,ND,missing,coal_base_conv pul 1966-1970,missing,missing,missing,missing,missing,missing,missing,missing,EJ
2487,0.0,0.0,0.004954221,0.004949792,0.0033450479999999,0.000656048,0.0004782273,9.36898e-06,4.6951270000000003e-07,45Q-2040-l,500Mt-CostDecrease,ND,missing,coal_base_conv pul 1971-1975,missing,missing,missing,missing,missing,missing,missing,missing,EJ
2488,0.0,0.0,0.0295325099999999,0.02951361,0.019968,0.003936131,0.00293309,6.26247e-05,3.979325e-06,45Q-2040-l,500Mt-CostDecrease,ND,missing,coal_base_conv pul 1976-1980,missing,missing,missing,missing,missing,missing,missing,missing,EJ
2489,0.0,0.0,0.0148765999999999,0.0148689099999999,0.01006533,0.001988954,0.001498226,3.349187e-05,2.511832e-06,45Q-2040-l,500Mt-CostDecrease,ND,missing,coal_base_conv pul 1981-1985,missing,missing,missing,missing,missing,missing,missing,missing,EJ
2490,0.0,0.0,0.00748141,0.00747777,0.005062696,0.001001037,0.000756166,1.711294e-05,1.3506210000000002e-06,45Q-2040-l,500Mt-CostDecrease,ND,missing,coal_base_conv pul 1986-1990,missing,missing,missing,missing,missing,missing,missing,missing,EJ
2491,0.0,0.0,0.0004848268000000001,0.00048460149999999993,0.00032812240000000006,6.49069e-05,4.9123910000000007e-05,1.121293e-06,9.18796e-08,45Q-2040-l,500Mt-CostDecrease,ND,missing,coal_base_conv pul 2011-2015,missing,missing,missing,missing,missing,missing,missing,missing,EJ
2492,0.0,0.0,0.0,0.0001476489,0.0008113516000000001,0.0020403107,0.0024071484,0.0027393987,0.0018480562,45Q-2040-l,500Mt-CostDecrease,ND,missing,coal_base_conv pul_CCS,missing,missing,missing,missing,missing,missing,missing,missing,EJ
2493,0.0001842042,0.0002308592,0.0,0.0,0.0,0.0,0.0,0.0,0.0,45Q-2040-l,500Mt-CostDecrease,ND,missing,coal_base_conv pul_retire_2020,missing,missing,missing,missing,missing,missing,missing,missing,EJ
2494,0.0,0.0,0.0,4.11797e-05,0.0001211151,0.0003309378,0.0004271753,0.0008460413,0.0011824360999999,45Q-2040-l,500Mt-CostDecrease,ND,missing,coal_int_IGCC_CCS,missing,missing,missing,missing,missing,missing,missing,missing,EJ
2495,0.04590811,0.05347289,0.0,0.0,0.0,0.0,0.0,0.0,0.0,45Q-2040-l,500Mt-CostDecrease,ND,missing,coal_int_conv pul,missing,missing,missing,missing,missing,missing,missing,missing,EJ
2496,0.0,0.0,7.00653e-05,0.0,0.0,0.0,0.0,0.0,0.0,45Q-2040-l,500Mt-CostDecrease,ND,missing,coal_int_conv pul 1951-1955,missing,missing,missing,missing,missing,missing,missing,missing,EJ
2497,0.0,0.0,0.0004987838,0.0,0.0,0.0,0.0,0.0,0.0,45Q-2040-l,500Mt-CostDecrease,ND,missing,coal_int_conv pul 1961-1965,missing,missing,missing,missing,missing,missing,missing,missing,EJ
2498,0.0,0.0,0.004927334,0.004914398,0.00441104,0.00222061,0.0018113589999999,0.000566141,0.0,45Q-2040-l,500Mt-CostDecrease,ND,missing,coal_int_conv pul 1966-1970,missing,missing,missing,missing,missing,missing,missing,missing,EJ
2499,0.0,0.0,0.00381434,0.003812575,0.003455148,0.001813251,0.001736933,0.000841456,0.0003492991,45Q-2040-l,500Mt-CostDecrease,ND,missing,coal_int_conv pul 1971-1975,missing,missing,missing,missing,missing,missing,missing,missing,EJ
2500,0.0,0.0,0.0227376,0.02273285,0.02062519,0.0108791,0.0106530599999999,0.0056245,0.002960456,45Q-2040-l,500Mt-CostDecrease,ND,missing,coal_int_conv pul 1976-1980,missing,missing,missing,missing,missing,missing,missing,missing,EJ
2501,0.0,0.0,0.0114537699999999,0.01145278,0.01039663,0.00549728,0.005441595,0.003008003,0.001868705,45Q-2040-l,500Mt-CostDecrease,ND,missing,coal_int_conv pul 1981-1985,missing,missing,missing,missing,missing,missing,missing,missing,EJ
2502,0.0,0.0,0.00576007,0.0057597499999999,0.005229324,0.0027667759999999,0.002746413,0.0015369619999999,0.001004809,45Q-2040-l,500Mt-CostDecrease,ND,missing,coal_int_conv pul 1986-1990,missing,missing,missing,missing,missing,missing,missing,missing,EJ
2503,0.0,0.0,0.0003732766,0.0003732639,0.0003389219,0.00017939699999999998,0.0001784186,0.0001007067,6.835479999999999e-05,45Q-2040-l,500Mt-CostDecrease,ND,missing,coal_int_conv pul 2011-2015,missing,missing,missing,missing,missing,missing,missing,missing,EJ
2504,0.0,0.0,0.0,5.30019e-05,0.0001477619,0.0003805552,0.0004824235,0.0009061844,0.0012362056,45Q-2040-l,500Mt-CostDecrease,ND,missing,coal_int_conv pul_CCS,missing,missing,missing,missing,missing,missing,missing,missing,EJ
2505,0.00015168799999999995,0.0001766835,0.0,0.0,0.0,0.0,0.0,0.0,0.0,45Q-2040-l,500Mt-CostDecrease,ND,missing,coal_int_conv pul_retire_2020,missing,missing,missing,missing,missing,missing,missing,missing,EJ
2506,0.000551616,0.0,0.0,0.0,0.0,0.0,0.0,0.0,0.0,45Q-2040-l,500Mt-CostDecrease,ND,missing,coal_peak_conv pul,missing,missing,missing,missing,missing,missing,missing,missing,EJ
2507,1.822625e-06,0.0,0.0,0.0,0.0,0.0,0.0,0.0,0.0,45Q-2040-l,500Mt-CostDecrease,ND,missing,coal_peak_conv pul_retire_2020,missing,missing,missing,missing,missing,missing,missing,missing,EJ
2508,0.003608961,0.0,0.0,0.0,0.0,0.0,0.0,0.0,0.0,45Q-2040-l,500Mt-CostDecrease,ND,missing,coal_subpeak_conv pul,missing,missing,missing,missing,missing,missing,missing,missing,EJ
2509,1.192459e-05,0.0,0.0,0.0,0.0,0.0,0.0,0.0,0.0,45Q-2040-l,500Mt-CostDecrease,ND,missing,coal_subpeak_conv pul_retire_2020,missing,missing,missing,missing,missing,missing,missing,missing,EJ
2510,1.0000287e-07,1.0000102e-07,0.00154706569,0.00242157027,0.00582854962,0.00851200967,0.0084364637199999,0.002403915642,0.00050500983466,45Q-2040-l,500Mt-CostDecrease,ND,missing,gas_base_CC,missing,missing,missing,missing,missing,missing,missing,missing,EJ
2511,0.0,0.0,0.0,0.0002871523,0.0024940634,0.0068230516,0.0080473645999999,0.0086103531999999,0.00417760562,45Q-2040-l,500Mt-CostDecrease,ND,missing,gas_base_CC_CCS,missing,missing,missing,missing,missing,missing,missing,missing,EJ
2512,0.0,0.0,0.0046800204,0.0063328392,0.0090536265,0.0130622961999999,0.0146115141999999,0.0197307864,0.0226888249299999,45Q-2040-l,500Mt-CostDecrease,ND,missing,gas_int_CC,missing,missing,missing,missing,missing,missing,missing,missing,EJ
2513,0.0,0.0,0.0,0.0003166596,0.0011966783,0.0033034311,0.0042428725999999,0.0081757387,0.0112151337999999,45Q-2040-l,500Mt-CostDecrease,ND,missing,gas_int_CC_CCS,missing,missing,missing,missing,missing,missing,missing,missing,EJ
2514,1.0000689e-07,0.0,0.0001499530638,0.00013673837510000002,0.0001137361287,9.16553564e-05,7.29098561e-05,5.449301150000001e-05,3.86552586e-05,45Q-2040-l,500Mt-CostDecrease,ND,missing,gas_peak_CC,missing,missing,missing,missing,missing,missing,missing,missing,EJ
2515,0.0,0.0,0.0,2.632508e-08,5.915578e-08,8.494171000000001e-08,1.3004429999999997e-07,2.1599504e-07,4.1876164e-07,45Q-2040-l,500Mt-CostDecrease,ND,missing,gas_peak_CC_CCS,missing,missing,missing,missing,missing,missing,missing,missing,EJ
2516,0.0,0.0,7.7278241e-05,6.771758800000001e-05,3.54534691e-05,2.4263775300000003e-05,2.06518038e-05,1.5642934500000003e-05,9.8642728e-06,45Q-2040-l,500Mt-CostDecrease,ND,missing,gas_peak_steam/CT,missing,missing,missing,missing,missing,missing,missing,missing,EJ
2517,3.0000693e-07,2.0000275000000001e-07,0.000195629142,0.000189330809,0.00016572306499999996,0.0001385280798,0.00012155594350000002,0.00017578166389999996,0.00016818199569999998,45Q-2040-l,500Mt-CostDecrease,ND,missing,gas_subpeak_CC,missing,missing,missing,missing,missing,missing,missing,missing,EJ
2518,0.0,0.0,0.0,1.024795e-06,1.6158986e-06,1.8627959e-06,2.9476818999999997e-06,1.87245732e-05,2.2987670600000004e-05,45Q-2040-l,500Mt-CostDecrease,ND,missing,gas_subpeak_CC_CCS,missing,missing,missing,missing,missing,missing,missing,missing,EJ
2519,2.00005e-07,1.000012e-07,0.00010520562,0.00010207339,6.048780699999999e-05,4.210626199999999e-05,4.1216583e-05,7.7512926e-05,5.859039799999999e-05,45Q-2040-l,500Mt-CostDecrease,ND,missing,gas_subpeak_steam/CT,missing,missing,missing,missing,missing,missing,missing,missing,EJ
2520,0.0058071,0.0049334,0.0089859,0.0089721,0.0089623,0.0089637,0.0089436,0.0088686,0.0088784,45Q-2040-l,500Mt-CostDecrease,ND,missing,hydro_base,missing,missing,missing,missing,missing,missing,missing,missing,EJ
2521,0.0,0.0,3.518274e-05,2.69591e-05,8.88947e-06,1.020196e-05,9.08491e-06,8.30306e-06,5.06706e-06,45Q-2040-l,500Mt-CostDecrease,ND,missing,refined liquids_peak_steam/CT,missing,missing,missing,missing,missing,missing,missing,missing,EJ
2522,0.0001154027,0.0001523018,3.857332e-05,3.250051e-05,1.022416e-05,1.085311e-05,9.61817e-06,9.16581e-06,5.653455e-06,45Q-2040-l,500Mt-CostDecrease,ND,missing,refined liquids_subpeak_steam/CT,missing,missing,missing,missing,missing,missing,missing,missing,EJ
2523,0.0,0.0,1.56239e-05,0.000144247,0.00046223,0.000723333,0.000884321,0.000599193,0.000431073,45Q-2040-l,500Mt-CostDecrease,ND,missing,rooftop_pv,missing,missing,missing,missing,missing,missing,missing,missing,EJ
2524,0.0,0.000477805,0.01558992,0.01799215,0.0323509499999999,0.0503752499999999,0.05596313,0.05685543,0.06171434,45Q-2040-l,500Mt-CostDecrease,ND,missing,wind_base,missing,missing,missing,missing,missing,missing,missing,missing,EJ
2525,0.0,0.0,3.27363e-05,8.36033e-05,0.0004614193,0.0012188013,0.0014401123,0.0018106433,0.001914096,45Q-2040-l,500Mt-CostDecrease,ND,missing,wind_base_storage,missing,missing,missing,missing,missing,missing,missing,missing,EJ
2526,0.0,0.000199102,0.00593012,0.00593012,0.00593012,0.00593012,0.00593012,0.0,0.0,45Q-2040-l,500Mt-CostDecrease,ND,missing,wind_int,missing,missing,missing,missing,missing,missing,missing,missing,EJ
2527,0.0,0.000119401,0.00355808,0.00355808,0.00355808,0.00355808,0.00355808,0.0,0.0,45Q-2040-l,500Mt-CostDecrease,ND,missing,wind_subpeak,missing,missing,missing,missing,missing,missing,missing,missing,EJ
2528,0.0,0.0,7.89662e-05,9.64483e-05,0.0002308993,0.0004651523,0.000554572,0.0006832650000000001,0.0006616341000000001,45Q-2040-l,500Mt-CostDecrease,OH,missing,PV_base_storage,missing,missing,missing,missing,missing,missing,missing,missing,EJ
2529,0.0,0.0,0.00796307,0.01175247,0.0262815699999999,0.04369997,0.0522146199999999,0.07367182,0.08812015,45Q-2040-l,500Mt-CostDecrease,OH,missing,PV_int,missing,missing,missing,missing,missing,missing,missing,missing,EJ
2530,0.0,0.0,0.00116876,0.001439058,0.002338614,0.0023793987,0.0026187827,0.0032173957,0.0038445257,45Q-2040-l,500Mt-CostDecrease,OH,missing,PV_peak,missing,missing,missing,missing,missing,missing,missing,missing,EJ
2531,0.0,0.0,0.0035678619999999,0.005809332,0.011456182,0.013959842,0.017052682,0.02458548,0.03059951,45Q-2040-l,500Mt-CostDecrease,OH,missing,PV_subpeak,missing,missing,missing,missing,missing,missing,missing,missing,EJ
2532,0.0,0.0,0.000510772,0.00012312867999999998,0.0009626205,0.00179478893,0.00082409086,0.00099917718,0.0004267289115,45Q-2040-l,500Mt-CostDecrease,OH,missing,biogas_base_CC,missing,missing,missing,missing,missing,missing,missing,missing,EJ
2533,0.0,0.0,0.0,6.45355e-05,0.000680746357,0.0017729781,0.00093659363,0.0014436839219999,0.0006869897759,45Q-2040-l,500Mt-CostDecrease,OH,missing,biogas_base_CC_CCS,missing,missing,missing,missing,missing,missing,missing,missing,EJ
2534,0.0,0.0,0.000487524,0.0001699259,0.0005698204999999999,0.0015593692,0.0015323639,0.0038330687,0.0049536758,45Q-2040-l,500Mt-CostDecrease,OH,missing,biogas_int_CC,missing,missing,missing,missing,missing,missing,missing,missing,EJ
2535,0.0,0.0,0.0,5.41522e-05,0.00025420897,0.000895615,0.0010389004999999,0.003158779,0.0050747438,45Q-2040-l,500Mt-CostDecrease,OH,missing,biogas_int_CC_CCS,missing,missing,missing,missing,missing,missing,missing,missing,EJ
2536,0.0,0.0,1.83071e-06,4.447571e-07,1.3168288e-06,5.866537999999999e-07,1.5043372e-06,3.9600571e-06,1.00569886e-05,45Q-2040-l,500Mt-CostDecrease,OH,missing,biogas_peak_CC,missing,missing,missing,missing,missing,missing,missing,missing,EJ
2537,0.0,0.0,0.0,5.57058e-08,1.9618798e-07,7.91303e-08,2.3010179e-07,7.542110999999999e-07,2.1794632e-06,45Q-2040-l,500Mt-CostDecrease,OH,missing,biogas_peak_CC_CCS,missing,missing,missing,missing,missing,missing,missing,missing,EJ
2538,0.0,0.0,1.703241e-06,3.397452500000001e-07,1.082183077e-06,1.5126259000000004e-07,7.81800825e-07,2.4357186730000005e-06,6.984647521e-06,45Q-2040-l,500Mt-CostDecrease,OH,missing,biogas_peak_steam/CT,missing,missing,missing,missing,missing,missing,missing,missing,EJ
2539,0.0,0.0,2.36725e-05,1.505131e-05,3.5537855e-05,4.506567e-05,7.539362999999999e-05,0.00021006003,0.00029619584,45Q-2040-l,500Mt-CostDecrease,OH,missing,biogas_subpeak_CC,missing,missing,missing,missing,missing,missing,missing,missing,EJ
2540,0.0,0.0,0.0,2.79154e-06,7.870358e-06,1.1335839e-05,2.077822e-05,6.749094e-05,0.00011612013,45Q-2040-l,500Mt-CostDecrease,OH,missing,biogas_subpeak_CC_CCS,missing,missing,missing,missing,missing,missing,missing,missing,EJ
2541,0.0,0.0,1.602089e-05,8.915282700000001e-06,2.183155578e-05,2.08282914e-05,3.21858766e-05,0.0001012635796,0.0001243492065,45Q-2040-l,500Mt-CostDecrease,OH,missing,biogas_subpeak_steam/CT,missing,missing,missing,missing,missing,missing,missing,missing,EJ
2542,0.0,0.0,0.000243007,0.0001872611,0.0004107697,0.0009787825,0.0011777634,0.00105223513,0.000390698383,45Q-2040-l,500Mt-CostDecrease,OH,missing,biomass_base_IGCC,missing,missing,missing,missing,missing,missing,missing,missing,EJ
2543,0.0,0.0,0.0,1.438457e-05,0.00022555846,0.0019438155,0.00286720248,0.01027681198,0.0170113791,45Q-2040-l,500Mt-CostDecrease,OH,missing,biomass_base_IGCC_CCS,missing,missing,missing,missing,missing,missing,missing,missing,EJ
2544,0.000455314,0.0001524,8.50278e-05,0.00013695,0.00018352,0.000236412,0.000174569,1.21044e-05,3.03324e-07,45Q-2040-l,500Mt-CostDecrease,OH,missing,biomass_base_conv,missing,missing,missing,missing,missing,missing,missing,missing,EJ
2545,0.0,0.0,0.0,1.569513e-05,0.00031877099,0.00500316367,0.00753012159,0.0801418152,0.2052606599499999,45Q-2040-l,500Mt-CostDecrease,OH,missing,biomass_base_conv_CCS,missing,missing,missing,missing,missing,missing,missing,missing,EJ
2546,0.0,0.0,3.50488e-05,3.826844e-05,5.526729000000001e-05,0.0001125882,0.00015316776,0.00032173905,0.00052678198,45Q-2040-l,500Mt-CostDecrease,OH,missing,biomass_int_IGCC,missing,missing,missing,missing,missing,missing,missing,missing,EJ
2547,0.0,0.0,0.0,2.16202e-06,1.241358e-05,6.158938e-05,9.996728e-05,0.00032980345,0.0006644967999999999,45Q-2040-l,500Mt-CostDecrease,OH,missing,biomass_int_IGCC_CCS,missing,missing,missing,missing,missing,missing,missing,missing,EJ
2548,0.000455314,0.0001524,0.000434305,0.000491336,0.000440422,0.000501566,0.000428279,0.000343751,0.000237783,45Q-2040-l,500Mt-CostDecrease,OH,missing,biomass_int_conv,missing,missing,missing,missing,missing,missing,missing,missing,EJ
2549,0.0,0.0,0.0,3.15085e-06,2.011635e-05,0.00011903053,0.00019489723,0.00073674745,0.00154837299,45Q-2040-l,500Mt-CostDecrease,OH,missing,biomass_int_conv_CCS,missing,missing,missing,missing,missing,missing,missing,missing,EJ
2550,0.0,0.0,0.0,0.00058148,0.003340844,0.007853809,0.00971748,0.011546457,0.0058542774,45Q-2040-l,500Mt-CostDecrease,OH,missing,coal_base_IGCC_CCS,missing,missing,missing,missing,missing,missing,missing,missing,EJ
2551,0.2143440999999999,0.259915,0.0,0.0,0.0,0.0,0.0,0.0,0.0,45Q-2040-l,500Mt-CostDecrease,OH,missing,coal_base_conv pul,missing,missing,missing,missing,missing,missing,missing,missing,EJ
2552,0.0,0.0,0.01569094,0.01466926,0.00789939,0.0,0.0,0.0,0.0,45Q-2040-l,500Mt-CostDecrease,OH,missing,coal_base_conv pul 1951-1955,missing,missing,missing,missing,missing,missing,missing,missing,EJ
2553,0.0,0.0,0.0,0.0,0.0,0.0,0.0,0.0,0.0,45Q-2040-l,500Mt-CostDecrease,OH,missing,coal_base_conv pul 1956-1960,missing,missing,missing,missing,missing,missing,missing,missing,EJ
2554,0.0,0.0,0.000225561,0.0,0.0,0.0,0.0,0.0,0.0,45Q-2040-l,500Mt-CostDecrease,OH,missing,coal_base_conv pul 1961-1965,missing,missing,missing,missing,missing,missing,missing,missing,EJ
2555,0.0,0.0,0.0278634,0.0277764,0.01906757,0.00352917,0.00241926,2.42817e-05,0.0,45Q-2040-l,500Mt-CostDecrease,OH,missing,coal_base_conv pul 1966-1970,missing,missing,missing,missing,missing,missing,missing,missing,EJ
2556,0.0,0.0,0.0646298999999999,0.0644282,0.0442279,0.00818603,0.00561157,5.6322e-05,0.0,45Q-2040-l,500Mt-CostDecrease,OH,missing,coal_base_conv pul 1971-1975,missing,missing,missing,missing,missing,missing,missing,missing,EJ
2557,0.0,0.0,0.02131966,0.02097996,0.01362787,0.002056555,0.000856704,0.0,0.0,45Q-2040-l,500Mt-CostDecrease,OH,missing,coal_base_conv pul 1976-1980,missing,missing,missing,missing,missing,missing,missing,missing,EJ
2558,0.0,0.0,2.32494e-05,2.32367e-05,1.613563e-05,3.1393800000000003e-06,2.62114e-06,4.72863e-08,1.52219e-09,45Q-2040-l,500Mt-CostDecrease,OH,missing,coal_base_conv pul 1986-1990,missing,missing,missing,missing,missing,missing,missing,missing,EJ
2559,0.0,0.0,0.0223500999999999,0.0223381,0.015512,0.00301837,0.0025213099999999,4.5582e-05,1.481088e-06,45Q-2040-l,500Mt-CostDecrease,OH,missing,coal_base_conv pul 1991-1995,missing,missing,missing,missing,missing,missing,missing,missing,EJ
2560,0.0,0.0,0.0,0.0007116760000000001,0.0038203779999999,0.008585869,0.010482278,0.011886627,0.0050624806,45Q-2040-l,500Mt-CostDecrease,OH,missing,coal_base_conv pul_CCS,missing,missing,missing,missing,missing,missing,missing,missing,EJ
2561,0.0466351,0.0565499,0.0,0.0,0.0,0.0,0.0,0.0,0.0,45Q-2040-l,500Mt-CostDecrease,OH,missing,coal_base_conv pul_retire_2020,missing,missing,missing,missing,missing,missing,missing,missing,EJ
2562,0.0,0.0,0.0,6.50764e-05,0.0002255037,0.0006124381999999999,0.0008529023,0.0016601984,0.0025552009,45Q-2040-l,500Mt-CostDecrease,OH,missing,coal_int_IGCC_CCS,missing,missing,missing,missing,missing,missing,missing,missing,EJ
2563,0.1288386,0.157773,0.0,0.0,0.0,0.0,0.0,0.0,0.0,45Q-2040-l,500Mt-CostDecrease,OH,missing,coal_int_conv pul,missing,missing,missing,missing,missing,missing,missing,missing,EJ
2564,0.0,0.0,0.00723738,0.00676931,0.00484645,0.0,0.0,0.0,0.0,45Q-2040-l,500Mt-CostDecrease,OH,missing,coal_int_conv pul 1951-1955,missing,missing,missing,missing,missing,missing,missing,missing,EJ
2565,0.0,0.0,0.0,0.0,0.0,0.0,0.0,0.0,0.0,45Q-2040-l,500Mt-CostDecrease,OH,missing,coal_int_conv pul 1956-1960,missing,missing,missing,missing,missing,missing,missing,missing,EJ
2566,0.0,0.0,0.000104039,0.0,0.0,0.0,0.0,0.0,0.0,45Q-2040-l,500Mt-CostDecrease,OH,missing,coal_int_conv pul 1961-1965,missing,missing,missing,missing,missing,missing,missing,missing,EJ
2567,0.0,0.0,0.01285187,0.01281776,0.0116984,0.00703538,0.00587757,0.001583276,0.0,45Q-2040-l,500Mt-CostDecrease,OH,missing,coal_int_conv pul 1966-1970,missing,missing,missing,missing,missing,missing,missing,missing,EJ
2568,0.0,0.0,0.0298102999999999,0.0297312,0.0271348,0.0163187799999999,0.01363319,0.00367246,0.0,45Q-2040-l,500Mt-CostDecrease,OH,missing,coal_int_conv pul 1971-1975,missing,missing,missing,missing,missing,missing,missing,missing,EJ
2569,0.0,0.0,0.00983362,0.00968144,0.008361,0.00409973,0.002081347,0.0,0.0,45Q-2040-l,500Mt-CostDecrease,OH,missing,coal_int_conv pul 1976-1980,missing,missing,missing,missing,missing,missing,missing,missing,EJ
2570,0.0,0.0,1.072369e-05,1.072287e-05,9.89956e-06,6.258329999999999e-06,6.36801e-06,3.08328e-06,2.085108e-06,45Q-2040-l,500Mt-CostDecrease,OH,missing,coal_int_conv pul 1986-1990,missing,missing,missing,missing,missing,missing,missing,missing,EJ
2571,0.0,0.0,0.01030892,0.0103082,0.00951696,0.0060171,0.00612546,0.0029721599999999,0.002028808,45Q-2040-l,500Mt-CostDecrease,OH,missing,coal_int_conv pul 1991-1995,missing,missing,missing,missing,missing,missing,missing,missing,EJ
2572,0.0,0.0,0.0,8.33555e-05,0.0002728225,0.0007008212,0.0009547353,0.001769714,0.0026463408,45Q-2040-l,500Mt-CostDecrease,OH,missing,coal_int_conv pul_CCS,missing,missing,missing,missing,missing,missing,missing,missing,EJ
2573,0.0280315,0.0343269,0.0,0.0,0.0,0.0,0.0,0.0,0.0,45Q-2040-l,500Mt-CostDecrease,OH,missing,coal_int_conv pul_retire_2020,missing,missing,missing,missing,missing,missing,missing,missing,EJ
2574,0.00132392,0.0,0.0,0.0,0.0,0.0,0.0,0.0,0.0,45Q-2040-l,500Mt-CostDecrease,OH,missing,coal_peak_conv pul,missing,missing,missing,missing,missing,missing,missing,missing,EJ
2575,0.00028804700000000004,0.0,0.0,0.0,0.0,0.0,0.0,0.0,0.0,45Q-2040-l,500Mt-CostDecrease,OH,missing,coal_peak_conv pul_retire_2020,missing,missing,missing,missing,missing,missing,missing,missing,EJ
2576,0.00918472,0.0,0.0,0.0,0.0,0.0,0.0,0.0,0.0,45Q-2040-l,500Mt-CostDecrease,OH,missing,coal_subpeak_conv pul,missing,missing,missing,missing,missing,missing,missing,missing,EJ
2577,0.001998331,0.0,0.0,0.0,0.0,0.0,0.0,0.0,0.0,45Q-2040-l,500Mt-CostDecrease,OH,missing,coal_subpeak_conv pul_retire_2020,missing,missing,missing,missing,missing,missing,missing,missing,EJ
2578,5.88018e-05,0.0018422,0.0362201,0.03913853,0.051408,0.05581368,0.05615802,0.012403126,0.00236360355,45Q-2040-l,500Mt-CostDecrease,OH,missing,gas_base_CC,missing,missing,missing,missing,missing,missing,missing,missing,EJ
2579,0.0,0.0,0.0,0.00143848,0.01194901,0.02897404,0.0356229,0.0379315499999999,0.011531899,45Q-2040-l,500Mt-CostDecrease,OH,missing,gas_base_CC_CCS,missing,missing,missing,missing,missing,missing,missing,missing,EJ
2580,5.66017e-05,0.0017738,0.0705512,0.06844025,0.06566306,0.06487376,0.06196546,0.06338654,0.06567571,45Q-2040-l,500Mt-CostDecrease,OH,missing,gas_int_CC,missing,missing,missing,missing,missing,missing,missing,missing,EJ
2581,0.0,0.0,0.0,0.000532693,0.0023212709999999,0.006257917,0.008644824,0.0163275079999999,0.024540621,45Q-2040-l,500Mt-CostDecrease,OH,missing,gas_int_CC_CCS,missing,missing,missing,missing,missing,missing,missing,missing,EJ
2582,2.72011e-05,0.00109889,5.6806400000000006e-06,6.84958e-06,1.0253172999999998e-05,1.02189293e-05,1.2466096399999998e-05,1.82786206e-05,3.559909559999999e-05,45Q-2040-l,500Mt-CostDecrease,OH,missing,gas_peak_CC,missing,missing,missing,missing,missing,missing,missing,missing,EJ
2583,0.0,0.0,0.0,1.022041e-07,4.3779740000000006e-07,4.678342e-07,6.943968e-07,1.4509008999999998e-06,3.8031938999999993e-06,45Q-2040-l,500Mt-CostDecrease,OH,missing,gas_peak_CC_CCS,missing,missing,missing,missing,missing,missing,missing,missing,EJ
2584,2.02008e-05,0.0003864985,4.91368e-06,5.434596e-06,6.263667999999999e-06,4.870421100000001e-06,6.6922913000000005e-06,8.9002865e-06,1.70506403e-05,45Q-2040-l,500Mt-CostDecrease,OH,missing,gas_peak_steam/CT,missing,missing,missing,missing,missing,missing,missing,missing,EJ
2585,0.000130804,0.00528119,0.010777568,0.0099745179999999,0.00871517,0.007363005,0.006155096,0.005151904,0.004451211,45Q-2040-l,500Mt-CostDecrease,OH,missing,gas_subpeak_CC,missing,missing,missing,missing,missing,missing,missing,missing,EJ
2586,0.0,0.0,0.0,1.2965e-05,3.435e-05,5.33497e-05,8.24756e-05,0.0001790399,0.0002987345,45Q-2040-l,500Mt-CostDecrease,OH,missing,gas_subpeak_CC_CCS,missing,missing,missing,missing,missing,missing,missing,missing,EJ
2587,9.69031e-05,0.0018576,0.005695036,0.0051337422,0.0034360742,0.002677739,0.0024546743999999,0.0018442479,0.0014528354,45Q-2040-l,500Mt-CostDecrease,OH,missing,gas_subpeak_steam/CT,missing,missing,missing,missing,missing,missing,missing,missing,EJ
2588,0.0006157,0.0018962,0.0019596,0.0019566,0.0019545,0.0019548,0.0019504,0.001934,0.0019362,45Q-2040-l,500Mt-CostDecrease,OH,missing,hydro_base,missing,missing,missing,missing,missing,missing,missing,missing,EJ
2589,0.0406946,0.0552481,0.0650273,0.0646545,0.0631979,0.0579509,0.0434523,0.0216667,0.0,45Q-2040-l,500Mt-CostDecrease,OH,missing,nuc_base_Gen II,missing,missing,missing,missing,missing,missing,missing,missing,EJ
2590,0.0,0.0,0.0,0.0,0.0127409,0.0350251,0.0436181199999999,0.05613181,0.0617545,45Q-2040-l,500Mt-CostDecrease,OH,missing,nuc_base_Gen III,missing,missing,missing,missing,missing,missing,missing,missing,EJ
2591,0.0,0.0,0.0016505,0.0014073,0.000621333,0.000679555,0.000631461,0.000430019,0.000261631,45Q-2040-l,500Mt-CostDecrease,OH,missing,refined liquids_peak_steam/CT,missing,missing,missing,missing,missing,missing,missing,missing,EJ
2592,0.00121834,0.00549659,0.00233469,0.00186404,0.000877039,0.000940695,0.000847307,0.000586174,0.000365628,45Q-2040-l,500Mt-CostDecrease,OH,missing,refined liquids_subpeak_steam/CT,missing,missing,missing,missing,missing,missing,missing,missing,EJ
2593,0.0,0.0,0.000126679,0.00135392,0.0045018,0.00843811,0.0110273,0.00653976,0.00387669,45Q-2040-l,500Mt-CostDecrease,OH,missing,rooftop_pv,missing,missing,missing,missing,missing,missing,missing,missing,EJ
2594,0.0,2.88999e-05,0.02111631,0.02862607,0.06880397,0.11293057,0.12882587,0.14974136,0.14490396,45Q-2040-l,500Mt-CostDecrease,OH,missing,wind_base,missing,missing,missing,missing,missing,missing,missing,missing,EJ
2595,0.0,0.0,0.0,0.000500553,0.008086953,0.020373653,0.0257516029999999,0.0348403029999999,0.0399014799999999,45Q-2040-l,500Mt-CostDecrease,OH,missing,wind_base_offshore,missing,missing,missing,missing,missing,missing,missing,missing,EJ
2596,0.0,0.0,0.000434729,0.000585235,0.001464605,0.002853475,0.003369722,0.004102606,0.004000691,45Q-2040-l,500Mt-CostDecrease,OH,missing,wind_base_storage,missing,missing,missing,missing,missing,missing,missing,missing,EJ
2597,0.0,1.2e-05,0.00106566,0.00106566,0.00106566,0.00106566,0.00106566,0.0,0.0,45Q-2040-l,500Mt-CostDecrease,OH,missing,wind_int,missing,missing,missing,missing,missing,missing,missing,missing,EJ
2598,0.0,7.19999e-06,0.000639379,0.000639379,0.000639379,0.000639379,0.000639379,0.0,0.0,45Q-2040-l,500Mt-CostDecrease,OH,missing,wind_subpeak,missing,missing,missing,missing,missing,missing,missing,missing,EJ
2599,0.0,0.0,0.0,1.15615e-06,0.00031211615,0.00090168915,0.00107964915,0.00151665615,0.00163942115,45Q-2040-l,500Mt-CostDecrease,OK,missing,CSP_base_storage,missing,missing,missing,missing,missing,missing,missing,missing,EJ
2600,0.0,0.0,0.0,0.0001745932,0.0031062731999999,0.0075055131999999,0.0103542131999999,0.0193505132,0.0268356732,45Q-2040-l,500Mt-CostDecrease,OK,missing,CSP_int,missing,missing,missing,missing,missing,missing,missing,missing,EJ
2601,0.0,0.0,0.0,2.3279e-05,0.000112949,0.0002031624,0.0002564976,0.0003703046,0.000539138,45Q-2040-l,500Mt-CostDecrease,OK,missing,CSP_peak,missing,missing,missing,missing,missing,missing,missing,missing,EJ
2602,0.000103935,9.2686e-05,0.000457168,0.00046676,0.000523176,0.000578676,0.0007528118,0.0033974598,0.0040948358,45Q-2040-l,500Mt-CostDecrease,OK,missing,CSP_subpeak,missing,missing,missing,missing,missing,missing,missing,missing,EJ
2603,0.0,0.0,0.0,2.02898e-07,5.6774898e-05,0.00016663589799999998,0.000200331498,0.00028395859799999995,0.00030761699799999995,45Q-2040-l,500Mt-CostDecrease,OK,missing,PV_base_storage,missing,missing,missing,missing,missing,missing,missing,missing,EJ
2604,0.0,0.0,0.0,0.0013694,0.0227783,0.0430995,0.0531837,0.0740078,0.0903767,45Q-2040-l,500Mt-CostDecrease,OK,missing,PV_int,missing,missing,missing,missing,missing,missing,missing,missing,EJ
2605,0.0,0.0,0.0,0.000182586,0.000837409,0.001254127,0.00144293,0.001706363,0.002075577,45Q-2040-l,500Mt-CostDecrease,OK,missing,PV_peak,missing,missing,missing,missing,missing,missing,missing,missing,EJ
2606,0.0,0.0,6.24121e-06,6.37215e-06,7.14232e-06,0.00010924161,0.00072566961,0.00812826,0.00965332,45Q-2040-l,500Mt-CostDecrease,OK,missing,PV_subpeak,missing,missing,missing,missing,missing,missing,missing,missing,EJ
2607,0.0,0.0,0.0,9.10103e-07,0.0002649088999,0.0005493108267,0.0001993700994,0.00043009290392,0.000117766141608,45Q-2040-l,500Mt-CostDecrease,OK,missing,biogas_base_CC,missing,missing,missing,missing,missing,missing,missing,missing,EJ
2608,0.0,0.0,0.0,4.8664e-07,0.00018767667525,0.0005455928209,0.00023053323,0.00061960163205,0.000192323348358,45Q-2040-l,500Mt-CostDecrease,OK,missing,biogas_base_CC_CCS,missing,missing,missing,missing,missing,missing,missing,missing,EJ
2609,0.0,0.0,0.0,3.10334e-05,0.00041011159,0.00064476932,0.00050473322,0.0020061035,0.00211420781,45Q-2040-l,500Mt-CostDecrease,OK,missing,biogas_int_CC,missing,missing,missing,missing,missing,missing,missing,missing,EJ
2610,0.0,0.0,0.0,1.19308e-05,0.000194024348,0.00039432685,0.00036067418,0.00178896113,0.0025892087099999,45Q-2040-l,500Mt-CostDecrease,OK,missing,biogas_int_CC_CCS,missing,missing,missing,missing,missing,missing,missing,missing,EJ
2611,0.0,0.0,0.0,1.50244e-07,4.6654027e-07,4.9209761e-07,3.250012e-07,9.557844e-07,1.4230433e-06,45Q-2040-l,500Mt-CostDecrease,OK,missing,biogas_peak_CC,missing,missing,missing,missing,missing,missing,missing,missing,EJ
2612,0.0,0.0,0.0,2.24069e-08,7.259287600000002e-08,8.2417078e-08,6.048502e-08,2.2031609e-07,3.7462074e-07,45Q-2040-l,500Mt-CostDecrease,OK,missing,biogas_peak_CC_CCS,missing,missing,missing,missing,missing,missing,missing,missing,EJ
2613,0.0,0.0,0.0,1.353912e-07,4.055394e-07,4.11143356e-07,2.4706496e-07,6.96978941e-07,1.019052438e-06,45Q-2040-l,500Mt-CostDecrease,OK,missing,biogas_peak_steam/CT,missing,missing,missing,missing,missing,missing,missing,missing,EJ
2614,0.0,0.0,0.0,0.0,0.0,5.06745e-07,4.087609400000001e-06,9.81724358e-05,3.83223856e-05,45Q-2040-l,500Mt-CostDecrease,OK,missing,biogas_subpeak_CC,missing,missing,missing,missing,missing,missing,missing,missing,EJ
2615,0.0,0.0,0.0,0.0,0.0,1.28891e-07,1.0768614e-06,2.9302310600000003e-05,2.34264767e-05,45Q-2040-l,500Mt-CostDecrease,OK,missing,biogas_subpeak_CC_CCS,missing,missing,missing,missing,missing,missing,missing,missing,EJ
2616,0.0,0.0,0.0,0.0,0.0,3.258977e-07,2.603522615e-06,6.210321745000001e-05,1.4626772907000004e-05,45Q-2040-l,500Mt-CostDecrease,OK,missing,biogas_subpeak_steam/CT,missing,missing,missing,missing,missing,missing,missing,missing,EJ
2617,0.0,0.0,0.0,1.252337e-07,3.4062584999999994e-05,0.00014075021529999998,0.00016775463700000002,0.0002769327549,9.602019274e-05,45Q-2040-l,500Mt-CostDecrease,OK,missing,biomass_base_IGCC,missing,missing,missing,missing,missing,missing,missing,missing,EJ
2618,0.0,0.0,0.0,6.109449999999999e-08,3.44770776e-05,0.0003640582943,0.0005127363941,0.0028810180592999,0.0043079176105999,45Q-2040-l,500Mt-CostDecrease,OK,missing,biomass_base_IGCC_CCS,missing,missing,missing,missing,missing,missing,missing,missing,EJ
2619,0.0,0.0,1.474666e-06,2.101633e-06,5.5828277e-05,0.000209409394,0.000219105358,0.0003370383322,0.0001112474311,45Q-2040-l,500Mt-CostDecrease,OK,missing,biomass_base_conv,missing,missing,missing,missing,missing,missing,missing,missing,EJ
2620,0.0,0.0,0.0,6.98323e-08,5.125098e-05,0.0009511326306,0.0013579733301,0.0221213895582,0.0437759788855,45Q-2040-l,500Mt-CostDecrease,OK,missing,biomass_base_conv_CCS,missing,missing,missing,missing,missing,missing,missing,missing,EJ
2621,0.0,0.0,0.0,7.29423e-07,9.684747e-06,2.6899374e-05,4.0748597e-05,0.000116762608,0.000188570592,45Q-2040-l,500Mt-CostDecrease,OK,missing,biomass_int_IGCC,missing,missing,missing,missing,missing,missing,missing,missing,EJ
2622,0.0,0.0,0.0,3.08138e-07,5.609979999999999e-06,2.1145217e-05,3.4712037e-05,0.00013662789100000002,0.000255556081,45Q-2040-l,500Mt-CostDecrease,OK,missing,biomass_int_IGCC_CCS,missing,missing,missing,missing,missing,missing,missing,missing,EJ
2623,0.0,0.0,6.5087e-06,9.13735e-06,2.71339e-05,6.510351e-05,9.18168e-05,0.00024610281,0.00037142821,45Q-2040-l,500Mt-CostDecrease,OK,missing,biomass_int_conv,missing,missing,missing,missing,missing,missing,missing,missing,EJ
2624,0.0,0.0,0.0,4.68452e-07,9.584346e-06,4.183036399999999e-05,6.9525474e-05,0.00031594545000000003,0.0006112546989999999,45Q-2040-l,500Mt-CostDecrease,OK,missing,biomass_int_conv_CCS,missing,missing,missing,missing,missing,missing,missing,missing,EJ
2625,0.0,0.0,0.0,4.54769e-06,0.0007878663799999999,0.00221479274,0.00268760458,0.00367432231,0.002849052359,45Q-2040-l,500Mt-CostDecrease,OK,missing,coal_base_IGCC_CCS,missing,missing,missing,missing,missing,missing,missing,missing,EJ
2626,0.04467603,0.0689912,0.0,0.0,0.0,0.0,0.0,0.0,0.0,45Q-2040-l,500Mt-CostDecrease,OK,missing,coal_base_conv pul,missing,missing,missing,missing,missing,missing,missing,missing,EJ
2627,0.0,0.0,0.0357292,0.03606933,0.02447919,0.004374901,0.0032818969999999,7.38904e-05,4.079941e-06,45Q-2040-l,500Mt-CostDecrease,OK,missing,coal_base_conv pul 1976-1980,missing,missing,missing,missing,missing,missing,missing,missing,EJ
2628,0.0,0.0,0.01532045,0.0154683199999999,0.0105043,0.001882428,0.001429226,3.387089e-05,2.255966e-06,45Q-2040-l,500Mt-CostDecrease,OK,missing,coal_base_conv pul 1981-1985,missing,missing,missing,missing,missing,missing,missing,missing,EJ
2629,0.0,0.0,0.00716849,0.00723792,0.0049158199999999,0.000881477,0.000671079,1.609631e-05,1.128484e-06,45Q-2040-l,500Mt-CostDecrease,OK,missing,coal_base_conv pul 1986-1990,missing,missing,missing,missing,missing,missing,missing,missing,EJ
2630,0.0,0.0,0.0,5.65464e-06,0.0008986992500000001,0.00241949324,0.00290405515,0.0038060929099999,0.0026553265059999,45Q-2040-l,500Mt-CostDecrease,OK,missing,coal_base_conv pul_CCS,missing,missing,missing,missing,missing,missing,missing,missing,EJ
2631,0.02975561,0.04595033,0.0,0.0,0.0,0.0,0.0,0.0,0.0,45Q-2040-l,500Mt-CostDecrease,OK,missing,coal_base_conv pul_retire_2020,missing,missing,missing,missing,missing,missing,missing,missing,EJ
2632,0.0,0.0,0.0,1.003808e-05,0.00013341932,0.00031719055,0.0004426514800000001,0.00097829681,0.00144902471,45Q-2040-l,500Mt-CostDecrease,OK,missing,coal_int_IGCC_CCS,missing,missing,missing,missing,missing,missing,missing,missing,EJ
2633,0.01322485,0.01507843,0.0,0.0,0.0,0.0,0.0,0.0,0.0,45Q-2040-l,500Mt-CostDecrease,OK,missing,coal_int_conv pul,missing,missing,missing,missing,missing,missing,missing,missing,EJ
2634,0.0,0.0,0.0006039330000000001,0.000642904,0.0005178170000000001,0.00013440350000000002,0.000154589,8.2724e-05,4.282288e-05,45Q-2040-l,500Mt-CostDecrease,OK,missing,coal_int_conv pul 1976-1980,missing,missing,missing,missing,missing,missing,missing,missing,EJ
2635,0.0,0.0,0.0002589615,0.0002757092,0.0002222007,5.78309e-05,6.73216e-05,3.792018e-05,2.367853e-05,45Q-2040-l,500Mt-CostDecrease,OK,missing,coal_int_conv pul 1981-1985,missing,missing,missing,missing,missing,missing,missing,missing,EJ
2636,0.0,0.0,0.0001211693,0.0001290094,0.000103986,2.708027e-05,3.161024e-05,1.802067e-05,1.184452e-05,45Q-2040-l,500Mt-CostDecrease,OK,missing,coal_int_conv pul 1986-1990,missing,missing,missing,missing,missing,missing,missing,missing,EJ
2637,0.0,0.0,0.0,1.294413e-05,0.00015942675,0.00036342814,0.00049634156,0.0010385787099999,0.00150056155,45Q-2040-l,500Mt-CostDecrease,OK,missing,coal_int_conv pul_CCS,missing,missing,missing,missing,missing,missing,missing,missing,EJ
2638,0.00880814,0.01004274,0.0,0.0,0.0,0.0,0.0,0.0,0.0,45Q-2040-l,500Mt-CostDecrease,OK,missing,coal_int_conv pul_retire_2020,missing,missing,missing,missing,missing,missing,missing,missing,EJ
2639,6.58635e-05,0.0,0.0,0.0,0.0,0.0,0.0,0.0,0.0,45Q-2040-l,500Mt-CostDecrease,OK,missing,coal_peak_conv pul,missing,missing,missing,missing,missing,missing,missing,missing,EJ
2640,4.38672e-05,0.0,0.0,0.0,0.0,0.0,0.0,0.0,0.0,45Q-2040-l,500Mt-CostDecrease,OK,missing,coal_peak_conv pul_retire_2020,missing,missing,missing,missing,missing,missing,missing,missing,EJ
2641,0.001162359,0.0,0.0,0.0,0.0,0.0,0.0,0.0,0.0,45Q-2040-l,500Mt-CostDecrease,OK,missing,coal_subpeak_conv pul,missing,missing,missing,missing,missing,missing,missing,missing,EJ
2642,0.000774168,0.0,0.0,0.0,0.0,0.0,0.0,0.0,0.0,45Q-2040-l,500Mt-CostDecrease,OK,missing,coal_subpeak_conv pul_retire_2020,missing,missing,missing,missing,missing,missing,missing,missing,EJ
2643,0.0011975032,0.002230788,0.0,3.519711e-05,0.00474120576,0.00814050021,0.00820254263,0.003437122037,0.0006808765636,45Q-2040-l,500Mt-CostDecrease,OK,missing,gas_base_CC,missing,missing,missing,missing,missing,missing,missing,missing,EJ
2644,0.0,0.0,0.0,1.042248e-05,0.00285393077,0.00793224041,0.0094724038999999,0.0118887784799999,0.005548715688,45Q-2040-l,500Mt-CostDecrease,OK,missing,gas_base_CC_CCS,missing,missing,missing,missing,missing,missing,missing,missing,EJ
2645,0.0486628199999999,0.09067593,0.09511025,0.0930653038,0.0760817386,0.0557853445,0.0510467731,0.0481875047999999,0.0420361504999999,45Q-2040-l,500Mt-CostDecrease,OK,missing,gas_int_CC,missing,missing,missing,missing,missing,missing,missing,missing,EJ
2646,0.0,0.0,0.0,0.000172273,0.0015961159999999,0.003510363,0.004791043,0.010053333,0.014492208,45Q-2040-l,500Mt-CostDecrease,OK,missing,gas_int_CC_CCS,missing,missing,missing,missing,missing,missing,missing,missing,EJ
2647,0.0006480997,0.001555253,0.0011959823,0.0011068616486,0.000844494609,0.0005493568477,0.0004663461174,0.00035328368329999994,0.0002267693614,45Q-2040-l,500Mt-CostDecrease,OK,missing,gas_peak_CC,missing,missing,missing,missing,missing,missing,missing,missing,EJ
2648,0.0,0.0,0.0,6.9489e-08,2.075517e-07,3.471095e-07,4.3403390000000004e-07,6.928867999999999e-07,1.0812471e-06,45Q-2040-l,500Mt-CostDecrease,OK,missing,gas_peak_CC_CCS,missing,missing,missing,missing,missing,missing,missing,missing,EJ
2649,0.00048015877,0.0005470017,0.0005867093,0.000487352056,0.000162798952,6.0458868e-05,5.9712376100000014e-05,4.93488658e-05,2.75376605e-05,45Q-2040-l,500Mt-CostDecrease,OK,missing,gas_peak_steam/CT,missing,missing,missing,missing,missing,missing,missing,missing,EJ
2650,0.003132428,0.007516984,0.0007214246,0.0006674987999999999,0.0005844390000000001,0.000425370301,0.000374584319,0.0006054979119999999,0.0005258090069999999,45Q-2040-l,500Mt-CostDecrease,OK,missing,gas_subpeak_CC,missing,missing,missing,missing,missing,missing,missing,missing,EJ
2651,0.0,0.0,0.0,0.0,0.0,3.12158e-07,2.851929e-06,6.5454525e-05,7.922993300000001e-05,45Q-2040-l,500Mt-CostDecrease,OK,missing,gas_subpeak_CC_CCS,missing,missing,missing,missing,missing,missing,missing,missing,EJ
2652,0.0023206197,0.0026440277,0.00035526127,0.00030417624,0.00012619762,5.393353e-05,6.257399599999999e-05,0.000214723613,0.000113307131,45Q-2040-l,500Mt-CostDecrease,OK,missing,gas_subpeak_steam/CT,missing,missing,missing,missing,missing,missing,missing,missing,EJ
2653,0.0092671,0.0096708,0.0113154,0.0114128,0.0114004,0.0114021,0.0113765,0.0112811,0.0112937,45Q-2040-l,500Mt-CostDecrease,OK,missing,hydro_base,missing,missing,missing,missing,missing,missing,missing,missing,EJ
2654,0.0001849915,5.523527e-05,8.92481e-07,1.031923e-06,6.740987e-07,5.12822e-07,3.4738e-07,1.9426950000000003e-08,1.341118e-09,45Q-2040-l,500Mt-CostDecrease,OK,missing,refined liquids_base_steam/CT,missing,missing,missing,missing,missing,missing,missing,missing,EJ
2655,0.0,0.0,1.319788e-05,1.362404e-05,4.705516e-06,3.539413e-06,3.601851e-06,3.6210430000000007e-06,2.312478e-06,45Q-2040-l,500Mt-CostDecrease,OK,missing,refined liquids_int_steam/CT,missing,missing,missing,missing,missing,missing,missing,missing,EJ
2656,0.000185006,5.52552e-05,0.0,0.0,0.0,0.0,0.0,0.0,0.0,45Q-2040-l,500Mt-CostDecrease,OK,missing,refined liquids_subpeak_steam/CT,missing,missing,missing,missing,missing,missing,missing,missing,EJ
2657,0.0,0.0,0.000241922,0.00277772,0.0064324,0.00666847,0.00756637,0.00491245,0.00301888,45Q-2040-l,500Mt-CostDecrease,OK,missing,rooftop_pv,missing,missing,missing,missing,missing,missing,missing,missing,EJ
2658,0.0,0.00181989,0.0303853,0.0307782413,0.0473742413,0.0685410413,0.0754417712999999,0.0733520713,0.0823280413,45Q-2040-l,500Mt-CostDecrease,OK,missing,wind_base,missing,missing,missing,missing,missing,missing,missing,missing,EJ
2659,0.0,0.0,0.0,1.92142e-06,0.0004913814200000001,0.00140455242,0.00168805642,0.00243479542,0.00264866142,45Q-2040-l,500Mt-CostDecrease,OK,missing,wind_base_storage,missing,missing,missing,missing,missing,missing,missing,missing,EJ
2660,0.0,0.000758515,0.0120109,0.0127892,0.0127892,0.0127892,0.0127892,0.0,0.0,45Q-2040-l,500Mt-CostDecrease,OK,missing,wind_int,missing,missing,missing,missing,missing,missing,missing,missing,EJ
2661,0.0,0.000455112,0.0063019,0.00643411,0.00721177,0.0076735,0.0076735,0.0,0.0,45Q-2040-l,500Mt-CostDecrease,OK,missing,wind_subpeak,missing,missing,missing,missing,missing,missing,missing,missing,EJ
2662,0.0,0.0,2.58805e-05,6.74464e-05,0.0001773544,0.0003036944,0.0003774555,0.0004885735,0.0005143074,45Q-2040-l,500Mt-CostDecrease,OR,missing,CSP_base_storage,missing,missing,missing,missing,missing,missing,missing,missing,EJ
2663,0.0,0.0,0.0001877156,0.000348488,0.0007106959999999999,0.00132051,0.001647536,0.00210912,0.0027700104,45Q-2040-l,500Mt-CostDecrease,OR,missing,CSP_int,missing,missing,missing,missing,missing,missing,missing,missing,EJ
2664,0.0,0.0,2.49588e-05,3.906448e-05,7.127968e-05,0.00010644148,0.00012854788,0.00015713088,0.00020489248,45Q-2040-l,500Mt-CostDecrease,OR,missing,CSP_peak,missing,missing,missing,missing,missing,missing,missing,missing,EJ
2665,5.78012e-05,5.19006e-05,0.0004511513999999999,0.0005447857999999999,0.0007533997999999999,0.0009913318,0.0011520382,0.0012768062,0.0016212328,45Q-2040-l,500Mt-CostDecrease,OR,missing,CSP_subpeak,missing,missing,missing,missing,missing,missing,missing,missing,EJ
2666,0.0,0.0,4.41564e-06,1.215136e-05,3.335746e-05,5.832636e-05,7.313886e-05,9.569076e-05,0.00010182412,45Q-2040-l,500Mt-CostDecrease,OR,missing,PV_base_storage,missing,missing,missing,missing,missing,missing,missing,missing,EJ
2667,0.0,0.0,0.00157575,0.00287897,0.00496252,0.00733785,0.00851022,0.01004199,0.0111890299999999,45Q-2040-l,500Mt-CostDecrease,OR,missing,PV_int,missing,missing,missing,missing,missing,missing,missing,missing,EJ
2668,0.0,0.0,0.000209513,0.000323854,0.000509167,0.000646128,0.0007253783,0.0008202315,0.0008440454999999999,45Q-2040-l,500Mt-CostDecrease,OR,missing,PV_peak,missing,missing,missing,missing,missing,missing,missing,missing,EJ
2669,0.0,0.0,0.001308873,0.002067874,0.003267904,0.004194692,0.004770816,0.006095293,0.006462603,45Q-2040-l,500Mt-CostDecrease,OR,missing,PV_subpeak,missing,missing,missing,missing,missing,missing,missing,missing,EJ
2670,0.0,0.0,2.25498e-05,4.2528729e-05,0.000121814646,0.00015224314299999998,9.7766004e-05,0.0001414922749,6.393245593e-05,45Q-2040-l,500Mt-CostDecrease,OR,missing,biogas_base_CC,missing,missing,missing,missing,missing,missing,missing,missing,EJ
2671,0.0,0.0,0.0,2.27151e-05,8.5936066e-05,0.00014963741599999998,0.000104299798,0.000200498292,0.0001018723304,45Q-2040-l,500Mt-CostDecrease,OR,missing,biogas_base_CC_CCS,missing,missing,missing,missing,missing,missing,missing,missing,EJ
2672,0.0,0.0,8.06326e-05,5.283162e-05,0.00011192998,0.00024368235,0.00018331596,0.00026599034,0.00039765785,45Q-2040-l,500Mt-CostDecrease,OR,missing,biogas_int_CC,missing,missing,missing,missing,missing,missing,missing,missing,EJ
2673,0.0,0.0,0.0,1.91864e-05,5.1110199e-05,0.00014412098,0.00012802998,0.00026088937,0.00045135952,45Q-2040-l,500Mt-CostDecrease,OR,missing,biogas_int_CC_CCS,missing,missing,missing,missing,missing,missing,missing,missing,EJ
2674,0.0,0.0,2.7408e-07,1.669246e-07,3.6652065e-07,5.1243709e-07,3.6672098e-07,4.9413854e-07,1.07179598e-06,45Q-2040-l,500Mt-CostDecrease,OR,missing,biogas_peak_CC,missing,missing,missing,missing,missing,missing,missing,missing,EJ
2675,0.0,0.0,0.0,2.43415e-08,5.662274e-08,8.522462999999999e-08,6.701257e-08,1.1528687e-07,2.466716500000001e-07,45Q-2040-l,500Mt-CostDecrease,OR,missing,biogas_peak_CC_CCS,missing,missing,missing,missing,missing,missing,missing,missing,EJ
2676,0.0,0.0,2.550432e-07,1.45770322e-07,3.11886491e-07,4.13402003e-07,2.6497696900000005e-07,3.51809923e-07,8.284190769999999e-07,45Q-2040-l,500Mt-CostDecrease,OR,missing,biogas_peak_steam/CT,missing,missing,missing,missing,missing,missing,missing,missing,EJ
2677,0.0,0.0,6.37501e-06,4.708014e-06,1.0315705e-05,1.5247176e-05,1.2120501e-05,3.0000775e-05,3.2667968e-05,45Q-2040-l,500Mt-CostDecrease,OR,missing,biogas_subpeak_CC,missing,missing,missing,missing,missing,missing,missing,missing,EJ
2678,0.0,0.0,0.0,9.485e-07,2.3290332e-06,3.9276067e-06,3.49613e-06,1.0364935e-05,1.3907341e-05,45Q-2040-l,500Mt-CostDecrease,OR,missing,biogas_subpeak_CC_CCS,missing,missing,missing,missing,missing,missing,missing,missing,EJ
2679,0.0,0.0,4.315257e-06,3.0055357400000003e-06,6.509228390000001e-06,9.04439438e-06,6.292668999999999e-06,1.696071689e-05,1.7805788219999998e-05,45Q-2040-l,500Mt-CostDecrease,OR,missing,biogas_subpeak_steam/CT,missing,missing,missing,missing,missing,missing,missing,missing,EJ
2680,0.0,0.0,4.49527e-05,7.02348e-05,0.00013544203,0.00023252612,0.00026854727,0.00028361246,0.000116674733,45Q-2040-l,500Mt-CostDecrease,OR,missing,biomass_base_IGCC,missing,missing,missing,missing,missing,missing,missing,missing,EJ
2681,0.0,0.0,0.0,2.044935e-05,9.72554e-05,0.0004348213,0.0006740333699999999,0.00263364758,0.00431994751,45Q-2040-l,500Mt-CostDecrease,OR,missing,biomass_base_IGCC_CCS,missing,missing,missing,missing,missing,missing,missing,missing,EJ
2682,0.000895257,0.000981918,0.0001814791,0.0002186813,0.00029663486,0.0003918619,0.00036339903,0.00030395711,0.000126447646,45Q-2040-l,500Mt-CostDecrease,OR,missing,biomass_base_conv,missing,missing,missing,missing,missing,missing,missing,missing,EJ
2683,0.0,0.0,0.0,2.204157e-05,0.00013020799,0.0010159154899999,0.00164425973,0.01855042576,0.0438374182299999,45Q-2040-l,500Mt-CostDecrease,OR,missing,biomass_base_conv_CCS,missing,missing,missing,missing,missing,missing,missing,missing,EJ
2684,0.0,0.0,2.126204e-05,2.61942e-05,3.486925e-05,5.514361e-05,6.547115000000001e-05,8.155556e-05,0.00010994368,45Q-2040-l,500Mt-CostDecrease,OR,missing,biomass_int_IGCC,missing,missing,missing,missing,missing,missing,missing,missing,EJ
2685,0.0,0.0,0.0,2.781193e-06,8.197647999999999e-06,2.488773e-05,3.4907929999999994e-05,5.752736999999999e-05,0.000106717423,45Q-2040-l,500Mt-CostDecrease,OR,missing,biomass_int_IGCC_CCS,missing,missing,missing,missing,missing,missing,missing,missing,EJ
2686,0.000895228,0.000981904,0.0004121861,0.00048261498,0.00044674504,0.0005483274899999999,0.00049386183,0.00042434,0.00035439861,45Q-2040-l,500Mt-CostDecrease,OR,missing,biomass_int_conv,missing,missing,missing,missing,missing,missing,missing,missing,EJ
2687,0.0,0.0,0.0,4.01694e-06,1.288324e-05,4.60206e-05,6.555814000000001e-05,0.00011795794,0.00023489416,45Q-2040-l,500Mt-CostDecrease,OR,missing,biomass_int_conv_CCS,missing,missing,missing,missing,missing,missing,missing,missing,EJ
2688,0.0,0.0,0.0,0.0001465661,0.0004894979,0.0008649829000000001,0.0011067132,0.0013484383,0.0008762094000000001,45Q-2040-l,500Mt-CostDecrease,OR,missing,coal_base_IGCC_CCS,missing,missing,missing,missing,missing,missing,missing,missing,EJ
2689,0.00116591,0.00290685,0.0,0.0,0.0,0.0,0.0,0.0,0.0,45Q-2040-l,500Mt-CostDecrease,OR,missing,coal_base_conv pul,missing,missing,missing,missing,missing,missing,missing,missing,EJ
2690,0.0,0.0,0.000616751,0.0,0.0,0.0,0.0,0.0,0.0,45Q-2040-l,500Mt-CostDecrease,OR,missing,coal_base_conv pul 1976-1980,missing,missing,missing,missing,missing,missing,missing,missing,EJ
2691,0.0,0.0,0.0,0.0001782528,0.0005622319,0.0009533388,0.0011965179,0.0013698505,0.0007689172999999999,45Q-2040-l,500Mt-CostDecrease,OR,missing,coal_base_conv pul_CCS,missing,missing,missing,missing,missing,missing,missing,missing,EJ
2692,0.00071171,0.00177444,0.0,0.0,0.0,0.0,0.0,0.0,0.0,45Q-2040-l,500Mt-CostDecrease,OR,missing,coal_base_conv pul_retire_2020,missing,missing,missing,missing,missing,missing,missing,missing,EJ
2693,0.0,0.0,0.0,2.497048e-05,5.7423130000000005e-05,0.00012275973,0.00015969491000000002,0.00021465126,0.000316577,45Q-2040-l,500Mt-CostDecrease,OR,missing,coal_int_IGCC_CCS,missing,missing,missing,missing,missing,missing,missing,missing,EJ
2694,0.0017271,0.00523904,0.0,0.0,0.0,0.0,0.0,0.0,0.0,45Q-2040-l,500Mt-CostDecrease,OR,missing,coal_int_conv pul,missing,missing,missing,missing,missing,missing,missing,missing,EJ
2695,0.0,0.0,0.00216066,0.0,0.0,0.0,0.0,0.0,0.0,45Q-2040-l,500Mt-CostDecrease,OR,missing,coal_int_conv pul 1976-1980,missing,missing,missing,missing,missing,missing,missing,missing,EJ
2696,0.0,0.0,0.0,3.192881e-05,7.018237e-05,0.0001423128,0.00018122804,0.00023650185,0.000336023,45Q-2040-l,500Mt-CostDecrease,OR,missing,coal_int_conv pul_CCS,missing,missing,missing,missing,missing,missing,missing,missing,EJ
2697,0.00105428,0.00319809,0.0,0.0,0.0,0.0,0.0,0.0,0.0,45Q-2040-l,500Mt-CostDecrease,OR,missing,coal_int_conv pul_retire_2020,missing,missing,missing,missing,missing,missing,missing,missing,EJ
2698,4.66315e-05,0.0,0.0,0.0,0.0,0.0,0.0,0.0,0.0,45Q-2040-l,500Mt-CostDecrease,OR,missing,coal_peak_conv pul,missing,missing,missing,missing,missing,missing,missing,missing,EJ
2699,2.84654e-05,0.0,0.0,0.0,0.0,0.0,0.0,0.0,0.0,45Q-2040-l,500Mt-CostDecrease,OR,missing,coal_peak_conv pul_retire_2020,missing,missing,missing,missing,missing,missing,missing,missing,EJ
2700,0.000327496,0.0,0.0,0.0,0.0,0.0,0.0,0.0,0.0,45Q-2040-l,500Mt-CostDecrease,OR,missing,coal_subpeak_conv pul,missing,missing,missing,missing,missing,missing,missing,missing,EJ
2701,0.000199914,0.0,0.0,0.0,0.0,0.0,0.0,0.0,0.0,45Q-2040-l,500Mt-CostDecrease,OR,missing,coal_subpeak_conv pul_retire_2020,missing,missing,missing,missing,missing,missing,missing,missing,EJ
2702,0.0,0.0,0.00821181,0.00951891,0.00909734,0.0059053599999999,0.005522185,0.0015472846,0.00038537716,45Q-2040-l,500Mt-CostDecrease,OR,missing,gas_base_CC,missing,missing,missing,missing,missing,missing,missing,missing,EJ
2703,0.0,0.0,0.0,0.000604899,0.0018784219999999,0.003222738,0.004039651,0.004478491,0.0020069429,45Q-2040-l,500Mt-CostDecrease,OR,missing,gas_base_CC_CCS,missing,missing,missing,missing,missing,missing,missing,missing,EJ
2704,0.00169245,0.0276863,0.03792177,0.0365523,0.03197175,0.02671374,0.023395316,0.01756018,0.014456971,45Q-2040-l,500Mt-CostDecrease,OR,missing,gas_int_CC,missing,missing,missing,missing,missing,missing,missing,missing,EJ
2705,0.0,0.0,0.0,0.000266687,0.000621743,0.001278235,0.001638402,0.0021540739999999,0.003073785,45Q-2040-l,500Mt-CostDecrease,OR,missing,gas_int_CC_CCS,missing,missing,missing,missing,missing,missing,missing,missing,EJ
2706,4.62981e-05,0.000974728,0.0006567071100000001,0.0005965461509999999,0.000479719777,0.000343441651,0.00026898392,0.000149164991,8.508112299999999e-05,45Q-2040-l,500Mt-CostDecrease,OR,missing,gas_peak_CC,missing,missing,missing,missing,missing,missing,missing,missing,EJ
2707,0.0,0.0,0.0,7.53466e-08,1.823081e-07,3.25621e-07,4.172425e-07,5.444186e-07,8.638316999999999e-07,45Q-2040-l,500Mt-CostDecrease,OR,missing,gas_peak_CC_CCS,missing,missing,missing,missing,missing,missing,missing,missing,EJ
2708,3.4298576e-05,0.00034281013,0.00030359567159999993,0.00025848588901,0.00011560533061,5.076616222300001e-05,3.9726662084e-05,1.4236553592000002e-05,7.745112612000001e-06,45Q-2040-l,500Mt-CostDecrease,OR,missing,gas_peak_steam/CT,missing,missing,missing,missing,missing,missing,missing,missing,EJ
2709,0.000323306,0.00681167,0.003594313,0.0033171158999999,0.002801355,0.0021796341,0.0017830053,0.0011998132999999,0.0008430307,45Q-2040-l,500Mt-CostDecrease,OR,missing,gas_subpeak_CC,missing,missing,missing,missing,missing,missing,missing,missing,EJ
2710,0.0,0.0,0.0,4.40126e-06,1.069245e-05,1.926739e-05,2.519006e-05,4.206761e-05,6.041736e-05,45Q-2040-l,500Mt-CostDecrease,OR,missing,gas_subpeak_CC_CCS,missing,missing,missing,missing,missing,missing,missing,missing,EJ
2711,0.000239504622,0.00239592387,0.001791173574,0.0015719817839999,0.0008405073605999999,0.0004360962165,0.0003602771561,0.00017967939800000003,0.00011805217360000004,45Q-2040-l,500Mt-CostDecrease,OR,missing,gas_subpeak_steam/CT,missing,missing,missing,missing,missing,missing,missing,missing,EJ
2712,0.0,0.0,0.00097065,0.0012236109999999,0.001777531,0.002541424,0.0030628339999999,0.003197051,0.003202573,45Q-2040-l,500Mt-CostDecrease,OR,missing,geo_base,missing,missing,missing,missing,missing,missing,missing,missing,EJ
2713,0.105537,0.113785,0.134104,0.133898,0.133752,0.133772,0.133472,0.132353,0.1325,45Q-2040-l,500Mt-CostDecrease,OR,missing,hydro_base,missing,missing,missing,missing,missing,missing,missing,missing,EJ
2714,0.034422,0.0,0.0,0.0,0.0,0.0,0.0,0.0,0.0,45Q-2040-l,500Mt-CostDecrease,OR,missing,hydro_int,missing,missing,missing,missing,missing,missing,missing,missing,EJ
2715,0.02317908,0.0,0.0,0.0,0.0,0.0,0.0,0.0,0.0,45Q-2040-l,500Mt-CostDecrease,OR,missing,nuc_base_Gen II,missing,missing,missing,missing,missing,missing,missing,missing,EJ
2716,0.0,0.0,2.2630673e-06,2.6994401e-06,1.2052152e-06,5.244458100000001e-07,3.8665694e-07,3.8666595e-08,2.771342e-09,45Q-2040-l,500Mt-CostDecrease,OR,missing,refined liquids_base_steam/CT,missing,missing,missing,missing,missing,missing,missing,missing,EJ
2717,9.1202826e-05,0.00016180061,0.0,0.0,0.0,0.0,0.0,0.0,0.0,45Q-2040-l,500Mt-CostDecrease,OR,missing,refined liquids_int_steam/CT,missing,missing,missing,missing,missing,missing,missing,missing,EJ
2718,0.0,0.0,0.0,0.0,0.0,0.0,0.0,0.0,0.0,45Q-2040-l,500Mt-CostDecrease,OR,missing,refined liquids_peak_steam/CT,missing,missing,missing,missing,missing,missing,missing,missing,EJ
2719,2.2800444000000003e-05,4.0400392e-05,0.0,0.0,0.0,0.0,0.0,0.0,0.0,45Q-2040-l,500Mt-CostDecrease,OR,missing,refined liquids_subpeak_steam/CT,missing,missing,missing,missing,missing,missing,missing,missing,EJ
2720,0.0,0.0,7.30135e-05,0.000402286,0.000685085,0.00116249,0.00160788,0.00133815,0.000859798,45Q-2040-l,500Mt-CostDecrease,OR,missing,rooftop_pv,missing,missing,missing,missing,missing,missing,missing,missing,EJ
2721,2.30015e-06,0.00265385,0.02710269,0.03183029,0.0391203,0.04724073,0.05205949,0.03625601,0.03760818,45Q-2040-l,500Mt-CostDecrease,OR,missing,wind_base,missing,missing,missing,missing,missing,missing,missing,missing,EJ
2722,0.0,0.0,0.0,0.000328317,0.001595457,0.003358227,0.004606557,0.006866317,0.00780746,45Q-2040-l,500Mt-CostDecrease,OR,missing,wind_base_offshore,missing,missing,missing,missing,missing,missing,missing,missing,EJ
2723,0.0,0.0,7.19976e-05,0.0001728116,0.0003211566,0.0004901816,0.0005884276,0.0007417125999999999,0.0007410973,45Q-2040-l,500Mt-CostDecrease,OR,missing,wind_base_storage,missing,missing,missing,missing,missing,missing,missing,missing,EJ
2724,0.0,0.0,0.000144347,0.0001669519,0.0003239339,0.0006669899,0.0009628819,0.0012598538999999,0.0012583448999999,45Q-2040-l,500Mt-CostDecrease,PA,missing,PV_base_storage,missing,missing,missing,missing,missing,missing,missing,missing,EJ
2725,0.0,0.0,0.0131427,0.02016765,0.05154165,0.08352045,0.10294185,0.1437662499999999,0.1764214499999999,45Q-2040-l,500Mt-CostDecrease,PA,missing,PV_int,missing,missing,missing,missing,missing,missing,missing,missing,EJ
2726,0.0,0.0,0.000495307,0.0007836709999999999,0.0015548759999999,0.0021021819999999,0.0025045249999999,0.0033360129999999,0.004112646,45Q-2040-l,500Mt-CostDecrease,PA,missing,PV_peak,missing,missing,missing,missing,missing,missing,missing,missing,EJ
2727,0.0,0.0,0.0027984129999999,0.004507693,0.009230793,0.012693793,0.015366793,0.02177688,0.0269071599999999,45Q-2040-l,500Mt-CostDecrease,PA,missing,PV_subpeak,missing,missing,missing,missing,missing,missing,missing,missing,EJ
2728,0.0,0.0,0.000896602,0.0001595564,0.00109572351,0.00253024351,0.00243495068,0.002218055542,0.0010198984442,45Q-2040-l,500Mt-CostDecrease,PA,missing,biogas_base_CC,missing,missing,missing,missing,missing,missing,missing,missing,EJ
2729,0.0,0.0,0.0,7.98445e-05,0.0007585585500000001,0.00245763657,0.00263241241,0.00317164873,0.0016147226762999,45Q-2040-l,500Mt-CostDecrease,PA,missing,biogas_base_CC_CCS,missing,missing,missing,missing,missing,missing,missing,missing,EJ
2730,0.0,0.0,0.000786188,0.0003070449,0.0012549771,0.0027854989,0.0032530394,0.0069384862999999,0.0092432502999999,45Q-2040-l,500Mt-CostDecrease,PA,missing,biogas_int_CC,missing,missing,missing,missing,missing,missing,missing,missing,EJ
2731,0.0,0.0,0.0,9.82312e-05,0.00056923266,0.0016173874999999,0.0021754834,0.0058173320999999,0.0094992555,45Q-2040-l,500Mt-CostDecrease,PA,missing,biogas_int_CC_CCS,missing,missing,missing,missing,missing,missing,missing,missing,EJ
2732,0.0,0.0,7.76995e-07,4.268334e-07,1.1734066e-06,1.8240184e-06,2.2563296e-06,4.976892499999999e-06,7.8351543e-06,45Q-2040-l,500Mt-CostDecrease,PA,missing,biogas_peak_CC,missing,missing,missing,missing,missing,missing,missing,missing,EJ
2733,0.0,0.0,0.0,5.97331e-08,1.8017524e-07,3.051381e-07,4.220806e-07,1.0970372e-06,1.9795876e-06,45Q-2040-l,500Mt-CostDecrease,PA,missing,biogas_peak_CC_CCS,missing,missing,missing,missing,missing,missing,missing,missing,EJ
2734,0.0,0.0,7.1857e-07,3.55504438e-07,9.79060395e-07,1.339930349e-06,1.33396811e-06,3.18122259e-06,4.89426556e-06,45Q-2040-l,500Mt-CostDecrease,PA,missing,biogas_peak_steam/CT,missing,missing,missing,missing,missing,missing,missing,missing,EJ
2735,0.0,0.0,1.80465e-05,1.122242e-05,3.1065467e-05,5.155813e-05,6.983499000000001e-05,0.0001708385,0.00023104071,45Q-2040-l,500Mt-CostDecrease,PA,missing,biogas_subpeak_CC,missing,missing,missing,missing,missing,missing,missing,missing,EJ
2736,0.0,0.0,0.0,2.12271e-06,6.9600132e-06,1.3236062e-05,1.9991602e-05,5.755281e-05,9.464263e-05,45Q-2040-l,500Mt-CostDecrease,PA,missing,biogas_subpeak_CC_CCS,missing,missing,missing,missing,missing,missing,missing,missing,EJ
2737,0.0,0.0,1.213512e-05,6.684249000000001e-06,1.911175175e-05,2.72635569e-05,2.9110393900000004e-05,8.149368049999999e-05,9.694104530000002e-05,45Q-2040-l,500Mt-CostDecrease,PA,missing,biogas_subpeak_steam/CT,missing,missing,missing,missing,missing,missing,missing,missing,EJ
2738,0.0,0.0,0.000234487,0.0002150031,0.0004109555,0.0010317452999999,0.0016710903,0.00213839572,0.000932971641,45Q-2040-l,500Mt-CostDecrease,PA,missing,biomass_base_IGCC,missing,missing,missing,missing,missing,missing,missing,missing,EJ
2739,0.0,0.0,0.0,1.441601e-05,0.00019713978,0.0020561510699999,0.00433448596,0.0186405159399999,0.03301771905,45Q-2040-l,500Mt-CostDecrease,PA,missing,biomass_base_IGCC_CCS,missing,missing,missing,missing,missing,missing,missing,missing,EJ
2740,0.00110403,0.00343992,0.001072225,0.0013011574,0.0019014397,0.0027595152,0.0033306843,0.00258459594,0.001114109348,45Q-2040-l,500Mt-CostDecrease,PA,missing,biomass_base_conv,missing,missing,missing,missing,missing,missing,missing,missing,EJ
2741,0.0,0.0,0.0,1.64723e-05,0.0002881305,0.005361637,0.011599586,0.1370224299999999,0.3546195391,45Q-2040-l,500Mt-CostDecrease,PA,missing,biomass_base_conv_CCS,missing,missing,missing,missing,missing,missing,missing,missing,EJ
2742,0.0,0.0,0.0001869503,0.0002096787,0.0003031278,0.0004992163,0.0006568466999999999,0.0010779217,0.0015810139,45Q-2040-l,500Mt-CostDecrease,PA,missing,biomass_int_IGCC,missing,missing,missing,missing,missing,missing,missing,missing,EJ
2743,0.0,0.0,0.0,1.299552e-05,6.902132e-05,0.00023484382,0.00038142342,0.0009507603,0.00176491691,45Q-2040-l,500Mt-CostDecrease,PA,missing,biomass_int_IGCC_CCS,missing,missing,missing,missing,missing,missing,missing,missing,EJ
2744,0.00110403,0.00343992,0.002370432,0.0026829062,0.0026505931,0.0032724108999999,0.0033339016999999,0.0038002537,0.0042977816,45Q-2040-l,500Mt-CostDecrease,PA,missing,biomass_int_conv,missing,missing,missing,missing,missing,missing,missing,missing,EJ
2745,0.0,0.0,0.0,1.97507e-05,0.0001160682,0.0004602574,0.0007595645,0.002136811,0.0041594822,45Q-2040-l,500Mt-CostDecrease,PA,missing,biomass_int_conv_CCS,missing,missing,missing,missing,missing,missing,missing,missing,EJ
2746,0.0,0.0,0.0,0.00050477,0.0034214629999999,0.009435413,0.0150732389999999,0.019499192,0.0121173226999999,45Q-2040-l,500Mt-CostDecrease,PA,missing,coal_base_IGCC_CCS,missing,missing,missing,missing,missing,missing,missing,missing,EJ
2747,0.1344839,0.1556968,0.0,0.0,0.0,0.0,0.0,0.0,0.0,45Q-2040-l,500Mt-CostDecrease,PA,missing,coal_base_conv pul,missing,missing,missing,missing,missing,missing,missing,missing,EJ
2748,0.0,0.0,0.001466689,0.0014435519999999,0.001059248,0.00016323380000000002,7.25149e-05,0.0,0.0,45Q-2040-l,500Mt-CostDecrease,PA,missing,coal_base_conv pul 1961-1965,missing,missing,missing,missing,missing,missing,missing,missing,EJ
2749,0.0,0.0,0.0536053,0.0534826999999999,0.0415973,0.00796201,0.00609092,9.01195e-05,0.0,45Q-2040-l,500Mt-CostDecrease,PA,missing,coal_base_conv pul 1966-1970,missing,missing,missing,missing,missing,missing,missing,missing,EJ
2750,0.0,0.0,0.0217799999999999,0.02174912,0.01698114,0.003304914,0.002696055,4.72709e-05,8.36901e-07,45Q-2040-l,500Mt-CostDecrease,PA,missing,coal_base_conv pul 1971-1975,missing,missing,missing,missing,missing,missing,missing,missing,EJ
2751,0.0,0.0,0.00984761,0.0060202499999999,0.0,0.0,0.0,0.0,0.0,45Q-2040-l,500Mt-CostDecrease,PA,missing,coal_base_conv pul 1976-1980,missing,missing,missing,missing,missing,missing,missing,missing,EJ
2752,0.0,0.0,0.00607718,0.0060748799999999,0.0047653,0.000946779,0.000842989,2.02986e-05,7.86152e-07,45Q-2040-l,500Mt-CostDecrease,PA,missing,coal_base_conv pul 1986-1990,missing,missing,missing,missing,missing,missing,missing,missing,EJ
2753,0.0,0.0,0.00548166,0.00547913,0.00429635,0.0008521679999999999,0.0007530680000000001,1.754782e-05,5.95609e-07,45Q-2040-l,500Mt-CostDecrease,PA,missing,coal_base_conv pul 1991-1995,missing,missing,missing,missing,missing,missing,missing,missing,EJ
2754,0.0,0.0,0.00626356,0.0062612599999999,0.00491176,0.000976102,0.000869997,2.104602e-05,8.319379999999999e-07,45Q-2040-l,500Mt-CostDecrease,PA,missing,coal_base_conv pul 2001-2005,missing,missing,missing,missing,missing,missing,missing,missing,EJ
2755,0.0,0.0,0.0,0.0006039820000000001,0.003833489,0.010095213,0.0157691259999999,0.019536447,0.0103437764999999,45Q-2040-l,500Mt-CostDecrease,PA,missing,coal_base_conv pul_CCS,missing,missing,missing,missing,missing,missing,missing,missing,EJ
2756,0.0617398,0.0714783,0.0,0.0,0.0,0.0,0.0,0.0,0.0,45Q-2040-l,500Mt-CostDecrease,PA,missing,coal_base_conv pul_retire_2020,missing,missing,missing,missing,missing,missing,missing,missing,EJ
2757,0.0,0.0,0.0,0.000228587,0.000587294,0.0012738509999999,0.001840029,0.0032770569999999,0.0050117659999999,45Q-2040-l,500Mt-CostDecrease,PA,missing,coal_int_IGCC_CCS,missing,missing,missing,missing,missing,missing,missing,missing,EJ
2758,0.1266408,0.1552624,0.0,0.0,0.0,0.0,0.0,0.0,0.0,45Q-2040-l,500Mt-CostDecrease,PA,missing,coal_int_conv pul,missing,missing,missing,missing,missing,missing,missing,missing,EJ
2759,0.0,0.0,0.0008664219999999999,0.000852999,0.000728303,0.0003393222,0.0001812913,0.0,0.0,45Q-2040-l,500Mt-CostDecrease,PA,missing,coal_int_conv pul 1961-1965,missing,missing,missing,missing,missing,missing,missing,missing,EJ
2760,0.0,0.0,0.03166647,0.03160306,0.02860094,0.01655107,0.01522766,0.00418115,0.0,45Q-2040-l,500Mt-CostDecrease,PA,missing,coal_int_conv pul 1966-1970,missing,missing,missing,missing,missing,missing,missing,missing,EJ
2761,0.0,0.0,0.01286623,0.01285161,0.0116756699999999,0.00687009,0.00674029,0.00219317,0.0006825239999999999,45Q-2040-l,500Mt-CostDecrease,PA,missing,coal_int_conv pul 1971-1975,missing,missing,missing,missing,missing,missing,missing,missing,EJ
2762,0.0,0.0,0.00581733,0.003557393,0.0,0.0,0.0,0.0,0.0,45Q-2040-l,500Mt-CostDecrease,PA,missing,coal_int_conv pul 1976-1980,missing,missing,missing,missing,missing,missing,missing,missing,EJ
2763,0.0,0.0,0.003590007,0.003589671,0.003276466,0.001968117,0.002107522,0.000941767,0.000641136,45Q-2040-l,500Mt-CostDecrease,PA,missing,coal_int_conv pul 1986-1990,missing,missing,missing,missing,missing,missing,missing,missing,EJ
2764,0.0,0.0,0.003238209,0.003237633,0.002954032,0.001771449,0.001882708,0.000814146,0.00048574200000000005,45Q-2040-l,500Mt-CostDecrease,PA,missing,coal_int_conv pul 1991-1995,missing,missing,missing,missing,missing,missing,missing,missing,EJ
2765,0.0,0.0,0.003700105,0.003699798,0.00337716,0.0020290689999999,0.002175038,0.000976443,0.000678477,45Q-2040-l,500Mt-CostDecrease,PA,missing,coal_int_conv pul 2001-2005,missing,missing,missing,missing,missing,missing,missing,missing,EJ
2766,0.0,0.0,0.0,0.000289893,0.000710035,0.001464336,0.002058715,0.003501851,0.005192812,45Q-2040-l,500Mt-CostDecrease,PA,missing,coal_int_conv pul_CCS,missing,missing,missing,missing,missing,missing,missing,missing,EJ
2767,0.0581389999999999,0.0712787,0.0,0.0,0.0,0.0,0.0,0.0,0.0,45Q-2040-l,500Mt-CostDecrease,PA,missing,coal_int_conv pul_retire_2020,missing,missing,missing,missing,missing,missing,missing,missing,EJ
2768,0.00134717,0.0,0.0,0.0,0.0,0.0,0.0,0.0,0.0,45Q-2040-l,500Mt-CostDecrease,PA,missing,coal_peak_conv pul,missing,missing,missing,missing,missing,missing,missing,missing,EJ
2769,0.0006184680000000001,0.0,0.0,0.0,0.0,0.0,0.0,0.0,0.0,45Q-2040-l,500Mt-CostDecrease,PA,missing,coal_peak_conv pul_retire_2020,missing,missing,missing,missing,missing,missing,missing,missing,EJ
2770,0.00556873,0.0,0.0,0.0,0.0,0.0,0.0,0.0,0.0,45Q-2040-l,500Mt-CostDecrease,PA,missing,coal_subpeak_conv pul,missing,missing,missing,missing,missing,missing,missing,missing,EJ
2771,0.002556522,0.0,0.0,0.0,0.0,0.0,0.0,0.0,0.0,45Q-2040-l,500Mt-CostDecrease,PA,missing,coal_subpeak_conv pul_retire_2020,missing,missing,missing,missing,missing,missing,missing,missing,EJ
2772,0.0,0.0,0.06140815,0.0639648479999999,0.074995748,0.077367866,0.087568595,0.0263278731999999,0.0055774836,45Q-2040-l,500Mt-CostDecrease,PA,missing,gas_base_CC,missing,missing,missing,missing,missing,missing,missing,missing,EJ
2773,0.0,0.0,0.0,0.0016098882,0.0124049512,0.034422236,0.0545060373999999,0.0656968927,0.0268184614999999,45Q-2040-l,500Mt-CostDecrease,PA,missing,gas_base_CC_CCS,missing,missing,missing,missing,missing,missing,missing,missing,EJ
2774,0.002538863,0.0209848199999999,0.17432941,0.170173571,0.1620852069999999,0.15455239,0.1494451369999999,0.145390979,0.146815022,45Q-2040-l,500Mt-CostDecrease,PA,missing,gas_int_CC,missing,missing,missing,missing,missing,missing,missing,missing,EJ
2775,0.0,0.0,0.0,0.0012997569,0.0051256163,0.0118303820999999,0.0172292892,0.0303737835,0.0456812703,45Q-2040-l,500Mt-CostDecrease,PA,missing,gas_int_CC_CCS,missing,missing,missing,missing,missing,missing,missing,missing,EJ
2776,0.00014790331,0.001574137,0.001870933207,0.001700894894,0.001421876579,0.001142259032,0.000924223946,0.0006506101219999998,0.000451401493,45Q-2040-l,500Mt-CostDecrease,PA,missing,gas_peak_CC,missing,missing,missing,missing,missing,missing,missing,missing,EJ
2777,0.0,0.0,0.0,1.8170606e-07,5.2018073e-07,9.8012305e-07,1.42898027e-06,2.5558618900000004e-06,4.36954725e-06,45Q-2040-l,500Mt-CostDecrease,PA,missing,gas_peak_CC_CCS,missing,missing,missing,missing,missing,missing,missing,missing,EJ
2778,0.0001096022,0.0005537126,0.00093832203,0.0008043191449999999,0.000451801852,0.000300583053,0.00029030904800000007,0.00015317551700000002,9.380581300000002e-05,45Q-2040-l,500Mt-CostDecrease,PA,missing,gas_peak_steam/CT,missing,missing,missing,missing,missing,missing,missing,missing,EJ
2779,0.000865017,0.009207986,0.0127550311,0.01171349594,0.01009109029,0.0084098228,0.0069914674799999,0.00550708074,0.00444987541,45Q-2040-l,500Mt-CostDecrease,PA,missing,gas_subpeak_CC,missing,missing,missing,missing,missing,missing,missing,missing,EJ
2780,0.0,0.0,0.0,9.633243e-06,2.8139222000000003e-05,5.3471516e-05,7.941917500000001e-05,0.00015666157800000005,0.000249866961,45Q-2040-l,500Mt-CostDecrease,PA,missing,gas_subpeak_CC_CCS,missing,missing,missing,missing,missing,missing,missing,missing,EJ
2781,0.0006408124000000001,0.003238829,0.0066363152999999,0.0058484798,0.0037197610999999,0.0027084347999999,0.0026278371999999,0.0016981558999999,0.0012552314499999,45Q-2040-l,500Mt-CostDecrease,PA,missing,gas_subpeak_steam/CT,missing,missing,missing,missing,missing,missing,missing,missing,EJ
2782,0.0097372,0.008207,0.011172,0.0111548,0.0111427,0.0111443,0.0111193,0.0110261,0.0110383,45Q-2040-l,500Mt-CostDecrease,PA,missing,hydro_base,missing,missing,missing,missing,missing,missing,missing,missing,EJ
2783,0.2205209,0.2847377,0.2998052,0.2951204,0.2806573,0.2416065,0.1656125,0.081289,0.0,45Q-2040-l,500Mt-CostDecrease,PA,missing,nuc_base_Gen II,missing,missing,missing,missing,missing,missing,missing,missing,EJ
2784,0.0,0.0,0.0,0.0,0.0149458,0.0477402,0.0763171,0.1053441,0.1194729,45Q-2040-l,500Mt-CostDecrease,PA,missing,nuc_base_Gen III,missing,missing,missing,missing,missing,missing,missing,missing,EJ
2785,0.0,0.0,0.000429982,0.00063766,0.000444003,0.0002333294,0.0001833854,9.94622e-06,3.78847e-07,45Q-2040-l,500Mt-CostDecrease,PA,missing,refined liquids_base_steam/CT,missing,missing,missing,missing,missing,missing,missing,missing,EJ
2786,0.01687099,0.01633231,0.0,0.0,0.0,0.0,0.0,0.0,0.0,45Q-2040-l,500Mt-CostDecrease,PA,missing,refined liquids_int_steam/CT,missing,missing,missing,missing,missing,missing,missing,missing,EJ
2787,0.0,0.0,0.0,0.0,0.0,0.0,0.0,0.0,0.0,45Q-2040-l,500Mt-CostDecrease,PA,missing,refined liquids_peak_steam/CT,missing,missing,missing,missing,missing,missing,missing,missing,EJ
2788,0.00421778,0.00408304,0.0,0.0,0.0,0.0,0.0,0.0,0.0,45Q-2040-l,500Mt-CostDecrease,PA,missing,refined liquids_subpeak_steam/CT,missing,missing,missing,missing,missing,missing,missing,missing,EJ
2789,0.0,0.0,0.000213213,0.00237595,0.00746323,0.0116797,0.015354,0.00974642,0.00572363,45Q-2040-l,500Mt-CostDecrease,PA,missing,rooftop_pv,missing,missing,missing,missing,missing,missing,missing,missing,EJ
2790,0.0,0.00102731,0.0339910999999999,0.03988903,0.07019953,0.1244607299999999,0.16674223,0.21302603,0.22194383,45Q-2040-l,500Mt-CostDecrease,PA,missing,wind_base,missing,missing,missing,missing,missing,missing,missing,missing,EJ
2791,0.0,0.0,0.0,0.000634151,0.010004981,0.034736081,0.052685381,0.053681636,0.053620742,45Q-2040-l,500Mt-CostDecrease,PA,missing,wind_base_offshore,missing,missing,missing,missing,missing,missing,missing,missing,EJ
2792,0.0,0.0,0.000738415,0.0009118,0.001797884,0.003547604,0.005015474,0.007153484,0.007446909,45Q-2040-l,500Mt-CostDecrease,PA,missing,wind_base_storage,missing,missing,missing,missing,missing,missing,missing,missing,EJ
2793,0.0,0.0,1.15468e-06,1.893578e-06,4.491888e-06,9.708598e-06,1.2498088e-05,1.6786298e-05,1.9006658e-05,45Q-2040-l,500Mt-CostDecrease,RI,missing,PV_base_storage,missing,missing,missing,missing,missing,missing,missing,missing,EJ
2794,0.0,0.0,0.00050231,0.001219904,0.002846174,0.004404374,0.005508124,0.0071797039999999,0.0077953439999999,45Q-2040-l,500Mt-CostDecrease,RI,missing,PV_int,missing,missing,missing,missing,missing,missing,missing,missing,EJ
2795,0.0,0.0,3.48944e-05,6.915130000000001e-05,0.00013535860000000002,0.00018757750000000003,0.00021817840000000005,0.0002788514,0.0003035718,45Q-2040-l,500Mt-CostDecrease,RI,missing,PV_peak,missing,missing,missing,missing,missing,missing,missing,missing,EJ
2796,0.0,0.0,0.0002028813,0.0004004893,0.0007909903,0.0011130533,0.0013129593,0.001902277,0.002070742,45Q-2040-l,500Mt-CostDecrease,RI,missing,PV_subpeak,missing,missing,missing,missing,missing,missing,missing,missing,EJ
2797,0.0,0.0,5.48838e-06,3.7676666e-06,1.36704916e-05,2.9032499e-05,1.7899351000000003e-05,2.45262843e-05,1.85387105e-05,45Q-2040-l,500Mt-CostDecrease,RI,missing,biogas_base_CC,missing,missing,missing,missing,missing,missing,missing,missing,EJ
2798,0.0,0.0,0.0,1.94162e-06,9.2154923e-06,2.66606344e-05,1.7973061299999997e-05,3.19371439e-05,2.68076668e-05,45Q-2040-l,500Mt-CostDecrease,RI,missing,biogas_base_CC_CCS,missing,missing,missing,missing,missing,missing,missing,missing,EJ
2799,0.0,0.0,2.39543e-05,2.32215e-05,5.795206e-05,0.00011739307,0.00015885554999999998,0.00026964041,0.0002893557,45Q-2040-l,500Mt-CostDecrease,RI,missing,biogas_int_CC,missing,missing,missing,missing,missing,missing,missing,missing,EJ
2800,0.0,0.0,0.0,8.16335e-06,2.5623719e-05,6.493882e-05,9.697709e-05,0.00020721899,0.00026649487000000003,45Q-2040-l,500Mt-CostDecrease,RI,missing,biogas_int_CC_CCS,missing,missing,missing,missing,missing,missing,missing,missing,EJ
2801,0.0,0.0,4.64089e-08,4.246979e-08,9.280029e-08,1.4419114e-07,1.537209e-07,3.0928647e-07,3.5720176e-07,45Q-2040-l,500Mt-CostDecrease,RI,missing,biogas_peak_CC,missing,missing,missing,missing,missing,missing,missing,missing,EJ
2802,0.0,0.0,0.0,6.23932e-09,1.4415755e-08,2.4098158000000006e-08,2.815018e-08,6.755514e-08,9.371568e-08,45Q-2040-l,500Mt-CostDecrease,RI,missing,biogas_peak_CC_CCS,missing,missing,missing,missing,missing,missing,missing,missing,EJ
2803,0.0,0.0,4.227655e-08,3.599329e-08,7.62259e-08,1.06271897e-07,8.700735100000002e-08,1.9237970400000002e-07,1.96644084e-07,45Q-2040-l,500Mt-CostDecrease,RI,missing,biogas_peak_steam/CT,missing,missing,missing,missing,missing,missing,missing,missing,EJ
2804,0.0,0.0,7.7599e-07,1.0241195e-06,2.2979251e-06,3.823636e-06,4.536232e-06,1.2850279e-05,1.0649146e-05,45Q-2040-l,500Mt-CostDecrease,RI,missing,biogas_subpeak_CC,missing,missing,missing,missing,missing,missing,missing,missing,EJ
2805,0.0,0.0,0.0,2.0945e-07,5.2262465e-07,9.861438e-07,1.2842654e-06,4.2246009e-06,4.746313e-06,45Q-2040-l,500Mt-CostDecrease,RI,missing,biogas_subpeak_CC_CCS,missing,missing,missing,missing,missing,missing,missing,missing,EJ
2806,0.0,0.0,5.135396e-07,6.39602625e-07,1.402724824e-06,2.05321844e-06,1.81872653e-06,6.39096148e-06,3.4066632e-06,45Q-2040-l,500Mt-CostDecrease,RI,missing,biogas_subpeak_steam/CT,missing,missing,missing,missing,missing,missing,missing,missing,EJ
2807,0.0,0.0,5.7726500000000005e-06,6.961024000000001e-06,1.2380523e-05,2.5947344e-05,3.3130163e-05,4.2713252e-05,3.5774174e-05,45Q-2040-l,500Mt-CostDecrease,RI,missing,biomass_base_IGCC,missing,missing,missing,missing,missing,missing,missing,missing,EJ
2808,0.0,0.0,0.0,9.42552e-07,5.607234e-06,3.7918162e-05,5.9084942e-05,0.00020013243500000005,0.000379471824,45Q-2040-l,500Mt-CostDecrease,RI,missing,biomass_base_IGCC_CCS,missing,missing,missing,missing,missing,missing,missing,missing,EJ
2809,0.00012440265999999998,0.0,7.9272008e-05,9.311477769999998e-05,0.000112711952,0.0001300783179,0.0001166790596,6.22211693e-05,3.603754375e-05,45Q-2040-l,500Mt-CostDecrease,RI,missing,biomass_base_conv,missing,missing,missing,missing,missing,missing,missing,missing,EJ
2810,0.0,0.0,0.0,1.0035635e-06,7.3025773e-06,8.02850195e-05,0.0001272775345,0.0008229754798,0.0019160888845,45Q-2040-l,500Mt-CostDecrease,RI,missing,biomass_base_conv_CCS,missing,missing,missing,missing,missing,missing,missing,missing,EJ
2811,0.0,0.0,4.1441100000000005e-06,6.05157e-06,9.548703e-06,1.5905198e-05,2.2346969000000003e-05,3.4575443999999995e-05,4.3530097e-05,45Q-2040-l,500Mt-CostDecrease,RI,missing,biomass_int_IGCC,missing,missing,missing,missing,missing,missing,missing,missing,EJ
2812,0.0,0.0,0.0,8.04817e-07,2.745187e-06,7.806769000000001e-06,1.3284639e-05,2.811316e-05,4.0820605e-05,45Q-2040-l,500Mt-CostDecrease,RI,missing,biomass_int_IGCC_CCS,missing,missing,missing,missing,missing,missing,missing,missing,EJ
2813,0.00012440256,0.0,0.000193856986,0.0001949479499,0.0001890031405,0.00020317389250000005,0.00019346517270000003,0.00018660120250000008,0.00016997562669999997,45Q-2040-l,500Mt-CostDecrease,RI,missing,biomass_int_conv,missing,missing,missing,missing,missing,missing,missing,missing,EJ
2814,0.0,0.0,0.0,1.1610732e-06,4.309367500000001e-06,1.41087411e-05,2.44853321e-05,5.70895943e-05,8.52889061e-05,45Q-2040-l,500Mt-CostDecrease,RI,missing,biomass_int_conv_CCS,missing,missing,missing,missing,missing,missing,missing,missing,EJ
2815,0.0,0.0,0.0,7.94459e-06,3.417546e-05,8.339626e-05,0.00010969054,0.00012484646999999998,0.000104494207,45Q-2040-l,500Mt-CostDecrease,RI,missing,coal_base_IGCC_CCS,missing,missing,missing,missing,missing,missing,missing,missing,EJ
2816,0.0,0.0,0.0,8.73049e-06,3.55892e-05,8.29558e-05,0.00010646629,0.00010920153,8.2242474e-05,45Q-2040-l,500Mt-CostDecrease,RI,missing,coal_base_conv pul_CCS,missing,missing,missing,missing,missing,missing,missing,missing,EJ
2817,0.0,0.0,0.0,6.01886e-06,2.089372e-05,4.544983e-05,6.941962e-05,0.00011160611,0.00014155968000000002,45Q-2040-l,500Mt-CostDecrease,RI,missing,coal_int_IGCC_CCS,missing,missing,missing,missing,missing,missing,missing,missing,EJ
2818,0.0,0.0,0.0,7.32245e-06,2.411193e-05,5.026649e-05,7.472716e-05,0.00011595544,0.00014427535,45Q-2040-l,500Mt-CostDecrease,RI,missing,coal_int_conv pul_CCS,missing,missing,missing,missing,missing,missing,missing,missing,EJ
2819,0.0,0.0065933499999999,0.00599358,0.0056691282999999,0.0044508371,0.0027099540999999,0.0022492577,0.00049868254,0.00018320431,45Q-2040-l,500Mt-CostDecrease,RI,missing,gas_base_CC,missing,missing,missing,missing,missing,missing,missing,missing,EJ
2820,0.0,0.0,0.0,4.54146e-05,0.00014623303999999998,0.00033635716,0.00043443067,0.00050943837,0.00044528139,45Q-2040-l,500Mt-CostDecrease,RI,missing,gas_base_CC_CCS,missing,missing,missing,missing,missing,missing,missing,missing,EJ
2821,0.002587956,0.0107377699999999,0.0134268599999999,0.012788572,0.0113745169999999,0.009957327,0.008883999,0.0074509706,0.0063224152999999,45Q-2040-l,500Mt-CostDecrease,RI,missing,gas_int_CC,missing,missing,missing,missing,missing,missing,missing,missing,EJ
2822,0.0,0.0,0.0,9.35495e-05,0.0002410271,0.000466715,0.000681524,0.0010446132,0.0012942366,45Q-2040-l,500Mt-CostDecrease,RI,missing,gas_int_CC_CCS,missing,missing,missing,missing,missing,missing,missing,missing,EJ
2823,0.0,0.0002096141,0.000137815335,0.0001246508555,0.00010222228920000005,8.13680545e-05,6.676490249999998e-05,4.559275309999999e-05,3.073603310000001e-05,45Q-2040-l,500Mt-CostDecrease,RI,missing,gas_peak_CC,missing,missing,missing,missing,missing,missing,missing,missing,EJ
2824,0.0,0.0,0.0,1.80195e-08,4.285473e-08,7.822382999999999e-08,1.0627351000000001e-07,1.7144911e-07,2.3860168000000004e-07,45Q-2040-l,500Mt-CostDecrease,RI,missing,gas_peak_CC_CCS,missing,missing,missing,missing,missing,missing,missing,missing,EJ
2825,0.0,7.3704899e-05,6.323183214e-05,5.164270248999999e-05,2.6974048412999995e-05,1.7859878483999994e-05,1.8179323628e-05,8.926448551000002e-06,5.272441253000003e-06,45Q-2040-l,500Mt-CostDecrease,RI,missing,gas_peak_steam/CT,missing,missing,missing,missing,missing,missing,missing,missing,EJ
2826,0.000165204,0.001092615,0.00082850887,0.00075869731,0.0006435722,0.0005327950600000001,0.00044513744,0.00034592151000000003,0.00026182965,45Q-2040-l,500Mt-CostDecrease,RI,missing,gas_subpeak_CC,missing,missing,missing,missing,missing,missing,missing,missing,EJ
2827,0.0,0.0,0.0,8.87815e-07,2.155891e-06,3.982511999999999e-06,5.513952999999999e-06,1.1329413e-05,1.410451e-05,45Q-2040-l,500Mt-CostDecrease,RI,missing,gas_subpeak_CC_CCS,missing,missing,missing,missing,missing,missing,missing,missing,EJ
2828,0.000122402976,0.00038430598,0.0004087354307,0.00034549572660000003,0.00020365563730000003,0.00014771653100000007,0.00015007535000000004,9.46432355e-05,6.257884479999998e-05,45Q-2040-l,500Mt-CostDecrease,RI,missing,gas_subpeak_steam/CT,missing,missing,missing,missing,missing,missing,missing,missing,EJ
2829,3.36e-05,2.46e-05,1.33e-05,1.33e-05,1.33e-05,1.33e-05,1.32e-05,1.31e-05,1.32e-05,45Q-2040-l,500Mt-CostDecrease,RI,missing,hydro_base,missing,missing,missing,missing,missing,missing,missing,missing,EJ
2830,7.03015e-05,5.90005e-06,9.60872e-05,0.000105993,6.56348e-05,3.61287e-05,2.77261e-05,3.21416e-06,6.88048e-07,45Q-2040-l,500Mt-CostDecrease,RI,missing,refined liquids_base_steam/CT,missing,missing,missing,missing,missing,missing,missing,missing,EJ
2831,0.000613112,4.74003e-05,0.0,0.0,0.0,0.0,0.0,0.0,0.0,45Q-2040-l,500Mt-CostDecrease,RI,missing,refined liquids_int_steam/CT,missing,missing,missing,missing,missing,missing,missing,missing,EJ
2832,1.48002e-05,0.0,0.0,0.0,0.0,0.0,0.0,0.0,0.0,45Q-2040-l,500Mt-CostDecrease,RI,missing,refined liquids_peak_steam/CT,missing,missing,missing,missing,missing,missing,missing,missing,EJ
2833,8.62021e-05,5.90008e-06,0.0,0.0,0.0,0.0,0.0,0.0,0.0,45Q-2040-l,500Mt-CostDecrease,RI,missing,refined liquids_subpeak_steam/CT,missing,missing,missing,missing,missing,missing,missing,missing,EJ
2834,0.0,0.0,1.56876e-05,0.000155568,0.000459228,0.000825495,0.00109987,0.000892997,0.000674837,45Q-2040-l,500Mt-CostDecrease,RI,missing,rooftop_pv,missing,missing,missing,missing,missing,missing,missing,missing,EJ
2835,0.0,0.0,0.00015103979999999998,0.0002974318,0.0006735077999999999,0.0012402437999999,0.0014805107999999,0.001577605,0.0015713329999999,45Q-2040-l,500Mt-CostDecrease,RI,missing,wind_base,missing,missing,missing,missing,missing,missing,missing,missing,EJ
2836,0.0,0.0,0.0,1.62879e-05,0.0001395919,0.0004329459,0.0006215469,0.0010163939,0.001338106,45Q-2040-l,500Mt-CostDecrease,RI,missing,wind_base_offshore,missing,missing,missing,missing,missing,missing,missing,missing,EJ
2837,0.0,0.0,4.3166e-06,8.40188e-06,1.900808e-05,3.787398e-05,4.7027939999999993e-05,5.614973999999999e-05,6.034196e-05,45Q-2040-l,500Mt-CostDecrease,RI,missing,wind_base_storage,missing,missing,missing,missing,missing,missing,missing,missing,EJ
2838,0.0,0.0,0.000146099,0.00014790598,0.00029257698,0.0006586609799999999,0.0008872879799999999,0.00119968398,0.00120417698,45Q-2040-l,500Mt-CostDecrease,SC,missing,PV_base_storage,missing,missing,missing,missing,missing,missing,missing,missing,EJ
2839,0.0,0.0,0.00403247,0.0066816299999999,0.0191273299999999,0.03421213,0.04252384,0.06162814,0.07800207,45Q-2040-l,500Mt-CostDecrease,SC,missing,PV_int,missing,missing,missing,missing,missing,missing,missing,missing,EJ
2840,0.0,0.0,0.000183029,0.0002706968,0.0005437118,0.0007712018,0.0008966158,0.0012378737999999,0.0015535027999999,45Q-2040-l,500Mt-CostDecrease,SC,missing,PV_peak,missing,missing,missing,missing,missing,missing,missing,missing,EJ
2841,0.0,0.0,0.0010434294,0.0015844983999999,0.0033088783999999,0.0048241683999999,0.0057195914,0.008548732,0.010741382,45Q-2040-l,500Mt-CostDecrease,SC,missing,PV_subpeak,missing,missing,missing,missing,missing,missing,missing,missing,EJ
2842,0.0,0.0,0.000557216,1.389447e-05,0.0006208134190000001,0.001657835654,0.0011899286989999,0.0014411122265999,0.0006616118268700001,45Q-2040-l,500Mt-CostDecrease,SC,missing,biogas_base_CC,missing,missing,missing,missing,missing,missing,missing,missing,EJ
2843,0.0,0.0,0.0,3.87781e-06,0.0004268236483,0.001617603149,0.001318058871,0.0021080747599,0.00107320598166,45Q-2040-l,500Mt-CostDecrease,SC,missing,biogas_base_CC_CCS,missing,missing,missing,missing,missing,missing,missing,missing,EJ
2844,0.0,0.0,0.000148372,6.458318e-05,0.0002671563,0.00058832818,0.0006210588,0.0014572639,0.0018533129,45Q-2040-l,500Mt-CostDecrease,SC,missing,biogas_int_CC,missing,missing,missing,missing,missing,missing,missing,missing,EJ
2845,0.0,0.0,0.0,2.22441e-05,0.000122088203,0.00034755655,0.00042949098,0.0012768773,0.0020598093,45Q-2040-l,500Mt-CostDecrease,SC,missing,biogas_int_CC_CCS,missing,missing,missing,missing,missing,missing,missing,missing,EJ
2846,0.0,0.0,1.66976e-07,7.360622999999999e-08,2.1347609e-07,3.2271895e-07,3.0869116e-07,8.5520527e-07,1.30689532e-06,45Q-2040-l,500Mt-CostDecrease,SC,missing,biogas_peak_CC,missing,missing,missing,missing,missing,missing,missing,missing,EJ
2847,0.0,0.0,0.0,1.03408e-08,3.256859e-08,5.323412e-08,5.78943e-08,1.8459351000000001e-07,3.316328100000001e-07,45Q-2040-l,500Mt-CostDecrease,SC,missing,biogas_peak_CC_CCS,missing,missing,missing,missing,missing,missing,missing,missing,EJ
2848,0.0,0.0,1.565286e-07,6.3048666e-08,1.8219356300000003e-07,2.53849519e-07,1.9483211900000002e-07,6.14077208e-07,9.0958918e-07,45Q-2040-l,500Mt-CostDecrease,SC,missing,biogas_peak_steam/CT,missing,missing,missing,missing,missing,missing,missing,missing,EJ
2849,0.0,0.0,4.33094e-06,2.054736e-06,5.9419810000000006e-06,9.64419e-06,1.0388106e-05,3.1364228e-05,4.0351561e-05,45Q-2040-l,500Mt-CostDecrease,SC,missing,biogas_subpeak_CC,missing,missing,missing,missing,missing,missing,missing,missing,EJ
2850,0.0,0.0,0.0,3.89741e-07,1.3181715e-06,2.4421399e-06,3.000159e-06,1.0570938e-05,1.7240956e-05,45Q-2040-l,500Mt-CostDecrease,SC,missing,biogas_subpeak_CC_CCS,missing,missing,missing,missing,missing,missing,missing,missing,EJ
2851,0.0,0.0,2.955029e-06,1.2656175800000002e-06,3.757281962e-06,5.54521842e-06,4.64005371e-06,1.6710347369999997e-05,1.929516174e-05,45Q-2040-l,500Mt-CostDecrease,SC,missing,biogas_subpeak_steam/CT,missing,missing,missing,missing,missing,missing,missing,missing,EJ
2852,0.0,0.0,0.00013089160000000002,9.8916064e-05,0.000205222881,0.000574978971,0.000833441208,0.0012075116559999,0.0005619933443,45Q-2040-l,500Mt-CostDecrease,SC,missing,biomass_base_IGCC,missing,missing,missing,missing,missing,missing,missing,missing,EJ
2853,0.0,0.0,0.0,6.34138e-07,9.3212278e-05,0.001171402937,0.002129302936,0.010194388074,0.018289891659,45Q-2040-l,500Mt-CostDecrease,SC,missing,biomass_base_IGCC_CCS,missing,missing,missing,missing,missing,missing,missing,missing,EJ
2854,0.0,0.000952006,0.0005026780999999999,0.00063137267,0.00101043289,0.00154277157,0.00165095361,0.001449393292,0.0006454034333000001,45Q-2040-l,500Mt-CostDecrease,SC,missing,biomass_base_conv,missing,missing,missing,missing,missing,missing,missing,missing,EJ
2855,0.0,0.0,0.0,7.10541e-07,0.000135671577,0.003012352529,0.005574642526,0.073522685949,0.189595372152,45Q-2040-l,500Mt-CostDecrease,SC,missing,biomass_base_conv_CCS,missing,missing,missing,missing,missing,missing,missing,missing,EJ
2856,0.0,0.0,7.168619999999999e-05,7.932815000000001e-05,0.00011534016,0.00019277331,0.00024705031,0.00039892968,0.00056177709,45Q-2040-l,500Mt-CostDecrease,SC,missing,biomass_int_IGCC,missing,missing,missing,missing,missing,missing,missing,missing,EJ
2857,0.0,0.0,0.0,5.677120000000001e-06,2.753979e-05,9.101432e-05,0.00014097822,0.00034469024000000005,0.00061030456,45Q-2040-l,500Mt-CostDecrease,SC,missing,biomass_int_IGCC_CCS,missing,missing,missing,missing,missing,missing,missing,missing,EJ
2858,0.0,0.000952005,0.001079387,0.0012387077,0.0011806479,0.0015736663,0.0015691360999999,0.0016399767,0.0016534878,45Q-2040-l,500Mt-CostDecrease,SC,missing,biomass_int_conv,missing,missing,missing,missing,missing,missing,missing,missing,EJ
2859,0.0,0.0,0.0,8.48546e-06,4.544588e-05,0.000175045,0.00027534501000000004,0.0007597053599999999,0.00140799695,45Q-2040-l,500Mt-CostDecrease,SC,missing,biomass_int_conv_CCS,missing,missing,missing,missing,missing,missing,missing,missing,EJ
2860,0.0,0.0,0.0,2.137168e-05,0.00149029682,0.0050024653799999,0.00737405306,0.0100092248599999,0.00676185013,45Q-2040-l,500Mt-CostDecrease,SC,missing,coal_base_IGCC_CCS,missing,missing,missing,missing,missing,missing,missing,missing,EJ
2861,0.03325058,0.0675564,0.0,0.0,0.0,0.0,0.0,0.0,0.0,45Q-2040-l,500Mt-CostDecrease,SC,missing,coal_base_conv pul,missing,missing,missing,missing,missing,missing,missing,missing,EJ
2862,0.0,0.0,0.0002752173,0.0002617246,0.0001574504,1.581818e-05,0.0,0.0,0.0,45Q-2040-l,500Mt-CostDecrease,SC,missing,coal_base_conv pul 1956-1960,missing,missing,missing,missing,missing,missing,missing,missing,EJ
2863,0.0,0.0,0.00577248,0.00576361,0.004200735,0.000741084,0.0005337381,1.164238e-05,0.0,45Q-2040-l,500Mt-CostDecrease,SC,missing,coal_base_conv pul 1966-1970,missing,missing,missing,missing,missing,missing,missing,missing,EJ
2864,0.0,0.0,0.0178786599999999,0.01786273,0.01305634,0.002332316,0.001765818,4.461973e-05,1.046053e-06,45Q-2040-l,500Mt-CostDecrease,SC,missing,coal_base_conv pul 1971-1975,missing,missing,missing,missing,missing,missing,missing,missing,EJ
2865,0.0,0.0,0.002508438,0.002507723,0.001837947,0.0003322959,0.0002648184,8.071750000000001e-06,2.94415e-07,45Q-2040-l,500Mt-CostDecrease,SC,missing,coal_base_conv pul 1976-1980,missing,missing,missing,missing,missing,missing,missing,missing,EJ
2866,0.0,0.0,0.001370019,0.001369797,0.0010044939999999,0.0001820545,0.0001466626,4.680392e-06,2.0149300000000002e-07,45Q-2040-l,500Mt-CostDecrease,SC,missing,coal_base_conv pul 1981-1985,missing,missing,missing,missing,missing,missing,missing,missing,EJ
2867,0.0,0.0,0.00917358,0.00917254,0.00672788,0.001220583,0.000987718,3.215175e-05,1.505204e-06,45Q-2040-l,500Mt-CostDecrease,SC,missing,coal_base_conv pul 1991-1995,missing,missing,missing,missing,missing,missing,missing,missing,EJ
2868,0.0,0.0,0.00560149,0.00560085,0.00410813,0.0007453150000000001,0.0006031589999999999,1.963915e-05,9.2054e-07,45Q-2040-l,500Mt-CostDecrease,SC,missing,coal_base_conv pul 1996-2000,missing,missing,missing,missing,missing,missing,missing,missing,EJ
2869,0.0,0.0,0.02157694,0.02157454,0.01582472,0.002871093,0.002323879,7.57235e-05,3.561345e-06,45Q-2040-l,500Mt-CostDecrease,SC,missing,coal_base_conv pul 2006-2010,missing,missing,missing,missing,missing,missing,missing,missing,EJ
2870,0.0,0.0,0.0,2.545528e-05,0.00164666046,0.00529319313,0.0076673136699999,0.0099602931899999,0.0057896670899999,45Q-2040-l,500Mt-CostDecrease,SC,missing,coal_base_conv pul_CCS,missing,missing,missing,missing,missing,missing,missing,missing,EJ
2871,0.0051324189999999,0.0104277,0.0,0.0,0.0,0.0,0.0,0.0,0.0,45Q-2040-l,500Mt-CostDecrease,SC,missing,coal_base_conv pul_retire_2020,missing,missing,missing,missing,missing,missing,missing,missing,EJ
2872,0.0,0.0,0.0,3.0713610000000004e-05,0.0001025506,0.00024550832,0.00035636247000000006,0.0006684750399999998,0.00103012861,45Q-2040-l,500Mt-CostDecrease,SC,missing,coal_int_IGCC_CCS,missing,missing,missing,missing,missing,missing,missing,missing,EJ
2873,0.03841484,0.0583097,0.0,0.0,0.0,0.0,0.0,0.0,0.0,45Q-2040-l,500Mt-CostDecrease,SC,missing,coal_int_conv pul,missing,missing,missing,missing,missing,missing,missing,missing,EJ
2874,0.0,0.0,4.067687e-05,3.867737e-05,2.622008e-05,6.27379e-06,0.0,0.0,0.0,45Q-2040-l,500Mt-CostDecrease,SC,missing,coal_int_conv pul 1956-1960,missing,missing,missing,missing,missing,missing,missing,missing,EJ
2875,0.0,0.0,0.000853164,0.000851743,0.0006995459999999999,0.0002939286,0.000304003,7.45839e-05,0.0,45Q-2040-l,500Mt-CostDecrease,SC,missing,coal_int_conv pul 1966-1970,missing,missing,missing,missing,missing,missing,missing,missing,EJ
2876,0.0,0.0,0.002642443,0.002639733,0.002174266,0.000925041,0.001005764,0.0002858445,9.53123e-05,45Q-2040-l,500Mt-CostDecrease,SC,missing,coal_int_conv pul 1971-1975,missing,missing,missing,missing,missing,missing,missing,missing,EJ
2877,0.0,0.0,0.0003707442,0.0003705888,0.00030607240000000003,0.0001317951,0.00015083339999999998,5.17096e-05,2.682598e-05,45Q-2040-l,500Mt-CostDecrease,SC,missing,coal_int_conv pul 1976-1980,missing,missing,missing,missing,missing,missing,missing,missing,EJ
2878,0.0,0.0,0.000202487,0.0002024274,0.00016727759999999998,7.220619999999999e-05,8.35352e-05,2.998365e-05,1.835925e-05,45Q-2040-l,500Mt-CostDecrease,SC,missing,coal_int_conv pul 1981-1985,missing,missing,missing,missing,missing,missing,missing,missing,EJ
2879,0.0,0.0,0.0013558449999999,0.0013555099999999,0.001120389,0.0004841066,0.000562578,0.0002059718,0.0001371484,45Q-2040-l,500Mt-CostDecrease,SC,missing,coal_int_conv pul 1991-1995,missing,missing,missing,missing,missing,missing,missing,missing,EJ
2880,0.0,0.0,0.000827894,0.00082769,0.0006841239999999999,0.00029560560000000004,0.00034354350000000004,0.0001258129,8.3876e-05,45Q-2040-l,500Mt-CostDecrease,SC,missing,coal_int_conv pul 1996-2000,missing,missing,missing,missing,missing,missing,missing,missing,EJ
2881,0.0,0.0,0.003189058,0.003188271,0.002635278,0.001138732,0.001323618,0.0004851017,0.0003244965,45Q-2040-l,500Mt-CostDecrease,SC,missing,coal_int_conv pul 2006-2010,missing,missing,missing,missing,missing,missing,missing,missing,EJ
2882,0.0,0.0,0.0,3.89071e-05,0.000122941,0.0002798,0.0003960407000000001,0.0007090689999999999,0.0010610796,45Q-2040-l,500Mt-CostDecrease,SC,missing,coal_int_conv pul_CCS,missing,missing,missing,missing,missing,missing,missing,missing,EJ
2883,0.00592954,0.00900043,0.0,0.0,0.0,0.0,0.0,0.0,0.0,45Q-2040-l,500Mt-CostDecrease,SC,missing,coal_int_conv pul_retire_2020,missing,missing,missing,missing,missing,missing,missing,missing,EJ
2884,0.0003026129,0.0,0.0,0.0,0.0,0.0,0.0,0.0,0.0,45Q-2040-l,500Mt-CostDecrease,SC,missing,coal_peak_conv pul,missing,missing,missing,missing,missing,missing,missing,missing,EJ
2885,4.670998e-05,0.0,0.0,0.0,0.0,0.0,0.0,0.0,0.0,45Q-2040-l,500Mt-CostDecrease,SC,missing,coal_peak_conv pul_retire_2020,missing,missing,missing,missing,missing,missing,missing,missing,EJ
2886,0.0022488359999999,0.0,0.0,0.0,0.0,0.0,0.0,0.0,0.0,45Q-2040-l,500Mt-CostDecrease,SC,missing,coal_subpeak_conv pul,missing,missing,missing,missing,missing,missing,missing,missing,EJ
2887,0.0003471201,0.0,0.0,0.0,0.0,0.0,0.0,0.0,0.0,45Q-2040-l,500Mt-CostDecrease,SC,missing,coal_subpeak_conv pul_retire_2020,missing,missing,missing,missing,missing,missing,missing,missing,EJ
2888,0.0,0.0,0.03053639,0.0302690939999999,0.0409651149999999,0.049857838,0.055497889,0.0223729872,0.00440374822,45Q-2040-l,500Mt-CostDecrease,SC,missing,gas_base_CC,missing,missing,missing,missing,missing,missing,missing,missing,EJ
2889,0.0,0.0,0.0,9.17117e-05,0.0072154943,0.023886772,0.0348491093,0.0472165291,0.0287925298,45Q-2040-l,500Mt-CostDecrease,SC,missing,gas_base_CC_CCS,missing,missing,missing,missing,missing,missing,missing,missing,EJ
2890,0.001445383,0.01303467,0.0562558799999999,0.0540815299999999,0.04975749,0.04496652,0.0423088099999999,0.03880854,0.03736534,45Q-2040-l,500Mt-CostDecrease,SC,missing,gas_int_CC,missing,missing,missing,missing,missing,missing,missing,missing,EJ
2891,0.0,0.0,0.0,0.000322963,0.001216725,0.002827071,0.004045284,0.007313288,0.010959781,45Q-2040-l,500Mt-CostDecrease,SC,missing,gas_int_CC_CCS,missing,missing,missing,missing,missing,missing,missing,missing,EJ
2892,5.65036e-05,0.000656599,0.0005275986,0.00047966341,0.000397909744,0.00030924696900000003,0.000252951572,0.000170066653,0.000113437111,45Q-2040-l,500Mt-CostDecrease,SC,missing,gas_peak_CC,missing,missing,missing,missing,missing,missing,missing,missing,EJ
2893,0.0,0.0,0.0,3.20843e-08,9.48545e-08,1.820598e-07,2.483005e-07,4.701909e-07,8.139402000000001e-07,45Q-2040-l,500Mt-CostDecrease,SC,missing,gas_peak_CC_CCS,missing,missing,missing,missing,missing,missing,missing,missing,EJ
2894,4.1902707e-05,0.000230999577,0.00026634318365000004,0.0002291534001,0.000120675023393,6.777190740300001e-05,6.863041965000001e-05,3.1406306602000005e-05,1.8098859075e-05,45Q-2040-l,500Mt-CostDecrease,SC,missing,gas_peak_steam/CT,missing,missing,missing,missing,missing,missing,missing,missing,EJ
2895,0.000376322,0.00437022,0.0036373287,0.0033329338999999,0.0028424419999999,0.0023023243,0.0019117734,0.0014343041,0.0011028543,45Q-2040-l,500Mt-CostDecrease,SC,missing,gas_subpeak_CC,missing,missing,missing,missing,missing,missing,missing,missing,EJ
2896,0.0,0.0,0.0,1.82352e-06,5.4559e-06,1.064682e-05,1.486852e-05,3.112425e-05,5.045438e-05,45Q-2040-l,500Mt-CostDecrease,SC,missing,gas_subpeak_CC_CCS,missing,missing,missing,missing,missing,missing,missing,missing,EJ
2897,0.00027881659,0.00153720725,0.0018990681559999,0.001672152838,0.0009989141152,0.0006268732318999998,0.0006343031903,0.00035771692620000005,0.0002468125012,45Q-2040-l,500Mt-CostDecrease,SC,missing,gas_subpeak_steam/CT,missing,missing,missing,missing,missing,missing,missing,missing,EJ
2898,0.0111848,0.010793,0.0109929,0.0109761,0.0109641,0.0109657,0.0109412,0.0108494,0.0108615,45Q-2040-l,500Mt-CostDecrease,SC,missing,hydro_base,missing,missing,missing,missing,missing,missing,missing,missing,EJ
2899,0.1636428,0.1983269999999999,0.1944742,0.1858793,0.1647035,0.1237087,0.0717558,0.03229869,0.0,45Q-2040-l,500Mt-CostDecrease,SC,missing,nuc_base_Gen II,missing,missing,missing,missing,missing,missing,missing,missing,EJ
2900,0.0,0.0,0.0,0.0,0.00760763,0.02694642,0.03915182,0.05603204,0.06427039,45Q-2040-l,500Mt-CostDecrease,SC,missing,nuc_base_Gen III,missing,missing,missing,missing,missing,missing,missing,missing,EJ
2901,0.0,0.0,0.000120214,0.00021212,0.0001523,8.24428e-05,5.93751e-05,4.2989e-06,1.93513e-07,45Q-2040-l,500Mt-CostDecrease,SC,missing,refined liquids_base_steam/CT,missing,missing,missing,missing,missing,missing,missing,missing,EJ
2902,0.000205312,0.00146241,0.0,0.0,0.0,0.0,0.0,0.0,0.0,45Q-2040-l,500Mt-CostDecrease,SC,missing,refined liquids_int_steam/CT,missing,missing,missing,missing,missing,missing,missing,missing,EJ
2903,0.0,0.0,0.0,0.0,0.0,0.0,0.0,0.0,0.0,45Q-2040-l,500Mt-CostDecrease,SC,missing,refined liquids_peak_steam/CT,missing,missing,missing,missing,missing,missing,missing,missing,EJ
2904,5.1303e-05,0.000365602,0.0,0.0,0.0,0.0,0.0,0.0,0.0,45Q-2040-l,500Mt-CostDecrease,SC,missing,refined liquids_subpeak_steam/CT,missing,missing,missing,missing,missing,missing,missing,missing,EJ
2905,0.0,0.0,0.0002194,0.00339513,0.00955096,0.0117233,0.0141267,0.00902149,0.00468168,45Q-2040-l,500Mt-CostDecrease,SC,missing,rooftop_pv,missing,missing,missing,missing,missing,missing,missing,missing,EJ
2906,0.0,0.0,0.00388489,0.00397023,0.00947138,0.02198738,0.02933151,0.03851937,0.0395398,45Q-2040-l,500Mt-CostDecrease,SC,missing,wind_base,missing,missing,missing,missing,missing,missing,missing,missing,EJ
2907,0.0,0.0,0.0,1.32574e-05,0.0023973474,0.0098470374,0.0152661974,0.0233061674,0.02811809,45Q-2040-l,500Mt-CostDecrease,SC,missing,wind_base_offshore,missing,missing,missing,missing,missing,missing,missing,missing,EJ
2908,0.0,0.0,0.000157939,0.00016088644,0.00033982444,0.00077195944,0.00103907344,0.00140124244,0.00142069044,45Q-2040-l,500Mt-CostDecrease,SC,missing,wind_base_storage,missing,missing,missing,missing,missing,missing,missing,missing,EJ
2909,0.0,0.0,1.41101e-06,3.1431e-06,1.84957e-05,5.00745e-05,5.9034200000000005e-05,7.29969e-05,7.660845e-05,45Q-2040-l,500Mt-CostDecrease,SD,missing,CSP_base_storage,missing,missing,missing,missing,missing,missing,missing,missing,EJ
2910,0.0,0.0,1.20863e-05,2.568366e-05,8.225566e-05,0.00022714086,0.00029154186,0.00048795566,0.0006295993599999999,45Q-2040-l,500Mt-CostDecrease,SD,missing,CSP_int,missing,missing,missing,missing,missing,missing,missing,missing,EJ
2911,0.0,0.0,8.92466e-06,1.436142e-05,2.753396e-05,3.7215720000000005e-05,5.427690000000001e-05,7.79395e-05,0.00012446944,45Q-2040-l,500Mt-CostDecrease,SD,missing,CSP_peak,missing,missing,missing,missing,missing,missing,missing,missing,EJ
2912,3.35008e-05,3.01004e-05,0.000215184,0.0002459198,0.000292299,0.00031031759999999994,0.0003920992,0.001085851,0.0012857292,45Q-2040-l,500Mt-CostDecrease,SD,missing,CSP_subpeak,missing,missing,missing,missing,missing,missing,missing,missing,EJ
2913,0.0,0.0,2.38762e-07,5.58993e-07,3.501633e-06,9.700373e-06,1.1487432999999998e-05,1.4301932999999998e-05,1.5082681e-05,45Q-2040-l,500Mt-CostDecrease,SD,missing,PV_base_storage,missing,missing,missing,missing,missing,missing,missing,missing,EJ
2914,0.0,0.0,0.000108551,0.000249666,0.000839308,0.0017752,0.002124212,0.00282721,0.003242285,45Q-2040-l,500Mt-CostDecrease,SD,missing,PV_int,missing,missing,missing,missing,missing,missing,missing,missing,EJ
2915,0.0,0.0,8.01552e-05,0.00013657859999999998,0.0002738746,0.0003364144,0.0004288749,0.0005135669999999999,0.0006222978,45Q-2040-l,500Mt-CostDecrease,SD,missing,PV_peak,missing,missing,missing,missing,missing,missing,missing,missing,EJ
2916,0.0,0.0,0.000325032,0.0006440129999999999,0.0011274179999999,0.00124381,0.0016870129999999,0.0048107129999999,0.005289759,45Q-2040-l,500Mt-CostDecrease,SD,missing,PV_subpeak,missing,missing,missing,missing,missing,missing,missing,missing,EJ
2917,0.0,0.0,1.27217e-06,1.83893296e-06,1.76150306e-05,3.95942277e-05,1.36948215e-05,1.856470081e-05,6.476731644e-06,45Q-2040-l,500Mt-CostDecrease,SD,missing,biogas_base_CC,missing,missing,missing,missing,missing,missing,missing,missing,EJ
2918,0.0,0.0,0.0,9.74116e-07,1.236898269e-05,3.88885644e-05,1.56613413e-05,2.66716311e-05,1.04616966e-05,45Q-2040-l,500Mt-CostDecrease,SD,missing,biogas_base_CC_CCS,missing,missing,missing,missing,missing,missing,missing,missing,EJ
2919,0.0,0.0,5.11401e-06,4.049901e-06,1.2496957e-05,3.6416614e-05,2.5776461e-05,8.475078e-05,9.309376e-05,45Q-2040-l,500Mt-CostDecrease,SD,missing,biogas_int_CC,missing,missing,missing,missing,missing,missing,missing,missing,EJ
2920,0.0,0.0,0.0,1.44507e-06,5.745053e-06,2.1670162e-05,1.8867411e-05,7.1633768e-05,0.000101173365,45Q-2040-l,500Mt-CostDecrease,SD,missing,biogas_int_CC_CCS,missing,missing,missing,missing,missing,missing,missing,missing,EJ
2921,0.0,0.0,9.44595e-08,5.879612e-08,1.0850853e-07,1.0898580000000001e-07,1.8945459000000002e-07,4.171181e-07,8.290492e-07,45Q-2040-l,500Mt-CostDecrease,SD,missing,biogas_peak_CC,missing,missing,missing,missing,missing,missing,missing,missing,EJ
2922,0.0,0.0,0.0,8.19929e-09,1.6481568e-08,1.792557e-08,3.3547869999999995e-08,8.942147e-08,1.9330972e-07,45Q-2040-l,500Mt-CostDecrease,SD,missing,biogas_peak_CC_CCS,missing,missing,missing,missing,missing,missing,missing,missing,EJ
2923,0.0,0.0,8.83572e-08,4.98629e-08,9.12983e-08,7.4177541e-08,1.28064837e-07,2.45785999e-07,5.36751929e-07,45Q-2040-l,500Mt-CostDecrease,SD,missing,biogas_peak_steam/CT,missing,missing,missing,missing,missing,missing,missing,missing,EJ
2924,0.0,0.0,7.27581e-08,2.0410225000000002e-07,1.61580752e-06,8.938758700000001e-07,3.40261076e-06,4.43965149e-05,2.8736334e-05,45Q-2040-l,500Mt-CostDecrease,SD,missing,biogas_subpeak_CC,missing,missing,missing,missing,missing,missing,missing,missing,EJ
2925,0.0,0.0,0.0,4.12467e-08,3.6712532e-07,2.5014395e-07,9.4022911e-07,1.34320919e-05,1.42030336e-05,45Q-2040-l,500Mt-CostDecrease,SD,missing,biogas_subpeak_CC_CCS,missing,missing,missing,missing,missing,missing,missing,missing,EJ
2926,0.0,0.0,4.952601e-08,1.3237406199999998e-07,1.043985623e-06,4.5033073e-07,1.962388154e-06,2.7160131624999997e-05,8.79046697e-06,45Q-2040-l,500Mt-CostDecrease,SD,missing,biogas_subpeak_steam/CT,missing,missing,missing,missing,missing,missing,missing,missing,EJ
2927,0.0,0.0,1.757311e-07,3.381342e-07,2.536101e-06,1.02029931e-05,1.1976053599999998e-05,1.35045946e-05,5.3331049e-06,45Q-2040-l,500Mt-CostDecrease,SD,missing,biomass_base_IGCC,missing,missing,missing,missing,missing,missing,missing,missing,EJ
2928,0.0,0.0,0.0,1.194588e-07,2.3311536e-06,2.48783384e-05,3.44372783e-05,0.0001292517541,0.0002019238175,45Q-2040-l,500Mt-CostDecrease,SD,missing,biomass_base_IGCC_CCS,missing,missing,missing,missing,missing,missing,missing,missing,EJ
2929,0.0,0.0,3.556000000000001e-07,4.944842000000001e-07,3.6957437e-06,1.42520523e-05,1.4636749899999998e-05,1.473819577e-05,5.822605147999999e-06,45Q-2040-l,500Mt-CostDecrease,SD,missing,biomass_base_conv,missing,missing,missing,missing,missing,missing,missing,missing,EJ
2930,0.0,0.0,0.0,1.286474e-07,3.2339793e-06,6.15728547e-05,8.6342634e-05,0.0008708270508999999,0.0019008420242,45Q-2040-l,500Mt-CostDecrease,SD,missing,biomass_base_conv_CCS,missing,missing,missing,missing,missing,missing,missing,missing,EJ
2931,0.0,0.0,1.188495e-07,1.965748e-07,4.485069e-07,1.3929499e-06,1.8917612e-06,4.5011997e-06,6.8096475e-06,45Q-2040-l,500Mt-CostDecrease,SD,missing,biomass_int_IGCC,missing,missing,missing,missing,missing,missing,missing,missing,EJ
2932,0.0,0.0,0.0,3.59205e-08,1.876263e-07,9.959167e-07,1.4695627e-06,4.9318200000000005e-06,8.636933e-06,45Q-2040-l,500Mt-CostDecrease,SD,missing,biomass_int_IGCC_CCS,missing,missing,missing,missing,missing,missing,missing,missing,EJ
2933,0.0,0.0,3.293285e-07,4.818945e-07,1.0134117e-06,3.0476196e-06,4.0024547e-06,9.0560075e-06,1.30696397e-05,45Q-2040-l,500Mt-CostDecrease,SD,missing,biomass_int_conv,missing,missing,missing,missing,missing,missing,missing,missing,EJ
2934,0.0,0.0,0.0,5.19337e-08,3.004904000000001e-07,1.9052964e-06,2.8292714e-06,1.08512509e-05,1.96642281e-05,45Q-2040-l,500Mt-CostDecrease,SD,missing,biomass_int_conv_CCS,missing,missing,missing,missing,missing,missing,missing,missing,EJ
2935,0.0,0.0,0.0,9.75101e-06,6.095663e-05,0.00016229768000000002,0.00019377115,0.00022964628,0.00017325416,45Q-2040-l,500Mt-CostDecrease,SD,missing,coal_base_IGCC_CCS,missing,missing,missing,missing,missing,missing,missing,missing,EJ
2936,0.006048477,0.006783571,0.0,0.0,0.0,0.0,0.0,0.0,0.0,45Q-2040-l,500Mt-CostDecrease,SD,missing,coal_base_conv pul,missing,missing,missing,missing,missing,missing,missing,missing,EJ
2937,0.0,0.0,0.003404571,0.003401336,0.0022701789999999,0.0004495311,0.0003276432,6.422913e-06,3.21922e-07,45Q-2040-l,500Mt-CostDecrease,SD,missing,coal_base_conv pul 1971-1975,missing,missing,missing,missing,missing,missing,missing,missing,EJ
2938,0.0,0.0,0.0,1.206718e-05,7.023121e-05,0.00017799529,0.00021016203,0.00023941955,0.00016167122,45Q-2040-l,500Mt-CostDecrease,SD,missing,coal_base_conv pul_CCS,missing,missing,missing,missing,missing,missing,missing,missing,EJ
2939,0.0,0.0,0.0,1.734726e-06,5.362343e-06,1.5155749999999998e-05,1.9619405e-05,3.816322899999999e-05,5.3100456e-05,45Q-2040-l,500Mt-CostDecrease,SD,missing,coal_int_IGCC_CCS,missing,missing,missing,missing,missing,missing,missing,missing,EJ
2940,0.0049807309999999,0.005191746,0.0,0.0,0.0,0.0,0.0,0.0,0.0,45Q-2040-l,500Mt-CostDecrease,SD,missing,coal_int_conv pul,missing,missing,missing,missing,missing,missing,missing,missing,EJ
2941,0.0,0.0,0.0026213545,0.0026201351999999,0.0023661014,0.0012439540999999,0.0011915713,0.0005772533,0.00023960461,45Q-2040-l,500Mt-CostDecrease,SD,missing,coal_int_conv pul 1971-1975,missing,missing,missing,missing,missing,missing,missing,missing,EJ
2942,0.0,0.0,0.0,2.2325e-06,6.532380000000001e-06,1.739783e-05,2.212251e-05,4.088263e-05,5.553659e-05,45Q-2040-l,500Mt-CostDecrease,SD,missing,coal_int_conv pul_CCS,missing,missing,missing,missing,missing,missing,missing,missing,EJ
2943,5.980417e-05,0.0,0.0,0.0,0.0,0.0,0.0,0.0,0.0,45Q-2040-l,500Mt-CostDecrease,SD,missing,coal_peak_conv pul,missing,missing,missing,missing,missing,missing,missing,missing,EJ
2944,0.0003915094,0.0,0.0,0.0,0.0,0.0,0.0,0.0,0.0,45Q-2040-l,500Mt-CostDecrease,SD,missing,coal_subpeak_conv pul,missing,missing,missing,missing,missing,missing,missing,missing,EJ
2945,1.1200321000000004e-05,0.00023040263,0.00041357001000000005,0.00045470928,0.0006800804099999998,0.0008402469799999998,0.0007972667,0.0002118237987,4.419591475999999e-05,45Q-2040-l,500Mt-CostDecrease,SD,missing,gas_base_CC,missing,missing,missing,missing,missing,missing,missing,missing,EJ
2946,0.0,0.0,0.0,2.28312e-05,0.00021637764,0.0005959222399999999,0.00070328641,0.0007532505300000001,0.000365694234,45Q-2040-l,500Mt-CostDecrease,SD,missing,gas_base_CC_CCS,missing,missing,missing,missing,missing,missing,missing,missing,EJ
2947,3.100079e-06,6.310059e-05,0.0018315169599999,0.00176243309,0.00161775881,0.0015397780699999,0.00140931066,0.00142671274,0.00137508485,45Q-2040-l,500Mt-CostDecrease,SD,missing,gas_int_CC,missing,missing,missing,missing,missing,missing,missing,missing,EJ
2948,0.0,0.0,0.0,1.404916e-05,5.398076e-05,0.00015231006,0.00019587888000000003,0.00036999633999999993,0.0005049523199999999,45Q-2040-l,500Mt-CostDecrease,SD,missing,gas_int_CC_CCS,missing,missing,missing,missing,missing,missing,missing,missing,EJ
2949,5.500384500000001e-06,0.00014640398000000002,0.0001377607804,0.0001256248272,0.0001044822615,8.421973630000003e-05,6.701263010000002e-05,5.011310450000001e-05,3.5594663000000005e-05,45Q-2040-l,500Mt-CostDecrease,SD,missing,gas_peak_CC,missing,missing,missing,missing,missing,missing,missing,missing,EJ
2950,0.0,0.0,0.0,2.444449e-08,5.452951e-08,7.864176e-08,1.2097705e-07,2.0178248e-07,3.9204360000000004e-07,45Q-2040-l,500Mt-CostDecrease,SD,missing,gas_peak_CC_CCS,missing,missing,missing,missing,missing,missing,missing,missing,EJ
2951,4.100281e-06,5.150149e-05,7.1031748e-05,6.220069979999999e-05,3.2426265300000004e-05,2.23028368e-05,1.8992743900000004e-05,1.44026546e-05,9.105103100000002e-06,45Q-2040-l,500Mt-CostDecrease,SD,missing,gas_peak_steam/CT,missing,missing,missing,missing,missing,missing,missing,missing,EJ
2952,2.9100635000000003e-05,0.0007692088,0.000179905087,0.00017473508899999997,0.000156356077,0.000132277338,0.000121577892,0.000227536172,0.00023073622500000007,45Q-2040-l,500Mt-CostDecrease,SD,missing,gas_subpeak_CC,missing,missing,missing,missing,missing,missing,missing,missing,EJ
2953,0.0,0.0,0.0,1.004502e-06,1.964936e-06,2.3660726e-06,4.171333700000001e-06,3.01398033e-05,3.71337968e-05,45Q-2040-l,500Mt-CostDecrease,SD,missing,gas_subpeak_CC_CCS,missing,missing,missing,missing,missing,missing,missing,missing,EJ
2954,2.1500510000000003e-05,0.0002705037,9.683547e-05,9.437357e-05,5.798030999999999e-05,4.0895221e-05,4.2790163e-05,0.000106585766,8.275951700000002e-05,45Q-2040-l,500Mt-CostDecrease,SD,missing,gas_subpeak_steam/CT,missing,missing,missing,missing,missing,missing,missing,missing,EJ
2955,0.0133525,0.0113041,0.0208126,0.0207806,0.020758,0.020761,0.0207146,0.0205408,0.0205637,45Q-2040-l,500Mt-CostDecrease,SD,missing,hydro_base,missing,missing,missing,missing,missing,missing,missing,missing,EJ
2956,0.0,0.0,2.752184e-05,2.100311e-05,6.873879e-06,7.996800000000001e-06,7.1216990000000005e-06,6.511833e-06,3.973423e-06,45Q-2040-l,500Mt-CostDecrease,SD,missing,refined liquids_peak_steam/CT,missing,missing,missing,missing,missing,missing,missing,missing,EJ
2957,6.540157999999999e-05,0.0001124013,3.0206260000000003e-05,2.5387390000000003e-05,7.91133e-06,8.5077e-06,7.540203e-06,7.189335e-06,4.433775e-06,45Q-2040-l,500Mt-CostDecrease,SD,missing,refined liquids_subpeak_steam/CT,missing,missing,missing,missing,missing,missing,missing,missing,EJ
2958,0.0,0.0,3.65924e-05,0.000371867,0.00115179,0.00153006,0.0017745,0.00110718,0.000772288,45Q-2040-l,500Mt-CostDecrease,SD,missing,rooftop_pv,missing,missing,missing,missing,missing,missing,missing,missing,EJ
2959,0.0,0.000342904,0.0056328279999999,0.0058904729999999,0.0071479629999999,0.008727643,0.009217407,0.005081597,0.0054579749999999,45Q-2040-l,500Mt-CostDecrease,SD,missing,wind_base,missing,missing,missing,missing,missing,missing,missing,missing,EJ
2960,0.0,0.0,4.08572e-06,9.54896e-06,4.2663360000000006e-05,0.00010906516,0.00012846846000000002,0.00016097616000000002,0.00016883394,45Q-2040-l,500Mt-CostDecrease,SD,missing,wind_base_storage,missing,missing,missing,missing,missing,missing,missing,missing,EJ
2961,0.0,0.000142901,0.00227653,0.00227653,0.00227653,0.00227653,0.00227653,0.0,0.0,45Q-2040-l,500Mt-CostDecrease,SD,missing,wind_int,missing,missing,missing,missing,missing,missing,missing,missing,EJ
2962,0.0,8.5701e-05,0.00136586,0.00136586,0.00136586,0.00136586,0.00136586,0.0,0.0,45Q-2040-l,500Mt-CostDecrease,SD,missing,wind_subpeak,missing,missing,missing,missing,missing,missing,missing,missing,EJ
2963,0.0,0.0,5.82775e-05,5.9007276e-05,0.000128888876,0.00031144787600000004,0.000423883876,0.0005570508760000001,0.000560014876,45Q-2040-l,500Mt-CostDecrease,TN,missing,PV_base_storage,missing,missing,missing,missing,missing,missing,missing,missing,EJ
2964,0.0,0.0,0.00321455,0.00498548,0.01275114,0.02095267,0.02561675,0.03675475,0.0454598,45Q-2040-l,500Mt-CostDecrease,TN,missing,PV_int,missing,missing,missing,missing,missing,missing,missing,missing,EJ
2965,0.0,0.0,7.51203e-05,0.0001112588,0.0002121928,0.0002849586,0.0003254356,0.0004388096,0.0005306283,45Q-2040-l,500Mt-CostDecrease,TN,missing,PV_peak,missing,missing,missing,missing,missing,missing,missing,missing,EJ
2966,0.0,0.0,0.000772077,0.000991264,0.001610241,0.002073631,0.002349942,0.002911327,0.003519989,45Q-2040-l,500Mt-CostDecrease,TN,missing,PV_subpeak,missing,missing,missing,missing,missing,missing,missing,missing,EJ
2967,0.0,0.0,0.0002918,7.33298e-06,0.000392814726,0.001083951641,0.00076753454,0.0008107764368000001,0.00035426561129,45Q-2040-l,500Mt-CostDecrease,TN,missing,biogas_base_CC,missing,missing,missing,missing,missing,missing,missing,missing,EJ
2968,0.0,0.0,0.0,2.06296e-06,0.0002715655468,0.0010618678,0.000855411312,0.0011951113842,0.0005765542493199999,45Q-2040-l,500Mt-CostDecrease,TN,missing,biogas_base_CC_CCS,missing,missing,missing,missing,missing,missing,missing,missing,EJ
2969,0.0,0.0,0.00014928,5.5954470000000006e-05,0.00023671647,0.00051645448,0.0005523128,0.001304473,0.0016550694,45Q-2040-l,500Mt-CostDecrease,TN,missing,biogas_int_CC,missing,missing,missing,missing,missing,missing,missing,missing,EJ
2970,0.0,0.0,0.0,1.89403e-05,0.000107882528,0.00030389535,0.00037952234,0.0011387926,0.0018376961999999,45Q-2040-l,500Mt-CostDecrease,TN,missing,biogas_int_CC_CCS,missing,missing,missing,missing,missing,missing,missing,missing,EJ
2971,0.0,0.0,8.64952e-08,3.859412e-08,1.11699806e-07,1.659651e-07,1.5836804e-07,4.3795778000000003e-07,6.6925426e-07,45Q-2040-l,500Mt-CostDecrease,TN,missing,biogas_peak_CC,missing,missing,missing,missing,missing,missing,missing,missing,EJ
2972,0.0,0.0,0.0,5.427e-09,1.7047716e-08,2.7402006e-08,2.9756253e-08,9.469319e-08,1.7003592e-07,45Q-2040-l,500Mt-CostDecrease,TN,missing,biogas_peak_CC_CCS,missing,missing,missing,missing,missing,missing,missing,missing,EJ
2973,0.0,0.0,8.108300000000001e-08,3.288923e-08,9.51817e-08,1.30067088e-07,9.953994000000002e-08,3.139297730000001e-07,4.65375779e-07,45Q-2040-l,500Mt-CostDecrease,TN,missing,biogas_peak_steam/CT,missing,missing,missing,missing,missing,missing,missing,missing,EJ
2974,0.0,0.0,2.12778e-06,1.039163e-06,3.0169132e-06,4.7480858000000005e-06,5.105863e-06,1.5409123e-05,1.984038e-05,45Q-2040-l,500Mt-CostDecrease,TN,missing,biogas_subpeak_CC,missing,missing,missing,missing,missing,missing,missing,missing,EJ
2975,0.0,0.0,0.0,1.97695e-07,6.7002232e-07,1.2047303999999998e-06,1.478643e-06,5.202025e-06,8.4863717e-06,45Q-2040-l,500Mt-CostDecrease,TN,missing,biogas_subpeak_CC_CCS,missing,missing,missing,missing,missing,missing,missing,missing,EJ
2976,0.0,0.0,1.451789e-06,6.41531949e-07,1.9088969780000003e-06,2.7232283e-06,2.26899257e-06,8.19792936e-06,9.48164161e-06,45Q-2040-l,500Mt-CostDecrease,TN,missing,biogas_subpeak_steam/CT,missing,missing,missing,missing,missing,missing,missing,missing,EJ
2977,0.0,0.0,4.5363200000000006e-05,3.3974029e-05,8.8935635e-05,0.000303491893,0.000455986687,0.0006381706402,0.00028336795353,45Q-2040-l,500Mt-CostDecrease,TN,missing,biomass_base_IGCC,missing,missing,missing,missing,missing,missing,missing,missing,EJ
2978,0.0,0.0,0.0,2.67651e-07,5.0705144e-05,0.000687007449,0.001258772349,0.005541386935,0.0097036245149999,45Q-2040-l,500Mt-CostDecrease,TN,missing,biomass_base_IGCC_CCS,missing,missing,missing,missing,missing,missing,missing,missing,EJ
2979,0.0,4.42003e-05,0.0001076478,7.8870959e-05,0.00018079627,0.000496719425,0.000667259337,0.00075208714,0.000331780607,45Q-2040-l,500Mt-CostDecrease,TN,missing,biomass_base_conv,missing,missing,missing,missing,missing,missing,missing,missing,EJ
2980,0.0,0.0,0.0,3.0527e-07,7.5072447e-05,0.001799092764,0.003352862463,0.040093588714,0.101117149171,45Q-2040-l,500Mt-CostDecrease,TN,missing,biomass_base_conv_CCS,missing,missing,missing,missing,missing,missing,missing,missing,EJ
2981,0.0,0.0,9.81293e-06,1.104412e-05,1.8284199e-05,3.6211705e-05,5.1484576000000006e-05,0.00010150213399999998,0.00016258292800000002,45Q-2040-l,500Mt-CostDecrease,TN,missing,biomass_int_IGCC,missing,missing,missing,missing,missing,missing,missing,missing,EJ
2982,0.0,0.0,0.0,8.744959999999999e-07,5.248612e-06,2.0385635e-05,3.4614535e-05,0.000102176427,0.000201649751,45Q-2040-l,500Mt-CostDecrease,TN,missing,biomass_int_IGCC_CCS,missing,missing,missing,missing,missing,missing,missing,missing,EJ
2983,0.0,4.42002e-05,7.20303e-05,8.030805e-05,8.969106000000001e-05,0.00014158377,0.00016791563,0.00025637063999999995,0.00035371831,45Q-2040-l,500Mt-CostDecrease,TN,missing,biomass_int_conv,missing,missing,missing,missing,missing,missing,missing,missing,EJ
2984,0.0,0.0,0.0,1.32759e-06,8.836449999999999e-06,4.019878e-05,6.919988e-05,0.00023225459,0.00047878332,45Q-2040-l,500Mt-CostDecrease,TN,missing,biomass_int_conv_CCS,missing,missing,missing,missing,missing,missing,missing,missing,EJ
2985,0.0,0.0,0.0,1.540881e-05,0.00093506987,0.00320318555,0.00471247156,0.0061160268299999,0.00395222768,45Q-2040-l,500Mt-CostDecrease,TN,missing,coal_base_IGCC_CCS,missing,missing,missing,missing,missing,missing,missing,missing,EJ
2986,0.05686927132,0.07856120671,0.0,0.0,0.0,0.0,0.0,0.0,0.0,45Q-2040-l,500Mt-CostDecrease,TN,missing,coal_base_conv pul,missing,missing,missing,missing,missing,missing,missing,missing,EJ
2987,0.0,0.0,0.01014898002,0.00949221717,0.005367041813,0.0,0.0,0.0,0.0,45Q-2040-l,500Mt-CostDecrease,TN,missing,coal_base_conv pul 1951-1955,missing,missing,missing,missing,missing,missing,missing,missing,EJ
2988,0.0,0.0,0.01710285706,0.01647097735,0.01030770947,0.001135995287,0.0,0.0,0.0,45Q-2040-l,500Mt-CostDecrease,TN,missing,coal_base_conv pul 1956-1960,missing,missing,missing,missing,missing,missing,missing,missing,EJ
2989,0.0,0.0,0.000324769961,0.0003210094862,0.0002226122801,3.2902308010000003e-05,1.472278477e-05,0.0,0.0,45Q-2040-l,500Mt-CostDecrease,TN,missing,coal_base_conv pul 1961-1965,missing,missing,missing,missing,missing,missing,missing,missing,EJ
2990,0.0,0.0,0.003178000819,0.0,0.0,0.0,0.0,0.0,0.0,45Q-2040-l,500Mt-CostDecrease,TN,missing,coal_base_conv pul 1966-1970,missing,missing,missing,missing,missing,missing,missing,missing,EJ
2991,0.0,0.0,0.03521574151,0.03518453753,0.0255651477199999,0.004535990128,0.00342868893,8.67945859e-05,2.036529874e-06,45Q-2040-l,500Mt-CostDecrease,TN,missing,coal_base_conv pul 1971-1975,missing,missing,missing,missing,missing,missing,missing,missing,EJ
2992,0.0,0.0,0.000290557646,0.00029050663919999995,0.0002117559008,3.810537346e-05,3.059761701e-05,9.71251053e-07,4.06799e-08,45Q-2040-l,500Mt-CostDecrease,TN,missing,coal_base_conv pul 1981-1985,missing,missing,missing,missing,missing,missing,missing,missing,EJ
2993,0.0,0.0,0.00074625512,0.0007461761089,0.0005440671167,9.80392386e-05,7.92067398e-05,2.582959909e-06,1.21011e-07,45Q-2040-l,500Mt-CostDecrease,TN,missing,coal_base_conv pul 1991-1995,missing,missing,missing,missing,missing,missing,missing,missing,EJ
2994,0.0,0.0,0.0002607308841,0.0,0.0,0.0,0.0,0.0,0.0,45Q-2040-l,500Mt-CostDecrease,TN,missing,coal_base_conv pul before 1950,missing,missing,missing,missing,missing,missing,missing,missing,EJ
2995,0.0,0.0,0.0,1.833669e-05,0.00103260561,0.00338624176,0.00489635905,0.00608759157,0.0033665387,45Q-2040-l,500Mt-CostDecrease,TN,missing,coal_base_conv pul_CCS,missing,missing,missing,missing,missing,missing,missing,missing,EJ
2996,0.02592696944,0.0358165165199999,0.0,0.0,0.0,0.0,0.0,0.0,0.0,45Q-2040-l,500Mt-CostDecrease,TN,missing,coal_base_conv pul_retire_2020,missing,missing,missing,missing,missing,missing,missing,missing,EJ
2997,0.0,0.0,0.0,4.4547000000000006e-05,0.00010684399999999998,0.0002293842,0.0003260573,0.0006007612000000001,0.0009173858,45Q-2040-l,500Mt-CostDecrease,TN,missing,coal_int_IGCC_CCS,missing,missing,missing,missing,missing,missing,missing,missing,EJ
2998,0.06570168511,0.06780815074,0.0,0.0,0.0,0.0,0.0,0.0,0.0,45Q-2040-l,500Mt-CostDecrease,TN,missing,coal_int_conv pul,missing,missing,missing,missing,missing,missing,missing,missing,EJ
2999,0.0,0.0,0.001500159178,0.001402866912,0.000895666488,0.0,0.0,0.0,0.0,45Q-2040-l,500Mt-CostDecrease,TN,missing,coal_int_conv pul 1951-1955,missing,missing,missing,missing,missing,missing,missing,missing,EJ
3000,0.0,0.0,0.0025280387989999,0.002434266979,0.0017201879619999,0.0004520456044,0.0,0.0,0.0,45Q-2040-l,500Mt-CostDecrease,TN,missing,coal_int_conv pul 1956-1960,missing,missing,missing,missing,missing,missing,missing,missing,EJ
3001,0.0,0.0,4.800555376e-05,4.744248283e-05,3.715020723e-05,1.309276842e-05,8.42733328e-06,0.0,0.0,45Q-2040-l,500Mt-CostDecrease,TN,missing,coal_int_conv pul 1961-1965,missing,missing,missing,missing,missing,missing,missing,missing,EJ
3002,0.0,0.0,0.0004697532383,0.0,0.0,0.0,0.0,0.0,0.0,45Q-2040-l,500Mt-CostDecrease,TN,missing,coal_int_conv pul 1966-1970,missing,missing,missing,missing,missing,missing,missing,missing,EJ
3003,0.0,0.0,0.005205376425,0.005199975754,0.004266380585,0.001805000012,0.001962579948,0.0005570680168000001,0.0001857806784,45Q-2040-l,500Mt-CostDecrease,TN,missing,coal_int_conv pul 1971-1975,missing,missing,missing,missing,missing,missing,missing,missing,EJ
3004,0.0,0.0,4.294851603e-05,4.293451434e-05,3.533827765e-05,1.516323226e-05,1.751403054e-05,6.233714694e-06,3.71147304e-06,45Q-2040-l,500Mt-CostDecrease,TN,missing,coal_int_conv pul 1981-1985,missing,missing,missing,missing,missing,missing,missing,missing,EJ
3005,0.0,0.0,0.0001103069103,0.0001102789069,9.07953045e-05,3.90125714e-05,4.533787409e-05,1.657801342e-05,1.104050715e-05,45Q-2040-l,500Mt-CostDecrease,TN,missing,coal_int_conv pul 1991-1995,missing,missing,missing,missing,missing,missing,missing,missing,EJ
3006,0.0,0.0,3.853966005e-05,0.0,0.0,0.0,0.0,0.0,0.0,45Q-2040-l,500Mt-CostDecrease,TN,missing,coal_int_conv pul before 1950,missing,missing,missing,missing,missing,missing,missing,missing,EJ
3007,0.0,0.0,0.0,5.63539e-05,0.00012911930000000002,0.000263472,0.0003648116,0.0006402423000000001,0.0009484026,45Q-2040-l,500Mt-CostDecrease,TN,missing,coal_int_conv pul_CCS,missing,missing,missing,missing,missing,missing,missing,missing,EJ
3008,0.02995377723,0.03091409833,0.0,0.0,0.0,0.0,0.0,0.0,0.0,45Q-2040-l,500Mt-CostDecrease,TN,missing,coal_int_conv pul_retire_2020,missing,missing,missing,missing,missing,missing,missing,missing,EJ
3009,0.0005175112592,0.0,0.0,0.0,0.0,0.0,0.0,0.0,0.0,45Q-2040-l,500Mt-CostDecrease,TN,missing,coal_peak_conv pul,missing,missing,missing,missing,missing,missing,missing,missing,EJ
3010,0.000235936752,0.0,0.0,0.0,0.0,0.0,0.0,0.0,0.0,45Q-2040-l,500Mt-CostDecrease,TN,missing,coal_peak_conv pul_retire_2020,missing,missing,missing,missing,missing,missing,missing,missing,EJ
3011,0.003846155007,0.0,0.0,0.0,0.0,0.0,0.0,0.0,0.0,45Q-2040-l,500Mt-CostDecrease,TN,missing,coal_subpeak_conv pul,missing,missing,missing,missing,missing,missing,missing,missing,EJ
3012,0.001753481117,0.0,0.0,0.0,0.0,0.0,0.0,0.0,0.0,45Q-2040-l,500Mt-CostDecrease,TN,missing,coal_subpeak_conv pul_retire_2020,missing,missing,missing,missing,missing,missing,missing,missing,EJ
3013,0.0,0.0,0.0154750014999999,0.0153313335,0.02199205372,0.02807521837,0.03164249006,0.012417376921,0.0023246274394999,45Q-2040-l,500Mt-CostDecrease,TN,missing,gas_base_CC,missing,missing,missing,missing,missing,missing,missing,missing,EJ
3014,0.0,0.0,0.0,4.752969e-05,0.00445921387,0.01512491409,0.0220322230999999,0.0284879377499999,0.01653173874,45Q-2040-l,500Mt-CostDecrease,TN,missing,gas_base_CC_CCS,missing,missing,missing,missing,missing,missing,missing,missing,EJ
3015,0.00011740675,0.0016112068999999,0.032630069,0.0320993111,0.0309155637,0.0294930178999999,0.0290671400999999,0.028630232,0.0291386503,45Q-2040-l,500Mt-CostDecrease,TN,missing,gas_int_CC,missing,missing,missing,missing,missing,missing,missing,missing,EJ
3016,0.0,0.0,0.0,0.00026545590000000003,0.0010282393,0.0023876167,0.0034338710999999,0.0062711675,0.0094217296,45Q-2040-l,500Mt-CostDecrease,TN,missing,gas_int_CC_CCS,missing,missing,missing,missing,missing,missing,missing,missing,EJ
3017,4.6002984e-06,8.119983e-05,0.0002641448353,0.00024013937200000003,0.0001992089879,0.00015477199510000004,0.000126548813,8.498206510000001e-05,5.654262691999999e-05,45Q-2040-l,500Mt-CostDecrease,TN,missing,gas_peak_CC,missing,missing,missing,missing,missing,missing,missing,missing,EJ
3018,0.0,0.0,0.0,1.61944e-08,4.771567e-08,9.062966999999999e-08,1.2304206e-07,2.3158350000000003e-07,3.9976049e-07,45Q-2040-l,500Mt-CostDecrease,TN,missing,gas_peak_CC_CCS,missing,missing,missing,missing,missing,missing,missing,missing,EJ
3019,3.4002189999999995e-06,2.849989e-05,0.000133453903,0.00011484263360000002,6.05001937e-05,3.394408320000001e-05,3.43598606e-05,1.57187233e-05,9.0602904e-06,45Q-2040-l,500Mt-CostDecrease,TN,missing,gas_peak_steam/CT,missing,missing,missing,missing,missing,missing,missing,missing,EJ
3020,3.0601788e-05,0.00054020257,0.00181783256,0.0016648039569999,0.00141835211,0.001146259799,0.000949216668,0.000706371699,0.0005366137390000001,45Q-2040-l,500Mt-CostDecrease,TN,missing,gas_subpeak_CC,missing,missing,missing,missing,missing,missing,missing,missing,EJ
3021,0.0,0.0,0.0,8.894060000000001e-07,2.660931e-06,5.104258e-06,7.080416e-06,1.4716364e-05,2.3808739e-05,45Q-2040-l,500Mt-CostDecrease,TN,missing,gas_subpeak_CC_CCS,missing,missing,missing,missing,missing,missing,missing,missing,EJ
3022,2.260139e-05,0.0001900004,0.00095005083,0.0008365306800000001,0.0004997171300000001,0.00031291141,0.00031620334000000003,0.000177381594,0.000121728611,45Q-2040-l,500Mt-CostDecrease,TN,missing,gas_subpeak_steam/CT,missing,missing,missing,missing,missing,missing,missing,missing,EJ
3023,0.0339897,0.0313908,0.0411114,0.0410483,0.0410036,0.0410096,0.0409177,0.0405746,0.0406197,45Q-2040-l,500Mt-CostDecrease,TN,missing,hydro_base,missing,missing,missing,missing,missing,missing,missing,missing,EJ
3024,0.0534371,0.10377,0.0934083,0.0930498,0.0919801,0.0888854,0.0806668,0.0630212,0.0379042,45Q-2040-l,500Mt-CostDecrease,TN,missing,nuc_base_Gen II,missing,missing,missing,missing,missing,missing,missing,missing,EJ
3025,0.0,0.0,0.0,0.0,0.00483268,0.01750627,0.02539126,0.03484096,0.03923946,45Q-2040-l,500Mt-CostDecrease,TN,missing,nuc_base_Gen III,missing,missing,missing,missing,missing,missing,missing,missing,EJ
3026,0.0,0.0,9.31013e-05,0.0001641588,0.0001177101,6.358559000000001e-05,4.573079e-05,3.307594e-06,1.48875e-07,45Q-2040-l,500Mt-CostDecrease,TN,missing,refined liquids_base_steam/CT,missing,missing,missing,missing,missing,missing,missing,missing,EJ
3027,0.0003781218,0.0006928032,0.0,0.0,0.0,0.0,0.0,0.0,0.0,45Q-2040-l,500Mt-CostDecrease,TN,missing,refined liquids_int_steam/CT,missing,missing,missing,missing,missing,missing,missing,missing,EJ
3028,0.0,0.0,0.0,0.0,0.0,0.0,0.0,0.0,0.0,45Q-2040-l,500Mt-CostDecrease,TN,missing,refined liquids_peak_steam/CT,missing,missing,missing,missing,missing,missing,missing,missing,EJ
3029,9.45056e-05,0.0001732009,0.0,0.0,0.0,0.0,0.0,0.0,0.0,45Q-2040-l,500Mt-CostDecrease,TN,missing,refined liquids_subpeak_steam/CT,missing,missing,missing,missing,missing,missing,missing,missing,EJ
3030,0.0,0.0,0.000335728,0.00439982,0.0117653,0.0148289,0.018097,0.012084,0.00658178,45Q-2040-l,500Mt-CostDecrease,TN,missing,rooftop_pv,missing,missing,missing,missing,missing,missing,missing,missing,EJ
3031,0.0,1.19001e-05,0.005949014,0.006120538,0.021847638,0.057836538,0.079243038,0.103014444,0.109155924,45Q-2040-l,500Mt-CostDecrease,TN,missing,wind_base,missing,missing,missing,missing,missing,missing,missing,missing,EJ
3032,0.0,0.0,0.000190251,0.00019501019,0.00062886219,0.00170126219,0.00235355919,0.0031150381899999,0.00327902219,45Q-2040-l,500Mt-CostDecrease,TN,missing,wind_base_storage,missing,missing,missing,missing,missing,missing,missing,missing,EJ
3033,0.0,0.0,0.00104399,0.001359069,0.003981539,0.007894639,0.009319879,0.012471289,0.013161359,45Q-2040-l,500Mt-CostDecrease,TX,missing,CSP_base_storage,missing,missing,missing,missing,missing,missing,missing,missing,EJ
3034,0.0,0.0,0.00278454,0.00533102,0.01611528,0.03488914,0.04573504,0.07823404,0.1135540999999999,45Q-2040-l,500Mt-CostDecrease,TX,missing,CSP_int,missing,missing,missing,missing,missing,missing,missing,missing,EJ
3035,0.0,0.0,0.0001650732,0.0002575272,0.0005404612,0.0008697752000000001,0.0010753772,0.0016100332,0.0024934999999999,45Q-2040-l,500Mt-CostDecrease,TX,missing,CSP_peak,missing,missing,missing,missing,missing,missing,missing,missing,EJ
3036,0.00046834,0.000420892,0.003132042,0.003527696,0.004792632,0.0062813679999999,0.0074800099999999,0.01446697,0.019702268,45Q-2040-l,500Mt-CostDecrease,TX,missing,CSP_subpeak,missing,missing,missing,missing,missing,missing,missing,missing,EJ
3037,0.0,0.0,0.000203629,0.000271271,0.000854865,0.001746798,0.0020768979999999,0.0028145669999999,0.003019695,45Q-2040-l,500Mt-CostDecrease,TX,missing,PV_base_storage,missing,missing,missing,missing,missing,missing,missing,missing,EJ
3038,0.0,0.0,0.0232104,0.0474239,0.1410307,0.2439277,0.2913291,0.3988161,0.4947547,45Q-2040-l,500Mt-CostDecrease,TX,missing,PV_int,missing,missing,missing,missing,missing,missing,missing,missing,EJ
3039,0.0,0.0,0.00137596,0.002255071,0.004710921,0.006515841,0.0074144089999999,0.0091827389999999,0.0110854389999999,45Q-2040-l,500Mt-CostDecrease,TX,missing,PV_peak,missing,missing,missing,missing,missing,missing,missing,missing,EJ
3040,0.0,0.0,0.00712743,0.01088955,0.02186915,0.03002868,0.03526728,0.0647707,0.07786415,45Q-2040-l,500Mt-CostDecrease,TX,missing,PV_subpeak,missing,missing,missing,missing,missing,missing,missing,missing,EJ
3041,0.0,0.0,0.000805362,0.00029137177,0.00261446262,0.00428481716,0.00184715574,0.0036399568,0.001932867712,45Q-2040-l,500Mt-CostDecrease,TX,missing,biogas_base_CC,missing,missing,missing,missing,missing,missing,missing,missing,EJ
3042,0.0,0.0,0.0,0.00015305,0.00184943102,0.00432339366,0.00215094016,0.0054944207599999,0.003275333918,45Q-2040-l,500Mt-CostDecrease,TX,missing,biogas_base_CC_CCS,missing,missing,missing,missing,missing,missing,missing,missing,EJ
3043,0.0,0.0,0.000785407,0.0004971314,0.0016466997,0.0031616513,0.0023199462,0.0074937566,0.0092805032,45Q-2040-l,500Mt-CostDecrease,TX,missing,biogas_int_CC,missing,missing,missing,missing,missing,missing,missing,missing,EJ
3044,0.0,0.0,0.0,0.000180109,0.0007590733800000001,0.0018980925,0.0016541425,0.0068769183,0.0112802432,45Q-2040-l,500Mt-CostDecrease,TX,missing,biogas_int_CC_CCS,missing,missing,missing,missing,missing,missing,missing,missing,EJ
3045,0.0,0.0,1.07016e-06,5.935481e-07,1.46903752e-06,1.8931834e-06,1.3452148000000002e-06,4.0307909e-06,7.5278972e-06,45Q-2040-l,500Mt-CostDecrease,TX,missing,biogas_peak_CC,missing,missing,missing,missing,missing,missing,missing,missing,EJ
3046,0.0,0.0,0.0,8.50426e-08,2.23045692e-07,3.0824684000000005e-07,2.4195049e-07,8.613804999999999e-07,1.7707071e-06,45Q-2040-l,500Mt-CostDecrease,TX,missing,biogas_peak_CC_CCS,missing,missing,missing,missing,missing,missing,missing,missing,EJ
3047,0.0,0.0,1.021433e-06,5.34504455e-07,1.293848827e-06,1.600076078e-06,1.03328336e-06,3.144868274e-06,5.929336708e-06,45Q-2040-l,500Mt-CostDecrease,TX,missing,biogas_peak_steam/CT,missing,missing,missing,missing,missing,missing,missing,missing,EJ
3048,0.0,0.0,1.68609e-05,1.113051e-05,2.960638e-05,3.8725769e-05,3.5349206e-05,0.000295982583,0.000210307438,45Q-2040-l,500Mt-CostDecrease,TX,missing,biogas_subpeak_CC,missing,missing,missing,missing,missing,missing,missing,missing,EJ
3049,0.0,0.0,0.0,2.19189e-06,6.5417084e-06,9.727414e-06,9.838724e-06,9.1123952e-05,0.000100855142,45Q-2040-l,500Mt-CostDecrease,TX,missing,biogas_subpeak_CC_CCS,missing,missing,missing,missing,missing,missing,missing,missing,EJ
3050,0.0,0.0,1.173303e-05,7.361139029999999e-06,1.944985601e-05,2.439568648e-05,2.04131321e-05,0.0001850979947,0.00011194731323999998,45Q-2040-l,500Mt-CostDecrease,TX,missing,biogas_subpeak_steam/CT,missing,missing,missing,missing,missing,missing,missing,missing,EJ
3051,0.0,0.0,0.000156817,0.0001008629,0.00045721328,0.00126380609,0.00146846006,0.0022938763699999,0.0013521454409999,45Q-2040-l,500Mt-CostDecrease,TX,missing,biomass_base_IGCC,missing,missing,missing,missing,missing,missing,missing,missing,EJ
3052,0.0,0.0,0.0,2.161247e-05,0.00037026389,0.00291759929,0.00427012125,0.02373711462,0.04667639842,45Q-2040-l,500Mt-CostDecrease,TX,missing,biomass_base_IGCC_CCS,missing,missing,missing,missing,missing,missing,missing,missing,EJ
3053,0.000407035,0.000376592,0.0003631569,0.000209235,0.0008134563,0.0019861745,0.0019391064,0.0027141073899999,0.0016176799369999,45Q-2040-l,500Mt-CostDecrease,TX,missing,biomass_base_conv,missing,missing,missing,missing,missing,missing,missing,missing,EJ
3054,0.0,0.0,0.0,2.44169e-05,0.0005397919,0.0075735899,0.0113202567,0.1937960569,0.5828098707,45Q-2040-l,500Mt-CostDecrease,TX,missing,biomass_base_conv_CCS,missing,missing,missing,missing,missing,missing,missing,missing,EJ
3055,0.0,0.0,5.29942e-05,6.297389e-05,0.00010590496,0.00021996198,0.00029043576,0.00060626855,0.0009887131599999998,45Q-2040-l,500Mt-CostDecrease,TX,missing,biomass_int_IGCC,missing,missing,missing,missing,missing,missing,missing,missing,EJ
3056,0.0,0.0,0.0,8.377770000000001e-06,3.864877e-05,0.0001348651,0.0002052722,0.0006298565600000001,0.00128640462,45Q-2040-l,500Mt-CostDecrease,TX,missing,biomass_int_IGCC_CCS,missing,missing,missing,missing,missing,missing,missing,missing,EJ
3057,0.000407035,0.000376592,0.000484527,0.0005468179,0.0004912303,0.0008696798,0.0009723817,0.0015658617,0.0020504006,45Q-2040-l,500Mt-CostDecrease,TX,missing,biomass_int_conv,missing,missing,missing,missing,missing,missing,missing,missing,EJ
3058,0.0,0.0,0.0,1.25861e-05,6.40611e-05,0.00026221130000000004,0.0004047484000000001,0.0014252931,0.0030469718999999,45Q-2040-l,500Mt-CostDecrease,TX,missing,biomass_int_conv_CCS,missing,missing,missing,missing,missing,missing,missing,missing,EJ
3059,0.0,0.0,0.0,0.001301612,0.008227126,0.0181411919999999,0.0221161469999999,0.029688237,0.024828455,45Q-2040-l,500Mt-CostDecrease,TX,missing,coal_base_IGCC_CCS,missing,missing,missing,missing,missing,missing,missing,missing,EJ
3060,0.3316956,0.4241821,0.0,0.0,0.0,0.0,0.0,0.0,0.0,45Q-2040-l,500Mt-CostDecrease,TX,missing,coal_base_conv pul,missing,missing,missing,missing,missing,missing,missing,missing,EJ
3061,0.0,0.0,0.174254,0.1739247,0.09935047,0.01310694,0.009706896,0.0002498319,6.329329e-06,45Q-2040-l,500Mt-CostDecrease,TX,missing,coal_base_conv pul 1976-1980,missing,missing,missing,missing,missing,missing,missing,missing,EJ
3062,0.0,0.0,0.07964265,0.07951371,0.0454757799999999,0.006031619,0.0045652639999999,0.0001257225,3.545982e-06,45Q-2040-l,500Mt-CostDecrease,TX,missing,coal_base_conv pul 1981-1985,missing,missing,missing,missing,missing,missing,missing,missing,EJ
3063,0.0,0.0,0.04208421,0.04204832,0.024131,0.003249654,0.00262579,9.265996e-05,5.098703e-06,45Q-2040-l,500Mt-CostDecrease,TX,missing,coal_base_conv pul 1986-1990,missing,missing,missing,missing,missing,missing,missing,missing,EJ
3064,0.0,0.0,0.01500293,0.01499033,0.008603195,0.001158824,0.0009372862,3.322251e-05,1.864009e-06,45Q-2040-l,500Mt-CostDecrease,TX,missing,coal_base_conv pul 1991-1995,missing,missing,missing,missing,missing,missing,missing,missing,EJ
3065,0.0,0.0,0.03825918,0.0382272399999999,0.02193968,0.002955483,0.002391496,8.492936e-05,4.805795e-06,45Q-2040-l,500Mt-CostDecrease,TX,missing,coal_base_conv pul 2006-2010,missing,missing,missing,missing,missing,missing,missing,missing,EJ
3066,0.0,0.0,0.04213582,0.0421005,0.0241627099999999,0.00325495,0.002633817,9.353527e-05,5.292864e-06,45Q-2040-l,500Mt-CostDecrease,TX,missing,coal_base_conv pul 2011-2015,missing,missing,missing,missing,missing,missing,missing,missing,EJ
3067,0.0,0.0,0.0,0.001633048,0.00958538,0.020208562,0.0243067309999999,0.031304135,0.0235318079999999,45Q-2040-l,500Mt-CostDecrease,TX,missing,coal_base_conv pul_CCS,missing,missing,missing,missing,missing,missing,missing,missing,EJ
3068,0.02918736,0.03732565,0.0,0.0,0.0,0.0,0.0,0.0,0.0,45Q-2040-l,500Mt-CostDecrease,TX,missing,coal_base_conv pul_retire_2020,missing,missing,missing,missing,missing,missing,missing,missing,EJ
3069,0.0,0.0,0.0,0.0002342218,0.0006754122,0.0014795324,0.0019783565,0.0037879084,0.0059886456,45Q-2040-l,500Mt-CostDecrease,TX,missing,coal_int_IGCC_CCS,missing,missing,missing,missing,missing,missing,missing,missing,EJ
3070,0.09734627,0.1060456,0.0,0.0,0.0,0.0,0.0,0.0,0.0,45Q-2040-l,500Mt-CostDecrease,TX,missing,coal_int_conv pul,missing,missing,missing,missing,missing,missing,missing,missing,EJ
3071,0.0,0.0,0.02572197,0.02569143,0.01878451,0.004153329,0.004375061,0.0012390399999999,0.0003499571,45Q-2040-l,500Mt-CostDecrease,TX,missing,coal_int_conv pul 1976-1980,missing,missing,missing,missing,missing,missing,missing,missing,EJ
3072,0.0,0.0,0.01175621,0.01174546,0.008598273,0.0019112999999999,0.002057641,0.0006235208000000001,0.0001960625,45Q-2040-l,500Mt-CostDecrease,TX,missing,coal_int_conv pul 1981-1985,missing,missing,missing,missing,missing,missing,missing,missing,EJ
3073,0.0,0.0,0.00621213,0.006211217,0.004562533,0.0010297489,0.001183485,0.0004595472,0.0002819145,45Q-2040-l,500Mt-CostDecrease,TX,missing,coal_int_conv pul 1986-1990,missing,missing,missing,missing,missing,missing,missing,missing,EJ
3074,0.0,0.0,0.002214618,0.002214311,0.0016266339999999,0.0003672073,0.0004224499,0.0001647674,0.00010306369,45Q-2040-l,500Mt-CostDecrease,TX,missing,coal_int_conv pul 1991-1995,missing,missing,missing,missing,missing,missing,missing,missing,EJ
3075,0.0,0.0,0.005647519,0.005646768,0.004148215,0.0009365357,0.001077887,0.0004212077,0.0002657191,45Q-2040-l,500Mt-CostDecrease,TX,missing,coal_int_conv pul 2006-2010,missing,missing,missing,missing,missing,missing,missing,missing,EJ
3076,0.0,0.0,0.00621975,0.006218937,0.004568523,0.0010314299999999,0.001187104,0.0004638892,0.0002926499,45Q-2040-l,500Mt-CostDecrease,TX,missing,coal_int_conv pul 2011-2015,missing,missing,missing,missing,missing,missing,missing,missing,EJ
3077,0.0,0.0,0.0,0.0003034629,0.0008291918,0.0017246374,0.002254603,0.0040902073,0.0062542249,45Q-2040-l,500Mt-CostDecrease,TX,missing,coal_int_conv pul_CCS,missing,missing,missing,missing,missing,missing,missing,missing,EJ
3078,0.008565941,0.009331432,0.0,0.0,0.0,0.0,0.0,0.0,0.0,45Q-2040-l,500Mt-CostDecrease,TX,missing,coal_int_conv pul_retire_2020,missing,missing,missing,missing,missing,missing,missing,missing,EJ
3079,0.0005534601,0.0,0.0,0.0,0.0,0.0,0.0,0.0,0.0,45Q-2040-l,500Mt-CostDecrease,TX,missing,coal_peak_conv pul,missing,missing,missing,missing,missing,missing,missing,missing,EJ
3080,4.870133e-05,0.0,0.0,0.0,0.0,0.0,0.0,0.0,0.0,45Q-2040-l,500Mt-CostDecrease,TX,missing,coal_peak_conv pul_retire_2020,missing,missing,missing,missing,missing,missing,missing,missing,EJ
3081,0.003925902,0.0,0.0,0.0,0.0,0.0,0.0,0.0,0.0,45Q-2040-l,500Mt-CostDecrease,TX,missing,coal_subpeak_conv pul,missing,missing,missing,missing,missing,missing,missing,missing,EJ
3082,0.000345458,0.0,0.0,0.0,0.0,0.0,0.0,0.0,0.0,45Q-2040-l,500Mt-CostDecrease,TX,missing,coal_subpeak_conv pul_retire_2020,missing,missing,missing,missing,missing,missing,missing,missing,EJ
3083,0.13976153,0.24806921,0.3486415,0.346463304,0.3515466519999999,0.2904373630000001,0.264749643,0.0737662450999999,0.0145992513499999,45Q-2040-l,500Mt-CostDecrease,TX,missing,gas_base_CC,missing,missing,missing,missing,missing,missing,missing,missing,EJ
3084,0.0,0.0,0.0,0.005257388,0.043479267,0.096972629,0.11778015,0.1587662092,0.1200825768999999,45Q-2040-l,500Mt-CostDecrease,TX,missing,gas_base_CC_CCS,missing,missing,missing,missing,missing,missing,missing,missing,EJ
3085,0.19027779,0.3377326,0.41925254,0.406341845,0.36435514,0.3001063099999999,0.2802080939999999,0.252163666,0.234469067,45Q-2040-l,500Mt-CostDecrease,TX,missing,gas_int_CC,missing,missing,missing,missing,missing,missing,missing,missing,EJ
3086,0.0,0.0,0.0,0.0028977643,0.0089729115,0.0189028071,0.0249096730999999,0.0456148167,0.0698079942,45Q-2040-l,500Mt-CostDecrease,TX,missing,gas_int_CC_CCS,missing,missing,missing,missing,missing,missing,missing,missing,EJ
3087,0.0022480229,0.0051385652,0.0044396275249999,0.0040396147417999,0.0032681489276,0.0022595344566,0.0018624073485,0.0012264947478,0.0007648497563000001,45Q-2040-l,500Mt-CostDecrease,TX,missing,gas_peak_CC,missing,missing,missing,missing,missing,missing,missing,missing,EJ
3088,0.0,0.0,0.0,2.6088508000000005e-07,6.857861200000001e-07,1.21133382e-06,1.55665553e-06,2.65704108e-06,4.836761060000001e-06,45Q-2040-l,500Mt-CostDecrease,TX,missing,gas_peak_CC_CCS,missing,missing,missing,missing,missing,missing,missing,missing,EJ
3089,0.001665368,0.0018074519999999,0.00227225357,0.001962143224,0.0008376078690000002,0.00031076578590000004,0.0002944070792,0.00015429719400000003,8.522419730000001e-05,45Q-2040-l,500Mt-CostDecrease,TX,missing,gas_peak_steam/CT,missing,missing,missing,missing,missing,missing,missing,missing,EJ
3090,0.015837197,0.036201181,0.01616078529,0.01484155395,0.0124176968,0.0091820545,0.00772606575,0.0063070519599999,0.0048168769999999,45Q-2040-l,500Mt-CostDecrease,TX,missing,gas_subpeak_CC,missing,missing,missing,missing,missing,missing,missing,missing,EJ
3091,0.0,0.0,0.0,1.0298539e-05,2.8396887000000004e-05,5.0454284e-05,6.914138699999999e-05,0.000246476466,0.000356380889,45Q-2040-l,500Mt-CostDecrease,TX,missing,gas_subpeak_CC_CCS,missing,missing,missing,missing,missing,missing,missing,missing,EJ
3092,0.01173252,0.01273353,0.008484764,0.0075218019399999,0.00373195139,0.0016008676899999,0.00157511194,0.00136319346,0.0008705238300000002,45Q-2040-l,500Mt-CostDecrease,TX,missing,gas_subpeak_steam/CT,missing,missing,missing,missing,missing,missing,missing,missing,EJ
3093,0.006087,0.0048992,0.0041039,0.0040976,0.0040931,0.0040937,0.0040845,0.0040503,0.0040548,45Q-2040-l,500Mt-CostDecrease,TX,missing,hydro_base,missing,missing,missing,missing,missing,missing,missing,missing,EJ
3094,0.0605242,0.142692,0.147547,0.147549,0.147551,0.147551,0.147551,0.147547,0.0337561,45Q-2040-l,500Mt-CostDecrease,TX,missing,nuc_base_Gen II,missing,missing,missing,missing,missing,missing,missing,missing,EJ
3095,0.0,0.0,0.0,0.0,0.0280807,0.0712837,0.0874417999999999,0.1239586,0.1444001,45Q-2040-l,500Mt-CostDecrease,TX,missing,nuc_base_Gen III,missing,missing,missing,missing,missing,missing,missing,missing,EJ
3096,0.0002026179,0.0006556859999999999,2.0948e-05,3.67978e-05,2.93604e-05,2.1398800000000003e-05,1.566141e-05,1.296365e-06,7.15601e-08,45Q-2040-l,500Mt-CostDecrease,TX,missing,refined liquids_base_steam/CT,missing,missing,missing,missing,missing,missing,missing,missing,EJ
3097,0.001621039,0.00524538,0.0,0.0,0.0,0.0,0.0,0.0,0.0,45Q-2040-l,500Mt-CostDecrease,TX,missing,refined liquids_int_steam/CT,missing,missing,missing,missing,missing,missing,missing,missing,EJ
3098,0.0002026178,0.0006556859999999999,0.0,0.0,0.0,0.0,0.0,0.0,0.0,45Q-2040-l,500Mt-CostDecrease,TX,missing,refined liquids_subpeak_steam/CT,missing,missing,missing,missing,missing,missing,missing,missing,EJ
3099,0.0,0.0,0.00170284,0.0207448,0.0401402,0.0467815,0.0605078,0.0464234,0.0255923,45Q-2040-l,500Mt-CostDecrease,TX,missing,rooftop_pv,missing,missing,missing,missing,missing,missing,missing,missing,EJ
3100,0.0,0.015314,0.1429631,0.1689011,0.3276031,0.4926241,0.552923,0.6225216,0.6859719,45Q-2040-l,500Mt-CostDecrease,TX,missing,wind_base,missing,missing,missing,missing,missing,missing,missing,missing,EJ
3101,0.0,0.0,0.0,0.0011147,0.0175182,0.0409672,0.051029,0.0793214,0.0972189999999999,45Q-2040-l,500Mt-CostDecrease,TX,missing,wind_base_offshore,missing,missing,missing,missing,missing,missing,missing,missing,EJ
3102,0.0,0.0,0.000900333,0.001339229,0.004334459,0.008610889,0.010163239,0.013693609,0.014762906,45Q-2040-l,500Mt-CostDecrease,TX,missing,wind_base_storage,missing,missing,missing,missing,missing,missing,missing,missing,EJ
3103,0.0,0.0,0.0408373,0.0408373,0.0408373,0.0408373,0.0408373,0.0,0.0,45Q-2040-l,500Mt-CostDecrease,TX,missing,wind_int,missing,missing,missing,missing,missing,missing,missing,missing,EJ
3104,0.0,0.0,0.0245024,0.0245024,0.0245024,0.0245024,0.0245024,0.0,0.0,45Q-2040-l,500Mt-CostDecrease,TX,missing,wind_subpeak,missing,missing,missing,missing,missing,missing,missing,missing,EJ
3105,0.0,0.0,0.000127732,0.000254484,0.0005632600000000001,0.000927675,0.001136252,0.001444401,0.0014663039999999,45Q-2040-l,500Mt-CostDecrease,UT,missing,CSP_base_storage,missing,missing,missing,missing,missing,missing,missing,missing,EJ
3106,0.0,0.0,0.00684144,0.01098172,0.0204625,0.0393265,0.0495990599999999,0.06465976,0.0862125199999999,45Q-2040-l,500Mt-CostDecrease,UT,missing,CSP_int,missing,missing,missing,missing,missing,missing,missing,missing,EJ
3107,0.0,0.0,3.54262e-05,5.57792e-05,0.0001082574,0.00017539940000000002,0.0002189712,0.0002762396,0.00038821860000000006,45Q-2040-l,500Mt-CostDecrease,UT,missing,CSP_peak,missing,missing,missing,missing,missing,missing,missing,missing,EJ
3108,0.000104102,9.3601e-05,0.00077824,0.0009226924,0.0012859744,0.0017755064,0.0021163664,0.0024897664,0.0033238464,45Q-2040-l,500Mt-CostDecrease,UT,missing,CSP_subpeak,missing,missing,missing,missing,missing,missing,missing,missing,EJ
3109,0.0,0.0,2.12709e-05,4.41997e-05,0.000102108,0.00017211640000000002,0.000212834,0.00027363340000000004,0.00028209719999999994,45Q-2040-l,500Mt-CostDecrease,UT,missing,PV_base_storage,missing,missing,missing,missing,missing,missing,missing,missing,EJ
3110,0.0,0.0,0.0409064,0.0661116,0.1110108,0.1650443,0.1901305,0.2218805,0.2386046,45Q-2040-l,500Mt-CostDecrease,UT,missing,PV_int,missing,missing,missing,missing,missing,missing,missing,missing,EJ
3111,0.0,0.0,0.000211821,0.000335726,0.0005842530000000001,0.0007765720000000001,0.0008829770000000001,0.001003706,0.001091067,45Q-2040-l,500Mt-CostDecrease,UT,missing,PV_peak,missing,missing,missing,missing,missing,missing,missing,missing,EJ
3112,0.0,0.0,0.001475431,0.002354827,0.004075267,0.005477467,0.006309868,0.008119987,0.008937767,45Q-2040-l,500Mt-CostDecrease,UT,missing,PV_subpeak,missing,missing,missing,missing,missing,missing,missing,missing,EJ
3113,0.0,0.0,6.68671e-05,7.768412699999999e-05,0.000204913831,0.000262889261,0.00016576109600000002,0.000234873085,0.0001108975389,45Q-2040-l,500Mt-CostDecrease,UT,missing,biogas_base_CC,missing,missing,missing,missing,missing,missing,missing,missing,EJ
3114,0.0,0.0,0.0,4.14511e-05,0.000144530469,0.00025839448,0.000176827063,0.000333315717,0.00017690162420000002,45Q-2040-l,500Mt-CostDecrease,UT,missing,biogas_base_CC_CCS,missing,missing,missing,missing,missing,missing,missing,missing,EJ
3115,0.0,0.0,0.00132274,0.0006029922,0.0011448585999999,0.0025677356999999,0.0019343436,0.0028229517,0.0042185888,45Q-2040-l,500Mt-CostDecrease,UT,missing,biogas_int_CC,missing,missing,missing,missing,missing,missing,missing,missing,EJ
3116,0.0,0.0,0.0,0.000212929,0.00051239155,0.0014885144,0.001312101,0.0026996536,0.0047136963,45Q-2040-l,500Mt-CostDecrease,UT,missing,biogas_int_CC_CCS,missing,missing,missing,missing,missing,missing,missing,missing,EJ
3117,0.0,0.0,1.75104e-07,1.0380953e-07,2.2821239e-07,3.262480100000001e-07,2.3374548e-07,3.1487298e-07,6.8276768e-07,45Q-2040-l,500Mt-CostDecrease,UT,missing,biogas_peak_CC,missing,missing,missing,missing,missing,missing,missing,missing,EJ
3118,0.0,0.0,0.0,1.51289e-08,3.5252405e-08,5.4245753e-08,4.270537e-08,7.343584e-08,1.5717691e-07,45Q-2040-l,500Mt-CostDecrease,UT,missing,biogas_peak_CC_CCS,missing,missing,missing,missing,missing,missing,missing,missing,EJ
3119,0.0,0.0,1.629415e-07,9.03295e-08,1.939003e-07,2.63333759e-07,1.69068803e-07,2.2437970300000006e-07,5.27836954e-07,45Q-2040-l,500Mt-CostDecrease,UT,missing,biogas_peak_steam/CT,missing,missing,missing,missing,missing,missing,missing,missing,EJ
3120,0.0,0.0,4.25749e-06,3.0883e-06,6.8632382e-06,1.0440894e-05,8.295275e-06,2.0470526e-05,2.2265604e-05,45Q-2040-l,500Mt-CostDecrease,UT,missing,biogas_subpeak_CC,missing,missing,missing,missing,missing,missing,missing,missing,EJ
3121,0.0,0.0,0.0,6.21978e-07,1.5501596e-06,2.6903728e-06,2.3949208e-06,7.078797999999999e-06,9.494135e-06,45Q-2040-l,500Mt-CostDecrease,UT,missing,biogas_subpeak_CC_CCS,missing,missing,missing,missing,missing,missing,missing,missing,EJ
3122,0.0,0.0,2.88191e-06,1.9703305e-06,4.331201366e-06,6.20805533e-06,4.32162976e-06,1.1583490729999998e-05,1.214156957e-05,45Q-2040-l,500Mt-CostDecrease,UT,missing,biogas_subpeak_steam/CT,missing,missing,missing,missing,missing,missing,missing,missing,EJ
3123,0.0,0.0,1.879681e-05,2.730596e-05,5.742963e-05,0.00011445704,0.00014196475,0.0001865966,9.5556315e-05,45Q-2040-l,500Mt-CostDecrease,UT,missing,biomass_base_IGCC,missing,missing,missing,missing,missing,missing,missing,missing,EJ
3124,0.0,0.0,0.0,7.70329e-06,4.258568e-05,0.00023679143,0.00039600002,0.00186564859,0.00335222306,45Q-2040-l,500Mt-CostDecrease,UT,missing,biomass_base_IGCC_CCS,missing,missing,missing,missing,missing,missing,missing,missing,EJ
3125,0.0,0.000107302,5.67908e-05,6.423819e-05,0.00010572228,0.00017767235,0.00018834406,0.000223889699,0.0001152648008,45Q-2040-l,500Mt-CostDecrease,UT,missing,biomass_base_conv,missing,missing,missing,missing,missing,missing,missing,missing,EJ
3126,0.0,0.0,0.0,8.79978e-06,6.057834e-05,0.00058924263,0.00102354527,0.01372292874,0.03558784242,45Q-2040-l,500Mt-CostDecrease,UT,missing,biomass_base_conv_CCS,missing,missing,missing,missing,missing,missing,missing,missing,EJ
3127,0.0,0.0,3.5457e-05,4.617413e-05,6.952596e-05,0.00013835763,0.0001814875,0.00026162337,0.0004267822200000001,45Q-2040-l,500Mt-CostDecrease,UT,missing,biomass_int_IGCC,missing,missing,missing,missing,missing,missing,missing,missing,EJ
3128,0.0,0.0,0.0,5.76814e-06,2.018398e-05,7.875462e-05,0.00012045752,0.00023180479,0.00050841815,45Q-2040-l,500Mt-CostDecrease,UT,missing,biomass_int_IGCC_CCS,missing,missing,missing,missing,missing,missing,missing,missing,EJ
3129,0.0,0.0001073004,0.00016730690000000002,0.000195911,0.000236924,0.0004049530999999999,0.000477463,0.0006119903000000001,0.000877248,45Q-2040-l,500Mt-CostDecrease,UT,missing,biomass_int_conv,missing,missing,missing,missing,missing,missing,missing,missing,EJ
3130,0.0,0.0,0.0,8.76506e-06,3.353344e-05,0.00015503248,0.00024011038,0.00050903177,0.00119474787,45Q-2040-l,500Mt-CostDecrease,UT,missing,biomass_int_conv_CCS,missing,missing,missing,missing,missing,missing,missing,missing,EJ
3131,0.0,0.0,0.0,0.000362251,0.000928853,0.001564991,0.001966726,0.0023342719999999,0.0014880445,45Q-2040-l,500Mt-CostDecrease,UT,missing,coal_base_IGCC_CCS,missing,missing,missing,missing,missing,missing,missing,missing,EJ
3132,0.0342512,0.0407382,0.0,0.0,0.0,0.0,0.0,0.0,0.0,45Q-2040-l,500Mt-CostDecrease,UT,missing,coal_base_conv pul,missing,missing,missing,missing,missing,missing,missing,missing,EJ
3133,0.0,0.0,0.00220564,0.00220247,0.00121773,0.000102664,8.00764e-05,2.86738e-06,1.18458e-07,45Q-2040-l,500Mt-CostDecrease,UT,missing,coal_base_conv pul 1971-1975,missing,missing,missing,missing,missing,missing,missing,missing,EJ
3134,0.0,0.0,0.00642992,0.0064233,0.00355783,0.000302375,0.000244158,9.97095e-06,5.76853e-07,45Q-2040-l,500Mt-CostDecrease,UT,missing,coal_base_conv pul 1976-1980,missing,missing,missing,missing,missing,missing,missing,missing,EJ
3135,0.0,0.0,0.00244659,0.00244437,0.00135466,0.000115413,9.42051e-05,4.02793e-06,2.75041e-07,45Q-2040-l,500Mt-CostDecrease,UT,missing,coal_base_conv pul 1981-1985,missing,missing,missing,missing,missing,missing,missing,missing,EJ
3136,0.0,0.0,0.00986582,0.00922045,0.00396342,0.000168476,0.0,0.0,0.0,45Q-2040-l,500Mt-CostDecrease,UT,missing,coal_base_conv pul 1986-1990,missing,missing,missing,missing,missing,missing,missing,missing,EJ
3137,0.0,0.0,0.000341959,0.000341665,0.000189391,1.61514e-05,1.32416e-05,5.77296e-07,4.2797e-08,45Q-2040-l,500Mt-CostDecrease,UT,missing,coal_base_conv pul 1991-1995,missing,missing,missing,missing,missing,missing,missing,missing,EJ
3138,0.0,0.0,0.0,0.000440202,0.00107372,0.001734819,0.0021384729999999,0.002378064,0.0013046846,45Q-2040-l,500Mt-CostDecrease,UT,missing,coal_base_conv pul_CCS,missing,missing,missing,missing,missing,missing,missing,missing,EJ
3139,0.00703344,0.00836555,0.0,0.0,0.0,0.0,0.0,0.0,0.0,45Q-2040-l,500Mt-CostDecrease,UT,missing,coal_base_conv pul_retire_2020,missing,missing,missing,missing,missing,missing,missing,missing,EJ
3140,0.0,0.0,0.0,0.000253143,0.000572149,0.001234666,0.00160368,0.002164031,0.0032157699999999,45Q-2040-l,500Mt-CostDecrease,UT,missing,coal_int_IGCC_CCS,missing,missing,missing,missing,missing,missing,missing,missing,EJ
3141,0.0507382,0.0734219,0.0,0.0,0.0,0.0,0.0,0.0,0.0,45Q-2040-l,500Mt-CostDecrease,UT,missing,coal_int_conv pul,missing,missing,missing,missing,missing,missing,missing,missing,EJ
3142,0.0,0.0,0.00772706,0.00772173,0.00674832,0.00277018,0.00252542,0.000596955,0.000190003,45Q-2040-l,500Mt-CostDecrease,UT,missing,coal_int_conv pul 1971-1975,missing,missing,missing,missing,missing,missing,missing,missing,EJ
3143,0.0,0.0,0.0225261,0.0225197,0.0197165,0.00815899,0.00770016,0.00207583,0.000925258,45Q-2040-l,500Mt-CostDecrease,UT,missing,coal_int_conv pul 1976-1980,missing,missing,missing,missing,missing,missing,missing,missing,EJ
3144,0.0,0.0,0.0085712,0.0085698,0.00750717,0.00311418,0.00297101,0.000838568,0.000441159,45Q-2040-l,500Mt-CostDecrease,UT,missing,coal_int_conv pul 1981-1985,missing,missing,missing,missing,missing,missing,missing,missing,EJ
3145,0.0,0.0,0.0345631,0.0323263,0.0219642,0.00454598,0.0,0.0,0.0,45Q-2040-l,500Mt-CostDecrease,UT,missing,coal_int_conv pul 1986-1990,missing,missing,missing,missing,missing,missing,missing,missing,EJ
3146,0.0,0.0,0.00119799,0.00119785,0.00104955,0.000435813,0.00041761,0.000120186,6.86453e-05,45Q-2040-l,500Mt-CostDecrease,UT,missing,coal_int_conv pul 1991-1995,missing,missing,missing,missing,missing,missing,missing,missing,EJ
3147,0.0,0.0,0.0,0.000323246,0.0006988910000000001,0.0014297999999999,0.001818436,0.0023819199999999,0.003408891,45Q-2040-l,500Mt-CostDecrease,UT,missing,coal_int_conv pul_CCS,missing,missing,missing,missing,missing,missing,missing,missing,EJ
3148,0.010419,0.0150771,0.0,0.0,0.0,0.0,0.0,0.0,0.0,45Q-2040-l,500Mt-CostDecrease,UT,missing,coal_int_conv pul_retire_2020,missing,missing,missing,missing,missing,missing,missing,missing,EJ
3149,0.00137017,0.0,0.0,0.0,0.0,0.0,0.0,0.0,0.0,45Q-2040-l,500Mt-CostDecrease,UT,missing,coal_peak_conv pul,missing,missing,missing,missing,missing,missing,missing,missing,EJ
3150,0.000281363,0.0,0.0,0.0,0.0,0.0,0.0,0.0,0.0,45Q-2040-l,500Mt-CostDecrease,UT,missing,coal_peak_conv pul_retire_2020,missing,missing,missing,missing,missing,missing,missing,missing,EJ
3151,0.0096208,0.0,0.0,0.0,0.0,0.0,0.0,0.0,0.0,45Q-2040-l,500Mt-CostDecrease,UT,missing,coal_subpeak_conv pul,missing,missing,missing,missing,missing,missing,missing,missing,EJ
3152,0.00197562,0.0,0.0,0.0,0.0,0.0,0.0,0.0,0.0,45Q-2040-l,500Mt-CostDecrease,UT,missing,coal_subpeak_conv pul_retire_2020,missing,missing,missing,missing,missing,missing,missing,missing,EJ
3153,0.0,0.0,0.00626589,0.00854189,0.009923691,0.0073669169999999,0.007099083,0.0021498815,0.00058589317,45Q-2040-l,500Mt-CostDecrease,UT,missing,gas_base_CC,missing,missing,missing,missing,missing,missing,missing,missing,EJ
3154,0.0,0.0,0.0,0.0008650839999999999,0.002837387,0.004968672,0.00622317,0.006778339,0.0029959731,45Q-2040-l,500Mt-CostDecrease,UT,missing,gas_base_CC_CCS,missing,missing,missing,missing,missing,missing,missing,missing,EJ
3155,0.0002077063,0.00394221,0.0409328699999999,0.04888322,0.05575813,0.06293959,0.0666672099999999,0.06487313,0.06803169,45Q-2040-l,500Mt-CostDecrease,UT,missing,gas_int_CC,missing,missing,missing,missing,missing,missing,missing,missing,EJ
3156,0.0,0.0,0.0,0.001807945,0.005017798,0.011146419,0.0144553929999999,0.0193095529999999,0.0280755529999999,45Q-2040-l,500Mt-CostDecrease,UT,missing,gas_int_CC_CCS,missing,missing,missing,missing,missing,missing,missing,missing,EJ
3157,5.69976e-06,0.000138804,0.00032456846900000004,0.000294822294,0.000237050283,0.00016966515300000004,0.000132850943,7.3591378e-05,4.188944270000001e-05,45Q-2040-l,500Mt-CostDecrease,UT,missing,gas_peak_CC,missing,missing,missing,missing,missing,missing,missing,missing,EJ
3158,0.0,0.0,0.0,4.184310000000001e-08,1.007432e-07,1.813234e-07,2.3269960000000002e-07,3.038513e-07,4.819847999999999e-07,45Q-2040-l,500Mt-CostDecrease,UT,missing,gas_peak_CC_CCS,missing,missing,missing,missing,missing,missing,missing,missing,EJ
3159,4.19983e-06,4.88014e-05,0.00015040428,0.00012818408,5.7567229e-05,2.5418757e-05,1.9951734e-05,7.241837399999999e-06,4.1025971e-06,45Q-2040-l,500Mt-CostDecrease,UT,missing,gas_peak_steam/CT,missing,missing,missing,missing,missing,missing,missing,missing,EJ
3160,3.97008e-05,0.00096991,0.0017805123999999,0.00164438901,0.00139018729,0.0010838139899999,0.00088887101,0.0006008151699999998,0.0004239454000000001,45Q-2040-l,500Mt-CostDecrease,UT,missing,gas_subpeak_CC,missing,missing,missing,missing,missing,missing,missing,missing,EJ
3161,0.0,0.0,0.0,2.57396e-06,6.278733e-06,1.1476931e-05,1.5057056e-05,2.5195182000000003e-05,3.6169842e-05,45Q-2040-l,500Mt-CostDecrease,UT,missing,gas_subpeak_CC_CCS,missing,missing,missing,missing,missing,missing,missing,missing,EJ
3162,2.94006e-05,0.000341203,0.0008993376,0.0007939061,0.0004310927,0.00022915909,0.00019198482,0.00010229847999999998,7.071561999999999e-05,45Q-2040-l,500Mt-CostDecrease,UT,missing,gas_subpeak_steam/CT,missing,missing,missing,missing,missing,missing,missing,missing,EJ
3163,0.000566936,0.000759814,0.002513461,0.003001781,0.003995191,0.00539247,0.006326027,0.006115442,0.006084215,45Q-2040-l,500Mt-CostDecrease,UT,missing,geo_base,missing,missing,missing,missing,missing,missing,missing,missing,EJ
3164,0.0013012,0.0028842,0.0032985,0.0032935,0.0032899,0.0032903,0.003283,0.0032554,0.0032591,45Q-2040-l,500Mt-CostDecrease,UT,missing,hydro_base,missing,missing,missing,missing,missing,missing,missing,missing,EJ
3165,0.0004244,0.0,0.0,0.0,0.0,0.0,0.0,0.0,0.0,45Q-2040-l,500Mt-CostDecrease,UT,missing,hydro_int,missing,missing,missing,missing,missing,missing,missing,missing,EJ
3166,0.0,0.0,7.170288e-06,8.55567e-06,3.820943e-06,1.663027e-06,1.226452e-06,1.226754e-07,8.8935e-09,45Q-2040-l,500Mt-CostDecrease,UT,missing,refined liquids_base_steam/CT,missing,missing,missing,missing,missing,missing,missing,missing,EJ
3167,0.0001367043,0.0001284004,0.0,0.0,0.0,0.0,0.0,0.0,0.0,45Q-2040-l,500Mt-CostDecrease,UT,missing,refined liquids_int_steam/CT,missing,missing,missing,missing,missing,missing,missing,missing,EJ
3168,0.0,0.0,0.0,0.0,0.0,0.0,0.0,0.0,0.0,45Q-2040-l,500Mt-CostDecrease,UT,missing,refined liquids_peak_steam/CT,missing,missing,missing,missing,missing,missing,missing,missing,EJ
3169,3.4200670000000004e-05,3.210028e-05,0.0,0.0,0.0,0.0,0.0,0.0,0.0,45Q-2040-l,500Mt-CostDecrease,UT,missing,refined liquids_subpeak_steam/CT,missing,missing,missing,missing,missing,missing,missing,missing,EJ
3170,0.0,0.0,0.000149093,0.00113192,0.00183768,0.00296845,0.00413867,0.00320754,0.00188954,45Q-2040-l,500Mt-CostDecrease,UT,missing,rooftop_pv,missing,missing,missing,missing,missing,missing,missing,missing,EJ
3171,0.0,0.0,0.00512537,0.0113006499999999,0.0259013499999999,0.04196015,0.05125479,0.06329323,0.06816461,45Q-2040-l,500Mt-CostDecrease,UT,missing,wind_base,missing,missing,missing,missing,missing,missing,missing,missing,EJ
3172,0.0,0.0,6.57705e-05,0.0001956255,0.0005106005,0.0008844195,0.0011015805,0.0014254975,0.001519733,45Q-2040-l,500Mt-CostDecrease,UT,missing,wind_base_storage,missing,missing,missing,missing,missing,missing,missing,missing,EJ
3173,0.0,0.0,5.47631e-08,1.258892e-07,4.353962e-07,9.196782e-07,1.2039462e-06,1.5089522e-06,1.6712981e-06,45Q-2040-l,500Mt-CostDecrease,VT,missing,PV_base_storage,missing,missing,missing,missing,missing,missing,missing,missing,EJ
3174,0.0,0.0,0.000547755,0.001126368,0.002144068,0.00306516,0.003748004,0.004795874,0.004955151,45Q-2040-l,500Mt-CostDecrease,VT,missing,PV_int,missing,missing,missing,missing,missing,missing,missing,missing,EJ
3175,0.0,0.0,1.1876e-08,2.35012e-08,4.41679e-08,5.96564e-08,6.896661e-08,8.780411e-08,9.455051000000001e-08,45Q-2040-l,500Mt-CostDecrease,VT,missing,PV_peak,missing,missing,missing,missing,missing,missing,missing,missing,EJ
3176,0.0,0.0,0.0002397598,0.00025127,0.0002674552,0.0002800819,0.00028814788,8.818518e-05,8.813888e-05,45Q-2040-l,500Mt-CostDecrease,VT,missing,PV_subpeak,missing,missing,missing,missing,missing,missing,missing,missing,EJ
3177,0.0,0.0,3.05395e-07,4.2187040000000003e-07,1.89906091e-06,3.17127598e-06,2.1262814e-06,2.07132781e-06,1.410882254e-06,45Q-2040-l,500Mt-CostDecrease,VT,missing,biogas_base_CC,missing,missing,missing,missing,missing,missing,missing,missing,EJ
3178,0.0,0.0,0.0,2.19698e-07,1.28987412e-06,2.9285019e-06,2.1464441e-06,2.73681637e-06,2.0669839500000003e-06,45Q-2040-l,500Mt-CostDecrease,VT,missing,biogas_base_CC_CCS,missing,missing,missing,missing,missing,missing,missing,missing,EJ
3179,0.0,0.0,3.04898e-05,2.275098e-05,4.783511e-05,9.649125e-05,0.00013163989,0.00022031147,0.00023599706,45Q-2040-l,500Mt-CostDecrease,VT,missing,biogas_int_CC,missing,missing,missing,missing,missing,missing,missing,missing,EJ
3180,0.0,0.0,0.0,7.77376e-06,2.0594941e-05,5.167294e-05,7.786784e-05,0.00016584915,0.00021345078,45Q-2040-l,500Mt-CostDecrease,VT,missing,biogas_int_CC_CCS,missing,missing,missing,missing,missing,missing,missing,missing,EJ
3181,0.0,0.0,2.91251e-08,4.692127e-08,1.2062217e-07,1.9685001e-07,2.3293725e-07,6.6814277e-07,5.5353808e-07,45Q-2040-l,500Mt-CostDecrease,VT,missing,biogas_subpeak_CC,missing,missing,missing,missing,missing,missing,missing,missing,EJ
3182,0.0,0.0,0.0,9.66887e-09,2.761003e-08,5.125436e-08,6.685176e-08,2.2088779e-07,2.486448e-07,45Q-2040-l,500Mt-CostDecrease,VT,missing,biogas_subpeak_CC_CCS,missing,missing,missing,missing,missing,missing,missing,missing,EJ
3183,0.0,0.0,1.92746e-08,2.937732e-08,7.38454e-08,1.06265095e-07,9.4445385e-08,3.342213780000001e-07,1.78101781e-07,45Q-2040-l,500Mt-CostDecrease,VT,missing,biogas_subpeak_steam/CT,missing,missing,missing,missing,missing,missing,missing,missing,EJ
3184,0.0,0.0,1.601473e-05,2.35095e-05,5.00923e-05,9.4773e-05,0.00011686076999999998,0.00011781963,7.618459e-05,45Q-2040-l,500Mt-CostDecrease,VT,missing,biomass_base_IGCC,missing,missing,missing,missing,missing,missing,missing,missing,EJ
3185,0.0,0.0,0.0,4.51583e-06,2.81318e-05,0.00013807113,0.00020581983,0.00047893948,0.00074900828,45Q-2040-l,500Mt-CostDecrease,VT,missing,biomass_base_IGCC_CCS,missing,missing,missing,missing,missing,missing,missing,missing,EJ
3186,0.0001225026,0.000730006,0.000245671,0.0002964983,0.0003732568,0.0004322660000000001,0.000390606,0.00017904113,7.776665e-05,45Q-2040-l,500Mt-CostDecrease,VT,missing,biomass_base_conv,missing,missing,missing,missing,missing,missing,missing,missing,EJ
3187,0.0,0.0,0.0,4.97027e-06,3.787796e-05,0.00029319797,0.00044803397,0.001833643,0.00353517214,45Q-2040-l,500Mt-CostDecrease,VT,missing,biomass_base_conv_CCS,missing,missing,missing,missing,missing,missing,missing,missing,EJ
3188,0.0,0.0,1.442078e-05,1.874003e-05,2.49458e-05,3.529667e-05,4.503609e-05,6.204298e-05,7.361287e-05,45Q-2040-l,500Mt-CostDecrease,VT,missing,biomass_int_IGCC,missing,missing,missing,missing,missing,missing,missing,missing,EJ
3189,0.0,0.0,0.0,1.893925e-06,5.38065e-06,1.3582825e-05,2.1932135e-05,4.282720899999999e-05,5.960928600000001e-05,45Q-2040-l,500Mt-CostDecrease,VT,missing,biomass_int_IGCC_CCS,missing,missing,missing,missing,missing,missing,missing,missing,EJ
3190,0.0001225025,0.000730004,0.0006139009000000001,0.0006137626,0.0005851109,0.0006100604,0.0005590291,0.0004977757999999999,0.0004171249,45Q-2040-l,500Mt-CostDecrease,VT,missing,biomass_int_conv,missing,missing,missing,missing,missing,missing,missing,missing,EJ
3191,0.0,0.0,0.0,2.81202e-06,8.62839e-06,2.493418e-05,4.118948e-05,8.837623e-05,0.00012666539999999998,45Q-2040-l,500Mt-CostDecrease,VT,missing,biomass_int_conv_CCS,missing,missing,missing,missing,missing,missing,missing,missing,EJ
3192,0.0,0.0,0.0,8.861610000000001e-07,4.515713e-06,9.748325e-06,1.2872429000000002e-05,1.3104084e-05,9.934587e-06,45Q-2040-l,500Mt-CostDecrease,VT,missing,coal_base_IGCC_CCS,missing,missing,missing,missing,missing,missing,missing,missing,EJ
3193,0.0,0.0,0.0,9.73307e-07,4.696199e-06,9.695077000000002e-06,1.2501402e-05,1.1377354e-05,7.690446100000001e-06,45Q-2040-l,500Mt-CostDecrease,VT,missing,coal_base_conv pul_CCS,missing,missing,missing,missing,missing,missing,missing,missing,EJ
3194,0.0,0.0,0.0,5.63501e-06,1.7308099999999998e-05,3.625185e-05,5.509593e-05,8.805506999999999e-05,0.00011154243,45Q-2040-l,500Mt-CostDecrease,VT,missing,coal_int_IGCC_CCS,missing,missing,missing,missing,missing,missing,missing,missing,EJ
3195,0.0,0.0,0.0,6.8478e-06,2.000397e-05,4.017120999999999e-05,5.939918e-05,9.160664e-05,0.00011381538999999998,45Q-2040-l,500Mt-CostDecrease,VT,missing,coal_int_conv pul_CCS,missing,missing,missing,missing,missing,missing,missing,missing,EJ
3196,0.0,4.2000337e-06,1.13508317e-05,2.16628713e-05,4.52014179e-05,5.5998269e-05,6.212832060000001e-05,2.641595646e-05,1.1875497428e-05,45Q-2040-l,500Mt-CostDecrease,VT,missing,gas_base_CC,missing,missing,missing,missing,missing,missing,missing,missing,EJ
3197,0.0,0.0,0.0,3.50082e-06,1.817151e-05,3.9071348e-05,5.1234194e-05,5.4877543e-05,4.4582113e-05,45Q-2040-l,500Mt-CostDecrease,VT,missing,gas_base_CC_CCS,missing,missing,missing,missing,missing,missing,missing,missing,EJ
3198,0.0001950038,6.900042999999999e-06,0.0004870836503,0.0007968061432000001,0.0011905512133,0.0015577301068999,0.0019186031981999,0.0023035655547999,0.0025196064694,45Q-2040-l,500Mt-CostDecrease,VT,missing,gas_int_CC,missing,missing,missing,missing,missing,missing,missing,missing,EJ
3199,0.0,0.0,0.0,6.066478e-05,0.00018141329,0.00036220628,0.0005377934099999999,0.0008328458300000001,0.00103654733,45Q-2040-l,500Mt-CostDecrease,VT,missing,gas_int_CC_CCS,missing,missing,missing,missing,missing,missing,missing,missing,EJ
3200,0.0,1.0000667e-07,8.427675e-08,7.6099854e-08,6.222491699999999e-08,4.9392069e-08,4.0197667000000003e-08,2.714866e-08,1.7966439999999998e-08,45Q-2040-l,500Mt-CostDecrease,VT,missing,gas_peak_CC,missing,missing,missing,missing,missing,missing,missing,missing,EJ
3201,0.0,0.0,0.0,0.0,0.0,0.0,0.0,0.0,0.0,45Q-2040-l,500Mt-CostDecrease,VT,missing,gas_peak_steam/CT,missing,missing,missing,missing,missing,missing,missing,missing,EJ
3202,1.2400301e-05,7.000104000000001e-07,4.9691222e-07,7.1762039e-07,1.1807887299999998e-06,1.67094737e-06,2.10719144e-06,3.44394045e-06,3.87205885e-06,45Q-2040-l,500Mt-CostDecrease,VT,missing,gas_subpeak_CC,missing,missing,missing,missing,missing,missing,missing,missing,EJ
3203,0.0,0.0,0.0,2.806122e-08,9.777451e-08,1.9487467e-07,2.7674823e-07,5.8959939e-07,7.393124000000002e-07,45Q-2040-l,500Mt-CostDecrease,VT,missing,gas_subpeak_CC_CCS,missing,missing,missing,missing,missing,missing,missing,missing,EJ
3204,9.20022e-06,2.000032e-07,2.765445e-07,4.101379000000001e-07,5.846146e-07,7.170151e-07,9.4484697e-07,1.4236586199999996e-06,1.23251089e-06,45Q-2040-l,500Mt-CostDecrease,VT,missing,gas_subpeak_steam/CT,missing,missing,missing,missing,missing,missing,missing,missing,EJ
3205,0.0045748,0.0043738,0.0048894,0.0048819,0.0048766,0.0048773,0.0048664,0.0048255,0.0048309,45Q-2040-l,500Mt-CostDecrease,VT,missing,hydro_base,missing,missing,missing,missing,missing,missing,missing,missing,EJ
3206,0.0137998,0.0151965,0.0,0.0,0.0,0.0,0.0,0.0,0.0,45Q-2040-l,500Mt-CostDecrease,VT,missing,nuc_base_Gen II,missing,missing,missing,missing,missing,missing,missing,missing,EJ
3207,1.400031e-06,2.600023e-06,3.1371490000000003e-06,3.460907e-06,2.143334e-06,1.180056e-06,9.05692e-07,1.0499380000000001e-07,2.247591e-08,45Q-2040-l,500Mt-CostDecrease,VT,missing,refined liquids_base_steam/CT,missing,missing,missing,missing,missing,missing,missing,missing,EJ
3208,1.2300249999999998e-05,2.090016e-05,0.0,0.0,0.0,0.0,0.0,0.0,0.0,45Q-2040-l,500Mt-CostDecrease,VT,missing,refined liquids_int_steam/CT,missing,missing,missing,missing,missing,missing,missing,missing,EJ
3209,3.000031e-07,0.0,0.0,0.0,0.0,0.0,0.0,0.0,0.0,45Q-2040-l,500Mt-CostDecrease,VT,missing,refined liquids_peak_steam/CT,missing,missing,missing,missing,missing,missing,missing,missing,EJ
3210,1.700041e-06,2.6000400000000004e-06,0.0,0.0,0.0,0.0,0.0,0.0,0.0,45Q-2040-l,500Mt-CostDecrease,VT,missing,refined liquids_subpeak_steam/CT,missing,missing,missing,missing,missing,missing,missing,missing,EJ
3211,0.0,0.0,7.08687e-06,6.21361e-05,0.000181048,0.000332295,0.00044691,0.000366532,0.000277282,45Q-2040-l,500Mt-CostDecrease,VT,missing,rooftop_pv,missing,missing,missing,missing,missing,missing,missing,missing,EJ
3212,0.0,4.16003e-05,0.0012461063,0.0013371814,0.0016305614,0.0020904074,0.0023710154,0.0015298463999999,0.0017186041,45Q-2040-l,500Mt-CostDecrease,VT,missing,wind_base,missing,missing,missing,missing,missing,missing,missing,missing,EJ
3213,0.0,0.0,1.45668e-06,3.32504e-06,8.80736e-06,1.736983e-05,2.241676e-05,2.800635e-05,3.052818e-05,45Q-2040-l,500Mt-CostDecrease,VT,missing,wind_base_storage,missing,missing,missing,missing,missing,missing,missing,missing,EJ
3214,0.0,0.0,6.05316e-05,6.1339347e-05,0.000131005047,0.000311931047,0.000425802047,0.000573952047,0.000581006647,45Q-2040-l,500Mt-CostDecrease,VA,missing,PV_base_storage,missing,missing,missing,missing,missing,missing,missing,missing,EJ
3215,0.0,0.0,0.00456086,0.0075698699999999,0.01942717,0.03164377,0.03858273,0.05499573,0.0680761699999999,45Q-2040-l,500Mt-CostDecrease,VA,missing,PV_int,missing,missing,missing,missing,missing,missing,missing,missing,EJ
3216,0.0,0.0,0.000328299,0.000483066,0.000911664,0.001222161,0.001395409,0.001880652,0.002266542,45Q-2040-l,500Mt-CostDecrease,VA,missing,PV_peak,missing,missing,missing,missing,missing,missing,missing,missing,EJ
3217,0.0,0.0,0.00178821,0.002717673,0.005316103,0.007265153,0.008430023,0.012249763,0.014806763,45Q-2040-l,500Mt-CostDecrease,VA,missing,PV_subpeak,missing,missing,missing,missing,missing,missing,missing,missing,EJ
3218,0.0,0.0,0.000303942,7.90106e-06,0.0003929039930000001,0.001077552844,0.000777950353,0.0009017482059,0.00039172390385,45Q-2040-l,500Mt-CostDecrease,VA,missing,biogas_base_CC,missing,missing,missing,missing,missing,missing,missing,missing,EJ
3219,0.0,0.0,0.0,2.28664e-06,0.0002710959911,0.001053712978,0.000863980611,0.0013216777435,0.00063614874688,45Q-2040-l,500Mt-CostDecrease,VA,missing,biogas_base_CC_CCS,missing,missing,missing,missing,missing,missing,missing,missing,EJ
3220,0.0,0.0,0.000214224,9.432689e-05,0.00036534015,0.0007784376,0.0008321064,0.0019481346,0.0024750426,45Q-2040-l,500Mt-CostDecrease,VA,missing,biogas_int_CC,missing,missing,missing,missing,missing,missing,missing,missing,EJ
3221,0.0,0.0,0.0,3.25301e-05,0.00016665520999999998,0.00045862959,0.0005722017000000001,0.0017020239,0.0027451083,45Q-2040-l,500Mt-CostDecrease,VA,missing,biogas_int_CC_CCS,missing,missing,missing,missing,missing,missing,missing,missing,EJ
3222,0.0,0.0,3.82334e-07,1.673736e-07,4.8008617e-07,7.155457e-07,6.843305000000001e-07,1.8910954e-06,2.8883263e-06,45Q-2040-l,500Mt-CostDecrease,VA,missing,biogas_peak_CC,missing,missing,missing,missing,missing,missing,missing,missing,EJ
3223,0.0,0.0,0.0,2.35043e-08,7.321970700000001e-08,1.1797993e-07,1.282202e-07,4.0822267000000004e-07,7.3289853e-07,45Q-2040-l,500Mt-CostDecrease,VA,missing,biogas_peak_CC_CCS,missing,missing,missing,missing,missing,missing,missing,missing,EJ
3224,0.0,0.0,3.584123e-07,1.4344897e-07,4.10023328e-07,5.61867986e-07,4.3016904900000004e-07,1.355478722e-06,2.008256145e-06,45Q-2040-l,500Mt-CostDecrease,VA,missing,biogas_peak_steam/CT,missing,missing,missing,missing,missing,missing,missing,missing,EJ
3225,0.0,0.0,9.67392e-06,4.549989e-06,1.2834852e-05,2.0230224e-05,2.1819113e-05,6.5524444e-05,8.42471e-05,45Q-2040-l,500Mt-CostDecrease,VA,missing,biogas_subpeak_CC,missing,missing,missing,missing,missing,missing,missing,missing,EJ
3226,0.0,0.0,0.0,8.62356e-07,2.8449351e-06,5.115876000000001e-06,6.2830630000000005e-06,2.2070152e-05,3.5966391e-05,45Q-2040-l,500Mt-CostDecrease,VA,missing,biogas_subpeak_CC_CCS,missing,missing,missing,missing,missing,missing,missing,missing,EJ
3227,0.0,0.0,6.60059e-06,2.8006367800000004e-06,8.10852629e-06,1.156986622e-05,9.65967222e-06,3.47918115e-05,4.019688145e-05,45Q-2040-l,500Mt-CostDecrease,VA,missing,biogas_subpeak_steam/CT,missing,missing,missing,missing,missing,missing,missing,missing,EJ
3228,0.0,0.0,0.0001503097,0.000113368436,0.000214492797,0.000536143065,0.0007459371080000001,0.000965983382,0.0003958792784,45Q-2040-l,500Mt-CostDecrease,VA,missing,biomass_base_IGCC,missing,missing,missing,missing,missing,missing,missing,missing,EJ
3229,0.0,0.0,0.0,6.21293e-07,8.608595199999999e-05,0.001022691792,0.001811615691,0.007855673434,0.01339869313,45Q-2040-l,500Mt-CostDecrease,VA,missing,biomass_base_IGCC_CCS,missing,missing,missing,missing,missing,missing,missing,missing,EJ
3230,0.000829853,0.001897314,0.000765358,0.00111228121,0.00167608011,0.00213716533,0.00200777746,0.00121346753,0.0004511653819,45Q-2040-l,500Mt-CostDecrease,VA,missing,biomass_base_conv,missing,missing,missing,missing,missing,missing,missing,missing,EJ
3231,0.0,0.0,0.0,6.96158e-07,0.000125289255,0.002624280147,0.004734600144,0.055655310578,0.1351312487979999,45Q-2040-l,500Mt-CostDecrease,VA,missing,biomass_base_conv_CCS,missing,missing,missing,missing,missing,missing,missing,missing,EJ
3232,0.0,0.0,0.0001013349,0.00011240624,0.0001604607,0.00026083438999999995,0.00033210381,0.0005314779100000001,0.00074526167,45Q-2040-l,500Mt-CostDecrease,VA,missing,biomass_int_IGCC,missing,missing,missing,missing,missing,missing,missing,missing,EJ
3233,0.0,0.0,0.0,8.13749e-06,3.740499e-05,0.00011925476,0.00018477196,0.00045223143,0.00080118572,45Q-2040-l,500Mt-CostDecrease,VA,missing,biomass_int_IGCC_CCS,missing,missing,missing,missing,missing,missing,missing,missing,EJ
3234,0.000829848,0.001897313,0.002005949,0.0023197082,0.0021569145,0.0028077080999999,0.0027260554,0.0026743093,0.0025190429,45Q-2040-l,500Mt-CostDecrease,VA,missing,biomass_int_conv,missing,missing,missing,missing,missing,missing,missing,missing,EJ
3235,0.0,0.0,0.0,1.2163e-05,6.1641e-05,0.0002287599,0.0003602839,0.000996214,0.0018479126,45Q-2040-l,500Mt-CostDecrease,VA,missing,biomass_int_conv_CCS,missing,missing,missing,missing,missing,missing,missing,missing,EJ
3236,0.0,0.0,0.0,1.313668e-05,0.00094614124,0.00323565575,0.00479360804,0.00643031198,0.00426232438,45Q-2040-l,500Mt-CostDecrease,VA,missing,coal_base_IGCC_CCS,missing,missing,missing,missing,missing,missing,missing,missing,EJ
3237,0.02063652,0.0393576,0.0,0.0,0.0,0.0,0.0,0.0,0.0,45Q-2040-l,500Mt-CostDecrease,VA,missing,coal_base_conv pul,missing,missing,missing,missing,missing,missing,missing,missing,EJ
3238,0.0,0.0,0.0,0.0,0.0,0.0,0.0,0.0,0.0,45Q-2040-l,500Mt-CostDecrease,VA,missing,coal_base_conv pul 1951-1955,missing,missing,missing,missing,missing,missing,missing,missing,EJ
3239,0.0,0.0,0.0,0.0,0.0,0.0,0.0,0.0,0.0,45Q-2040-l,500Mt-CostDecrease,VA,missing,coal_base_conv pul 1956-1960,missing,missing,missing,missing,missing,missing,missing,missing,EJ
3240,0.0,0.0,0.00237663,0.00235609,0.001663574,0.000259066,0.0001282655,0.0,0.0,45Q-2040-l,500Mt-CostDecrease,VA,missing,coal_base_conv pul 1961-1965,missing,missing,missing,missing,missing,missing,missing,missing,EJ
3241,0.0,0.0,0.00388871,0.00388083,0.00282068,0.000492935,0.000342512,6.82528e-06,0.0,45Q-2040-l,500Mt-CostDecrease,VA,missing,coal_base_conv pul 1966-1970,missing,missing,missing,missing,missing,missing,missing,missing,EJ
3242,0.0,0.0,0.0008163269999999999,0.00063295,0.0,0.0,0.0,0.0,0.0,45Q-2040-l,500Mt-CostDecrease,VA,missing,coal_base_conv pul 1986-1990,missing,missing,missing,missing,missing,missing,missing,missing,EJ
3243,0.0,0.0,0.00552214,0.00552025,0.00404252,0.0007300329999999999,0.0005788049999999999,1.726125e-05,5.88416e-07,45Q-2040-l,500Mt-CostDecrease,VA,missing,coal_base_conv pul 1991-1995,missing,missing,missing,missing,missing,missing,missing,missing,EJ
3244,0.0,0.0,0.00688769,0.0068869299999999,0.00504864,0.000916003,0.000741443,2.41402e-05,1.13152e-06,45Q-2040-l,500Mt-CostDecrease,VA,missing,coal_base_conv pul 1996-2000,missing,missing,missing,missing,missing,missing,missing,missing,EJ
3245,0.0,0.0,0.01030599,0.0103048799999999,0.00755432,0.001370674,0.001109661,3.61566e-05,1.700615e-06,45Q-2040-l,500Mt-CostDecrease,VA,missing,coal_base_conv pul 2011-2015,missing,missing,missing,missing,missing,missing,missing,missing,EJ
3246,0.0,0.0,0.0,1.564688e-05,0.00104538115,0.00342259908,0.00498229907,0.0063999145099999,0.003642765224,45Q-2040-l,500Mt-CostDecrease,VA,missing,coal_base_conv pul_CCS,missing,missing,missing,missing,missing,missing,missing,missing,EJ
3247,0.01778357,0.0339166,0.0,0.0,0.0,0.0,0.0,0.0,0.0,45Q-2040-l,500Mt-CostDecrease,VA,missing,coal_base_conv pul_retire_2020,missing,missing,missing,missing,missing,missing,missing,missing,EJ
3248,0.0,0.0,0.0,3.24066e-05,0.00013044239999999998,0.0003180747,0.0004658614,0.0008819899000000002,0.0013638729,45Q-2040-l,500Mt-CostDecrease,VA,missing,coal_int_IGCC_CCS,missing,missing,missing,missing,missing,missing,missing,missing,EJ
3249,0.0238415,0.0339706,0.0,0.0,0.0,0.0,0.0,0.0,0.0,45Q-2040-l,500Mt-CostDecrease,VA,missing,coal_int_conv pul,missing,missing,missing,missing,missing,missing,missing,missing,EJ
3250,0.0,0.0,0.0,0.0,0.0,0.0,0.0,0.0,0.0,45Q-2040-l,500Mt-CostDecrease,VA,missing,coal_int_conv pul 1951-1955,missing,missing,missing,missing,missing,missing,missing,missing,EJ
3251,0.0,0.0,0.0,0.0,0.0,0.0,0.0,0.0,0.0,45Q-2040-l,500Mt-CostDecrease,VA,missing,coal_int_conv pul 1956-1960,missing,missing,missing,missing,missing,missing,missing,missing,EJ
3252,0.0,0.0,0.000351268,0.000348184,0.000277088,0.0001027634,7.30638e-05,0.0,0.0,45Q-2040-l,500Mt-CostDecrease,VA,missing,coal_int_conv pul 1961-1965,missing,missing,missing,missing,missing,missing,missing,missing,EJ
3253,0.0,0.0,0.000574753,0.000573509,0.000469817,0.0001955327,0.0001951052,4.37266e-05,0.0,45Q-2040-l,500Mt-CostDecrease,VA,missing,coal_int_conv pul 1966-1970,missing,missing,missing,missing,missing,missing,missing,missing,EJ
3254,0.0,0.0,0.0001206535,9.35373e-05,0.0,0.0,0.0,0.0,0.0,45Q-2040-l,500Mt-CostDecrease,VA,missing,coal_int_conv pul 1986-1990,missing,missing,missing,missing,missing,missing,missing,missing,EJ
3255,0.0,0.0,0.0008161749999999999,0.0008157819999999999,0.000673329,0.000289581,0.000329705,0.0001105851,5.36158e-05,45Q-2040-l,500Mt-CostDecrease,VA,missing,coal_int_conv pul 1991-1995,missing,missing,missing,missing,missing,missing,missing,missing,EJ
3256,0.0,0.0,0.001018003,0.001017751,0.00084091,0.00036335,0.000422348,0.00015465550000000002,0.000103103,45Q-2040-l,500Mt-CostDecrease,VA,missing,coal_int_conv pul 1996-2000,missing,missing,missing,missing,missing,missing,missing,missing,EJ
3257,0.0,0.0,0.001523229,0.001522856,0.00125826,0.000543704,0.000632095,0.000231639,0.0001549583,45Q-2040-l,500Mt-CostDecrease,VA,missing,coal_int_conv pul 2011-2015,missing,missing,missing,missing,missing,missing,missing,missing,EJ
3258,0.0,0.0,0.0,4.1051900000000006e-05,0.0001557506,0.0003616255,0.0005165902,0.0009339474,0.0014029878,45Q-2040-l,500Mt-CostDecrease,VA,missing,coal_int_conv pul_CCS,missing,missing,missing,missing,missing,missing,missing,missing,EJ
3259,0.02054557,0.0292743,0.0,0.0,0.0,0.0,0.0,0.0,0.0,45Q-2040-l,500Mt-CostDecrease,VA,missing,coal_int_conv pul_retire_2020,missing,missing,missing,missing,missing,missing,missing,missing,EJ
3260,0.0001877919,0.0,0.0,0.0,0.0,0.0,0.0,0.0,0.0,45Q-2040-l,500Mt-CostDecrease,VA,missing,coal_peak_conv pul,missing,missing,missing,missing,missing,missing,missing,missing,EJ
3261,0.0001618304,0.0,0.0,0.0,0.0,0.0,0.0,0.0,0.0,45Q-2040-l,500Mt-CostDecrease,VA,missing,coal_peak_conv pul_retire_2020,missing,missing,missing,missing,missing,missing,missing,missing,EJ
3262,0.001395702,0.0,0.0,0.0,0.0,0.0,0.0,0.0,0.0,45Q-2040-l,500Mt-CostDecrease,VA,missing,coal_subpeak_conv pul,missing,missing,missing,missing,missing,missing,missing,missing,EJ
3263,0.001202752,0.0,0.0,0.0,0.0,0.0,0.0,0.0,0.0,45Q-2040-l,500Mt-CostDecrease,VA,missing,coal_subpeak_conv pul_retire_2020,missing,missing,missing,missing,missing,missing,missing,missing,EJ
3264,0.0,0.0,0.0183729799999999,0.0180253095,0.0236581162999999,0.0281506560999999,0.0310755988,0.0119693097,0.002347484508,45Q-2040-l,500Mt-CostDecrease,VA,missing,gas_base_CC,missing,missing,missing,missing,missing,missing,missing,missing,EJ
3265,0.0,0.0,0.0,5.0236100000000005e-05,0.0042456255,0.0143370221,0.0210079608,0.0279507997,0.01609678714,45Q-2040-l,500Mt-CostDecrease,VA,missing,gas_base_CC_CCS,missing,missing,missing,missing,missing,missing,missing,missing,EJ
3266,0.002037816,0.019337,0.0972689099999999,0.092159352,0.082170468,0.071129507,0.0645287109999999,0.0553990269999999,0.0502029569999999,45Q-2040-l,500Mt-CostDecrease,VA,missing,gas_int_CC,missing,missing,missing,missing,missing,missing,missing,missing,EJ
3267,0.0,0.0,0.0,0.00042891,0.00153658,0.003463628,0.004942998,0.00892073,0.013356639,45Q-2040-l,500Mt-CostDecrease,VA,missing,gas_int_CC_CCS,missing,missing,missing,missing,missing,missing,missing,missing,EJ
3268,7.9705e-05,0.000974097,0.00096711382,0.000879240575,0.000729375317,0.000566738927,0.0004634834859999999,0.00031134688500000004,0.00020727757000000007,45Q-2040-l,500Mt-CostDecrease,VA,missing,gas_peak_CC,missing,missing,missing,missing,missing,missing,missing,missing,EJ
3269,0.0,0.0,0.0,6.56727e-08,1.927614e-07,3.6678429999999993e-07,4.985334e-07,9.395926e-07,1.6222866e-06,45Q-2040-l,500Mt-CostDecrease,VA,missing,gas_peak_CC_CCS,missing,missing,missing,missing,missing,missing,missing,missing,EJ
3270,5.90038e-05,0.0003426,0.0004873905,0.000419067437,0.000220168023,0.000123197705,0.000124472067,5.606237100000001e-05,3.13063791e-05,45Q-2040-l,500Mt-CostDecrease,VA,missing,gas_peak_steam/CT,missing,missing,missing,missing,missing,missing,missing,missing,EJ
3271,0.000530531,0.00648323,0.006669065,0.0061102372999999,0.0052081199,0.0042125198,0.0034934791999999,0.0026064805,0.0019867453,45Q-2040-l,500Mt-CostDecrease,VA,missing,gas_subpeak_CC,missing,missing,missing,missing,missing,missing,missing,missing,EJ
3272,0.0,0.0,0.0,3.6625e-06,1.0773849999999998e-05,2.060401e-05,2.8565110000000003e-05,5.925282e-05,9.573978e-05,45Q-2040-l,500Mt-CostDecrease,VA,missing,gas_subpeak_CC_CCS,missing,missing,missing,missing,missing,missing,missing,missing,EJ
3273,0.000393024,0.002280406,0.0034531147,0.00303086,0.001792163,0.0011084660399999,0.0011112234499999,0.0005967023599999999,0.00038656859,45Q-2040-l,500Mt-CostDecrease,VA,missing,gas_subpeak_steam/CT,missing,missing,missing,missing,missing,missing,missing,missing,EJ
3274,0.004444,0.0054088,0.0049174,0.0049099,0.0049045,0.0049052,0.0048942,0.0048532,0.0048586,45Q-2040-l,500Mt-CostDecrease,VA,missing,hydro_base,missing,missing,missing,missing,missing,missing,missing,missing,EJ
3275,0.0909035,0.104201,0.105208,0.105187,0.103822,0.0564525,0.0,0.0,0.0,45Q-2040-l,500Mt-CostDecrease,VA,missing,nuc_base_Gen II,missing,missing,missing,missing,missing,missing,missing,missing,EJ
3276,0.0,0.0,0.0,0.0,0.004842,0.0174686999999999,0.02549779,0.03606885,0.04095053,45Q-2040-l,500Mt-CostDecrease,VA,missing,nuc_base_Gen III,missing,missing,missing,missing,missing,missing,missing,missing,EJ
3277,0.0,0.0,0.000698944,0.001232245,0.000884033,0.000478011,0.000344059,2.48972e-05,1.120598e-06,45Q-2040-l,500Mt-CostDecrease,VA,missing,refined liquids_base_steam/CT,missing,missing,missing,missing,missing,missing,missing,missing,EJ
3278,0.00339829,0.0126521599999999,0.0,0.0,0.0,0.0,0.0,0.0,0.0,45Q-2040-l,500Mt-CostDecrease,VA,missing,refined liquids_int_steam/CT,missing,missing,missing,missing,missing,missing,missing,missing,EJ
3279,0.0,0.0,0.0,0.0,0.0,0.0,0.0,0.0,0.0,45Q-2040-l,500Mt-CostDecrease,VA,missing,refined liquids_peak_steam/CT,missing,missing,missing,missing,missing,missing,missing,missing,EJ
3280,0.000849551,0.00316302,0.0,0.0,0.0,0.0,0.0,0.0,0.0,45Q-2040-l,500Mt-CostDecrease,VA,missing,refined liquids_subpeak_steam/CT,missing,missing,missing,missing,missing,missing,missing,missing,EJ
3281,0.0,0.0,0.000231426,0.00302421,0.00855214,0.0115456,0.0145433,0.00977617,0.00532181,45Q-2040-l,500Mt-CostDecrease,VA,missing,rooftop_pv,missing,missing,missing,missing,missing,missing,missing,missing,EJ
3282,0.0,0.0,0.00384674,0.003936784,0.009422644,0.021289444,0.028495144,0.037390554,0.037995514,45Q-2040-l,500Mt-CostDecrease,VA,missing,wind_base,missing,missing,missing,missing,missing,missing,missing,missing,EJ
3283,0.0,0.0,0.0,1.61663e-05,0.0031300763,0.0136223762999999,0.0219057863,0.0346331863,0.0418626199999999,45Q-2040-l,500Mt-CostDecrease,VA,missing,wind_base_offshore,missing,missing,missing,missing,missing,missing,missing,missing,EJ
3284,0.0,0.0,0.000171836,0.00017527533,0.00038793233,0.00089579033,0.00121259633,0.00162267533,0.00164312033,45Q-2040-l,500Mt-CostDecrease,VA,missing,wind_base_storage,missing,missing,missing,missing,missing,missing,missing,missing,EJ
3285,0.0,0.0,0.00022606,0.000452535,0.0008407320000000001,0.001297705,0.001563167,0.001989765,0.001981981,45Q-2040-l,500Mt-CostDecrease,WA,missing,CSP_base_storage,missing,missing,missing,missing,missing,missing,missing,missing,EJ
3286,0.0,0.0,0.000278558,0.00049374,0.00099354,0.001852048,0.00231916,0.002978436,0.003909198,45Q-2040-l,500Mt-CostDecrease,WA,missing,CSP_int,missing,missing,missing,missing,missing,missing,missing,missing,EJ
3287,0.0,0.0,2.07668e-05,3.245522e-05,5.862182e-05,8.767922e-05,0.00010614384,0.00013024664,0.00017090304000000003,45Q-2040-l,500Mt-CostDecrease,WA,missing,CSP_peak,missing,missing,missing,missing,missing,missing,missing,missing,EJ
3288,3.30006e-06,3.00002e-06,0.0001170743,0.0001858401,0.0003375689,0.0005154661,0.0006373927000000001,0.0009526678000000002,0.0012277704,45Q-2040-l,500Mt-CostDecrease,WA,missing,CSP_subpeak,missing,missing,missing,missing,missing,missing,missing,missing,EJ
3289,0.0,0.0,2.95909e-05,6.187710000000001e-05,0.0001192523,0.0001884342,0.0002292709,0.00029559380000000003,0.00030017639999999995,45Q-2040-l,500Mt-CostDecrease,WA,missing,PV_base_storage,missing,missing,missing,missing,missing,missing,missing,missing,EJ
3290,0.0,0.0,0.00175256,0.0029719,0.0047816,0.00698531,0.00812388,0.0096493,0.0105935099999999,45Q-2040-l,500Mt-CostDecrease,WA,missing,PV_int,missing,missing,missing,missing,missing,missing,missing,missing,EJ
3291,0.0,0.0,0.000130656,0.0001968892,0.0002916345,0.0003662222,0.0004112292,0.0004669977,0.0004733147,45Q-2040-l,500Mt-CostDecrease,WA,missing,PV_peak,missing,missing,missing,missing,missing,missing,missing,missing,EJ
3292,0.0,0.0,0.00062809678,0.00101776278,0.00156714778,0.00202379278,0.00232098478,0.0030881439999999,0.003298406,45Q-2040-l,500Mt-CostDecrease,WA,missing,PV_subpeak,missing,missing,missing,missing,missing,missing,missing,missing,EJ
3293,0.0,0.0,0.000188858,0.00022229374,0.00041360422,0.0005291878700000001,0.00033889113,0.0005203840239999999,0.0002588740427,45Q-2040-l,500Mt-CostDecrease,WA,missing,biogas_base_CC,missing,missing,missing,missing,missing,missing,missing,missing,EJ
3294,0.0,0.0,0.0,0.000118509,0.00029095080600000003,0.0005188704899999999,0.00036019248,0.00073643829,0.000412068948,45Q-2040-l,500Mt-CostDecrease,WA,missing,biogas_base_CC_CCS,missing,missing,missing,missing,missing,missing,missing,missing,EJ
3295,0.0,0.0,0.000126706,7.623991e-05,0.0001683466,0.00036770588,0.00027801305,0.0004021422,0.00059994432,45Q-2040-l,500Mt-CostDecrease,WA,missing,biogas_int_CC,missing,missing,missing,missing,missing,missing,missing,missing,EJ
3296,0.0,0.0,0.0,2.75278e-05,7.678609e-05,0.00021715209,0.00019369789,0.0003938597,0.0006807286,45Q-2040-l,500Mt-CostDecrease,WA,missing,biogas_int_CC_CCS,missing,missing,missing,missing,missing,missing,missing,missing,EJ
3297,0.0,0.0,2.41489e-07,1.4824072e-07,3.2434016e-07,4.5381889e-07,3.2582796e-07,4.4046856000000004e-07,9.5703556e-07,45Q-2040-l,500Mt-CostDecrease,WA,missing,biogas_peak_CC,missing,missing,missing,missing,missing,missing,missing,missing,EJ
3298,0.0,0.0,0.0,2.16219e-08,5.0108677e-08,7.548313e-08,5.953457e-08,1.0266311e-07,2.2010437e-07,45Q-2040-l,500Mt-CostDecrease,WA,missing,biogas_peak_CC_CCS,missing,missing,missing,missing,missing,missing,missing,missing,EJ
3299,0.0,0.0,2.247168e-07,1.29481757e-07,2.76001094e-07,3.66145891e-07,2.35594832e-07,3.13859814e-07,7.401059369999998e-07,45Q-2040-l,500Mt-CostDecrease,WA,missing,biogas_peak_steam/CT,missing,missing,missing,missing,missing,missing,missing,missing,EJ
3300,0.0,0.0,5.25832e-06,3.817398e-06,8.1811289e-06,1.2222419e-05,9.778507e-06,2.4358505e-05,2.6551737e-05,45Q-2040-l,500Mt-CostDecrease,WA,missing,biogas_subpeak_CC,missing,missing,missing,missing,missing,missing,missing,missing,EJ
3301,0.0,0.0,0.0,7.68563e-07,1.8458909e-06,3.1457899e-06,2.8158213e-06,8.398773000000001e-06,1.1285642e-05,45Q-2040-l,500Mt-CostDecrease,WA,missing,biogas_subpeak_CC_CCS,missing,missing,missing,missing,missing,missing,missing,missing,EJ
3302,0.0,0.0,3.559399e-06,2.43557943e-06,5.158531599999999e-06,7.24799288e-06,5.081796719999999e-06,1.3786712419999997e-05,1.448616679e-05,45Q-2040-l,500Mt-CostDecrease,WA,missing,biogas_subpeak_steam/CT,missing,missing,missing,missing,missing,missing,missing,missing,EJ
3303,0.0,0.0,8.86516e-05,0.0001199718,0.0001936941,0.0003345492,0.00039754130000000006,0.00049098079,0.000253100062,45Q-2040-l,500Mt-CostDecrease,WA,missing,biomass_base_IGCC,missing,missing,missing,missing,missing,missing,missing,missing,EJ
3304,0.0,0.0,0.0,3.138007e-05,0.00012253695,0.00059720388,0.0009761907600000002,0.0046514125699999,0.00847624754,45Q-2040-l,500Mt-CostDecrease,WA,missing,biomass_base_IGCC_CCS,missing,missing,missing,missing,missing,missing,missing,missing,EJ
3305,0.0004646296,0.0015372229999999,0.0002915151,0.0003181956,0.00040352155,0.0005576557100000001,0.00054303458,0.0005561002899999999,0.00028850106,45Q-2040-l,500Mt-CostDecrease,WA,missing,biomass_base_conv,missing,missing,missing,missing,missing,missing,missing,missing,EJ
3306,0.0,0.0,0.0,3.446397e-05,0.00016492756000000003,0.00142285885,0.00242861739,0.03391153582,0.0902483996899999,45Q-2040-l,500Mt-CostDecrease,WA,missing,biomass_base_conv_CCS,missing,missing,missing,missing,missing,missing,missing,missing,EJ
3307,0.0,0.0,4.25029e-05,5.096681e-05,6.689667000000001e-05,0.00010374571,0.00012222151,0.00015026279,0.00019857786000000005,45Q-2040-l,500Mt-CostDecrease,WA,missing,biomass_int_IGCC,missing,missing,missing,missing,missing,missing,missing,missing,EJ
3308,0.0,0.0,0.0,4.97458e-06,1.492806e-05,4.512748e-05,6.307906e-05,0.00010266559,0.00018711332,45Q-2040-l,500Mt-CostDecrease,WA,missing,biomass_int_IGCC_CCS,missing,missing,missing,missing,missing,missing,missing,missing,EJ
3309,0.0004646144,0.0015372089999999,0.0005469853,0.00063387032,0.0006017935399999999,0.0007543684800000001,0.0006999438600000001,0.00063092163,0.00056668599,45Q-2040-l,500Mt-CostDecrease,WA,missing,biomass_int_conv,missing,missing,missing,missing,missing,missing,missing,missing,EJ
3310,0.0,0.0,0.0,7.3031e-06,2.384776e-05,8.462239e-05,0.00012011531,0.00021296177,0.00041620694,45Q-2040-l,500Mt-CostDecrease,WA,missing,biomass_int_conv_CCS,missing,missing,missing,missing,missing,missing,missing,missing,EJ
3311,0.0,0.0,0.0,0.00072229,0.0018803189999999,0.003178536,0.004011128,0.0048952419999999,0.0032373144,45Q-2040-l,500Mt-CostDecrease,WA,missing,coal_base_IGCC_CCS,missing,missing,missing,missing,missing,missing,missing,missing,EJ
3312,0.010445968,0.014645865,0.0,0.0,0.0,0.0,0.0,0.0,0.0,45Q-2040-l,500Mt-CostDecrease,WA,missing,coal_base_conv pul,missing,missing,missing,missing,missing,missing,missing,missing,EJ
3313,0.0,0.0,0.002992641,0.0,0.0,0.0,0.0,0.0,0.0,45Q-2040-l,500Mt-CostDecrease,WA,missing,coal_base_conv pul 1971-1975,missing,missing,missing,missing,missing,missing,missing,missing,EJ
3314,0.0,0.0,0.0,0.000878469,0.00217425,0.00352456,0.004361749,0.004986439,0.0028488580999999,45Q-2040-l,500Mt-CostDecrease,WA,missing,coal_base_conv pul_CCS,missing,missing,missing,missing,missing,missing,missing,missing,EJ
3315,0.0,0.0,0.0,5.66819e-05,0.0001054426,0.0002040176,0.0002601839,0.00034324100000000004,0.0004968602,45Q-2040-l,500Mt-CostDecrease,WA,missing,coal_int_IGCC_CCS,missing,missing,missing,missing,missing,missing,missing,missing,EJ
3316,0.015474171,0.0263961799999999,0.0,0.0,0.0,0.0,0.0,0.0,0.0,45Q-2040-l,500Mt-CostDecrease,WA,missing,coal_int_conv pul,missing,missing,missing,missing,missing,missing,missing,missing,EJ
3317,0.0,0.0,0.010484335,0.0,0.0,0.0,0.0,0.0,0.0,45Q-2040-l,500Mt-CostDecrease,WA,missing,coal_int_conv pul 1971-1975,missing,missing,missing,missing,missing,missing,missing,missing,EJ
3318,0.0,0.0,0.0,7.24776e-05,0.0001299408,0.00023875780000000003,0.00029793789999999994,0.0003814474,0.00053142,45Q-2040-l,500Mt-CostDecrease,WA,missing,coal_int_conv pul_CCS,missing,missing,missing,missing,missing,missing,missing,missing,EJ
3319,0.0004178833,0.0,0.0,0.0,0.0,0.0,0.0,0.0,0.0,45Q-2040-l,500Mt-CostDecrease,WA,missing,coal_peak_conv pul,missing,missing,missing,missing,missing,missing,missing,missing,EJ
3320,0.00293416,0.0,0.0,0.0,0.0,0.0,0.0,0.0,0.0,45Q-2040-l,500Mt-CostDecrease,WA,missing,coal_subpeak_conv pul,missing,missing,missing,missing,missing,missing,missing,missing,EJ
3321,0.0,0.0,0.01438272,0.021662532,0.024520566,0.018283742,0.017748143,0.0053268133999999,0.001464353215,45Q-2040-l,500Mt-CostDecrease,WA,missing,gas_base_CC,missing,missing,missing,missing,missing,missing,missing,missing,EJ
3322,0.0,0.0,0.0,0.002550002,0.006666216,0.011163056,0.013871404,0.015436854,0.0071344650999999,45Q-2040-l,500Mt-CostDecrease,WA,missing,gas_base_CC_CCS,missing,missing,missing,missing,missing,missing,missing,missing,EJ
3323,4.380131e-05,0.02077163,0.03613356,0.035614343,0.032170306,0.0281337459999999,0.025596012,0.0204150929999999,0.017870823,45Q-2040-l,500Mt-CostDecrease,WA,missing,gas_int_CC,missing,missing,missing,missing,missing,missing,missing,missing,EJ
3324,0.0,0.0,0.0,0.0003674203,0.0008802242,0.0018328808,0.0023593214,0.0031096496,0.0044441178,45Q-2040-l,500Mt-CostDecrease,WA,missing,gas_int_CC_CCS,missing,missing,missing,missing,missing,missing,missing,missing,EJ
3325,1.19995e-06,0.00073122,0.000574167292,0.0005214821970000001,0.000419219363,0.000299943495,0.0002347606421,0.0001299647507,7.381367890000001e-05,45Q-2040-l,500Mt-CostDecrease,WA,missing,gas_peak_CC,missing,missing,missing,missing,missing,missing,missing,missing,EJ
3326,0.0,0.0,0.0,6.405329e-08,1.5425712000000001e-07,2.7509761e-07,3.5253129e-07,4.6035263000000003e-07,7.3122282e-07,45Q-2040-l,500Mt-CostDecrease,WA,missing,gas_peak_CC_CCS,missing,missing,missing,missing,missing,missing,missing,missing,EJ
3327,8.999630200000001e-07,0.00025720739,0.00026564969060000006,0.0002262881115,0.00010141913215,4.457993474999999e-05,3.4922469275e-05,1.2530162463000003e-05,6.833107683999999e-06,45Q-2040-l,500Mt-CostDecrease,WA,missing,gas_peak_steam/CT,missing,missing,missing,missing,missing,missing,missing,missing,EJ
3328,8.40016e-06,0.0051104539999999,0.0031292429,0.00288077871,0.00242223459,0.00187228029,0.0015207278899999,0.0010044109,0.00068794046,45Q-2040-l,500Mt-CostDecrease,WA,missing,gas_subpeak_CC,missing,missing,missing,missing,missing,missing,missing,missing,EJ
3329,0.0,0.0,0.0,3.409972e-06,8.158313e-06,1.4702069e-05,1.9251526e-05,3.229879799999999e-05,4.6482329e-05,45Q-2040-l,500Mt-CostDecrease,WA,missing,gas_subpeak_CC_CCS,missing,missing,missing,missing,missing,missing,missing,missing,EJ
3330,6.2001272e-06,0.00179751704,0.0015624011029999,0.0013695619269999,0.0007303205016,0.0003768640235,0.0003105126953,0.00015214161979999996,9.84982155e-05,45Q-2040-l,500Mt-CostDecrease,WA,missing,gas_subpeak_steam/CT,missing,missing,missing,missing,missing,missing,missing,missing,EJ
3331,0.0,0.0,0.000345887,0.0007608309999999999,0.00148754,0.002588677,0.003350432,0.004439902,0.003497154,45Q-2040-l,500Mt-CostDecrease,WA,missing,geo_base,missing,missing,missing,missing,missing,missing,missing,missing,EJ
3332,0.223132,0.264801,0.314966,0.314482,0.314139,0.314186,0.313482,0.310853,0.311199,45Q-2040-l,500Mt-CostDecrease,WA,missing,hydro_base,missing,missing,missing,missing,missing,missing,missing,missing,EJ
3333,0.0727769,0.0,0.0,0.0,0.0,0.0,0.0,0.0,0.0,45Q-2040-l,500Mt-CostDecrease,WA,missing,hydro_int,missing,missing,missing,missing,missing,missing,missing,missing,EJ
3334,0.0219129,0.0307632,0.0305935,0.0305936,0.0305936,0.0305936,0.0305935,0.0,0.0,45Q-2040-l,500Mt-CostDecrease,WA,missing,nuc_base_Gen II,missing,missing,missing,missing,missing,missing,missing,missing,EJ
3335,0.0,0.0,0.0,0.0,0.00546952,0.0121188,0.01609518,0.0226423,0.0260601299999999,45Q-2040-l,500Mt-CostDecrease,WA,missing,nuc_base_Gen III,missing,missing,missing,missing,missing,missing,missing,missing,EJ
3336,0.0,0.0,4.5423178e-06,5.420656199999999e-06,2.421273e-06,1.0540512e-06,7.777122999999999e-07,7.781479800000002e-08,5.583315e-09,45Q-2040-l,500Mt-CostDecrease,WA,missing,refined liquids_base_steam/CT,missing,missing,missing,missing,missing,missing,missing,missing,EJ
3337,5.0901649e-05,3.6000154e-05,0.0,0.0,0.0,0.0,0.0,0.0,0.0,45Q-2040-l,500Mt-CostDecrease,WA,missing,refined liquids_int_steam/CT,missing,missing,missing,missing,missing,missing,missing,missing,EJ
3338,0.0,0.0,0.0,0.0,0.0,0.0,0.0,0.0,0.0,45Q-2040-l,500Mt-CostDecrease,WA,missing,refined liquids_peak_steam/CT,missing,missing,missing,missing,missing,missing,missing,missing,EJ
3339,1.2700255e-05,9.0000792e-06,0.0,0.0,0.0,0.0,0.0,0.0,0.0,45Q-2040-l,500Mt-CostDecrease,WA,missing,refined liquids_subpeak_steam/CT,missing,missing,missing,missing,missing,missing,missing,missing,EJ
3340,0.0,0.0,8.14666e-05,0.000450503,0.000805111,0.00142323,0.00199357,0.00169352,0.00110704,45Q-2040-l,500Mt-CostDecrease,WA,missing,rooftop_pv,missing,missing,missing,missing,missing,missing,missing,missing,EJ
3341,0.0,0.00180153,0.03467012,0.04829512,0.06624642,0.08598102,0.09743152,0.09172452,0.0941673,45Q-2040-l,500Mt-CostDecrease,WA,missing,wind_base,missing,missing,missing,missing,missing,missing,missing,missing,EJ
3342,0.0,0.0,0.0,0.000939933,0.004083903,0.008487703,0.011563463,0.017432143,0.02011601,45Q-2040-l,500Mt-CostDecrease,WA,missing,wind_base_offshore,missing,missing,missing,missing,missing,missing,missing,missing,EJ
3343,0.0,0.0,0.000234446,0.000556024,0.000972085,0.001452245,0.001728896,0.002180774,0.002178729,45Q-2040-l,500Mt-CostDecrease,WA,missing,wind_base_storage,missing,missing,missing,missing,missing,missing,missing,missing,EJ
3344,0.0,0.0,4.43128e-05,5.293174e-05,0.00013657414,0.00028307914,0.00033893773999999995,0.00042852264,0.00042463734,45Q-2040-l,500Mt-CostDecrease,WV,missing,PV_base_storage,missing,missing,missing,missing,missing,missing,missing,missing,EJ
3345,0.0,0.0,0.00857791,0.01238445,0.02669255,0.04392275,0.05234312,0.07366712,0.08737901,45Q-2040-l,500Mt-CostDecrease,WV,missing,PV_int,missing,missing,missing,missing,missing,missing,missing,missing,EJ
3346,0.0,0.0,0.000109472,0.0001347827,0.0002187855,0.00022260839,0.00024506139,0.00030123149,0.00036011449,45Q-2040-l,500Mt-CostDecrease,WV,missing,PV_peak,missing,missing,missing,missing,missing,missing,missing,missing,EJ
3347,0.0,0.0,0.000167952,0.0002816,0.000567061,0.000694257,0.000851559,0.001247065,0.00155395,45Q-2040-l,500Mt-CostDecrease,WV,missing,PV_subpeak,missing,missing,missing,missing,missing,missing,missing,missing,EJ
3348,0.0,0.0,0.000288431,6.126582e-05,0.0006015566009999999,0.0011276147,0.0005163768399999999,0.000698915434,0.00030291184957,45Q-2040-l,500Mt-CostDecrease,WV,missing,biogas_base_CC,missing,missing,missing,missing,missing,missing,missing,missing,EJ
3349,0.0,0.0,0.0,3.19827e-05,0.000425789032,0.00111495052,0.00058817305,0.001007727383,0.0004874802502,45Q-2040-l,500Mt-CostDecrease,WV,missing,biogas_base_CC_CCS,missing,missing,missing,missing,missing,missing,missing,missing,EJ
3350,0.0,0.0,0.00053855,0.0001773799,0.0005805346,0.001590351,0.0015643421999999,0.003908343,0.0050508034,45Q-2040-l,500Mt-CostDecrease,WV,missing,biogas_int_CC,missing,missing,missing,missing,missing,missing,missing,missing,EJ
3351,0.0,0.0,0.0,5.58022e-05,0.00025754509,0.0009076805,0.0010523649,0.0032066952,0.0051575334,45Q-2040-l,500Mt-CostDecrease,WV,missing,biogas_int_CC_CCS,missing,missing,missing,missing,missing,missing,missing,missing,EJ
3352,0.0,0.0,1.75843e-07,4.272222e-08,1.2647759999999998e-07,5.634282e-08,1.4443695000000004e-07,3.8011128e-07,9.6511221e-07,45Q-2040-l,500Mt-CostDecrease,WV,missing,biogas_peak_CC,missing,missing,missing,missing,missing,missing,missing,missing,EJ
3353,0.0,0.0,0.0,5.35103e-09,1.8843151e-08,7.59947e-09,2.2091665e-08,7.239232e-08,2.0915029e-07,45Q-2040-l,500Mt-CostDecrease,WV,missing,biogas_peak_CC_CCS,missing,missing,missing,missing,missing,missing,missing,missing,EJ
3354,0.0,0.0,1.6359960000000001e-07,3.2635367000000015e-08,1.03714166e-07,1.4448272e-08,7.4755313e-08,2.3368862800000002e-07,6.701651279999999e-07,45Q-2040-l,500Mt-CostDecrease,WV,missing,biogas_peak_steam/CT,missing,missing,missing,missing,missing,missing,missing,missing,EJ
3355,0.0,0.0,1.23869e-06,7.853189e-07,1.8482755e-06,2.346268e-06,3.925463e-06,1.0933927e-05,1.5413728e-05,45Q-2040-l,500Mt-CostDecrease,WV,missing,biogas_subpeak_CC,missing,missing,missing,missing,missing,missing,missing,missing,EJ
3356,0.0,0.0,0.0,1.45597e-07,4.0923322e-07,5.89845e-07,1.0813397e-06,3.5122179e-06,6.042080800000001e-06,45Q-2040-l,500Mt-CostDecrease,WV,missing,biogas_subpeak_CC_CCS,missing,missing,missing,missing,missing,missing,missing,missing,EJ
3357,0.0,0.0,8.383089999999999e-07,4.650116400000001e-07,1.135150562e-06,1.08389612e-06,1.67533125e-06,5.26999469e-06,6.469770320000001e-06,45Q-2040-l,500Mt-CostDecrease,WV,missing,biogas_subpeak_steam/CT,missing,missing,missing,missing,missing,missing,missing,missing,EJ
3358,0.0,0.0,4.20816e-05,3.584481e-05,0.00011832568,0.00035268743,0.00044384433999999993,0.000533139871,0.0002386111489,45Q-2040-l,500Mt-CostDecrease,WV,missing,biomass_base_IGCC,missing,missing,missing,missing,missing,missing,missing,missing,EJ
3359,0.0,0.0,0.0,4.18147e-06,8.65987e-05,0.00081077065,0.00121746144,0.00552659677,0.00972978215,45Q-2040-l,500Mt-CostDecrease,WV,missing,biomass_base_IGCC_CCS,missing,missing,missing,missing,missing,missing,missing,missing,EJ
3360,0.0,9.99998e-07,9.0014954e-05,5.6335482e-05,0.000186988904,0.00053104418,0.000613242508,0.0006298711003,0.00029540346603000004,45Q-2040-l,500Mt-CostDecrease,WV,missing,biomass_base_conv,missing,missing,missing,missing,missing,missing,missing,missing,EJ
3361,0.0,0.0,0.0,4.80837e-06,0.00012863038999999998,0.00215597125,0.00329935123,0.04432818912,0.1172131574,45Q-2040-l,500Mt-CostDecrease,WV,missing,biomass_base_conv_CCS,missing,missing,missing,missing,missing,missing,missing,missing,EJ
3362,0.0,0.0,1.313715e-05,1.584528e-05,2.7663610000000005e-05,6.666816e-05,9.519261e-05,0.00021316558,0.00035897665,45Q-2040-l,500Mt-CostDecrease,WV,missing,biomass_int_IGCC,missing,missing,missing,missing,missing,missing,missing,missing,EJ
3363,0.0,0.0,0.0,1.448544e-06,8.53608e-06,4.2360504e-05,6.9335603e-05,0.000230191549,0.000467916864,45Q-2040-l,500Mt-CostDecrease,WV,missing,biomass_int_IGCC_CCS,missing,missing,missing,missing,missing,missing,missing,missing,EJ
3364,0.0,9.99997e-07,4.227469e-05,4.706472e-05,7.34578e-05,0.00016271809,0.00022182253,0.0004580292,0.00072836301,45Q-2040-l,500Mt-CostDecrease,WV,missing,biomass_int_conv,missing,missing,missing,missing,missing,missing,missing,missing,EJ
3365,0.0,0.0,0.0,2.21001e-06,1.445193e-05,8.51038e-05,0.0001405397,0.0005329713,0.0011293726899999,45Q-2040-l,500Mt-CostDecrease,WV,missing,biomass_int_conv_CCS,missing,missing,missing,missing,missing,missing,missing,missing,EJ
3366,0.0,0.0,0.0,0.00028817000000000003,0.0020147809999999,0.004854641,0.0060261279999999,0.007372256,0.0038526064,45Q-2040-l,500Mt-CostDecrease,WV,missing,coal_base_IGCC_CCS,missing,missing,missing,missing,missing,missing,missing,missing,EJ
3367,0.153783602,0.19019674,0.0,0.0,0.0,0.0,0.0,0.0,0.0,45Q-2040-l,500Mt-CostDecrease,WV,missing,coal_base_conv pul,missing,missing,missing,missing,missing,missing,missing,missing,EJ
3368,0.0,0.0,0.0053863191,0.0053493125,0.0036121123,0.00062549581,0.00034996432,0.0,0.0,45Q-2040-l,500Mt-CostDecrease,WV,missing,coal_base_conv pul 1961-1965,missing,missing,missing,missing,missing,missing,missing,missing,EJ
3369,0.0,0.0,0.01952709,0.019448504,0.0132976318999999,0.0024206718,0.00156891801,1.41735297e-05,0.0,45Q-2040-l,500Mt-CostDecrease,WV,missing,coal_base_conv pul 1966-1970,missing,missing,missing,missing,missing,missing,missing,missing,EJ
3370,0.0,0.0,0.086730375,0.086592675,0.059850281,0.0114069247,0.0087261233999999,0.00011462564699999998,1.686767e-06,45Q-2040-l,500Mt-CostDecrease,WV,missing,coal_base_conv pul 1971-1975,missing,missing,missing,missing,missing,missing,missing,missing,EJ
3371,0.0,0.0,0.03285525,0.0328334449999999,0.022787599,0.0044232635999999,0.0036546402,6.3001392e-05,1.6984613e-06,45Q-2040-l,500Mt-CostDecrease,WV,missing,coal_base_conv pul 1976-1980,missing,missing,missing,missing,missing,missing,missing,missing,EJ
3372,0.0,0.0,0.0026276422,0.0026262324999999,0.0018237222999999,0.00035488520000000006,0.00029649393,5.3637689000000005e-06,1.7480237e-07,45Q-2040-l,500Mt-CostDecrease,WV,missing,coal_base_conv pul 1991-1995,missing,missing,missing,missing,missing,missing,missing,missing,EJ
3373,0.0,0.0,0.0134836708999999,0.0134764865,0.0093586049999999,0.0018213022,0.00152228172,2.7591601e-05,9.0687292e-07,45Q-2040-l,500Mt-CostDecrease,WV,missing,coal_base_conv pul 2011-2015,missing,missing,missing,missing,missing,missing,missing,missing,EJ
3374,0.0,0.0,0.0,0.00035269100000000003,0.002298011,0.005296935,0.006489054,0.0075716329999999,0.0033374150999999,45Q-2040-l,500Mt-CostDecrease,WV,missing,coal_base_conv pul_CCS,missing,missing,missing,missing,missing,missing,missing,missing,EJ
3375,0.0135765345,0.0167911709999999,0.0,0.0,0.0,0.0,0.0,0.0,0.0,45Q-2040-l,500Mt-CostDecrease,WV,missing,coal_base_conv pul_retire_2020,missing,missing,missing,missing,missing,missing,missing,missing,EJ
3376,0.0,0.0,0.0,6.705900000000001e-05,0.000229552,0.0006215716999999999,0.0008649291,0.0016854234999999,0.0025965541,45Q-2040-l,500Mt-CostDecrease,WV,missing,coal_int_IGCC_CCS,missing,missing,missing,missing,missing,missing,missing,missing,EJ
3377,0.092436771,0.1154527129999999,0.0,0.0,0.0,0.0,0.0,0.0,0.0,45Q-2040-l,500Mt-CostDecrease,WV,missing,coal_int_conv pul,missing,missing,missing,missing,missing,missing,missing,missing,EJ
3378,0.0,0.0,0.002484412,0.0024685047,0.0022161063,0.00124690749,0.0008502089199999999,0.0,0.0,45Q-2040-l,500Mt-CostDecrease,WV,missing,coal_int_conv pul 1961-1965,missing,missing,missing,missing,missing,missing,missing,missing,EJ
3379,0.0,0.0,0.0090067831,0.0089747551,0.0081583895,0.0048255311,0.0038115749999999,0.00092416874,0.0,45Q-2040-l,500Mt-CostDecrease,WV,missing,coal_int_conv pul 1966-1970,missing,missing,missing,missing,missing,missing,missing,missing,EJ
3380,0.0,0.0,0.04000406,0.039959233,0.036719398,0.02273936,0.021199441,0.0074740547,0.002310528,45Q-2040-l,500Mt-CostDecrease,WV,missing,coal_int_conv pul 1971-1975,missing,missing,missing,missing,missing,missing,missing,missing,EJ
3381,0.0,0.0,0.0151543857,0.0151514076999999,0.0139807254,0.0088176473,0.0088786434,0.0041079428,0.0023265561,45Q-2040-l,500Mt-CostDecrease,WV,missing,coal_int_conv pul 1976-1980,missing,missing,missing,missing,missing,missing,missing,missing,EJ
3382,0.0,0.0,0.00121199327,0.00121190975,0.00111889313,0.0007074522899999999,0.00072030738,0.00034973963,0.00023944387,45Q-2040-l,500Mt-CostDecrease,WV,missing,coal_int_conv pul 1991-1995,missing,missing,missing,missing,missing,missing,missing,missing,EJ
3383,0.0,0.0,0.006219287,0.0062188925,0.0057416996,0.0036306965,0.0036982516,0.0017990811,0.00124223352,45Q-2040-l,500Mt-CostDecrease,WV,missing,coal_int_conv pul 2011-2015,missing,missing,missing,missing,missing,missing,missing,missing,EJ
3384,0.0,0.0,0.0,8.5895e-05,0.0002778008,0.0007114234999999999,0.0009683915,0.0017966937,0.0026891191,45Q-2040-l,500Mt-CostDecrease,WV,missing,coal_int_conv pul_CCS,missing,missing,missing,missing,missing,missing,missing,missing,EJ
3385,0.0081606096,0.0101925411999999,0.0,0.0,0.0,0.0,0.0,0.0,0.0,45Q-2040-l,500Mt-CostDecrease,WV,missing,coal_int_conv pul_retire_2020,missing,missing,missing,missing,missing,missing,missing,missing,EJ
3386,0.0009498844,0.0,0.0,0.0,0.0,0.0,0.0,0.0,0.0,45Q-2040-l,500Mt-CostDecrease,WV,missing,coal_peak_conv pul,missing,missing,missing,missing,missing,missing,missing,missing,EJ
3387,8.385880799999999e-05,0.0,0.0,0.0,0.0,0.0,0.0,0.0,0.0,45Q-2040-l,500Mt-CostDecrease,WV,missing,coal_peak_conv pul_retire_2020,missing,missing,missing,missing,missing,missing,missing,missing,EJ
3388,0.006589665,0.0,0.0,0.0,0.0,0.0,0.0,0.0,0.0,45Q-2040-l,500Mt-CostDecrease,WV,missing,coal_subpeak_conv pul,missing,missing,missing,missing,missing,missing,missing,missing,EJ
3389,0.0005817568299999999,0.0,0.0,0.0,0.0,0.0,0.0,0.0,0.0,45Q-2040-l,500Mt-CostDecrease,WV,missing,coal_subpeak_conv pul_retire_2020,missing,missing,missing,missing,missing,missing,missing,missing,EJ
3390,6.400197e-06,0.0001522992,0.0129575436,0.0145719922,0.02368513358,0.02849507552,0.0293953754999999,0.007367147803,0.00157946288716,45Q-2040-l,500Mt-CostDecrease,WV,missing,gas_base_CC,missing,missing,missing,missing,missing,missing,missing,missing,EJ
3391,0.0,0.0,0.0,0.0006763638,0.0070774894,0.0174900738,0.021544163,0.0235916531999999,0.00740891851,45Q-2040-l,500Mt-CostDecrease,WV,missing,gas_base_CC_CCS,missing,missing,missing,missing,missing,missing,missing,missing,EJ
3392,6.200193000000001e-06,0.00014659983999999995,0.0143404158999999,0.0167290916,0.0219338433,0.0291257304999999,0.0331447909,0.0422972329999999,0.0504923743999999,45Q-2040-l,500Mt-CostDecrease,WV,missing,gas_int_CC,missing,missing,missing,missing,missing,missing,missing,missing,EJ
3393,0.0,0.0,0.0,0.0005025949,0.002251735,0.0061060915,0.0084395442,0.0159887299,0.0240722874,45Q-2040-l,500Mt-CostDecrease,WV,missing,gas_int_CC_CCS,missing,missing,missing,missing,missing,missing,missing,missing,EJ
3394,3.0001223e-06,9.079953999999998e-05,5.45631e-07,6.579159000000001e-07,9.848105999999998e-07,9.8150802e-07,1.19721099e-06,1.75496986e-06,3.4168986999999998e-06,45Q-2040-l,500Mt-CostDecrease,WV,missing,gas_peak_CC,missing,missing,missing,missing,missing,missing,missing,missing,EJ
3395,0.0,0.0,0.0,9.817570000000001e-09,4.204996e-08,4.493354e-08,6.66802e-08,1.3927726999999998e-07,3.6498943e-07,45Q-2040-l,500Mt-CostDecrease,WV,missing,gas_peak_CC_CCS,missing,missing,missing,missing,missing,missing,missing,missing,EJ
3396,2.200088e-06,3.199985e-05,4.7196800000000006e-07,5.220076000000001e-07,6.016232000000001e-07,4.677962599999999e-07,6.427009600000001e-07,8.5448327e-07,1.63644205e-06,45Q-2040-l,500Mt-CostDecrease,WV,missing,gas_peak_steam/CT,missing,missing,missing,missing,missing,missing,missing,missing,EJ
3397,1.4300475e-05,0.00043659954,0.00068269418,0.000629305501,0.000546113694,0.000457833139,0.000377641494,0.0003061032009999999,0.00025328021299999995,45Q-2040-l,500Mt-CostDecrease,WV,missing,gas_subpeak_CC,missing,missing,missing,missing,missing,missing,missing,missing,EJ
3398,0.0,0.0,0.0,6.499868e-07,1.7162469e-06,2.6635276e-06,4.1147761e-06,8.9232834e-06,1.48793133e-05,45Q-2040-l,500Mt-CostDecrease,WV,missing,gas_subpeak_CC_CCS,missing,missing,missing,missing,missing,missing,missing,missing,EJ
3399,1.060033e-05,0.0001535997,0.00036057835,0.00032379936,0.00021504562,0.000166414798,0.00015081185,0.000109876442,8.3447282e-05,45Q-2040-l,500Mt-CostDecrease,WV,missing,gas_subpeak_steam/CT,missing,missing,missing,missing,missing,missing,missing,missing,EJ
3400,0.0023262,0.0032791,0.0035716,0.0035662,0.0035623,0.0035628,0.0035548,0.003525,0.0035289,45Q-2040-l,500Mt-CostDecrease,WV,missing,hydro_base,missing,missing,missing,missing,missing,missing,missing,missing,EJ
3401,0.0,0.0,0.0001475917,0.0001258433,5.555942e-05,6.077031e-05,5.6471e-05,3.845635e-05,2.33975e-05,45Q-2040-l,500Mt-CostDecrease,WV,missing,refined liquids_peak_steam/CT,missing,missing,missing,missing,missing,missing,missing,missing,EJ
3402,0.0007484230999999999,0.0007549981,0.0002087827,0.0001666905,7.84258e-05,8.41236e-05,7.57739e-05,5.2421110000000006e-05,3.26979e-05,45Q-2040-l,500Mt-CostDecrease,WV,missing,refined liquids_subpeak_steam/CT,missing,missing,missing,missing,missing,missing,missing,missing,EJ
3403,0.0,0.0,1.81175e-05,0.000191624,0.000638622,0.00120906,0.00156468,0.000900457,0.000516775,45Q-2040-l,500Mt-CostDecrease,WV,missing,rooftop_pv,missing,missing,missing,missing,missing,missing,missing,missing,EJ
3404,0.0,0.000333799,0.00790017,0.00995613,0.02534323,0.04368323,0.05046071,0.05859331,0.05983258,45Q-2040-l,500Mt-CostDecrease,WV,missing,wind_base,missing,missing,missing,missing,missing,missing,missing,missing,EJ
3405,0.0,0.0,0.000201774,0.0002770231,0.0009342321,0.0019811220999999,0.0023770480999999,0.0030117990999999,0.0031055441,45Q-2040-l,500Mt-CostDecrease,WV,missing,wind_base_storage,missing,missing,missing,missing,missing,missing,missing,missing,EJ
3406,0.0,0.0001391,0.00125446,0.00125446,0.00125446,0.00125446,0.00125446,0.0,0.0,45Q-2040-l,500Mt-CostDecrease,WV,missing,wind_int,missing,missing,missing,missing,missing,missing,missing,missing,EJ
3407,0.0,8.33998e-05,0.000752676,0.000752676,0.000752676,0.000752676,0.000752676,0.0,0.0,45Q-2040-l,500Mt-CostDecrease,WV,missing,wind_subpeak,missing,missing,missing,missing,missing,missing,missing,missing,EJ
3408,0.0,0.0,5.15235e-05,6.46018e-05,0.0001044535,0.0001631307,0.0001939681,0.00024380210000000003,0.0002224257,45Q-2040-l,500Mt-CostDecrease,WI,missing,PV_base_storage,missing,missing,missing,missing,missing,missing,missing,missing,EJ
3409,0.0,0.0,0.0133038,0.01775726,0.02825656,0.04324316,0.05052868,0.06790978,0.07792398,45Q-2040-l,500Mt-CostDecrease,WI,missing,PV_int,missing,missing,missing,missing,missing,missing,missing,missing,EJ
3410,0.0,0.0,0.000995022,0.001433593,0.002238506,0.002601631,0.003033899,0.003694574,0.004551802,45Q-2040-l,500Mt-CostDecrease,WI,missing,PV_peak,missing,missing,missing,missing,missing,missing,missing,missing,EJ
3411,0.0,0.0,0.00560141986,0.00851027986,0.01372281986,0.01630509986,0.01944784986,0.02735428,0.03347856,45Q-2040-l,500Mt-CostDecrease,WI,missing,PV_subpeak,missing,missing,missing,missing,missing,missing,missing,missing,EJ
3412,0.0,0.0,0.000260783,7.100755e-05,0.000223866207,0.00035148386,0.00020892212,0.000300925925,0.0001749976328,45Q-2040-l,500Mt-CostDecrease,WI,missing,biogas_base_CC,missing,missing,missing,missing,missing,missing,missing,missing,EJ
3413,0.0,0.0,0.0,3.78805e-05,0.000157449675,0.00034124303,0.00022259993,0.000423042618,0.00027498041850000004,45Q-2040-l,500Mt-CostDecrease,WI,missing,biogas_base_CC_CCS,missing,missing,missing,missing,missing,missing,missing,missing,EJ
3414,0.0,0.0,0.000689012,0.0001838939,0.0004001348,0.0011975231999999,0.0011194597,0.0026680873,0.003644713,45Q-2040-l,500Mt-CostDecrease,WI,missing,biogas_int_CC,missing,missing,missing,missing,missing,missing,missing,missing,EJ
3415,0.0,0.0,0.0,5.69036e-05,0.0001705224,0.000657891,0.0007121231000000001,0.002154619,0.0037049418,45Q-2040-l,500Mt-CostDecrease,WI,missing,biogas_int_CC_CCS,missing,missing,missing,missing,missing,missing,missing,missing,EJ
3416,0.0,0.0,1.37985e-06,6.07371e-07,1.1270599e-06,1.3060611e-06,1.98463e-06,3.944055e-06,8.734720000000001e-06,45Q-2040-l,500Mt-CostDecrease,WI,missing,biogas_peak_CC,missing,missing,missing,missing,missing,missing,missing,missing,EJ
3417,0.0,0.0,0.0,8.45658e-08,1.7108067e-07,2.088856e-07,3.472677e-07,8.50379e-07,2.0288807e-06,45Q-2040-l,500Mt-CostDecrease,WI,missing,biogas_peak_CC_CCS,missing,missing,missing,missing,missing,missing,missing,missing,EJ
3418,0.0,0.0,1.269636e-06,4.985208039999999e-07,9.18494212e-07,8.334009300000002e-07,1.1853544999999998e-06,2.3433300700000005e-06,5.9796437e-06,45Q-2040-l,500Mt-CostDecrease,WI,missing,biogas_peak_steam/CT,missing,missing,missing,missing,missing,missing,missing,missing,EJ
3419,0.0,0.0,3.50134e-05,1.78299e-05,3.1590603000000004e-05,4.214028e-05,6.635423e-05,0.00018206988,0.00027005175,45Q-2040-l,500Mt-CostDecrease,WI,missing,biogas_subpeak_CC,missing,missing,missing,missing,missing,missing,missing,missing,EJ
3420,0.0,0.0,0.0,3.35049e-06,6.962507e-06,1.0189648e-05,1.778155e-05,5.888504e-05,0.00010727024,45Q-2040-l,500Mt-CostDecrease,WI,missing,biogas_subpeak_CC_CCS,missing,missing,missing,missing,missing,missing,missing,missing,EJ
3421,0.0,0.0,2.341752e-05,1.04265683e-05,1.881665679e-05,1.90110798e-05,2.79556242e-05,8.727597490000001e-05,0.0001224077385,45Q-2040-l,500Mt-CostDecrease,WI,missing,biogas_subpeak_steam/CT,missing,missing,missing,missing,missing,missing,missing,missing,EJ
3422,0.0,0.0,0.000550164,0.0003811209,0.0005567867,0.0008215938000000001,0.0009086979000000002,0.00066299823,0.000259913935,45Q-2040-l,500Mt-CostDecrease,WI,missing,biomass_base_IGCC,missing,missing,missing,missing,missing,missing,missing,missing,EJ
3423,0.0,0.0,0.0,2.59876e-05,0.0001460894,0.0008451108,0.0013027385999999,0.0050046514,0.0091892904999999,45Q-2040-l,500Mt-CostDecrease,WI,missing,biomass_base_IGCC_CCS,missing,missing,missing,missing,missing,missing,missing,missing,EJ
3424,0.000428412,0.0009254,0.000219189,0.000292132,0.000426334,0.000518919,0.000390559,3.84217e-05,1.24223e-06,45Q-2040-l,500Mt-CostDecrease,WI,missing,biomass_base_conv,missing,missing,missing,missing,missing,missing,missing,missing,EJ
3425,0.0,0.0,0.0,2.8289e-05,0.0001998959,0.0020867995,0.0033259216999999,0.0383224321,0.1110149954,45Q-2040-l,500Mt-CostDecrease,WI,missing,biomass_base_conv_CCS,missing,missing,missing,missing,missing,missing,missing,missing,EJ
3426,0.0,0.0,9.46449e-05,9.829663e-05,0.00011363723,0.00017244380999999998,0.00020949925,0.00034956419,0.0005524537700000001,45Q-2040-l,500Mt-CostDecrease,WI,missing,biomass_int_IGCC,missing,missing,missing,missing,missing,missing,missing,missing,EJ
3427,0.0,0.0,0.0,3.51939e-06,1.308004e-05,6.157788e-05,9.654048e-05,0.0002866709,0.00061757391,45Q-2040-l,500Mt-CostDecrease,WI,missing,biomass_int_IGCC_CCS,missing,missing,missing,missing,missing,missing,missing,missing,EJ
3428,0.000428411,0.000925399,0.00116932,0.00130111,0.00115981,0.00129592,0.00110372,0.000884426,0.000599824,45Q-2040-l,500Mt-CostDecrease,WI,missing,biomass_int_conv,missing,missing,missing,missing,missing,missing,missing,missing,EJ
3429,0.0,0.0,0.0,5.12174e-06,2.091469e-05,0.0001182291,0.0001871689,0.00063382629,0.00143265017,45Q-2040-l,500Mt-CostDecrease,WI,missing,biomass_int_conv_CCS,missing,missing,missing,missing,missing,missing,missing,missing,EJ
3430,0.0,0.0,0.0,0.000391026,0.001122743,0.002130259,0.002705005,0.00345448,0.0025163009,45Q-2040-l,500Mt-CostDecrease,WI,missing,coal_base_IGCC_CCS,missing,missing,missing,missing,missing,missing,missing,missing,EJ
3431,0.04509402,0.0761729999999999,0.0,0.0,0.0,0.0,0.0,0.0,0.0,45Q-2040-l,500Mt-CostDecrease,WI,missing,coal_base_conv pul,missing,missing,missing,missing,missing,missing,missing,missing,EJ
3432,0.0,0.0,0.002410592,0.0023428869999999,0.001482844,0.0001678795,0.0,0.0,0.0,45Q-2040-l,500Mt-CostDecrease,WI,missing,coal_base_conv pul 1956-1960,missing,missing,missing,missing,missing,missing,missing,missing,EJ
3433,0.0,0.0,0.004379716,0.004327436,0.002927513,0.0004060903,0.0001947827,0.0,0.0,45Q-2040-l,500Mt-CostDecrease,WI,missing,coal_base_conv pul 1961-1965,missing,missing,missing,missing,missing,missing,missing,missing,EJ
3434,0.0,0.0,0.00602314,0.00600475,0.004222149,0.0006791519999999999,0.0004825028,7.10415e-06,0.0,45Q-2040-l,500Mt-CostDecrease,WI,missing,coal_base_conv pul 1966-1970,missing,missing,missing,missing,missing,missing,missing,missing,EJ
3435,0.0,0.0,0.00699805,0.00699181,0.004963699,0.00083234,0.0006944249999999999,1.584765e-05,4.053454000000001e-07,45Q-2040-l,500Mt-CostDecrease,WI,missing,coal_base_conv pul 1971-1975,missing,missing,missing,missing,missing,missing,missing,missing,EJ
3436,0.0,0.0,0.00971773,0.00971152,0.00690239,0.001163316,0.000992153,2.467629e-05,8.00294e-07,45Q-2040-l,500Mt-CostDecrease,WI,missing,coal_base_conv pul 1976-1980,missing,missing,missing,missing,missing,missing,missing,missing,EJ
3437,0.0,0.0,0.00629078,0.0062875299999999,0.004471257,0.000755421,0.0006512779999999999,1.695941e-05,6.49181e-07,45Q-2040-l,500Mt-CostDecrease,WI,missing,coal_base_conv pul 1981-1985,missing,missing,missing,missing,missing,missing,missing,missing,EJ
3438,0.0,0.0,0.000197973,0.0001978781,0.0001407403,2.379572e-05,2.05829e-05,5.438198e-07,2.211583e-08,45Q-2040-l,500Mt-CostDecrease,WI,missing,coal_base_conv pul 1986-1990,missing,missing,missing,missing,missing,missing,missing,missing,EJ
3439,0.0,0.0,0.01402457,0.01401806,0.00997101,0.0016863849999999,0.00146077,3.884047e-05,1.6242769999999998e-06,45Q-2040-l,500Mt-CostDecrease,WI,missing,coal_base_conv pul 2006-2010,missing,missing,missing,missing,missing,missing,missing,missing,EJ
3440,0.0,0.0,0.00814165,0.00813786,0.00578844,0.000978993,0.000848018,2.254805e-05,9.42967e-07,45Q-2040-l,500Mt-CostDecrease,WI,missing,coal_base_conv pul 2011-2015,missing,missing,missing,missing,missing,missing,missing,missing,EJ
3441,0.0,0.0,0.0,0.000483993,0.001315224,0.002385567,0.002974688,0.0036347569999999,0.0023036200999999,45Q-2040-l,500Mt-CostDecrease,WI,missing,coal_base_conv pul_CCS,missing,missing,missing,missing,missing,missing,missing,missing,EJ
3442,0.004882803,0.00824805,0.0,0.0,0.0,0.0,0.0,0.0,0.0,45Q-2040-l,500Mt-CostDecrease,WI,missing,coal_base_conv pul_retire_2020,missing,missing,missing,missing,missing,missing,missing,missing,EJ
3443,0.0,0.0,0.0,7.44665e-05,0.0001913388,0.0005098095,0.0007010721,0.0013039557,0.0021235035,45Q-2040-l,500Mt-CostDecrease,WI,missing,coal_int_IGCC_CCS,missing,missing,missing,missing,missing,missing,missing,missing,EJ
3444,0.064873,0.0827355,0.0,0.0,0.0,0.0,0.0,0.0,0.0,45Q-2040-l,500Mt-CostDecrease,WI,missing,coal_int_conv pul,missing,missing,missing,missing,missing,missing,missing,missing,EJ
3445,0.0,0.0,0.002856608,0.00277758,0.002326317,0.00101702,0.0,0.0,0.0,45Q-2040-l,500Mt-CostDecrease,WI,missing,coal_int_conv pul 1956-1960,missing,missing,missing,missing,missing,missing,missing,missing,EJ
3446,0.0,0.0,0.005190072,0.005130333,0.004592743,0.002460111,0.001374161,0.0,0.0,45Q-2040-l,500Mt-CostDecrease,WI,missing,coal_int_conv pul 1961-1965,missing,missing,missing,missing,missing,missing,missing,missing,EJ
3447,0.0,0.0,0.0071375699999999,0.00711884,0.0066238,0.004114322,0.003403988,0.000918483,0.0,45Q-2040-l,500Mt-CostDecrease,WI,missing,coal_int_conv pul 1966-1970,missing,missing,missing,missing,missing,missing,missing,missing,EJ
3448,0.0,0.0,0.00829287,0.00828904,0.0077871799999999,0.005042356,0.004899048,0.002048918,0.000811624,45Q-2040-l,500Mt-CostDecrease,WI,missing,coal_int_conv pul 1971-1975,missing,missing,missing,missing,missing,missing,missing,missing,EJ
3449,0.0,0.0,0.01151575,0.0115133499999999,0.01082862,0.00704741,0.00699948,0.003190362,0.00160243,45Q-2040-l,500Mt-CostDecrease,WI,missing,coal_int_conv pul 1976-1980,missing,missing,missing,missing,missing,missing,missing,missing,EJ
3450,0.0,0.0,0.00745474,0.0074541,0.00701461,0.004576366,0.004594669,0.00219265,0.001299856,45Q-2040-l,500Mt-CostDecrease,WI,missing,coal_int_conv pul 1981-1985,missing,missing,missing,missing,missing,missing,missing,missing,EJ
3451,0.0,0.0,0.0002346035,0.0002345914,0.0002207965,0.0001441551,0.00014520910000000002,7.030960000000001e-05,4.428244e-05,45Q-2040-l,500Mt-CostDecrease,WI,missing,coal_int_conv pul 1986-1990,missing,missing,missing,missing,missing,missing,missing,missing,EJ
3452,0.0,0.0,0.01661948,0.01661891,0.01564276,0.01021618,0.01030551,0.0050216099999999,0.0032522899999999,45Q-2040-l,500Mt-CostDecrease,WI,missing,coal_int_conv pul 2006-2010,missing,missing,missing,missing,missing,missing,missing,missing,EJ
3453,0.0,0.0,0.00964805,0.00964773,0.00908105,0.00593077,0.00598264,0.002915204,0.001888104,45Q-2040-l,500Mt-CostDecrease,WI,missing,coal_int_conv pul 2011-2015,missing,missing,missing,missing,missing,missing,missing,missing,EJ
3454,0.0,0.0,0.0,9.58404e-05,0.0002343972,0.0005877652,0.0007902742,0.0014002523,0.0022045055999999,45Q-2040-l,500Mt-CostDecrease,WI,missing,coal_int_conv pul_CCS,missing,missing,missing,missing,missing,missing,missing,missing,EJ
3455,0.00702448,0.00895864,0.0,0.0,0.0,0.0,0.0,0.0,0.0,45Q-2040-l,500Mt-CostDecrease,WI,missing,coal_int_conv pul_retire_2020,missing,missing,missing,missing,missing,missing,missing,missing,EJ
3456,0.0008774070000000001,0.0,0.0,0.0,0.0,0.0,0.0,0.0,0.0,45Q-2040-l,500Mt-CostDecrease,WI,missing,coal_peak_conv pul,missing,missing,missing,missing,missing,missing,missing,missing,EJ
3457,9.5006e-05,0.0,0.0,0.0,0.0,0.0,0.0,0.0,0.0,45Q-2040-l,500Mt-CostDecrease,WI,missing,coal_peak_conv pul_retire_2020,missing,missing,missing,missing,missing,missing,missing,missing,EJ
3458,0.0052586989999999,0.0,0.0,0.0,0.0,0.0,0.0,0.0,0.0,45Q-2040-l,500Mt-CostDecrease,WI,missing,coal_subpeak_conv pul,missing,missing,missing,missing,missing,missing,missing,missing,EJ
3459,0.0005694140000000001,0.0,0.0,0.0,0.0,0.0,0.0,0.0,0.0,45Q-2040-l,500Mt-CostDecrease,WI,missing,coal_subpeak_conv pul_retire_2020,missing,missing,missing,missing,missing,missing,missing,missing,EJ
3460,0.0001263034,0.0037942,0.01615619,0.01706957,0.01782748,0.015346118,0.015198646,0.0034817576999999,0.000907148087,45Q-2040-l,500Mt-CostDecrease,WI,missing,gas_base_CC,missing,missing,missing,missing,missing,missing,missing,missing,EJ
3461,0.0,0.0,0.0,0.000758106,0.002857409,0.005762827,0.007306739,0.007975258,0.0031021791,45Q-2040-l,500Mt-CostDecrease,WI,missing,gas_base_CC_CCS,missing,missing,missing,missing,missing,missing,missing,missing,EJ
3462,6.650180000000001e-05,0.001995894,0.03127313,0.03236507,0.03281316,0.03567031,0.03666919,0.04031972,0.04506471,45Q-2040-l,500Mt-CostDecrease,WI,missing,gas_int_CC,missing,missing,missing,missing,missing,missing,missing,missing,EJ
3463,0.0,0.0,0.0,0.000507736,0.001630734,0.004459582,0.006113614,0.011149123,0.017751082,45Q-2040-l,500Mt-CostDecrease,WI,missing,gas_int_CC_CCS,missing,missing,missing,missing,missing,missing,missing,missing,EJ
3464,4.97006e-05,0.001920684,0.0014941943,0.00136224041,0.00113193549,0.0009237558,0.0007464624500000001,0.00054364248,0.00039485599,45Q-2040-l,500Mt-CostDecrease,WI,missing,gas_peak_CC,missing,missing,missing,missing,missing,missing,missing,missing,EJ
3465,0.0,0.0,0.0,4.41259e-07,9.80832e-07,1.461246e-06,2.146052e-06,3.528339e-06,7.345945e-06,45Q-2040-l,500Mt-CostDecrease,WI,missing,gas_peak_CC_CCS,missing,missing,missing,missing,missing,missing,missing,missing,EJ
3466,3.68005e-05,0.000675595,0.000712154,0.000602955,0.000313758,0.000223265,0.000192967,0.00010665,5.27096e-05,45Q-2040-l,500Mt-CostDecrease,WI,missing,gas_peak_steam/CT,missing,missing,missing,missing,missing,missing,missing,missing,EJ
3467,0.000321806,0.01244648,0.01083094,0.010185024,0.008957635,0.007752501,0.0067516759999999,0.005978086,0.005571908,45Q-2040-l,500Mt-CostDecrease,WI,missing,gas_subpeak_CC,missing,missing,missing,missing,missing,missing,missing,missing,EJ
3468,0.0,0.0,0.0,2.56094e-05,5.58564e-05,8.42904e-05,0.0001257339,0.00026043590000000003,0.0004554017000000001,45Q-2040-l,500Mt-CostDecrease,WI,missing,gas_subpeak_CC_CCS,missing,missing,missing,missing,missing,missing,missing,missing,EJ
3469,0.000238405,0.00437799,0.00487445,0.00418808,0.00242111,0.00180172,0.00153406,0.000892935,0.000460993,45Q-2040-l,500Mt-CostDecrease,WI,missing,gas_subpeak_steam/CT,missing,missing,missing,missing,missing,missing,missing,missing,EJ
3470,0.0061141,0.0056262,0.009344,0.0093297,0.0093195,0.0093209,0.0093,0.009222,0.0092323,45Q-2040-l,500Mt-CostDecrease,WI,missing,hydro_base,missing,missing,missing,missing,missing,missing,missing,missing,EJ
3471,0.0428394,0.037028,0.0375251,0.0375206,0.0173807,0.0,0.0,0.0,0.0,45Q-2040-l,500Mt-CostDecrease,WI,missing,nuc_base_Gen II,missing,missing,missing,missing,missing,missing,missing,missing,EJ
3472,0.0,0.0,0.0,0.0,0.00321879,0.00797652,0.01050243,0.01463285,0.01716088,45Q-2040-l,500Mt-CostDecrease,WI,missing,nuc_base_Gen III,missing,missing,missing,missing,missing,missing,missing,missing,EJ
3473,0.0,0.0,0.000176293,0.000143505,6.63016e-05,6.93457e-05,6.2053e-05,4.13872e-05,2.35304e-05,45Q-2040-l,500Mt-CostDecrease,WI,missing,refined liquids_peak_steam/CT,missing,missing,missing,missing,missing,missing,missing,missing,EJ
3474,0.000231405,0.0024166,0.000206716,0.000166846,8.34095e-05,8.5779e-05,7.50722e-05,5.10526e-05,2.99863e-05,45Q-2040-l,500Mt-CostDecrease,WI,missing,refined liquids_subpeak_steam/CT,missing,missing,missing,missing,missing,missing,missing,missing,EJ
3475,0.0,0.0,5.40647e-05,0.000532962,0.00171249,0.00307787,0.00427017,0.00300491,0.00177714,45Q-2040-l,500Mt-CostDecrease,WI,missing,rooftop_pv,missing,missing,missing,missing,missing,missing,missing,missing,EJ
3476,0.0,0.0002006,0.01558953,0.02085333,0.03226373,0.04414063,0.05002025,0.05628698,0.05286083,45Q-2040-l,500Mt-CostDecrease,WI,missing,wind_base,missing,missing,missing,missing,missing,missing,missing,missing,EJ
3477,0.0,0.0,0.0,0.000333571,0.002253551,0.0050039909999999,0.006640571,0.009677321,0.0120345,45Q-2040-l,500Mt-CostDecrease,WI,missing,wind_base_offshore,missing,missing,missing,missing,missing,missing,missing,missing,EJ
3478,0.0,0.0,0.000290376,0.000402824,0.000669462,0.001035132,0.001222356,0.001521873,0.001418633,45Q-2040-l,500Mt-CostDecrease,WI,missing,wind_base_storage,missing,missing,missing,missing,missing,missing,missing,missing,EJ
3479,0.0,8.35999e-05,0.00144197,0.00144197,0.00144197,0.00144197,0.00144197,0.0,0.0,45Q-2040-l,500Mt-CostDecrease,WI,missing,wind_int,missing,missing,missing,missing,missing,missing,missing,missing,EJ
3480,0.0,5.01999e-05,0.000865182,0.000865182,0.000865182,0.000865182,0.000865182,0.0,0.0,45Q-2040-l,500Mt-CostDecrease,WI,missing,wind_subpeak,missing,missing,missing,missing,missing,missing,missing,missing,EJ
3481,0.0,0.0,0.000343594,0.0004015962,0.0009422192,0.0015172312,0.0017539542,0.0022310832,0.0022250612,45Q-2040-l,500Mt-CostDecrease,WY,missing,CSP_base_storage,missing,missing,missing,missing,missing,missing,missing,missing,EJ
3482,0.0,0.0,0.001575236,0.002249286,0.004777526,0.007700926,0.010095546,0.016675466,0.02418565,45Q-2040-l,500Mt-CostDecrease,WY,missing,CSP_int,missing,missing,missing,missing,missing,missing,missing,missing,EJ
3483,0.0,0.0,2.8553e-07,4.501458e-07,1.0142318e-06,1.3531378e-06,1.7695618e-06,2.7774757999999995e-06,4.2635298e-06,45Q-2040-l,500Mt-CostDecrease,WY,missing,CSP_peak,missing,missing,missing,missing,missing,missing,missing,missing,EJ
3484,0.0001111018,9.98994e-05,0.00060951774,0.0006193799400000001,0.0006520059400000001,0.0006624937400000001,0.0006916617400000001,0.00035814774000000004,0.0004810296000000001,45Q-2040-l,500Mt-CostDecrease,WY,missing,CSP_subpeak,missing,missing,missing,missing,missing,missing,missing,missing,EJ
3485,0.0,0.0,4.35118e-05,5.151435e-05,0.00012884075,0.00021306945,0.00024830295000000005,0.00032007335000000005,0.00032769665,45Q-2040-l,500Mt-CostDecrease,WY,missing,PV_base_storage,missing,missing,missing,missing,missing,missing,missing,missing,EJ
3486,0.0,0.0,0.00797822,0.01104053,0.0183327699999999,0.0236116299999999,0.02772044,0.03831114,0.04428872,45Q-2040-l,500Mt-CostDecrease,WY,missing,PV_int,missing,missing,missing,missing,missing,missing,missing,missing,EJ
3487,0.0,0.0,1.44615e-06,2.194024e-06,3.821034e-06,4.433008e-06,5.14753e-06,6.76982e-06,8.04493e-06,45Q-2040-l,500Mt-CostDecrease,WY,missing,PV_peak,missing,missing,missing,missing,missing,missing,missing,missing,EJ
3488,0.0,0.0,7.91814e-05,0.0001239869,0.0002180907,0.0002370288,0.0002870765,0.0007061545,0.0008397421,45Q-2040-l,500Mt-CostDecrease,WY,missing,PV_subpeak,missing,missing,missing,missing,missing,missing,missing,missing,EJ
3489,0.0,0.0,0.000212276,4.283819e-05,0.000423710607,0.000496709821,0.000237503907,0.000431515938,0.0002955405375,45Q-2040-l,500Mt-CostDecrease,WY,missing,biogas_base_CC,missing,missing,missing,missing,missing,missing,missing,missing,EJ
3490,0.0,0.0,0.0,2.25586e-05,0.000300757742,0.0004911956470000001,0.000261475236,0.0006201811750000001,0.0004747778766,45Q-2040-l,500Mt-CostDecrease,WY,missing,biogas_base_CC_CCS,missing,missing,missing,missing,missing,missing,missing,missing,EJ
3491,0.0,0.0,0.0004425,0.0001525369,0.00048734654,0.0007739502,0.0008227627,0.0017444812,0.0021622995,45Q-2040-l,500Mt-CostDecrease,WY,missing,biogas_int_CC,missing,missing,missing,missing,missing,missing,missing,missing,EJ
3492,0.0,0.0,0.0,5.28654e-05,0.00022347167,0.0004498631,0.0005504676,0.0015671838,0.0024919028,45Q-2040-l,500Mt-CostDecrease,WY,missing,biogas_int_CC_CCS,missing,missing,missing,missing,missing,missing,missing,missing,EJ
3493,0.0,0.0,2.05054e-09,1.2385e-09,3.94372e-09,3.055366e-09,4.186768e-09,8.895813e-09,1.3869566e-08,45Q-2040-l,500Mt-CostDecrease,WY,missing,biogas_peak_CC,missing,missing,missing,missing,missing,missing,missing,missing,EJ
3494,0.0,0.0,0.0,1.86055e-10,6.1869e-10,4.73176e-10,6.1711e-10,1.76278e-09,2.981893e-09,45Q-2040-l,500Mt-CostDecrease,WY,missing,biogas_peak_CC_CCS,missing,missing,missing,missing,missing,missing,missing,missing,EJ
3495,0.0,0.0,1.908021e-09,1.109349e-09,3.418806e-09,2.437669e-09,3.088993e-09,6.9909900000000005e-09,1.092308e-08,45Q-2040-l,500Mt-CostDecrease,WY,missing,biogas_peak_steam/CT,missing,missing,missing,missing,missing,missing,missing,missing,EJ
3496,0.0,0.0,1.71884e-07,2.1820565000000002e-07,9.9311812e-07,4.777446e-07,1.2601702e-06,9.3631378e-06,5.06982406e-06,45Q-2040-l,500Mt-CostDecrease,WY,missing,biogas_subpeak_CC,missing,missing,missing,missing,missing,missing,missing,missing,EJ
3497,0.0,0.0,0.0,4.50413e-08,2.27824826e-07,1.3162982e-07,3.5402381e-07,2.89899362e-06,2.34990177e-06,45Q-2040-l,500Mt-CostDecrease,WY,missing,biogas_subpeak_CC_CCS,missing,missing,missing,missing,missing,missing,missing,missing,EJ
3498,0.0,0.0,1.16341e-07,1.417036e-07,6.36026e-07,2.50474875e-07,7.132428159999999e-07,5.802787768e-06,2.7703069689999997e-06,45Q-2040-l,500Mt-CostDecrease,WY,missing,biogas_subpeak_steam/CT,missing,missing,missing,missing,missing,missing,missing,missing,EJ
3499,0.0,0.0,3.05372e-05,2.318556e-05,7.965374e-05,0.00017892671999999998,0.0002149166,0.000319713934,0.0002337806524,45Q-2040-l,500Mt-CostDecrease,WY,missing,biomass_base_IGCC,missing,missing,missing,missing,missing,missing,missing,missing,EJ
3500,0.0,0.0,0.0,2.92795e-06,6.075788e-05,0.00037824663,0.00057424832,0.0032365473799999,0.00732561067,45Q-2040-l,500Mt-CostDecrease,WY,missing,biomass_base_IGCC_CCS,missing,missing,missing,missing,missing,missing,missing,missing,EJ
3501,0.0,0.0,6.179650000000001e-05,3.114459999999999e-05,0.00011424535,0.00024508396,0.00026195341999999994,0.000363400205,0.0002766788877,45Q-2040-l,500Mt-CostDecrease,WY,missing,biomass_base_conv,missing,missing,missing,missing,missing,missing,missing,missing,EJ
3502,0.0,0.0,0.0,3.19406e-06,8.614589e-05,0.00095102883,0.00148662731,0.02735669014,0.10123820307,45Q-2040-l,500Mt-CostDecrease,WY,missing,biomass_base_conv_CCS,missing,missing,missing,missing,missing,missing,missing,missing,EJ
3503,0.0,0.0,1.064452e-05,1.289844e-05,2.2927450000000004e-05,4.223614e-05,6.195423e-05,0.00012537589000000002,0.00021579533,45Q-2040-l,500Mt-CostDecrease,WY,missing,biomass_int_IGCC,missing,missing,missing,missing,missing,missing,missing,missing,EJ
3504,0.0,0.0,0.0,1.359738e-06,7.492341999999999e-06,2.3989666e-05,4.2808266e-05,0.000130915805,0.000285467314,45Q-2040-l,500Mt-CostDecrease,WY,missing,biomass_int_IGCC_CCS,missing,missing,missing,missing,missing,missing,missing,missing,EJ
3505,0.0,0.0,2.949641e-05,3.147085000000001e-05,5.268868e-05,9.550908e-05,0.00013428666,0.00025159859000000004,0.00039760403,45Q-2040-l,500Mt-CostDecrease,WY,missing,biomass_int_conv,missing,missing,missing,missing,missing,missing,missing,missing,EJ
3506,0.0,0.0,0.0,1.981428e-06,1.2127096e-05,4.5305496e-05,8.2493685e-05,0.000290034284,0.000664110207,45Q-2040-l,500Mt-CostDecrease,WY,missing,biomass_int_conv_CCS,missing,missing,missing,missing,missing,missing,missing,missing,EJ
3507,0.0,0.0,0.0,0.000221341,0.00154131,0.002887441,0.003498625,0.0045324099,0.0036978251,45Q-2040-l,500Mt-CostDecrease,WY,missing,coal_base_IGCC_CCS,missing,missing,missing,missing,missing,missing,missing,missing,EJ
3508,0.08052086,0.10546483,0.0,0.0,0.0,0.0,0.0,0.0,0.0,45Q-2040-l,500Mt-CostDecrease,WY,missing,coal_base_conv pul,missing,missing,missing,missing,missing,missing,missing,missing,EJ
3509,0.0,0.0,0.00014996779999999998,0.00013338023,5.681944e-05,0.0,0.0,0.0,0.0,45Q-2040-l,500Mt-CostDecrease,WY,missing,coal_base_conv pul 1951-1955,missing,missing,missing,missing,missing,missing,missing,missing,EJ
3510,0.0,0.0,0.0016225939999999,0.001577032,0.0008930093,9.00089e-05,0.0,0.0,0.0,45Q-2040-l,500Mt-CostDecrease,WY,missing,coal_base_conv pul 1956-1960,missing,missing,missing,missing,missing,missing,missing,missing,EJ
3511,0.0,0.0,0.0102288669999999,0.010106821,0.006117199,0.000755448,0.0003402854,0.0,0.0,45Q-2040-l,500Mt-CostDecrease,WY,missing,coal_base_conv pul 1961-1965,missing,missing,missing,missing,missing,missing,missing,missing,EJ
3512,0.0,0.0,0.004987849,0.0049726339999999,0.003128208,0.0004479797,0.0002988836,5.531e-06,0.0,45Q-2040-l,500Mt-CostDecrease,WY,missing,coal_base_conv pul 1966-1970,missing,missing,missing,missing,missing,missing,missing,missing,EJ
3513,0.0,0.0,0.02779999,0.02776554,0.01760788,0.0026104039999999,0.001986258,5.147423e-05,1.2474415e-06,45Q-2040-l,500Mt-CostDecrease,WY,missing,coal_base_conv pul 1971-1975,missing,missing,missing,missing,missing,missing,missing,missing,EJ
3514,0.0,0.0,0.02473417,0.02471857,0.01571835,0.0023584749999999,0.001888962,5.904945e-05,2.226441e-06,45Q-2040-l,500Mt-CostDecrease,WY,missing,coal_base_conv pul 1976-1980,missing,missing,missing,missing,missing,missing,missing,missing,EJ
3515,0.0,0.0,0.03193836,0.03192054,0.02030514,0.0030515319999999,0.0024611159999999,7.921936e-05,3.306e-06,45Q-2040-l,500Mt-CostDecrease,WY,missing,coal_base_conv pul 1981-1985,missing,missing,missing,missing,missing,missing,missing,missing,EJ
3516,0.0,0.0,0.001923601,0.0019227089999999,0.0012235782,0.0001842281,0.0001498265,5.001885e-06,2.420628e-07,45Q-2040-l,500Mt-CostDecrease,WY,missing,coal_base_conv pul 1991-1995,missing,missing,missing,missing,missing,missing,missing,missing,EJ
3517,0.0,0.0,0.001910539,0.001909659,0.001215286,0.0001829876,0.000148851,4.974063e-06,2.417506e-07,45Q-2040-l,500Mt-CostDecrease,WY,missing,coal_base_conv pul 2001-2005,missing,missing,missing,missing,missing,missing,missing,missing,EJ
3518,0.0,0.0,0.004844877,0.004842651,0.003081806,0.0004640345,0.0003774728,1.2614715999999998e-05,6.133117e-07,45Q-2040-l,500Mt-CostDecrease,WY,missing,coal_base_conv pul 2006-2010,missing,missing,missing,missing,missing,missing,missing,missing,EJ
3519,0.0,0.0,0.008902308,0.008898207,0.005662716,0.0008526492,0.0006935957,2.3179350000000004e-05,1.1269760000000002e-06,45Q-2040-l,500Mt-CostDecrease,WY,missing,coal_base_conv pul 2011-2015,missing,missing,missing,missing,missing,missing,missing,missing,EJ
3520,0.0,0.0,0.0,0.000275761,0.00178298,0.003218786,0.0038468029999999,0.00478114,0.0034529739,45Q-2040-l,500Mt-CostDecrease,WY,missing,coal_base_conv pul_CCS,missing,missing,missing,missing,missing,missing,missing,missing,EJ
3521,0.006951283,0.009104665,0.0,0.0,0.0,0.0,0.0,0.0,0.0,45Q-2040-l,500Mt-CostDecrease,WY,missing,coal_base_conv pul_retire_2020,missing,missing,missing,missing,missing,missing,missing,missing,EJ
3522,0.0,0.0,0.0,6.56563e-05,0.000211919,0.00041036730000000007,0.0005864902,0.0010518272999999,0.0016649742,45Q-2040-l,500Mt-CostDecrease,WY,missing,coal_int_IGCC_CCS,missing,missing,missing,missing,missing,missing,missing,missing,EJ
3523,0.05582691,0.05074952,0.0,0.0,0.0,0.0,0.0,0.0,0.0,45Q-2040-l,500Mt-CostDecrease,WY,missing,coal_int_conv pul,missing,missing,missing,missing,missing,missing,missing,missing,EJ
3524,0.0,0.0,4.653566e-05,4.14054e-05,2.490303e-05,0.0,0.0,0.0,0.0,45Q-2040-l,500Mt-CostDecrease,WY,missing,coal_int_conv pul 1951-1955,missing,missing,missing,missing,missing,missing,missing,missing,EJ
3525,0.0,0.0,0.0005035003,0.0004895616,0.0003913921,0.00012792036,0.0,0.0,0.0,45Q-2040-l,500Mt-CostDecrease,WY,missing,coal_int_conv pul 1956-1960,missing,missing,missing,missing,missing,missing,missing,missing,EJ
3526,0.0,0.0,0.0031740709999999,0.003137483,0.00268107,0.0010736379,0.0005869584000000001,0.0,0.0,45Q-2040-l,500Mt-CostDecrease,WY,missing,coal_int_conv pul 1961-1965,missing,missing,missing,missing,missing,missing,missing,missing,EJ
3527,0.0,0.0,0.001547749,0.0015436669999999,0.001371043,0.0006366643,0.0005155446,7.178446000000001e-05,0.0,45Q-2040-l,500Mt-CostDecrease,WY,missing,coal_int_conv pul 1966-1970,missing,missing,missing,missing,missing,missing,missing,missing,EJ
3528,0.0,0.0,0.0086264899999999,0.008619301,0.007717275,0.003709886,0.003426108,0.0006680617000000001,0.0001712536,45Q-2040-l,500Mt-CostDecrease,WY,missing,coal_int_conv pul 1971-1975,missing,missing,missing,missing,missing,missing,missing,missing,EJ
3529,0.0,0.0,0.0076751489999999,0.007673425,0.0068890819999999,0.003351855,0.003258278,0.0007663777,0.00030565430000000003,45Q-2040-l,500Mt-CostDecrease,WY,missing,coal_int_conv pul 1976-1980,missing,missing,missing,missing,missing,missing,missing,missing,EJ
3530,0.0,0.0,0.0099106199999999,0.00990918,0.008899443,0.004336809,0.004245186,0.0010281533,0.0004538613,45Q-2040-l,500Mt-CostDecrease,WY,missing,coal_int_conv pul 1981-1985,missing,missing,missing,missing,missing,missing,missing,missing,EJ
3531,0.0,0.0,0.0005969029,0.0005968718000000001,0.0005362755000000001,0.0002618234,0.0002584368,6.491722e-05,3.32313e-05,45Q-2040-l,500Mt-CostDecrease,WY,missing,coal_int_conv pul 1991-1995,missing,missing,missing,missing,missing,missing,missing,missing,EJ
3532,0.0,0.0,0.0005928505,0.0005928207,0.0005326408,0.0002600611,0.0002567534,6.455613e-05,3.318846e-05,45Q-2040-l,500Mt-CostDecrease,WY,missing,coal_int_conv pul 2001-2005,missing,missing,missing,missing,missing,missing,missing,missing,EJ
3533,0.0,0.0,0.001503384,0.001503317,0.0013507045,0.0006594829,0.0006511049000000001,0.000163721,8.419778000000001e-05,45Q-2040-l,500Mt-CostDecrease,WY,missing,coal_int_conv pul 2006-2010,missing,missing,missing,missing,missing,missing,missing,missing,EJ
3534,0.0,0.0,0.00276243,0.0027622879999999,0.0024818839999999,0.001211779,0.0011963859,0.00030083510000000004,0.0001547154,45Q-2040-l,500Mt-CostDecrease,WY,missing,coal_int_conv pul 2011-2015,missing,missing,missing,missing,missing,missing,missing,missing,EJ
3535,0.0,0.0,0.0,8.473270000000001e-05,0.0002585014,0.0004790683,0.0006658504999999999,0.0011371071,0.0017392113,45Q-2040-l,500Mt-CostDecrease,WY,missing,coal_int_conv pul_CCS,missing,missing,missing,missing,missing,missing,missing,missing,EJ
3536,0.00481947,0.004381156,0.0,0.0,0.0,0.0,0.0,0.0,0.0,45Q-2040-l,500Mt-CostDecrease,WY,missing,coal_int_conv pul_retire_2020,missing,missing,missing,missing,missing,missing,missing,missing,EJ
3537,0.0007384702,0.0,0.0,0.0,0.0,0.0,0.0,0.0,0.0,45Q-2040-l,500Mt-CostDecrease,WY,missing,coal_peak_conv pul,missing,missing,missing,missing,missing,missing,missing,missing,EJ
3538,6.37514e-05,0.0,0.0,0.0,0.0,0.0,0.0,0.0,0.0,45Q-2040-l,500Mt-CostDecrease,WY,missing,coal_peak_conv pul_retire_2020,missing,missing,missing,missing,missing,missing,missing,missing,EJ
3539,0.004907522,0.0,0.0,0.0,0.0,0.0,0.0,0.0,0.0,45Q-2040-l,500Mt-CostDecrease,WY,missing,coal_subpeak_conv pul,missing,missing,missing,missing,missing,missing,missing,missing,EJ
3540,0.0004236615,0.0,0.0,0.0,0.0,0.0,0.0,0.0,0.0,45Q-2040-l,500Mt-CostDecrease,WY,missing,coal_subpeak_conv pul_retire_2020,missing,missing,missing,missing,missing,missing,missing,missing,EJ
3541,3.3000657e-06,3.4099591e-05,0.01018963,0.011518165,0.018342913,0.018433436,0.01840719,0.0056516977,0.00167262605,45Q-2040-l,500Mt-CostDecrease,WY,missing,gas_base_CC,missing,missing,missing,missing,missing,missing,missing,missing,EJ
3542,0.0,0.0,0.0,0.00051198,0.005325683,0.010094096,0.012137811,0.014724693,0.0078548986999999,45Q-2040-l,500Mt-CostDecrease,WY,missing,gas_base_CC_CCS,missing,missing,missing,missing,missing,missing,missing,missing,EJ
3543,1.3900205e-05,0.00014389846,0.0101027151299999,0.0129416452199999,0.0183468313099999,0.02198770174,0.02532274592,0.0291969627799999,0.0329375005699999,45Q-2040-l,500Mt-CostDecrease,WY,missing,gas_int_CC,missing,missing,missing,missing,missing,missing,missing,missing,EJ
3544,0.0,0.0,0.0,0.0005122289,0.0021512525,0.0041747871,0.0059283424,0.01036055,0.0159832008999999,45Q-2040-l,500Mt-CostDecrease,WY,missing,gas_int_CC_CCS,missing,missing,missing,missing,missing,missing,missing,missing,EJ
3545,4.0001091e-07,4.799900299999999e-06,7.699976250000001e-06,6.998382856e-06,5.697806661000002e-06,4.324384196e-06,3.43156938e-06,1.855005832e-06,9.97191134e-07,45Q-2040-l,500Mt-CostDecrease,WY,missing,gas_peak_CC,missing,missing,missing,missing,missing,missing,missing,missing,EJ
3546,0.0,0.0,0.0,4.87767e-10,1.650162e-09,2.478207e-09,3.562712e-09,6.091039e-09,1.0221559e-08,45Q-2040-l,500Mt-CostDecrease,WY,missing,gas_peak_CC_CCS,missing,missing,missing,missing,missing,missing,missing,missing,EJ
3547,3.000084e-07,1.699967e-06,3.61054821e-06,3.10733684e-06,1.472955725e-06,7.892882830000001e-07,6.610469380000001e-07,1.9505986600000002e-07,9.377806800000003e-08,45Q-2040-l,500Mt-CostDecrease,WY,missing,gas_peak_steam/CT,missing,missing,missing,missing,missing,missing,missing,missing,EJ
3548,2.4000358e-06,3.1399783e-05,1.5933417799999998e-05,1.5966124900000003e-05,1.85223123e-05,1.69463535e-05,1.91662028e-05,4.23035187e-05,4.229732150000001e-05,45Q-2040-l,500Mt-CostDecrease,WY,missing,gas_subpeak_CC,missing,missing,missing,missing,missing,missing,missing,missing,EJ
3549,0.0,0.0,0.0,1.41272e-07,7.599757000000001e-07,9.870904e-07,1.6679861e-06,7.453207e-06,1.0247413400000002e-05,45Q-2040-l,500Mt-CostDecrease,WY,missing,gas_subpeak_CC_CCS,missing,missing,missing,missing,missing,missing,missing,missing,EJ
3550,1.700033e-06,1.099994e-05,8.021329e-06,8.123187e-06,7.788099e-06,5.142822e-06,6.930354e-06,1.81276762e-05,1.06403327e-05,45Q-2040-l,500Mt-CostDecrease,WY,missing,gas_subpeak_steam/CT,missing,missing,missing,missing,missing,missing,missing,missing,EJ
3551,0.0,0.0,0.000375205,0.0004482929,0.00115815,0.0020820166,0.0025236823,0.0032260608999999,0.0024289902,45Q-2040-l,500Mt-CostDecrease,WY,missing,geo_base,missing,missing,missing,missing,missing,missing,missing,missing,EJ
3552,0.0021876,0.0029721,0.0037254,0.0037197,0.0037157,0.0037162,0.0037079,0.0036768,0.0036809,45Q-2040-l,500Mt-CostDecrease,WY,missing,hydro_base,missing,missing,missing,missing,missing,missing,missing,missing,EJ
3553,0.0,0.0,4.07539e-06,4.64235e-06,2.40529e-06,1.69303e-06,1.23595e-06,9.63888e-08,4.57863e-09,45Q-2040-l,500Mt-CostDecrease,WY,missing,refined liquids_base_steam/CT,missing,missing,missing,missing,missing,missing,missing,missing,EJ
3554,0.0,0.0,5.77211e-05,6.66286e-05,3.42702e-05,3.19737e-05,2.68489e-05,1.28618e-05,6.69508e-06,45Q-2040-l,500Mt-CostDecrease,WY,missing,refined liquids_int_steam/CT,missing,missing,missing,missing,missing,missing,missing,missing,EJ
3555,0.0,0.0,0.0,0.0,0.0,0.0,0.0,0.0,0.0,45Q-2040-l,500Mt-CostDecrease,WY,missing,refined liquids_peak_steam/CT,missing,missing,missing,missing,missing,missing,missing,missing,EJ
3556,0.000201403,0.000165999,0.0,0.0,0.0,0.0,0.0,0.0,0.0,45Q-2040-l,500Mt-CostDecrease,WY,missing,refined liquids_subpeak_steam/CT,missing,missing,missing,missing,missing,missing,missing,missing,EJ
3557,0.0,0.0,5.73828e-05,0.000321698,0.000510819,0.00105294,0.00145057,0.00097666,0.000498434,45Q-2040-l,500Mt-CostDecrease,WY,missing,rooftop_pv,missing,missing,missing,missing,missing,missing,missing,missing,EJ
3558,0.0,0.00155538,0.0260041,0.0310280899999999,0.07352699,0.10733669,0.12185689,0.1421444899999999,0.16087769,45Q-2040-l,500Mt-CostDecrease,WY,missing,wind_base,missing,missing,missing,missing,missing,missing,missing,missing,EJ
3559,0.0,0.0,0.000255073,0.000342976,0.001171022,0.002051541,0.002422601,0.003190641,0.0034960399999999,45Q-2040-l,500Mt-CostDecrease,WY,missing,wind_base_storage,missing,missing,missing,missing,missing,missing,missing,missing,EJ
3560,0.0,0.000648093,0.0,0.0,0.0,0.0,0.0,0.0,0.0,45Q-2040-l,500Mt-CostDecrease,WY,missing,wind_int,missing,missing,missing,missing,missing,missing,missing,missing,EJ
3561,0.0,0.000388898,0.0,0.0,0.0,0.0,0.0,0.0,0.0,45Q-2040-l,500Mt-CostDecrease,WY,missing,wind_subpeak,missing,missing,missing,missing,missing,missing,missing,missing,EJ
