1990,2005,2010,2015,2020,2025,2030,2035,2040,2045,2050,2055,2060,2065,2070,2075,2080,2085,2090,2095,2100,SSP,Version,GCAM,sector,subsector,technology,output,concentration,input,product,fuel,LandLeaf,GHG,Units
0.363544,0.644215,0.762866,0.909664,1.05186,1.18086,1.32018,1.45828,1.59976,1.74326,1.88446,2.01934,2.14878,2.27217,2.3888,2.49893,2.6021,2.69668,2.78243,2.85961,2.92865,SSP1,LowGCAMLandShare baseline,Global,missing,missing,missing,missing,missing,missing,missing,missing,missing,missing,degreesC
