1990,2005,2010,2015,2020,2025,2030,2035,2040,2045,2050,2055,2060,2065,2070,2075,2080,2085,2090,2095,2100,SSP,Version,GCAM,sector,subsector,technology,output,concentration,input,product,fuel,LandLeaf,GHG,Units
0.363544,0.644215,0.762866,0.909664,1.05186,1.18127,1.32257,1.46421,1.60491,1.74558,1.88541,2.01935,2.14723,2.26895,2.38394,2.49245,2.59402,2.68698,2.77111,2.84671,2.91417,SSP1,HighBiocharCost baseline,Global,missing,missing,missing,missing,missing,missing,missing,missing,missing,missing,degreesC
