1990,2005,2010,2015,2020,2025,2030,2035,2040,2045,2050,2055,2060,2065,2070,2075,2080,2085,2090,2095,2100,SSP,Version,GCAM,sector,subsector,technology,output,concentration,input,product,fuel,LandLeaf,GHG,Units
0.363544,0.644215,0.762866,0.909664,1.05186,1.18127,1.32257,1.46421,1.60489,1.74556,1.88535,2.01923,2.14702,2.26863,2.38352,2.49193,2.59338,2.68623,2.77025,2.84573,2.91307,SSP1,LowBiocharNUE baseline,Global,missing,missing,missing,missing,missing,missing,missing,missing,missing,missing,degreesC
