1990,2005,2010,2015,2020,2025,2030,2035,2040,2045,2050,2055,2060,2065,2070,2075,2080,2085,2090,2095,2100,SSP,Version,GCAM,sector,subsector,technology,output,concentration,input,product,fuel,LandLeaf,GHG,Units
0.363544,0.644215,0.762866,0.909664,1.05186,1.18086,1.32018,,1.6029,1.74574,1.88642,2.02094,2.15014,2.27335,2.38984,2.49986,2.60295,2.69745,2.78315,2.86027,2.92927,SSP1,HighGCAMLandShare baseline,Global,missing,missing,missing,missing,missing,missing,missing,missing,missing,missing,degreesC
