1990,2005,2010,2015,2020,2025,2030,2035,2040,2045,2050,2055,2060,2065,2070,2075,2080,2085,2090,2095,2100,SSP,Version,GCAM,sector,subsector,technology,output,concentration,input,product,fuel,LandLeaf,GHG,Units
0.363544,0.644215,0.762866,0.909664,1.05186,1.18086,1.32018,1.45959,1.6017,1.74437,1.88527,2.02003,2.14943,2.27283,2.38949,2.49966,2.60291,2.69755,2.78336,2.86057,2.9296,SSP1,CostHigh 6p0,Global,missing,missing,missing,missing,missing,missing,missing,missing,missing,missing,degreesC
