1990,2005,2010,2015,2020,2025,2030,2035,2040,2045,2050,2055,2060,2065,2070,2075,2080,2085,2090,2095,2100,SSP,Version,GCAM,sector,subsector,technology,output,concentration,input,product,fuel,LandLeaf,GHG,Units
0.363544,0.644215,0.762866,0.909664,1.05186,1.18127,1.32257,1.46421,1.60487,1.74546,1.88514,2.01892,2.14665,2.26822,2.38309,2.4915,2.59298,2.68588,2.76996,2.84552,2.91296,SSP1,HighBiocharNUE baseline,Global,missing,missing,missing,missing,missing,missing,missing,missing,missing,missing,degreesC
