1990,2005,2010,2015,2020,2025,2030,2035,2040,2045,2050,2055,2060,2065,2070,2075,2080,2085,2090,2095,2100,SSP,Version,GCAM,sector,subsector,technology,output,concentration,input,product,fuel,LandLeaf,GHG,Units
0.363544,0.644215,0.762866,0.909664,1.05186,1.18127,1.32257,1.46422,1.60499,1.74589,1.88604,2.02039,2.14873,2.27095,2.38648,2.49553,2.59764,2.69115,2.77583,2.85196,2.91994,SSP1,LowBiocharSoilN2O baseline,Global,missing,missing,missing,missing,missing,missing,missing,missing,missing,missing,degreesC
