1990,2005,2010,2015,2020,2025,2030,2035,2040,2045,2050,2055,2060,2065,2070,2075,2080,2085,2090,2095,2100,SSP,Version,GCAM,sector,subsector,technology,output,concentration,input,product,fuel,LandLeaf,GHG,Units
0.363544,0.644215,0.762866,0.909664,1.05186,1.18086,1.32018,,1.60164,1.74421,1.88506,2.01996,2.14967,2.27347,2.39058,2.50125,2.605,2.70013,2.78642,2.86411,2.93361,SSP1,HighBiocharYield baseline,Global,missing,missing,missing,missing,missing,missing,missing,missing,missing,missing,degreesC
