1990,2005,2010,2015,2020,2025,2030,2035,2040,2045,2050,2055,2060,2065,2070,2075,2080,2085,2090,2095,2100,SSP,Version,GCAM,sector,subsector,technology,output,concentration,input,product,fuel,LandLeaf,GHG,Units
0.363544,0.644215,0.762866,0.909664,1.05186,1.18127,1.32257,,1.60476,1.74504,1.88425,2.01746,2.14453,2.26542,2.37959,2.4873,2.5881,2.68032,2.76374,2.83866,2.90548,SSP1,HighBiocharSoilN2O baseline,Global,missing,missing,missing,missing,missing,missing,missing,missing,missing,missing,degreesC
