,1990,2005,2020,2025,2030,2035,2040,2045,2050,scenario,baseline,GCAM,sector,subsector,technology,output,concentration,input,product,fuel,LandLeaf,GHG,Units
0,0.0,0.0,0.0128577,0.0371219875,0.070536767,0.051523,0.07461956,0.0383484,0.0495353,100Mt-noCostDecrease,100Mt-noCostDecrease,USA,H2 central production,missing,missing,missing,missing,missing,missing,missing,missing,missing,MTC
1,0.0,0.0,0.0445233,0.112876,0.135417,0.183661,0.291124,0.262313,0.364683,100Mt-noCostDecrease,100Mt-noCostDecrease,USA,H2 forecourt production,missing,missing,missing,missing,missing,missing,missing,missing,missing,MTC
2,0.0,0.0,0.458524,0.849137,2.78288,7.6253,11.0323,13.5765,14.1541,100Mt-noCostDecrease,100Mt-noCostDecrease,USA,backup_electricity,missing,missing,missing,missing,missing,missing,missing,missing,missing,MTC
3,0.0,0.0,0.0218958,0.0136462,0.048659,0.112253,0.0973811,0.20511,0.225748,100Mt-noCostDecrease,100Mt-noCostDecrease,USA,biogas pipeline,missing,missing,missing,missing,missing,missing,missing,missing,missing,MTC
4,0.0,0.0,-0.900087,-0.560965,-2.00026,-4.61445,-4.00311,-8.43161,-9.27997,100Mt-noCostDecrease,100Mt-noCostDecrease,USA,biogas processing,missing,missing,missing,missing,missing,missing,missing,missing,missing,MTC
5,0.0,0.0,0.00986624,0.0154977,0.0489655,0.161693,0.272535,0.542837,0.746991,100Mt-noCostDecrease,100Mt-noCostDecrease,USA,csp_backup,missing,missing,missing,missing,missing,missing,missing,missing,missing,MTC
6,9.16221,8.10091,9.73787,9.95691,9.95362,9.93836,10.0332,8.98091,8.06587,100Mt-noCostDecrease,100Mt-noCostDecrease,USA,gas pipeline,missing,missing,missing,missing,missing,missing,missing,missing,missing,MTC
7,0.844259,-1.0095200000000002,0.0,0.0,0.0,0.0,0.0,0.0,0.0,100Mt-noCostDecrease,100Mt-noCostDecrease,USA,gas processing,missing,missing,missing,missing,missing,missing,missing,missing,missing,MTC
8,0.0,0.0,0.03403108,0.0928778,0.2137592,0.4256746999999999,0.7787333000000001,1.352225,2.191581,100Mt-noCostDecrease,100Mt-noCostDecrease,Africa_Eastern,H2 central production,missing,missing,missing,missing,missing,missing,missing,missing,missing,MTC
9,0.0,0.0,0.015959,0.0407014,0.0903105,0.172755,0.306032,0.526734,0.835382,100Mt-noCostDecrease,100Mt-noCostDecrease,Africa_Eastern,H2 forecourt production,missing,missing,missing,missing,missing,missing,missing,missing,missing,MTC
10,0.0118274,0.00133626,0.0632956,0.13318,0.2235959,0.3131927,0.3809352,0.4722453,0.5614525,100Mt-noCostDecrease,100Mt-noCostDecrease,Africa_Eastern,N fertilizer,missing,missing,missing,missing,missing,missing,missing,missing,missing,MTC
11,0.0,0.0,0.0529132,0.304552,0.927543,1.97644,3.25079,4.70079,6.05948,100Mt-noCostDecrease,100Mt-noCostDecrease,Africa_Eastern,backup_electricity,missing,missing,missing,missing,missing,missing,missing,missing,missing,MTC
12,0.0,0.0,0.00431213,0.00665851,0.0105811,0.0180605,0.0290244,0.0402341,0.0532467,100Mt-noCostDecrease,100Mt-noCostDecrease,Africa_Eastern,biogas processing,missing,missing,missing,missing,missing,missing,missing,missing,missing,MTC
13,0.0,0.0,0.3245558558,0.8850323976000001,1.8211591106,3.2084385397,4.989993433799999,6.9883468437,8.8432022244,100Mt-noCostDecrease,100Mt-noCostDecrease,Africa_Eastern,biorefining,missing,missing,missing,missing,missing,missing,missing,missing,missing,MTC
14,0.299,0.725,1.33855,1.76491,2.4609,3.38715,4.6517,6.36269,8.65037,100Mt-noCostDecrease,100Mt-noCostDecrease,Africa_Eastern,cement,missing,missing,missing,missing,missing,missing,missing,missing,missing,MTC
15,0.0113065,0.024432354,0.038905286,0.044496308,0.0549635329999999,0.069232644,0.089546497,0.116372317,0.153286047,100Mt-noCostDecrease,100Mt-noCostDecrease,Africa_Eastern,comm heating,missing,missing,missing,missing,missing,missing,missing,missing,missing,MTC
16,0.8068150000000001,2.14949878,2.458101125,2.493799789,2.649456763,2.720568491,2.70903113,2.48123735,2.22932365,100Mt-noCostDecrease,100Mt-noCostDecrease,Africa_Eastern,comm others,missing,missing,missing,missing,missing,missing,missing,missing,missing,MTC
17,0.000533494,0.0005082416,0.0005479892,0.0006307498000000001,0.0007900906999999999,0.0010039831,0.0012466968,0.0014385919,0.0016000042,100Mt-noCostDecrease,100Mt-noCostDecrease,Africa_Eastern,desalinated water,missing,missing,missing,missing,missing,missing,missing,missing,missing,MTC
18,0.0,0.0,0.0,0.12507087,0.2835098599999999,0.5343655500000001,0.9375498000000002,1.45252115,2.02802403,100Mt-noCostDecrease,100Mt-noCostDecrease,Africa_Eastern,elec_biomass (IGCC),missing,missing,missing,missing,missing,missing,missing,missing,missing,MTC
19,0.11458007,0.1993055899999999,0.71251197,1.17148578,1.73456179,2.53460582,3.57655836,4.305443105,4.556053369,100Mt-noCostDecrease,100Mt-noCostDecrease,Africa_Eastern,elec_biomass (conv),missing,missing,missing,missing,missing,missing,missing,missing,missing,MTC
20,0.0,0.0,0.0,0.126536183,0.256893433,0.4321479370000001,0.6911855939999999,1.0451731570000002,1.530755505,100Mt-noCostDecrease,100Mt-noCostDecrease,Africa_Eastern,elec_coal (IGCC),missing,missing,missing,missing,missing,missing,missing,missing,missing,MTC
21,0.06314268,0.433902,1.0249179899999998,1.40576599,1.7519263799999998,2.17970586,2.78246324,3.5711834899999992,4.630285079999999,100Mt-noCostDecrease,100Mt-noCostDecrease,Africa_Eastern,elec_coal (conv pul),missing,missing,missing,missing,missing,missing,missing,missing,missing,MTC
22,0.0,0.0,0.0468493668,0.11054913401,0.19730371805,0.3425571089499999,0.5971833857899996,0.99548628882,1.57624748787,100Mt-noCostDecrease,100Mt-noCostDecrease,Africa_Eastern,elec_gas (CC),missing,missing,missing,missing,missing,missing,missing,missing,missing,MTC
23,0.0,0.0,0.157661245,0.249375318217,0.3124809772559999,0.3671511567550001,0.4171727974359998,0.4594296898719999,0.483189944693,100Mt-noCostDecrease,100Mt-noCostDecrease,Africa_Eastern,elec_gas (steam/CT),missing,missing,missing,missing,missing,missing,missing,missing,missing,MTC
24,0.0,0.0,1.0260844,1.7658418,2.14287266,2.8022062400000003,3.83067127,4.597539010000001,5.6671279,100Mt-noCostDecrease,100Mt-noCostDecrease,Africa_Eastern,elec_refined liquids (CC),missing,missing,missing,missing,missing,missing,missing,missing,missing,MTC
25,0.6148708,1.7692338,4.4310328,4.8379144,4.347886799999999,3.8738913,3.4522613300000007,2.77804631,2.35583649,100Mt-noCostDecrease,100Mt-noCostDecrease,Africa_Eastern,elec_refined liquids (steam/CT),missing,missing,missing,missing,missing,missing,missing,missing,missing,MTC
26,0.0,0.0,0.000266397,0.0018821,0.00825484,0.0276057,0.0696673,0.140893,0.267493,100Mt-noCostDecrease,100Mt-noCostDecrease,Africa_Eastern,gas processing,missing,missing,missing,missing,missing,missing,missing,missing,missing,MTC
27,11.732059,17.669045,25.648039722,31.776305587,42.19855795,54.17123894,66.99588807999999,77.8105049,86.38749616,100Mt-noCostDecrease,100Mt-noCostDecrease,Africa_Eastern,industrial energy use,missing,missing,missing,missing,missing,missing,missing,missing,missing,MTC
28,0.0,0.275358,0.408398,0.682541,1.16058,1.83847,2.79088,4.11366,5.74291,100Mt-noCostDecrease,100Mt-noCostDecrease,Africa_Eastern,industrial feedstocks,missing,missing,missing,missing,missing,missing,missing,missing,missing,MTC
29,0.1921773,0.3814803,0.8850322,1.1714319,1.632352,2.240632,3.053558,4.128877,5.54504,100Mt-noCostDecrease,100Mt-noCostDecrease,Africa_Eastern,process heat cement,missing,missing,missing,missing,missing,missing,missing,missing,missing,MTC
30,0.243189,0.183647,0.562063,0.78181163,1.0927462,1.70843691,3.0172942300000005,5.395804919999999,9.32297803,100Mt-noCostDecrease,100Mt-noCostDecrease,Africa_Eastern,refining,missing,missing,missing,missing,missing,missing,missing,missing,missing,MTC
31,-14.9672,-22.6085,-30.522,-38.4768,-50.8797,-64.7129,-78.9006,-89.1717,-95.3276,100Mt-noCostDecrease,100Mt-noCostDecrease,Africa_Eastern,regional biomass,missing,missing,missing,missing,missing,missing,missing,missing,missing,MTC
32,0.0,0.0,-0.000612115,-0.000859325,-0.001215,-0.00162158,-0.00211783,-0.00261367,-0.00310664,100Mt-noCostDecrease,100Mt-noCostDecrease,Africa_Eastern,regional biomassOil,missing,missing,missing,missing,missing,missing,missing,missing,missing,MTC
33,0.0,0.0,-0.213243,-0.289776,-0.405523,-0.558329,-0.7477,-0.958203,-1.15235,100Mt-noCostDecrease,100Mt-noCostDecrease,Africa_Eastern,regional corn for ethanol,missing,missing,missing,missing,missing,missing,missing,missing,missing,MTC
34,3.92474124,5.780069999999999,7.354110085999999,8.088212592000001,9.123346192,9.699523247,9.701868714,8.665709689,7.352556939,100Mt-noCostDecrease,100Mt-noCostDecrease,Africa_Eastern,resid others,missing,missing,missing,missing,missing,missing,missing,missing,missing,MTC
35,0.367277,0.684661,1.2229,1.48091,1.8901,2.41163,3.09316,3.94777,5.03884,100Mt-noCostDecrease,100Mt-noCostDecrease,Africa_Eastern,trn_aviation_intl,missing,missing,missing,missing,missing,missing,missing,missing,missing,MTC
36,0.11083159,0.02837465,0.0680414,0.0769663,0.0907457,0.1070416,0.1278103,0.1553269,0.1904592,100Mt-noCostDecrease,100Mt-noCostDecrease,Africa_Eastern,trn_freight,missing,missing,missing,missing,missing,missing,missing,missing,missing,MTC
37,1.352812,2.0196110000000003,5.00667019,5.634572240000001,6.422709191999999,7.183532265999999,8.309864630000002,9.72121139,11.52433468,100Mt-noCostDecrease,100Mt-noCostDecrease,Africa_Eastern,trn_freight_road,missing,missing,missing,missing,missing,missing,missing,missing,missing,MTC
38,0.29666112,0.5524444000000001,1.1279300600000002,1.44754048,2.00224994,2.7902614,3.8665992,5.3394796,7.4453271,100Mt-noCostDecrease,100Mt-noCostDecrease,Africa_Eastern,trn_pass,missing,missing,missing,missing,missing,missing,missing,missing,missing,MTC
39,0.312326,0.466257,1.3695016,1.5451852,1.4431120999999998,1.5472384,1.7714834,2.0420197,2.3157244,100Mt-noCostDecrease,100Mt-noCostDecrease,Africa_Eastern,trn_pass_road,missing,missing,missing,missing,missing,missing,missing,missing,missing,MTC
40,0.0389705,0.0581755,0.10933991,0.0876890999999999,0.09485727,0.0938136,0.0929112,0.0883077999999999,0.0888318,100Mt-noCostDecrease,100Mt-noCostDecrease,Africa_Eastern,trn_pass_road_LDV,missing,missing,missing,missing,missing,missing,missing,missing,missing,MTC
41,0.99055,1.478747,2.7587569956,2.8339725465,3.4342558149999998,4.0901240609,4.940298930959999,6.313960425,8.044987784,100Mt-noCostDecrease,100Mt-noCostDecrease,Africa_Eastern,trn_pass_road_LDV_4W,missing,missing,missing,missing,missing,missing,missing,missing,missing,MTC
42,0.779018,0.823904,2.05861,2.16201,2.32956,2.53668,2.79368,3.07063,3.40343,100Mt-noCostDecrease,100Mt-noCostDecrease,Africa_Eastern,trn_shipping_intl,missing,missing,missing,missing,missing,missing,missing,missing,missing,MTC
43,0.0,0.0,0.01923169,0.0436257,0.07826095,0.1234433,0.1802629999999999,0.2472684999999999,0.3305802,100Mt-noCostDecrease,100Mt-noCostDecrease,Africa_Northern,H2 central production,missing,missing,missing,missing,missing,missing,missing,missing,missing,MTC
44,0.0,0.0,0.00862456,0.0195358,0.0355439,0.0567424,0.0831621,0.115371,0.15424,100Mt-noCostDecrease,100Mt-noCostDecrease,Africa_Northern,H2 forecourt production,missing,missing,missing,missing,missing,missing,missing,missing,missing,MTC
45,0.859508,1.66702,2.157718,2.193882,2.202603,2.170135,2.120657,2.095452,2.089453,100Mt-noCostDecrease,100Mt-noCostDecrease,Africa_Northern,N fertilizer,missing,missing,missing,missing,missing,missing,missing,missing,missing,MTC
46,0.0,0.0,0.0347145,0.231992,0.616294,1.10007,1.60041,2.06884,2.52673,100Mt-noCostDecrease,100Mt-noCostDecrease,Africa_Northern,backup_electricity,missing,missing,missing,missing,missing,missing,missing,missing,missing,MTC
47,0.0,0.0,0.00255154,0.00219625,0.00282269,0.0029905,0.00318851,0.00325226,0.00315066,100Mt-noCostDecrease,100Mt-noCostDecrease,Africa_Northern,biogas pipeline,missing,missing,missing,missing,missing,missing,missing,missing,missing,MTC
48,0.0,0.0,0.209289,0.178347,0.226903,0.237942,0.251083,0.253438,0.242939,100Mt-noCostDecrease,100Mt-noCostDecrease,Africa_Northern,biogas processing,missing,missing,missing,missing,missing,missing,missing,missing,missing,MTC
49,0.0,0.0,2.5569678,5.438621059999999,9.344485340000002,12.96651631,16.371540390000003,19.16613652,21.538449940000003,100Mt-noCostDecrease,100Mt-noCostDecrease,Africa_Northern,biorefining,missing,missing,missing,missing,missing,missing,missing,missing,missing,MTC
50,4.167,9.053,12.0531,12.8793,13.6586,14.3409,14.9297,15.43,15.8129,100Mt-noCostDecrease,100Mt-noCostDecrease,Africa_Northern,cement,missing,missing,missing,missing,missing,missing,missing,missing,missing,MTC
51,0.0488214,0.11991718998,0.19028720138,0.24361179026,0.3248327744199999,0.42117193402,0.5313851144,0.6527683354,0.7840745151,100Mt-noCostDecrease,100Mt-noCostDecrease,Africa_Northern,comm heating,missing,missing,missing,missing,missing,missing,missing,missing,missing,MTC
52,1.0782865,1.88321754,2.5802176637,2.5522639975,2.6629117136,2.7887188337,2.8560326868999995,2.779739495,2.6933712596,100Mt-noCostDecrease,100Mt-noCostDecrease,Africa_Northern,comm others,missing,missing,missing,missing,missing,missing,missing,missing,missing,MTC
53,0.0,0.0,4.39047e-06,1.46938e-05,2.55503e-05,3.35632e-05,3.84606e-05,0.0,0.0,100Mt-noCostDecrease,100Mt-noCostDecrease,Africa_Northern,csp_backup,missing,missing,missing,missing,missing,missing,missing,missing,missing,MTC
54,0.2685934,0.575012,1.205232,1.389478,1.662051,2.003926,2.388191,2.80792,3.24324,100Mt-noCostDecrease,100Mt-noCostDecrease,Africa_Northern,desalinated water,missing,missing,missing,missing,missing,missing,missing,missing,missing,MTC
55,0.0,0.0,0.0,0.02854513,0.081098387,0.139507999,0.201844539,0.2552368303,0.2797182933999999,100Mt-noCostDecrease,100Mt-noCostDecrease,Africa_Northern,elec_biomass (IGCC),missing,missing,missing,missing,missing,missing,missing,missing,missing,MTC
56,0.0,0.0,0.163220736101,0.2524526423389,0.4208134737332,0.5501003518127999,0.6359330203904999,0.6115087626936,0.51664259926515,100Mt-noCostDecrease,100Mt-noCostDecrease,Africa_Northern,elec_biomass (conv),missing,missing,missing,missing,missing,missing,missing,missing,missing,MTC
57,0.0,0.0,0.0,0.254277225,0.583671776,0.8856363509999999,1.174046792,1.482323907,1.776279678,100Mt-noCostDecrease,100Mt-noCostDecrease,Africa_Northern,elec_coal (IGCC),missing,missing,missing,missing,missing,missing,missing,missing,missing,MTC
58,0.8102893,3.565082,6.68713881,7.25831091,7.86510125,8.213635786,8.372137688000002,8.466792488,8.502710421,100Mt-noCostDecrease,100Mt-noCostDecrease,Africa_Northern,elec_coal (conv pul),missing,missing,missing,missing,missing,missing,missing,missing,missing,MTC
59,2.3760502,5.623302,13.67786494,16.662240203999996,21.3934416931,26.195482557,31.147593849400003,36.99170567080001,42.512551787,100Mt-noCostDecrease,100Mt-noCostDecrease,Africa_Northern,elec_gas (CC),missing,missing,missing,missing,missing,missing,missing,missing,missing,MTC
60,2.863618,12.2375,21.31310364,22.4318299849,23.54466696104,23.401518420850007,22.36723718121,21.112249825020005,19.622656278470007,100Mt-noCostDecrease,100Mt-noCostDecrease,Africa_Northern,elec_gas (steam/CT),missing,missing,missing,missing,missing,missing,missing,missing,missing,MTC
61,0.0,0.0,1.9425066,2.5408382300000003,4.62900362,6.38628626,8.305159510000001,10.56788623,12.595059459999998,100Mt-noCostDecrease,100Mt-noCostDecrease,Africa_Northern,elec_refined liquids (CC),missing,missing,missing,missing,missing,missing,missing,missing,missing,MTC
62,7.270478,8.359227,10.190002,9.4146796,9.5323753,9.339257,9.1509705,8.755466100000001,8.65697493,100Mt-noCostDecrease,100Mt-noCostDecrease,Africa_Northern,elec_refined liquids (steam/CT),missing,missing,missing,missing,missing,missing,missing,missing,missing,MTC
63,0.268662,0.727518,0.877937,0.976122,1.13046,1.26998,1.39316,1.5288,1.64928,100Mt-noCostDecrease,100Mt-noCostDecrease,Africa_Northern,gas pipeline,missing,missing,missing,missing,missing,missing,missing,missing,missing,MTC
64,0.006945,0.0111115,0.0119964,0.0278755,0.0485982,0.0780887,0.123332,0.178405,0.275024,100Mt-noCostDecrease,100Mt-noCostDecrease,Africa_Northern,gas processing,missing,missing,missing,missing,missing,missing,missing,missing,missing,MTC
65,14.4615069,17.340075,15.880998860000002,18.66331932,21.77269289,24.967691582,28.025761023,30.623941412000004,32.977794004,100Mt-noCostDecrease,100Mt-noCostDecrease,Africa_Northern,industrial energy use,missing,missing,missing,missing,missing,missing,missing,missing,missing,MTC
66,0.982223,2.46266,3.4159,4.1581,5.16609,6.18919,7.20147,8.25347,9.1786,100Mt-noCostDecrease,100Mt-noCostDecrease,Africa_Northern,industrial feedstocks,missing,missing,missing,missing,missing,missing,missing,missing,missing,MTC
67,2.407622,4.824112,7.605041999999999,8.007598,8.334707,8.599635,8.804036,8.908283,8.965861,100Mt-noCostDecrease,100Mt-noCostDecrease,Africa_Northern,process heat cement,missing,missing,missing,missing,missing,missing,missing,missing,missing,MTC
68,3.79632,3.33707,2.3110183,2.5413547400000005,2.94707881,3.476917420000001,4.425687150000001,5.800411080000002,7.260959150000001,100Mt-noCostDecrease,100Mt-noCostDecrease,Africa_Northern,refining,missing,missing,missing,missing,missing,missing,missing,missing,missing,MTC
69,-1.19661,-2.16446,-9.27358,-14.2128,-21.1445,-27.4519,-33.2701,-37.6133,-41.1624,100Mt-noCostDecrease,100Mt-noCostDecrease,Africa_Northern,regional biomass,missing,missing,missing,missing,missing,missing,missing,missing,missing,MTC
70,0.0,0.0,-0.595447,-0.735529,-0.914259,-1.07278,-1.22756,-1.33537,-1.40918,100Mt-noCostDecrease,100Mt-noCostDecrease,Africa_Northern,regional biomassOil,missing,missing,missing,missing,missing,missing,missing,missing,missing,MTC
71,0.0,0.0,-0.149475,-0.216869,-0.349314,-0.498984,-0.677718,-0.878847,-1.15451,100Mt-noCostDecrease,100Mt-noCostDecrease,Africa_Northern,regional corn for ethanol,missing,missing,missing,missing,missing,missing,missing,missing,missing,MTC
72,5.94759457,9.69549773,13.31834251838,12.82853218779,12.50701588031,12.38967408688,12.2379505265,11.94859796295,11.62974393334,100Mt-noCostDecrease,100Mt-noCostDecrease,Africa_Northern,resid others,missing,missing,missing,missing,missing,missing,missing,missing,missing,MTC
73,0.642776,1.13278,1.498,1.77425,2.14121,2.5233,2.91402,3.30455,3.68731,100Mt-noCostDecrease,100Mt-noCostDecrease,Africa_Northern,trn_aviation_intl,missing,missing,missing,missing,missing,missing,missing,missing,missing,MTC
74,0.0610613396999999,0.477054,0.456571,0.528033,0.6187,0.711546,0.8069390000000001,0.918007,1.031932,100Mt-noCostDecrease,100Mt-noCostDecrease,Africa_Northern,trn_freight,missing,missing,missing,missing,missing,missing,missing,missing,missing,MTC
75,5.872537,10.29905132,20.69602145,22.934144996000004,25.191886935999992,26.664294969999997,28.75476809,30.9497708,33.3993359,100Mt-noCostDecrease,100Mt-noCostDecrease,Africa_Northern,trn_freight_road,missing,missing,missing,missing,missing,missing,missing,missing,missing,MTC
76,0.52324059,0.9220603,1.3728777,1.7843759,2.3802454,3.0812708,3.7977588,4.5597794,5.3674334,100Mt-noCostDecrease,100Mt-noCostDecrease,Africa_Northern,trn_pass,missing,missing,missing,missing,missing,missing,missing,missing,missing,MTC
77,1.35577,2.4147673000000003,5.4284104,5.7145755,4.5994489000000005,4.188735599999999,4.108482,4.137818,4.192176,100Mt-noCostDecrease,100Mt-noCostDecrease,Africa_Northern,trn_pass_road,missing,missing,missing,missing,missing,missing,missing,missing,missing,MTC
78,0.169162,0.297633686,0.3253997,0.2386296,0.2360727,0.2082907,0.1835084,0.1596015,0.1457298,100Mt-noCostDecrease,100Mt-noCostDecrease,Africa_Northern,trn_pass_road_LDV,missing,missing,missing,missing,missing,missing,missing,missing,missing,MTC
79,4.299852,7.6481565,10.986879179,10.48436478,11.559523039000002,12.123911441000002,12.548897772000002,13.846858450000004,15.04925496,100Mt-noCostDecrease,100Mt-noCostDecrease,Africa_Northern,trn_pass_road_LDV_4W,missing,missing,missing,missing,missing,missing,missing,missing,missing,MTC
80,2.71321,2.40586,3.74379,4.04025,4.38867,4.74057,5.0851,5.41037,5.7225,100Mt-noCostDecrease,100Mt-noCostDecrease,Africa_Northern,trn_shipping_intl,missing,missing,missing,missing,missing,missing,missing,missing,missing,MTC
81,0.0,0.0,0.02447177,0.0591089199999999,0.1112908,0.1834871,0.2986532,0.4800186,0.736577,100Mt-noCostDecrease,100Mt-noCostDecrease,Africa_Southern,H2 central production,missing,missing,missing,missing,missing,missing,missing,missing,missing,MTC
82,0.0,0.0,0.0115807,0.0272721,0.0510865,0.0821616,0.129253,0.210893,0.322575,100Mt-noCostDecrease,100Mt-noCostDecrease,Africa_Southern,H2 forecourt production,missing,missing,missing,missing,missing,missing,missing,missing,missing,MTC
83,0.0492411,0.0260442,0.0713671999999999,0.1235769999999999,0.1899237,0.25808219,0.31554034,0.39848379,0.4887546299999999,100Mt-noCostDecrease,100Mt-noCostDecrease,Africa_Southern,N fertilizer,missing,missing,missing,missing,missing,missing,missing,missing,missing,MTC
84,0.0,0.0,0.0294082,0.170946,0.447,0.822784,1.29901,1.87102,2.53019,100Mt-noCostDecrease,100Mt-noCostDecrease,Africa_Southern,backup_electricity,missing,missing,missing,missing,missing,missing,missing,missing,missing,MTC
85,0.0,0.0,0.00980562,0.0137275,0.0236346,0.0320932,0.0470368,0.0687021,0.09331,100Mt-noCostDecrease,100Mt-noCostDecrease,Africa_Southern,biogas processing,missing,missing,missing,missing,missing,missing,missing,missing,missing,MTC
86,0.0,0.0,0.33216649,0.82430671,1.63502762,2.49459271,3.5164141799999995,4.691687789999999,6.015865683000002,100Mt-noCostDecrease,100Mt-noCostDecrease,Africa_Southern,biorefining,missing,missing,missing,missing,missing,missing,missing,missing,missing,MTC
87,0.286,0.596,0.761311,0.947545,1.22915,1.56959,2.02662,2.64661,3.46737,100Mt-noCostDecrease,100Mt-noCostDecrease,Africa_Southern,cement,missing,missing,missing,missing,missing,missing,missing,missing,missing,MTC
88,0.0350611,0.03031004,0.072881171,0.082606921,0.0969653,0.112818331,0.131205431,0.154277529,0.184458739,100Mt-noCostDecrease,100Mt-noCostDecrease,Africa_Southern,comm heating,missing,missing,missing,missing,missing,missing,missing,missing,missing,MTC
89,0.753768,0.91246854,1.849546037,1.942337815,1.999697406,2.043724359,2.057084919,1.965744984,1.885560119,100Mt-noCostDecrease,100Mt-noCostDecrease,Africa_Southern,comm others,missing,missing,missing,missing,missing,missing,missing,missing,missing,MTC
90,0.000911983,0.00096315,0.000950125,0.001048993,0.001189983,0.001343856,0.001505721,0.001701096,0.001956128,100Mt-noCostDecrease,100Mt-noCostDecrease,Africa_Southern,desalinated water,missing,missing,missing,missing,missing,missing,missing,missing,missing,MTC
91,0.0,0.0,0.0,0.0052838129999999,0.017179918,0.032663066,0.056550508,0.0987838119999999,0.161297526,100Mt-noCostDecrease,100Mt-noCostDecrease,Africa_Southern,elec_biomass (IGCC),missing,missing,missing,missing,missing,missing,missing,missing,missing,MTC
92,0.0,0.0,0.079192168,0.099656208,0.1431562389999999,0.1915911199999999,0.258321953,0.3519813509999999,0.4563419709999999,100Mt-noCostDecrease,100Mt-noCostDecrease,Africa_Southern,elec_biomass (conv),missing,missing,missing,missing,missing,missing,missing,missing,missing,MTC
93,0.0,0.0,0.0,0.19397801,0.5731865,1.01235424,1.62015815,2.62709034,4.073349439999999,100Mt-noCostDecrease,100Mt-noCostDecrease,Africa_Southern,elec_coal (IGCC),missing,missing,missing,missing,missing,missing,missing,missing,missing,MTC
94,2.416822,2.272396,3.8063664,4.325359799999999,5.2808083,6.240151199999999,7.4956505,9.5824027,12.560232400000002,100Mt-noCostDecrease,100Mt-noCostDecrease,Africa_Southern,elec_coal (conv pul),missing,missing,missing,missing,missing,missing,missing,missing,missing,MTC
95,0.0,0.022227937,0.347578246,0.4881666903,0.8315289176999999,1.2721681363999997,1.9180273735000009,3.1167621001000003,4.861026169099999,100Mt-noCostDecrease,100Mt-noCostDecrease,Africa_Southern,elec_gas (CC),missing,missing,missing,missing,missing,missing,missing,missing,missing,MTC
96,0.0,0.14539675,0.8049584389999997,0.91048934874,1.08943090503,1.2037047178099998,1.2883569686000005,1.41534281847,1.5343710376699995,100Mt-noCostDecrease,100Mt-noCostDecrease,Africa_Southern,elec_gas (steam/CT),missing,missing,missing,missing,missing,missing,missing,missing,missing,MTC
97,0.0,0.0,0.5628571,1.3660598,3.6223059,6.6391969,10.6241502,16.249863360000003,22.845727940000003,100Mt-noCostDecrease,100Mt-noCostDecrease,Africa_Southern,elec_refined liquids (CC),missing,missing,missing,missing,missing,missing,missing,missing,missing,MTC
98,0.26689644,0.4888444,2.3198225,3.2491601,4.781574900000001,5.955781700000001,6.785692180000001,7.3366335,7.712345490000001,100Mt-noCostDecrease,100Mt-noCostDecrease,Africa_Southern,elec_refined liquids (steam/CT),missing,missing,missing,missing,missing,missing,missing,missing,missing,MTC
99,0.0,0.0,0.000444432,0.00192844,0.00539623,0.0137208,0.0334258,0.0628697,0.124208,100Mt-noCostDecrease,100Mt-noCostDecrease,Africa_Southern,gas processing,missing,missing,missing,missing,missing,missing,missing,missing,missing,MTC
100,9.575861,10.510427,14.48240407,16.99827148,20.16176245,23.28180996,27.02718054,30.33582868,33.21662691,100Mt-noCostDecrease,100Mt-noCostDecrease,Africa_Southern,industrial energy use,missing,missing,missing,missing,missing,missing,missing,missing,missing,MTC
101,0.0,0.0424197,0.0723007,0.115668,0.182718,0.265285,0.385991,0.576488,0.812607,100Mt-noCostDecrease,100Mt-noCostDecrease,Africa_Southern,industrial feedstocks,missing,missing,missing,missing,missing,missing,missing,missing,missing,MTC
102,0.15178957,0.2872326,0.5043916,0.6223184,0.7939077,1.0012909,1.2811244,1.6448933,2.122137,100Mt-noCostDecrease,100Mt-noCostDecrease,Africa_Southern,process heat cement,missing,missing,missing,missing,missing,missing,missing,missing,missing,MTC
103,0.177483,0.155462,0.183539,0.40950244,0.85743197,1.45610447,2.3688884600000004,3.84396111,5.823902069999998,100Mt-noCostDecrease,100Mt-noCostDecrease,Africa_Southern,refining,missing,missing,missing,missing,missing,missing,missing,missing,missing,MTC
104,-8.67946,-11.5114,-17.3316,-20.4733,-24.6015,-28.5426,-33.1319,-36.7521,-39.8855,100Mt-noCostDecrease,100Mt-noCostDecrease,Africa_Southern,regional biomass,missing,missing,missing,missing,missing,missing,missing,missing,missing,MTC
105,0.0,0.0,-0.041828,-0.056305,-0.0774221,-0.0993057,-0.127673,-0.162678,-0.207646,100Mt-noCostDecrease,100Mt-noCostDecrease,Africa_Southern,regional biomassOil,missing,missing,missing,missing,missing,missing,missing,missing,missing,MTC
106,0.0,0.0,-0.234203,-0.316607,-0.454322,-0.599437,-0.780121,-1.00895,-1.29741,100Mt-noCostDecrease,100Mt-noCostDecrease,Africa_Southern,regional corn for ethanol,missing,missing,missing,missing,missing,missing,missing,missing,missing,MTC
107,1.8923185,2.9406196600000003,4.283888649,4.6750564292000005,4.949793769399999,5.0935089497,5.120208917999999,4.712248156999999,4.2108164617,100Mt-noCostDecrease,100Mt-noCostDecrease,Africa_Southern,resid others,missing,missing,missing,missing,missing,missing,missing,missing,missing,MTC
108,0.328876,0.333294,0.43292,0.516992,0.634748,0.77073,0.934813,1.14107,1.40429,100Mt-noCostDecrease,100Mt-noCostDecrease,Africa_Southern,trn_aviation_intl,missing,missing,missing,missing,missing,missing,missing,missing,missing,MTC
109,0.18126233,0.07933224,0.12627,0.1437746,0.1668139,0.1922918,0.2173603,0.2496005,0.2915967,100Mt-noCostDecrease,100Mt-noCostDecrease,Africa_Southern,trn_freight,missing,missing,missing,missing,missing,missing,missing,missing,missing,MTC
110,0.8350699,1.573445,3.70442487693,4.10654495942,4.52788392991,4.844516595,5.40465009,6.12502017,7.083452789999999,100Mt-noCostDecrease,100Mt-noCostDecrease,Africa_Southern,trn_freight_road,missing,missing,missing,missing,missing,missing,missing,missing,missing,MTC
111,0.265211318,0.26961092,0.36572959,0.4725383999999999,0.63666035,0.8473044200000001,1.09872458,1.44113523,1.9269685,100Mt-noCostDecrease,100Mt-noCostDecrease,Africa_Southern,trn_pass,missing,missing,missing,missing,missing,missing,missing,missing,missing,MTC
112,0.192794,0.36326,1.057153489,1.162524144,1.0371871,1.0721882,1.1880041,1.3419896,1.5110515999999998,100Mt-noCostDecrease,100Mt-noCostDecrease,Africa_Southern,trn_pass_road,missing,missing,missing,missing,missing,missing,missing,missing,missing,MTC
113,0.0240557,0.0453245,0.06789829,0.05834787,0.06782751,0.06822199,0.065976,0.0627139,0.0620142,100Mt-noCostDecrease,100Mt-noCostDecrease,Africa_Southern,trn_pass_road_LDV,missing,missing,missing,missing,missing,missing,missing,missing,missing,MTC
114,0.611453,1.152092,1.839370572,1.8502749509,2.1167253082,2.3353631225,2.6411676719999995,3.2854023923000004,4.102530965,100Mt-noCostDecrease,100Mt-noCostDecrease,Africa_Southern,trn_pass_road_LDV_4W,missing,missing,missing,missing,missing,missing,missing,missing,missing,MTC
115,0.788373,0.383396,0.782811,0.840501,0.911941,0.988546,1.06437,1.14562,1.24284,100Mt-noCostDecrease,100Mt-noCostDecrease,Africa_Southern,trn_shipping_intl,missing,missing,missing,missing,missing,missing,missing,missing,missing,MTC
116,0.0,0.0,0.0598395599999999,0.1549675,0.3597101,0.7226235,1.350456,2.44271,4.22804,100Mt-noCostDecrease,100Mt-noCostDecrease,Africa_Western,H2 central production,missing,missing,missing,missing,missing,missing,missing,missing,missing,MTC
117,0.0,0.0,0.0273398,0.0690461,0.159892,0.316796,0.575604,1.02355,1.75461,100Mt-noCostDecrease,100Mt-noCostDecrease,Africa_Western,H2 forecourt production,missing,missing,missing,missing,missing,missing,missing,missing,missing,MTC
118,0.166804,0.0323455,0.2267765,0.3651584,0.5501455,0.7408384,0.8651205999999999,1.0625351,1.26166647,100Mt-noCostDecrease,100Mt-noCostDecrease,Africa_Western,N fertilizer,missing,missing,missing,missing,missing,missing,missing,missing,missing,MTC
119,0.0,0.0,0.0146939,0.111548,0.354811,0.816688,1.56022,2.66083,4.24052,100Mt-noCostDecrease,100Mt-noCostDecrease,Africa_Western,backup_electricity,missing,missing,missing,missing,missing,missing,missing,missing,missing,MTC
120,0.0,0.0,0.0495025,0.0711961,0.14649,0.224576,0.343686,0.493777,0.66408,100Mt-noCostDecrease,100Mt-noCostDecrease,Africa_Western,biogas processing,missing,missing,missing,missing,missing,missing,missing,missing,missing,MTC
121,0.0,0.0,0.87598181,2.4117272,5.608381,9.60656901,14.653512430000005,20.70582202999999,27.675721840000005,100Mt-noCostDecrease,100Mt-noCostDecrease,Africa_Western,biorefining,missing,missing,missing,missing,missing,missing,missing,missing,missing,MTC
122,0.998,1.538,2.17809,2.72169,3.87329,5.38166,7.38307,10.0209,13.5125,100Mt-noCostDecrease,100Mt-noCostDecrease,Africa_Western,cement,missing,missing,missing,missing,missing,missing,missing,missing,missing,MTC
123,0.00186651,0.00396354111,0.0084129321,0.01014127014,0.01377993202,0.01842076593,0.02420470367,0.0313047436,0.03947898823,100Mt-noCostDecrease,100Mt-noCostDecrease,Africa_Western,comm heating,missing,missing,missing,missing,missing,missing,missing,missing,missing,MTC
124,3.90673,3.4772352100000004,8.049615785,9.192730024,11.535167671,14.13185746,16.702331150000003,18.21738793,19.03736028,100Mt-noCostDecrease,100Mt-noCostDecrease,Africa_Western,comm others,missing,missing,missing,missing,missing,missing,missing,missing,missing,MTC
125,0.01732607,0.0157272,0.0317274,0.0368262,0.0459372,0.0564362,0.0684405,0.0825862,0.0971398,100Mt-noCostDecrease,100Mt-noCostDecrease,Africa_Western,desalinated water,missing,missing,missing,missing,missing,missing,missing,missing,missing,MTC
126,0.0,0.0,0.0,0.030721669,0.113726656,0.2277150099999999,0.3961518179999999,0.6280484500000001,0.920212593,100Mt-noCostDecrease,100Mt-noCostDecrease,Africa_Western,elec_biomass (IGCC),missing,missing,missing,missing,missing,missing,missing,missing,missing,MTC
127,0.05776654,0.1049429899999999,0.1628616440999999,0.2683357329999999,0.5828667868999999,0.9227559317,1.3369991470999998,1.68805146535,1.9583276131100005,100Mt-noCostDecrease,100Mt-noCostDecrease,Africa_Western,elec_biomass (conv),missing,missing,missing,missing,missing,missing,missing,missing,missing,MTC
128,0.0,0.0,0.0,0.015192904,0.055601648,0.112435604,0.197383429,0.332288932,0.542255577,100Mt-noCostDecrease,100Mt-noCostDecrease,Africa_Western,elec_coal (IGCC),missing,missing,missing,missing,missing,missing,missing,missing,missing,MTC
129,0.0396646799999999,0.22588014,0.20222871,0.24369237,0.35239755,0.49542277,0.7001900999999999,1.01443327,1.4942795299999996,100Mt-noCostDecrease,100Mt-noCostDecrease,Africa_Western,elec_coal (conv pul),missing,missing,missing,missing,missing,missing,missing,missing,missing,MTC
130,0.2850668,0.7694187,0.5076260840000001,1.08551363675,3.22524495161,6.750775880360002,12.141362869599996,20.32915624196,32.105293430340005,100Mt-noCostDecrease,100Mt-noCostDecrease,Africa_Western,elec_gas (CC),missing,missing,missing,missing,missing,missing,missing,missing,missing,MTC
131,0.8342062,1.9892481,5.604023520000001,6.121853008560001,7.62328244608,8.669715575959998,9.278153849960002,9.748975904170004,10.249081900929996,100Mt-noCostDecrease,100Mt-noCostDecrease,Africa_Western,elec_gas (steam/CT),missing,missing,missing,missing,missing,missing,missing,missing,missing,MTC
132,0.0,0.0,0.13110277,0.2981068999999999,1.0827385,2.1640247500000003,3.90600207,6.617142290000001,9.489543526,100Mt-noCostDecrease,100Mt-noCostDecrease,Africa_Western,elec_refined liquids (CC),missing,missing,missing,missing,missing,missing,missing,missing,missing,MTC
133,1.028154,1.3714644,1.5092936,1.51520819,1.90822827,2.207528190000001,2.50078921,2.7624012300000005,2.8130623800000008,100Mt-noCostDecrease,100Mt-noCostDecrease,Africa_Western,elec_refined liquids (steam/CT),missing,missing,missing,missing,missing,missing,missing,missing,missing,MTC
134,0.1914,0.0,0.0,0.0,0.0,0.0,0.0,0.0,0.0,100Mt-noCostDecrease,100Mt-noCostDecrease,Africa_Western,gas pipeline,missing,missing,missing,missing,missing,missing,missing,missing,missing,MTC
135,0.0,0.0,0.00214015,0.00806873,0.0229232,0.0608813,0.156363,0.355824,0.723001,100Mt-noCostDecrease,100Mt-noCostDecrease,Africa_Western,gas processing,missing,missing,missing,missing,missing,missing,missing,missing,missing,MTC
136,10.561987,27.19297,50.41824139,60.86954029999999,82.56600459999997,108.4242629,138.4680304,168.8276485,199.5679519,100Mt-noCostDecrease,100Mt-noCostDecrease,Africa_Western,industrial energy use,missing,missing,missing,missing,missing,missing,missing,missing,missing,MTC
137,0.0,0.855372,1.43731,2.17181,3.61111,5.61333,8.34878,11.9569,16.7905,100Mt-noCostDecrease,100Mt-noCostDecrease,Africa_Western,industrial feedstocks,missing,missing,missing,missing,missing,missing,missing,missing,missing,MTC
138,0.5969906,0.8564473,1.4491455,1.792755,2.509173,3.443185,4.675243,6.266920000000001,8.351403,100Mt-noCostDecrease,100Mt-noCostDecrease,Africa_Western,process heat cement,missing,missing,missing,missing,missing,missing,missing,missing,missing,MTC
139,1.11524,1.23187,0.9131547,1.12854385,1.72363386,2.56157718,3.86840278,5.799664469999999,8.138028450000002,100Mt-noCostDecrease,100Mt-noCostDecrease,Africa_Western,refining,missing,missing,missing,missing,missing,missing,missing,missing,missing,MTC
140,-14.4645,-29.8085,-63.278,-78.4811,-109.627,-145.801,-186.179,-221.716,-254.423,100Mt-noCostDecrease,100Mt-noCostDecrease,Africa_Western,regional biomass,missing,missing,missing,missing,missing,missing,missing,missing,missing,MTC
141,0.0,0.0,-0.232832,-0.304539,-0.410316,-0.512343,-0.631338,-0.758277,-0.89078,100Mt-noCostDecrease,100Mt-noCostDecrease,Africa_Western,regional biomassOil,missing,missing,missing,missing,missing,missing,missing,missing,missing,MTC
142,0.0,0.0,-0.0205068,-0.0312934,-0.0559576,-0.085658,-0.126418,-0.174664,-0.222959,100Mt-noCostDecrease,100Mt-noCostDecrease,Africa_Western,regional corn for ethanol,missing,missing,missing,missing,missing,missing,missing,missing,missing,MTC
143,3.7011963,6.50203775,12.476719827,15.79310095,22.175293779,29.12084466,35.70229197,39.18820799,40.27988172,100Mt-noCostDecrease,100Mt-noCostDecrease,Africa_Western,resid others,missing,missing,missing,missing,missing,missing,missing,missing,missing,MTC
144,0.511866,0.673435,0.962112,1.15898,1.54529,2.02467,2.61374,3.33444,4.18207,100Mt-noCostDecrease,100Mt-noCostDecrease,Africa_Western,trn_aviation_intl,missing,missing,missing,missing,missing,missing,missing,missing,missing,MTC
145,0.12182251,0.1846856,0.49356,0.574445,0.720118,0.890601,1.083602,1.32324,1.569491,100Mt-noCostDecrease,100Mt-noCostDecrease,Africa_Western,trn_freight,missing,missing,missing,missing,missing,missing,missing,missing,missing,MTC
146,2.8615090000000003,6.214549,11.60283847,12.91458466,15.07766222,17.139325069999998,20.038756060000004,23.52856293,27.7888137,100Mt-noCostDecrease,100Mt-noCostDecrease,Africa_Western,trn_freight_road,missing,missing,missing,missing,missing,missing,missing,missing,missing,MTC
147,0.41458056,0.54827051,0.8200604,1.0755978,1.6419725,2.4494412000000003,3.4984816,4.9153151,6.7328584000000005,100Mt-noCostDecrease,100Mt-noCostDecrease,Africa_Western,trn_pass,missing,missing,missing,missing,missing,missing,missing,missing,missing,MTC
148,0.660633,1.43474,3.2850364,3.6146502,3.2953036000000004,3.483642,3.9037179,4.391435,4.875374000000001,100Mt-noCostDecrease,100Mt-noCostDecrease,Africa_Western,trn_pass_road,missing,missing,missing,missing,missing,missing,missing,missing,missing,MTC
149,0.0824293,0.179015,0.19925021,0.1669930999999999,0.202055,0.2091281,0.2080129,0.1989794999999999,0.1913225999999999,100Mt-noCostDecrease,100Mt-noCostDecrease,Africa_Western,trn_pass_road_LDV,missing,missing,missing,missing,missing,missing,missing,missing,missing,MTC
150,2.095212,4.5502970000000005,5.88453,5.969059905999999,7.585198135999997,9.233736105000002,11.268159348,14.563592941999998,18.466533893999998,100Mt-noCostDecrease,100Mt-noCostDecrease,Africa_Western,trn_pass_road_LDV_4W,missing,missing,missing,missing,missing,missing,missing,missing,missing,MTC
151,1.2713,1.55672,2.02012,2.19039,2.47238,2.77797,3.0997,3.43692,3.76456,100Mt-noCostDecrease,100Mt-noCostDecrease,Africa_Western,trn_shipping_intl,missing,missing,missing,missing,missing,missing,missing,missing,missing,MTC
152,0.0,0.0,0.01814023,0.03745756,0.05856945,0.08501196,0.1182133,0.1552015,0.1978792,100Mt-noCostDecrease,100Mt-noCostDecrease,Australia_NZ,H2 central production,missing,missing,missing,missing,missing,missing,missing,missing,missing,MTC
153,0.0,0.0,0.00713689,0.0146239,0.0235464,0.0345121,0.0474661,0.0630821,0.080352,100Mt-noCostDecrease,100Mt-noCostDecrease,Australia_NZ,H2 forecourt production,missing,missing,missing,missing,missing,missing,missing,missing,missing,MTC
154,0.164934,0.288085,0.5466789999999999,0.701878,0.870821,0.960582,1.018936,1.0908869,1.1493029,100Mt-noCostDecrease,100Mt-noCostDecrease,Australia_NZ,N fertilizer,missing,missing,missing,missing,missing,missing,missing,missing,missing,MTC
155,0.0,0.0,0.0275582,0.0860581,0.237984,0.434438,0.652657,0.8557,0.9947,100Mt-noCostDecrease,100Mt-noCostDecrease,Australia_NZ,backup_electricity,missing,missing,missing,missing,missing,missing,missing,missing,missing,MTC
156,0.0,0.0,0.000401584,0.00042796,0.00045898,0.000500424,0.000581544,0.000640378,0.000627471,100Mt-noCostDecrease,100Mt-noCostDecrease,Australia_NZ,biogas pipeline,missing,missing,missing,missing,missing,missing,missing,missing,missing,MTC
157,0.0,0.0,0.0875167,0.092333,0.0980262,0.105788,0.12167,0.132585,0.128546,100Mt-noCostDecrease,100Mt-noCostDecrease,Australia_NZ,biogas processing,missing,missing,missing,missing,missing,missing,missing,missing,missing,MTC
158,0.0,0.0,1.5018361,3.0946489999999995,4.9866352,6.629961860000001,8.122936880000001,9.386906649999998,10.554091280000003,100Mt-noCostDecrease,100Mt-noCostDecrease,Australia_NZ,biorefining,missing,missing,missing,missing,missing,missing,missing,missing,missing,MTC
159,1.064,1.303,1.43476,1.56598,1.69028,1.80544,1.91839,2.03492,2.14927,100Mt-noCostDecrease,100Mt-noCostDecrease,Australia_NZ,cement,missing,missing,missing,missing,missing,missing,missing,missing,missing,MTC
160,0.2917822,0.41004519,0.57325654,0.60458792,0.64243867,0.6811038,0.71287479,0.74356802,0.75923971,100Mt-noCostDecrease,100Mt-noCostDecrease,Australia_NZ,comm heating,missing,missing,missing,missing,missing,missing,missing,missing,missing,MTC
161,0.7411829999999999,0.9338741,1.13824562,1.103388403,1.090136904,1.128858921,1.1490197489999998,1.144415065,1.113346399,100Mt-noCostDecrease,100Mt-noCostDecrease,Australia_NZ,comm others,missing,missing,missing,missing,missing,missing,missing,missing,missing,MTC
162,0.0,0.0,4.23412e-06,8.98343e-06,1.85451e-05,2.70535e-05,3.35803e-05,0.0,0.0,100Mt-noCostDecrease,100Mt-noCostDecrease,Australia_NZ,csp_backup,missing,missing,missing,missing,missing,missing,missing,missing,missing,MTC
163,0.01595033,0.01587911,0.01985955,0.02206273,0.0244722,0.0268037,0.0287005,0.0305444,0.0319235999999999,100Mt-noCostDecrease,100Mt-noCostDecrease,Australia_NZ,desalinated water,missing,missing,missing,missing,missing,missing,missing,missing,missing,MTC
164,0.0,0.0,0.0,0.0249617499999999,0.05200554,0.07590765,0.1059909799999999,0.1512683,0.17192173,100Mt-noCostDecrease,100Mt-noCostDecrease,Australia_NZ,elec_biomass (IGCC),missing,missing,missing,missing,missing,missing,missing,missing,missing,MTC
165,0.0,0.2570561,0.1987032999999999,0.244768,0.29960608,0.33173236,0.37502378,0.41079286,0.3520309799999999,100Mt-noCostDecrease,100Mt-noCostDecrease,Australia_NZ,elec_biomass (conv),missing,missing,missing,missing,missing,missing,missing,missing,missing,MTC
166,0.0,0.0,0.0,1.5744980000000002,2.9763260000000007,3.997811,4.970691,6.391948000000001,7.671177000000002,100Mt-noCostDecrease,100Mt-noCostDecrease,Australia_NZ,elec_coal (IGCC),missing,missing,missing,missing,missing,missing,missing,missing,missing,MTC
167,33.18672,53.33441,52.53993,55.90175599999999,57.320641,56.315173,54.032578,52.091388,49.66221,100Mt-noCostDecrease,100Mt-noCostDecrease,Australia_NZ,elec_coal (conv pul),missing,missing,missing,missing,missing,missing,missing,missing,missing,MTC
168,1.237204,1.598911,0.969090848,1.4925388961699997,2.19510309321,2.8304292084800005,3.5047261996100003,4.644969325980001,5.659769402199999,100Mt-noCostDecrease,100Mt-noCostDecrease,Australia_NZ,elec_gas (CC),missing,missing,missing,missing,missing,missing,missing,missing,missing,MTC
169,1.558259,2.253379,6.79076195,6.726130198749997,6.495444687299999,5.95168131748,5.265230761299,4.726682154891999,4.080169393887001,100Mt-noCostDecrease,100Mt-noCostDecrease,Australia_NZ,elec_gas (steam/CT),missing,missing,missing,missing,missing,missing,missing,missing,missing,MTC
170,0.0,0.0,0.0839512,0.11042098,0.15751181,0.18414594,0.23297688,0.36348684,0.39388308,100Mt-noCostDecrease,100Mt-noCostDecrease,Australia_NZ,elec_refined liquids (CC),missing,missing,missing,missing,missing,missing,missing,missing,missing,MTC
171,0.781058,0.677679,0.7626732,0.6043358000000001,0.50373526,0.46943755,0.42983934,0.37438366,0.30987577,100Mt-noCostDecrease,100Mt-noCostDecrease,Australia_NZ,elec_refined liquids (steam/CT),missing,missing,missing,missing,missing,missing,missing,missing,missing,MTC
172,0.00178354,0.197344,0.126927,0.129553,0.137317,0.142784,0.146928,0.15653,0.163043,100Mt-noCostDecrease,100Mt-noCostDecrease,Australia_NZ,gas pipeline,missing,missing,missing,missing,missing,missing,missing,missing,missing,MTC
173,0.026547,0.165568,0.00459985,0.0127241,0.0209385,0.0373572,0.0689862,0.105299,0.159761,100Mt-noCostDecrease,100Mt-noCostDecrease,Australia_NZ,gas processing,missing,missing,missing,missing,missing,missing,missing,missing,missing,MTC
174,19.0502596,24.367512000000005,25.4291152,25.45068420000001,25.543960700000003,26.4469,27.3930138,27.684548,27.6204048,100Mt-noCostDecrease,100Mt-noCostDecrease,Australia_NZ,industrial energy use,missing,missing,missing,missing,missing,missing,missing,missing,missing,MTC
175,0.348195,0.408379,1.08348,1.21584,1.37566,1.48892,1.60162,1.75781,1.8986,100Mt-noCostDecrease,100Mt-noCostDecrease,Australia_NZ,industrial feedstocks,missing,missing,missing,missing,missing,missing,missing,missing,missing,MTC
176,0.7588765000000001,0.8300812,1.010407,1.0878656,1.1432606,1.2068372,1.2765613,1.335458,1.3950119,100Mt-noCostDecrease,100Mt-noCostDecrease,Australia_NZ,process heat cement,missing,missing,missing,missing,missing,missing,missing,missing,missing,MTC
177,1.512986,1.40820098,2.5147,2.533203791,2.3479616850000005,2.2273352520000005,2.359348817,2.905878662,3.598389367,100Mt-noCostDecrease,100Mt-noCostDecrease,Australia_NZ,refining,missing,missing,missing,missing,missing,missing,missing,missing,missing,MTC
178,-4.58094,-6.24487,-9.05588,-11.6686,-14.8181,-17.7707,-20.4979,-22.2992,-23.8178,100Mt-noCostDecrease,100Mt-noCostDecrease,Australia_NZ,regional biomass,missing,missing,missing,missing,missing,missing,missing,missing,missing,MTC
179,0.0,0.0,-0.647125,-0.80478,-0.979938,-1.09847,-1.18089,-1.19575,-1.12411,100Mt-noCostDecrease,100Mt-noCostDecrease,Australia_NZ,regional biomassOil,missing,missing,missing,missing,missing,missing,missing,missing,missing,MTC
180,0.0,-0.0155867,-0.676433,-0.788886,-0.904417,-0.974623,-1.01981,-1.0077,-0.907535,100Mt-noCostDecrease,100Mt-noCostDecrease,Australia_NZ,regional corn for ethanol,missing,missing,missing,missing,missing,missing,missing,missing,missing,MTC
181,2.48542,2.497026,2.6988030000000003,2.737923,2.750983,2.781385,2.7812940000000004,2.681169,2.561654,100Mt-noCostDecrease,100Mt-noCostDecrease,Australia_NZ,resid heating,missing,missing,missing,missing,missing,missing,missing,missing,missing,MTC
182,0.991367,1.1003824,1.31086648,1.23798577,1.22021515,1.2393267,1.24682919,1.24022033,1.20214787,100Mt-noCostDecrease,100Mt-noCostDecrease,Australia_NZ,resid others,missing,missing,missing,missing,missing,missing,missing,missing,missing,MTC
183,1.64898,2.63745,4.31939,4.63194,4.89204,5.11616,5.36008,5.59048,5.79354,100Mt-noCostDecrease,100Mt-noCostDecrease,Australia_NZ,trn_aviation_intl,missing,missing,missing,missing,missing,missing,missing,missing,missing,MTC
184,1.0021662999999998,1.037516,1.248392,1.356866,1.465373,1.565428,1.652811,1.7598,1.863251,100Mt-noCostDecrease,100Mt-noCostDecrease,Australia_NZ,trn_freight,missing,missing,missing,missing,missing,missing,missing,missing,missing,MTC
185,6.59115,8.69641,10.431226999999998,11.0935918,11.3143599,11.14642489,11.345766500000002,11.5313288,11.796980199999998,100Mt-noCostDecrease,100Mt-noCostDecrease,Australia_NZ,trn_freight_road,missing,missing,missing,missing,missing,missing,missing,missing,missing,MTC
186,1.0480848,1.6672796,2.8482088,3.1320489,3.3684226,3.5959588,3.7747345,3.9423667,4.0900123,100Mt-noCostDecrease,100Mt-noCostDecrease,Australia_NZ,trn_pass,missing,missing,missing,missing,missing,missing,missing,missing,missing,MTC
187,0.3446259,0.4306877,0.773865,0.888512,0.7491411,0.6612861,0.6207440000000001,0.6168486,0.6197212,100Mt-noCostDecrease,100Mt-noCostDecrease,Australia_NZ,trn_pass_road,missing,missing,missing,missing,missing,missing,missing,missing,missing,MTC
188,0.0581546,0.0767311,0.081379,0.0742904,0.0675002,0.0625227,0.0584511,0.0549971,0.0517436,100Mt-noCostDecrease,100Mt-noCostDecrease,Australia_NZ,trn_pass_road_LDV,missing,missing,missing,missing,missing,missing,missing,missing,missing,MTC
189,10.48467276,13.83350768,15.55774912,14.32975633,11.32355044,9.142351587000002,7.508807679999999,7.171767,7.143415270000001,100Mt-noCostDecrease,100Mt-noCostDecrease,Australia_NZ,trn_pass_road_LDV_4W,missing,missing,missing,missing,missing,missing,missing,missing,missing,MTC
190,0.71584,0.893446,0.848079,0.889242,0.925224,0.961981,0.991391,1.0184,1.043,100Mt-noCostDecrease,100Mt-noCostDecrease,Australia_NZ,trn_shipping_intl,missing,missing,missing,missing,missing,missing,missing,missing,missing,MTC
191,0.0,0.0,0.06406453,0.1415006,0.2306743,0.3336233,0.4584729999999999,0.6013974,0.7641629999999999,100Mt-noCostDecrease,100Mt-noCostDecrease,Brazil,H2 central production,missing,missing,missing,missing,missing,missing,missing,missing,missing,MTC
192,0.0,0.0,0.026288,0.0574497,0.0946888,0.137512,0.188017,0.249126,0.314578,100Mt-noCostDecrease,100Mt-noCostDecrease,Brazil,H2 forecourt production,missing,missing,missing,missing,missing,missing,missing,missing,missing,MTC
193,0.411147,0.52656,0.665663,0.822792,0.9992,1.120555,1.215985,1.3472864000000002,1.4748514,100Mt-noCostDecrease,100Mt-noCostDecrease,Brazil,N fertilizer,missing,missing,missing,missing,missing,missing,missing,missing,missing,MTC
194,0.0,0.0,0.0479722,0.175431,0.506924,0.90052,1.30439,1.67972,2.02867,100Mt-noCostDecrease,100Mt-noCostDecrease,Brazil,backup_electricity,missing,missing,missing,missing,missing,missing,missing,missing,missing,MTC
195,0.0,0.0,0.00502596,0.00560214,0.00644903,0.006019,0.00628019,0.0065705,0.00606409,100Mt-noCostDecrease,100Mt-noCostDecrease,Brazil,biogas pipeline,missing,missing,missing,missing,missing,missing,missing,missing,missing,MTC
196,0.0,0.0,0.175624,0.193802,0.220848,0.20402,0.210681,0.218125,0.199196,100Mt-noCostDecrease,100Mt-noCostDecrease,Brazil,biogas processing,missing,missing,missing,missing,missing,missing,missing,missing,missing,MTC
197,0.0,0.0,1.274303,1.36592295,1.5085510200000003,1.49315612,2.41995612,3.68371278,4.66666649,100Mt-noCostDecrease,100Mt-noCostDecrease,Brazil,biorefining,missing,missing,missing,missing,missing,missing,missing,missing,missing,MTC
198,3.509,5.264,7.57604,8.20978,8.86827,9.4003,9.83493,10.1321,10.3166,100Mt-noCostDecrease,100Mt-noCostDecrease,Brazil,cement,missing,missing,missing,missing,missing,missing,missing,missing,missing,MTC
199,0.0120799,0.0544655,0.0264688,0.0233051,0.0213883,0.0198834,0.0184566,0.0171298,0.0155903,100Mt-noCostDecrease,100Mt-noCostDecrease,Brazil,comm cooling,missing,missing,missing,missing,missing,missing,missing,missing,missing,MTC
200,0.15673671,0.1484587,0.11572539,0.10575458,0.10135344,0.10096177,0.09722514,0.08889518,0.08436973,100Mt-noCostDecrease,100Mt-noCostDecrease,Brazil,comm heating,missing,missing,missing,missing,missing,missing,missing,missing,missing,MTC
201,0.9620889,0.9693334,0.5731547,0.5144736999999999,0.5004862,0.5107419,0.4935,0.4676894,0.4637319,100Mt-noCostDecrease,100Mt-noCostDecrease,Brazil,comm others,missing,missing,missing,missing,missing,missing,missing,missing,missing,MTC
202,0.01346182,0.02009989,0.02043222,0.0218222699999999,0.02399507,0.02630036,0.0277872,0.029065,0.0306497999999999,100Mt-noCostDecrease,100Mt-noCostDecrease,Brazil,desalinated water,missing,missing,missing,missing,missing,missing,missing,missing,missing,MTC
203,0.0,0.0,0.0,0.04829339,0.11505271,0.172810566,0.235226959,0.29432005,0.3188437209999999,100Mt-noCostDecrease,100Mt-noCostDecrease,Brazil,elec_biomass (IGCC),missing,missing,missing,missing,missing,missing,missing,missing,missing,MTC
204,0.0,0.0,0.33920231,0.5043472999999999,0.7051606699999999,0.8048913500000001,0.8875709700000001,0.8571125000000003,0.7138754530000001,100Mt-noCostDecrease,100Mt-noCostDecrease,Brazil,elec_biomass (conv),missing,missing,missing,missing,missing,missing,missing,missing,missing,MTC
205,0.0,0.0,0.0,0.7712218999999999,1.6104216999999998,2.2491583,2.8381932400000003,3.4832326099999995,4.04335119,100Mt-noCostDecrease,100Mt-noCostDecrease,Brazil,elec_coal (IGCC),missing,missing,missing,missing,missing,missing,missing,missing,missing,MTC
206,1.1412612999999998,2.0995724,8.542050500000002,10.8469425,13.0295894,14.369100799999998,15.374945799999995,16.3704942,17.104081899999997,100Mt-noCostDecrease,100Mt-noCostDecrease,Brazil,elec_coal (conv pul),missing,missing,missing,missing,missing,missing,missing,missing,missing,MTC
207,0.0,0.9139153,5.486351320000001,8.8926175314,13.392541689700003,17.212128646399997,21.0288104018,25.6140753138,29.4473177655,100Mt-noCostDecrease,100Mt-noCostDecrease,Brazil,elec_gas (CC),missing,missing,missing,missing,missing,missing,missing,missing,missing,MTC
208,0.002971084,0.7685006,8.336591009999998,10.6107674354,12.41915843849,12.808958850420002,12.660524703360002,12.465796023499996,11.834619319789995,100Mt-noCostDecrease,100Mt-noCostDecrease,Brazil,elec_gas (steam/CT),missing,missing,missing,missing,missing,missing,missing,missing,missing,MTC
209,0.0,0.0,1.1143092,1.78014359,2.81928135,3.18041642,3.27256343,3.5165288399999994,3.5876319699999994,100Mt-noCostDecrease,100Mt-noCostDecrease,Brazil,elec_refined liquids (CC),missing,missing,missing,missing,missing,missing,missing,missing,missing,MTC
210,0.6077583999999999,1.7248331,4.9188935,4.6640005,4.4165907,3.9410165,3.16258647,2.5268367,2.4308817200000004,100Mt-noCostDecrease,100Mt-noCostDecrease,Brazil,elec_refined liquids (steam/CT),missing,missing,missing,missing,missing,missing,missing,missing,missing,MTC
211,0.0112937,0.140282,0.945483,1.18137,1.45987,1.67081,1.84848,2.06696,2.23587,100Mt-noCostDecrease,100Mt-noCostDecrease,Brazil,gas pipeline,missing,missing,missing,missing,missing,missing,missing,missing,missing,MTC
212,0.0,0.0,0.00686269,0.0212186,0.0412604,0.0727801,0.124095,0.188278,0.299566,100Mt-noCostDecrease,100Mt-noCostDecrease,Brazil,gas processing,missing,missing,missing,missing,missing,missing,missing,missing,missing,MTC
213,51.43501070000001,75.527014,87.0201533,85.23118059999997,83.7163298,83.30169219999999,82.4858091,79.1510737,76.14606989999999,100Mt-noCostDecrease,100Mt-noCostDecrease,Brazil,industrial energy use,missing,missing,missing,missing,missing,missing,missing,missing,missing,MTC
214,0.401039,0.305242,0.30484,0.356897,0.407931,0.45263,0.516073,0.581905,0.619692,100Mt-noCostDecrease,100Mt-noCostDecrease,Brazil,industrial feedstocks,missing,missing,missing,missing,missing,missing,missing,missing,missing,MTC
215,1.51561075,2.6233583000000005,5.6205283,6.004139599999999,6.389508900000001,6.670892899999999,6.875249600000001,6.9711998,6.982213,100Mt-noCostDecrease,100Mt-noCostDecrease,Brazil,process heat cement,missing,missing,missing,missing,missing,missing,missing,missing,missing,MTC
216,3.29677,5.99689,5.44598,5.5424565900000005,5.4904104600000005,5.668189379999999,6.06932459,7.57177766,9.97287635,100Mt-noCostDecrease,100Mt-noCostDecrease,Brazil,refining,missing,missing,missing,missing,missing,missing,missing,missing,missing,MTC
217,-32.6816,-46.3097,-57.1731,-56.3132,-54.5888,-52.8493,-52.9962,-50.8506,-47.7443,100Mt-noCostDecrease,100Mt-noCostDecrease,Brazil,regional biomass,missing,missing,missing,missing,missing,missing,missing,missing,missing,MTC
218,0.0,0.0,-2.65469,-2.69659,-2.75115,-2.72278,-2.98831,-3.1721,-3.00829,100Mt-noCostDecrease,100Mt-noCostDecrease,Brazil,regional biomassOil,missing,missing,missing,missing,missing,missing,missing,missing,missing,MTC
219,-4.80346,-5.71249,-12.6961,-12.8954,-13.1926,-13.0568,-14.7836,-16.6684,-16.8333,100Mt-noCostDecrease,100Mt-noCostDecrease,Brazil,regional sugar for ethanol,missing,missing,missing,missing,missing,missing,missing,missing,missing,MTC
220,0.5829933,0.59983971,0.61226062,0.62343673,0.6605863599999999,0.70374612,0.71859812,0.71670061,0.73270011,100Mt-noCostDecrease,100Mt-noCostDecrease,Brazil,resid heating,missing,missing,missing,missing,missing,missing,missing,missing,missing,MTC
221,4.3151298,4.709692,4.635263,4.262384,4.178534,4.260434,4.07351,3.827685,3.779449,100Mt-noCostDecrease,100Mt-noCostDecrease,Brazil,resid others,missing,missing,missing,missing,missing,missing,missing,missing,missing,MTC
222,1.10546,1.67809,2.73793,2.95249,3.2319,3.47225,3.66519,3.83192,3.98931,100Mt-noCostDecrease,100Mt-noCostDecrease,Brazil,trn_aviation_intl,missing,missing,missing,missing,missing,missing,missing,missing,missing,MTC
223,1.19054162,1.392212,1.52318,1.609358,1.766815,1.908552,2.003954,2.1271,2.27744,100Mt-noCostDecrease,100Mt-noCostDecrease,Brazil,trn_freight,missing,missing,missing,missing,missing,missing,missing,missing,missing,MTC
224,10.4841,16.57048,27.377806300000003,28.97947641,30.04742928,30.03931444,30.94695729,31.636009300000005,32.6725567,100Mt-noCostDecrease,100Mt-noCostDecrease,Brazil,trn_freight_road,missing,missing,missing,missing,missing,missing,missing,missing,missing,MTC
225,0.9150061,1.3899397999999998,2.3580929,2.6354352,3.0199591,3.4000713,3.6450204,3.8694299,4.1144146,100Mt-noCostDecrease,100Mt-noCostDecrease,Brazil,trn_pass,missing,missing,missing,missing,missing,missing,missing,missing,missing,MTC
226,2.39841,3.79076,8.674746,9.445671,7.551254,6.571683,6.197516,6.177689999999999,6.198577,100Mt-noCostDecrease,100Mt-noCostDecrease,Brazil,trn_pass_road,missing,missing,missing,missing,missing,missing,missing,missing,missing,MTC
227,0.774726,1.22448,1.33721,0.959211,0.768892,0.634484,0.524698,0.439109,0.375766,100Mt-noCostDecrease,100Mt-noCostDecrease,Brazil,trn_pass_road_LDV,missing,missing,missing,missing,missing,missing,missing,missing,missing,MTC
228,10.480638395,17.552677,24.8117222,21.779721899999995,17.2602251,13.981692909999994,11.334212570000002,10.910581079999998,10.688724720000003,100Mt-noCostDecrease,100Mt-noCostDecrease,Brazil,trn_pass_road_LDV_4W,missing,missing,missing,missing,missing,missing,missing,missing,missing,MTC
229,0.819665,3.73995,4.87331,5.04812,5.32647,5.59988,5.77152,5.93117,6.14244,100Mt-noCostDecrease,100Mt-noCostDecrease,Brazil,trn_shipping_intl,missing,missing,missing,missing,missing,missing,missing,missing,missing,MTC
230,0.0,0.0,0.04762037,0.1023574,0.1545798,0.2110723,0.2737465,0.3417783,0.4227164,100Mt-noCostDecrease,100Mt-noCostDecrease,Canada,H2 central production,missing,missing,missing,missing,missing,missing,missing,missing,missing,MTC
231,0.0,0.0,0.0192582,0.0396775,0.0614025,0.0853592,0.111428,0.13921,0.168328,100Mt-noCostDecrease,100Mt-noCostDecrease,Canada,H2 forecourt production,missing,missing,missing,missing,missing,missing,missing,missing,missing,MTC
232,1.75396,1.8352,2.473689,2.580493,2.670606,2.673084,2.636015,2.635201,2.6500060000000003,100Mt-noCostDecrease,100Mt-noCostDecrease,Canada,N fertilizer,missing,missing,missing,missing,missing,missing,missing,missing,missing,MTC
233,0.0,0.0,0.049907,0.0828222,0.171156,0.306552,0.452268,0.569465,0.664756,100Mt-noCostDecrease,100Mt-noCostDecrease,Canada,backup_electricity,missing,missing,missing,missing,missing,missing,missing,missing,missing,MTC
234,0.0,0.0,0.00753525,0.00895249,0.00891165,0.00883645,0.00896971,0.00893678,0.00873813,100Mt-noCostDecrease,100Mt-noCostDecrease,Canada,biogas pipeline,missing,missing,missing,missing,missing,missing,missing,missing,missing,MTC
235,0.0,0.0,0.222551,0.261766,0.257943,0.253158,0.254329,0.250758,0.242606,100Mt-noCostDecrease,100Mt-noCostDecrease,Canada,biogas processing,missing,missing,missing,missing,missing,missing,missing,missing,missing,MTC
236,0.0,0.0,2.2901888,3.4233981,4.9764635,6.0852559999999984,7.03482604,8.12023683,9.47818622,100Mt-noCostDecrease,100Mt-noCostDecrease,Canada,biorefining,missing,missing,missing,missing,missing,missing,missing,missing,missing,MTC
237,1.591,1.928,1.51216,1.61898,1.73978,1.86033,1.98014,2.09558,2.20449,100Mt-noCostDecrease,100Mt-noCostDecrease,Canada,cement,missing,missing,missing,missing,missing,missing,missing,missing,missing,MTC
238,0.0864863,0.112798,0.100034,0.0861595,0.0757963,0.0669981,0.0590959,0.0516005,0.0446676,100Mt-noCostDecrease,100Mt-noCostDecrease,Canada,comm cooling,missing,missing,missing,missing,missing,missing,missing,missing,missing,MTC
239,5.72938,8.1785,6.57372,6.60469,6.55747,6.53733,6.467219999999999,6.3209,6.13854,100Mt-noCostDecrease,100Mt-noCostDecrease,Canada,comm heating,missing,missing,missing,missing,missing,missing,missing,missing,missing,MTC
240,2.48029989,3.367963,2.993834016,2.847192482,2.8191073993,2.8147143204,2.7781466439000004,2.6780615254999995,2.5239003531,100Mt-noCostDecrease,100Mt-noCostDecrease,Canada,comm others,missing,missing,missing,missing,missing,missing,missing,missing,missing,MTC
241,0.001218781,0.0012314639999999,0.001223109,0.001210328,0.0012349029999999,0.0012250919999999,0.001237159,0.001231966,0.001212966,100Mt-noCostDecrease,100Mt-noCostDecrease,Canada,desalinated water,missing,missing,missing,missing,missing,missing,missing,missing,missing,MTC
242,0.0,0.0,0.0,0.12520598,0.2438873899999999,0.3398195,0.43267121,0.527777811,0.5635409990000001,100Mt-noCostDecrease,100Mt-noCostDecrease,Canada,elec_biomass (IGCC),missing,missing,missing,missing,missing,missing,missing,missing,missing,MTC
243,0.8732348000000001,1.886072,3.4740757,3.76688165,3.89062032,3.767257630000001,3.4785656199999995,2.87516662,2.08245933,100Mt-noCostDecrease,100Mt-noCostDecrease,Canada,elec_biomass (conv),missing,missing,missing,missing,missing,missing,missing,missing,missing,MTC
244,0.0,0.0,0.0,0.8294437,1.55849791,2.11741679,2.63997416,3.27969642,3.87126803,100Mt-noCostDecrease,100Mt-noCostDecrease,Canada,elec_coal (IGCC),missing,missing,missing,missing,missing,missing,missing,missing,missing,MTC
245,22.82455,26.67795,22.1878523,24.284294100000004,25.4733012,25.6024909,25.1617571,24.7078316,24.0671018,100Mt-noCostDecrease,100Mt-noCostDecrease,Canada,elec_coal (conv pul),missing,missing,missing,missing,missing,missing,missing,missing,missing,MTC
246,1.0676792000000002,2.473067,1.2955389450000003,2.0483217603,3.0734437749000003,4.1512435413,5.397152334900001,7.09714225374,8.59747746263,100Mt-noCostDecrease,100Mt-noCostDecrease,Canada,elec_gas (CC),missing,missing,missing,missing,missing,missing,missing,missing,missing,MTC
247,0.04742875,2.474193,9.58992616,9.956947573819996,9.998791538329996,9.506192325769998,8.752200565399997,7.895210513419999,6.848618957864,100Mt-noCostDecrease,100Mt-noCostDecrease,Canada,elec_gas (steam/CT),missing,missing,missing,missing,missing,missing,missing,missing,missing,MTC
248,0.0,0.0,0.31710746,0.47804367,0.707825827,0.90211707,1.122915192,1.497208236,1.719894766,100Mt-noCostDecrease,100Mt-noCostDecrease,Canada,elec_refined liquids (CC),missing,missing,missing,missing,missing,missing,missing,missing,missing,MTC
249,3.113601,2.903578,1.44380957,1.5175736199999998,1.48960902,1.44378485,1.35445189,1.261833831,1.187722153,100Mt-noCostDecrease,100Mt-noCostDecrease,Canada,elec_refined liquids (steam/CT),missing,missing,missing,missing,missing,missing,missing,missing,missing,MTC
250,1.70061,5.53813,2.23647,2.2173,2.28373,2.32542,2.3492,2.37208,2.34958,100Mt-noCostDecrease,100Mt-noCostDecrease,Canada,gas pipeline,missing,missing,missing,missing,missing,missing,missing,missing,missing,MTC
251,0.00488987,0.111776,0.0110238,0.0389694,0.0582341,0.0817697,0.114228,0.163816,0.259921,100Mt-noCostDecrease,100Mt-noCostDecrease,Canada,gas processing,missing,missing,missing,missing,missing,missing,missing,missing,missing,MTC
252,29.902010000000004,39.93577,44.3466346,44.17870004,43.40884157,42.93314383,42.31769891,41.08606452,39.7541196,100Mt-noCostDecrease,100Mt-noCostDecrease,Canada,industrial energy use,missing,missing,missing,missing,missing,missing,missing,missing,missing,MTC
253,1.402827,1.199626,0.7340573,0.7332037,0.7845763,0.8200637000000001,0.8573222,0.8862109,0.8893597,100Mt-noCostDecrease,100Mt-noCostDecrease,Canada,industrial feedstocks,missing,missing,missing,missing,missing,missing,missing,missing,missing,MTC
254,1.2209817,1.2504414,1.1434837,1.2167313,1.2808837,1.3450764,1.4096864,1.4714963,1.532281,100Mt-noCostDecrease,100Mt-noCostDecrease,Canada,process heat cement,missing,missing,missing,missing,missing,missing,missing,missing,missing,MTC
255,4.83243,6.2676923,6.717272,6.6207265,6.0594839,5.6850392,5.493065100000001,5.7111917000000005,6.125797700000001,100Mt-noCostDecrease,100Mt-noCostDecrease,Canada,refining,missing,missing,missing,missing,missing,missing,missing,missing,missing,MTC
256,-10.4759,-13.7599,-15.8088,-18.1638,-20.0527,-21.113,-21.8041,-22.1419,-22.9729,100Mt-noCostDecrease,100Mt-noCostDecrease,Canada,regional biomass,missing,missing,missing,missing,missing,missing,missing,missing,missing,MTC
257,0.0,0.0,-1.13665,-1.30374,-1.5114,-1.64342,-1.73615,-1.78143,-1.77756,100Mt-noCostDecrease,100Mt-noCostDecrease,Canada,regional biomassOil,missing,missing,missing,missing,missing,missing,missing,missing,missing,MTC
258,0.0,-0.147674,-3.87682,-4.40263,-5.0642,-5.4899,-5.77781,-5.89289,-5.77361,100Mt-noCostDecrease,100Mt-noCostDecrease,Canada,regional corn for ethanol,missing,missing,missing,missing,missing,missing,missing,missing,missing,MTC
259,12.12323,11.19707,10.49143,10.16475,9.61353,9.14406,8.63439,7.96693,7.315128,100Mt-noCostDecrease,100Mt-noCostDecrease,Canada,resid heating,missing,missing,missing,missing,missing,missing,missing,missing,missing,MTC
260,2.5611,2.7119440999999997,2.53883567,2.30631584,2.13829839,2.00401674,1.8676317,1.70135361,1.52673842,100Mt-noCostDecrease,100Mt-noCostDecrease,Canada,resid others,missing,missing,missing,missing,missing,missing,missing,missing,missing,MTC
261,0.524374,0.611889,0.709249,0.736118,0.764336,0.790854,0.822257,0.849795,0.873317,100Mt-noCostDecrease,100Mt-noCostDecrease,Canada,trn_aviation_intl,missing,missing,missing,missing,missing,missing,missing,missing,missing,MTC
262,2.32499,2.99054,2.9115,3.0499400000000003,3.24201,3.4412200000000004,3.62559,3.8411,4.04671,100Mt-noCostDecrease,100Mt-noCostDecrease,Canada,trn_freight,missing,missing,missing,missing,missing,missing,missing,missing,missing,MTC
263,8.112037,10.14306,12.6440682,13.20554553,13.323285410000002,13.10593811,13.40679677,13.61933123,13.91283346,100Mt-noCostDecrease,100Mt-noCostDecrease,Canada,trn_freight_road,missing,missing,missing,missing,missing,missing,missing,missing,missing,MTC
264,3.132245,3.6594449,4.460645199999999,4.7090999,4.9564294,5.2362817,5.467176,5.67315,5.852247,100Mt-noCostDecrease,100Mt-noCostDecrease,Canada,trn_pass,missing,missing,missing,missing,missing,missing,missing,missing,missing,MTC
265,0.8229896,1.0273333,1.7751093,1.9923224,1.6209191000000005,1.3905939,1.2798782000000002,1.2571408000000002,1.2535372000000002,100Mt-noCostDecrease,100Mt-noCostDecrease,Canada,trn_pass_road,missing,missing,missing,missing,missing,missing,missing,missing,missing,MTC
266,0.0699046,0.0874073,0.0898995,0.0767461,0.0675528,0.0619977,0.0575787,0.053765,0.0501407,100Mt-noCostDecrease,100Mt-noCostDecrease,Canada,trn_pass_road_LDV,missing,missing,missing,missing,missing,missing,missing,missing,missing,MTC
267,18.54131151,23.18227937,26.0081716,22.817932570000004,17.198155054999997,13.087742127,9.95691252,9.274930360000004,9.101713340000002,100Mt-noCostDecrease,100Mt-noCostDecrease,Canada,trn_pass_road_LDV_4W,missing,missing,missing,missing,missing,missing,missing,missing,missing,MTC
268,0.511112,0.561636,0.355503,0.366281,0.378594,0.392639,0.404786,0.415392,0.425065,100Mt-noCostDecrease,100Mt-noCostDecrease,Canada,trn_shipping_intl,missing,missing,missing,missing,missing,missing,missing,missing,missing,MTC
269,0.0,0.0,0.04016672,0.0817437799999999,0.1428056,0.2232656999999999,0.3247569,0.44556,0.5792744,100Mt-noCostDecrease,100Mt-noCostDecrease,Central America and Caribbean,H2 central production,missing,missing,missing,missing,missing,missing,missing,missing,missing,MTC
270,0.0,0.0,0.018775,0.0368937,0.065393,0.102967,0.148811,0.204916,0.261135,100Mt-noCostDecrease,100Mt-noCostDecrease,Central America and Caribbean,H2 forecourt production,missing,missing,missing,missing,missing,missing,missing,missing,missing,MTC
271,0.235863,0.196875,0.3966388999999999,0.4175248,0.4378920999999999,0.4492218,0.4525344,0.4660493,0.4831199999999999,100Mt-noCostDecrease,100Mt-noCostDecrease,Central America and Caribbean,N fertilizer,missing,missing,missing,missing,missing,missing,missing,missing,missing,MTC
272,0.0,0.0,0.0537542,0.244495,0.586494,1.0403,1.53248,1.97987,2.13931,100Mt-noCostDecrease,100Mt-noCostDecrease,Central America and Caribbean,backup_electricity,missing,missing,missing,missing,missing,missing,missing,missing,missing,MTC
273,0.0,0.0,0.000804619,0.000721354,0.000774172,0.000870572,0.00102818,0.0011274,0.00125313,100Mt-noCostDecrease,100Mt-noCostDecrease,Central America and Caribbean,biogas pipeline,missing,missing,missing,missing,missing,missing,missing,missing,missing,MTC
274,0.0,0.0,0.0383366,0.034026,0.0361488,0.0402356,0.0470303,0.0510322,0.0561268,100Mt-noCostDecrease,100Mt-noCostDecrease,Central America and Caribbean,biogas processing,missing,missing,missing,missing,missing,missing,missing,missing,missing,MTC
275,0.0,0.0,1.3336978,2.62091249,4.37868721,6.07802702,7.713577959999999,9.126187689999998,10.347582669999998,100Mt-noCostDecrease,100Mt-noCostDecrease,Central America and Caribbean,biorefining,missing,missing,missing,missing,missing,missing,missing,missing,missing,MTC
276,1.483,2.104,2.43165,2.80527,3.18684,3.54191,3.88094,4.19789,4.47707,100Mt-noCostDecrease,100Mt-noCostDecrease,Central America and Caribbean,cement,missing,missing,missing,missing,missing,missing,missing,missing,missing,MTC
277,0.00521423,0.0075175,0.00199167,0.00165428,0.00155195,0.00145186,0.00133259,0.00121775,0.00107021,100Mt-noCostDecrease,100Mt-noCostDecrease,Central America and Caribbean,comm cooling,missing,missing,missing,missing,missing,missing,missing,missing,missing,MTC
278,0.15101167593,0.141076356,0.188921366,0.179950968,0.17532804,0.174176522,0.167279676,0.15460378,0.140819337,100Mt-noCostDecrease,100Mt-noCostDecrease,Central America and Caribbean,comm heating,missing,missing,missing,missing,missing,missing,missing,missing,missing,MTC
279,1.468318741,1.18353196,1.30589084,1.21555756,1.21228406,1.22712357,1.18626674,1.09110312,0.98021342,100Mt-noCostDecrease,100Mt-noCostDecrease,Central America and Caribbean,comm others,missing,missing,missing,missing,missing,missing,missing,missing,missing,MTC
280,0.0118371639999999,0.03341541,0.03870343,0.04056968,0.04581881,0.05212866,0.05897491,0.0809137,0.0952188,100Mt-noCostDecrease,100Mt-noCostDecrease,Central America and Caribbean,desalinated water,missing,missing,missing,missing,missing,missing,missing,missing,missing,MTC
281,0.0,0.0,0.0,0.23385471,0.4269775,0.59831724,0.7916574200000002,0.99956898,1.22144222,100Mt-noCostDecrease,100Mt-noCostDecrease,Central America and Caribbean,elec_biomass (IGCC),missing,missing,missing,missing,missing,missing,missing,missing,missing,MTC
282,1.1254308000000002,1.7729589,2.9827168000000004,3.4980071,4.0133981,4.410267030000001,4.68008076,4.43008511,3.860036649,100Mt-noCostDecrease,100Mt-noCostDecrease,Central America and Caribbean,elec_biomass (conv),missing,missing,missing,missing,missing,missing,missing,missing,missing,MTC
283,0.0,0.0,0.0,0.15386109,0.27681085,0.38032147,0.49525123,0.64055448,0.84175645,100Mt-noCostDecrease,100Mt-noCostDecrease,Central America and Caribbean,elec_coal (IGCC),missing,missing,missing,missing,missing,missing,missing,missing,missing,MTC
284,0.01142718,0.6741749,3.1291348999999995,3.54163613,3.77926342,3.8912599,3.973311340000001,4.084500659999999,4.313556039999999,100Mt-noCostDecrease,100Mt-noCostDecrease,Central America and Caribbean,elec_coal (conv pul),missing,missing,missing,missing,missing,missing,missing,missing,missing,MTC
285,0.0,0.0,0.3740500400000001,0.6867765793999999,1.0634729157000002,1.4776407991999998,2.0041172116,2.71682959449,3.65963642432,100Mt-noCostDecrease,100Mt-noCostDecrease,Central America and Caribbean,elec_gas (CC),missing,missing,missing,missing,missing,missing,missing,missing,missing,MTC
286,0.6495465,1.8546011,3.7631301699999993,4.0996347361400005,4.198670498019999,4.093356706650002,3.88736978216,3.659312764810001,3.4073992477049986,100Mt-noCostDecrease,100Mt-noCostDecrease,Central America and Caribbean,elec_gas (steam/CT),missing,missing,missing,missing,missing,missing,missing,missing,missing,MTC
287,0.0,0.0,0.9994503,1.3683492000000002,1.9026974,2.5843935,3.3902657,4.280121800000001,5.36930681,100Mt-noCostDecrease,100Mt-noCostDecrease,Central America and Caribbean,elec_refined liquids (CC),missing,missing,missing,missing,missing,missing,missing,missing,missing,MTC
288,5.541759000000001,9.524997999999998,9.8560346,9.3444984,8.863188799999998,8.3058946,7.4088493,6.344543000000001,5.339752089999998,100Mt-noCostDecrease,100Mt-noCostDecrease,Central America and Caribbean,elec_refined liquids (steam/CT),missing,missing,missing,missing,missing,missing,missing,missing,missing,MTC
289,0.00163468,0.247089,0.355718,0.400421,0.460052,0.518756,0.576383,0.640229,0.696323,100Mt-noCostDecrease,100Mt-noCostDecrease,Central America and Caribbean,gas pipeline,missing,missing,missing,missing,missing,missing,missing,missing,missing,MTC
290,0.0,0.00349294,0.00210456,0.00691718,0.0131966,0.023763,0.041977,0.0648884,0.108213,100Mt-noCostDecrease,100Mt-noCostDecrease,Central America and Caribbean,gas processing,missing,missing,missing,missing,missing,missing,missing,missing,missing,MTC
291,11.538647,9.532975,9.51300491,10.0029784,11.11175895,12.35296547,13.36189855,13.862949129999995,13.92560511,100Mt-noCostDecrease,100Mt-noCostDecrease,Central America and Caribbean,industrial energy use,missing,missing,missing,missing,missing,missing,missing,missing,missing,MTC
292,1.17434,4.93583,6.03135,6.80324,7.72526,8.61209,9.4934,10.3596,11.126,100Mt-noCostDecrease,100Mt-noCostDecrease,Central America and Caribbean,industrial feedstocks,missing,missing,missing,missing,missing,missing,missing,missing,missing,MTC
293,0.9328459999999998,1.227089,1.6043090000000002,1.831347,2.042937,2.236229,2.418531,2.574216,2.710248,100Mt-noCostDecrease,100Mt-noCostDecrease,Central America and Caribbean,process heat cement,missing,missing,missing,missing,missing,missing,missing,missing,missing,MTC
294,2.05545,0.863522,1.2528037,1.3259187100000005,1.36497408,1.55889223,2.00644708,2.805063659999999,3.757460569999999,100Mt-noCostDecrease,100Mt-noCostDecrease,Central America and Caribbean,refining,missing,missing,missing,missing,missing,missing,missing,missing,missing,MTC
295,-7.97507,-5.916,-10.8222,-13.5945,-17.5992,-21.388,-24.8366,-26.9436,-28.3121,100Mt-noCostDecrease,100Mt-noCostDecrease,Central America and Caribbean,regional biomass,missing,missing,missing,missing,missing,missing,missing,missing,missing,MTC
296,0.0,0.0,-0.222513,-0.290853,-0.378731,-0.459465,-0.532908,-0.583548,-0.602498,100Mt-noCostDecrease,100Mt-noCostDecrease,Central America and Caribbean,regional biomassOil,missing,missing,missing,missing,missing,missing,missing,missing,missing,MTC
297,-1.04767,-0.599711,-0.0349412,-0.0216613,-0.0272392,-0.0280312,-0.0298733,-0.0316062,-0.0337263,100Mt-noCostDecrease,100Mt-noCostDecrease,Central America and Caribbean,regional sugar for ethanol,missing,missing,missing,missing,missing,missing,missing,missing,missing,MTC
298,0.0636143382,0.06630376,0.059555615,0.06010102,0.062745473,0.066602202,0.066638965,0.063712384,0.059554519,100Mt-noCostDecrease,100Mt-noCostDecrease,Central America and Caribbean,resid heating,missing,missing,missing,missing,missing,missing,missing,missing,missing,MTC
299,2.73191909,2.89785043,2.31356633,2.11367592,2.06229355,2.0289325,1.89406409,1.66500775,1.417277425,100Mt-noCostDecrease,100Mt-noCostDecrease,Central America and Caribbean,resid others,missing,missing,missing,missing,missing,missing,missing,missing,missing,MTC
300,0.637874,1.29857,1.7252,1.964,2.25066,2.55164,2.8566,3.17027,3.48718,100Mt-noCostDecrease,100Mt-noCostDecrease,Central America and Caribbean,trn_aviation_intl,missing,missing,missing,missing,missing,missing,missing,missing,missing,MTC
301,0.2178573,0.1069587999999999,0.1608158,0.1768614,0.1982777,0.2191498,0.239144,0.264391,0.290933,100Mt-noCostDecrease,100Mt-noCostDecrease,Central America and Caribbean,trn_freight,missing,missing,missing,missing,missing,missing,missing,missing,missing,MTC
302,2.346469,4.391113,6.11574679,6.643764490000001,7.024870250000001,7.219073420000001,7.66482674,8.13702019,8.69661469,100Mt-noCostDecrease,100Mt-noCostDecrease,Central America and Caribbean,trn_freight_road,missing,missing,missing,missing,missing,missing,missing,missing,missing,MTC
303,0.30264536,0.61344471,0.8837955,1.08634841,1.34530494,1.6443800700000002,1.9264224,2.2289436,2.55113,100Mt-noCostDecrease,100Mt-noCostDecrease,Central America and Caribbean,trn_pass,missing,missing,missing,missing,missing,missing,missing,missing,missing,MTC
304,0.391724,0.73314,1.368035129,1.54654548,1.3205135999999995,1.2197612,1.203125,1.2332747,1.2577139000000002,100Mt-noCostDecrease,100Mt-noCostDecrease,Central America and Caribbean,trn_pass_road,missing,missing,missing,missing,missing,missing,missing,missing,missing,MTC
305,0.143414,0.26838,0.26001,0.194866,0.160278,0.130639,0.102172,0.0798804,0.0624702,100Mt-noCostDecrease,100Mt-noCostDecrease,Central America and Caribbean,trn_pass_road_LDV,missing,missing,missing,missing,missing,missing,missing,missing,missing,MTC
306,2.114844367,3.96102226,4.802777806000002,4.470026369,3.849630643999999,3.475569745,3.214441787,3.3632682959999984,3.5755532770000005,100Mt-noCostDecrease,100Mt-noCostDecrease,Central America and Caribbean,trn_pass_road_LDV_4W,missing,missing,missing,missing,missing,missing,missing,missing,missing,MTC
307,2.49897,4.87477,7.55167,8.00418,8.51037,9.04329,9.52374,9.98914,10.4534,100Mt-noCostDecrease,100Mt-noCostDecrease,Central America and Caribbean,trn_shipping_intl,missing,missing,missing,missing,missing,missing,missing,missing,missing,MTC
308,0.0,0.0,0.03749403,0.08295628,0.1324736,0.1902711999999999,0.2592892,0.3360947,0.4257493,100Mt-noCostDecrease,100Mt-noCostDecrease,Central Asia,H2 central production,missing,missing,missing,missing,missing,missing,missing,missing,missing,MTC
309,0.0,0.0,0.0151659,0.033323,0.0534215,0.0764226,0.101818,0.130451,0.161188,100Mt-noCostDecrease,100Mt-noCostDecrease,Central Asia,H2 forecourt production,missing,missing,missing,missing,missing,missing,missing,missing,missing,MTC
310,0.999309,0.599525,0.804722,0.8169901999999999,0.8215774,0.8150927,0.7928052999999999,0.7952264999999998,0.8127228999999999,100Mt-noCostDecrease,100Mt-noCostDecrease,Central Asia,N fertilizer,missing,missing,missing,missing,missing,missing,missing,missing,missing,MTC
311,0.0,0.0,0.0158505,0.0361452,0.122705,0.26184,0.416467,0.565433,0.701423,100Mt-noCostDecrease,100Mt-noCostDecrease,Central Asia,backup_electricity,missing,missing,missing,missing,missing,missing,missing,missing,missing,MTC
312,0.0,0.0,0.011043,0.0093667,0.010396,0.0106829,0.0118282,0.0115341,0.0115375,100Mt-noCostDecrease,100Mt-noCostDecrease,Central Asia,biogas pipeline,missing,missing,missing,missing,missing,missing,missing,missing,missing,MTC
313,0.0,0.0,0.242087,0.203288,0.22335,0.227175,0.248939,0.240221,0.237766,100Mt-noCostDecrease,100Mt-noCostDecrease,Central Asia,biogas processing,missing,missing,missing,missing,missing,missing,missing,missing,missing,MTC
314,0.0,0.0,1.1301898,2.23869538,3.480882499999999,4.615753280000002,5.603336240000001,6.354290420000003,6.973736119999998,100Mt-noCostDecrease,100Mt-noCostDecrease,Central Asia,biorefining,missing,missing,missing,missing,missing,missing,missing,missing,missing,MTC
315,3.03611,1.851,2.48854,2.87674,3.26378,3.56209,3.78608,3.95595,4.06528,100Mt-noCostDecrease,100Mt-noCostDecrease,Central Asia,cement,missing,missing,missing,missing,missing,missing,missing,missing,missing,MTC
316,12.9394775,3.8543455,4.5742766,4.8663569,5.1088669,5.2378524,5.3053784,5.297532100000001,5.2240506,100Mt-noCostDecrease,100Mt-noCostDecrease,Central Asia,comm heating,missing,missing,missing,missing,missing,missing,missing,missing,missing,MTC
317,20.8802029,6.291325799999999,8.7385838,9.8487266,10.68538,11.3923371,11.7797086,11.9243884,11.8725825,100Mt-noCostDecrease,100Mt-noCostDecrease,Central Asia,comm others,missing,missing,missing,missing,missing,missing,missing,missing,missing,MTC
318,0.471188,0.340081,0.546287,0.618911,0.679003,0.725506,0.7517119999999999,0.7717590000000001,0.780763,100Mt-noCostDecrease,100Mt-noCostDecrease,Central Asia,desalinated water,missing,missing,missing,missing,missing,missing,missing,missing,missing,MTC
319,0.0,0.0,0.0,0.024862793,0.059032938,0.0872745799999999,0.117946135,0.131995088,0.139195654,100Mt-noCostDecrease,100Mt-noCostDecrease,Central Asia,elec_biomass (IGCC),missing,missing,missing,missing,missing,missing,missing,missing,missing,MTC
320,0.0,0.0,0.2348076379999999,0.270035859,0.348395535,0.380793664,0.412023914,0.3555230169,0.2983840044,100Mt-noCostDecrease,100Mt-noCostDecrease,Central Asia,elec_biomass (conv),missing,missing,missing,missing,missing,missing,missing,missing,missing,MTC
321,0.0,0.0,0.0,0.7934159700000001,1.62995786,2.24332542,2.79787108,3.22028322,3.597219619,100Mt-noCostDecrease,100Mt-noCostDecrease,Central Asia,elec_coal (IGCC),missing,missing,missing,missing,missing,missing,missing,missing,missing,MTC
322,32.0971693,23.9239272,37.734869,39.2000688,39.9443635,39.12171619,37.35995624,34.73315653,31.949268960000005,100Mt-noCostDecrease,100Mt-noCostDecrease,Central Asia,elec_coal (conv pul),missing,missing,missing,missing,missing,missing,missing,missing,missing,MTC
323,0.8094197,0.0,2.0963611,3.6089405254,6.149053834500001,8.6143586725,11.128546725999998,13.1095928639,14.791418905549994,100Mt-noCostDecrease,100Mt-noCostDecrease,Central Asia,elec_gas (CC),missing,missing,missing,missing,missing,missing,missing,missing,missing,MTC
324,13.880094,13.270861,20.69836869,20.68185682899,20.20632253434,18.74753199955,16.879166502049998,15.318850842579993,13.885053389771,100Mt-noCostDecrease,100Mt-noCostDecrease,Central Asia,elec_gas (steam/CT),missing,missing,missing,missing,missing,missing,missing,missing,missing,MTC
325,0.0,0.0,0.12003326,0.109030035,0.168153879,0.194177827,0.220048865,0.208502865,0.216308491,100Mt-noCostDecrease,100Mt-noCostDecrease,Central Asia,elec_refined liquids (CC),missing,missing,missing,missing,missing,missing,missing,missing,missing,MTC
326,10.06621021,2.8677471800000003,0.437802033,0.3372655069999999,0.307817959,0.2835625129999999,0.252799912,0.217914097,0.2049909109,100Mt-noCostDecrease,100Mt-noCostDecrease,Central Asia,elec_refined liquids (steam/CT),missing,missing,missing,missing,missing,missing,missing,missing,missing,MTC
327,2.07893,3.15681,3.43341,3.71746,4.02315,4.21206,4.3274,4.42112,4.44985,100Mt-noCostDecrease,100Mt-noCostDecrease,Central Asia,gas pipeline,missing,missing,missing,missing,missing,missing,missing,missing,missing,MTC
328,0.0,0.0,0.0103649,0.0291607,0.05121,0.088427,0.1603,0.259839,0.427601,100Mt-noCostDecrease,100Mt-noCostDecrease,Central Asia,gas processing,missing,missing,missing,missing,missing,missing,missing,missing,missing,MTC
329,35.4698065,27.8245191,39.2542871039,41.63260628700001,42.467169922,43.293068655000006,43.90874047,44.10430480899999,44.011999373,100Mt-noCostDecrease,100Mt-noCostDecrease,Central Asia,industrial energy use,missing,missing,missing,missing,missing,missing,missing,missing,missing,MTC
330,0.0,1.276191,0.6144757,0.8746672000000001,1.1672363,1.4402761,1.7180212,2.0110688,2.2604957,100Mt-noCostDecrease,100Mt-noCostDecrease,Central Asia,industrial feedstocks,missing,missing,missing,missing,missing,missing,missing,missing,missing,MTC
331,1.3286546,0.728301,1.3345628,1.5252273,1.7048005000000002,1.8442288,1.944352,2.008044,2.0461457000000003,100Mt-noCostDecrease,100Mt-noCostDecrease,Central Asia,process heat cement,missing,missing,missing,missing,missing,missing,missing,missing,missing,MTC
332,4.06816,1.18366,2.00412,2.14494973,2.15501194,2.2386240900000005,2.4009759200000005,2.7787863500000007,3.3558660800000006,100Mt-noCostDecrease,100Mt-noCostDecrease,Central Asia,refining,missing,missing,missing,missing,missing,missing,missing,missing,missing,MTC
333,-0.663355,-0.555524,-3.35642,-5.20938,-7.42432,-9.39962,-11.1656,-12.3195,-13.2854,100Mt-noCostDecrease,100Mt-noCostDecrease,Central Asia,regional biomass,missing,missing,missing,missing,missing,missing,missing,missing,missing,MTC
334,0.0,0.0,-0.778468,-0.940184,-1.1085,-1.25883,-1.38953,-1.45435,-1.45936,100Mt-noCostDecrease,100Mt-noCostDecrease,Central Asia,regional biomassOil,missing,missing,missing,missing,missing,missing,missing,missing,missing,MTC
335,0.0,0.0,-0.082234,-0.112343,-0.156646,-0.202625,-0.248131,-0.289945,-0.338274,100Mt-noCostDecrease,100Mt-noCostDecrease,Central Asia,regional corn for ethanol,missing,missing,missing,missing,missing,missing,missing,missing,missing,MTC
336,1.0604710000000002,2.9906472,3.43628,3.886745,4.3621300000000005,4.761678,5.065472,5.250655,5.314044,100Mt-noCostDecrease,100Mt-noCostDecrease,Central Asia,resid heating,missing,missing,missing,missing,missing,missing,missing,missing,missing,MTC
337,2.8744721,8.254340000000001,9.838332,10.138299,10.011691,9.872932,9.6025661,9.279601799999998,8.8778032,100Mt-noCostDecrease,100Mt-noCostDecrease,Central Asia,resid others,missing,missing,missing,missing,missing,missing,missing,missing,missing,MTC
338,0.720757,0.454994,0.571513,0.683586,0.808516,0.922635,1.01598,1.08824,1.13976,100Mt-noCostDecrease,100Mt-noCostDecrease,Central Asia,trn_aviation_intl,missing,missing,missing,missing,missing,missing,missing,missing,missing,MTC
339,0.5872506000000001,0.33894118,0.5932908,0.6866824,0.8025663,0.9072379,0.9875288,1.0580582,1.1128194,100Mt-noCostDecrease,100Mt-noCostDecrease,Central Asia,trn_freight,missing,missing,missing,missing,missing,missing,missing,missing,missing,MTC
340,3.0207241,1.912164,3.525631,3.9954066,4.2994252,4.44769463,4.65932879,4.7830338,4.8927776,100Mt-noCostDecrease,100Mt-noCostDecrease,Central Asia,trn_freight_road,missing,missing,missing,missing,missing,missing,missing,missing,missing,MTC
341,1.534941,0.973132,1.416327,1.843272,2.362897,2.889558,3.295408,3.624245,3.88534,100Mt-noCostDecrease,100Mt-noCostDecrease,Central Asia,trn_pass,missing,missing,missing,missing,missing,missing,missing,missing,missing,MTC
342,1.1870869,0.7534329000000001,1.8272348,2.0797067,1.7896667000000002,1.6275825000000002,1.5704975,1.5776778000000002,1.5924469,100Mt-noCostDecrease,100Mt-noCostDecrease,Central Asia,trn_pass_road,missing,missing,missing,missing,missing,missing,missing,missing,missing,MTC
343,0.490951,0.31098,0.418271,0.366295,0.34798,0.311053,0.262951,0.217898,0.176862,100Mt-noCostDecrease,100Mt-noCostDecrease,Central Asia,trn_pass_road_LDV,missing,missing,missing,missing,missing,missing,missing,missing,missing,MTC
344,6.710228009000001,4.189795792999999,6.177513718400001,6.096291042200001,5.617933352299997,5.352482174069998,5.076961250859997,5.165255674289997,5.240104084119999,100Mt-noCostDecrease,100Mt-noCostDecrease,Central Asia,trn_pass_road_LDV_4W,missing,missing,missing,missing,missing,missing,missing,missing,missing,MTC
345,0.0,0.493932,1.1817,1.28035,1.38345,1.47832,1.54533,1.59232,1.62713,100Mt-noCostDecrease,100Mt-noCostDecrease,Central Asia,trn_shipping_intl,missing,missing,missing,missing,missing,missing,missing,missing,missing,MTC
346,0.0,0.0,0.3218943999999999,0.6933624,1.099998,1.559716,2.06537,2.565325,3.065064,100Mt-noCostDecrease,100Mt-noCostDecrease,China,H2 central production,missing,missing,missing,missing,missing,missing,missing,missing,missing,MTC
347,0.0,0.0,0.107444,0.223404,0.361647,0.515427,0.677826,0.847308,0.997936,100Mt-noCostDecrease,100Mt-noCostDecrease,China,H2 forecourt production,missing,missing,missing,missing,missing,missing,missing,missing,missing,MTC
348,20.42416,39.51621,53.22018799999999,53.950839,53.234712,51.100536,48.29193099999999,45.647886,43.16504600000002,100Mt-noCostDecrease,100Mt-noCostDecrease,China,N fertilizer,missing,missing,missing,missing,missing,missing,missing,missing,missing,MTC
349,0.0,0.0,0.429583,1.51572,4.76841,8.62672,12.6022,16.2237,18.9778,100Mt-noCostDecrease,100Mt-noCostDecrease,China,backup_electricity,missing,missing,missing,missing,missing,missing,missing,missing,missing,MTC
350,0.0,0.0,0.00966625,0.0135746,0.0163588,0.0193032,0.0220067,0.0227265,0.0225491,100Mt-noCostDecrease,100Mt-noCostDecrease,China,biogas pipeline,missing,missing,missing,missing,missing,missing,missing,missing,missing,MTC
351,0.0,0.0,0.894819,1.24407,1.48409,1.73337,1.95577,1.99872,1.96227,100Mt-noCostDecrease,100Mt-noCostDecrease,China,biogas processing,missing,missing,missing,missing,missing,missing,missing,missing,missing,MTC
352,0.0,0.0,18.2874498,38.35568790000001,62.8487639,83.1073711,101.282426,113.5554149,120.087622,100Mt-noCostDecrease,100Mt-noCostDecrease,China,biorefining,missing,missing,missing,missing,missing,missing,missing,missing,missing,MTC
353,28.806,145.501,206.493,194.703,184.409,175.432,166.73,158.066,149.623,100Mt-noCostDecrease,100Mt-noCostDecrease,China,cement,missing,missing,missing,missing,missing,missing,missing,missing,missing,MTC
354,20.107131000000003,32.31251,51.22197,57.11722,59.9794,61.62649999999999,62.6577,61.90089999999999,59.7788,100Mt-noCostDecrease,100Mt-noCostDecrease,China,comm heating,missing,missing,missing,missing,missing,missing,missing,missing,missing,MTC
355,9.2578634,14.699242599999998,22.02767307,21.45484774,20.373203160000003,20.28955854,20.25844395,19.49010933,18.31286189,100Mt-noCostDecrease,100Mt-noCostDecrease,China,comm others,missing,missing,missing,missing,missing,missing,missing,missing,missing,MTC
356,0.0,0.0,2.84494e-05,3.66492e-05,7.04271e-05,0.000102452,0.000132429,0.0,0.0,100Mt-noCostDecrease,100Mt-noCostDecrease,China,csp_backup,missing,missing,missing,missing,missing,missing,missing,missing,missing,MTC
357,0.002771529,0.00671691,0.01429827,0.01820983,0.02061532,0.02275024,0.02399154,0.02359365,0.02160917,100Mt-noCostDecrease,100Mt-noCostDecrease,China,desalinated water,missing,missing,missing,missing,missing,missing,missing,missing,missing,MTC
358,20.062702,5.419236,132.0411,141.896,145.6661,149.38580000000002,154.5806,155.67579999999998,154.37736,100Mt-noCostDecrease,100Mt-noCostDecrease,China,district heat,missing,missing,missing,missing,missing,missing,missing,missing,missing,MTC
359,0.0,0.0,0.0,1.1495273,2.2541386,2.9484788,3.5364532,4.2666851,4.4687961000000005,100Mt-noCostDecrease,100Mt-noCostDecrease,China,elec_biomass (IGCC),missing,missing,missing,missing,missing,missing,missing,missing,missing,MTC
360,0.00010667008,1.7224066,19.733667,20.496638999999995,21.046305000000004,20.676645000000004,20.2942003,17.9778452,13.8224985,100Mt-noCostDecrease,100Mt-noCostDecrease,China,elec_biomass (conv),missing,missing,missing,missing,missing,missing,missing,missing,missing,MTC
361,0.0,0.0,0.0,40.78935,76.998181,98.331365,113.400046,133.43605100000002,149.46484099999998,100Mt-noCostDecrease,100Mt-noCostDecrease,China,elec_coal (IGCC),missing,missing,missing,missing,missing,missing,missing,missing,missing,MTC
362,157.51056,651.9755,1280.3082399999998,1363.3568200000002,1397.2033999999996,1356.183406,1270.7362519999997,1179.299286,1076.8069839999998,100Mt-noCostDecrease,100Mt-noCostDecrease,China,elec_coal (conv pul),missing,missing,missing,missing,missing,missing,missing,missing,missing,MTC
363,0.21798412,0.9699782999999998,4.77572767,6.889909572800001,9.0689546823,10.3530723493,11.290395069100002,12.8870578105,14.109136352899998,100Mt-noCostDecrease,100Mt-noCostDecrease,China,elec_gas (CC),missing,missing,missing,missing,missing,missing,missing,missing,missing,MTC
364,0.14519927,2.1579602,14.265053410000002,12.867602089290004,11.783011511610002,10.40248208829,9.069382143220002,7.874886616509999,6.549329800129998,100Mt-noCostDecrease,100Mt-noCostDecrease,China,elec_gas (steam/CT),missing,missing,missing,missing,missing,missing,missing,missing,missing,MTC
365,0.0,0.0,0.20340523,0.33564915,0.479045612,0.4934800099999999,0.52494303,0.7241992499999999,0.7828606099999998,100Mt-noCostDecrease,100Mt-noCostDecrease,China,elec_refined liquids (CC),missing,missing,missing,missing,missing,missing,missing,missing,missing,MTC
366,10.244881,10.230676,1.0821881000000002,1.02156416,0.93466979,0.8920483900000001,0.8565510200000003,0.8177164700000003,0.7783540920000002,100Mt-noCostDecrease,100Mt-noCostDecrease,China,elec_refined liquids (steam/CT),missing,missing,missing,missing,missing,missing,missing,missing,missing,MTC
367,0.184271,0.51773,2.40872,3.06427,3.70986,4.22312,4.4597,4.69934,4.82317,100Mt-noCostDecrease,100Mt-noCostDecrease,China,gas pipeline,missing,missing,missing,missing,missing,missing,missing,missing,missing,MTC
368,1.71476,7.69529,21.9048,34.9334,43.2004,53.5331,62.977,70.7883,80.5217,100Mt-noCostDecrease,100Mt-noCostDecrease,China,gas processing,missing,missing,missing,missing,missing,missing,missing,missing,missing,MTC
369,248.50560590000003,571.6216599,917.2320522899998,939.58221454,934.64617403,939.37695415,941.68636947,923.81467089,893.85897048,100Mt-noCostDecrease,100Mt-noCostDecrease,China,industrial energy use,missing,missing,missing,missing,missing,missing,missing,missing,missing,MTC
370,16.86945,14.56383,46.24852,52.94187,57.91581,62.281020000000005,67.33324,71.42214,74.27795,100Mt-noCostDecrease,100Mt-noCostDecrease,China,industrial feedstocks,missing,missing,missing,missing,missing,missing,missing,missing,missing,MTC
371,25.72074,100.94652,179.11753000000002,166.34519999999998,155.02427,145.06962,135.81211,126.78465,118.10397,100Mt-noCostDecrease,100Mt-noCostDecrease,China,process heat cement,missing,missing,missing,missing,missing,missing,missing,missing,missing,MTC
372,6.37524,14.60634859,48.11265999999999,50.84496360000001,50.8429455,50.3241762,50.3399299,52.1821603,56.32554560000001,100Mt-noCostDecrease,100Mt-noCostDecrease,China,refining,missing,missing,missing,missing,missing,missing,missing,missing,missing,MTC
373,-0.0162159,-6.65785,-65.2638,-103.061,-147.711,-183.555,-215.893,-234.759,-240.968,100Mt-noCostDecrease,100Mt-noCostDecrease,China,regional biomass,missing,missing,missing,missing,missing,missing,missing,missing,missing,MTC
374,0.0,-0.0372126,-1.28613,-1.67149,-2.15262,-2.57646,-3.01581,-3.34902,-3.68722,100Mt-noCostDecrease,100Mt-noCostDecrease,China,regional biomassOil,missing,missing,missing,missing,missing,missing,missing,missing,missing,MTC
375,0.0,-0.535728,-3.08512,-3.38097,-3.93935,-4.33351,-4.71521,-4.92803,-4.8128,100Mt-noCostDecrease,100Mt-noCostDecrease,China,regional corn for ethanol,missing,missing,missing,missing,missing,missing,missing,missing,missing,MTC
376,52.192709,39.53906,54.03158,62.3811,68.07549999999999,71.4048,73.3254,73.5317,71.9532,100Mt-noCostDecrease,100Mt-noCostDecrease,China,resid heating,missing,missing,missing,missing,missing,missing,missing,missing,missing,MTC
377,44.7966835,42.8288418,64.87275622,64.5314504,62.46252613,61.96745673,60.87179153,57.96079802,53.745126078,100Mt-noCostDecrease,100Mt-noCostDecrease,China,resid others,missing,missing,missing,missing,missing,missing,missing,missing,missing,MTC
378,1.66317,5.71903,12.7821,15.8237,18.3001,20.023,21.1676,21.8532,22.0768,100Mt-noCostDecrease,100Mt-noCostDecrease,China,trn_aviation_intl,missing,missing,missing,missing,missing,missing,missing,missing,missing,MTC
379,10.89395,18.85348,33.9944,40.6675,46.4814,51.6229,55.2379,57.6116,59.2887,100Mt-noCostDecrease,100Mt-noCostDecrease,China,trn_freight,missing,missing,missing,missing,missing,missing,missing,missing,missing,MTC
380,7.58564,39.886164593,150.61753421999998,188.53577585,216.519759685,232.0117943,240.02933,250.39731000000003,258.039548,100Mt-noCostDecrease,100Mt-noCostDecrease,China,trn_freight_road,missing,missing,missing,missing,missing,missing,missing,missing,missing,MTC
381,1.029917,8.04878,29.06403,39.7423,49.84025,58.34146,64.01187,68.06241,70.53451,100Mt-noCostDecrease,100Mt-noCostDecrease,China,trn_pass,missing,missing,missing,missing,missing,missing,missing,missing,missing,MTC
382,3.76037,20.767479,59.504000000000005,60.41402000000001,45.67291,39.11347000000001,36.15097,34.32088,32.8713,100Mt-noCostDecrease,100Mt-noCostDecrease,China,trn_pass_road,missing,missing,missing,missing,missing,missing,missing,missing,missing,MTC
383,2.03615,9.98489,11.262761,7.410348,7.013224,5.732264000000001,4.507818,3.745729,3.02391,100Mt-noCostDecrease,100Mt-noCostDecrease,China,trn_pass_road_LDV,missing,missing,missing,missing,missing,missing,missing,missing,missing,MTC
384,2.6218800000000004,13.4302201,23.37051578,19.934729699999995,17.614478180000003,14.626468253000004,11.623953207,10.973309890000005,10.16023811,100Mt-noCostDecrease,100Mt-noCostDecrease,China,trn_pass_road_LDV_4W,missing,missing,missing,missing,missing,missing,missing,missing,missing,MTC
385,3.71487,12.759,25.8314,28.6316,30.8139,32.5339,33.6587,34.434,34.9328,100Mt-noCostDecrease,100Mt-noCostDecrease,China,trn_shipping_intl,missing,missing,missing,missing,missing,missing,missing,missing,missing,MTC
386,0.0,0.0,0.3294342999999999,0.7046279999999999,1.087464,1.499033,1.942461,2.369988,2.862076,100Mt-noCostDecrease,100Mt-noCostDecrease,EU-12,H2 central production,missing,missing,missing,missing,missing,missing,missing,missing,missing,MTC
387,0.0,0.0,0.124089,0.265633,0.425004,0.599469,0.782173,0.976729,1.16695,100Mt-noCostDecrease,100Mt-noCostDecrease,EU-12,H2 forecourt production,missing,missing,missing,missing,missing,missing,missing,missing,missing,MTC
388,3.482556,3.17213,3.6737327,3.6829787,3.6691786,3.5464255,3.4191715,3.32059623,3.2133577900000003,100Mt-noCostDecrease,100Mt-noCostDecrease,EU-12,N fertilizer,missing,missing,missing,missing,missing,missing,missing,missing,missing,MTC
389,0.0,0.0,0.051667,0.11693,0.295975,0.518405,0.734888,0.862628,0.966097,100Mt-noCostDecrease,100Mt-noCostDecrease,EU-12,backup_electricity,missing,missing,missing,missing,missing,missing,missing,missing,missing,MTC
390,0.0,0.0,0.00196898,0.00213895,0.00234405,0.00253408,0.00273643,0.00275123,0.00261522,100Mt-noCostDecrease,100Mt-noCostDecrease,EU-12,biogas pipeline,missing,missing,missing,missing,missing,missing,missing,missing,missing,MTC
391,0.0,0.0,0.105907,0.113899,0.123561,0.132217,0.141304,0.14059,0.132234,100Mt-noCostDecrease,100Mt-noCostDecrease,EU-12,biogas processing,missing,missing,missing,missing,missing,missing,missing,missing,missing,MTC
392,0.0,0.0,0.7229395999999999,1.5101635999999998,3.0335186,4.131057,5.0122312,5.768796399999999,6.451946899999999,100Mt-noCostDecrease,100Mt-noCostDecrease,EU-12,biorefining,missing,missing,missing,missing,missing,missing,missing,missing,missing,MTC
393,6.31689,5.29,5.48532,5.62171,5.70865,5.7549,5.75972,5.73791,5.70494,100Mt-noCostDecrease,100Mt-noCostDecrease,EU-12,cement,missing,missing,missing,missing,missing,missing,missing,missing,missing,MTC
394,9.027836,4.136067,4.253457,4.730662000000001,5.0689470000000005,5.315011999999999,5.4321410000000006,5.409481,5.3255870000000005,100Mt-noCostDecrease,100Mt-noCostDecrease,EU-12,comm heating,missing,missing,missing,missing,missing,missing,missing,missing,missing,MTC
395,3.853113,2.9199711,2.9848494000000003,3.2409213,3.4139553,3.5491523,3.5810220000000004,3.5174472,3.3707508,100Mt-noCostDecrease,100Mt-noCostDecrease,EU-12,comm others,missing,missing,missing,missing,missing,missing,missing,missing,missing,MTC
396,0.01918506,0.032692,0.0509775,0.053817,0.057421,0.0605089999999999,0.0625984,0.0647795,0.0661683999999999,100Mt-noCostDecrease,100Mt-noCostDecrease,EU-12,desalinated water,missing,missing,missing,missing,missing,missing,missing,missing,missing,MTC
397,20.623304,7.396999,18.52167,19.402566,19.462198,19.432965,19.410462,19.089661,18.983135000000004,100Mt-noCostDecrease,100Mt-noCostDecrease,EU-12,district heat,missing,missing,missing,missing,missing,missing,missing,missing,missing,MTC
398,0.0,0.0,0.0,0.12140472,0.24040774,0.34632721,0.4479894,0.5557215759999999,0.595277087,100Mt-noCostDecrease,100Mt-noCostDecrease,EU-12,elec_biomass (IGCC),missing,missing,missing,missing,missing,missing,missing,missing,missing,MTC
399,0.0269583139999999,0.8385853999999999,4.143683,4.15831972,4.06193801,3.8837403,3.58603637,2.89433273,2.09637278,100Mt-noCostDecrease,100Mt-noCostDecrease,EU-12,elec_biomass (conv),missing,missing,missing,missing,missing,missing,missing,missing,missing,MTC
400,0.0,0.0,0.0,2.179058,4.2598852,6.0068254,7.605317899999999,9.5649564,11.1782723,100Mt-noCostDecrease,100Mt-noCostDecrease,EU-12,elec_coal (IGCC),missing,missing,missing,missing,missing,missing,missing,missing,missing,MTC
401,79.82450399000001,75.88320999999999,80.203149,84.95004800000001,87.2453969,86.4455105,83.43140419999999,80.1326613,75.79212100000001,100Mt-noCostDecrease,100Mt-noCostDecrease,EU-12,elec_coal (conv pul),missing,missing,missing,missing,missing,missing,missing,missing,missing,MTC
402,0.0,0.0,0.341033247,0.7199420274999999,1.318069792,2.02443237263,2.8169400966,3.948906526570001,4.8812777112,100Mt-noCostDecrease,100Mt-noCostDecrease,EU-12,elec_gas (CC),missing,missing,missing,missing,missing,missing,missing,missing,missing,MTC
403,9.510175,6.24433,4.5983716186,4.840613364849999,4.94332172327,4.790036154719999,4.481077313420001,4.196467809809999,3.809982977610999,100Mt-noCostDecrease,100Mt-noCostDecrease,EU-12,elec_gas (steam/CT),missing,missing,missing,missing,missing,missing,missing,missing,missing,MTC
404,0.0,0.0,0.2539778,0.354521688,0.5569140610000001,0.76473159,0.934346092,1.182174767,1.258600497,100Mt-noCostDecrease,100Mt-noCostDecrease,EU-12,elec_refined liquids (CC),missing,missing,missing,missing,missing,missing,missing,missing,missing,MTC
405,8.4106502,2.5245552,1.09717329,1.1040783900000002,1.14929867,1.1932857,1.14219403,1.050562672,0.989159851,100Mt-noCostDecrease,100Mt-noCostDecrease,EU-12,elec_refined liquids (steam/CT),missing,missing,missing,missing,missing,missing,missing,missing,missing,MTC
406,0.376266,1.39924,0.870955,0.934489,1.00645,1.05797,1.09083,1.13118,1.13968,100Mt-noCostDecrease,100Mt-noCostDecrease,EU-12,gas pipeline,missing,missing,missing,missing,missing,missing,missing,missing,missing,MTC
407,0.85358277,0.5582559,0.868685,1.06738,1.09277,1.19334,1.3621,1.43109,1.70163,100Mt-noCostDecrease,100Mt-noCostDecrease,EU-12,gas processing,missing,missing,missing,missing,missing,missing,missing,missing,missing,MTC
408,81.67696300000001,42.834762000000005,33.2049968,32.556305599999995,31.1134262,30.222031,29.3088217,27.697223099999995,26.3299589,100Mt-noCostDecrease,100Mt-noCostDecrease,EU-12,industrial energy use,missing,missing,missing,missing,missing,missing,missing,missing,missing,MTC
409,1.00214,2.074817,2.336836,2.508724,2.623648,2.693676,2.796615,2.912295,2.973777,100Mt-noCostDecrease,100Mt-noCostDecrease,EU-12,industrial feedstocks,missing,missing,missing,missing,missing,missing,missing,missing,missing,MTC
410,3.815167,3.1030407,3.865376,3.895581,3.865233,3.812257,3.752663,3.6737,3.5935971,100Mt-noCostDecrease,100Mt-noCostDecrease,EU-12,process heat cement,missing,missing,missing,missing,missing,missing,missing,missing,missing,MTC
411,4.374568,5.26073605,5.82234,5.77994153,5.29939046,4.86524334,4.42270607,4.24042223,4.375443323,100Mt-noCostDecrease,100Mt-noCostDecrease,EU-12,refining,missing,missing,missing,missing,missing,missing,missing,missing,missing,MTC
412,-6.04826,-15.1144,-26.3731,-27.3023,-28.7254,-29.276,-29.0931,-27.0091,-24.9544,100Mt-noCostDecrease,100Mt-noCostDecrease,EU-12,regional biomass,missing,missing,missing,missing,missing,missing,missing,missing,missing,MTC
413,0.0,-0.02960151,-1.168064,-1.436008,-1.83711,-2.085428,-2.252327,-2.304233,-2.196305,100Mt-noCostDecrease,100Mt-noCostDecrease,EU-12,regional biomassOil,missing,missing,missing,missing,missing,missing,missing,missing,missing,MTC
414,0.0,-0.0291728,-0.367601,-0.486736,-0.726237,-0.90487,-1.05759,-1.19689,-1.34207,100Mt-noCostDecrease,100Mt-noCostDecrease,EU-12,regional corn for ethanol,missing,missing,missing,missing,missing,missing,missing,missing,missing,MTC
415,0.0,-0.00528384,-0.144087,-0.202445,-0.335505,-0.439761,-0.532567,-0.621764,-0.720907,100Mt-noCostDecrease,100Mt-noCostDecrease,EU-12,regional sugar for ethanol,missing,missing,missing,missing,missing,missing,missing,missing,missing,MTC
416,20.545175,20.015861,20.99999,20.796749,19.818936,18.810441,17.682371999999997,15.924769,14.455517,100Mt-noCostDecrease,100Mt-noCostDecrease,EU-12,resid heating,missing,missing,missing,missing,missing,missing,missing,missing,missing,MTC
417,6.819443,8.126771999999999,7.680507,7.84704,7.856166,7.835678999999999,7.684139,7.365108,6.944468,100Mt-noCostDecrease,100Mt-noCostDecrease,EU-12,resid others,missing,missing,missing,missing,missing,missing,missing,missing,missing,MTC
418,1.08486,1.22972,1.70681,1.84058,1.94667,2.02778,2.08291,2.11083,2.12402,100Mt-noCostDecrease,100Mt-noCostDecrease,EU-12,trn_aviation_intl,missing,missing,missing,missing,missing,missing,missing,missing,missing,MTC
419,0.863663,0.32800238,0.4298183,0.4639331,0.5019765,0.5334009,0.5594169999999999,0.5897319999999999,0.6171730000000001,100Mt-noCostDecrease,100Mt-noCostDecrease,EU-12,trn_freight,missing,missing,missing,missing,missing,missing,missing,missing,missing,MTC
420,5.6750344980000005,8.38884043,11.985673568,12.898620608999998,13.202264890999995,13.091273530000002,13.234297420000004,13.27054969,13.39499892,100Mt-noCostDecrease,100Mt-noCostDecrease,EU-12,trn_freight_road,missing,missing,missing,missing,missing,missing,missing,missing,missing,MTC
421,0.478074,0.53243,0.753849,0.837304,0.912071,0.97528,1.008314,1.02773,1.041503,100Mt-noCostDecrease,100Mt-noCostDecrease,EU-12,trn_pass,missing,missing,missing,missing,missing,missing,missing,missing,missing,MTC
422,1.41395516,2.0430179,3.8494959,4.4036857,3.7694861,3.3614832000000003,3.1844755,3.1738690000000003,3.198382,100Mt-noCostDecrease,100Mt-noCostDecrease,EU-12,trn_pass_road,missing,missing,missing,missing,missing,missing,missing,missing,missing,MTC
423,0.446246,0.617816,0.633329,0.500394,0.410335,0.329908,0.261667,0.207639,0.165554,100Mt-noCostDecrease,100Mt-noCostDecrease,EU-12,trn_pass_road_LDV,missing,missing,missing,missing,missing,missing,missing,missing,missing,MTC
424,11.385959475599998,16.639299233230002,19.5680833216,17.921074919299993,14.902012617200002,12.693098157059996,10.759928044999995,10.112852542000004,9.698207208,100Mt-noCostDecrease,100Mt-noCostDecrease,EU-12,trn_pass_road_LDV_4W,missing,missing,missing,missing,missing,missing,missing,missing,missing,MTC
425,0.663103,1.26551,2.8739,3.01853,3.1464,3.2689,3.34723,3.39975,3.44784,100Mt-noCostDecrease,100Mt-noCostDecrease,EU-12,trn_shipping_intl,missing,missing,missing,missing,missing,missing,missing,missing,missing,MTC
426,0.0,0.0,1.580215,3.244065,5.038169,7.117669,9.543835,11.850621,14.70494,100Mt-noCostDecrease,100Mt-noCostDecrease,EU-15,H2 central production,missing,missing,missing,missing,missing,missing,missing,missing,missing,MTC
427,0.0,0.0,0.628438,1.27415,1.99802,2.83585,3.77959,4.69589,5.74713,100Mt-noCostDecrease,100Mt-noCostDecrease,EU-15,H2 forecourt production,missing,missing,missing,missing,missing,missing,missing,missing,missing,MTC
428,5.942933,4.333793,3.9352597,4.1363667,4.337925500000001,4.368893599999999,4.2943149,4.2810467,4.2997163,100Mt-noCostDecrease,100Mt-noCostDecrease,EU-15,N fertilizer,missing,missing,missing,missing,missing,missing,missing,missing,missing,MTC
429,0.0,0.0,0.596619,1.36672,2.69954,4.16409,5.62284,5.93496,6.39348,100Mt-noCostDecrease,100Mt-noCostDecrease,EU-15,backup_electricity,missing,missing,missing,missing,missing,missing,missing,missing,missing,MTC
430,0.0,0.0,0.00404564,0.0042516,0.00437023,0.00460356,0.00497135,0.00543918,0.00491559,100Mt-noCostDecrease,100Mt-noCostDecrease,EU-15,biogas pipeline,missing,missing,missing,missing,missing,missing,missing,missing,missing,MTC
431,0.0,0.0,0.660096,0.686771,0.698808,0.728613,0.778719,0.843133,0.753958,100Mt-noCostDecrease,100Mt-noCostDecrease,EU-15,biogas processing,missing,missing,missing,missing,missing,missing,missing,missing,missing,MTC
432,0.0,0.0,6.055188,13.3337458,25.9771473,35.062546700000006,42.13147680000001,48.34633899999999,54.012831100000014,100Mt-noCostDecrease,100Mt-noCostDecrease,EU-15,biorefining,missing,missing,missing,missing,missing,missing,missing,missing,missing,MTC
433,26.035,27.8,25.1885,25.8524,26.4608,27.0253,27.5125,27.9738,28.3239,100Mt-noCostDecrease,100Mt-noCostDecrease,EU-15,cement,missing,missing,missing,missing,missing,missing,missing,missing,missing,MTC
434,9.94e-06,1.278e-05,1.27211e-05,1.03574e-05,8.86252e-06,7.72744e-06,6.72003e-06,5.67354e-06,4.84691e-06,100Mt-noCostDecrease,100Mt-noCostDecrease,EU-15,comm cooling,missing,missing,missing,missing,missing,missing,missing,missing,missing,MTC
435,26.554133,22.259766,22.173834,21.842975000000003,21.771054,21.878427,21.834641,21.197143,20.630205,100Mt-noCostDecrease,100Mt-noCostDecrease,EU-15,comm heating,missing,missing,missing,missing,missing,missing,missing,missing,missing,MTC
436,22.1630677,24.3924709,23.3431558,22.4844934,22.334285,22.6223351,22.7363565,22.0441777,21.5194311,100Mt-noCostDecrease,100Mt-noCostDecrease,EU-15,comm others,missing,missing,missing,missing,missing,missing,missing,missing,missing,MTC
437,0.0,0.0,0.00526326,0.00705953,0.00953152,0.0116958,0.0134349,0.0,0.0,100Mt-noCostDecrease,100Mt-noCostDecrease,EU-15,csp_backup,missing,missing,missing,missing,missing,missing,missing,missing,missing,MTC
438,0.1587246,0.1537471999999999,0.2167625,0.254703,0.2775708,0.299768,0.3175679999999999,0.331322,0.3399919999999999,100Mt-noCostDecrease,100Mt-noCostDecrease,EU-15,desalinated water,missing,missing,missing,missing,missing,missing,missing,missing,missing,MTC
439,0.0,0.0,0.0,0.7724169000000001,1.4260833000000002,2.0162281,2.6468875,3.824800600000001,4.19193224,100Mt-noCostDecrease,100Mt-noCostDecrease,EU-15,elec_biomass (IGCC),missing,missing,missing,missing,missing,missing,missing,missing,missing,MTC
440,2.7817164,15.991482,27.431508,26.7124994,25.4904373,24.1673929,22.213671700000003,18.6174371,13.626600799999997,100Mt-noCostDecrease,100Mt-noCostDecrease,EU-15,elec_biomass (conv),missing,missing,missing,missing,missing,missing,missing,missing,missing,MTC
441,0.0,0.0,0.0,4.3845455,8.1375115,11.3399432,14.6042205,21.0028773,25.3237048,100Mt-noCostDecrease,100Mt-noCostDecrease,EU-15,elec_coal (IGCC),missing,missing,missing,missing,missing,missing,missing,missing,missing,MTC
442,217.28457000000003,190.04735,166.21976,174.649268,176.97972099999998,173.490344,166.43973799999995,165.15470799999994,157.98922699999997,100Mt-noCostDecrease,100Mt-noCostDecrease,EU-15,elec_coal (conv pul),missing,missing,missing,missing,missing,missing,missing,missing,missing,MTC
443,8.849015,46.59947,24.57760153,27.70243501100001,29.779417002,30.830191575,31.720200141999992,36.29981738899998,38.75662219460002,100Mt-noCostDecrease,100Mt-noCostDecrease,EU-15,elec_gas (CC),missing,missing,missing,missing,missing,missing,missing,missing,missing,MTC
444,8.689144,12.785747,23.62910633000001,24.769247141300003,25.1165953587,24.664555018299996,23.945369802499997,24.917586505120003,24.27014365024001,100Mt-noCostDecrease,100Mt-noCostDecrease,EU-15,elec_gas (steam/CT),missing,missing,missing,missing,missing,missing,missing,missing,missing,MTC
445,0.0,0.0,0.7775132000000001,1.17415605,1.66279582,2.24144907,2.90970017,5.026938230000001,4.7715313,100Mt-noCostDecrease,100Mt-noCostDecrease,EU-15,elec_refined liquids (CC),missing,missing,missing,missing,missing,missing,missing,missing,missing,MTC
446,31.740908,19.857388,5.717472300000001,5.0802766,4.6771862,4.558882510000001,4.192005529999999,3.64561088,3.1824786,100Mt-noCostDecrease,100Mt-noCostDecrease,EU-15,elec_refined liquids (steam/CT),missing,missing,missing,missing,missing,missing,missing,missing,missing,MTC
447,1.57997,1.95024,1.55662,1.55439,1.59277,1.6298,1.66521,1.71343,1.73634,100Mt-noCostDecrease,100Mt-noCostDecrease,EU-15,gas pipeline,missing,missing,missing,missing,missing,missing,missing,missing,missing,MTC
448,1.177781,2.73777,0.0611854,0.151731,0.252446,0.400448,0.627816,0.873297,1.30386,100Mt-noCostDecrease,100Mt-noCostDecrease,EU-15,gas processing,missing,missing,missing,missing,missing,missing,missing,missing,missing,MTC
449,191.9778,179.15448999999998,142.6724573,133.4566801,128.8158571,127.72236300000002,126.90180800000002,120.19876700000002,115.950499,100Mt-noCostDecrease,100Mt-noCostDecrease,EU-15,industrial energy use,missing,missing,missing,missing,missing,missing,missing,missing,missing,MTC
450,5.38847,4.50455,5.39229,5.5959,5.83463,5.992430000000001,6.24419,6.57038,6.74823,100Mt-noCostDecrease,100Mt-noCostDecrease,EU-15,industrial feedstocks,missing,missing,missing,missing,missing,missing,missing,missing,missing,MTC
451,16.792543000000002,16.358558,18.071366,18.276943,18.392248,18.453923000000003,18.533561,18.588453,18.544343,100Mt-noCostDecrease,100Mt-noCostDecrease,EU-15,process heat cement,missing,missing,missing,missing,missing,missing,missing,missing,missing,MTC
452,26.102487872,37.79168,29.98442,28.75351,25.73493,23.71375,22.14107,24.780491,29.415985999999997,100Mt-noCostDecrease,100Mt-noCostDecrease,EU-15,refining,missing,missing,missing,missing,missing,missing,missing,missing,missing,MTC
453,-39.0759,-68.9588,-98.7153,-106.967,-123.327,-134.627,-141.614,-142.191,-141.148,100Mt-noCostDecrease,100Mt-noCostDecrease,EU-15,regional biomass,missing,missing,missing,missing,missing,missing,missing,missing,missing,MTC
454,-0.00591993,-2.131312,-5.175554,-6.35959,-7.94696,-8.91578,-9.53029,-9.6348,-8.9775,100Mt-noCostDecrease,100Mt-noCostDecrease,EU-15,regional biomassOil,missing,missing,missing,missing,missing,missing,missing,missing,missing,MTC
455,0.0,-0.493157,-2.38423,-3.32194,-5.11272,-6.4436,-7.54343,-8.55444,-9.56072,100Mt-noCostDecrease,100Mt-noCostDecrease,EU-15,regional corn for ethanol,missing,missing,missing,missing,missing,missing,missing,missing,missing,MTC
456,0.0,-0.0893314,-0.742303,-1.06338,-1.71229,-2.20268,-2.62028,-3.01609,-3.4325,100Mt-noCostDecrease,100Mt-noCostDecrease,EU-15,regional sugar for ethanol,missing,missing,missing,missing,missing,missing,missing,missing,missing,MTC
457,77.4867,93.3617,79.2963,77.45679999999999,75.23140000000001,73.2753,70.9564,67.0764,63.69748,100Mt-noCostDecrease,100Mt-noCostDecrease,EU-15,resid heating,missing,missing,missing,missing,missing,missing,missing,missing,missing,MTC
458,50.42258,39.09519,32.44519,30.77824,29.94486,29.70381,29.22801,27.45415,26.050870000000003,100Mt-noCostDecrease,100Mt-noCostDecrease,EU-15,resid others,missing,missing,missing,missing,missing,missing,missing,missing,missing,MTC
459,10.5836,18.1934,19.2995,19.7865,20.2048,20.5934,20.9921,21.3238,21.5738,100Mt-noCostDecrease,100Mt-noCostDecrease,EU-15,trn_aviation_intl,missing,missing,missing,missing,missing,missing,missing,missing,missing,MTC
460,5.5309386,6.32352074,4.734611,4.869888,5.051414,5.2419150000000005,5.349634,5.518811,5.68412,100Mt-noCostDecrease,100Mt-noCostDecrease,EU-15,trn_freight,missing,missing,missing,missing,missing,missing,missing,missing,missing,MTC
461,28.01445,34.49461,34.6280978,35.7360779,35.40949979999999,34.13320180000001,34.3844082,34.6095502,35.163907,100Mt-noCostDecrease,100Mt-noCostDecrease,EU-15,trn_freight_road,missing,missing,missing,missing,missing,missing,missing,missing,missing,MTC
462,13.25955,22.23976,25.05254,26.63219,28.10763,29.56228,30.38686,31.08034,31.65737,100Mt-noCostDecrease,100Mt-noCostDecrease,EU-15,trn_pass,missing,missing,missing,missing,missing,missing,missing,missing,missing,MTC
463,7.734731999999999,9.672717,13.945245,15.452187,12.369549,10.438108,9.378762,8.89079,8.543614,100Mt-noCostDecrease,100Mt-noCostDecrease,EU-15,trn_pass_road,missing,missing,missing,missing,missing,missing,missing,missing,missing,MTC
464,1.84859,2.27616,1.92699,1.70755,1.54878,1.40016,1.26924,1.14615,1.03432,100Mt-noCostDecrease,100Mt-noCostDecrease,EU-15,trn_pass_road_LDV,missing,missing,missing,missing,missing,missing,missing,missing,missing,MTC
465,138.53099577799998,170.55299146100003,154.12607221627002,138.42240118077206,111.038153472919,91.32126097568302,75.76905209905904,72.02383845448298,70.57535998129603,100Mt-noCostDecrease,100Mt-noCostDecrease,EU-15,trn_pass_road_LDV_4W,missing,missing,missing,missing,missing,missing,missing,missing,missing,MTC
466,28.0631,40.6386,34.3546,35.1999,35.989,36.9234,37.6265,38.254,38.8594,100Mt-noCostDecrease,100Mt-noCostDecrease,EU-15,trn_shipping_intl,missing,missing,missing,missing,missing,missing,missing,missing,missing,MTC
467,0.0,0.0,0.0058788239999999,0.01270041,0.0200598099999999,0.02836569,0.03763661,0.04763523,0.05931339,100Mt-noCostDecrease,100Mt-noCostDecrease,Europe_Eastern,H2 central production,missing,missing,missing,missing,missing,missing,missing,missing,missing,MTC
468,0.0,0.0,0.00225297,0.00483556,0.00765479,0.0107919,0.0141069,0.0178647,0.02175,100Mt-noCostDecrease,100Mt-noCostDecrease,Europe_Eastern,H2 forecourt production,missing,missing,missing,missing,missing,missing,missing,missing,missing,MTC
469,2.49774,2.21302,2.181718,2.149144,2.0807260000000003,1.975623,1.853338,1.7640129999999998,1.7063,100Mt-noCostDecrease,100Mt-noCostDecrease,Europe_Eastern,N fertilizer,missing,missing,missing,missing,missing,missing,missing,missing,missing,MTC
470,0.0,0.0,0.0104001,0.0200994,0.0651208,0.134594,0.20512,0.267361,0.320291,100Mt-noCostDecrease,100Mt-noCostDecrease,Europe_Eastern,backup_electricity,missing,missing,missing,missing,missing,missing,missing,missing,missing,MTC
471,0.0,0.0,0.00291489,0.00235921,0.00262743,0.00265795,0.0028249,0.00262123,0.00246595,100Mt-noCostDecrease,100Mt-noCostDecrease,Europe_Eastern,biogas pipeline,missing,missing,missing,missing,missing,missing,missing,missing,missing,MTC
472,0.0,0.0,0.0586977,0.0470331,0.0518517,0.0519193,0.054612,0.0501471,0.0466802,100Mt-noCostDecrease,100Mt-noCostDecrease,Europe_Eastern,biogas processing,missing,missing,missing,missing,missing,missing,missing,missing,missing,MTC
473,0.0,0.0,0.3336184,0.46930427,0.74862488,0.98146037,1.1970179699999994,1.41690236,1.66749705,100Mt-noCostDecrease,100Mt-noCostDecrease,Europe_Eastern,biorefining,missing,missing,missing,missing,missing,missing,missing,missing,missing,MTC
474,4.14308,2.17,2.03163,2.14322,2.25581,2.34105,2.40637,2.4581,2.48988,100Mt-noCostDecrease,100Mt-noCostDecrease,Europe_Eastern,cement,missing,missing,missing,missing,missing,missing,missing,missing,missing,MTC
475,1.088005,0.5844579999999999,0.343752,0.37175,0.403709,0.434843,0.460764,0.4702792999999999,0.4776197,100Mt-noCostDecrease,100Mt-noCostDecrease,Europe_Eastern,comm heating,missing,missing,missing,missing,missing,missing,missing,missing,missing,MTC
476,6.0456355,0.3580574,0.3245779,0.31222,0.2869581,0.2721352999999999,0.2562857,0.2382192,0.22160226,100Mt-noCostDecrease,100Mt-noCostDecrease,Europe_Eastern,comm others,missing,missing,missing,missing,missing,missing,missing,missing,missing,MTC
477,38.13137,13.701617,9.339229,9.596222,9.81513,9.911765,9.894027,9.822726,9.620093999999998,100Mt-noCostDecrease,100Mt-noCostDecrease,Europe_Eastern,district heat,missing,missing,missing,missing,missing,missing,missing,missing,missing,MTC
478,0.0,0.0,0.0,0.018027141,0.045429726,0.073290419,0.106341464,0.133508396,0.151534539,100Mt-noCostDecrease,100Mt-noCostDecrease,Europe_Eastern,elec_biomass (IGCC),missing,missing,missing,missing,missing,missing,missing,missing,missing,MTC
479,0.0,0.0,0.162728029,0.217533776,0.3076711155,0.3774310192,0.4414052347,0.4243865711,0.36797728646,100Mt-noCostDecrease,100Mt-noCostDecrease,Europe_Eastern,elec_biomass (conv),missing,missing,missing,missing,missing,missing,missing,missing,missing,MTC
480,0.0,0.0,0.0,0.35300707,0.74155284,1.05936023,1.37449363,1.66783064,1.9440132,100Mt-noCostDecrease,100Mt-noCostDecrease,Europe_Eastern,elec_coal (IGCC),missing,missing,missing,missing,missing,missing,missing,missing,missing,MTC
481,40.78984,15.89213,20.022756,20.5209499,20.6930829,20.1686607,19.2110137,17.910791630000002,16.53867829,100Mt-noCostDecrease,100Mt-noCostDecrease,Europe_Eastern,elec_coal (conv pul),missing,missing,missing,missing,missing,missing,missing,missing,missing,MTC
482,2.3749681,0.0,0.398668803,0.6953738937,1.2182701671900005,1.79961538538,2.4916222394300003,3.21402941612,3.89576269038,100Mt-noCostDecrease,100Mt-noCostDecrease,Europe_Eastern,elec_gas (CC),missing,missing,missing,missing,missing,missing,missing,missing,missing,MTC
483,8.232493999999999,11.338066,6.59587858,6.47555690634,6.171380191409999,5.660441812369999,5.032669590139999,4.480826044463,3.9176694793250006,100Mt-noCostDecrease,100Mt-noCostDecrease,Europe_Eastern,elec_gas (steam/CT),missing,missing,missing,missing,missing,missing,missing,missing,missing,MTC
484,0.0,0.0,0.056561568,0.076899857,0.130715738,0.1894823419999999,0.262958768,0.336561785,0.415958528,100Mt-noCostDecrease,100Mt-noCostDecrease,Europe_Eastern,elec_refined liquids (CC),missing,missing,missing,missing,missing,missing,missing,missing,missing,MTC
485,16.281345,0.4413922,0.22929934,0.2516466639999999,0.2791939839999999,0.299715633,0.309237973,0.310575427,0.3126944799999999,100Mt-noCostDecrease,100Mt-noCostDecrease,Europe_Eastern,elec_refined liquids (steam/CT),missing,missing,missing,missing,missing,missing,missing,missing,missing,MTC
486,1.48663,3.11233,1.67393,1.72887,1.78843,1.81785,1.82781,1.85027,1.84107,100Mt-noCostDecrease,100Mt-noCostDecrease,Europe_Eastern,gas pipeline,missing,missing,missing,missing,missing,missing,missing,missing,missing,MTC
487,0.0,0.0,0.0362335,0.0556007,0.0721983,0.0968057,0.132967,0.1676,0.231979,100Mt-noCostDecrease,100Mt-noCostDecrease,Europe_Eastern,gas processing,missing,missing,missing,missing,missing,missing,missing,missing,missing,MTC
488,74.1535832,35.12455758,21.95974397,22.442655159999997,22.342009999999995,22.398175480000003,22.41700999,22.197990080000004,22.03111135,100Mt-noCostDecrease,100Mt-noCostDecrease,Europe_Eastern,industrial energy use,missing,missing,missing,missing,missing,missing,missing,missing,missing,MTC
489,0.0,4.20804,1.466443,1.664097,1.867026,2.049192,2.237182,2.427697,2.589118,100Mt-noCostDecrease,100Mt-noCostDecrease,Europe_Eastern,industrial feedstocks,missing,missing,missing,missing,missing,missing,missing,missing,missing,MTC
490,2.0295762,0.9464559,1.11833,1.1678414,1.2138985999999998,1.2484069,1.2712062,1.28206935,1.28755108,100Mt-noCostDecrease,100Mt-noCostDecrease,Europe_Eastern,process heat cement,missing,missing,missing,missing,missing,missing,missing,missing,missing,MTC
491,2.06519,1.87988,1.6484550000000002,1.675808375,1.621223827,1.5801458970000002,1.500554558,1.403632921,1.333785596,100Mt-noCostDecrease,100Mt-noCostDecrease,Europe_Eastern,refining,missing,missing,missing,missing,missing,missing,missing,missing,missing,MTC
492,-0.624846,-1.53468,-4.67564,-4.71007,-4.88533,-5.02985,-5.15379,-4.96562,-4.92173,100Mt-noCostDecrease,100Mt-noCostDecrease,Europe_Eastern,regional biomass,missing,missing,missing,missing,missing,missing,missing,missing,missing,MTC
493,0.0,0.0,-0.330532,-0.374673,-0.453674,-0.511808,-0.559044,-0.588602,-0.598371,100Mt-noCostDecrease,100Mt-noCostDecrease,Europe_Eastern,regional biomassOil,missing,missing,missing,missing,missing,missing,missing,missing,missing,MTC
494,0.0,0.0,-0.675139,-0.768839,-0.951385,-1.09003,-1.20373,-1.28673,-1.33472,100Mt-noCostDecrease,100Mt-noCostDecrease,Europe_Eastern,regional corn for ethanol,missing,missing,missing,missing,missing,missing,missing,missing,missing,MTC
495,2.253365,4.028824,4.186999999999999,4.27464,4.3554,4.39078,4.37324,4.23495,4.086978,100Mt-noCostDecrease,100Mt-noCostDecrease,Europe_Eastern,resid heating,missing,missing,missing,missing,missing,missing,missing,missing,missing,MTC
496,14.0829608,7.60656,4.858744,4.835921000000001,4.704959,4.5659540000000005,4.3734546,4.168928200000001,3.9137421,100Mt-noCostDecrease,100Mt-noCostDecrease,Europe_Eastern,resid others,missing,missing,missing,missing,missing,missing,missing,missing,missing,MTC
497,0.604091,0.117313,0.0933035,0.104967,0.118852,0.132286,0.144152,0.15422,0.162737,100Mt-noCostDecrease,100Mt-noCostDecrease,Europe_Eastern,trn_aviation_intl,missing,missing,missing,missing,missing,missing,missing,missing,missing,MTC
498,0.8686448,0.517394,0.451159,0.5002324,0.564567,0.6252471000000001,0.6802874999999999,0.7356334999999999,0.7864012,100Mt-noCostDecrease,100Mt-noCostDecrease,Europe_Eastern,trn_freight,missing,missing,missing,missing,missing,missing,missing,missing,missing,MTC
499,4.4918022,2.07601348,2.34630135,2.52603535,2.609941611,2.62677607,2.7097369,2.76241411,2.82688466,100Mt-noCostDecrease,100Mt-noCostDecrease,Europe_Eastern,trn_freight_road,missing,missing,missing,missing,missing,missing,missing,missing,missing,MTC
500,1.399112,0.336685,0.343562,0.4099399999999999,0.491162,0.5725439999999999,0.640626,0.700713,0.7543949999999999,100Mt-noCostDecrease,100Mt-noCostDecrease,Europe_Eastern,trn_pass,missing,missing,missing,missing,missing,missing,missing,missing,missing,MTC
501,1.7379479999999998,0.8020679,1.2256745999999998,1.44712641,1.3228033,1.2827733,1.3224827,1.4104795,1.5005008999999998,100Mt-noCostDecrease,100Mt-noCostDecrease,Europe_Eastern,trn_pass_road,missing,missing,missing,missing,missing,missing,missing,missing,missing,MTC
502,0.722159,0.327973,0.277049,0.229255,0.202018,0.172259,0.141305,0.114423,0.0925548,100Mt-noCostDecrease,100Mt-noCostDecrease,Europe_Eastern,trn_pass_road_LDV,missing,missing,missing,missing,missing,missing,missing,missing,missing,MTC
503,10.666833754,4.846946431,4.63381951,4.400235481999999,3.8471482641,3.5037716091,3.1962014930000007,3.1831033949999994,3.2082609630000003,100Mt-noCostDecrease,100Mt-noCostDecrease,Europe_Eastern,trn_pass_road_LDV_4W,missing,missing,missing,missing,missing,missing,missing,missing,missing,MTC
504,0.0,0.286282,0.252321,0.267006,0.283086,0.298799,0.312028,0.323101,0.33279,100Mt-noCostDecrease,100Mt-noCostDecrease,Europe_Eastern,trn_shipping_intl,missing,missing,missing,missing,missing,missing,missing,missing,missing,MTC
505,0.0,0.0,0.174903,0.3984684,0.6583848,0.9806356,1.384259,1.833612,2.367392,100Mt-noCostDecrease,100Mt-noCostDecrease,Europe_Non_EU,H2 central production,missing,missing,missing,missing,missing,missing,missing,missing,missing,MTC
506,0.0,0.0,0.0711529,0.162821,0.272557,0.409598,0.580064,0.784695,1.01298,100Mt-noCostDecrease,100Mt-noCostDecrease,Europe_Non_EU,H2 forecourt production,missing,missing,missing,missing,missing,missing,missing,missing,missing,MTC
507,0.9150524,0.7982618,0.8877662000000001,0.93358565,0.97014884,0.96735826,0.94875347,0.94220745,0.93995116,100Mt-noCostDecrease,100Mt-noCostDecrease,Europe_Non_EU,N fertilizer,missing,missing,missing,missing,missing,missing,missing,missing,missing,MTC
508,0.0,0.0,0.0246389,0.0500313,0.15594,0.323878,0.514796,0.702733,0.902702,100Mt-noCostDecrease,100Mt-noCostDecrease,Europe_Non_EU,backup_electricity,missing,missing,missing,missing,missing,missing,missing,missing,missing,MTC
509,0.0,0.0,0.000591343,0.000731613,0.00084832,0.0008984,0.000980352,0.0010115,0.000980726,100Mt-noCostDecrease,100Mt-noCostDecrease,Europe_Non_EU,biogas pipeline,missing,missing,missing,missing,missing,missing,missing,missing,missing,MTC
510,0.0,0.0,0.0962217,0.117856,0.135278,0.141803,0.153145,0.156366,0.150014,100Mt-noCostDecrease,100Mt-noCostDecrease,Europe_Non_EU,biogas processing,missing,missing,missing,missing,missing,missing,missing,missing,missing,MTC
511,0.0,0.0,0.7321488,1.83950712,3.59957186,5.03770567,6.297251949999999,7.402005219999999,8.360072259999999,100Mt-noCostDecrease,100Mt-noCostDecrease,Europe_Non_EU,biorefining,missing,missing,missing,missing,missing,missing,missing,missing,missing,MTC
512,4.35043,6.991,8.20559,8.48649,8.7515,8.97448,9.13415,9.23654,9.29923,100Mt-noCostDecrease,100Mt-noCostDecrease,Europe_Non_EU,cement,missing,missing,missing,missing,missing,missing,missing,missing,missing,MTC
513,2.004111,1.1676385,4.1513610000000005,4.362586,4.471362,4.655281,4.8727187,4.9844815,5.0652842,100Mt-noCostDecrease,100Mt-noCostDecrease,Europe_Non_EU,comm heating,missing,missing,missing,missing,missing,missing,missing,missing,missing,MTC
514,1.479819,1.368308,3.151876,3.3031048,3.3568177,3.5207597,3.7379527,3.9297487,4.0562843,100Mt-noCostDecrease,100Mt-noCostDecrease,Europe_Non_EU,comm others,missing,missing,missing,missing,missing,missing,missing,missing,missing,MTC
515,0.0010073439999999,0.001156628,0.002359794,0.00289982,0.003505528,0.00409802,0.0047256899999999,0.0054819199999999,0.00629933,100Mt-noCostDecrease,100Mt-noCostDecrease,Europe_Non_EU,desalinated water,missing,missing,missing,missing,missing,missing,missing,missing,missing,MTC
516,0.9967093,1.003749,1.7232372,1.8712755,1.9967091,2.1175811,2.2563111,2.3879504000000003,2.4745539,100Mt-noCostDecrease,100Mt-noCostDecrease,Europe_Non_EU,district heat,missing,missing,missing,missing,missing,missing,missing,missing,missing,MTC
517,0.0,0.0,0.0,0.02295512,0.0588930349999999,0.094106729,0.132464057,0.176554807,0.198648474,100Mt-noCostDecrease,100Mt-noCostDecrease,Europe_Non_EU,elec_biomass (IGCC),missing,missing,missing,missing,missing,missing,missing,missing,missing,MTC
518,0.0,0.0028882972,0.07947180952,0.1511598522599999,0.25422815877,0.32178053657,0.38446117042,0.415389341835,0.368976194349,100Mt-noCostDecrease,100Mt-noCostDecrease,Europe_Non_EU,elec_biomass (conv),missing,missing,missing,missing,missing,missing,missing,missing,missing,MTC
519,0.0,0.0,0.0,1.29320463,2.8605022200000008,4.16378748,5.31569005,6.64668421,7.708690254,100Mt-noCostDecrease,100Mt-noCostDecrease,Europe_Non_EU,elec_coal (IGCC),missing,missing,missing,missing,missing,missing,missing,missing,missing,MTC
520,19.646585,25.035581,38.219993,40.9259671,43.3425559,43.88295015,43.07073528,42.03476997,40.222160500000015,100Mt-noCostDecrease,100Mt-noCostDecrease,Europe_Non_EU,elec_coal (conv pul),missing,missing,missing,missing,missing,missing,missing,missing,missing,MTC
521,0.9941306,6.207584,7.72039105,8.862808754500001,10.1872802555,10.9702908724,11.454614479600002,12.203098679499996,12.648783138499995,100Mt-noCostDecrease,100Mt-noCostDecrease,Europe_Non_EU,elec_gas (CC),missing,missing,missing,missing,missing,missing,missing,missing,missing,MTC
522,0.6648671,1.0637527999999998,1.932327955,1.885217071165,1.805250870364,1.6883984067,1.5750773162350005,1.5145946959700003,1.4102081362179997,100Mt-noCostDecrease,100Mt-noCostDecrease,Europe_Non_EU,elec_gas (steam/CT),missing,missing,missing,missing,missing,missing,missing,missing,missing,MTC
523,0.0,0.0,0.021142521,0.0426028244,0.0803958242999999,0.1046539412999999,0.1271462996,0.1718306486,0.1849463639,100Mt-noCostDecrease,100Mt-noCostDecrease,Europe_Non_EU,elec_refined liquids (CC),missing,missing,missing,missing,missing,missing,missing,missing,missing,MTC
524,1.71556784,1.3963952000000002,0.21250805,0.203789165,0.18630533,0.171966973,0.158744057,0.14579913,0.134014471,100Mt-noCostDecrease,100Mt-noCostDecrease,Europe_Non_EU,elec_refined liquids (steam/CT),missing,missing,missing,missing,missing,missing,missing,missing,missing,MTC
525,0.02021,0.10521,0.212469,0.235857,0.260298,0.281061,0.300297,0.323514,0.33943,100Mt-noCostDecrease,100Mt-noCostDecrease,Europe_Non_EU,gas pipeline,missing,missing,missing,missing,missing,missing,missing,missing,missing,MTC
526,0.0270863,0.00698597,0.00823389,0.0223184,0.039021,0.0646917,0.105353,0.150597,0.23009,100Mt-noCostDecrease,100Mt-noCostDecrease,Europe_Non_EU,gas processing,missing,missing,missing,missing,missing,missing,missing,missing,missing,MTC
527,18.1045676,20.920683,21.915631800000003,23.7224723,24.7287955,26.17285524,27.9420975,29.300749600000003,30.416339860000004,100Mt-noCostDecrease,100Mt-noCostDecrease,Europe_Non_EU,industrial energy use,missing,missing,missing,missing,missing,missing,missing,missing,missing,MTC
528,0.0,0.282334,0.1076803,0.1244406,0.1419365,0.1564363,0.1726145,0.1903464,0.2033865,100Mt-noCostDecrease,100Mt-noCostDecrease,Europe_Non_EU,industrial feedstocks,missing,missing,missing,missing,missing,missing,missing,missing,missing,MTC
529,2.7901777,4.3090957,5.8775651,5.9833381,6.054715099999999,6.089286,6.100785699999999,6.0687457,6.0082372,100Mt-noCostDecrease,100Mt-noCostDecrease,Europe_Non_EU,process heat cement,missing,missing,missing,missing,missing,missing,missing,missing,missing,MTC
530,3.07605,2.19721,4.123251,4.22678233,4.07210858,3.99531761,3.98998434,4.23084372,4.676818379999999,100Mt-noCostDecrease,100Mt-noCostDecrease,Europe_Non_EU,refining,missing,missing,missing,missing,missing,missing,missing,missing,missing,MTC
531,-9.85905,-8.62138,-8.72855,-10.5939,-13.3218,-15.487,-17.3136,-18.2722,-19.0182,100Mt-noCostDecrease,100Mt-noCostDecrease,Europe_Non_EU,regional biomass,missing,missing,missing,missing,missing,missing,missing,missing,missing,MTC
532,0.0,0.0,-0.331186,-0.429545,-0.56091,-0.658609,-0.738502,-0.789601,-0.7997259999999999,100Mt-noCostDecrease,100Mt-noCostDecrease,Europe_Non_EU,regional biomassOil,missing,missing,missing,missing,missing,missing,missing,missing,missing,MTC
533,0.0,0.0,-0.208684,-0.302389,-0.469067,-0.613933,-0.752974,-0.891783,-1.0389,100Mt-noCostDecrease,100Mt-noCostDecrease,Europe_Non_EU,regional corn for ethanol,missing,missing,missing,missing,missing,missing,missing,missing,missing,MTC
534,9.3080228,9.27735,8.211619,8.572481999999999,8.771204,8.923493,9.00012,8.715786,8.422034,100Mt-noCostDecrease,100Mt-noCostDecrease,Europe_Non_EU,resid heating,missing,missing,missing,missing,missing,missing,missing,missing,missing,MTC
535,7.453102899999999,7.74213,7.435575999999999,7.729559,7.8096,8.064593,8.405472000000001,8.623437000000001,8.702708,100Mt-noCostDecrease,100Mt-noCostDecrease,Europe_Non_EU,resid others,missing,missing,missing,missing,missing,missing,missing,missing,missing,MTC
536,0.445917,0.945834,2.2126,2.49903,2.78465,3.05107,3.28321,3.48633,3.66325,100Mt-noCostDecrease,100Mt-noCostDecrease,Europe_Non_EU,trn_aviation_intl,missing,missing,missing,missing,missing,missing,missing,missing,missing,MTC
537,0.3166947,0.4586703,0.43198,0.472716,0.520309,0.564627,0.5993029999999999,0.638948,0.676321,100Mt-noCostDecrease,100Mt-noCostDecrease,Europe_Non_EU,trn_freight,missing,missing,missing,missing,missing,missing,missing,missing,missing,MTC
538,2.085759,2.980195,5.05503873,5.53470397,5.799509089999999,5.881869651000001,6.13628741,6.36434629,6.63360011,100Mt-noCostDecrease,100Mt-noCostDecrease,Europe_Non_EU,trn_freight_road,missing,missing,missing,missing,missing,missing,missing,missing,missing,MTC
539,0.2935225999999999,0.9852736,2.732193,3.305805,3.918421,4.541638,5.010664,5.441734,5.833689,100Mt-noCostDecrease,100Mt-noCostDecrease,Europe_Non_EU,trn_pass,missing,missing,missing,missing,missing,missing,missing,missing,missing,MTC
540,0.525254,0.7445275800000001,1.8410716,2.1296114000000004,1.8307913,1.6498838,1.5673929,1.5650375,1.5731893000000003,100Mt-noCostDecrease,100Mt-noCostDecrease,Europe_Non_EU,trn_pass_road,missing,missing,missing,missing,missing,missing,missing,missing,missing,MTC
541,0.138488,0.198034,0.295865,0.28363,0.271986,0.253999,0.236075,0.218371,0.199473,100Mt-noCostDecrease,100Mt-noCostDecrease,Europe_Non_EU,trn_pass_road_LDV,missing,missing,missing,missing,missing,missing,missing,missing,missing,MTC
542,7.369385,9.983663916089998,17.489324010999997,16.677852930999997,14.304453320300006,12.6841101794,11.39463325,11.24254739,11.35722851,100Mt-noCostDecrease,100Mt-noCostDecrease,Europe_Non_EU,trn_pass_road_LDV_4W,missing,missing,missing,missing,missing,missing,missing,missing,missing,MTC
543,0.0939672,0.905366,1.04592,1.10957,1.17115,1.23202,1.28198,1.3246,1.36359,100Mt-noCostDecrease,100Mt-noCostDecrease,Europe_Non_EU,trn_shipping_intl,missing,missing,missing,missing,missing,missing,missing,missing,missing,MTC
544,0.0,0.0,0.2113457,0.3746247,0.52343,0.6895079,0.881853,1.096036,1.3227179999999998,100Mt-noCostDecrease,100Mt-noCostDecrease,European Free Trade Association,H2 central production,missing,missing,missing,missing,missing,missing,missing,missing,missing,MTC
545,0.0,0.0,0.0921779,0.154825,0.216914,0.282988,0.355278,0.446553,0.532333,100Mt-noCostDecrease,100Mt-noCostDecrease,European Free Trade Association,H2 forecourt production,missing,missing,missing,missing,missing,missing,missing,missing,missing,MTC
546,0.3019867,0.2812293,0.3305173899999999,0.3346054199999999,0.33754856,0.3335092799999999,0.32277427,0.3190463299999999,0.31766025,100Mt-noCostDecrease,100Mt-noCostDecrease,European Free Trade Association,N fertilizer,missing,missing,missing,missing,missing,missing,missing,missing,missing,MTC
547,0.0,0.0,0.0239981,0.0780099,0.166943,0.257148,0.338043,0.405993,0.422066,100Mt-noCostDecrease,100Mt-noCostDecrease,European Free Trade Association,backup_electricity,missing,missing,missing,missing,missing,missing,missing,missing,missing,MTC
548,0.0,0.0,6.05523e-05,6.38629e-05,6.24197e-05,6.63508e-05,7.2527e-05,7.43878e-05,7.96139e-05,100Mt-noCostDecrease,100Mt-noCostDecrease,European Free Trade Association,biogas pipeline,missing,missing,missing,missing,missing,missing,missing,missing,missing,MTC
549,0.0,0.0,0.0265594,0.0277316,0.0268314,0.0282304,0.0305404,0.0309979,0.0328268,100Mt-noCostDecrease,100Mt-noCostDecrease,European Free Trade Association,biogas processing,missing,missing,missing,missing,missing,missing,missing,missing,missing,MTC
550,0.0,0.0,0.2241540999999999,0.50205995,1.04705968,1.4738435499999998,1.82908225,2.1797211500000007,2.51404501,100Mt-noCostDecrease,100Mt-noCostDecrease,European Free Trade Association,biorefining,missing,missing,missing,missing,missing,missing,missing,missing,missing,MTC
551,0.896,0.784,0.838211,0.886273,0.931074,0.972769,1.01097,1.04571,1.08008,100Mt-noCostDecrease,100Mt-noCostDecrease,European Free Trade Association,cement,missing,missing,missing,missing,missing,missing,missing,missing,missing,MTC
552,1.7101318,1.3730674,1.236030476,1.122362323,1.028394531,0.966831324,0.90593793,0.83651681,0.7594077180000001,100Mt-noCostDecrease,100Mt-noCostDecrease,European Free Trade Association,comm heating,missing,missing,missing,missing,missing,missing,missing,missing,missing,MTC
553,0.77041111,0.76173427,0.5314117857,0.4419910551,0.3843106474,0.3515908775,0.3224053581,0.2976726326,0.2696735231,100Mt-noCostDecrease,100Mt-noCostDecrease,European Free Trade Association,comm others,missing,missing,missing,missing,missing,missing,missing,missing,missing,MTC
554,6.587937e-05,6.38417e-05,5.9866499999999993e-05,5.56306e-05,5.42098e-05,5.4151400000000005e-05,5.40324e-05,5.4336e-05,5.4053e-05,100Mt-noCostDecrease,100Mt-noCostDecrease,European Free Trade Association,desalinated water,missing,missing,missing,missing,missing,missing,missing,missing,missing,MTC
555,0.0,0.0,0.0,0.0814073,0.13857367,0.1820431539999999,0.219705358,0.2612248459999999,0.328634365,100Mt-noCostDecrease,100Mt-noCostDecrease,European Free Trade Association,elec_biomass (IGCC),missing,missing,missing,missing,missing,missing,missing,missing,missing,MTC
556,0.1992965799999999,0.25610452,0.91113803,1.28402853,1.47003118,1.5654959700000002,1.6016349289999998,1.553237985,1.4939369290000004,100Mt-noCostDecrease,100Mt-noCostDecrease,European Free Trade Association,elec_biomass (conv),missing,missing,missing,missing,missing,missing,missing,missing,missing,MTC
557,0.0,0.0,0.0,0.028429998,0.048179463,0.063264558,0.076817706,0.093795983,0.124156777,100Mt-noCostDecrease,100Mt-noCostDecrease,European Free Trade Association,elec_coal (IGCC),missing,missing,missing,missing,missing,missing,missing,missing,missing,MTC
558,0.03428361,0.031998366,0.22349802,0.31674342,0.373975595,0.412458915,0.4433907279999999,0.4803551199999999,0.548243226,100Mt-noCostDecrease,100Mt-noCostDecrease,European Free Trade Association,elec_coal (conv pul),missing,missing,missing,missing,missing,missing,missing,missing,missing,MTC
559,0.0,0.0,0.0557310323,0.10328979843,0.14797139306,0.1905372334099999,0.2351309218699999,0.3024120577999999,0.4331374955740001,100Mt-noCostDecrease,100Mt-noCostDecrease,European Free Trade Association,elec_gas (CC),missing,missing,missing,missing,missing,missing,missing,missing,missing,MTC
560,0.09154007,0.10105185,0.1073144336,0.155599150477,0.1799745187289999,0.188343109966,0.188666400593,0.1935981945271999,0.1969402718662,100Mt-noCostDecrease,100Mt-noCostDecrease,European Free Trade Association,elec_gas (steam/CT),missing,missing,missing,missing,missing,missing,missing,missing,missing,MTC
561,0.0,0.0,0.0042694199,0.0066967997,0.0071670386,0.0075161867999999,0.0075904958999999,0.0083211849,0.0106102357,100Mt-noCostDecrease,100Mt-noCostDecrease,European Free Trade Association,elec_refined liquids (CC),missing,missing,missing,missing,missing,missing,missing,missing,missing,MTC
562,0.08040522,0.015588946,0.015463683,0.0167458256,0.0144854441,0.0129284543,0.0113683102,0.01003991881,0.00881284565,100Mt-noCostDecrease,100Mt-noCostDecrease,European Free Trade Association,elec_refined liquids (steam/CT),missing,missing,missing,missing,missing,missing,missing,missing,missing,MTC
563,0.0154547,0.0202102,0.0131356,0.0118083,0.0118161,0.011985,0.0122871,0.0131797,0.0138988,100Mt-noCostDecrease,100Mt-noCostDecrease,European Free Trade Association,gas pipeline,missing,missing,missing,missing,missing,missing,missing,missing,missing,MTC
564,0.0265472,0.057285,0.000960704,0.00270266,0.00441712,0.00765726,0.0133663,0.0199729,0.0318822,100Mt-noCostDecrease,100Mt-noCostDecrease,European Free Trade Association,gas processing,missing,missing,missing,missing,missing,missing,missing,missing,missing,MTC
565,5.317184,7.349141400000001,6.072142820000001,4.845245979999999,4.23815052,3.900106,3.6700713400000007,3.4976837199999995,3.26972732,100Mt-noCostDecrease,100Mt-noCostDecrease,European Free Trade Association,industrial energy use,missing,missing,missing,missing,missing,missing,missing,missing,missing,MTC
566,0.00342888,0.2261207,0.2407205,0.2603511,0.2898371,0.3129806,0.3400506,0.376633,0.410844,100Mt-noCostDecrease,100Mt-noCostDecrease,European Free Trade Association,industrial feedstocks,missing,missing,missing,missing,missing,missing,missing,missing,missing,MTC
567,0.54143359,0.457712,0.6041025600000001,0.6292905,0.65021464,0.6678358,0.68481842,0.6994670599999999,0.71360653,100Mt-noCostDecrease,100Mt-noCostDecrease,European Free Trade Association,process heat cement,missing,missing,missing,missing,missing,missing,missing,missing,missing,MTC
568,0.86882,0.975194021,0.6776731,0.6521686,0.5884235000000001,0.5476464,0.54223965,0.76960878,1.0966161,100Mt-noCostDecrease,100Mt-noCostDecrease,European Free Trade Association,refining,missing,missing,missing,missing,missing,missing,missing,missing,missing,MTC
569,-2.43202,-3.31498,-5.03624,-5.42296,-6.23544,-6.88789,-7.38028,-7.67826,-7.97823,100Mt-noCostDecrease,100Mt-noCostDecrease,European Free Trade Association,regional biomass,missing,missing,missing,missing,missing,missing,missing,missing,missing,MTC
570,0.0,-0.00507537,-0.256914,-0.31523,-0.399808,-0.455554,-0.495018,-0.513587,-0.49937,100Mt-noCostDecrease,100Mt-noCostDecrease,European Free Trade Association,regional biomassOil,missing,missing,missing,missing,missing,missing,missing,missing,missing,MTC
571,0.0,-0.000821194,-0.0716183,-0.0942788,-0.138981,-0.173337,-0.202682,-0.230676,-0.256058,100Mt-noCostDecrease,100Mt-noCostDecrease,European Free Trade Association,regional corn for ethanol,missing,missing,missing,missing,missing,missing,missing,missing,missing,MTC
572,3.563178,3.827845,3.088419,2.869451,2.671568,2.529358,2.3801,2.201465,2.009456,100Mt-noCostDecrease,100Mt-noCostDecrease,European Free Trade Association,resid heating,missing,missing,missing,missing,missing,missing,missing,missing,missing,MTC
573,0.414687,0.4623022,0.29426319,0.22615143,0.18368682,0.15828509,0.13729243,0.11815332,0.0996441199999999,100Mt-noCostDecrease,100Mt-noCostDecrease,European Free Trade Association,resid others,missing,missing,missing,missing,missing,missing,missing,missing,missing,MTC
574,0.664881,0.7532,1.13736,1.1651,1.18554,1.20155,1.22469,1.24522,1.26491,100Mt-noCostDecrease,100Mt-noCostDecrease,European Free Trade Association,trn_aviation_intl,missing,missing,missing,missing,missing,missing,missing,missing,missing,MTC
575,0.5832233,0.7203390000000001,0.9057379,0.9401163,0.9692048,1.0028845,1.0237256,1.0477022,1.0741264,100Mt-noCostDecrease,100Mt-noCostDecrease,European Free Trade Association,trn_freight,missing,missing,missing,missing,missing,missing,missing,missing,missing,MTC
576,0.978699,1.158745,1.229661216,1.284086406,1.2796787870000002,1.242647687,1.263566961,1.280602548,1.3156177960000002,100Mt-noCostDecrease,100Mt-noCostDecrease,European Free Trade Association,trn_freight_road,missing,missing,missing,missing,missing,missing,missing,missing,missing,MTC
577,0.8014624,0.9099515,1.4088893,1.4780307,1.5341609,1.5849636,1.6189011999999998,1.6471715,1.6739939,100Mt-noCostDecrease,100Mt-noCostDecrease,European Free Trade Association,trn_pass,missing,missing,missing,missing,missing,missing,missing,missing,missing,MTC
578,0.266,0.32191844,0.615057,0.6985021,0.5821372,0.5083538999999999,0.4686559,0.4535627,0.4447260999999999,100Mt-noCostDecrease,100Mt-noCostDecrease,European Free Trade Association,trn_pass_road,missing,missing,missing,missing,missing,missing,missing,missing,missing,MTC
579,0.0645827,0.0764641,0.0672472,0.059509,0.0540212,0.0488441,0.0442194,0.0400208,0.0361389,100Mt-noCostDecrease,100Mt-noCostDecrease,European Free Trade Association,trn_pass_road_LDV,missing,missing,missing,missing,missing,missing,missing,missing,missing,MTC
580,4.839961000000001,5.7305080828,5.489813283,4.952040760000001,3.99851932,3.3056815080000006,2.755484238000001,2.628089348,2.5878736140000003,100Mt-noCostDecrease,100Mt-noCostDecrease,European Free Trade Association,trn_pass_road_LDV_4W,missing,missing,missing,missing,missing,missing,missing,missing,missing,MTC
581,0.368343,0.542155,0.119393,0.122561,0.124955,0.127772,0.129939,0.131782,0.133799,100Mt-noCostDecrease,100Mt-noCostDecrease,European Free Trade Association,trn_shipping_intl,missing,missing,missing,missing,missing,missing,missing,missing,missing,MTC
582,0.0,0.0,0.05918042,0.1613215999999999,0.3077797,0.5070038,0.7622961,1.0754107,1.4343322,100Mt-noCostDecrease,100Mt-noCostDecrease,India,H2 central production,missing,missing,missing,missing,missing,missing,missing,missing,missing,MTC
583,0.0,0.0,0.0259634,0.0726076,0.143205,0.242164,0.369745,0.534112,0.717635,100Mt-noCostDecrease,100Mt-noCostDecrease,India,H2 forecourt production,missing,missing,missing,missing,missing,missing,missing,missing,missing,MTC
584,5.956989999999999,9.48438,9.171882,9.473264,9.64806,10.530855,10.710290999999998,10.7338296,10.5686407,100Mt-noCostDecrease,100Mt-noCostDecrease,India,N fertilizer,missing,missing,missing,missing,missing,missing,missing,missing,missing,MTC
585,0.0,0.0,0.199304,1.50041,4.44224,8.75693,13.8345,18.9415,23.3269,100Mt-noCostDecrease,100Mt-noCostDecrease,India,backup_electricity,missing,missing,missing,missing,missing,missing,missing,missing,missing,MTC
586,0.0,0.0,0.000823996,0.0010893,0.00132286,0.00153463,0.00174548,0.0019483,0.00201736,100Mt-noCostDecrease,100Mt-noCostDecrease,India,biogas pipeline,missing,missing,missing,missing,missing,missing,missing,missing,missing,MTC
587,0.0,0.0,0.125384,0.164098,0.197272,0.226518,0.254988,0.281654,0.288571,100Mt-noCostDecrease,100Mt-noCostDecrease,India,biogas processing,missing,missing,missing,missing,missing,missing,missing,missing,missing,MTC
588,0.0,0.0,9.9783166,24.129057679999995,40.01495185,56.069511710000015,71.23591535999999,83.11478835000001,92.62685766000004,100Mt-noCostDecrease,100Mt-noCostDecrease,India,biorefining,missing,missing,missing,missing,missing,missing,missing,missing,missing,MTC
589,6.664,19.72,34.1412,42.4656,48.9772,54.7303,60.0457,64.9115,69.2001,100Mt-noCostDecrease,100Mt-noCostDecrease,India,cement,missing,missing,missing,missing,missing,missing,missing,missing,missing,MTC
590,12.654459,15.22478,28.41858,33.73646,35.24538,35.9282,35.10156,32.07782,28.75802,100Mt-noCostDecrease,100Mt-noCostDecrease,India,comm others,missing,missing,missing,missing,missing,missing,missing,missing,missing,MTC
591,0.00020210611,0.0003477622,0.1167287,0.1764807,0.2401694,0.3267666,0.4300252,0.5565599,0.724456,100Mt-noCostDecrease,100Mt-noCostDecrease,India,desalinated water,missing,missing,missing,missing,missing,missing,missing,missing,missing,MTC
592,0.0,0.0,0.0,2.1010627,4.2056493,6.2733382,8.262278859999999,10.1274814,11.20298687,100Mt-noCostDecrease,100Mt-noCostDecrease,India,elec_biomass (IGCC),missing,missing,missing,missing,missing,missing,missing,missing,missing,MTC
593,0.0,2.67749,14.0769856,20.3307866,26.2166216,30.92384730000001,33.5349907,31.74553282,26.5871803,100Mt-noCostDecrease,100Mt-noCostDecrease,India,elec_biomass (conv),missing,missing,missing,missing,missing,missing,missing,missing,missing,MTC
594,0.0,0.0,0.0,28.7014944,57.6536265,84.80356010000001,110.74721751,140.20077890000002,169.14051569999998,100Mt-noCostDecrease,100Mt-noCostDecrease,India,elec_coal (IGCC),missing,missing,missing,missing,missing,missing,missing,missing,missing,MTC
595,55.27414999999999,145.79214000000002,403.3507560000001,483.567686,549.1544690000001,595.5863562000001,626.966596,657.7777324999998,684.0399661000001,100Mt-noCostDecrease,100Mt-noCostDecrease,India,elec_coal (conv pul),missing,missing,missing,missing,missing,missing,missing,missing,missing,MTC
596,0.0,6.185115,3.7357508,6.6377044236,10.635536583100002,15.5022414465,21.1550976674,28.7589427343,36.75714479680003,100Mt-noCostDecrease,100Mt-noCostDecrease,India,elec_gas (CC),missing,missing,missing,missing,missing,missing,missing,missing,missing,MTC
597,2.0579061000000003,2.3191324,8.490511479999999,11.238947994400002,13.5701185693,15.0818635165,15.8921367879,16.55776111638999,16.77829564234,100Mt-noCostDecrease,100Mt-noCostDecrease,India,elec_gas (steam/CT),missing,missing,missing,missing,missing,missing,missing,missing,missing,MTC
598,0.0,0.0,2.3019185,4.5939177,7.6118703,11.209701929999998,14.60468225,18.99999846,22.87451276,100Mt-noCostDecrease,100Mt-noCostDecrease,India,elec_refined liquids (CC),missing,missing,missing,missing,missing,missing,missing,missing,missing,MTC
599,4.110581,5.759602,6.315144200000001,8.714116199999998,10.4206131,11.875592599999996,12.528376,12.78774456,13.026589180000002,100Mt-noCostDecrease,100Mt-noCostDecrease,India,elec_refined liquids (steam/CT),missing,missing,missing,missing,missing,missing,missing,missing,missing,MTC
600,0.0,0.0,0.33348,0.484441,0.652995,0.832152,1.02511,1.24246,1.44214,100Mt-noCostDecrease,100Mt-noCostDecrease,India,gas pipeline,missing,missing,missing,missing,missing,missing,missing,missing,missing,MTC
601,0.0,0.0180574,0.0498537,0.086619,0.127358,0.187051,0.279157,0.385448,0.577619,100Mt-noCostDecrease,100Mt-noCostDecrease,India,gas processing,missing,missing,missing,missing,missing,missing,missing,missing,missing,MTC
602,63.212596,90.02667,224.9839983,292.7763397,347.81588510000006,403.7864411000001,456.0740184,497.0398667,529.1731404999999,100Mt-noCostDecrease,100Mt-noCostDecrease,India,industrial energy use,missing,missing,missing,missing,missing,missing,missing,missing,missing,MTC
603,1.76818,3.26789,15.2416,21.5703,27.7965,34.1796,40.9949,48.1298,54.1766,100Mt-noCostDecrease,100Mt-noCostDecrease,India,industrial feedstocks,missing,missing,missing,missing,missing,missing,missing,missing,missing,MTC
604,6.533200400000001,12.3385925,29.803635,36.508124,41.45321200000001,45.615633,49.301626000000006,52.495446,55.126456000000005,100Mt-noCostDecrease,100Mt-noCostDecrease,India,process heat cement,missing,missing,missing,missing,missing,missing,missing,missing,missing,MTC
605,2.5917,8.0191593,12.12481,15.231129,17.480522600000004,20.19323,23.2549954,27.1814104,32.0232077,100Mt-noCostDecrease,100Mt-noCostDecrease,India,refining,missing,missing,missing,missing,missing,missing,missing,missing,missing,MTC
606,-30.8696,-40.5571,-90.7365,-136.693,-181.721,-223.926,-258.896,-275.832,-282.15,100Mt-noCostDecrease,100Mt-noCostDecrease,India,regional biomass,missing,missing,missing,missing,missing,missing,missing,missing,missing,MTC
607,0.0,0.0,-0.170186,-0.237525,-0.325904,-0.440619,-0.594263,-0.807384,-1.26622,100Mt-noCostDecrease,100Mt-noCostDecrease,India,regional biomassOil,missing,missing,missing,missing,missing,missing,missing,missing,missing,MTC
608,0.0,-0.0836822,-2.22255,-2.52955,-2.84074,-3.04715,-3.1807,-3.19474,-2.91864,100Mt-noCostDecrease,100Mt-noCostDecrease,India,regional corn for ethanol,missing,missing,missing,missing,missing,missing,missing,missing,missing,MTC
609,13.7767315,22.332617,31.380838,33.76974,33.987230000000004,34.07152,32.61685,29.79922,26.79468,100Mt-noCostDecrease,100Mt-noCostDecrease,India,resid others,missing,missing,missing,missing,missing,missing,missing,missing,missing,MTC
610,0.733008,1.44017,3.78641,5.22252,6.55616,7.9965,9.49032,11.0111,12.5431,100Mt-noCostDecrease,100Mt-noCostDecrease,India,trn_aviation_intl,missing,missing,missing,missing,missing,missing,missing,missing,missing,MTC
611,3.28198,1.191037,2.680047,3.469028,4.18227,4.92301,5.67904,6.53232,7.42392,100Mt-noCostDecrease,100Mt-noCostDecrease,India,trn_freight,missing,missing,missing,missing,missing,missing,missing,missing,missing,MTC
612,8.586399,17.8441389,50.8252287,62.98999409999999,71.45410320000002,78.3584413,86.1796568,93.85335540000004,102.4839199,100Mt-noCostDecrease,100Mt-noCostDecrease,India,trn_freight_road,missing,missing,missing,missing,missing,missing,missing,missing,missing,MTC
613,1.115702,2.234111,6.88017,10.41392,14.14954,18.69239,23.487640000000003,28.72756,34.473659999999995,100Mt-noCostDecrease,100Mt-noCostDecrease,India,trn_pass,missing,missing,missing,missing,missing,missing,missing,missing,missing,MTC
614,1.19061,2.667117,8.699399,10.155929,9.299579,9.150640999999998,9.336472,9.754435,10.161993,100Mt-noCostDecrease,100Mt-noCostDecrease,India,trn_pass_road,missing,missing,missing,missing,missing,missing,missing,missing,missing,MTC
615,2.333,4.949997,9.796597,8.742467,8.891148999999999,8.189212999999999,7.415611999999999,6.71332,5.97554,100Mt-noCostDecrease,100Mt-noCostDecrease,India,trn_pass_road_LDV,missing,missing,missing,missing,missing,missing,missing,missing,missing,MTC
616,1.222249,2.599537,6.123491225999999,7.071599207999999,7.867248405000001,8.490875528999998,9.0933843516,10.146061327,11.254467916,100Mt-noCostDecrease,100Mt-noCostDecrease,India,trn_pass_road_LDV_4W,missing,missing,missing,missing,missing,missing,missing,missing,missing,MTC
617,0.720504,0.707785,5.05149,5.79368,6.38192,6.97466,7.5214,8.02981,8.52614,100Mt-noCostDecrease,100Mt-noCostDecrease,India,trn_shipping_intl,missing,missing,missing,missing,missing,missing,missing,missing,missing,MTC
618,0.0,0.0,0.02883746,0.07170639,0.1333861,0.2152706999999999,0.3217126999999999,0.4445891999999999,0.5889887,100Mt-noCostDecrease,100Mt-noCostDecrease,Indonesia,H2 central production,missing,missing,missing,missing,missing,missing,missing,missing,missing,MTC
619,0.0,0.0,0.0118394,0.0298011,0.0569004,0.091597,0.133378,0.185899,0.243975,100Mt-noCostDecrease,100Mt-noCostDecrease,Indonesia,H2 forecourt production,missing,missing,missing,missing,missing,missing,missing,missing,missing,MTC
620,1.38624,1.60198,2.193562,2.248499,2.276101,2.258223,2.2053510000000003,2.188348,2.193414,100Mt-noCostDecrease,100Mt-noCostDecrease,Indonesia,N fertilizer,missing,missing,missing,missing,missing,missing,missing,missing,missing,MTC
621,0.0,0.0,0.0147023,0.120745,0.415817,0.842058,1.36541,1.891,2.39758,100Mt-noCostDecrease,100Mt-noCostDecrease,Indonesia,backup_electricity,missing,missing,missing,missing,missing,missing,missing,missing,missing,MTC
622,0.0,0.0,0.000700335,0.000856933,0.00116628,0.00148346,0.00189534,0.00206666,0.00213136,100Mt-noCostDecrease,100Mt-noCostDecrease,Indonesia,biogas pipeline,missing,missing,missing,missing,missing,missing,missing,missing,missing,MTC
623,0.0,0.0,0.140869,0.170646,0.229903,0.289447,0.366002,0.39493,0.403011,100Mt-noCostDecrease,100Mt-noCostDecrease,Indonesia,biogas processing,missing,missing,missing,missing,missing,missing,missing,missing,missing,MTC
624,0.0,0.0,3.2661170000000004,7.330843799999999,12.2977008,17.292289099999998,22.1148081,25.70828540000001,28.669693899999995,100Mt-noCostDecrease,100Mt-noCostDecrease,Indonesia,biorefining,missing,missing,missing,missing,missing,missing,missing,missing,missing,MTC
625,1.877,4.613,6.12447,7.66015,8.97773,10.0792,11.0005,11.7202,12.2717,100Mt-noCostDecrease,100Mt-noCostDecrease,Indonesia,cement,missing,missing,missing,missing,missing,missing,missing,missing,missing,MTC
626,0.53380492,1.9495896,1.685042,1.902375,2.101935,2.317454,2.44136,2.446433,2.405772,100Mt-noCostDecrease,100Mt-noCostDecrease,Indonesia,comm others,missing,missing,missing,missing,missing,missing,missing,missing,missing,MTC
627,0.01147956,0.0112217499999999,0.01262581,0.01475899,0.01722693,0.0196875,0.0217142,0.02339743,0.02465049,100Mt-noCostDecrease,100Mt-noCostDecrease,Indonesia,desalinated water,missing,missing,missing,missing,missing,missing,missing,missing,missing,MTC
628,0.0,0.0,0.0,0.044905696,0.129456155,0.2361130869999999,0.376808796,0.534467959,0.656972601,100Mt-noCostDecrease,100Mt-noCostDecrease,Indonesia,elec_biomass (IGCC),missing,missing,missing,missing,missing,missing,missing,missing,missing,MTC
629,0.0,0.008664869,0.3399223999999999,0.4971957599999999,0.80552181,1.13638812,1.5043334199999998,1.6856397369999996,1.6183065520000002,100Mt-noCostDecrease,100Mt-noCostDecrease,Indonesia,elec_biomass (conv),missing,missing,missing,missing,missing,missing,missing,missing,missing,MTC
630,0.0,0.0,0.0,2.3004797,5.4836068,8.652120900000002,12.066588299999998,15.7808573,19.1678023,100Mt-noCostDecrease,100Mt-noCostDecrease,Indonesia,elec_coal (IGCC),missing,missing,missing,missing,missing,missing,missing,missing,missing,MTC
631,2.6557294,15.354045,48.76868999999999,55.0911429,62.6306368,68.5188791,73.7217128,78.62693569999999,82.33385110000002,100Mt-noCostDecrease,100Mt-noCostDecrease,Indonesia,elec_coal (conv pul),missing,missing,missing,missing,missing,missing,missing,missing,missing,MTC
632,0.0004941447,0.9945891,1.718171888,2.8081295238,5.006315404500001,7.6696029372,10.756719303599995,14.452667578899998,17.783555950999997,100Mt-noCostDecrease,100Mt-noCostDecrease,Indonesia,elec_gas (CC),missing,missing,missing,missing,missing,missing,missing,missing,missing,MTC
633,0.1243285,1.4495897,8.40247131,9.595794257860002,10.978763750079995,11.500555743449992,11.386511125869998,11.132835958950002,10.56269684378,100Mt-noCostDecrease,100Mt-noCostDecrease,Indonesia,elec_gas (steam/CT),missing,missing,missing,missing,missing,missing,missing,missing,missing,MTC
634,0.0,0.0,0.6981931,1.05884081,2.17584888,3.38226076,4.75060468,6.01363499,6.734906590000002,100Mt-noCostDecrease,100Mt-noCostDecrease,Indonesia,elec_refined liquids (CC),missing,missing,missing,missing,missing,missing,missing,missing,missing,MTC
635,3.25219,7.653083,3.3924658000000005,3.5308199,4.0433519,4.4311895,4.545827600000001,4.348007500000001,4.13698448,100Mt-noCostDecrease,100Mt-noCostDecrease,Indonesia,elec_refined liquids (steam/CT),missing,missing,missing,missing,missing,missing,missing,missing,missing,MTC
636,0.189022,0.641963,0.177695,0.214556,0.267499,0.311344,0.349174,0.395506,0.43176,100Mt-noCostDecrease,100Mt-noCostDecrease,Indonesia,gas pipeline,missing,missing,missing,missing,missing,missing,missing,missing,missing,MTC
637,0.0,0.0,0.00485839,0.015161,0.0311678,0.067612,0.147102,0.238494,0.398435,100Mt-noCostDecrease,100Mt-noCostDecrease,Indonesia,gas processing,missing,missing,missing,missing,missing,missing,missing,missing,missing,MTC
638,20.05743,33.47805,46.8291193,57.5249961,68.5701315,78.9011498,88.1124325,94.2154087,98.27754,100Mt-noCostDecrease,100Mt-noCostDecrease,Indonesia,industrial energy use,missing,missing,missing,missing,missing,missing,missing,missing,missing,MTC
639,1.62943,2.9266,1.75743,2.41814,3.23863,3.99379,4.74699,5.61227,6.35137,100Mt-noCostDecrease,100Mt-noCostDecrease,Indonesia,industrial feedstocks,missing,missing,missing,missing,missing,missing,missing,missing,missing,MTC
640,1.2867082,2.8852934,5.0399087,6.1999734,7.1218643,7.8703166,8.4823318,8.8939517,9.1748014,100Mt-noCostDecrease,100Mt-noCostDecrease,Indonesia,process heat cement,missing,missing,missing,missing,missing,missing,missing,missing,missing,MTC
641,3.08336,3.06102,3.673779,4.2740160000000005,4.9288451,5.705901999999999,6.705650699999999,7.9290726,9.2603603,100Mt-noCostDecrease,100Mt-noCostDecrease,Indonesia,refining,missing,missing,missing,missing,missing,missing,missing,missing,missing,MTC
642,-9.43428,-7.38452,-17.6245,-26.8461,-38.1147,-49.3718,-60.2011,-66.7141,-71.3452,100Mt-noCostDecrease,100Mt-noCostDecrease,Indonesia,regional biomass,missing,missing,missing,missing,missing,missing,missing,missing,missing,MTC
643,0.0,0.0,-2.01747,-2.52211,-3.09157,-3.61938,-4.08119,-4.29574,-4.23146,100Mt-noCostDecrease,100Mt-noCostDecrease,Indonesia,regional biomassOil,missing,missing,missing,missing,missing,missing,missing,missing,missing,MTC
644,0.0,0.0,-0.099003,-0.141001,-0.209992,-0.290781,-0.381868,-0.468254,-0.579153,100Mt-noCostDecrease,100Mt-noCostDecrease,Indonesia,regional sugar for ethanol,missing,missing,missing,missing,missing,missing,missing,missing,missing,MTC
645,5.98538806,7.83634303,8.079147899999999,10.0183526,11.665195,13.0644487,13.6624011,13.2496617,12.3837685,100Mt-noCostDecrease,100Mt-noCostDecrease,Indonesia,resid others,missing,missing,missing,missing,missing,missing,missing,missing,missing,MTC
646,0.482738,1.52082,3.49147,4.37248,5.40315,6.43574,7.43551,8.35686,9.17947,100Mt-noCostDecrease,100Mt-noCostDecrease,Indonesia,trn_aviation_intl,missing,missing,missing,missing,missing,missing,missing,missing,missing,MTC
647,0.6749386,1.1942169,2.213869,2.661033,3.170807,3.692012,4.148135,4.615448,5.054740000000001,100Mt-noCostDecrease,100Mt-noCostDecrease,Indonesia,trn_freight,missing,missing,missing,missing,missing,missing,missing,missing,missing,MTC
648,3.054716,6.6175310000000005,13.94817055,16.190979379999998,18.247804220000003,19.692897320000004,21.50111698,23.203261110000003,24.9750907,100Mt-noCostDecrease,100Mt-noCostDecrease,Indonesia,trn_freight_road,missing,missing,missing,missing,missing,missing,missing,missing,missing,MTC
649,0.0787115999999999,0.200035,0.46046,0.589419,0.7520060000000001,0.935056,1.112083,1.2862589999999998,1.456258,100Mt-noCostDecrease,100Mt-noCostDecrease,Indonesia,trn_pass,missing,missing,missing,missing,missing,missing,missing,missing,missing,MTC
650,0.969271,2.10123668,4.93935016,5.29825137,4.305586399999999,3.8687685,3.6983579,3.633546,3.582646,100Mt-noCostDecrease,100Mt-noCostDecrease,Indonesia,trn_pass_road,missing,missing,missing,missing,missing,missing,missing,missing,missing,MTC
651,1.92058,4.160723406000001,5.614692,4.4802740000000005,4.36654,3.90523,3.365367,2.929135,2.539555,100Mt-noCostDecrease,100Mt-noCostDecrease,Indonesia,trn_pass_road_LDV,missing,missing,missing,missing,missing,missing,missing,missing,missing,MTC
652,1.872463,4.057700645,6.41979712,6.373001027999998,6.790920290000001,7.007400190999997,7.120131169,7.625908420000002,8.061970059,100Mt-noCostDecrease,100Mt-noCostDecrease,Indonesia,trn_pass_road_LDV_4W,missing,missing,missing,missing,missing,missing,missing,missing,missing,MTC
653,0.697774,0.79564,0.935939,1.03335,1.13617,1.2355,1.32249,1.39863,1.46668,100Mt-noCostDecrease,100Mt-noCostDecrease,Indonesia,trn_shipping_intl,missing,missing,missing,missing,missing,missing,missing,missing,missing,MTC
654,0.0,0.0,0.0189478799999999,0.03779093,0.0573846099999999,0.07907478,0.101731,0.12364884,0.1484789,100Mt-noCostDecrease,100Mt-noCostDecrease,Japan,H2 central production,missing,missing,missing,missing,missing,missing,missing,missing,missing,MTC
655,0.0,0.0,0.0078007,0.0156695,0.0244604,0.0341945,0.0440159,0.0539371,0.0641683,100Mt-noCostDecrease,100Mt-noCostDecrease,Japan,H2 forecourt production,missing,missing,missing,missing,missing,missing,missing,missing,missing,MTC
656,0.559943,0.475377,0.3207684,0.3159694999999999,0.30741,0.294612,0.2776949,0.266488,0.2601989,100Mt-noCostDecrease,100Mt-noCostDecrease,Japan,N fertilizer,missing,missing,missing,missing,missing,missing,missing,missing,missing,MTC
657,0.0,0.0,0.117675,0.255093,0.548312,0.860242,1.15185,1.12228,1.10315,100Mt-noCostDecrease,100Mt-noCostDecrease,Japan,backup_electricity,missing,missing,missing,missing,missing,missing,missing,missing,missing,MTC
658,0.0,0.0,0.239928,0.149147,0.147924,0.135176,0.145258,0.152046,0.13187,100Mt-noCostDecrease,100Mt-noCostDecrease,Japan,biogas processing,missing,missing,missing,missing,missing,missing,missing,missing,missing,MTC
659,0.0,0.0,3.0506092,4.49493596,7.115237010000001,8.91207325,10.190413410000003,11.21953652,12.47694046,100Mt-noCostDecrease,100Mt-noCostDecrease,Japan,biorefining,missing,missing,missing,missing,missing,missing,missing,missing,missing,MTC
660,11.478,9.47,7.39486,7.33284,7.23142,7.11315,6.99422,6.8765,6.74644,100Mt-noCostDecrease,100Mt-noCostDecrease,Japan,cement,missing,missing,missing,missing,missing,missing,missing,missing,missing,MTC
661,5.1161629,6.2778844,4.2146509000000005,4.2490036,4.3553158,4.4142062,4.3645321,4.2749806,4.1699047,100Mt-noCostDecrease,100Mt-noCostDecrease,Japan,comm heating,missing,missing,missing,missing,missing,missing,missing,missing,missing,MTC
662,11.82898143,17.12008035,12.00358442,11.16837635,10.439545849999998,9.94799209,9.10008728,8.02578071,7.08194765,100Mt-noCostDecrease,100Mt-noCostDecrease,Japan,comm others,missing,missing,missing,missing,missing,missing,missing,missing,missing,MTC
663,0.0160336,0.02465089,0.02256581,0.0213760299999999,0.0208834,0.02082837,0.02012756,0.01913729,0.01823074,100Mt-noCostDecrease,100Mt-noCostDecrease,Japan,desalinated water,missing,missing,missing,missing,missing,missing,missing,missing,missing,MTC
664,0.0,0.0,0.0,0.08811942,0.1660074799999999,0.2212208399999999,0.29118679,0.367138,0.3876959619999999,100Mt-noCostDecrease,100Mt-noCostDecrease,Japan,elec_biomass (IGCC),missing,missing,missing,missing,missing,missing,missing,missing,missing,MTC
665,1.8504384,2.8623037,7.393797699999999,7.014474999999999,6.662523060000001,6.1290406,5.39191215,4.223310489999999,2.9403484199999994,100Mt-noCostDecrease,100Mt-noCostDecrease,Japan,elec_biomass (conv),missing,missing,missing,missing,missing,missing,missing,missing,missing,MTC
666,0.0,0.0,0.0,1.6312346,3.1550742000000005,4.2477026,5.5618056000000005,7.372161,8.9129508,100Mt-noCostDecrease,100Mt-noCostDecrease,Japan,elec_coal (IGCC),missing,missing,missing,missing,missing,missing,missing,missing,missing,MTC
667,30.885448000000004,69.25247,98.512704,100.280178,99.58390890000004,95.4327549,89.8711809,84.2365315,77.79286370000004,100Mt-noCostDecrease,100Mt-noCostDecrease,Japan,elec_coal (conv pul),missing,missing,missing,missing,missing,missing,missing,missing,missing,MTC
668,17.506644,22.376409,28.82516733,29.498811764,29.603168414799992,28.4824151307,27.5004397733,27.5543305465,27.5085125702,100Mt-noCostDecrease,100Mt-noCostDecrease,Japan,elec_gas (CC),missing,missing,missing,missing,missing,missing,missing,missing,missing,MTC
669,2.4432986000000003,4.468624,17.29457946000001,16.83778419099999,16.257131569060007,15.11246098052,13.835645928339996,12.875173417250002,11.7782701748,100Mt-noCostDecrease,100Mt-noCostDecrease,Japan,elec_gas (steam/CT),missing,missing,missing,missing,missing,missing,missing,missing,missing,MTC
670,0.0,0.0,1.0321869,0.8706848699999999,1.23576284,1.48210858,1.9912842700000004,2.65799625,2.72424932,100Mt-noCostDecrease,100Mt-noCostDecrease,Japan,elec_refined liquids (CC),missing,missing,missing,missing,missing,missing,missing,missing,missing,MTC
671,43.74123000000001,23.380987,12.277373,10.2907411,9.144926610000004,8.31415067,6.910458479999999,5.28569662,4.071656199999999,100Mt-noCostDecrease,100Mt-noCostDecrease,Japan,elec_refined liquids (steam/CT),missing,missing,missing,missing,missing,missing,missing,missing,missing,MTC
672,0.0,0.0,0.0,0.0,0.0,0.0,0.0,0.0,0.0,100Mt-noCostDecrease,100Mt-noCostDecrease,Japan,gas pipeline,missing,missing,missing,missing,missing,missing,missing,missing,missing,MTC
673,0.2945158,0.030527636,0.0173276,0.0414499,0.0640771,0.0943248,0.135284,0.174849,0.245644,100Mt-noCostDecrease,100Mt-noCostDecrease,Japan,gas processing,missing,missing,missing,missing,missing,missing,missing,missing,missing,MTC
674,97.81525,89.08785,74.5746206,71.0962377,67.7880368,66.0593715,63.649807800000005,60.157129,57.29682040000001,100Mt-noCostDecrease,100Mt-noCostDecrease,Japan,industrial energy use,missing,missing,missing,missing,missing,missing,missing,missing,missing,MTC
675,0.857083,0.481111,0.479069,0.472848,0.456586,0.44773,0.448469,0.451386,0.454003,100Mt-noCostDecrease,100Mt-noCostDecrease,Japan,industrial feedstocks,missing,missing,missing,missing,missing,missing,missing,missing,missing,MTC
676,7.01057,5.665161,6.197855,6.048204999999999,5.854051,5.654287,5.475985,5.305515000000001,5.128311999999999,100Mt-noCostDecrease,100Mt-noCostDecrease,Japan,process heat cement,missing,missing,missing,missing,missing,missing,missing,missing,missing,MTC
677,6.14384,9.36169,2.75895,2.59729,2.35625,2.1631,1.99183,3.2354896,5.8351465000000005,100Mt-noCostDecrease,100Mt-noCostDecrease,Japan,refining,missing,missing,missing,missing,missing,missing,missing,missing,missing,MTC
678,-4.46161,-7.78822,-16.9838,-18.3196,-21.7089,-23.7342,-24.7447,-24.8414,-25.4935,100Mt-noCostDecrease,100Mt-noCostDecrease,Japan,regional biomass,missing,missing,missing,missing,missing,missing,missing,missing,missing,MTC
679,0.0,0.0,-0.955412,-1.08202,-1.28516,-1.40621,-1.47179,-1.4516,-1.34421,100Mt-noCostDecrease,100Mt-noCostDecrease,Japan,regional biomassOil,missing,missing,missing,missing,missing,missing,missing,missing,missing,MTC
680,0.0,0.0,-4.82311,-5.44721,-6.51368,-7.14295,-7.46896,-7.3591,-6.73208,100Mt-noCostDecrease,100Mt-noCostDecrease,Japan,regional corn for ethanol,missing,missing,missing,missing,missing,missing,missing,missing,missing,MTC
681,7.4499082,9.0222711,6.7531956200000005,6.64736767,6.63062844,6.60990718,6.40387546,6.1306082900000005,5.84860044,100Mt-noCostDecrease,100Mt-noCostDecrease,Japan,resid heating,missing,missing,missing,missing,missing,missing,missing,missing,missing,MTC
682,8.3140307,10.1066582,7.40358056,6.79157105,6.276637876000001,5.941872096999999,5.418646673,4.81462605,4.277638585,100Mt-noCostDecrease,100Mt-noCostDecrease,Japan,resid others,missing,missing,missing,missing,missing,missing,missing,missing,missing,MTC
683,3.14709,4.93064,4.36377,4.28509,4.22258,4.11768,4.0126,3.90279,3.78733,100Mt-noCostDecrease,100Mt-noCostDecrease,Japan,trn_aviation_intl,missing,missing,missing,missing,missing,missing,missing,missing,missing,MTC
684,3.52992321,3.36561061,2.65511,2.7012968,2.7859217,2.8241529,2.8050352,2.7854006,2.7810857,100Mt-noCostDecrease,100Mt-noCostDecrease,Japan,trn_freight,missing,missing,missing,missing,missing,missing,missing,missing,missing,MTC
685,20.2517,24.1375,21.2678906,20.879845,20.1404793,18.5369535,17.802254800000004,17.2326255,16.725042000000002,100Mt-noCostDecrease,100Mt-noCostDecrease,Japan,trn_freight_road,missing,missing,missing,missing,missing,missing,missing,missing,missing,MTC
686,2.6045689000000003,4.0561244,3.7338229,3.7763458,3.8357624,3.8485331,3.7807434,3.7026999,3.6174332,100Mt-noCostDecrease,100Mt-noCostDecrease,Japan,trn_pass,missing,missing,missing,missing,missing,missing,missing,missing,missing,MTC
687,3.00184,3.57779,4.416263,4.8257231,3.8005263,3.2336728,2.9562937,2.847281,2.7612750000000004,100Mt-noCostDecrease,100Mt-noCostDecrease,Japan,trn_pass_road,missing,missing,missing,missing,missing,missing,missing,missing,missing,MTC
688,0.811234,0.966883,0.73349,0.622357,0.541433,0.469115,0.406134,0.351619,0.305037,100Mt-noCostDecrease,100Mt-noCostDecrease,Japan,trn_pass_road_LDV,missing,missing,missing,missing,missing,missing,missing,missing,missing,MTC
689,25.2374791,30.079711000000003,25.55282344,22.69369437,17.935425010000003,14.36996988,11.504531191000002,10.567274549,10.011592505999998,100Mt-noCostDecrease,100Mt-noCostDecrease,Japan,trn_pass_road_LDV_4W,missing,missing,missing,missing,missing,missing,missing,missing,missing,MTC
690,4.26249,4.6861,2.87032,2.89273,2.92894,2.95972,2.96013,2.95594,2.95117,100Mt-noCostDecrease,100Mt-noCostDecrease,Japan,trn_shipping_intl,missing,missing,missing,missing,missing,missing,missing,missing,missing,MTC
691,0.0,0.0,0.0293967399999999,0.06295653,0.1027592,0.1504565,0.2071903,0.2715166,0.3476632999999999,100Mt-noCostDecrease,100Mt-noCostDecrease,Mexico,H2 central production,missing,missing,missing,missing,missing,missing,missing,missing,missing,MTC
692,0.0,0.0,0.0127336,0.0274213,0.0457744,0.068532,0.0959054,0.128909,0.167478,100Mt-noCostDecrease,100Mt-noCostDecrease,Mexico,H2 forecourt production,missing,missing,missing,missing,missing,missing,missing,missing,missing,MTC
693,0.806944,0.167689,0.495634,0.5643940000000001,0.646854,0.704982,0.732481,0.7895513999999999,0.8581144999999999,100Mt-noCostDecrease,100Mt-noCostDecrease,Mexico,N fertilizer,missing,missing,missing,missing,missing,missing,missing,missing,missing,MTC
694,0.0,0.0,0.0182705,0.0892487,0.278719,0.527611,0.799162,1.09676,1.40689,100Mt-noCostDecrease,100Mt-noCostDecrease,Mexico,backup_electricity,missing,missing,missing,missing,missing,missing,missing,missing,missing,MTC
695,0.0,0.0,0.142668,0.173256,0.205141,0.21469,0.222082,0.234197,0.224652,100Mt-noCostDecrease,100Mt-noCostDecrease,Mexico,biogas processing,missing,missing,missing,missing,missing,missing,missing,missing,missing,MTC
696,0.0,0.0,2.4049399,4.854976300000001,7.950935599999999,10.4814613,12.6916813,14.5388862,16.074492900000006,100Mt-noCostDecrease,100Mt-noCostDecrease,Mexico,biorefining,missing,missing,missing,missing,missing,missing,missing,missing,missing,MTC
697,3.237,5.093,4.71976,5.1765,5.66326,6.11118,6.50696,6.86358,7.18026,100Mt-noCostDecrease,100Mt-noCostDecrease,Mexico,cement,missing,missing,missing,missing,missing,missing,missing,missing,missing,MTC
698,0.0,0.019099,0.0295129,0.0267638,0.0255563,0.0249499,0.0242982,0.0235112,0.022315,100Mt-noCostDecrease,100Mt-noCostDecrease,Mexico,comm cooling,missing,missing,missing,missing,missing,missing,missing,missing,missing,MTC
699,0.200465,0.6055928,0.8159215,0.8434803000000001,0.8904064,0.9555266,1.0147347,1.0150581,1.0157732,100Mt-noCostDecrease,100Mt-noCostDecrease,Mexico,comm heating,missing,missing,missing,missing,missing,missing,missing,missing,missing,MTC
700,0.242089,0.7374307,1.0881195,1.0211296,0.9888725,1.002071,1.013402,0.947405,0.8979299999999999,100Mt-noCostDecrease,100Mt-noCostDecrease,Mexico,comm others,missing,missing,missing,missing,missing,missing,missing,missing,missing,MTC
701,0.01443947,0.00910164,0.01196271,0.01301414,0.0144546,0.01619052,0.01795526,0.01934819,0.02069323,100Mt-noCostDecrease,100Mt-noCostDecrease,Mexico,desalinated water,missing,missing,missing,missing,missing,missing,missing,missing,missing,MTC
702,0.0,0.0,0.0,0.25725938,0.56027987,0.8165295300000001,1.03321765,1.23870739,1.31029396,100Mt-noCostDecrease,100Mt-noCostDecrease,Mexico,elec_biomass (IGCC),missing,missing,missing,missing,missing,missing,missing,missing,missing,MTC
703,0.0,1.0763303,1.45777352,2.38847429292,3.3461271750799995,3.87652233586,4.093488918230001,3.87370020523,3.1865300382390007,100Mt-noCostDecrease,100Mt-noCostDecrease,Mexico,elec_biomass (conv),missing,missing,missing,missing,missing,missing,missing,missing,missing,MTC
704,0.0,0.0,0.0,0.43069655,0.98191744,1.49523003,1.97993632,2.59997949,3.19794053,100Mt-noCostDecrease,100Mt-noCostDecrease,Mexico,elec_coal (IGCC),missing,missing,missing,missing,missing,missing,missing,missing,missing,MTC
705,1.9711844,9.591961,11.027118899999998,11.99054684,12.96642011,13.477929760000002,13.61083116,13.85689267,13.990955239999998,100Mt-noCostDecrease,100Mt-noCostDecrease,Mexico,elec_coal (conv pul),missing,missing,missing,missing,missing,missing,missing,missing,missing,MTC
706,0.8478783999999999,7.150699,11.03054069,13.0258339618,15.7106795824,18.008748261399997,20.044953703000004,23.21519059630001,26.4052695761,100Mt-noCostDecrease,100Mt-noCostDecrease,Mexico,elec_gas (CC),missing,missing,missing,missing,missing,missing,missing,missing,missing,MTC
707,1.1920342,3.679502,7.331582039999999,8.058938199080002,8.95149461871,9.55142354503,9.952253000249996,10.741704137640006,11.340607035940002,100Mt-noCostDecrease,100Mt-noCostDecrease,Mexico,elec_gas (steam/CT),missing,missing,missing,missing,missing,missing,missing,missing,missing,MTC
708,0.0,0.0,0.5312106,1.2604986000000002,2.4166728,3.3679958899999995,4.23080385,4.870938499999999,4.71456997,100Mt-noCostDecrease,100Mt-noCostDecrease,Mexico,elec_refined liquids (CC),missing,missing,missing,missing,missing,missing,missing,missing,missing,MTC
709,12.402976,13.244767,4.9044115,5.050854299999999,5.0695069,4.861179900000001,4.5782132,3.66311006,2.943021219999999,100Mt-noCostDecrease,100Mt-noCostDecrease,Mexico,elec_refined liquids (steam/CT),missing,missing,missing,missing,missing,missing,missing,missing,missing,MTC
710,0.0,0.0104788,0.00692127,0.0170779,0.0291207,0.0449375,0.0667388,0.0918454,0.133428,100Mt-noCostDecrease,100Mt-noCostDecrease,Mexico,gas processing,missing,missing,missing,missing,missing,missing,missing,missing,missing,MTC
711,19.33115,26.612395,30.5904369,31.7242365,32.951475,34.5925445,36.204025,37.0452126,37.6834917,100Mt-noCostDecrease,100Mt-noCostDecrease,Mexico,industrial energy use,missing,missing,missing,missing,missing,missing,missing,missing,missing,MTC
712,1.047292,0.4020869999999999,0.1751326,0.2154036999999999,0.2581467,0.3055638,0.358097,0.434476,0.512906,100Mt-noCostDecrease,100Mt-noCostDecrease,Mexico,industrial feedstocks,missing,missing,missing,missing,missing,missing,missing,missing,missing,MTC
713,1.984432,2.403765,3.0735710000000003,3.315065,3.553401,3.764749,3.941043,4.079058,4.196065,100Mt-noCostDecrease,100Mt-noCostDecrease,Mexico,process heat cement,missing,missing,missing,missing,missing,missing,missing,missing,missing,MTC
714,8.9769,12.3445,11.872066,11.87280148,11.50253494,10.95992826,10.046545020000003,8.72479079,7.82637368,100Mt-noCostDecrease,100Mt-noCostDecrease,Mexico,refining,missing,missing,missing,missing,missing,missing,missing,missing,missing,MTC
715,-1.87838,-2.43206,-6.98077,-12.4334,-19.0867,-24.2636,-28.5205,-31.6714,-33.6499,100Mt-noCostDecrease,100Mt-noCostDecrease,Mexico,regional biomass,missing,missing,missing,missing,missing,missing,missing,missing,missing,MTC
716,0.0,0.0,-1.04668,-1.26689,-1.52253,-1.71661,-1.87835,-1.9529,-1.92493,100Mt-noCostDecrease,100Mt-noCostDecrease,Mexico,regional biomassOil,missing,missing,missing,missing,missing,missing,missing,missing,missing,MTC
717,0.0,0.0,-0.21297,-0.30159,-0.460707,-0.613193,-0.774175,-0.947372,-1.16989,100Mt-noCostDecrease,100Mt-noCostDecrease,Mexico,regional corn for ethanol,missing,missing,missing,missing,missing,missing,missing,missing,missing,MTC
718,2.544798,2.653023,2.7392499,2.9001827,3.0956443,3.2984763000000004,3.463466,3.506009,3.532044,100Mt-noCostDecrease,100Mt-noCostDecrease,Mexico,resid heating,missing,missing,missing,missing,missing,missing,missing,missing,missing,MTC
719,3.329536,3.427873,4.04052,3.919645,3.869727,3.937398,3.976138,3.731538,3.519261,100Mt-noCostDecrease,100Mt-noCostDecrease,Mexico,resid others,missing,missing,missing,missing,missing,missing,missing,missing,missing,MTC
720,0.987705,1.61711,2.16236,2.37119,2.61421,2.85182,3.07866,3.26678,3.45323,100Mt-noCostDecrease,100Mt-noCostDecrease,Mexico,trn_aviation_intl,missing,missing,missing,missing,missing,missing,missing,missing,missing,MTC
721,0.500886,0.913981,1.069988,1.143296,1.243715,1.338346,1.423338,1.484863,1.55461,100Mt-noCostDecrease,100Mt-noCostDecrease,Mexico,trn_freight,missing,missing,missing,missing,missing,missing,missing,missing,missing,MTC
722,10.65338,16.57856,21.172560200000003,22.5401378,23.341026700000004,23.45407695,24.34477172,25.1308102,26.198403000000003,100Mt-noCostDecrease,100Mt-noCostDecrease,Mexico,trn_freight_road,missing,missing,missing,missing,missing,missing,missing,missing,missing,MTC
723,0.46982715,0.7685777,1.1536911,1.3366706000000002,1.557112,1.7914576,1.992412,2.1528868,2.3214731,100Mt-noCostDecrease,100Mt-noCostDecrease,Mexico,trn_pass,missing,missing,missing,missing,missing,missing,missing,missing,missing,MTC
724,1.77776,2.76777526,4.65930227,5.208567131,4.349548,3.8747185,3.7111140000000007,3.724281,3.745661,100Mt-noCostDecrease,100Mt-noCostDecrease,Mexico,trn_pass_road,missing,missing,missing,missing,missing,missing,missing,missing,missing,MTC
725,0.651083,1.01321,0.849468,0.607301,0.474348,0.369462,0.27931,0.207814,0.155819,100Mt-noCostDecrease,100Mt-noCostDecrease,Mexico,trn_pass_road_LDV,missing,missing,missing,missing,missing,missing,missing,missing,missing,MTC
726,9.573731,14.90682491,15.93181873,14.305897876999996,11.828892184,10.145435375,8.789074023,8.735297643,8.848473840000002,100Mt-noCostDecrease,100Mt-noCostDecrease,Mexico,trn_pass_road_LDV_4W,missing,missing,missing,missing,missing,missing,missing,missing,missing,MTC
727,0.515353,0.675634,0.708417,0.739394,0.774016,0.810285,0.843587,0.862951,0.884535,100Mt-noCostDecrease,100Mt-noCostDecrease,Mexico,trn_shipping_intl,missing,missing,missing,missing,missing,missing,missing,missing,missing,MTC
728,0.0,0.0,0.1774046,0.3652761,0.5801012,0.8398479,1.1637415,1.521976,1.947567,100Mt-noCostDecrease,100Mt-noCostDecrease,Middle East,H2 central production,missing,missing,missing,missing,missing,missing,missing,missing,missing,MTC
729,0.0,0.0,0.0870684,0.177081,0.282821,0.408606,0.561461,0.73975,0.949528,100Mt-noCostDecrease,100Mt-noCostDecrease,Middle East,H2 forecourt production,missing,missing,missing,missing,missing,missing,missing,missing,missing,MTC
730,1.30488,3.39324,5.613056,5.547059,5.414744999999999,5.219434,4.987356,4.827414,4.740394,100Mt-noCostDecrease,100Mt-noCostDecrease,Middle East,N fertilizer,missing,missing,missing,missing,missing,missing,missing,missing,missing,MTC
731,0.0,0.0,0.173144,0.902329,1.8497,2.86354,3.85662,4.71933,5.50457,100Mt-noCostDecrease,100Mt-noCostDecrease,Middle East,backup_electricity,missing,missing,missing,missing,missing,missing,missing,missing,missing,MTC
732,0.0,0.0,0.000759301,0.000823303,0.000928866,0.00101765,0.00113079,0.00111607,0.00107184,100Mt-noCostDecrease,100Mt-noCostDecrease,Middle East,biogas pipeline,missing,missing,missing,missing,missing,missing,missing,missing,missing,MTC
733,0.0,0.0,0.804198,0.863272,0.96413,1.04551,1.14979,1.12301,1.06716,100Mt-noCostDecrease,100Mt-noCostDecrease,Middle East,biogas processing,missing,missing,missing,missing,missing,missing,missing,missing,missing,MTC
734,0.0,0.0,9.2631964,18.3374975,29.3178297,38.9293666,47.67986969999999,54.66332610000001,60.18610320000001,100Mt-noCostDecrease,100Mt-noCostDecrease,Middle East,biorefining,missing,missing,missing,missing,missing,missing,missing,missing,missing,MTC
735,6.866,13.387,20.4916,22.3569,24.2022,25.9519,27.4959,28.9612,30.2277,100Mt-noCostDecrease,100Mt-noCostDecrease,Middle East,cement,missing,missing,missing,missing,missing,missing,missing,missing,missing,MTC
736,0.252399,1.14112,3.0483,2.46995,2.00498,1.67188,1.4324,1.24973,1.09515,100Mt-noCostDecrease,100Mt-noCostDecrease,Middle East,comm cooling,missing,missing,missing,missing,missing,missing,missing,missing,missing,MTC
737,0.2731541,0.561341,0.755589,0.8235600000000001,0.982201,1.132149,1.275231,1.418254,1.5438500000000002,100Mt-noCostDecrease,100Mt-noCostDecrease,Middle East,comm heating,missing,missing,missing,missing,missing,missing,missing,missing,missing,MTC
738,3.895846,6.803387,4.994983,4.690421000000001,4.71474,4.785159,4.785023,4.741336,4.695893999999999,100Mt-noCostDecrease,100Mt-noCostDecrease,Middle East,comm others,missing,missing,missing,missing,missing,missing,missing,missing,missing,MTC
739,0.0,0.0,0.000395847,0.00112683,0.00162949,0.00194844,0.00215427,0.0,0.0,100Mt-noCostDecrease,100Mt-noCostDecrease,Middle East,csp_backup,missing,missing,missing,missing,missing,missing,missing,missing,missing,MTC
740,1.463783,2.24339,6.81684,8.47063,10.54516,12.6612,14.685569999999998,16.68501,18.53475,100Mt-noCostDecrease,100Mt-noCostDecrease,Middle East,desalinated water,missing,missing,missing,missing,missing,missing,missing,missing,missing,MTC
741,0.0,0.0,0.0,0.0594952,0.1785043,0.3282169,0.5099896,0.68479876,0.8041036399999999,100Mt-noCostDecrease,100Mt-noCostDecrease,Middle East,elec_biomass (IGCC),missing,missing,missing,missing,missing,missing,missing,missing,missing,MTC
742,0.0,0.0,0.2230657999999999,0.4711093,0.8985127,1.3228992,1.7105940000000002,1.8115508,1.6548595000000004,100Mt-noCostDecrease,100Mt-noCostDecrease,Middle East,elec_biomass (conv),missing,missing,missing,missing,missing,missing,missing,missing,missing,MTC
743,0.0,0.0,0.0,0.2512555,0.5948496999999999,0.9385134,1.298296,1.6726107,2.0327895,100Mt-noCostDecrease,100Mt-noCostDecrease,Middle East,elec_coal (IGCC),missing,missing,missing,missing,missing,missing,missing,missing,missing,MTC
744,2.7363883,8.730206,8.270230999999999,8.750424,9.281368000000002,9.5671575,9.6777538,9.6715952,9.597685,100Mt-noCostDecrease,100Mt-noCostDecrease,Middle East,elec_coal (conv pul),missing,missing,missing,missing,missing,missing,missing,missing,missing,MTC
745,0.0,0.0,2.7701428900000007,7.001478419000001,16.23264541,28.627872561,43.6295869609,60.62733689810001,76.93444629159995,100Mt-noCostDecrease,100Mt-noCostDecrease,Middle East,elec_gas (CC),missing,missing,missing,missing,missing,missing,missing,missing,missing,MTC
746,20.085787,60.69481,98.354012,99.299175933,99.2380480285,94.23183382,86.00323990839998,77.12277217719998,68.78114871800001,100Mt-noCostDecrease,100Mt-noCostDecrease,Middle East,elec_gas (steam/CT),missing,missing,missing,missing,missing,missing,missing,missing,missing,MTC
747,0.0,0.0,6.12782,12.339481,24.314852,36.549261,45.945298,50.872114,52.45080299999999,100Mt-noCostDecrease,100Mt-noCostDecrease,Middle East,elec_refined liquids (CC),missing,missing,missing,missing,missing,missing,missing,missing,missing,MTC
748,24.515113,46.206647,59.964083,57.094141,55.641576,53.653004,48.03255099999999,40.98406649999999,35.9389611,100Mt-noCostDecrease,100Mt-noCostDecrease,Middle East,elec_refined liquids (steam/CT),missing,missing,missing,missing,missing,missing,missing,missing,missing,MTC
749,0.754831,0.253769,0.279049,0.28958,0.312007,0.330421,0.348112,0.369173,0.388617,100Mt-noCostDecrease,100Mt-noCostDecrease,Middle East,gas pipeline,missing,missing,missing,missing,missing,missing,missing,missing,missing,MTC
750,0.0,0.00069916,0.0316582,0.0822975,0.133858,0.218872,0.364131,0.518065,0.750554,100Mt-noCostDecrease,100Mt-noCostDecrease,Middle East,gas processing,missing,missing,missing,missing,missing,missing,missing,missing,missing,MTC
751,31.810508,61.7544061,110.0852358,117.3369475,125.1141049,132.10139099999998,138.29804,143.36547720000002,147.6727815,100Mt-noCostDecrease,100Mt-noCostDecrease,Middle East,industrial energy use,missing,missing,missing,missing,missing,missing,missing,missing,missing,MTC
752,2.43335,4.6346767,10.493464,11.321862,12.466348,13.250159,14.158986,15.290909,16.154585,100Mt-noCostDecrease,100Mt-noCostDecrease,Middle East,industrial feedstocks,missing,missing,missing,missing,missing,missing,missing,missing,missing,MTC
753,3.395217,6.09808,11.71061,12.633,13.50651,14.36112,15.01967,15.55639,15.99762,100Mt-noCostDecrease,100Mt-noCostDecrease,Middle East,process heat cement,missing,missing,missing,missing,missing,missing,missing,missing,missing,MTC
754,10.0851,17.9374,21.8109007,22.436007300000004,23.1456398,24.320706099999995,25.7859257,28.3547,31.9295214,100Mt-noCostDecrease,100Mt-noCostDecrease,Middle East,refining,missing,missing,missing,missing,missing,missing,missing,missing,missing,MTC
755,-0.42651,-0.894754,-18.7106,-34.7043,-54.413,-71.8674,-87.9504,-100.433,-110.132,100Mt-noCostDecrease,100Mt-noCostDecrease,Middle East,regional biomass,missing,missing,missing,missing,missing,missing,missing,missing,missing,MTC
756,0.0,0.0,-1.35585,-1.63557,-1.95525,-2.22413,-2.47879,-2.62888,-2.69655,100Mt-noCostDecrease,100Mt-noCostDecrease,Middle East,regional biomassOil,missing,missing,missing,missing,missing,missing,missing,missing,missing,MTC
757,0.0,0.0,-0.27061,-0.368816,-0.544088,-0.722599,-0.929579,-1.15305,-1.45459,100Mt-noCostDecrease,100Mt-noCostDecrease,Middle East,regional corn for ethanol,missing,missing,missing,missing,missing,missing,missing,missing,missing,MTC
758,0.319175,3.25889,4.6962,4.09812,3.55495,3.14613,2.83506,2.58013,2.35023,100Mt-noCostDecrease,100Mt-noCostDecrease,Middle East,resid cooling,missing,missing,missing,missing,missing,missing,missing,missing,missing,MTC
759,1.952475,4.5214,4.62912,5.00613,5.86009,6.64572,7.35996,8.023019999999999,8.57099,100Mt-noCostDecrease,100Mt-noCostDecrease,Middle East,resid heating,missing,missing,missing,missing,missing,missing,missing,missing,missing,MTC
760,10.857044,25.0983429,25.47202072,24.7575797,24.88631078,24.83838357,24.54417157,24.08482658,23.52903173,100Mt-noCostDecrease,100Mt-noCostDecrease,Middle East,resid others,missing,missing,missing,missing,missing,missing,missing,missing,missing,MTC
761,7.03216,9.06058,16.6482,18.3696,21.1386,23.8339,26.3195,28.5552,30.5648,100Mt-noCostDecrease,100Mt-noCostDecrease,Middle East,trn_aviation_intl,missing,missing,missing,missing,missing,missing,missing,missing,missing,MTC
762,14.7345,27.841460000000005,41.254511,43.502103700000006,46.29502629,47.26759417,49.4871787,51.5790184,53.82609850000001,100Mt-noCostDecrease,100Mt-noCostDecrease,Middle East,trn_freight_road,missing,missing,missing,missing,missing,missing,missing,missing,missing,MTC
763,0.0201272,0.0259347,0.0506141,0.0585734,0.0715664,0.0852445,0.0966186,0.107022,0.116957,100Mt-noCostDecrease,100Mt-noCostDecrease,Middle East,trn_pass,missing,missing,missing,missing,missing,missing,missing,missing,missing,MTC
764,2.96401,5.60064,11.98371,13.946759,12.331588000000002,11.550557,11.559483,12.160991,12.880699000000002,100Mt-noCostDecrease,100Mt-noCostDecrease,Middle East,trn_pass_road,missing,missing,missing,missing,missing,missing,missing,missing,missing,MTC
765,0.69229,1.30812,1.63656,1.37644,1.17201,1.01309,0.879219,0.750623,0.65863,100Mt-noCostDecrease,100Mt-noCostDecrease,Middle East,trn_pass_road_LDV,missing,missing,missing,missing,missing,missing,missing,missing,missing,MTC
766,23.00168,43.6160111,60.0383393,54.8211554,47.36666630000001,42.3715546,38.14456019000001,38.16531287,38.573486070000016,100Mt-noCostDecrease,100Mt-noCostDecrease,Middle East,trn_pass_road_LDV_4W,missing,missing,missing,missing,missing,missing,missing,missing,missing,MTC
767,14.4605,15.8196,30.9527,32.4385,34.7455,37.0063,38.7274,40.1487,41.4286,100Mt-noCostDecrease,100Mt-noCostDecrease,Middle East,trn_shipping_intl,missing,missing,missing,missing,missing,missing,missing,missing,missing,MTC
768,0.0,0.0,0.008116643,0.01855848,0.03771466,0.06878978,0.1169262,0.1858861,0.2797077,100Mt-noCostDecrease,100Mt-noCostDecrease,Pakistan,H2 central production,missing,missing,missing,missing,missing,missing,missing,missing,missing,MTC
769,0.0,0.0,0.00360762,0.00800036,0.0164289,0.0297069,0.0490121,0.0773042,0.11411,100Mt-noCostDecrease,100Mt-noCostDecrease,Pakistan,H2 forecourt production,missing,missing,missing,missing,missing,missing,missing,missing,missing,MTC
770,0.673379,1.45468,1.577738,1.652912,1.696762,1.733053,1.738066,1.746331,1.6985349,100Mt-noCostDecrease,100Mt-noCostDecrease,Pakistan,N fertilizer,missing,missing,missing,missing,missing,missing,missing,missing,missing,MTC
771,0.0,0.0,0.0366526,0.205657,0.586447,1.1972,2.01772,2.79255,3.37824,100Mt-noCostDecrease,100Mt-noCostDecrease,Pakistan,backup_electricity,missing,missing,missing,missing,missing,missing,missing,missing,missing,MTC
772,0.0,0.0,0.00298664,0.00329837,0.0043207,0.00583102,0.00932616,0.00989283,0.00960795,100Mt-noCostDecrease,100Mt-noCostDecrease,Pakistan,biogas pipeline,missing,missing,missing,missing,missing,missing,missing,missing,missing,MTC
773,0.0,0.0,0.0608765,0.0665586,0.0863087,0.115291,0.182497,0.191571,0.184098,100Mt-noCostDecrease,100Mt-noCostDecrease,Pakistan,biogas processing,missing,missing,missing,missing,missing,missing,missing,missing,missing,MTC
774,0.0,0.0,0.43838354,1.041466,2.128921821,3.277152287,4.510822353000001,5.697626158000001,6.842656299999998,100Mt-noCostDecrease,100Mt-noCostDecrease,Pakistan,biorefining,missing,missing,missing,missing,missing,missing,missing,missing,missing,MTC
775,1.019,2.312,5.30678,6.21382,7.62453,9.01361,10.4625,11.8935,13.2324,100Mt-noCostDecrease,100Mt-noCostDecrease,Pakistan,cement,missing,missing,missing,missing,missing,missing,missing,missing,missing,MTC
776,0.0738763,0.161238,0.35942,0.3957621,0.476222,0.573229,0.684965,0.812884,0.952095,100Mt-noCostDecrease,100Mt-noCostDecrease,Pakistan,comm heating,missing,missing,missing,missing,missing,missing,missing,missing,missing,MTC
777,0.241598,0.540778,0.8690370000000001,0.872444,0.989292,1.124131,1.247479,1.402603,1.572229,100Mt-noCostDecrease,100Mt-noCostDecrease,Pakistan,comm others,missing,missing,missing,missing,missing,missing,missing,missing,missing,MTC
778,0.0,0.0,0.0,0.08676909,0.2117856799999999,0.374959482,0.7558379350000001,1.0474277849999998,1.0946778015999998,100Mt-noCostDecrease,100Mt-noCostDecrease,Pakistan,elec_biomass (IGCC),missing,missing,missing,missing,missing,missing,missing,missing,missing,MTC
779,0.0,0.0,0.58778942,0.90871738,1.3628117099999997,1.885774388,2.999195371,3.310230767,2.7242329391,100Mt-noCostDecrease,100Mt-noCostDecrease,Pakistan,elec_biomass (conv),missing,missing,missing,missing,missing,missing,missing,missing,missing,MTC
780,0.0,0.0,0.0,0.0567770875,0.1232770829,0.1996730815,0.3630044852,0.5075151047,0.579090065667,100Mt-noCostDecrease,100Mt-noCostDecrease,Pakistan,elec_coal (IGCC),missing,missing,missing,missing,missing,missing,missing,missing,missing,MTC
781,0.020568431,0.09256655,0.4420302129999999,0.6172496129999999,0.8038663189999999,1.0029125061,1.4136329704,1.7529605071,1.90662957777,100Mt-noCostDecrease,100Mt-noCostDecrease,Pakistan,elec_coal (conv pul),missing,missing,missing,missing,missing,missing,missing,missing,missing,MTC
782,0.04733589,1.4752341,0.424601077,0.9432656475,1.7525987181,2.7918089031,4.956740104600002,6.720500171299999,7.435587415390001,100Mt-noCostDecrease,100Mt-noCostDecrease,Pakistan,elec_gas (CC),missing,missing,missing,missing,missing,missing,missing,missing,missing,MTC
783,2.0876338000000003,4.160485,5.66686538,6.143538425520001,6.427495532099998,6.351739248199999,6.30355153075,5.946768578700001,5.37988966225,100Mt-noCostDecrease,100Mt-noCostDecrease,Pakistan,elec_gas (steam/CT),missing,missing,missing,missing,missing,missing,missing,missing,missing,MTC
784,0.0,0.0,0.6399811,1.03387031,1.6886503599999998,2.57686663,4.72894632,5.359325691,4.849726035,100Mt-noCostDecrease,100Mt-noCostDecrease,Pakistan,elec_refined liquids (CC),missing,missing,missing,missing,missing,missing,missing,missing,missing,MTC
785,1.7802578,3.372129,6.0015785,5.6762479,5.593530100000001,5.51494762,5.383595049999999,4.773267250000002,4.113179661000001,100Mt-noCostDecrease,100Mt-noCostDecrease,Pakistan,elec_refined liquids (steam/CT),missing,missing,missing,missing,missing,missing,missing,missing,missing,MTC
786,0.0303142,0.27878,1.14113,1.27093,1.53421,1.83144,2.23801,2.66627,3.01546,100Mt-noCostDecrease,100Mt-noCostDecrease,Pakistan,gas pipeline,missing,missing,missing,missing,missing,missing,missing,missing,missing,MTC
787,0.0,0.0,0.00330756,0.0107063,0.0231246,0.0505901,0.113993,0.202833,0.344853,100Mt-noCostDecrease,100Mt-noCostDecrease,Pakistan,gas processing,missing,missing,missing,missing,missing,missing,missing,missing,missing,MTC
788,6.08562,11.194349999999998,13.33997675,14.810175030000002,18.8122601,23.8873268,29.787088,35.6475624,41.3269508,100Mt-noCostDecrease,100Mt-noCostDecrease,Pakistan,industrial energy use,missing,missing,missing,missing,missing,missing,missing,missing,missing,MTC
789,0.795699,0.881123,1.5141,1.87128,2.59676,3.53325,4.73449,6.22853,7.92612,100Mt-noCostDecrease,100Mt-noCostDecrease,Pakistan,industrial feedstocks,missing,missing,missing,missing,missing,missing,missing,missing,missing,MTC
790,0.7523513,1.6683901,4.3848851,5.0683036,6.1164268,7.126082,8.170993000000001,9.1589829,10.0496476,100Mt-noCostDecrease,100Mt-noCostDecrease,Pakistan,process heat cement,missing,missing,missing,missing,missing,missing,missing,missing,missing,MTC
791,0.333082,0.411846,0.6372365,0.6696638970000001,0.829067742,1.08750069,1.636159031,2.239231253,2.833170667,100Mt-noCostDecrease,100Mt-noCostDecrease,Pakistan,refining,missing,missing,missing,missing,missing,missing,missing,missing,missing,MTC
792,-2.328,-3.4766,-6.56509,-8.46789,-12.2525,-16.6045,-22.1414,-25.7774,-27.7514,100Mt-noCostDecrease,100Mt-noCostDecrease,Pakistan,regional biomass,missing,missing,missing,missing,missing,missing,missing,missing,missing,MTC
793,0.0,0.0,-0.211131,-0.280526,-0.414144,-0.569737,-0.786123,-1.07647,-1.51481,100Mt-noCostDecrease,100Mt-noCostDecrease,Pakistan,regional biomassOil,missing,missing,missing,missing,missing,missing,missing,missing,missing,MTC
794,0.0,0.0,-0.00480553,-0.00650902,-0.010374,-0.0152415,-0.0210698,-0.0274472,-0.032621,100Mt-noCostDecrease,100Mt-noCostDecrease,Pakistan,regional corn for ethanol,missing,missing,missing,missing,missing,missing,missing,missing,missing,MTC
795,1.158283,1.388888,2.099243,2.162322,2.264826,2.359531,2.467262,2.570565,2.672567,100Mt-noCostDecrease,100Mt-noCostDecrease,Pakistan,resid heating,missing,missing,missing,missing,missing,missing,missing,missing,missing,MTC
796,0.8925358800000001,1.496299,2.315886,2.365496,2.8446,3.331044,3.795735,4.341876,4.853678,100Mt-noCostDecrease,100Mt-noCostDecrease,Pakistan,resid others,missing,missing,missing,missing,missing,missing,missing,missing,missing,MTC
797,0.363018,0.740714,0.783049,0.892388,1.10756,1.37747,1.69666,2.07345,2.5078,100Mt-noCostDecrease,100Mt-noCostDecrease,Pakistan,trn_aviation_intl,missing,missing,missing,missing,missing,missing,missing,missing,missing,MTC
798,0.0190119,0.0341118,0.062063,0.0682887,0.0796554,0.0933418,0.107192,0.124856,0.144809,100Mt-noCostDecrease,100Mt-noCostDecrease,Pakistan,trn_freight,missing,missing,missing,missing,missing,missing,missing,missing,missing,MTC
799,1.424748,2.55631,4.79371798,5.136550419999999,5.691406379999998,6.181387291999999,6.92760149,7.83356207,8.909072449999998,100Mt-noCostDecrease,100Mt-noCostDecrease,Pakistan,trn_freight_road,missing,missing,missing,missing,missing,missing,missing,missing,missing,MTC
800,0.0452779,0.0867946,0.1318206,0.1540732,0.1943188,0.245066,0.3021089999999999,0.369348,0.448675,100Mt-noCostDecrease,100Mt-noCostDecrease,Pakistan,trn_pass,missing,missing,missing,missing,missing,missing,missing,missing,missing,MTC
801,0.452051,1.068146,2.435034,2.713109,2.516525,2.62612,2.907038,3.249507,3.600377,100Mt-noCostDecrease,100Mt-noCostDecrease,Pakistan,trn_pass_road,missing,missing,missing,missing,missing,missing,missing,missing,missing,MTC
802,0.895723,1.6320045,2.2159018,1.8995096,2.160594,2.1740190000000004,2.02978,1.899532,1.755105,100Mt-noCostDecrease,100Mt-noCostDecrease,Pakistan,trn_pass_road_LDV,missing,missing,missing,missing,missing,missing,missing,missing,missing,MTC
803,0.8732869999999999,1.7990117,2.51474155,2.31735862,2.5909874299999998,2.8370639300000007,3.102046883,3.668570639999999,4.330342010000001,100Mt-noCostDecrease,100Mt-noCostDecrease,Pakistan,trn_pass_road_LDV_4W,missing,missing,missing,missing,missing,missing,missing,missing,missing,MTC
804,0.112632,0.126283,0.257982,0.272429,0.297239,0.325727,0.354486,0.384561,0.416044,100Mt-noCostDecrease,100Mt-noCostDecrease,Pakistan,trn_shipping_intl,missing,missing,missing,missing,missing,missing,missing,missing,missing,MTC
805,0.0,0.0,0.1456523,0.2921955,0.4399640999999999,0.5955414,0.7617118,0.9258705,1.1246181,100Mt-noCostDecrease,100Mt-noCostDecrease,Russia,H2 central production,missing,missing,missing,missing,missing,missing,missing,missing,missing,MTC
806,0.0,0.0,0.0551435,0.112171,0.1719,0.233441,0.295725,0.364094,0.437605,100Mt-noCostDecrease,100Mt-noCostDecrease,Russia,H2 forecourt production,missing,missing,missing,missing,missing,missing,missing,missing,missing,MTC
807,4.67654,4.4106,5.320616,5.362164000000001,5.364763999999999,5.277483,5.080048000000001,5.061536,5.15072,100Mt-noCostDecrease,100Mt-noCostDecrease,Russia,N fertilizer,missing,missing,missing,missing,missing,missing,missing,missing,missing,MTC
808,0.0,0.0,0.0456189,0.059252,0.104305,0.207436,0.350246,0.476216,0.587027,100Mt-noCostDecrease,100Mt-noCostDecrease,Russia,backup_electricity,missing,missing,missing,missing,missing,missing,missing,missing,missing,MTC
809,0.0,0.0,0.0401045,0.0243738,0.0268211,0.026568,0.0272125,0.0233995,0.0223362,100Mt-noCostDecrease,100Mt-noCostDecrease,Russia,biogas pipeline,missing,missing,missing,missing,missing,missing,missing,missing,missing,MTC
810,0.0,0.0,0.531914,0.320044,0.348625,0.341814,0.346499,0.294848,0.278489,100Mt-noCostDecrease,100Mt-noCostDecrease,Russia,biogas processing,missing,missing,missing,missing,missing,missing,missing,missing,missing,MTC
811,0.0,0.0,4.008679,6.9365689,10.6631207,13.732852,16.268633400000002,18.2269344,19.985309600000004,100Mt-noCostDecrease,100Mt-noCostDecrease,Russia,biorefining,missing,missing,missing,missing,missing,missing,missing,missing,missing,MTC
812,11.0645,6.596,6.27605,6.48648,6.7766,6.97804,7.1284,7.26269,7.31987,100Mt-noCostDecrease,100Mt-noCostDecrease,Russia,cement,missing,missing,missing,missing,missing,missing,missing,missing,missing,MTC
813,5.971392,2.661467,2.122575,2.179302,2.314077,2.417873,2.4625,2.366165,2.282715,100Mt-noCostDecrease,100Mt-noCostDecrease,Russia,comm heating,missing,missing,missing,missing,missing,missing,missing,missing,missing,MTC
814,36.6023692,4.1342187,3.280243,3.0922458,2.8476309,2.6370345,2.4059415,2.1355618,1.9350222,100Mt-noCostDecrease,100Mt-noCostDecrease,Russia,comm others,missing,missing,missing,missing,missing,missing,missing,missing,missing,MTC
815,98.19116,63.83382999999999,95.44913,93.35675,91.82341,89.53661000000001,87.29448,84.98839000000001,82.85325,100Mt-noCostDecrease,100Mt-noCostDecrease,Russia,district heat,missing,missing,missing,missing,missing,missing,missing,missing,missing,MTC
816,0.0,0.0,0.0,0.0515984,0.132347025,0.213551766,0.2982841599999999,0.338641231,0.360949414,100Mt-noCostDecrease,100Mt-noCostDecrease,Russia,elec_biomass (IGCC),missing,missing,missing,missing,missing,missing,missing,missing,missing,MTC
817,0.0,0.0,0.58827118,0.71123149,0.98997345,1.17611836,1.28835533,1.097407759,0.9098578510000002,100Mt-noCostDecrease,100Mt-noCostDecrease,Russia,elec_biomass (conv),missing,missing,missing,missing,missing,missing,missing,missing,missing,MTC
818,0.0,0.0,0.0,0.85759586,1.79592144,2.5547595,3.23836268,3.75042002,4.217308409999999,100Mt-noCostDecrease,100Mt-noCostDecrease,Russia,elec_coal (IGCC),missing,missing,missing,missing,missing,missing,missing,missing,missing,MTC
819,71.80221,59.69614,64.351726,65.0328956,64.622119,62.1768079,58.18608689999999,52.8647671,47.37714400000001,100Mt-noCostDecrease,100Mt-noCostDecrease,Russia,elec_coal (conv pul),missing,missing,missing,missing,missing,missing,missing,missing,missing,MTC
820,0.0,0.0,5.83113885,9.165524459,15.1628155298,21.718976991000005,28.637275849,34.438078999700004,39.580637406300006,100Mt-noCostDecrease,100Mt-noCostDecrease,Russia,elec_gas (CC),missing,missing,missing,missing,missing,missing,missing,missing,missing,MTC
821,88.47735,76.36537,77.9304755,76.1904324841,72.96989682223001,65.38155563738998,56.49869755229001,49.944826536290016,43.60478941981301,100Mt-noCostDecrease,100Mt-noCostDecrease,Russia,elec_gas (steam/CT),missing,missing,missing,missing,missing,missing,missing,missing,missing,MTC
822,0.0,0.0,0.4793346,0.35823587,0.554702343,0.677661875,0.791996417,0.745812618,0.773337086,100Mt-noCostDecrease,100Mt-noCostDecrease,Russia,elec_refined liquids (CC),missing,missing,missing,missing,missing,missing,missing,missing,missing,MTC
823,37.51839,4.574757,1.31696717,0.92977139,0.9357452,0.89282912,0.8326105920000001,0.712428688,0.66685596,100Mt-noCostDecrease,100Mt-noCostDecrease,Russia,elec_refined liquids (steam/CT),missing,missing,missing,missing,missing,missing,missing,missing,missing,MTC
824,25.3828,23.2128,22.0155,22.0669,22.3856,21.9905,21.4103,21.2228,20.7477,100Mt-noCostDecrease,100Mt-noCostDecrease,Russia,gas pipeline,missing,missing,missing,missing,missing,missing,missing,missing,missing,MTC
825,0.0,0.0,0.0349075,0.0758978,0.117757,0.183781,0.287804,0.376674,0.57389,100Mt-noCostDecrease,100Mt-noCostDecrease,Russia,gas processing,missing,missing,missing,missing,missing,missing,missing,missing,missing,MTC
826,128.367074,93.67367000000004,108.0826212,104.2422713,99.25909500000002,95.5745994,92.40899,88.6303706,86.15225640000001,100Mt-noCostDecrease,100Mt-noCostDecrease,Russia,industrial energy use,missing,missing,missing,missing,missing,missing,missing,missing,missing,MTC
827,10.072,11.174318,17.852628,18.598988,19.38566,19.759718,20.086773,20.73684,20.985539,100Mt-noCostDecrease,100Mt-noCostDecrease,Russia,industrial feedstocks,missing,missing,missing,missing,missing,missing,missing,missing,missing,MTC
828,5.1427049,2.8608682,3.3373821999999995,3.3923312,3.484687,3.5512101,3.5941308000000003,3.6035376,3.5956164,100Mt-noCostDecrease,100Mt-noCostDecrease,Russia,process heat cement,missing,missing,missing,missing,missing,missing,missing,missing,missing,MTC
829,35.9782,10.2387,7.53888,7.37355,7.00188,6.80584,7.256033,8.4696247,10.302962999999998,100Mt-noCostDecrease,100Mt-noCostDecrease,Russia,refining,missing,missing,missing,missing,missing,missing,missing,missing,missing,MTC
830,-11.7284,-6.65862,-18.4703,-22.5424,-28.4457,-33.3044,-37.2211,-39.0863,-41.0564,100Mt-noCostDecrease,100Mt-noCostDecrease,Russia,regional biomass,missing,missing,missing,missing,missing,missing,missing,missing,missing,MTC
831,0.0,0.0,-3.05728,-3.50522,-3.9959,-4.35175,-4.58176,-4.51815,-4.06098,100Mt-noCostDecrease,100Mt-noCostDecrease,Russia,regional biomassOil,missing,missing,missing,missing,missing,missing,missing,missing,missing,MTC
832,0.0,0.0,-0.848099,-1.10449,-1.54133,-1.97057,-2.39187,-2.81056,-3.3693,100Mt-noCostDecrease,100Mt-noCostDecrease,Russia,regional corn for ethanol,missing,missing,missing,missing,missing,missing,missing,missing,missing,MTC
833,19.57841,12.314881,13.341107,13.189326,13.43975,13.577245,13.593013,13.312553,12.973011,100Mt-noCostDecrease,100Mt-noCostDecrease,Russia,resid heating,missing,missing,missing,missing,missing,missing,missing,missing,missing,MTC
834,35.481301,19.870778,19.490357000000003,18.2361794,16.9196642,15.7328494,14.5746723,13.515450400000002,12.5551241,100Mt-noCostDecrease,100Mt-noCostDecrease,Russia,resid others,missing,missing,missing,missing,missing,missing,missing,missing,missing,MTC
835,5.13209,2.92491,2.94418,3.10947,3.39657,3.62832,3.79995,3.89103,3.92761,100Mt-noCostDecrease,100Mt-noCostDecrease,Russia,trn_aviation_intl,missing,missing,missing,missing,missing,missing,missing,missing,missing,MTC
836,5.749689999999999,2.36904,2.331446,2.480375,2.7537010000000004,3.004132,3.196511,3.340566,3.430935,100Mt-noCostDecrease,100Mt-noCostDecrease,Russia,trn_freight,missing,missing,missing,missing,missing,missing,missing,missing,missing,MTC
837,12.0918009,8.11081266,10.82480173,11.21274926,11.3987575,11.15339377,11.30929346,11.140506699999998,10.9847106,100Mt-noCostDecrease,100Mt-noCostDecrease,Russia,trn_freight_road,missing,missing,missing,missing,missing,missing,missing,missing,missing,MTC
838,10.413916,6.0173250000000005,6.704897,7.516654000000001,8.779712,9.93997,10.722365,11.207168,11.497817,100Mt-noCostDecrease,100Mt-noCostDecrease,Russia,trn_pass,missing,missing,missing,missing,missing,missing,missing,missing,missing,MTC
839,4.665830000000001,3.13935411,5.97929414,6.76242556,5.765842999999999,5.265763000000001,5.153686,5.276595,5.431355999999999,100Mt-noCostDecrease,100Mt-noCostDecrease,Russia,trn_pass_road,missing,missing,missing,missing,missing,missing,missing,missing,missing,MTC
840,1.88164,1.30978,1.31265,0.99901,0.83947,0.687989,0.544692,0.424016,0.329937,100Mt-noCostDecrease,100Mt-noCostDecrease,Russia,trn_pass_road_LDV,missing,missing,missing,missing,missing,missing,missing,missing,missing,MTC
841,27.82061937,19.343861295000004,22.705808289,20.353466729,16.950343437899996,14.504480574499995,12.355693993999996,11.815293330000006,11.40180914,100Mt-noCostDecrease,100Mt-noCostDecrease,Russia,trn_pass_road_LDV_4W,missing,missing,missing,missing,missing,missing,missing,missing,missing,MTC
842,3.42634,19.6456,17.0202,17.6099,18.5507,19.429,20.0733,20.4353,20.6308,100Mt-noCostDecrease,100Mt-noCostDecrease,Russia,trn_shipping_intl,missing,missing,missing,missing,missing,missing,missing,missing,missing,MTC
843,0.0,0.0,0.00885775,0.0182501599999999,0.02983117,0.04508685,0.063646,0.08390323,0.1067107799999999,100Mt-noCostDecrease,100Mt-noCostDecrease,South Africa,H2 central production,missing,missing,missing,missing,missing,missing,missing,missing,missing,MTC
844,0.0,0.0,0.00242673,0.00487368,0.00830273,0.0128312,0.0180274,0.0243578,0.0303358,100Mt-noCostDecrease,100Mt-noCostDecrease,South Africa,H2 forecourt production,missing,missing,missing,missing,missing,missing,missing,missing,missing,MTC
845,0.2801026,0.139845,0.1332711999999999,0.1480401,0.165762,0.1787559,0.1867268,0.1979431999999999,0.2091005,100Mt-noCostDecrease,100Mt-noCostDecrease,South Africa,N fertilizer,missing,missing,missing,missing,missing,missing,missing,missing,missing,MTC
846,0.0,0.0,0.0142816,0.0539417,0.200651,0.409865,0.670565,0.938129,1.17025,100Mt-noCostDecrease,100Mt-noCostDecrease,South Africa,backup_electricity,missing,missing,missing,missing,missing,missing,missing,missing,missing,MTC
847,0.0,0.0,0.0229733,0.0258015,0.0294223,0.0348633,0.0409309,0.0418412,0.04332,100Mt-noCostDecrease,100Mt-noCostDecrease,South Africa,biogas processing,missing,missing,missing,missing,missing,missing,missing,missing,missing,MTC
848,0.0,0.0,0.8498666,1.68364941,3.00030831,4.22034157,5.349111999999997,6.270929549999999,7.014173130000001,100Mt-noCostDecrease,100Mt-noCostDecrease,South Africa,biorefining,missing,missing,missing,missing,missing,missing,missing,missing,missing,MTC
849,1.062,1.559,1.46934,1.62931,1.86345,2.06102,2.23881,2.40137,2.54131,100Mt-noCostDecrease,100Mt-noCostDecrease,South Africa,cement,missing,missing,missing,missing,missing,missing,missing,missing,missing,MTC
850,0.219202,0.4013341,0.643489,0.756856,0.979328,1.173322,1.355657,1.517946,1.652902,100Mt-noCostDecrease,100Mt-noCostDecrease,South Africa,comm heating,missing,missing,missing,missing,missing,missing,missing,missing,missing,MTC
851,0.82363374,1.47636732,2.0486444,2.0136885,2.2164865,2.5159196,2.7298215,2.7604038,2.6811833,100Mt-noCostDecrease,100Mt-noCostDecrease,South Africa,comm others,missing,missing,missing,missing,missing,missing,missing,missing,missing,MTC
852,0.0,0.0,0.000206728,0.0004432,0.00113588,0.00173556,0.00219427,0.0,0.0,100Mt-noCostDecrease,100Mt-noCostDecrease,South Africa,csp_backup,missing,missing,missing,missing,missing,missing,missing,missing,missing,MTC
853,0.04559208,0.0408911,0.0620377,0.0807201999999999,0.106107,0.129705,0.1448626,0.1552724999999999,0.1633295,100Mt-noCostDecrease,100Mt-noCostDecrease,South Africa,desalinated water,missing,missing,missing,missing,missing,missing,missing,missing,missing,MTC
854,0.0,0.0,0.0,0.021243011,0.0553839199999999,0.084583462,0.125416698,0.175956657,0.2157503759999999,100Mt-noCostDecrease,100Mt-noCostDecrease,South Africa,elec_biomass (IGCC),missing,missing,missing,missing,missing,missing,missing,missing,missing,MTC
855,0.0,0.08568637,0.13015304,0.172859025,0.270300048,0.328393798,0.415051615,0.4635952,0.443815532,100Mt-noCostDecrease,100Mt-noCostDecrease,South Africa,elec_biomass (conv),missing,missing,missing,missing,missing,missing,missing,missing,missing,MTC
856,0.0,0.0,0.0,1.3961163,3.12320645,4.34242069,5.593064809999999,7.13978356,8.6832533,100Mt-noCostDecrease,100Mt-noCostDecrease,South Africa,elec_coal (IGCC),missing,missing,missing,missing,missing,missing,missing,missing,missing,MTC
857,41.31974,60.67618,69.522737,71.3689366,72.42328189999999,70.10827880000001,66.22909979,61.98721686,57.57765212999999,100Mt-noCostDecrease,100Mt-noCostDecrease,South Africa,elec_coal (conv pul),missing,missing,missing,missing,missing,missing,missing,missing,missing,MTC
858,0.0,0.0,0.0236314037,0.043623919985,0.075551191223,0.100855743357,0.1305432341179999,0.174669871306,0.2190715017939999,100Mt-noCostDecrease,100Mt-noCostDecrease,South Africa,elec_gas (CC),missing,missing,missing,missing,missing,missing,missing,missing,missing,MTC
859,0.0,0.0,0.00097814462,0.0012942497588399,0.002066231906,0.0025084486408499,0.00321267774383,0.0044475402525499,0.0052913115552999,100Mt-noCostDecrease,100Mt-noCostDecrease,South Africa,elec_gas (steam/CT),missing,missing,missing,missing,missing,missing,missing,missing,missing,MTC
860,0.0,0.0,0.003164737,0.0048793208999999,0.009425474,0.0112411749999999,0.0157324958999999,0.0225522304,0.0273562627,100Mt-noCostDecrease,100Mt-noCostDecrease,South Africa,elec_refined liquids (CC),missing,missing,missing,missing,missing,missing,missing,missing,missing,MTC
861,0.0,0.0,0.016488282,0.0138140257,0.0147417424,0.0157600258,0.0170158012,0.0170168828999999,0.0163829247,100Mt-noCostDecrease,100Mt-noCostDecrease,South Africa,elec_refined liquids (steam/CT),missing,missing,missing,missing,missing,missing,missing,missing,missing,MTC
862,0.44872,1.68653,0.567632,0.684539,0.858911,1.12008,1.44927,1.74265,2.1599,100Mt-noCostDecrease,100Mt-noCostDecrease,South Africa,gas processing,missing,missing,missing,missing,missing,missing,missing,missing,missing,MTC
863,27.58132,31.333348,28.90848275,28.46582639,29.25259089,31.25375709,33.15060321,34.136956469999994,34.62149387,100Mt-noCostDecrease,100Mt-noCostDecrease,South Africa,industrial energy use,missing,missing,missing,missing,missing,missing,missing,missing,missing,MTC
864,3.18149,1.61817,1.48362,1.74018,2.01352,2.29422,2.63175,2.98295,3.32843,100Mt-noCostDecrease,100Mt-noCostDecrease,South Africa,industrial feedstocks,missing,missing,missing,missing,missing,missing,missing,missing,missing,MTC
865,0.6266256,0.8313793,0.9590561,1.0487302,1.1728829,1.2757638,1.368089,1.442472,1.5074845,100Mt-noCostDecrease,100Mt-noCostDecrease,South Africa,process heat cement,missing,missing,missing,missing,missing,missing,missing,missing,missing,MTC
866,9.980589,7.425501,9.901389,9.75406297,9.33117155,8.364649620000002,6.772864479999999,5.106823439999999,4.04486391,100Mt-noCostDecrease,100Mt-noCostDecrease,South Africa,refining,missing,missing,missing,missing,missing,missing,missing,missing,missing,MTC
867,-4.64542,-3.40727,-4.91445,-6.23903,-8.62984,-10.9118,-12.9939,-14.3885,-15.36,100Mt-noCostDecrease,100Mt-noCostDecrease,South Africa,regional biomass,missing,missing,missing,missing,missing,missing,missing,missing,missing,MTC
868,0.0,0.0,-0.392062,-0.476933,-0.604622,-0.714536,-0.814269,-0.879722,-0.907468,100Mt-noCostDecrease,100Mt-noCostDecrease,South Africa,regional biomassOil,missing,missing,missing,missing,missing,missing,missing,missing,missing,MTC
869,0.0,0.0,-0.0965772,-0.134499,-0.217048,-0.307896,-0.40753,-0.514287,-0.644629,100Mt-noCostDecrease,100Mt-noCostDecrease,South Africa,regional corn for ethanol,missing,missing,missing,missing,missing,missing,missing,missing,missing,MTC
870,2.92285866,5.070662,4.751772,4.336581,4.173865,4.289989,4.349334,4.165602,3.877773,100Mt-noCostDecrease,100Mt-noCostDecrease,South Africa,resid others,missing,missing,missing,missing,missing,missing,missing,missing,missing,MTC
871,0.342088,0.782436,0.961363,1.04086,1.18426,1.32126,1.44594,1.55733,1.65678,100Mt-noCostDecrease,100Mt-noCostDecrease,South Africa,trn_aviation_intl,missing,missing,missing,missing,missing,missing,missing,missing,missing,MTC
872,0.0942601,0.057496,0.07895492,0.0860161199999999,0.09749089,0.10723703,0.1163673,0.12757116,0.1387692,100Mt-noCostDecrease,100Mt-noCostDecrease,South Africa,trn_freight,missing,missing,missing,missing,missing,missing,missing,missing,missing,MTC
873,3.901409,5.531509,7.48854063,7.78644664,8.2153181,8.348305402,8.718796209999999,9.046373330000002,9.404582700000002,100Mt-noCostDecrease,100Mt-noCostDecrease,South Africa,trn_freight_road,missing,missing,missing,missing,missing,missing,missing,missing,missing,MTC
874,0.279366,0.63505558,0.86258653,0.99090116,1.22508373,1.4774085,1.69324054,1.89478717,2.08768932,100Mt-noCostDecrease,100Mt-noCostDecrease,South Africa,trn_pass,missing,missing,missing,missing,missing,missing,missing,missing,missing,MTC
875,0.900726,1.27707,2.0280228,2.0798985,1.6155974000000002,1.4362089,1.3855928999999998,1.3773755000000003,1.3849939,100Mt-noCostDecrease,100Mt-noCostDecrease,South Africa,trn_pass_road,missing,missing,missing,missing,missing,missing,missing,missing,missing,MTC
876,0.112385,0.159342,0.1071671999999999,0.06793218,0.06462657,0.0556554499999999,0.04707572,0.03963423,0.0349335,100Mt-noCostDecrease,100Mt-noCostDecrease,South Africa,trn_pass_road_LDV,missing,missing,missing,missing,missing,missing,missing,missing,missing,MTC
877,2.8566700000000003,4.050249999999999,3.67599,3.204858508,3.296211028,3.1782605501000005,3.0256946512000007,3.185443613799998,3.303455597000001,100Mt-noCostDecrease,100Mt-noCostDecrease,South Africa,trn_pass_road_LDV_4W,missing,missing,missing,missing,missing,missing,missing,missing,missing,MTC
878,2.59007,2.51164,3.00967,3.12866,3.3279,3.52395,3.68387,3.81955,3.94153,100Mt-noCostDecrease,100Mt-noCostDecrease,South Africa,trn_shipping_intl,missing,missing,missing,missing,missing,missing,missing,missing,missing,MTC
879,0.0,0.0,0.003256869,0.006231381,0.009294114,0.01290684,0.0165104,0.02093579,0.0263223499999999,100Mt-noCostDecrease,100Mt-noCostDecrease,South America_Northern,H2 central production,missing,missing,missing,missing,missing,missing,missing,missing,missing,MTC
880,0.0,0.0,0.00169286,0.00317106,0.0048678,0.00686088,0.00884214,0.0114975,0.0148,100Mt-noCostDecrease,100Mt-noCostDecrease,South America_Northern,H2 forecourt production,missing,missing,missing,missing,missing,missing,missing,missing,missing,MTC
881,0.207794,0.377977,0.260519,0.2645935,0.2672078,0.2646553,0.2590588,0.2576059,0.2594166,100Mt-noCostDecrease,100Mt-noCostDecrease,South America_Northern,N fertilizer,missing,missing,missing,missing,missing,missing,missing,missing,missing,MTC
882,0.0,0.0,0.00720959,0.0442246,0.0800917,0.117222,0.142793,0.17722,0.215323,100Mt-noCostDecrease,100Mt-noCostDecrease,South America_Northern,backup_electricity,missing,missing,missing,missing,missing,missing,missing,missing,missing,MTC
883,0.0,0.0,0.00941601,0.0110126,0.0102314,0.0108143,0.0158774,0.0172945,0.0157098,100Mt-noCostDecrease,100Mt-noCostDecrease,South America_Northern,biogas processing,missing,missing,missing,missing,missing,missing,missing,missing,missing,MTC
884,0.0,0.0,0.0624859459999999,0.2003896319999999,0.251270423,0.2776350623,0.3019162767999999,0.3043532561999999,0.2936055532,100Mt-noCostDecrease,100Mt-noCostDecrease,South America_Northern,biorefining,missing,missing,missing,missing,missing,missing,missing,missing,missing,MTC
885,0.718,0.806,0.449779,0.438577,0.525753,0.611751,0.697803,0.779586,0.854018,100Mt-noCostDecrease,100Mt-noCostDecrease,South America_Northern,cement,missing,missing,missing,missing,missing,missing,missing,missing,missing,MTC
886,0.100033,0.0886336,0.0364422,0.0286028,0.0256467,0.0231083,0.0210111,0.0199858,0.018934,100Mt-noCostDecrease,100Mt-noCostDecrease,South America_Northern,comm cooling,missing,missing,missing,missing,missing,missing,missing,missing,missing,MTC
887,0.001291989,0.0011128813,0.0005159971,0.0004213655,0.0003660399,0.0003348398,0.00029890470000000003,0.000266475,0.0002422979,100Mt-noCostDecrease,100Mt-noCostDecrease,South America_Northern,comm heating,missing,missing,missing,missing,missing,missing,missing,missing,missing,MTC
888,0.519945981,0.2116016889999999,0.162492017,0.139635337,0.1302988487,0.1294574765,0.124725798,0.123358092,0.1232068223,100Mt-noCostDecrease,100Mt-noCostDecrease,South America_Northern,comm others,missing,missing,missing,missing,missing,missing,missing,missing,missing,MTC
889,0.0023484179999999,0.002309349,0.001471956,0.0013708029999999,0.001429433,0.001497979,0.001604535,0.00175128,0.001909135,100Mt-noCostDecrease,100Mt-noCostDecrease,South America_Northern,desalinated water,missing,missing,missing,missing,missing,missing,missing,missing,missing,MTC
890,0.0,0.0,0.0,0.0,0.0,0.0,0.004809574,0.0120180192,0.0168351626,100Mt-noCostDecrease,100Mt-noCostDecrease,South America_Northern,elec_biomass (IGCC),missing,missing,missing,missing,missing,missing,missing,missing,missing,MTC
891,0.009287046,0.0139588069999999,0.002539542,0.0017806903999999,0.0010164822,0.0006363702999999999,0.0172398959,0.03248478874,0.0342385426599999,100Mt-noCostDecrease,100Mt-noCostDecrease,South America_Northern,elec_biomass (conv),missing,missing,missing,missing,missing,missing,missing,missing,missing,MTC
892,0.0,0.0,0.0,0.0,0.0,0.0,0.0018012513,0.0050270076,0.0087373967999999,100Mt-noCostDecrease,100Mt-noCostDecrease,South America_Northern,elec_coal (IGCC),missing,missing,missing,missing,missing,missing,missing,missing,missing,MTC
893,0.0,0.0,0.0,0.0,0.0,0.0,0.0047914594,0.0128744436,0.0217933979,100Mt-noCostDecrease,100Mt-noCostDecrease,South America_Northern,elec_coal (conv pul),missing,missing,missing,missing,missing,missing,missing,missing,missing,MTC
894,0.0,0.0,0.0,0.0,0.0,0.0,0.463817027,1.3270788532100004,2.27191968188,100Mt-noCostDecrease,100Mt-noCostDecrease,South America_Northern,elec_gas (CC),missing,missing,missing,missing,missing,missing,missing,missing,missing,MTC
895,2.679631,2.498373,1.8863579,1.6925695,2.0231195,2.1494197999999995,1.992296181,1.6737781428979996,1.389158058059,100Mt-noCostDecrease,100Mt-noCostDecrease,South America_Northern,elec_gas (steam/CT),missing,missing,missing,missing,missing,missing,missing,missing,missing,MTC
896,0.0,0.0,0.0,0.0,0.0,0.0,0.5553450999999999,1.01304633,1.13270866,100Mt-noCostDecrease,100Mt-noCostDecrease,South America_Northern,elec_refined liquids (CC),missing,missing,missing,missing,missing,missing,missing,missing,missing,MTC
897,1.9599259,3.875013,1.8072291,1.5281259,1.4039828,1.2579032,0.91864714,0.6405571499999999,0.4504681399999999,100Mt-noCostDecrease,100Mt-noCostDecrease,South America_Northern,elec_refined liquids (steam/CT),missing,missing,missing,missing,missing,missing,missing,missing,missing,MTC
898,0.000716459,0.000171876,0.0,0.0,0.0,0.0,0.0,0.0,0.0,100Mt-noCostDecrease,100Mt-noCostDecrease,South America_Northern,gas pipeline,missing,missing,missing,missing,missing,missing,missing,missing,missing,MTC
899,0.0,0.0,0.000291814,0.00102286,0.00132435,0.00202895,0.00265895,0.00321806,0.00417136,100Mt-noCostDecrease,100Mt-noCostDecrease,South America_Northern,gas processing,missing,missing,missing,missing,missing,missing,missing,missing,missing,MTC
900,8.828675,11.929268,3.53379281,3.18640844,3.28893223,3.42467023,3.43733308,3.54212609,3.67140023,100Mt-noCostDecrease,100Mt-noCostDecrease,South America_Northern,industrial energy use,missing,missing,missing,missing,missing,missing,missing,missing,missing,MTC
901,0.4387393,0.4432027,0.2886672,0.2800243,0.32597,0.3717743,0.4150192,0.4520177,0.4838782,100Mt-noCostDecrease,100Mt-noCostDecrease,South America_Northern,process heat cement,missing,missing,missing,missing,missing,missing,missing,missing,missing,MTC
902,3.3785,4.38479,1.2428,1.15332,1.15659,1.0945,1.13667,1.22646,1.2725727999999998,100Mt-noCostDecrease,100Mt-noCostDecrease,South America_Northern,refining,missing,missing,missing,missing,missing,missing,missing,missing,missing,MTC
903,-0.423865,-0.578476,-0.346723,-0.575629,-0.657726,-0.705817,-0.772651,-0.783831,-0.751154,100Mt-noCostDecrease,100Mt-noCostDecrease,South America_Northern,regional biomass,missing,missing,missing,missing,missing,missing,missing,missing,missing,MTC
904,0.0,0.0,-0.0123874,-0.0197135,-0.022308,-0.0235367,-0.0244024,-0.0233218,-0.0200878,100Mt-noCostDecrease,100Mt-noCostDecrease,South America_Northern,regional biomassOil,missing,missing,missing,missing,missing,missing,missing,missing,missing,MTC
905,0.0,0.0,-0.000279203,-0.000530618,-0.000596292,-0.000645227,-0.000742653,-0.000790314,-0.000945855,100Mt-noCostDecrease,100Mt-noCostDecrease,South America_Northern,regional sugar for ethanol,missing,missing,missing,missing,missing,missing,missing,missing,missing,MTC
906,0.0036740154,0.004562544,0.0007901307,0.0006524189,0.0006633596,0.0007014097,0.0007195242000000001,0.0007609823999999999,0.0008072185,100Mt-noCostDecrease,100Mt-noCostDecrease,South America_Northern,resid heating,missing,missing,missing,missing,missing,missing,missing,missing,missing,MTC
907,1.28372556,1.88634312,0.496154812,0.426441606,0.406652014,0.404988878,0.391371859,0.391512366,0.39330653,100Mt-noCostDecrease,100Mt-noCostDecrease,South America_Northern,resid others,missing,missing,missing,missing,missing,missing,missing,missing,missing,MTC
908,0.268892,0.46693,0.212302,0.206373,0.236093,0.268169,0.299434,0.331495,0.364142,100Mt-noCostDecrease,100Mt-noCostDecrease,South America_Northern,trn_aviation_intl,missing,missing,missing,missing,missing,missing,missing,missing,missing,MTC
909,0.053422856,0.08176977,0.043550143,0.041905399,0.04651829,0.05080648,0.05510377,0.06067463,0.06646544,100Mt-noCostDecrease,100Mt-noCostDecrease,South America_Northern,trn_freight,missing,missing,missing,missing,missing,missing,missing,missing,missing,MTC
910,3.783205,5.69908,3.216625,3.201374415,3.224149209,3.086038893,3.342997215,3.55822232,3.74958099,100Mt-noCostDecrease,100Mt-noCostDecrease,South America_Northern,trn_freight_road,missing,missing,missing,missing,missing,missing,missing,missing,missing,MTC
911,0.12855788,0.2225969599999999,0.07787887,0.0765632099999999,0.09491938,0.1167729,0.13703451,0.15910201,0.18317199,100Mt-noCostDecrease,100Mt-noCostDecrease,South America_Northern,trn_pass,missing,missing,missing,missing,missing,missing,missing,missing,missing,MTC
912,0.631307,0.95940589,1.39248799,1.468458668,1.2316474,1.1797074000000003,1.2385654,1.3291031,1.4221961,100Mt-noCostDecrease,100Mt-noCostDecrease,South America_Northern,trn_pass_road,missing,missing,missing,missing,missing,missing,missing,missing,missing,MTC
913,0.23121,0.348298,0.0973053,0.0553235,0.0499398,0.0414191,0.0316274,0.0247769,0.0195541,100Mt-noCostDecrease,100Mt-noCostDecrease,South America_Northern,trn_pass_road_LDV,missing,missing,missing,missing,missing,missing,missing,missing,missing,MTC
914,3.399775,5.176672709999999,1.764914089,1.405770928,1.685812924,1.2050279881,0.8484979963,0.9358785409,1.0245373474,100Mt-noCostDecrease,100Mt-noCostDecrease,South America_Northern,trn_pass_road_LDV_4W,missing,missing,missing,missing,missing,missing,missing,missing,missing,MTC
915,0.664646,0.576791,0.911949,0.903856,0.963673,1.02802,1.08634,1.14313,1.19945,100Mt-noCostDecrease,100Mt-noCostDecrease,South America_Northern,trn_shipping_intl,missing,missing,missing,missing,missing,missing,missing,missing,missing,MTC
916,0.0,0.0,0.2410906,0.518867,0.8496149,1.243065,1.7114740000000002,2.232399,2.804725,100Mt-noCostDecrease,100Mt-noCostDecrease,South America_Southern,H2 central production,missing,missing,missing,missing,missing,missing,missing,missing,missing,MTC
917,0.0,0.0,0.107211,0.225139,0.370121,0.539064,0.728075,0.941911,1.16305,100Mt-noCostDecrease,100Mt-noCostDecrease,South America_Southern,H2 forecourt production,missing,missing,missing,missing,missing,missing,missing,missing,missing,MTC
918,0.0848539,0.0845574,0.1344647,0.1851045,0.2446422,0.3003547,0.3435289,0.3965105,0.44999912,100Mt-noCostDecrease,100Mt-noCostDecrease,South America_Southern,N fertilizer,missing,missing,missing,missing,missing,missing,missing,missing,missing,MTC
919,0.0,0.0,0.0168128,0.0793271,0.234263,0.421873,0.615702,0.796833,0.958348,100Mt-noCostDecrease,100Mt-noCostDecrease,South America_Southern,backup_electricity,missing,missing,missing,missing,missing,missing,missing,missing,missing,MTC
920,0.0,0.0,0.000134789,0.000152819,0.000193496,0.00020208,0.000227971,0.000254695,0.00025127,100Mt-noCostDecrease,100Mt-noCostDecrease,South America_Southern,biogas pipeline,missing,missing,missing,missing,missing,missing,missing,missing,missing,MTC
921,0.0,0.0,0.0516974,0.0580268,0.072731,0.0751831,0.0839421,0.092806,0.0905951,100Mt-noCostDecrease,100Mt-noCostDecrease,South America_Southern,biogas processing,missing,missing,missing,missing,missing,missing,missing,missing,missing,MTC
922,0.0,0.0,0.7840236,1.449616,2.6592544,3.7937366,4.9546568,6.0294,7.1129025,100Mt-noCostDecrease,100Mt-noCostDecrease,South America_Southern,biorefining,missing,missing,missing,missing,missing,missing,missing,missing,missing,MTC
923,1.08,2.096,2.8008,3.1524,3.53402,3.86667,4.16001,4.41432,4.62978,100Mt-noCostDecrease,100Mt-noCostDecrease,South America_Southern,cement,missing,missing,missing,missing,missing,missing,missing,missing,missing,MTC
924,0.000898838,0.0033001,0.00875397,0.00766311,0.0070554,0.00652732,0.00597289,0.00541933,0.00483253,100Mt-noCostDecrease,100Mt-noCostDecrease,South America_Southern,comm cooling,missing,missing,missing,missing,missing,missing,missing,missing,missing,MTC
925,0.4730125,0.7279686,1.2160742,1.2316379,1.2608662,1.3076342,1.3153313999999998,1.2841609,1.2545492,100Mt-noCostDecrease,100Mt-noCostDecrease,South America_Southern,comm heating,missing,missing,missing,missing,missing,missing,missing,missing,missing,MTC
926,0.15540534,0.35996667,0.53451578,0.50150993,0.4787329899999999,0.47764979,0.46022618,0.43143687,0.41117357,100Mt-noCostDecrease,100Mt-noCostDecrease,South America_Southern,comm others,missing,missing,missing,missing,missing,missing,missing,missing,missing,MTC
927,0.0063378639999999,0.01981493,0.0733301,0.09474,0.1158895,0.1348697,0.150836,0.1644049,0.1784657,100Mt-noCostDecrease,100Mt-noCostDecrease,South America_Southern,desalinated water,missing,missing,missing,missing,missing,missing,missing,missing,missing,MTC
928,0.0,0.0,0.0,0.18914357,0.4110657199999999,0.5864137799999999,0.7496570300000002,0.88241813,0.91971528,100Mt-noCostDecrease,100Mt-noCostDecrease,South America_Southern,elec_biomass (IGCC),missing,missing,missing,missing,missing,missing,missing,missing,missing,MTC
929,0.10782879,0.4399251,1.53580061,2.182830807,2.856170965,3.190106932000001,3.3745509080000007,3.0647587161,2.4206871978999995,100Mt-noCostDecrease,100Mt-noCostDecrease,South America_Southern,elec_biomass (conv),missing,missing,missing,missing,missing,missing,missing,missing,missing,MTC
930,0.0,0.0,0.0,0.6372072799999999,1.44576598,2.1535972400000003,2.86766646,3.7099829299999993,4.520635490000001,100Mt-noCostDecrease,100Mt-noCostDecrease,South America_Southern,elec_coal (IGCC),missing,missing,missing,missing,missing,missing,missing,missing,missing,MTC
931,1.9175399,2.2223747,10.4735678,12.1860923,14.0646587,15.3230384,16.321087100000003,17.4262799,18.37805558000001,100Mt-noCostDecrease,100Mt-noCostDecrease,South America_Southern,elec_coal (conv pul),missing,missing,missing,missing,missing,missing,missing,missing,missing,MTC
932,0.03122283,1.2900128,2.346990514,3.2846802749,4.727104884799999,6.108084620699999,7.569690571800002,9.4022401124,11.120179128599997,100Mt-noCostDecrease,100Mt-noCostDecrease,South America_Southern,elec_gas (CC),missing,missing,missing,missing,missing,missing,missing,missing,missing,MTC
933,0.17859968,1.5151986,4.1894181,4.77283640604,5.328095451620001,5.442753821179997,5.298801677580003,5.085095238789999,4.7536335941000045,100Mt-noCostDecrease,100Mt-noCostDecrease,South America_Southern,elec_gas (steam/CT),missing,missing,missing,missing,missing,missing,missing,missing,missing,MTC
934,0.0,0.0,0.5532909,0.97007857,1.7740980700000002,2.3611434700000005,2.88857172,3.475703630000001,3.79179134,100Mt-noCostDecrease,100Mt-noCostDecrease,South America_Southern,elec_refined liquids (CC),missing,missing,missing,missing,missing,missing,missing,missing,missing,MTC
935,1.4521749,2.511041,2.6512158,2.7497671,2.9196257,2.9206961,2.743174609999999,2.4624615600000004,2.3020212499999992,100Mt-noCostDecrease,100Mt-noCostDecrease,South America_Southern,elec_refined liquids (steam/CT),missing,missing,missing,missing,missing,missing,missing,missing,missing,MTC
936,0.00178318,0.00951019,0.0360759,0.0425922,0.0516946,0.0596074,0.0666473,0.0752621,0.0830177,100Mt-noCostDecrease,100Mt-noCostDecrease,South America_Southern,gas pipeline,missing,missing,missing,missing,missing,missing,missing,missing,missing,MTC
937,0.0125751,0.0,0.00199441,0.00693143,0.0142164,0.0274032,0.0523993,0.0895873,0.150378,100Mt-noCostDecrease,100Mt-noCostDecrease,South America_Southern,gas processing,missing,missing,missing,missing,missing,missing,missing,missing,missing,MTC
938,7.015594,10.923258,17.5289592,17.62154671,17.805032630000003,18.25038907,18.51335864,17.89365635,17.13615961,100Mt-noCostDecrease,100Mt-noCostDecrease,South America_Southern,industrial energy use,missing,missing,missing,missing,missing,missing,missing,missing,missing,MTC
939,0.39228687,1.29596387,0.0694877999999999,0.0990216199999999,0.1378111199999999,0.17677077,0.2203857,0.2703149,0.3155507,100Mt-noCostDecrease,100Mt-noCostDecrease,South America_Southern,industrial feedstocks,missing,missing,missing,missing,missing,missing,missing,missing,missing,MTC
940,0.6446635000000001,1.1604839999999998,1.845417,2.05627,2.264998,2.443928,2.6013590000000004,2.722883,2.817418,100Mt-noCostDecrease,100Mt-noCostDecrease,South America_Southern,process heat cement,missing,missing,missing,missing,missing,missing,missing,missing,missing,MTC
941,1.31112517,1.93904226,1.8181736,1.96657632,2.03256667,2.18128144,2.5414680300000003,3.2397065300000003,4.098172209999998,100Mt-noCostDecrease,100Mt-noCostDecrease,South America_Southern,refining,missing,missing,missing,missing,missing,missing,missing,missing,missing,MTC
942,-3.51528,-4.45183,-12.3886,-13.866,-16.3875,-18.626,-20.783,-21.5975,-21.9605,100Mt-noCostDecrease,100Mt-noCostDecrease,South America_Southern,regional biomass,missing,missing,missing,missing,missing,missing,missing,missing,missing,MTC
943,0.0,0.0,-0.759127,-0.953796,-1.2684,-1.53221,-1.78396,-1.9826,-2.14239,100Mt-noCostDecrease,100Mt-noCostDecrease,South America_Southern,regional biomassOil,missing,missing,missing,missing,missing,missing,missing,missing,missing,MTC
944,-0.0123061,-0.0147675,-1.24531,-1.5231,-1.95949,-2.29513,-2.57989,-2.74462,-2.74934,100Mt-noCostDecrease,100Mt-noCostDecrease,South America_Southern,regional corn for ethanol,missing,missing,missing,missing,missing,missing,missing,missing,missing,MTC
945,1.8780836,2.133339,2.598313,2.770171,2.976383,3.190065,3.313758,3.346856,3.3680792,100Mt-noCostDecrease,100Mt-noCostDecrease,South America_Southern,resid heating,missing,missing,missing,missing,missing,missing,missing,missing,missing,MTC
946,0.6316599,0.71055777,0.8235229,0.7684223,0.7364196000000001,0.7303777,0.7042600999999999,0.6608965,0.6234143999999999,100Mt-noCostDecrease,100Mt-noCostDecrease,South America_Southern,resid others,missing,missing,missing,missing,missing,missing,missing,missing,missing,MTC
947,0.434977,0.848325,1.6289,1.84649,2.10352,2.34825,2.57735,2.79287,3.00119,100Mt-noCostDecrease,100Mt-noCostDecrease,South America_Southern,trn_aviation_intl,missing,missing,missing,missing,missing,missing,missing,missing,missing,MTC
948,0.6922203,0.6728558,0.6595099999999999,0.7239059999999999,0.810061,0.891994,0.956013,1.03304,1.118732,100Mt-noCostDecrease,100Mt-noCostDecrease,South America_Southern,trn_freight,missing,missing,missing,missing,missing,missing,missing,missing,missing,MTC
949,3.3607249999999995,5.507072,10.16143715,11.09023096,11.76637087,12.05864483,12.72462694,13.32511946,14.0626931,100Mt-noCostDecrease,100Mt-noCostDecrease,South America_Southern,trn_freight_road,missing,missing,missing,missing,missing,missing,missing,missing,missing,MTC
950,0.20592128,0.40083283,0.83079294,1.01026494,1.2348656,1.4715573,1.6728167,1.8686687,2.0714996,100Mt-noCostDecrease,100Mt-noCostDecrease,South America_Southern,trn_pass,missing,missing,missing,missing,missing,missing,missing,missing,missing,MTC
951,0.561300012,0.9307613,2.3708923,2.6455808000000003,2.1962444,1.9566504,1.863545,1.8575084,1.8556462,100Mt-noCostDecrease,100Mt-noCostDecrease,South America_Southern,trn_pass_road,missing,missing,missing,missing,missing,missing,missing,missing,missing,MTC
952,0.205397,0.336571,0.413064,0.302566,0.241528,0.19083,0.144804,0.109707,0.0837045,100Mt-noCostDecrease,100Mt-noCostDecrease,South America_Southern,trn_pass_road_LDV,missing,missing,missing,missing,missing,missing,missing,missing,missing,MTC
953,3.023328233,5.0264347,8.550829799999999,7.965907400000001,6.8381033600000025,6.068584320000001,5.4493559000000005,5.503273780000001,5.644006179999998,100Mt-noCostDecrease,100Mt-noCostDecrease,South America_Southern,trn_pass_road_LDV_4W,missing,missing,missing,missing,missing,missing,missing,missing,missing,MTC
954,0.294088,0.820249,1.88305,1.99477,2.1218,2.24813,2.35282,2.44802,2.55041,100Mt-noCostDecrease,100Mt-noCostDecrease,South America_Southern,trn_shipping_intl,missing,missing,missing,missing,missing,missing,missing,missing,missing,MTC
955,0.0,0.0,0.006154199,0.01663584,0.03237345,0.0551287399999999,0.0880489699999999,0.1325561,0.1909277999999999,100Mt-noCostDecrease,100Mt-noCostDecrease,South Asia,H2 central production,missing,missing,missing,missing,missing,missing,missing,missing,missing,MTC
956,0.0,0.0,0.00251856,0.00633271,0.0122039,0.0207198,0.0325701,0.0487491,0.0694302,100Mt-noCostDecrease,100Mt-noCostDecrease,South Asia,H2 forecourt production,missing,missing,missing,missing,missing,missing,missing,missing,missing,MTC
957,0.468387,0.553608,0.3053239,0.3429071,0.3799015,0.4107419,0.4343972,0.4591758999999999,0.4826384999999999,100Mt-noCostDecrease,100Mt-noCostDecrease,South Asia,N fertilizer,missing,missing,missing,missing,missing,missing,missing,missing,missing,MTC
958,0.0,0.0,0.013028,0.0979157,0.286419,0.547811,0.871281,1.22249,1.57103,100Mt-noCostDecrease,100Mt-noCostDecrease,South Asia,backup_electricity,missing,missing,missing,missing,missing,missing,missing,missing,missing,MTC
959,0.0,0.0,0.00245169,0.00310445,0.00374301,0.00426024,0.00520672,0.00551791,0.00599014,100Mt-noCostDecrease,100Mt-noCostDecrease,South Asia,biogas pipeline,missing,missing,missing,missing,missing,missing,missing,missing,missing,MTC
960,0.0,0.0,0.134191,0.168222,0.200777,0.226192,0.273596,0.28693,0.30821,100Mt-noCostDecrease,100Mt-noCostDecrease,South Asia,biogas processing,missing,missing,missing,missing,missing,missing,missing,missing,missing,MTC
961,0.0,0.0,0.8365168399999999,1.96352978,3.34920683,4.81061808,6.37393194,7.8363368,9.159490670000002,100Mt-noCostDecrease,100Mt-noCostDecrease,South Asia,biorefining,missing,missing,missing,missing,missing,missing,missing,missing,missing,MTC
962,0.13,0.968,1.37118,1.91211,2.55796,3.29664,4.18861,5.25359,6.51995,100Mt-noCostDecrease,100Mt-noCostDecrease,South Asia,cement,missing,missing,missing,missing,missing,missing,missing,missing,missing,MTC
963,0.2489549,0.2128918,0.3167625,0.4185709999999999,0.5401009999999999,0.680068,0.839218,1.017789,1.215276,100Mt-noCostDecrease,100Mt-noCostDecrease,South Asia,comm heating,missing,missing,missing,missing,missing,missing,missing,missing,missing,MTC
964,0.3544713,0.4121258,0.6391186,0.6394183,0.646217,0.672944,0.7032550000000001,0.722171,0.738422,100Mt-noCostDecrease,100Mt-noCostDecrease,South Asia,comm others,missing,missing,missing,missing,missing,missing,missing,missing,missing,MTC
965,0.0002139201,0.000677264,0.000600449,0.00060794,0.0006486490000000001,0.0006993209999999999,0.000749785,0.000807416,0.0008632399999999999,100Mt-noCostDecrease,100Mt-noCostDecrease,South Asia,desalinated water,missing,missing,missing,missing,missing,missing,missing,missing,missing,MTC
966,0.0,0.0,0.0,0.04290388,0.100595215,0.1682248149999999,0.25770065,0.3374806479999999,0.409457413,100Mt-noCostDecrease,100Mt-noCostDecrease,South Asia,elec_biomass (IGCC),missing,missing,missing,missing,missing,missing,missing,missing,missing,MTC
967,0.004084749,0.003851093,0.1955952058999999,0.3649615856000001,0.5523653262999999,0.72246016927,0.91593928401,0.94351311478,0.88813662608,100Mt-noCostDecrease,100Mt-noCostDecrease,South Asia,elec_biomass (conv),missing,missing,missing,missing,missing,missing,missing,missing,missing,MTC
968,0.0,0.0,0.0,0.43374783,0.8762671900000001,1.3001638080000002,1.7632974259999998,2.217286251,2.722375947,100Mt-noCostDecrease,100Mt-noCostDecrease,South Asia,elec_coal (IGCC),missing,missing,missing,missing,missing,missing,missing,missing,missing,MTC
969,0.0,0.13132119,5.0391127,6.3197738600000015,7.433164110000001,8.32526966,9.186431156999998,9.922598136,10.738333524000002,100Mt-noCostDecrease,100Mt-noCostDecrease,South Asia,elec_coal (conv pul),missing,missing,missing,missing,missing,missing,missing,missing,missing,MTC
970,0.2242633399999999,0.8538607,1.18351113,2.7716446051,5.155023999500001,8.162195383,11.939623263699998,15.824501338099996,20.108322002900003,100Mt-noCostDecrease,100Mt-noCostDecrease,South Asia,elec_gas (CC),missing,missing,missing,missing,missing,missing,missing,missing,missing,MTC
971,0.7736934,2.473155,9.754906170000002,10.713064177499998,11.057218251399998,10.925773139820002,10.49994197592,9.917298708729996,9.254522369190004,100Mt-noCostDecrease,100Mt-noCostDecrease,South Asia,elec_gas (steam/CT),missing,missing,missing,missing,missing,missing,missing,missing,missing,MTC
972,0.0,0.0,0.4435928999999999,0.75008138,1.10764724,1.464424201,1.847346965,2.074524751,2.413453535,100Mt-noCostDecrease,100Mt-noCostDecrease,South Asia,elec_refined liquids (CC),missing,missing,missing,missing,missing,missing,missing,missing,missing,MTC
973,0.5031556,2.5489187,2.8661819,2.8205438000000003,2.54491532,2.3059473200000005,2.04025696,1.7998003299999998,1.636549519,100Mt-noCostDecrease,100Mt-noCostDecrease,South Asia,elec_refined liquids (steam/CT),missing,missing,missing,missing,missing,missing,missing,missing,missing,MTC
974,0.115313,0.172973,0.400885,0.496709,0.613636,0.744852,0.896778,1.06083,1.23789,100Mt-noCostDecrease,100Mt-noCostDecrease,South Asia,gas pipeline,missing,missing,missing,missing,missing,missing,missing,missing,missing,MTC
975,0.00209608,0.0349299,0.0057114,0.0275552,0.0614073,0.116521,0.220706,0.380412,0.635812,100Mt-noCostDecrease,100Mt-noCostDecrease,South Asia,gas processing,missing,missing,missing,missing,missing,missing,missing,missing,missing,MTC
976,1.833299,4.115429,12.40006888,16.0885446,19.6431429,23.579441400000004,28.0098506,32.2353483,36.2156925,100Mt-noCostDecrease,100Mt-noCostDecrease,South Asia,industrial energy use,missing,missing,missing,missing,missing,missing,missing,missing,missing,MTC
977,0.453838,0.923687,0.997558,1.58276,2.38067,3.37791,4.63207,6.13628,7.87765,100Mt-noCostDecrease,100Mt-noCostDecrease,South Asia,industrial feedstocks,missing,missing,missing,missing,missing,missing,missing,missing,missing,MTC
978,0.099359965,0.68356238,1.1394567000000002,1.5732585,2.0718258,2.6283200000000004,3.294017,4.0725984,4.9812358,100Mt-noCostDecrease,100Mt-noCostDecrease,South Asia,process heat cement,missing,missing,missing,missing,missing,missing,missing,missing,missing,MTC
979,0.202639,0.230482,0.2428991,0.4204159,0.57528289,0.79616455,1.16439192,1.7330726000000003,2.4557242999999995,100Mt-noCostDecrease,100Mt-noCostDecrease,South Asia,refining,missing,missing,missing,missing,missing,missing,missing,missing,missing,MTC
980,-1.04061,-2.25927,-5.4671,-8.49317,-11.9149,-15.4461,-19.2953,-22.245,-24.5916,100Mt-noCostDecrease,100Mt-noCostDecrease,South Asia,regional biomass,missing,missing,missing,missing,missing,missing,missing,missing,missing,MTC
981,0.0,0.0,-0.1223,-0.156153,-0.196102,-0.2368,-0.283248,-0.324897,-0.36435,100Mt-noCostDecrease,100Mt-noCostDecrease,South Asia,regional biomassOil,missing,missing,missing,missing,missing,missing,missing,missing,missing,MTC
982,0.0,0.0,-0.0382847,-0.0572808,-0.0918156,-0.141881,-0.213337,-0.310886,-0.455327,100Mt-noCostDecrease,100Mt-noCostDecrease,South Asia,regional corn for ethanol,missing,missing,missing,missing,missing,missing,missing,missing,missing,MTC
983,0.17451782,0.3045659,0.40306,0.551948,0.736104,0.94906,1.195421,1.476326,1.792805,100Mt-noCostDecrease,100Mt-noCostDecrease,South Asia,resid heating,missing,missing,missing,missing,missing,missing,missing,missing,missing,MTC
984,0.6272161,1.5035258699999998,2.75230496,3.20948303,3.81474524,4.48522352,5.18772638,5.92214289,6.63132306,100Mt-noCostDecrease,100Mt-noCostDecrease,South Asia,resid others,missing,missing,missing,missing,missing,missing,missing,missing,missing,MTC
985,0.2968,0.838193,1.16816,1.51821,1.90747,2.33714,2.80544,3.32301,3.88916,100Mt-noCostDecrease,100Mt-noCostDecrease,South Asia,trn_aviation_intl,missing,missing,missing,missing,missing,missing,missing,missing,missing,MTC
986,0.1151839799999999,0.3700729,0.6201432,0.7517837,0.888406,1.0371921,1.1797176,1.3490473,1.529966,100Mt-noCostDecrease,100Mt-noCostDecrease,South Asia,trn_freight,missing,missing,missing,missing,missing,missing,missing,missing,missing,MTC
987,0.5272415,1.325503,3.10661432,3.686372089999999,4.176095549,4.557605118000001,5.058849157000001,5.599864799999999,6.241791129999998,100Mt-noCostDecrease,100Mt-noCostDecrease,South Asia,trn_freight_road,missing,missing,missing,missing,missing,missing,missing,missing,missing,MTC
988,0.02685193,0.0732294,0.1330722,0.1836682,0.2439138,0.3162222,0.3939532,0.484629,0.590907,100Mt-noCostDecrease,100Mt-noCostDecrease,South Asia,trn_pass,missing,missing,missing,missing,missing,missing,missing,missing,missing,MTC
989,0.167295,0.4443635,1.590684,1.874485,1.779414,1.818773,1.922448,2.059463,2.193238,100Mt-noCostDecrease,100Mt-noCostDecrease,South Asia,trn_pass_road,missing,missing,missing,missing,missing,missing,missing,missing,missing,MTC
990,0.331491,0.8356806,1.3602345,1.1983314,1.2432446,1.1814616,1.069482,0.972679,0.87522,100Mt-noCostDecrease,100Mt-noCostDecrease,South Asia,trn_pass_road_LDV,missing,missing,missing,missing,missing,missing,missing,missing,missing,MTC
991,0.3231862,0.83397257,1.72824723,1.8601216700000005,2.0834147900000004,2.2567896900000006,2.44497065,2.8097739100000005,3.23015343,100Mt-noCostDecrease,100Mt-noCostDecrease,South Asia,trn_pass_road_LDV_4W,missing,missing,missing,missing,missing,missing,missing,missing,missing,MTC
992,0.295244,0.247483,1.35549,1.50561,1.65022,1.79828,1.93818,2.079,2.22053,100Mt-noCostDecrease,100Mt-noCostDecrease,South Asia,trn_shipping_intl,missing,missing,missing,missing,missing,missing,missing,missing,missing,MTC
993,0.0,0.0,0.3674721999999999,0.7648201,1.161872,1.595854,2.071984,2.554462,3.053439,100Mt-noCostDecrease,100Mt-noCostDecrease,South Korea,H2 central production,missing,missing,missing,missing,missing,missing,missing,missing,missing,MTC
994,0.0,0.0,0.153277,0.321159,0.496342,0.691112,0.902891,1.13077,1.34326,100Mt-noCostDecrease,100Mt-noCostDecrease,South Korea,H2 forecourt production,missing,missing,missing,missing,missing,missing,missing,missing,missing,MTC
995,0.5802934999999999,0.220551,0.0933078,0.09338246,0.0914457299999999,0.0871895199999999,0.08158275,0.07632164,0.07156278,100Mt-noCostDecrease,100Mt-noCostDecrease,South Korea,N fertilizer,missing,missing,missing,missing,missing,missing,missing,missing,missing,MTC
996,0.0,0.0,0.0242889,0.0518635,0.163704,0.325527,0.485523,0.613573,0.720873,100Mt-noCostDecrease,100Mt-noCostDecrease,South Korea,backup_electricity,missing,missing,missing,missing,missing,missing,missing,missing,missing,MTC
997,0.0,0.0,0.0813292,0.0814614,0.0834964,0.07865,0.0782506,0.0730145,0.0671687,100Mt-noCostDecrease,100Mt-noCostDecrease,South Korea,biogas processing,missing,missing,missing,missing,missing,missing,missing,missing,missing,MTC
998,0.0,0.0,1.1539114,2.4470803,4.4092329,5.9165629000000015,7.133710400000001,8.03080184,8.678553480000005,100Mt-noCostDecrease,100Mt-noCostDecrease,South Korea,biorefining,missing,missing,missing,missing,missing,missing,missing,missing,missing,MTC
999,4.57,6.989,5.82408,5.67973,5.53437,5.37236,5.18644,4.97858,4.75165,100Mt-noCostDecrease,100Mt-noCostDecrease,South Korea,cement,missing,missing,missing,missing,missing,missing,missing,missing,missing,MTC
1000,0.00606061,0.133285,0.138749,0.11243,0.0897457,0.0746849,0.0631224,0.0533081,0.044019,100Mt-noCostDecrease,100Mt-noCostDecrease,South Korea,comm cooling,missing,missing,missing,missing,missing,missing,missing,missing,missing,MTC
1001,3.1449873,3.979719,4.01381,3.994565,3.850021,3.7197900000000006,3.549554,3.306437,3.052754,100Mt-noCostDecrease,100Mt-noCostDecrease,South Korea,comm heating,missing,missing,missing,missing,missing,missing,missing,missing,missing,MTC
1002,3.6731917,3.8322008,2.616022,2.45699,2.1829844,2.0281476,1.8754998,1.7010678,1.5151142,100Mt-noCostDecrease,100Mt-noCostDecrease,South Korea,comm others,missing,missing,missing,missing,missing,missing,missing,missing,missing,MTC
1003,5.9721452e-05,0.0001202,0.0001719804,0.000230654,0.000260894,0.00028787599999999995,0.000305911,0.000319547,0.000322987,100Mt-noCostDecrease,100Mt-noCostDecrease,South Korea,desalinated water,missing,missing,missing,missing,missing,missing,missing,missing,missing,MTC
1004,0.0,0.0,0.0,0.029104486,0.0674121299999999,0.096544419,0.123878905,0.145720125,0.153001527,100Mt-noCostDecrease,100Mt-noCostDecrease,South Korea,elec_biomass (IGCC),missing,missing,missing,missing,missing,missing,missing,missing,missing,MTC
1005,0.0,0.0096280575,0.64072922,0.68964972,0.7298701000000001,0.7106397600000001,0.6778698150000001,0.5683405570000001,0.427777545,100Mt-noCostDecrease,100Mt-noCostDecrease,South Korea,elec_biomass (conv),missing,missing,missing,missing,missing,missing,missing,missing,missing,MTC
1006,0.0,0.0,0.0,1.4085658,2.9179617,3.9628687,4.797851800000001,5.6209726,6.3180232,100Mt-noCostDecrease,100Mt-noCostDecrease,South Korea,elec_coal (IGCC),missing,missing,missing,missing,missing,missing,missing,missing,missing,MTC
1007,4.484413099999999,37.065909000000005,61.536014,63.5762197,64.3759597,62.29809870000001,58.28533899999999,53.3464803,48.0411661,100Mt-noCostDecrease,100Mt-noCostDecrease,South Korea,elec_coal (conv pul),missing,missing,missing,missing,missing,missing,missing,missing,missing,MTC
1008,0.8514367,5.7574689,11.11382395,11.6942431125,12.1471004005,11.908675026399996,11.3580459369,10.860985531200004,10.382148203999996,100Mt-noCostDecrease,100Mt-noCostDecrease,South Korea,elec_gas (CC),missing,missing,missing,missing,missing,missing,missing,missing,missing,MTC
1009,0.35942035,0.4447912599999999,0.1291361392999999,0.1301659446435,0.1292217986282,0.1230919443364,0.1158008471556,0.1113546443382,0.1070538894164999,100Mt-noCostDecrease,100Mt-noCostDecrease,South Korea,elec_gas (steam/CT),missing,missing,missing,missing,missing,missing,missing,missing,missing,MTC
1010,0.0,0.0,0.10972024,0.160781134,0.269869999,0.318920707,0.369820873,0.4433487519999999,0.487904751,100Mt-noCostDecrease,100Mt-noCostDecrease,South Korea,elec_refined liquids (CC),missing,missing,missing,missing,missing,missing,missing,missing,missing,MTC
1011,3.7011996,4.1294676,1.28350918,1.15572716,1.01169487,0.91116745,0.8040336999999999,0.6887897049999999,0.596604365,100Mt-noCostDecrease,100Mt-noCostDecrease,South Korea,elec_refined liquids (steam/CT),missing,missing,missing,missing,missing,missing,missing,missing,missing,MTC
1012,0.0125755,0.056588,0.00666601,0.0168954,0.0272478,0.0414218,0.0621209,0.0843991,0.125563,100Mt-noCostDecrease,100Mt-noCostDecrease,South Korea,gas processing,missing,missing,missing,missing,missing,missing,missing,missing,missing,MTC
1013,22.252071,32.392189,43.12814552,40.72944960000001,37.08616483,35.826461419999994,35.271724799999994,34.10866708,32.812034409999995,100Mt-noCostDecrease,100Mt-noCostDecrease,South Korea,industrial energy use,missing,missing,missing,missing,missing,missing,missing,missing,missing,MTC
1014,0.0,0.0,0.588419,0.576016,0.551331,0.527247,0.510909,0.492447,0.47009,100Mt-noCostDecrease,100Mt-noCostDecrease,South Korea,industrial feedstocks,missing,missing,missing,missing,missing,missing,missing,missing,missing,MTC
1015,3.6622048,4.7155262,4.9496327,4.7534048,4.5533185000000005,4.343525,4.129776000000001,3.9055695,3.6711359,100Mt-noCostDecrease,100Mt-noCostDecrease,South Korea,process heat cement,missing,missing,missing,missing,missing,missing,missing,missing,missing,MTC
1016,0.552146,4.1093159770000005,8.076413,7.980461517,7.513128272999999,7.105854932000001,6.705801033999999,6.529533033000001,6.578141800000001,100Mt-noCostDecrease,100Mt-noCostDecrease,South Korea,refining,missing,missing,missing,missing,missing,missing,missing,missing,missing,MTC
1017,-0.708772,-2.08036,-7.31934,-9.28462,-12.2098,-14.436,-16.1944,-17.0991,-17.5901,100Mt-noCostDecrease,100Mt-noCostDecrease,South Korea,regional biomass,missing,missing,missing,missing,missing,missing,missing,missing,missing,MTC
1018,0.0,-0.00930427,-0.958645,-1.16946,-1.43563,-1.60943,-1.7233,-1.72268,-1.5615,100Mt-noCostDecrease,100Mt-noCostDecrease,South Korea,regional biomassOil,missing,missing,missing,missing,missing,missing,missing,missing,missing,MTC
1019,0.0,0.0,-0.235534,-0.344468,-0.568973,-0.77441,-0.973755,-1.16621,-1.40054,100Mt-noCostDecrease,100Mt-noCostDecrease,South Korea,regional corn for ethanol,missing,missing,missing,missing,missing,missing,missing,missing,missing,MTC
1020,4.609191000000001,5.4890521,5.646473,5.949646,6.049317,6.062878,5.958957999999999,5.7483258,5.4741358,100Mt-noCostDecrease,100Mt-noCostDecrease,South Korea,resid heating,missing,missing,missing,missing,missing,missing,missing,missing,missing,MTC
1021,7.487928699999999,3.4909077,3.4873913,3.6583978,3.6356645,3.641786,3.6111269,3.5154191000000004,3.31994273,100Mt-noCostDecrease,100Mt-noCostDecrease,South Korea,resid others,missing,missing,missing,missing,missing,missing,missing,missing,missing,MTC
1022,0.153014,0.255601,0.420781,0.454505,0.48061,0.496408,0.504441,0.50482,0.498817,100Mt-noCostDecrease,100Mt-noCostDecrease,South Korea,trn_aviation_intl,missing,missing,missing,missing,missing,missing,missing,missing,missing,MTC
1023,1.3795133,0.7939514999999999,0.2917306,0.31903,0.345837,0.36805,0.379625,0.390631,0.398129,100Mt-noCostDecrease,100Mt-noCostDecrease,South Korea,trn_freight,missing,missing,missing,missing,missing,missing,missing,missing,missing,MTC
1024,2.56769,6.23708,8.07526,8.744925400000001,9.0306929,8.9507293,9.065638,9.088998,9.130248,100Mt-noCostDecrease,100Mt-noCostDecrease,South Korea,trn_freight_road,missing,missing,missing,missing,missing,missing,missing,missing,missing,MTC
1025,1.7187228,2.916079,4.981174,5.486593,5.880186999999999,6.134824,6.201226999999999,6.166402,6.054315,100Mt-noCostDecrease,100Mt-noCostDecrease,South Korea,trn_pass,missing,missing,missing,missing,missing,missing,missing,missing,missing,MTC
1026,1.66828,4.242344,7.12851,7.537410000000001,5.921119,5.129606,4.7629090000000005,4.53832,4.349034,100Mt-noCostDecrease,100Mt-noCostDecrease,South Korea,trn_pass_road,missing,missing,missing,missing,missing,missing,missing,missing,missing,MTC
1027,0.133255,0.323685,0.259359,0.198853,0.189854,0.169037,0.147311,0.129858,0.114629,100Mt-noCostDecrease,100Mt-noCostDecrease,South Korea,trn_pass_road_LDV,missing,missing,missing,missing,missing,missing,missing,missing,missing,MTC
1028,4.49544,10.92218563,10.263456128,8.680509534,7.238431494000001,6.061294511999999,5.017376735,4.84607507,4.6307912600000005,100Mt-noCostDecrease,100Mt-noCostDecrease,South Korea,trn_pass_road_LDV_4W,missing,missing,missing,missing,missing,missing,missing,missing,missing,MTC
1029,1.29427,8.15943,6.99139,7.36816,7.69797,7.98772,8.16185,8.27091,8.33942,100Mt-noCostDecrease,100Mt-noCostDecrease,South Korea,trn_shipping_intl,missing,missing,missing,missing,missing,missing,missing,missing,missing,MTC
1030,0.0,0.0,0.04015866,0.0984071,0.1725809999999999,0.2681991,0.3898204,0.540192,0.7186611,100Mt-noCostDecrease,100Mt-noCostDecrease,Southeast Asia,H2 central production,missing,missing,missing,missing,missing,missing,missing,missing,missing,MTC
1031,0.0,0.0,0.0163235,0.0385048,0.0685,0.106779,0.153668,0.212027,0.278319,100Mt-noCostDecrease,100Mt-noCostDecrease,Southeast Asia,H2 forecourt production,missing,missing,missing,missing,missing,missing,missing,missing,missing,MTC
1032,1.43074132,1.0195556,2.1650788,2.4351682,2.6948943,2.9175407,3.09271012,3.28817596,3.48009364,100Mt-noCostDecrease,100Mt-noCostDecrease,Southeast Asia,N fertilizer,missing,missing,missing,missing,missing,missing,missing,missing,missing,MTC
1033,0.0,0.0,0.0418117,0.198108,0.683601,1.34318,2.10485,2.93473,3.73585,100Mt-noCostDecrease,100Mt-noCostDecrease,Southeast Asia,backup_electricity,missing,missing,missing,missing,missing,missing,missing,missing,missing,MTC
1034,0.0,0.0,0.00765727,0.00857872,0.0102482,0.0112053,0.01276,0.013738,0.0140718,100Mt-noCostDecrease,100Mt-noCostDecrease,Southeast Asia,biogas pipeline,missing,missing,missing,missing,missing,missing,missing,missing,missing,MTC
1035,0.0,0.0,0.36566,0.40557,0.479607,0.519052,0.58498,0.623263,0.631691,100Mt-noCostDecrease,100Mt-noCostDecrease,Southeast Asia,biogas processing,missing,missing,missing,missing,missing,missing,missing,missing,missing,MTC
1036,0.0,0.0,2.880893,7.635089000000001,15.645321,23.790706000000004,32.073069000000004,39.4857008,46.4572915,100Mt-noCostDecrease,100Mt-noCostDecrease,Southeast Asia,biorefining,missing,missing,missing,missing,missing,missing,missing,missing,missing,MTC
1037,6.971,14.831,17.8729,19.9306,21.7672,23.361,24.7755,25.9904,26.9943,100Mt-noCostDecrease,100Mt-noCostDecrease,Southeast Asia,cement,missing,missing,missing,missing,missing,missing,missing,missing,missing,MTC
1038,3.796645,3.63103102,1.5121785290000005,1.590115951,1.5929918500000002,1.633211337,1.6901655599999998,1.72517954,1.73987539,100Mt-noCostDecrease,100Mt-noCostDecrease,Southeast Asia,comm heating,missing,missing,missing,missing,missing,missing,missing,missing,missing,MTC
1039,3.4070096,4.3785983,6.1033163,6.39818,6.338662,6.445807,6.367857,6.01998,5.612674,100Mt-noCostDecrease,100Mt-noCostDecrease,Southeast Asia,comm others,missing,missing,missing,missing,missing,missing,missing,missing,missing,MTC
1040,0.008548438,0.03637159,0.0575788,0.075936,0.0958092,0.1215725,0.1458259,0.1683277,0.1891031,100Mt-noCostDecrease,100Mt-noCostDecrease,Southeast Asia,desalinated water,missing,missing,missing,missing,missing,missing,missing,missing,missing,MTC
1041,0.0,0.0,0.0,0.38912208,0.79959391,1.16714581,1.5493997899999998,1.84766682,1.99316965,100Mt-noCostDecrease,100Mt-noCostDecrease,Southeast Asia,elec_biomass (IGCC),missing,missing,missing,missing,missing,missing,missing,missing,missing,MTC
1042,0.25767948,1.56445688,3.885201422,4.564628675,5.421088446,6.008365226999998,6.512977267800001,5.944522459,4.888268607200001,100Mt-noCostDecrease,100Mt-noCostDecrease,Southeast Asia,elec_biomass (conv),missing,missing,missing,missing,missing,missing,missing,missing,missing,MTC
1043,0.0,0.0,0.0,3.8725509,8.3415275,12.502564199999998,16.778922,21.494752,26.3491667,100Mt-noCostDecrease,100Mt-noCostDecrease,Southeast Asia,elec_coal (IGCC),missing,missing,missing,missing,missing,missing,missing,missing,missing,MTC
1044,9.672327,23.775956,76.47818099999999,86.884884,96.799968,103.576342,108.77362200000002,113.68968200000003,118.48784,100Mt-noCostDecrease,100Mt-noCostDecrease,Southeast Asia,elec_coal (conv pul),missing,missing,missing,missing,missing,missing,missing,missing,missing,MTC
1045,1.4401835439,15.149339,20.27259255,24.284588782000007,28.9843282881,32.81669155909999,36.437017882700005,40.54395976600001,44.90074026769999,100Mt-noCostDecrease,100Mt-noCostDecrease,Southeast Asia,elec_gas (CC),missing,missing,missing,missing,missing,missing,missing,missing,missing,MTC
1046,2.1761409659,11.7429113,24.62072686,26.2243798694,28.528748869,29.702242801299995,30.375590591000005,31.090130544300003,31.22669071108001,100Mt-noCostDecrease,100Mt-noCostDecrease,Southeast Asia,elec_gas (steam/CT),missing,missing,missing,missing,missing,missing,missing,missing,missing,MTC
1047,0.0,0.0,0.6001835999999999,0.87008098,1.4999210600000004,2.06802133,2.64103622,3.23191525,3.65359753,100Mt-noCostDecrease,100Mt-noCostDecrease,Southeast Asia,elec_refined liquids (CC),missing,missing,missing,missing,missing,missing,missing,missing,missing,MTC
1048,11.0286081,6.7762283,2.0746825300000005,2.1058089,2.25848946,2.36331207,2.36355406,2.2838151000000004,2.1955999200000003,100Mt-noCostDecrease,100Mt-noCostDecrease,Southeast Asia,elec_refined liquids (steam/CT),missing,missing,missing,missing,missing,missing,missing,missing,missing,MTC
1049,2.27657,0.781039,1.86762,2.098,2.40835,2.66481,2.89479,3.15653,3.39534,100Mt-noCostDecrease,100Mt-noCostDecrease,Southeast Asia,gas pipeline,missing,missing,missing,missing,missing,missing,missing,missing,missing,MTC
1050,0.0,0.000699252,0.0153313,0.0615494,0.115543,0.207067,0.364067,0.598026,0.959538,100Mt-noCostDecrease,100Mt-noCostDecrease,Southeast Asia,gas processing,missing,missing,missing,missing,missing,missing,missing,missing,missing,MTC
1051,49.14790000000001,66.9243725,97.47457193069998,113.07264544499998,124.7021280812,136.5374427661,147.4722325631,154.5010630096,159.04416063729997,100Mt-noCostDecrease,100Mt-noCostDecrease,Southeast Asia,industrial energy use,missing,missing,missing,missing,missing,missing,missing,missing,missing,MTC
1052,0.243425,0.647663,4.31609,4.85131,5.58263,6.13318,6.67983,7.20243,7.58935,100Mt-noCostDecrease,100Mt-noCostDecrease,Southeast Asia,industrial feedstocks,missing,missing,missing,missing,missing,missing,missing,missing,missing,MTC
1053,5.277255,10.652685000000002,14.880439,16.393531,17.595889,18.587671,19.446712,20.132495,20.632427,100Mt-noCostDecrease,100Mt-noCostDecrease,Southeast Asia,process heat cement,missing,missing,missing,missing,missing,missing,missing,missing,missing,MTC
1054,3.03445,8.512588000000001,7.4150819,8.8927401,9.9557571,11.4466703,13.854810900000002,17.665433600000004,22.2318335,100Mt-noCostDecrease,100Mt-noCostDecrease,Southeast Asia,refining,missing,missing,missing,missing,missing,missing,missing,missing,missing,MTC
1055,-22.0697,-25.3418,-50.5987,-64.9898,-82.7407,-100.172,-117.214,-127.161,-134.553,100Mt-noCostDecrease,100Mt-noCostDecrease,Southeast Asia,regional biomass,missing,missing,missing,missing,missing,missing,missing,missing,missing,MTC
1056,0.0,0.0,-4.28356,-5.75159,-7.97435,-10.2078,-12.4806,-14.5383,-16.4686,100Mt-noCostDecrease,100Mt-noCostDecrease,Southeast Asia,regional biomassOil,missing,missing,missing,missing,missing,missing,missing,missing,missing,MTC
1057,0.0,-0.028714,-2.16423,-2.82609,-3.84282,-4.67934,-5.41094,-5.91735,-6.13206,100Mt-noCostDecrease,100Mt-noCostDecrease,Southeast Asia,regional sugar for ethanol,missing,missing,missing,missing,missing,missing,missing,missing,missing,MTC
1058,0.16625158002,0.18821779998,0.2660156439,0.3024680905,0.3335178757,0.3617094348999999,0.3901598235,0.4046027624999999,0.4193372429,100Mt-noCostDecrease,100Mt-noCostDecrease,Southeast Asia,resid heating,missing,missing,missing,missing,missing,missing,missing,missing,missing,MTC
1059,7.047524200000001,8.658873499999999,11.9418611,12.915945,13.1206915,13.419581,13.397084,12.445659,11.29725,100Mt-noCostDecrease,100Mt-noCostDecrease,Southeast Asia,resid others,missing,missing,missing,missing,missing,missing,missing,missing,missing,MTC
1060,4.01965,8.76289,16.564,20.1938,23.8262,27.4615,31.0031,34.4596,37.8143,100Mt-noCostDecrease,100Mt-noCostDecrease,Southeast Asia,trn_aviation_intl,missing,missing,missing,missing,missing,missing,missing,missing,missing,MTC
1061,1.1087221,1.614122,2.79838,3.28395,3.76635,4.24213,4.65602,5.10865,5.567539999999999,100Mt-noCostDecrease,100Mt-noCostDecrease,Southeast Asia,trn_freight,missing,missing,missing,missing,missing,missing,missing,missing,missing,MTC
1062,7.21331,16.01026,25.15097294312,28.61344719689,31.02453325071,32.417419599999995,34.528379,36.6582104,39.11041049999999,100Mt-noCostDecrease,100Mt-noCostDecrease,Southeast Asia,trn_freight_road,missing,missing,missing,missing,missing,missing,missing,missing,missing,MTC
1063,0.452957,1.124495,2.819273,3.712877,4.709804,5.828981000000001,6.890714,7.989329000000001,9.138071,100Mt-noCostDecrease,100Mt-noCostDecrease,Southeast Asia,trn_pass,missing,missing,missing,missing,missing,missing,missing,missing,missing,MTC
1064,2.48107677,5.6114462,11.610213,12.739261,10.626746999999998,9.758569,9.544656,9.64082,9.748396,100Mt-noCostDecrease,100Mt-noCostDecrease,Southeast Asia,trn_pass_road,missing,missing,missing,missing,missing,missing,missing,missing,missing,MTC
1065,4.147168397500001,9.09421003,9.69188,8.013332,7.741945999999999,7.056303,6.178383,5.418722,4.762074,100Mt-noCostDecrease,100Mt-noCostDecrease,Southeast Asia,trn_pass_road_LDV,missing,missing,missing,missing,missing,missing,missing,missing,missing,MTC
1066,4.1341763309,9.133179549999998,11.580898700000002,11.3171396,11.20933633,11.008526700000004,10.76904003,11.250023659999997,11.775370490000002,100Mt-noCostDecrease,100Mt-noCostDecrease,Southeast Asia,trn_pass_road_LDV_4W,missing,missing,missing,missing,missing,missing,missing,missing,missing,MTC
1067,10.8921,26.435,51.8179,56.5077,60.7968,64.9818,68.6062,71.9002,75.0749,100Mt-noCostDecrease,100Mt-noCostDecrease,Southeast Asia,trn_shipping_intl,missing,missing,missing,missing,missing,missing,missing,missing,missing,MTC
1068,0.0,0.0,0.004045663,0.008579221,0.0133873899999999,0.01878266,0.02492572,0.0314103799999999,0.0383128099999999,100Mt-noCostDecrease,100Mt-noCostDecrease,Taiwan,H2 central production,missing,missing,missing,missing,missing,missing,missing,missing,missing,MTC
1069,0.0,0.0,0.00161005,0.00344385,0.00547752,0.00779335,0.0104093,0.0133523,0.0162222,100Mt-noCostDecrease,100Mt-noCostDecrease,Taiwan,H2 forecourt production,missing,missing,missing,missing,missing,missing,missing,missing,missing,MTC
1070,0.0562588,0.0609838,0.0584675,0.06070266,0.06271561,0.06308127,0.0629118999999999,0.06275716,0.06215452,100Mt-noCostDecrease,100Mt-noCostDecrease,Taiwan,N fertilizer,missing,missing,missing,missing,missing,missing,missing,missing,missing,MTC
1071,0.0,0.0,0.0137422,0.0290077,0.0880059,0.172908,0.257002,0.327853,0.372624,100Mt-noCostDecrease,100Mt-noCostDecrease,Taiwan,backup_electricity,missing,missing,missing,missing,missing,missing,missing,missing,missing,MTC
1072,0.0,0.0,0.071495,0.0449033,0.0426287,0.0352086,0.0329851,0.0317928,0.029422,100Mt-noCostDecrease,100Mt-noCostDecrease,Taiwan,biogas processing,missing,missing,missing,missing,missing,missing,missing,missing,missing,MTC
1073,0.0,0.0,0.3164524,0.7783722700000001,1.50341207,2.07607417,2.5643626700000004,2.91266107,3.16869919,100Mt-noCostDecrease,100Mt-noCostDecrease,Taiwan,biorefining,missing,missing,missing,missing,missing,missing,missing,missing,missing,MTC
1074,2.516,2.705,1.91498,1.91287,1.91552,1.91647,1.91726,1.92094,1.92646,100Mt-noCostDecrease,100Mt-noCostDecrease,Taiwan,cement,missing,missing,missing,missing,missing,missing,missing,missing,missing,MTC
1075,0.3309920999999999,0.3676861,0.434352,0.501541,0.538771,0.561007,0.5725560000000001,0.5695330000000001,0.556353,100Mt-noCostDecrease,100Mt-noCostDecrease,Taiwan,comm heating,missing,missing,missing,missing,missing,missing,missing,missing,missing,MTC
1076,0.6361931599999999,0.751023,0.807977,0.847262,0.803166,0.78667,0.763471,0.719484,0.658219,100Mt-noCostDecrease,100Mt-noCostDecrease,Taiwan,comm others,missing,missing,missing,missing,missing,missing,missing,missing,missing,MTC
1077,0.0,0.0,0.0,0.0766162699999999,0.13950275,0.17871954,0.211638555,0.22898341,0.224254701,100Mt-noCostDecrease,100Mt-noCostDecrease,Taiwan,elec_biomass (IGCC),missing,missing,missing,missing,missing,missing,missing,missing,missing,MTC
1078,0.0,1.0890483,1.4741486,1.3953805200000002,1.2977127699999995,1.1972140600000003,1.1109535499999998,0.8675921400000001,0.6177493139999998,100Mt-noCostDecrease,100Mt-noCostDecrease,Taiwan,elec_biomass (conv),missing,missing,missing,missing,missing,missing,missing,missing,missing,MTC
1079,0.0,0.0,0.0,1.1281496,2.1584108000000004,2.8793011,3.484213789999999,4.11862834,4.731202320000002,100Mt-noCostDecrease,100Mt-noCostDecrease,Taiwan,elec_coal (IGCC),missing,missing,missing,missing,missing,missing,missing,missing,missing,MTC
1080,5.824827999999999,25.195874000000003,32.147785000000006,34.8694952,36.526314,36.58469649999999,35.7332703,34.56168889999999,33.2801547,100Mt-noCostDecrease,100Mt-noCostDecrease,Taiwan,elec_coal (conv pul),missing,missing,missing,missing,missing,missing,missing,missing,missing,MTC
1081,0.06622235,3.253467,8.09539687,9.159148648800002,10.007250693899996,10.3028678049,10.3784320887,10.5346642186,10.700982304100002,100Mt-noCostDecrease,100Mt-noCostDecrease,Taiwan,elec_gas (CC),missing,missing,missing,missing,missing,missing,missing,missing,missing,MTC
1082,0.07703305,0.6749267,1.82362976,1.92740695623,1.980454366252,1.944228833543,1.8807933252100004,1.832171394937,1.7449838753879994,100Mt-noCostDecrease,100Mt-noCostDecrease,Taiwan,elec_gas (steam/CT),missing,missing,missing,missing,missing,missing,missing,missing,missing,MTC
1083,0.0,0.0,0.27465542,0.27736941,0.395889879,0.458560058,0.532889222,0.6396309839999998,0.7115888169999997,100Mt-noCostDecrease,100Mt-noCostDecrease,Taiwan,elec_refined liquids (CC),missing,missing,missing,missing,missing,missing,missing,missing,missing,MTC
1084,3.956305,1.9939719,1.6809663,1.43780694,1.2800316699999998,1.18787827,1.07961619,0.938091646,0.8119171820000001,100Mt-noCostDecrease,100Mt-noCostDecrease,Taiwan,elec_refined liquids (steam/CT),missing,missing,missing,missing,missing,missing,missing,missing,missing,MTC
1085,0.0,0.0,0.0,0.0,0.0,0.0,0.0,0.0,0.0,100Mt-noCostDecrease,100Mt-noCostDecrease,Taiwan,gas pipeline,missing,missing,missing,missing,missing,missing,missing,missing,missing,MTC
1086,0.0,0.0,0.00318575,0.0085577,0.0144794,0.0226188,0.0342884,0.0462573,0.0684904,100Mt-noCostDecrease,100Mt-noCostDecrease,Taiwan,gas processing,missing,missing,missing,missing,missing,missing,missing,missing,missing,MTC
1087,9.8544595,22.7166734,20.11772495,19.04541688,16.85403283,16.42420655,16.632496900000003,16.4062972,16.068390439999998,100Mt-noCostDecrease,100Mt-noCostDecrease,Taiwan,industrial energy use,missing,missing,missing,missing,missing,missing,missing,missing,missing,MTC
1088,0.2303118,0.237698,0.325838,0.317286,0.302251,0.290799,0.286155,0.282081,0.27728,100Mt-noCostDecrease,100Mt-noCostDecrease,Taiwan,industrial feedstocks,missing,missing,missing,missing,missing,missing,missing,missing,missing,MTC
1089,2.115227,1.7946167000000002,1.6667502,1.6403233,1.6167734,1.5917017,1.5683504,1.5476494,1.5283156,100Mt-noCostDecrease,100Mt-noCostDecrease,Taiwan,process heat cement,missing,missing,missing,missing,missing,missing,missing,missing,missing,MTC
1090,1.86203,3.81339,1.06473,1.04361,1.00478,1.00217165,1.27346067,1.84312984,2.4914602200000004,100Mt-noCostDecrease,100Mt-noCostDecrease,Taiwan,refining,missing,missing,missing,missing,missing,missing,missing,missing,missing,MTC
1091,0.0,-1.11793,-2.33929,-3.07163,-4.26972,-5.17898,-5.96555,-6.33309,-6.51906,100Mt-noCostDecrease,100Mt-noCostDecrease,Taiwan,regional biomass,missing,missing,missing,missing,missing,missing,missing,missing,missing,MTC
1092,0.0,0.0,-0.275923,-0.358143,-0.478712,-0.57272,-0.651202,-0.695353,-0.703572,100Mt-noCostDecrease,100Mt-noCostDecrease,Taiwan,regional biomassOil,missing,missing,missing,missing,missing,missing,missing,missing,missing,MTC
1093,0.0,0.0,-0.162088,-0.209646,-0.291021,-0.356866,-0.411519,-0.444332,-0.461217,100Mt-noCostDecrease,100Mt-noCostDecrease,Taiwan,regional sugar for ethanol,missing,missing,missing,missing,missing,missing,missing,missing,missing,MTC
1094,0.924246,1.042763,1.232066,1.476173,1.61295,1.696132,1.741755,1.735764,1.696431,100Mt-noCostDecrease,100Mt-noCostDecrease,Taiwan,resid heating,missing,missing,missing,missing,missing,missing,missing,missing,missing,MTC
1095,0.290358,0.359874,0.370703,0.408964,0.400721,0.401269,0.3978699999999999,0.382179,0.352337,100Mt-noCostDecrease,100Mt-noCostDecrease,Taiwan,resid others,missing,missing,missing,missing,missing,missing,missing,missing,missing,MTC
1096,0.543756,1.8429,2.27833,2.40922,2.48728,2.5439,2.58118,2.58453,2.55751,100Mt-noCostDecrease,100Mt-noCostDecrease,Taiwan,trn_aviation_intl,missing,missing,missing,missing,missing,missing,missing,missing,missing,MTC
1097,0.2020681,0.3360959,0.1636294999999999,0.1764777,0.1866536,0.1953322,0.1984247,0.2018149,0.2027637,100Mt-noCostDecrease,100Mt-noCostDecrease,Taiwan,trn_freight,missing,missing,missing,missing,missing,missing,missing,missing,missing,MTC
1098,1.985701,3.852555,4.0961524,4.278147669999999,4.261593937,4.072811296,4.019080580000001,3.93443999,3.8478984,100Mt-noCostDecrease,100Mt-noCostDecrease,Taiwan,trn_freight_road,missing,missing,missing,missing,missing,missing,missing,missing,missing,MTC
1099,0.0654560999999999,0.1759621999999999,0.2124322,0.2304409,0.2436822,0.2559362,0.2619074,0.2636853,0.2623809,100Mt-noCostDecrease,100Mt-noCostDecrease,Taiwan,trn_pass,missing,missing,missing,missing,missing,missing,missing,missing,missing,MTC
1100,0.630056,1.2224,1.5018513999999998,1.5240245,1.1436928000000002,0.9803345,0.9182003,0.8945196999999999,0.8886959000000001,100Mt-noCostDecrease,100Mt-noCostDecrease,Taiwan,trn_pass_road,missing,missing,missing,missing,missing,missing,missing,missing,missing,MTC
1101,1.24843,2.42214,1.6257672,1.2217619,1.2358154,1.1157075,0.9683655,0.8647009999999999,0.770714,100Mt-noCostDecrease,100Mt-noCostDecrease,Taiwan,trn_pass_road_LDV,missing,missing,missing,missing,missing,missing,missing,missing,missing,MTC
1102,1.217156,2.3614580000000003,1.727542,1.4278647812999998,1.2923995923,1.1222615513,0.9615955465999998,0.9380827498899998,0.911464758,100Mt-noCostDecrease,100Mt-noCostDecrease,Taiwan,trn_pass_road_LDV_4W,missing,missing,missing,missing,missing,missing,missing,missing,missing,MTC
1103,1.3084,1.99711,3.03427,3.15745,3.24597,3.33339,3.38295,3.40236,3.39874,100Mt-noCostDecrease,100Mt-noCostDecrease,Taiwan,trn_shipping_intl,missing,missing,missing,missing,missing,missing,missing,missing,missing,MTC
1104,0.0,0.0,0.01340281,0.02786894,0.04257485,0.05899239,0.07728053,0.09694511,0.12101306,100Mt-noCostDecrease,100Mt-noCostDecrease,Argentina,H2 central production,missing,missing,missing,missing,missing,missing,missing,missing,missing,MTC
1105,0.0,0.0,0.0059224,0.0121828,0.0189012,0.0265305,0.0351619,0.0450024,0.0564908,100Mt-noCostDecrease,100Mt-noCostDecrease,Argentina,H2 forecourt production,missing,missing,missing,missing,missing,missing,missing,missing,missing,MTC
1106,0.0263248,0.350637,0.3457728,0.3882182,0.442873,0.4901530999999999,0.5129442,0.5685026,0.6409442000000001,100Mt-noCostDecrease,100Mt-noCostDecrease,Argentina,N fertilizer,missing,missing,missing,missing,missing,missing,missing,missing,missing,MTC
1107,0.0,0.0,0.00808611,0.0378262,0.112177,0.200164,0.28354,0.360128,0.436845,100Mt-noCostDecrease,100Mt-noCostDecrease,Argentina,backup_electricity,missing,missing,missing,missing,missing,missing,missing,missing,missing,MTC
1108,0.0,0.0,0.00222917,0.00249868,0.002587,0.00248627,0.00237175,0.00212722,0.00205299,100Mt-noCostDecrease,100Mt-noCostDecrease,Argentina,biogas pipeline,missing,missing,missing,missing,missing,missing,missing,missing,missing,MTC
1109,0.0,0.0,0.0896822,0.0995206,0.101998,0.0970273,0.0916048,0.0813051,0.0776427,100Mt-noCostDecrease,100Mt-noCostDecrease,Argentina,biogas processing,missing,missing,missing,missing,missing,missing,missing,missing,missing,MTC
1110,0.0,0.0,1.0127995,1.5951221,2.35642801,3.01396231,3.620632900000001,4.150372329999999,4.693471110000002,100Mt-noCostDecrease,100Mt-noCostDecrease,Argentina,biorefining,missing,missing,missing,missing,missing,missing,missing,missing,missing,MTC
1111,0.491,1.033,1.22458,1.41021,1.58087,1.73804,1.87766,1.99867,2.10082,100Mt-noCostDecrease,100Mt-noCostDecrease,Argentina,cement,missing,missing,missing,missing,missing,missing,missing,missing,missing,MTC
1112,0.139187,0.08903,0.0902701,0.0802393,0.0725193,0.0665173,0.0611605,0.0560738,0.0505335,100Mt-noCostDecrease,100Mt-noCostDecrease,Argentina,comm cooling,missing,missing,missing,missing,missing,missing,missing,missing,missing,MTC
1113,0.702129,0.4627809,0.663315,0.6282249999999999,0.588447,0.5641408,0.5422,0.5145492,0.4837908,100Mt-noCostDecrease,100Mt-noCostDecrease,Argentina,comm heating,missing,missing,missing,missing,missing,missing,missing,missing,missing,MTC
1114,0.3995559999999999,0.2482462,0.2897212,0.2899965,0.2962928999999999,0.311373,0.3261287,0.33791748,0.3420772099999999,100Mt-noCostDecrease,100Mt-noCostDecrease,Argentina,comm others,missing,missing,missing,missing,missing,missing,missing,missing,missing,MTC
1115,0.00030737340000000003,0.00032628400000000004,0.000383658,0.00043992,0.000500219,0.0005555320000000001,0.000605678,0.000650514,0.00067287,100Mt-noCostDecrease,100Mt-noCostDecrease,Argentina,desalinated water,missing,missing,missing,missing,missing,missing,missing,missing,missing,MTC
1116,0.0,0.0,0.0,0.04059224,0.082014448,0.113666831,0.135505611,0.137831553,0.1322024519999999,100Mt-noCostDecrease,100Mt-noCostDecrease,Argentina,elec_biomass (IGCC),missing,missing,missing,missing,missing,missing,missing,missing,missing,MTC
1117,0.1039801299999999,0.5613004,0.76984183,0.80588451,0.7730370799999999,0.6973300499999999,0.5959402399999999,0.42369791,0.302928861,100Mt-noCostDecrease,100Mt-noCostDecrease,Argentina,elec_biomass (conv),missing,missing,missing,missing,missing,missing,missing,missing,missing,MTC
1118,0.0,0.0,0.0,0.0611554699999999,0.12376684,0.1762445569999999,0.220621254,0.259621361,0.300179912,100Mt-noCostDecrease,100Mt-noCostDecrease,Argentina,elec_coal (IGCC),missing,missing,missing,missing,missing,missing,missing,missing,missing,MTC
1119,0.3999719,0.7130931999999999,1.18777926,1.3464488099999998,1.47115165,1.53253567,1.5440380500000002,1.5231795000000004,1.502523052,100Mt-noCostDecrease,100Mt-noCostDecrease,Argentina,elec_coal (conv pul),missing,missing,missing,missing,missing,missing,missing,missing,missing,MTC
1120,0.5595834,4.394416,2.80546436,3.9148380856,5.3853629796,6.859594632999999,8.276685168139997,9.64390846114,11.078472629470005,100Mt-noCostDecrease,100Mt-noCostDecrease,Argentina,elec_gas (CC),missing,missing,missing,missing,missing,missing,missing,missing,missing,MTC
1121,2.54681,1.9122939,7.168137899999999,7.853562124410001,8.160841412990003,7.94717179224,7.455788672729998,6.905708828496998,6.325073169775998,100Mt-noCostDecrease,100Mt-noCostDecrease,Argentina,elec_gas (steam/CT),missing,missing,missing,missing,missing,missing,missing,missing,missing,MTC
1122,0.0,0.0,0.4845345,0.8991176999999999,1.39139831,1.7040906,1.86976407,1.93551092,1.88310006,100Mt-noCostDecrease,100Mt-noCostDecrease,Argentina,elec_refined liquids (CC),missing,missing,missing,missing,missing,missing,missing,missing,missing,MTC
1123,1.4013385,1.2003274,3.7070964,3.5238586,3.0983197,2.691590150000001,2.31150561,1.96539019,1.5626794300000004,100Mt-noCostDecrease,100Mt-noCostDecrease,Argentina,elec_refined liquids (steam/CT),missing,missing,missing,missing,missing,missing,missing,missing,missing,MTC
1124,0.136714,0.732307,0.78055,0.839044,0.898816,0.947467,0.98384,1.02155,1.05844,100Mt-noCostDecrease,100Mt-noCostDecrease,Argentina,gas pipeline,missing,missing,missing,missing,missing,missing,missing,missing,missing,MTC
1125,0.0,0.0,0.00439952,0.0118326,0.0182619,0.0262535,0.0358522,0.0459186,0.0668031,100Mt-noCostDecrease,100Mt-noCostDecrease,Argentina,gas processing,missing,missing,missing,missing,missing,missing,missing,missing,missing,MTC
1126,8.265777,13.551113,12.6074579,13.0364283,13.1791008,13.3778894,13.5273453,13.5027793,13.3336214,100Mt-noCostDecrease,100Mt-noCostDecrease,Argentina,industrial energy use,missing,missing,missing,missing,missing,missing,missing,missing,missing,MTC
1127,0.0724882,0.794733,0.82581,0.942212,1.07561,1.19481,1.31208,1.43181,1.55361,100Mt-noCostDecrease,100Mt-noCostDecrease,Argentina,industrial feedstocks,missing,missing,missing,missing,missing,missing,missing,missing,missing,MTC
1128,0.2651572,0.5667698999999999,0.8066089999999999,0.914539,1.00213,1.080755,1.146627,1.196768,1.239344,100Mt-noCostDecrease,100Mt-noCostDecrease,Argentina,process heat cement,missing,missing,missing,missing,missing,missing,missing,missing,missing,MTC
1129,2.91397,1.921484123,2.32535,2.43668,2.39172565,2.344464604,2.309056669,2.299995604,2.319458773,100Mt-noCostDecrease,100Mt-noCostDecrease,Argentina,refining,missing,missing,missing,missing,missing,missing,missing,missing,missing,MTC
1130,-1.53949,-2.10656,-3.96823,-4.9876,-6.16184,-7.11154,-7.93586,-8.46506,-9.10838,100Mt-noCostDecrease,100Mt-noCostDecrease,Argentina,regional biomass,missing,missing,missing,missing,missing,missing,missing,missing,missing,MTC
1131,0.0,-0.0135331,-0.942069,-1.05023,-1.15946,-1.23318,-1.27699,-1.24185,-1.10857,100Mt-noCostDecrease,100Mt-noCostDecrease,Argentina,regional biomassOil,missing,missing,missing,missing,missing,missing,missing,missing,missing,MTC
1132,0.0,0.0,-0.548818,-0.650336,-0.804598,-0.952518,-1.10455,-1.25699,-1.47873,100Mt-noCostDecrease,100Mt-noCostDecrease,Argentina,regional corn for ethanol,missing,missing,missing,missing,missing,missing,missing,missing,missing,MTC
1133,1.4534107,1.835921,2.083955,2.119324,2.125628,2.139571,2.1369658,2.1105376,2.0597932,100Mt-noCostDecrease,100Mt-noCostDecrease,Argentina,resid heating,missing,missing,missing,missing,missing,missing,missing,missing,missing,MTC
1134,1.99992959,3.0965748,3.8271129,3.6730469,3.5501846,3.5002257,3.4684310400000005,3.42960067,3.3524823,100Mt-noCostDecrease,100Mt-noCostDecrease,Argentina,resid others,missing,missing,missing,missing,missing,missing,missing,missing,missing,MTC
1135,0.384014,0.612075,0.785373,0.88934,0.989794,1.08442,1.16838,1.23871,1.29415,100Mt-noCostDecrease,100Mt-noCostDecrease,Argentina,trn_aviation_intl,missing,missing,missing,missing,missing,missing,missing,missing,missing,MTC
1136,0.05477701,0.1585572,0.3474802,0.3854157,0.4284884,0.4694961,0.503759,0.540287,0.56263,100Mt-noCostDecrease,100Mt-noCostDecrease,Argentina,trn_freight,missing,missing,missing,missing,missing,missing,missing,missing,missing,MTC
1137,3.313385,3.692604,4.95085979,5.409819,5.64271565,5.686361976,5.92613878,6.092969219999999,6.281322040000001,100Mt-noCostDecrease,100Mt-noCostDecrease,Argentina,trn_freight_road,missing,missing,missing,missing,missing,missing,missing,missing,missing,MTC
1138,0.18205396,0.28899724,0.38709158,0.47177901,0.5607503100000001,0.65278379,0.7268455500000001,0.79140418,0.8423908,100Mt-noCostDecrease,100Mt-noCostDecrease,Argentina,trn_pass,missing,missing,missing,missing,missing,missing,missing,missing,missing,MTC
1139,0.5671077999999999,0.824174,1.5019950000000002,1.6774807,1.4015175,1.240851,1.1801861000000002,1.1804695,1.1876546,100Mt-noCostDecrease,100Mt-noCostDecrease,Argentina,trn_pass_road,missing,missing,missing,missing,missing,missing,missing,missing,missing,MTC
1140,0.202497,0.225676,0.194708,0.140458,0.109353,0.0850316,0.0638473,0.0478799,0.0355959,100Mt-noCostDecrease,100Mt-noCostDecrease,Argentina,trn_pass_road_LDV,missing,missing,missing,missing,missing,missing,missing,missing,missing,MTC
1141,3.0709491,4.686053,4.96050198,4.637378580000002,3.941786930000001,3.47830712,3.0825394099999994,3.088171420000001,3.095233700000001,100Mt-noCostDecrease,100Mt-noCostDecrease,Argentina,trn_pass_road_LDV_4W,missing,missing,missing,missing,missing,missing,missing,missing,missing,MTC
1142,0.543735,0.555511,1.98244,2.11039,2.23437,2.35843,2.46425,2.55258,2.60998,100Mt-noCostDecrease,100Mt-noCostDecrease,Argentina,trn_shipping_intl,missing,missing,missing,missing,missing,missing,missing,missing,missing,MTC
1143,0.0,0.0,0.00114459,0.002761634,0.004855389,0.007705528,0.01149717,0.01619622,0.02221216,100Mt-noCostDecrease,100Mt-noCostDecrease,Colombia,H2 central production,missing,missing,missing,missing,missing,missing,missing,missing,missing,MTC
1144,0.0,0.0,0.000496708,0.00120566,0.00217805,0.00349127,0.00519817,0.00742727,0.0101702,100Mt-noCostDecrease,100Mt-noCostDecrease,Colombia,H2 forecourt production,missing,missing,missing,missing,missing,missing,missing,missing,missing,MTC
1145,0.0556999,0.11181,0.1128614,0.1342855,0.156523,0.1755372,0.1911939999999999,0.207643,0.22318151,100Mt-noCostDecrease,100Mt-noCostDecrease,Colombia,N fertilizer,missing,missing,missing,missing,missing,missing,missing,missing,missing,MTC
1146,0.0,0.0,0.00355159,0.0194868,0.0684206,0.133118,0.205026,0.278508,0.355639,100Mt-noCostDecrease,100Mt-noCostDecrease,Colombia,backup_electricity,missing,missing,missing,missing,missing,missing,missing,missing,missing,MTC
1147,0.0,0.0,0.0178088,0.0248792,0.0310297,0.0355676,0.0417744,0.0450949,0.046374,100Mt-noCostDecrease,100Mt-noCostDecrease,Colombia,biogas processing,missing,missing,missing,missing,missing,missing,missing,missing,missing,MTC
1148,0.0,0.0,0.09229435,0.34270722,0.91463847,1.4072779999999998,1.8885956999999995,2.32825304,2.70115602,100Mt-noCostDecrease,100Mt-noCostDecrease,Colombia,biorefining,missing,missing,missing,missing,missing,missing,missing,missing,missing,MTC
1149,0.85,1.354,1.58204,1.79321,1.99893,2.19439,2.37931,2.55024,2.69889,100Mt-noCostDecrease,100Mt-noCostDecrease,Colombia,cement,missing,missing,missing,missing,missing,missing,missing,missing,missing,MTC
1150,0.00240405,0.0201299,0.169406,0.165189,0.160763,0.155461,0.148628,0.140944,0.130007,100Mt-noCostDecrease,100Mt-noCostDecrease,Colombia,comm cooling,missing,missing,missing,missing,missing,missing,missing,missing,missing,MTC
1151,0.1139119099999999,0.0676672,0.6890837999999999,0.7157792999999999,0.7346849,0.7605619,0.7798321,0.78896913,0.79751985,100Mt-noCostDecrease,100Mt-noCostDecrease,Colombia,comm heating,missing,missing,missing,missing,missing,missing,missing,missing,missing,MTC
1152,0.2443491699999999,0.11638001,1.50011607,1.61655363,1.72803287,1.88219581,1.99792214,2.08193383,2.16000403,100Mt-noCostDecrease,100Mt-noCostDecrease,Colombia,comm others,missing,missing,missing,missing,missing,missing,missing,missing,missing,MTC
1153,0.0,0.0,0.0,0.026021684,0.058649215,0.092893724,0.131466151,0.167077276,0.1902506119999999,100Mt-noCostDecrease,100Mt-noCostDecrease,Colombia,elec_biomass (IGCC),missing,missing,missing,missing,missing,missing,missing,missing,missing,MTC
1154,0.07028262,0.13093739,0.4299735999999999,0.51279645,0.5933229000000001,0.6529969399999999,0.69725973,0.6458455599999999,0.5338366740000001,100Mt-noCostDecrease,100Mt-noCostDecrease,Colombia,elec_biomass (conv),missing,missing,missing,missing,missing,missing,missing,missing,missing,MTC
1155,0.0,0.0,0.0,0.17871904,0.40177328,0.6318309,0.8852764999999999,1.1711994500000005,1.4663662299999995,100Mt-noCostDecrease,100Mt-noCostDecrease,Colombia,elec_coal (IGCC),missing,missing,missing,missing,missing,missing,missing,missing,missing,MTC
1156,1.1793414,0.7645167,2.3708263000000005,2.8959761799999995,3.45668017,3.93995616,4.40472512,4.88503943,5.356542610000002,100Mt-noCostDecrease,100Mt-noCostDecrease,Colombia,elec_coal (conv pul),missing,missing,missing,missing,missing,missing,missing,missing,missing,MTC
1157,0.05555072,0.4110558,1.185967591,1.6721005948,2.309059455869999,2.93340319151,3.5902312976500004,4.35619276884,5.144073640229999,100Mt-noCostDecrease,100Mt-noCostDecrease,Colombia,elec_gas (CC),missing,missing,missing,missing,missing,missing,missing,missing,missing,MTC
1158,0.6832996,0.5233578,1.289700061,1.66047903811,2.099638948796,2.4671490138170014,2.799546427933,3.1547339257939995,3.4232668923340004,100Mt-noCostDecrease,100Mt-noCostDecrease,Colombia,elec_gas (steam/CT),missing,missing,missing,missing,missing,missing,missing,missing,missing,MTC
1159,0.0,0.0,0.13347998,0.298595914,0.558991935,0.8390120540000001,1.107797082,1.3400060449999998,1.541955112,100Mt-noCostDecrease,100Mt-noCostDecrease,Colombia,elec_refined liquids (CC),missing,missing,missing,missing,missing,missing,missing,missing,missing,MTC
1160,0.08942925,0.02625456,0.50431734,0.63589807,0.7347859399999999,0.7984156600000002,0.7944908799999998,0.7346969600000003,0.713267763,100Mt-noCostDecrease,100Mt-noCostDecrease,Colombia,elec_refined liquids (steam/CT),missing,missing,missing,missing,missing,missing,missing,missing,missing,MTC
1161,0.0,0.0,0.000947891,0.00299295,0.00565138,0.0108509,0.0201096,0.0315084,0.0521995,100Mt-noCostDecrease,100Mt-noCostDecrease,Colombia,gas processing,missing,missing,missing,missing,missing,missing,missing,missing,missing,MTC
1162,5.790775,5.913270000000001,6.113483179999999,6.897062600000001,7.485797929999999,8.21489326,8.96444036,9.44891366,9.86246073,100Mt-noCostDecrease,100Mt-noCostDecrease,Colombia,industrial energy use,missing,missing,missing,missing,missing,missing,missing,missing,missing,MTC
1163,0.5467059,0.841166,1.03554,1.1554829999999998,1.259273,1.360509,1.455535,1.531748,1.595923,100Mt-noCostDecrease,100Mt-noCostDecrease,Colombia,process heat cement,missing,missing,missing,missing,missing,missing,missing,missing,missing,MTC
1164,1.42342,1.26834,1.1305275,1.192037,1.17796198,1.2013926740000005,1.2861008820000002,1.476446645,1.756788067,100Mt-noCostDecrease,100Mt-noCostDecrease,Colombia,refining,missing,missing,missing,missing,missing,missing,missing,missing,missing,MTC
1165,-2.06901,-2.08057,-2.91518,-3.7577,-5.06467,-6.24554,-7.37304,-8.06739,-8.50137,100Mt-noCostDecrease,100Mt-noCostDecrease,Colombia,regional biomass,missing,missing,missing,missing,missing,missing,missing,missing,missing,MTC
1166,0.0,0.0,-0.0957671,-0.143612,-0.23069,-0.29789,-0.363334,-0.421489,-0.471008,100Mt-noCostDecrease,100Mt-noCostDecrease,Colombia,regional biomassOil,missing,missing,missing,missing,missing,missing,missing,missing,missing,MTC
1167,0.0,-0.000821183,-0.156072,-0.259447,-0.508356,-0.732628,-0.966284,-1.21144,-1.46613,100Mt-noCostDecrease,100Mt-noCostDecrease,Colombia,regional sugar for ethanol,missing,missing,missing,missing,missing,missing,missing,missing,missing,MTC
1168,0.27555163,0.5368408,0.1862034,0.2102529,0.2350920999999999,0.265309,0.292024,0.316009,0.338805,100Mt-noCostDecrease,100Mt-noCostDecrease,Colombia,resid heating,missing,missing,missing,missing,missing,missing,missing,missing,missing,MTC
1169,0.6332997899999999,0.8884486,0.8595473,0.91153,0.9679970999999998,1.0420751,1.1099555,1.1716297,1.2112528,100Mt-noCostDecrease,100Mt-noCostDecrease,Colombia,resid others,missing,missing,missing,missing,missing,missing,missing,missing,missing,MTC
1170,0.307436,0.366127,0.832961,0.951242,1.07084,1.19716,1.32261,1.44623,1.57114,100Mt-noCostDecrease,100Mt-noCostDecrease,Colombia,trn_aviation_intl,missing,missing,missing,missing,missing,missing,missing,missing,missing,MTC
1171,0.1230327399999999,0.20149203,0.05927955,0.06593388,0.0734538399999999,0.08058461,0.08799872,0.09745548,0.10740513,100Mt-noCostDecrease,100Mt-noCostDecrease,Colombia,trn_freight,missing,missing,missing,missing,missing,missing,missing,missing,missing,MTC
1172,2.075969,2.463262,3.95697887,4.32630427,4.532618169999999,4.622883129999999,4.872366859999999,5.1279955,5.4492568,100Mt-noCostDecrease,100Mt-noCostDecrease,Colombia,trn_freight_road,missing,missing,missing,missing,missing,missing,missing,missing,missing,MTC
1173,0.14532164,0.1730598,0.42210056,0.51794799,0.62449964,0.74800201,0.86032039,0.97574796,1.10054661,100Mt-noCostDecrease,100Mt-noCostDecrease,Colombia,trn_pass,missing,missing,missing,missing,missing,missing,missing,missing,missing,MTC
1174,0.34744154,0.4297253,0.9573074,1.0785697000000003,0.9132176,0.8315984000000001,0.8092055,0.8229823999999999,0.8378178,100Mt-noCostDecrease,100Mt-noCostDecrease,Colombia,trn_pass_road,missing,missing,missing,missing,missing,missing,missing,missing,missing,MTC
1175,0.126874,0.150544,0.161304,0.119671,0.0950182,0.075803,0.0583482,0.0449671,0.0349548,100Mt-noCostDecrease,100Mt-noCostDecrease,Colombia,trn_pass_road_LDV,missing,missing,missing,missing,missing,missing,missing,missing,missing,MTC
1176,1.8722932800000005,2.3364273000000004,3.431820959999999,3.24041427,2.77909024,2.48453814,2.26135143,2.31643073,2.4146595099999995,100Mt-noCostDecrease,100Mt-noCostDecrease,Colombia,trn_pass_road_LDV_4W,missing,missing,missing,missing,missing,missing,missing,missing,missing,MTC
1177,0.10134,0.589663,1.63704,1.73363,1.83332,1.94301,2.03945,2.13211,2.23356,100Mt-noCostDecrease,100Mt-noCostDecrease,Colombia,trn_shipping_intl,missing,missing,missing,missing,missing,missing,missing,missing,missing,MTC
1178,0.0,0.0,0.0,-0.033880304,-0.03508092,-0.0660874,-0.1041594,-0.1504953,-0.2106256,100Mt-noCostDecrease,100Mt-noCostDecrease,AL,CDR_regional,missing,missing,missing,missing,missing,missing,missing,missing,missing,MTC
1179,6.990821340000001,11.84626312,8.327892197999999,8.256450621500003,6.435153628664,2.4650848410000004,2.318728087086998,1.6099860756780002,1.9309485638106,100Mt-noCostDecrease,100Mt-noCostDecrease,AL,base load generation,missing,missing,missing,missing,missing,missing,missing,missing,missing,MTC
1180,0.0,0.00039328,0.0078471,0.00748921,0.00609812,0.0044735,0.00332338,0.00214959,0.000952773,100Mt-noCostDecrease,100Mt-noCostDecrease,AL,biomass liquids,missing,missing,missing,missing,missing,missing,missing,missing,missing,MTC
1181,0.0,0.0,0.060166607,0.2506621959999999,0.7196508450000001,1.298449696,1.445885693999999,1.892903262,1.9491904680000005,100Mt-noCostDecrease,100Mt-noCostDecrease,AL,biorefining,missing,missing,missing,missing,missing,missing,missing,missing,missing,MTC
1182,0.245891,0.347514,0.252122,0.24087192,0.1067359,0.0484574,0.0494044,0.03556487,0.03481008,100Mt-noCostDecrease,100Mt-noCostDecrease,AL,cement,missing,missing,missing,missing,missing,missing,missing,missing,missing,MTC
1183,0.0,0.0,0.0,0.0,0.0,0.0,0.0,0.00024860400000000003,0.004576416,100Mt-noCostDecrease,100Mt-noCostDecrease,AL,coal to liquids,missing,missing,missing,missing,missing,missing,missing,missing,missing,MTC
1184,0.01954782,0.0354706,0.03465741,0.03502392,0.03358694,0.03071359,0.029397511,0.02550174,0.0226421799999999,100Mt-noCostDecrease,100Mt-noCostDecrease,AL,comm cooking,missing,missing,missing,missing,missing,missing,missing,missing,missing,MTC
1185,2.556e-05,0.00150378,0.000754647,0.000760153,0.00075738,0.000744096,0.0007428494,0.0006869424,0.0006415301,100Mt-noCostDecrease,100Mt-noCostDecrease,AL,comm cooling,missing,missing,missing,missing,missing,missing,missing,missing,missing,MTC
1186,0.5169882,0.3084659469999999,0.17500072,0.17168224,0.1607423389999999,0.14245423,0.125960992,0.086613824,0.0739902919999999,100Mt-noCostDecrease,100Mt-noCostDecrease,AL,comm heating,missing,missing,missing,missing,missing,missing,missing,missing,missing,MTC
1187,0.14621841,0.09570322,0.13693988,0.13872511,0.1356277799999999,0.126508,0.121136494,0.1022631119999999,0.091096871,100Mt-noCostDecrease,100Mt-noCostDecrease,AL,comm hot water,missing,missing,missing,missing,missing,missing,missing,missing,missing,MTC
1188,0.0443357,0.0382391,0.1166272,0.1349477,0.15846,0.1917808,0.2189549,0.2089534,0.1967738,100Mt-noCostDecrease,100Mt-noCostDecrease,AL,comm other,missing,missing,missing,missing,missing,missing,missing,missing,missing,MTC
1189,0.0,0.0,0.0,0.0,0.0,0.0,0.0,0.000186416,0.003381992,100Mt-noCostDecrease,100Mt-noCostDecrease,AL,gas to liquids,missing,missing,missing,missing,missing,missing,missing,missing,missing,MTC
1190,7.998681999999999,8.0889714,7.876952868999998,8.382593257,8.509750153899997,8.773996467600004,9.1014471034,8.636287098299997,8.448217019289999,100Mt-noCostDecrease,100Mt-noCostDecrease,AL,industrial energy use,missing,missing,missing,missing,missing,missing,missing,missing,missing,MTC
1191,8.07335595,11.22612742,5.708806114000001,5.45822908055,4.789841312279998,3.80982420645,3.4714175181500013,2.8788151513299987,2.6748167303999995,100Mt-noCostDecrease,100Mt-noCostDecrease,AL,intermediate generation,missing,missing,missing,missing,missing,missing,missing,missing,missing,MTC
1192,0.395421,0.344255,0.3386654,0.3273405,0.2803103,0.2311794999999999,0.2113211,0.18137481,0.15393899,100Mt-noCostDecrease,100Mt-noCostDecrease,AL,oil refining,missing,missing,missing,missing,missing,missing,missing,missing,missing,MTC
1193,0.06321665234,0.0660464099,0.06819078489,0.0605495382536899,0.04261660244125,0.0305185651557699,0.0263157346329,0.0159089854111,0.0102427374318,100Mt-noCostDecrease,100Mt-noCostDecrease,AL,peak generation,missing,missing,missing,missing,missing,missing,missing,missing,missing,MTC
1194,0.19754246,0.2821230799999999,0.20180531,0.2058930899999999,0.16520679,0.15674841,0.16581513,0.16698226,0.17358511,100Mt-noCostDecrease,100Mt-noCostDecrease,AL,process heat cement,missing,missing,missing,missing,missing,missing,missing,missing,missing,MTC
1195,-3.35908,-4.10962,-3.62466,-4.49112,-6.18039,-8.68174,-9.70412,-16.4366,-25.6764,100Mt-noCostDecrease,100Mt-noCostDecrease,AL,regional biomass,missing,missing,missing,missing,missing,missing,missing,missing,missing,MTC
1196,0.0,-0.00557821,-0.125461,-0.126745,-0.122319,-0.119394,-0.109791,-0.116254,-0.104607,100Mt-noCostDecrease,100Mt-noCostDecrease,AL,regional biomassOil,missing,missing,missing,missing,missing,missing,missing,missing,missing,MTC
1197,0.0,0.0,-0.0198086,-0.0365647,-0.0875832,-0.154728,-0.175991,-0.250185,-0.267124,100Mt-noCostDecrease,100Mt-noCostDecrease,AL,regional corn for ethanol,missing,missing,missing,missing,missing,missing,missing,missing,missing,MTC
1198,0.00757002,0.00790088,0.00705971,0.0072525099999999,0.0073607,0.0070600149999999,0.007195991,0.006828816,0.00611425,100Mt-noCostDecrease,100Mt-noCostDecrease,AL,resid clothes dryers,missing,missing,missing,missing,missing,missing,missing,missing,missing,MTC
1199,0.02862345,0.02489907,0.030477434,0.029582339,0.027646806,0.0251879587,0.0225403971999999,0.0207455064,0.017644088,100Mt-noCostDecrease,100Mt-noCostDecrease,AL,resid cooking,missing,missing,missing,missing,missing,missing,missing,missing,missing,MTC
1200,0.84619459,0.51552414,0.301750056,0.2788470140000001,0.245410721,0.203734191,0.161737543,0.120898023,0.0869635325999999,100Mt-noCostDecrease,100Mt-noCostDecrease,AL,resid heating,missing,missing,missing,missing,missing,missing,missing,missing,missing,MTC
1201,0.20987332,0.2545788,0.127990953,0.125342019,0.121028814,0.108396723,0.1134825439999999,0.103075614,0.0848797479999999,100Mt-noCostDecrease,100Mt-noCostDecrease,AL,resid hot water,missing,missing,missing,missing,missing,missing,missing,missing,missing,MTC
1202,0.01621754,0.00578984,0.02986764,0.03321568,0.03343303,0.03473546,0.0373431,0.03076861,0.02553591,100Mt-noCostDecrease,100Mt-noCostDecrease,AL,resid other,missing,missing,missing,missing,missing,missing,missing,missing,missing,MTC
1203,0.4701900932,0.445794037,0.47745665,0.4296498026940001,0.3198997402137,0.241001233736,0.2119156621920001,0.146612835051,0.109633818551,100Mt-noCostDecrease,100Mt-noCostDecrease,AL,subpeak generation,missing,missing,missing,missing,missing,missing,missing,missing,missing,MTC
1204,0.0440062,0.058075,0.0738203,0.0768778,0.0784244,0.079071,0.0825613,0.0842268,0.0867207,100Mt-noCostDecrease,100Mt-noCostDecrease,AL,trn_aviation_intl,missing,missing,missing,missing,missing,missing,missing,missing,missing,MTC
1205,0.2401498,0.2317906,0.2522126,0.2674577,0.2758855,0.2814202,0.297863,0.3086918999999999,0.317556,100Mt-noCostDecrease,100Mt-noCostDecrease,AL,trn_freight,missing,missing,missing,missing,missing,missing,missing,missing,missing,MTC
1206,2.788415,3.131602,3.0420967,3.1704187200000007,3.075808760000001,2.781798412,2.7152691610000006,2.45657522,2.11895997,100Mt-noCostDecrease,100Mt-noCostDecrease,AL,trn_freight_road,missing,missing,missing,missing,missing,missing,missing,missing,missing,MTC
1207,0.17601367,0.23072894,0.3058033,0.32496316,0.32704244,0.32929082,0.3476105,0.3514106,0.3632315,100Mt-noCostDecrease,100Mt-noCostDecrease,AL,trn_pass,missing,missing,missing,missing,missing,missing,missing,missing,missing,MTC
1208,0.106935,0.12801246,0.1841885,0.18990559,0.1380564,0.10467413,0.0911200299999999,0.0851324899999999,0.0807657,100Mt-noCostDecrease,100Mt-noCostDecrease,AL,trn_pass_road,missing,missing,missing,missing,missing,missing,missing,missing,missing,MTC
1209,0.0139198,0.0187845,0.0175034,0.0162371,0.015275,0.014356,0.0140216,0.0134356,0.0130178,100Mt-noCostDecrease,100Mt-noCostDecrease,AL,trn_pass_road_LDV,missing,missing,missing,missing,missing,missing,missing,missing,missing,MTC
1210,3.95522242,5.33717568,5.160852290000001,4.6090047300000005,3.5243541400000007,2.668978639,1.99454659,1.75188198,1.5997058599999998,100Mt-noCostDecrease,100Mt-noCostDecrease,AL,trn_pass_road_LDV_4W,missing,missing,missing,missing,missing,missing,missing,missing,missing,MTC
1211,0.485997,0.232701,0.207536,0.213498,0.208139,0.204288,0.211464,0.209913,0.213663,100Mt-noCostDecrease,100Mt-noCostDecrease,AL,trn_shipping_intl,missing,missing,missing,missing,missing,missing,missing,missing,missing,MTC
1212,0.0,0.0,0.0,-0.002113747,-0.001719228,-0.00486876,-0.00699662,-0.00861274,-0.01055381,100Mt-noCostDecrease,100Mt-noCostDecrease,AK,CDR_regional,missing,missing,missing,missing,missing,missing,missing,missing,missing,MTC
1213,0.3482566733,0.4595901639999999,0.1018670773,0.1509855677,0.0449991698,0.027290651477,0.029285410822,0.0252683592719999,0.0253910032199999,100Mt-noCostDecrease,100Mt-noCostDecrease,AK,base load generation,missing,missing,missing,missing,missing,missing,missing,missing,missing,MTC
1214,0.0,0.0,0.053273833,0.173011734,0.4438370719999999,0.7342110319999999,0.8112471499999999,1.020519055,1.0377016129999996,100Mt-noCostDecrease,100Mt-noCostDecrease,AK,biorefining,missing,missing,missing,missing,missing,missing,missing,missing,missing,MTC
1215,0.0,0.0,0.0,0.0,0.0,0.0,0.0,2.595731e-07,4.6106263e-06,100Mt-noCostDecrease,100Mt-noCostDecrease,AK,coal to liquids,missing,missing,missing,missing,missing,missing,missing,missing,missing,MTC
1216,0.01100921,0.0145433399999999,0.0103358179999999,0.010250948,0.010060257,0.009757569,0.009979755,0.0098562660999999,0.010136501,100Mt-noCostDecrease,100Mt-noCostDecrease,AK,comm cooking,missing,missing,missing,missing,missing,missing,missing,missing,missing,MTC
1217,1.8465e-05,0.000177498,0.0001018575,9.72639e-05,9.31924e-05,8.911179000000001e-05,8.846212999999999e-05,8.70418e-05,9.071839e-05,100Mt-noCostDecrease,100Mt-noCostDecrease,AK,comm cooling,missing,missing,missing,missing,missing,missing,missing,missing,missing,MTC
1218,0.7781979,0.4495063,0.38473671,0.3615552899999999,0.33554667,0.30818455,0.28895475,0.23704588,0.236167039,100Mt-noCostDecrease,100Mt-noCostDecrease,AK,comm heating,missing,missing,missing,missing,missing,missing,missing,missing,missing,MTC
1219,0.03321932,0.0378154,0.0332643799999999,0.0328821909999999,0.032313998,0.031251876,0.0311796819999999,0.029778321,0.0303822906,100Mt-noCostDecrease,100Mt-noCostDecrease,AK,comm hot water,missing,missing,missing,missing,missing,missing,missing,missing,missing,MTC
1220,0.01519914,0.01693576,0.1169591999999999,0.1192879999999999,0.1148991,0.1072062,0.1041514,0.1020833,0.1031331,100Mt-noCostDecrease,100Mt-noCostDecrease,AK,comm other,missing,missing,missing,missing,missing,missing,missing,missing,missing,MTC
1221,0.0,0.0,0.0,0.0,0.0,0.0,0.0,0.000447399,0.008116776,100Mt-noCostDecrease,100Mt-noCostDecrease,AK,gas to liquids,missing,missing,missing,missing,missing,missing,missing,missing,missing,MTC
1222,3.04323006,4.305502461,3.2436289730288,3.2535345427896,3.2696068587728,3.290248248174999,3.4078922747973,3.425926854671599,3.4775268889843995,100Mt-noCostDecrease,100Mt-noCostDecrease,AK,industrial energy use,missing,missing,missing,missing,missing,missing,missing,missing,missing,MTC
1223,0.233452942,0.3537862109999999,0.131009281,0.1317672,0.175012956,0.1678816528599999,0.16507107907,0.1568810450599999,0.15444441456,100Mt-noCostDecrease,100Mt-noCostDecrease,AK,intermediate generation,missing,missing,missing,missing,missing,missing,missing,missing,missing,MTC
1224,1.13155,0.950349,0.4067189,0.3927399,0.3364811,0.2774664,0.2534869,0.21720231,0.18361045,100Mt-noCostDecrease,100Mt-noCostDecrease,AK,oil refining,missing,missing,missing,missing,missing,missing,missing,missing,missing,MTC
1225,0.00330128781,0.0043870275,0.00180126506,0.0017985348299999,0.00234767944,0.0018976456401,0.0016872465065,0.0013275796289999,0.001035731544,100Mt-noCostDecrease,100Mt-noCostDecrease,AK,peak generation,missing,missing,missing,missing,missing,missing,missing,missing,missing,MTC
1226,-0.179651,-0.028067,-0.21894,-0.494506,-1.14119,-1.85824,-2.06306,-2.61596,-2.69649,100Mt-noCostDecrease,100Mt-noCostDecrease,AK,regional biomass,missing,missing,missing,missing,missing,missing,missing,missing,missing,MTC
1227,0.0,0.0,-0.0122838,-0.0167989,-0.0268879,-0.0384696,-0.0424372,-0.0546169,-0.0563824,100Mt-noCostDecrease,100Mt-noCostDecrease,AK,regional biomassOil,missing,missing,missing,missing,missing,missing,missing,missing,missing,MTC
1228,0.0,0.0,-0.0145007,-0.0244411,-0.0528356,-0.0854145,-0.096055,-0.128464,-0.134193,100Mt-noCostDecrease,100Mt-noCostDecrease,AK,regional corn for ethanol,missing,missing,missing,missing,missing,missing,missing,missing,missing,MTC
1229,0.0008023,0.00170968,0.000623423,0.000611278,0.000610031,0.0005836429,0.0006194088,0.0006407380000000001,0.000665013,100Mt-noCostDecrease,100Mt-noCostDecrease,AK,resid clothes dryers,missing,missing,missing,missing,missing,missing,missing,missing,missing,MTC
1230,0.003074243,0.006026555,0.005122788,0.0049945939999999,0.0048018233999999,0.0046347883,0.0045635124,0.0047542222999999,0.0049208972,100Mt-noCostDecrease,100Mt-noCostDecrease,AK,resid cooking,missing,missing,missing,missing,missing,missing,missing,missing,missing,MTC
1231,0.45697462,0.39685917,0.3478826099999998,0.3269338979999999,0.30085876,0.269999937,0.241115206,0.214515183,0.191214096,100Mt-noCostDecrease,100Mt-noCostDecrease,AK,resid heating,missing,missing,missing,missing,missing,missing,missing,missing,missing,MTC
1232,0.0200282765,0.043504705,0.0536663529999999,0.0519552009999999,0.049665502,0.0440655500999999,0.0465396669,0.0472997629999999,0.047511855,100Mt-noCostDecrease,100Mt-noCostDecrease,AK,resid hot water,missing,missing,missing,missing,missing,missing,missing,missing,missing,MTC
1233,0.0018509,0.0043512,0.00577024,0.00653127,0.00627431,0.0068398899999999,0.0079338799999999,0.00827953,0.00858923,100Mt-noCostDecrease,100Mt-noCostDecrease,AK,resid other,missing,missing,missing,missing,missing,missing,missing,missing,missing,MTC
1234,0.0253163397,0.0372281494,0.0129702047,0.0129569325,0.0169959518,0.0149465646499999,0.0137712901099999,0.01234679577,0.0113489442,100Mt-noCostDecrease,100Mt-noCostDecrease,AK,subpeak generation,missing,missing,missing,missing,missing,missing,missing,missing,missing,MTC
1235,0.408484,0.752174,0.392511,0.383152,0.378682,0.378502,0.389989,0.394907,0.402441,100Mt-noCostDecrease,100Mt-noCostDecrease,AK,trn_aviation_intl,missing,missing,missing,missing,missing,missing,missing,missing,missing,MTC
1236,0.0717578,0.069715505,0.0503876,0.0504934,0.0518474,0.0535361,0.0561426,0.0588743,0.0618761,100Mt-noCostDecrease,100Mt-noCostDecrease,AK,trn_freight,missing,missing,missing,missing,missing,missing,missing,missing,missing,MTC
1237,1.045719,1.051339,0.762934872,0.752507218,0.7043595980000001,0.6240735266999998,0.6108005540000001,0.568100936,0.52339837,100Mt-noCostDecrease,100Mt-noCostDecrease,AK,trn_freight_road,missing,missing,missing,missing,missing,missing,missing,missing,missing,MTC
1238,1.56375571,2.87700136,1.5424292,1.5197187399999998,1.48222777,1.4767837,1.529424,1.53533838,1.5646889899999998,100Mt-noCostDecrease,100Mt-noCostDecrease,AK,trn_pass,missing,missing,missing,missing,missing,missing,missing,missing,missing,MTC
1239,0.0401007,0.04166926,0.042866745,0.0430210519999999,0.030310681,0.02265325,0.020005024,0.0191365,0.01864109,100Mt-noCostDecrease,100Mt-noCostDecrease,AK,trn_pass_road,missing,missing,missing,missing,missing,missing,missing,missing,missing,MTC
1240,0.00165021,0.00200689,0.00150207,0.00122483,0.00108447,0.00100475,0.000962856,0.000920414,0.000886606,100Mt-noCostDecrease,100Mt-noCostDecrease,AK,trn_pass_road_LDV,missing,missing,missing,missing,missing,missing,missing,missing,missing,MTC
1241,0.468695629,0.570155255,0.507641145,0.432782862,0.320058346,0.2354496451,0.1702441326,0.152835336,0.1424180199999999,100Mt-noCostDecrease,100Mt-noCostDecrease,AK,trn_pass_road_LDV_4W,missing,missing,missing,missing,missing,missing,missing,missing,missing,MTC
1242,0.0234432,0.00267909,0.0,0.0,0.0,0.0,0.0,0.0,0.0,100Mt-noCostDecrease,100Mt-noCostDecrease,AK,trn_shipping_intl,missing,missing,missing,missing,missing,missing,missing,missing,missing,MTC
1243,0.0,0.0,0.0,-0.031644155,-0.0351968999999999,-0.0410161,-0.0756574,-0.1389719,-0.2308551,100Mt-noCostDecrease,100Mt-noCostDecrease,AZ,CDR_regional,missing,missing,missing,missing,missing,missing,missing,missing,missing,MTC
1244,5.198789100000001,8.12442366,5.6752812369,5.735151375399999,4.363061071160001,1.8934435345700005,1.7494738398000005,1.4284689099270005,3.025043241406201,100Mt-noCostDecrease,100Mt-noCostDecrease,AZ,base load generation,missing,missing,missing,missing,missing,missing,missing,missing,missing,MTC
1245,0.0,1.70991e-05,0.020297502,0.019377441,0.015831254,0.011624614,0.008636355,0.0055866369,0.0024761778,100Mt-noCostDecrease,100Mt-noCostDecrease,AZ,biomass liquids,missing,missing,missing,missing,missing,missing,missing,missing,missing,MTC
1246,0.0,0.0,0.0603974699999999,0.255976686,0.7400256390000001,1.3417896890000005,1.494842761,1.961778907,2.0213995549999995,100Mt-noCostDecrease,100Mt-noCostDecrease,AZ,biorefining,missing,missing,missing,missing,missing,missing,missing,missing,missing,MTC
1247,0.35523,0.502041,0.398103,0.40011446,0.1728294,0.0808017,0.0832061,0.0613014,0.0607747,100Mt-noCostDecrease,100Mt-noCostDecrease,AZ,cement,missing,missing,missing,missing,missing,missing,missing,missing,missing,MTC
1248,0.0,0.0,0.0,0.0,0.0,0.0,0.0,0.0001671623,0.003070464,100Mt-noCostDecrease,100Mt-noCostDecrease,AZ,coal to liquids,missing,missing,missing,missing,missing,missing,missing,missing,missing,MTC
1249,0.0269295999999999,0.0512938,0.07856104,0.0873836799999999,0.09001434,0.0886930099999999,0.0900155399999999,0.08382279,0.07711886,100Mt-noCostDecrease,100Mt-noCostDecrease,AZ,comm cooking,missing,missing,missing,missing,missing,missing,missing,missing,missing,MTC
1250,2.698e-05,0.00398594,0.002872436,0.003173793,0.003322604,0.003401911,0.003490702,0.003312633,0.003080837,100Mt-noCostDecrease,100Mt-noCostDecrease,AZ,comm cooling,missing,missing,missing,missing,missing,missing,missing,missing,missing,MTC
1251,0.222945661,0.29684219,0.1833699899999999,0.1959373,0.1945596999999999,0.18399249,0.174414613,0.140520148,0.1238603949999999,100Mt-noCostDecrease,100Mt-noCostDecrease,AZ,comm heating,missing,missing,missing,missing,missing,missing,missing,missing,missing,MTC
1252,0.1948647,0.12849618,0.1816,0.19923582,0.20340486,0.19655322,0.19033977,0.1630295439999999,0.142194573,100Mt-noCostDecrease,100Mt-noCostDecrease,AZ,comm hot water,missing,missing,missing,missing,missing,missing,missing,missing,missing,MTC
1253,0.0481245,0.0574804,0.24006,0.286475,0.321552,0.373263,0.418842,0.405463,0.3872917999999999,100Mt-noCostDecrease,100Mt-noCostDecrease,AZ,comm other,missing,missing,missing,missing,missing,missing,missing,missing,missing,MTC
1254,0.8811206899999999,0.82999669,0.6315513550999999,0.6623621602,0.66676482642,0.67263261157,0.6821952744499999,0.6483162631620001,0.5635858788679998,100Mt-noCostDecrease,100Mt-noCostDecrease,AZ,industrial energy use,missing,missing,missing,missing,missing,missing,missing,missing,missing,MTC
1255,3.7606476,5.62996956,4.673767713000001,4.5218975157,4.050721636049999,3.0006948877000004,2.6254013954,1.8054043493,1.5788844067000012,100Mt-noCostDecrease,100Mt-noCostDecrease,AZ,intermediate generation,missing,missing,missing,missing,missing,missing,missing,missing,missing,MTC
1256,0.034849,0.0,0.0,0.0,0.0,0.0,0.0,0.0,0.0,100Mt-noCostDecrease,100Mt-noCostDecrease,AZ,oil refining,missing,missing,missing,missing,missing,missing,missing,missing,missing,MTC
1257,0.055638569,0.0866739,0.0661681632599999,0.05885327110858,0.04001167287803,0.02803660630639,0.0224735549906599,0.01073141166474,0.00564996572513,100Mt-noCostDecrease,100Mt-noCostDecrease,AZ,peak generation,missing,missing,missing,missing,missing,missing,missing,missing,missing,MTC
1258,0.28538266,0.4075747099999999,0.31860118,0.34201586,0.27192998,0.26395672,0.28230883,0.28829494,0.30262029,100Mt-noCostDecrease,100Mt-noCostDecrease,AZ,process heat cement,missing,missing,missing,missing,missing,missing,missing,missing,missing,MTC
1259,-0.283589,-0.287372,-0.246572,-0.888102,-2.57129,-4.85606,-5.50102,-12.8166,-31.127,100Mt-noCostDecrease,100Mt-noCostDecrease,AZ,regional biomass,missing,missing,missing,missing,missing,missing,missing,missing,missing,MTC
1260,0.0,-0.000242531,-0.0190385,-0.0253031,-0.0401277,-0.0598905,-0.0661054,-0.0893804,-0.0942802,100Mt-noCostDecrease,100Mt-noCostDecrease,AZ,regional biomassOil,missing,missing,missing,missing,missing,missing,missing,missing,missing,MTC
1261,0.0,0.0,-0.1066,-0.119945,-0.157882,-0.210144,-0.219647,-0.284721,-0.289437,100Mt-noCostDecrease,100Mt-noCostDecrease,AZ,regional corn for ethanol,missing,missing,missing,missing,missing,missing,missing,missing,missing,MTC
1262,0.00516454,0.0131421,0.0040698,0.00442054,0.00455646,0.004423124,0.004476809,0.004226667,0.003773737,100Mt-noCostDecrease,100Mt-noCostDecrease,AZ,resid clothes dryers,missing,missing,missing,missing,missing,missing,missing,missing,missing,MTC
1263,0.018434733,0.0405945,0.0194683919999999,0.019437508,0.018030753,0.016288934,0.0142807649,0.0129537524999999,0.0108334815999999,100Mt-noCostDecrease,100Mt-noCostDecrease,AZ,resid cooking,missing,missing,missing,missing,missing,missing,missing,missing,missing,MTC
1264,0.3971259,0.419397111,0.281401503,0.270411069,0.247386483,0.217603986,0.1864001739999999,0.1507341275,0.1164038373999999,100Mt-noCostDecrease,100Mt-noCostDecrease,AZ,resid heating,missing,missing,missing,missing,missing,missing,missing,missing,missing,MTC
1265,0.1968379099999999,0.27063459,0.2485549219999999,0.256239865,0.2502756699999999,0.228103174,0.231515611,0.208548093,0.170423376,100Mt-noCostDecrease,100Mt-noCostDecrease,AZ,resid hot water,missing,missing,missing,missing,missing,missing,missing,missing,missing,MTC
1266,0.0077948599999999,0.0056644,0.02131812,0.02427538,0.02388115,0.02556175,0.0272449,0.02250156,0.01854235,100Mt-noCostDecrease,100Mt-noCostDecrease,AZ,resid other,missing,missing,missing,missing,missing,missing,missing,missing,missing,MTC
1267,0.3905720200000001,0.57991721,0.13116307111,0.1196492975998,0.0891097695197,0.0652865796741,0.0560011678810999,0.0509566969991,0.0341272869751999,100Mt-noCostDecrease,100Mt-noCostDecrease,AZ,subpeak generation,missing,missing,missing,missing,missing,missing,missing,missing,missing,MTC
1268,0.197303,0.188825,0.0981451,0.107771,0.112101,0.114662,0.120622,0.1241,0.128684,100Mt-noCostDecrease,100Mt-noCostDecrease,AZ,trn_aviation_intl,missing,missing,missing,missing,missing,missing,missing,missing,missing,MTC
1269,0.0907121,0.189127,0.187087,0.208467,0.224796,0.236645,0.251999,0.264504,0.272023,100Mt-noCostDecrease,100Mt-noCostDecrease,AZ,trn_freight,missing,missing,missing,missing,missing,missing,missing,missing,missing,MTC
1270,1.373668,2.8639520000000003,2.80601606,3.0451457200000003,2.981889351,2.725010401,2.64110256,2.360262870000001,2.00604633,100Mt-noCostDecrease,100Mt-noCostDecrease,AZ,trn_freight_road,missing,missing,missing,missing,missing,missing,missing,missing,missing,MTC
1271,0.75780896,0.7296062799999999,0.40407771,0.45318387,0.4653441399999999,0.47605408,0.506224,0.5164082,0.5375708,100Mt-noCostDecrease,100Mt-noCostDecrease,AZ,trn_pass,missing,missing,missing,missing,missing,missing,missing,missing,missing,MTC
1272,0.0526783,0.1199395,0.1630411399999999,0.1711665899999999,0.12801927,0.09874053,0.08676439,0.08177115,0.07832085,100Mt-noCostDecrease,100Mt-noCostDecrease,AZ,trn_pass_road,missing,missing,missing,missing,missing,missing,missing,missing,missing,MTC
1273,0.0110699,0.0202407,0.0197588,0.0195048,0.018623,0.0178676,0.0175428,0.0169169,0.0164801,100Mt-noCostDecrease,100Mt-noCostDecrease,AZ,trn_pass_road_LDV,missing,missing,missing,missing,missing,missing,missing,missing,missing,MTC
1274,3.14521738,5.75116809,5.630423019999999,5.20168503,4.05811465,3.118634042,2.36443624,2.05194879,1.8774157,100Mt-noCostDecrease,100Mt-noCostDecrease,AZ,trn_pass_road_LDV_4W,missing,missing,missing,missing,missing,missing,missing,missing,missing,MTC
1275,0.0,0.0,0.0,-0.024537421,-0.0250168,-0.0298495,-0.0497125,-0.0817907,-0.1255797,100Mt-noCostDecrease,100Mt-noCostDecrease,AR,CDR_regional,missing,missing,missing,missing,missing,missing,missing,missing,missing,MTC
1276,2.551606,3.5401595500000003,5.573534468000002,5.565537465719999,4.29870150388,1.4118043273240002,1.354161272546001,0.7011031950690001,0.7391386110840299,100Mt-noCostDecrease,100Mt-noCostDecrease,AR,base load generation,missing,missing,missing,missing,missing,missing,missing,missing,missing,MTC
1277,0.0,0.000495874,0.00989417,0.00944292,0.00768893,0.0056405,0.00419035,0.00271035,0.00120132,100Mt-noCostDecrease,100Mt-noCostDecrease,AR,biomass liquids,missing,missing,missing,missing,missing,missing,missing,missing,missing,MTC
1278,0.0,0.0,0.060166607,0.251187845,0.7216873739999998,1.3028121029999995,1.4507922780000002,1.8996930210000005,1.956265466,100Mt-noCostDecrease,100Mt-noCostDecrease,AR,biorefining,missing,missing,missing,missing,missing,missing,missing,missing,missing,MTC
1279,0.0783017,0.110663,0.0775937,0.071830007,0.03123162,0.01418613,0.0143881499999999,0.01033843,0.0100843299999999,100Mt-noCostDecrease,100Mt-noCostDecrease,AR,cement,missing,missing,missing,missing,missing,missing,missing,missing,missing,MTC
1280,0.0,0.0,0.0,0.0,0.0,0.0,0.0,8.45607e-07,1.5567482e-05,100Mt-noCostDecrease,100Mt-noCostDecrease,AR,coal to liquids,missing,missing,missing,missing,missing,missing,missing,missing,missing,MTC
1281,0.01391071,0.052653,0.04291598,0.0431367199999999,0.04171935,0.03919473,0.0387165299999999,0.035424942,0.033203533,100Mt-noCostDecrease,100Mt-noCostDecrease,AR,comm cooking,missing,missing,missing,missing,missing,missing,missing,missing,missing,MTC
1282,0.000153362,0.00267954,0.01270667,0.01248557,0.012193,0.01181902,0.01162948,0.010641304,0.009912828,100Mt-noCostDecrease,100Mt-noCostDecrease,AR,comm cooling,missing,missing,missing,missing,missing,missing,missing,missing,missing,MTC
1283,0.316949021,0.3749322,0.33632937,0.3299090399999999,0.3139387399999999,0.29179326,0.27693078,0.22728616,0.2086849649999999,100Mt-noCostDecrease,100Mt-noCostDecrease,AR,comm heating,missing,missing,missing,missing,missing,missing,missing,missing,missing,MTC
1284,0.06191868,0.08055073,0.0926196399999999,0.0923942179999999,0.089514005,0.084304625,0.082567408,0.07324821,0.0679901112,100Mt-noCostDecrease,100Mt-noCostDecrease,AR,comm hot water,missing,missing,missing,missing,missing,missing,missing,missing,missing,MTC
1285,0.0255412,0.0436595,0.241207,0.249369,0.244401,0.2346692,0.2340615999999999,0.2151595,0.2005807,100Mt-noCostDecrease,100Mt-noCostDecrease,AR,comm other,missing,missing,missing,missing,missing,missing,missing,missing,missing,MTC
1286,0.0,0.0,0.0,0.0,0.0,0.0,0.0,0.000842399,0.015282936,100Mt-noCostDecrease,100Mt-noCostDecrease,AR,gas to liquids,missing,missing,missing,missing,missing,missing,missing,missing,missing,MTC
1287,3.43068166,3.3638071000000003,2.9456891391,3.1141642962,3.181497207,3.30411571219,3.4313547256200003,3.24730135332,3.21378284814575,100Mt-noCostDecrease,100Mt-noCostDecrease,AR,industrial energy use,missing,missing,missing,missing,missing,missing,missing,missing,missing,MTC
1288,3.21347376,3.54307382,2.116597645,2.0579588869299994,1.80715809297,1.34147276893,1.3064324737299993,1.0151857104299995,0.9376886573700002,100Mt-noCostDecrease,100Mt-noCostDecrease,AR,intermediate generation,missing,missing,missing,missing,missing,missing,missing,missing,missing,MTC
1289,0.187761,0.196422,0.2327707,0.2249862,0.192661,0.1588933,0.1452437,0.12466161,0.10580465,100Mt-noCostDecrease,100Mt-noCostDecrease,AR,oil refining,missing,missing,missing,missing,missing,missing,missing,missing,missing,MTC
1290,0.04044043,0.03093145,0.018723479846,0.0165368274532699,0.011441132663402,0.00820806862968,0.0070579196686499,0.00427732166943,0.00275329704466,100Mt-noCostDecrease,100Mt-noCostDecrease,AR,peak generation,missing,missing,missing,missing,missing,missing,missing,missing,missing,MTC
1291,0.062905523,0.0898397079999999,0.062108018,0.0614656659999999,0.0485499999999999,0.04604563,0.04844802,0.04861928,0.0503469,100Mt-noCostDecrease,100Mt-noCostDecrease,AR,process heat cement,missing,missing,missing,missing,missing,missing,missing,missing,missing,MTC
1292,-1.59023,-1.88517,-1.7487,-2.46074,-4.09187,-6.32261,-7.05743,-10.6946,-14.0865,100Mt-noCostDecrease,100Mt-noCostDecrease,AR,regional biomass,missing,missing,missing,missing,missing,missing,missing,missing,missing,MTC
1293,0.0,-0.0070334,-0.154496,-0.154469,-0.144934,-0.136065,-0.122228,-0.124432,-0.108384,100Mt-noCostDecrease,100Mt-noCostDecrease,AR,regional biomassOil,missing,missing,missing,missing,missing,missing,missing,missing,missing,MTC
1294,0.0,0.0,-0.0198086,-0.0365998,-0.0877468,-0.155113,-0.17644,-0.250895,-0.267901,100Mt-noCostDecrease,100Mt-noCostDecrease,AR,regional corn for ethanol,missing,missing,missing,missing,missing,missing,missing,missing,missing,MTC
1295,0.00793922,0.00858106,0.002841075,0.002894899,0.002941881,0.0028380079999999,0.002911544,0.002781894,0.002501023,100Mt-noCostDecrease,100Mt-noCostDecrease,AR,resid clothes dryers,missing,missing,missing,missing,missing,missing,missing,missing,missing,MTC
1296,0.03044738,0.0270201799999999,0.0136234959999999,0.01318092,0.0122711929999999,0.0111568839999999,0.0099542213,0.0091790561,0.0077979076999999,100Mt-noCostDecrease,100Mt-noCostDecrease,AR,resid cooking,missing,missing,missing,missing,missing,missing,missing,missing,missing,MTC
1297,0.4938534698,0.46450463,0.4344039999999999,0.404065939,0.360474216,0.3066775159999999,0.252330945,0.196393714,0.1468625655,100Mt-noCostDecrease,100Mt-noCostDecrease,AR,resid heating,missing,missing,missing,missing,missing,missing,missing,missing,missing,MTC
1298,0.15690878,0.18452388,0.093302683,0.091521276,0.088475476,0.0786838803,0.081477379,0.073753471,0.060581511,100Mt-noCostDecrease,100Mt-noCostDecrease,AR,resid hot water,missing,missing,missing,missing,missing,missing,missing,missing,missing,MTC
1299,0.01829982,0.0061838,0.01392138,0.0155723499999999,0.01571792,0.0164735999999999,0.01782449,0.0147419099999999,0.01225207,100Mt-noCostDecrease,100Mt-noCostDecrease,AR,resid other,missing,missing,missing,missing,missing,missing,missing,missing,missing,MTC
1300,0.290369838,0.213148392,0.1310014593,0.1173316233228,0.0857670196946999,0.064446354154,0.0564815884369999,0.0387236947629999,0.0286555645519999,100Mt-noCostDecrease,100Mt-noCostDecrease,AR,subpeak generation,missing,missing,missing,missing,missing,missing,missing,missing,missing,MTC
1301,0.0385637,0.0294639,0.0291948,0.0297907,0.0300554,0.0303328,0.0315901,0.032172,0.0330745,100Mt-noCostDecrease,100Mt-noCostDecrease,AR,trn_aviation_intl,missing,missing,missing,missing,missing,missing,missing,missing,missing,MTC
1302,0.111116,0.1547894386,0.137799,0.142972,0.149433,0.15504,0.163268,0.170703,0.175625,100Mt-noCostDecrease,100Mt-noCostDecrease,AR,trn_freight,missing,missing,missing,missing,missing,missing,missing,missing,missing,MTC
1303,1.6826630000000002,2.343585,2.07457613,2.1073304780000006,2.006270149,1.79836555,1.7492017510000002,1.577596061,1.3551644109999998,100Mt-noCostDecrease,100Mt-noCostDecrease,AR,trn_freight_road,missing,missing,missing,missing,missing,missing,missing,missing,missing,MTC
1304,0.15209923,0.11919123,0.12297826,0.12764833,0.12685604,0.12797575,0.13481241,0.13608582,0.14054368,100Mt-noCostDecrease,100Mt-noCostDecrease,AR,trn_pass,missing,missing,missing,missing,missing,missing,missing,missing,missing,MTC
1305,0.0645287,0.09446614,0.1229332599999999,0.12721289,0.09308073,0.07070484,0.06161202,0.05756907,0.0546373499999999,100Mt-noCostDecrease,100Mt-noCostDecrease,AR,trn_pass_road,missing,missing,missing,missing,missing,missing,missing,missing,missing,MTC
1306,0.00816335,0.0101037,0.00893792,0.00786583,0.00721389,0.00680786,0.006616,0.00633747,0.0061355,100Mt-noCostDecrease,100Mt-noCostDecrease,AR,trn_pass_road_LDV,missing,missing,missing,missing,missing,missing,missing,missing,missing,MTC
1307,2.3192825600000004,2.8705351300000004,2.76174716,2.44768196,1.86289478,1.4076736939999996,1.0496773689999996,0.925880595,0.8471930109999999,100Mt-noCostDecrease,100Mt-noCostDecrease,AR,trn_pass_road_LDV_4W,missing,missing,missing,missing,missing,missing,missing,missing,missing,MTC
1308,0.0,0.000252713,0.0,0.0,0.0,0.0,0.0,0.0,0.0,100Mt-noCostDecrease,100Mt-noCostDecrease,AR,trn_shipping_intl,missing,missing,missing,missing,missing,missing,missing,missing,missing,MTC
1309,0.0,0.0,0.0,-0.09795809,-0.10375326,-0.2964857,-0.5156984,-0.8618508,-1.35795,100Mt-noCostDecrease,100Mt-noCostDecrease,CA,CDR_regional,missing,missing,missing,missing,missing,missing,missing,missing,missing,MTC
1310,0.377224,0.251365,0.2873489,0.2967956699999999,0.28569001,0.24448306,0.21397789,0.17195008,0.1402424229999999,100Mt-noCostDecrease,100Mt-noCostDecrease,CA,N fertilizer,missing,missing,missing,missing,missing,missing,missing,missing,missing,MTC
1311,2.93951499,3.70714192,5.083328912999997,5.7080251581,4.7369085781,3.3260234456000006,2.9288308365000018,3.32629350604,4.125023734864,100Mt-noCostDecrease,100Mt-noCostDecrease,CA,base load generation,missing,missing,missing,missing,missing,missing,missing,missing,missing,MTC
1312,0.0,0.006239025,0.0903118,0.08622016,0.0704772499999999,0.05176403,0.03845868,0.02487977,0.01102761,100Mt-noCostDecrease,100Mt-noCostDecrease,CA,biomass liquids,missing,missing,missing,missing,missing,missing,missing,missing,missing,MTC
1313,0.0,0.0,0.056449102,0.252391034,0.73522495,1.3333623139999993,1.4837828830000008,1.92996536,1.980312996,100Mt-noCostDecrease,100Mt-noCostDecrease,CA,biorefining,missing,missing,missing,missing,missing,missing,missing,missing,missing,MTC
1314,1.1583,1.63701,1.27436,1.2240128,0.5465296,0.264228,0.271542,0.1988759,0.1962097,100Mt-noCostDecrease,100Mt-noCostDecrease,CA,cement,missing,missing,missing,missing,missing,missing,missing,missing,missing,MTC
1315,0.442681,0.498531,0.2979480999999999,0.3134236,0.3140946999999999,0.3062064,0.3072987,0.28450987,0.2632457,100Mt-noCostDecrease,100Mt-noCostDecrease,CA,comm cooking,missing,missing,missing,missing,missing,missing,missing,missing,missing,MTC
1316,0.0175129,0.0505122,0.02293855,0.02383958,0.02405687,0.02408022,0.02421731,0.02225931,0.020493938,100Mt-noCostDecrease,100Mt-noCostDecrease,CA,comm cooling,missing,missing,missing,missing,missing,missing,missing,missing,missing,MTC
1317,2.7239036000000003,1.89364364,1.3846276,1.4191854999999998,1.409352,1.3866737000000002,1.3668215,1.2008547999999997,1.1063521300000003,100Mt-noCostDecrease,100Mt-noCostDecrease,CA,comm heating,missing,missing,missing,missing,missing,missing,missing,missing,missing,MTC
1318,1.2720550000000002,1.0371557,0.7820921,0.8135363999999999,0.8166381000000001,0.7986873000000001,0.7955892099999999,0.7160342,0.6575327100000001,100Mt-noCostDecrease,100Mt-noCostDecrease,CA,comm hot water,missing,missing,missing,missing,missing,missing,missing,missing,missing,MTC
1319,0.468399,0.3481597999999999,2.137878,2.2795870000000003,2.249385,2.149672,2.12506,1.912858,1.794705,100Mt-noCostDecrease,100Mt-noCostDecrease,CA,comm other,missing,missing,missing,missing,missing,missing,missing,missing,missing,MTC
1320,0.0,0.0,0.0,0.0,0.0,0.0,0.0,0.000277105,0.005027283,100Mt-noCostDecrease,100Mt-noCostDecrease,CA,gas to liquids,missing,missing,missing,missing,missing,missing,missing,missing,missing,MTC
1321,11.3315472,12.774337,12.622005969999998,13.481005270000002,13.597193127,13.6966912413,14.111624702900004,13.720475480970002,13.100004290750002,100Mt-noCostDecrease,100Mt-noCostDecrease,CA,industrial energy use,missing,missing,missing,missing,missing,missing,missing,missing,missing,MTC
1322,7.34558158,8.2604255,4.58149083,4.407184766299998,3.9573936755,3.596333311,3.225079638999998,2.800399549999997,2.3296919789,100Mt-noCostDecrease,100Mt-noCostDecrease,CA,intermediate generation,missing,missing,missing,missing,missing,missing,missing,missing,missing,MTC
1323,8.73583,5.10181,4.870537,4.707752999999999,4.031612,3.325118,3.040019,2.6106428,2.2219188,100Mt-noCostDecrease,100Mt-noCostDecrease,CA,oil refining,missing,missing,missing,missing,missing,missing,missing,missing,missing,MTC
1324,0.098265687,0.111126248,0.07035544524,0.06199918310899,0.04422601375723,0.03077271955092,0.0236974291786,0.00879692493749,0.00437296454157,100Mt-noCostDecrease,100Mt-noCostDecrease,CA,peak generation,missing,missing,missing,missing,missing,missing,missing,missing,missing,MTC
1325,0.93054704,1.3289798,1.0190584,1.081585,0.8875379,0.8460855,0.8988224,0.9084423,0.9469982,100Mt-noCostDecrease,100Mt-noCostDecrease,CA,process heat cement,missing,missing,missing,missing,missing,missing,missing,missing,missing,MTC
1326,-5.11041,-3.82315,-2.10795,-3.07096,-4.96845,-7.98356,-8.99427,-29.1451,-43.3686,100Mt-noCostDecrease,100Mt-noCostDecrease,CA,regional biomass,missing,missing,missing,missing,missing,missing,missing,missing,missing,MTC
1327,0.0,-0.00715426,-0.155904,-0.155774,-0.145841,-0.136584,-0.122379,-0.123722,-0.106913,100Mt-noCostDecrease,100Mt-noCostDecrease,CA,regional biomassOil,missing,missing,missing,missing,missing,missing,missing,missing,missing,MTC
1328,0.0,-0.0248912,-0.365229,-0.364971,-0.351734,-0.342182,-0.310516,-0.325981,-0.287244,100Mt-noCostDecrease,100Mt-noCostDecrease,CA,regional corn for ethanol,missing,missing,missing,missing,missing,missing,missing,missing,missing,MTC
1329,0.163554,0.326809,0.1042193999999999,0.1168491,0.1238442999999999,0.1249651,0.1295188,0.1246524,0.1141068,100Mt-noCostDecrease,100Mt-noCostDecrease,CA,resid clothes dryers,missing,missing,missing,missing,missing,missing,missing,missing,missing,MTC
1330,0.5816327,0.98590124,0.42670461,0.4547981300000001,0.4624021399999999,0.459371119,0.451347638,0.428567784,0.3820049599999999,100Mt-noCostDecrease,100Mt-noCostDecrease,CA,resid cooking,missing,missing,missing,missing,missing,missing,missing,missing,missing,MTC
1331,5.17335704,2.73895733,2.3280033100000006,2.28904562,2.14861754,1.94722181,1.72846371,1.4325889899999995,1.1355339570000007,100Mt-noCostDecrease,100Mt-noCostDecrease,CA,resid heating,missing,missing,missing,missing,missing,missing,missing,missing,missing,MTC
1332,2.7715537,3.7296624,3.2878919200000003,3.60137385,3.80863506,3.90690072,4.09738959,4.062611919999999,3.86276932,100Mt-noCostDecrease,100Mt-noCostDecrease,CA,resid hot water,missing,missing,missing,missing,missing,missing,missing,missing,missing,MTC
1333,0.240192,0.0264953,0.4405184,0.5088698,0.5309102,0.5693394,0.6131442,0.5084983000000001,0.4429429,100Mt-noCostDecrease,100Mt-noCostDecrease,CA,resid other,missing,missing,missing,missing,missing,missing,missing,missing,missing,MTC
1334,0.72081644,0.7534925100000001,0.2550607996199999,0.22696979665385,0.15862133488901,0.1194347134630999,0.0969930585389,0.0657785589058,0.0348935046806299,100Mt-noCostDecrease,100Mt-noCostDecrease,CA,subpeak generation,missing,missing,missing,missing,missing,missing,missing,missing,missing,MTC
1335,2.22999,2.46356,2.74439,2.88655,2.93529,2.96948,3.08823,3.15738,3.24521,100Mt-noCostDecrease,100Mt-noCostDecrease,CA,trn_aviation_intl,missing,missing,missing,missing,missing,missing,missing,missing,missing,MTC
1336,1.695018,1.581137,2.625508,2.8395900000000003,2.779938,2.75226,2.90802,2.90079,2.91813,100Mt-noCostDecrease,100Mt-noCostDecrease,CA,trn_freight,missing,missing,missing,missing,missing,missing,missing,missing,missing,MTC
1337,9.62284,11.38324,11.912838729999995,12.80468938,12.61949247,11.54096786,11.07987006,9.83205368,8.24880182,100Mt-noCostDecrease,100Mt-noCostDecrease,CA,trn_freight_road,missing,missing,missing,missing,missing,missing,missing,missing,missing,MTC
1338,8.5482903,9.4457711,11.0526245,11.8335071,11.898142,12.0255286,12.5981771,12.7716108,13.1475558,100Mt-noCostDecrease,100Mt-noCostDecrease,CA,trn_pass,missing,missing,missing,missing,missing,missing,missing,missing,missing,MTC
1339,0.369033,0.4470324,0.6090358,0.613408,0.4341819,0.3277277999999999,0.2912592,0.2777718,0.2690954,100Mt-noCostDecrease,100Mt-noCostDecrease,CA,trn_pass_road,missing,missing,missing,missing,missing,missing,missing,missing,missing,MTC
1340,0.086366,0.114525,0.103879,0.0984538,0.0902247,0.0838206,0.0800763,0.074963,0.0711848,100Mt-noCostDecrease,100Mt-noCostDecrease,CA,trn_pass_road_LDV,missing,missing,missing,missing,missing,missing,missing,missing,missing,MTC
1341,24.5389074,32.539191,29.0853865,25.8333501,19.522282559999997,14.585530639999998,10.6767074,9.222177299999998,8.371326300000002,100Mt-noCostDecrease,100Mt-noCostDecrease,CA,trn_pass_road_LDV_4W,missing,missing,missing,missing,missing,missing,missing,missing,missing,MTC
1342,9.1936,7.7235,7.38273,7.71716,7.57408,7.49563,7.76299,7.7486,7.9053,100Mt-noCostDecrease,100Mt-noCostDecrease,CA,trn_shipping_intl,missing,missing,missing,missing,missing,missing,missing,missing,missing,MTC
1343,0.0,0.0,0.0,-0.037994013,-0.0422273,-0.0465186999999999,-0.0830172,-0.1476664,-0.2427917,100Mt-noCostDecrease,100Mt-noCostDecrease,CO,CDR_regional,missing,missing,missing,missing,missing,missing,missing,missing,missing,MTC
1344,5.033346257,7.197563860000001,5.8189936095400006,5.515916740280001,3.346718589576,0.9172500432,0.7955812986699996,0.4606854506729999,0.82949892653618,100Mt-noCostDecrease,100Mt-noCostDecrease,CO,base load generation,missing,missing,missing,missing,missing,missing,missing,missing,missing,MTC
1345,0.0,0.00175402,0.0498873,0.0476261,0.0389125,0.0285732,0.0212281,0.013732,0.00608644,100Mt-noCostDecrease,100Mt-noCostDecrease,CO,biomass liquids,missing,missing,missing,missing,missing,missing,missing,missing,missing,MTC
1346,0.0,0.0,0.0603974699999999,0.255976686,0.7400256390000001,1.3417896890000005,1.494842761,1.961778907,2.0213995549999995,100Mt-noCostDecrease,100Mt-noCostDecrease,CO,biorefining,missing,missing,missing,missing,missing,missing,missing,missing,missing,MTC
1347,0.215744,0.304908,0.236818,0.23449025,0.1007753,0.0470541,0.0483902,0.03560642,0.03526349,100Mt-noCostDecrease,100Mt-noCostDecrease,CO,cement,missing,missing,missing,missing,missing,missing,missing,missing,missing,MTC
1348,0.0,0.0,0.0,0.0,0.0,0.0,0.0,0.000398988,0.007328692,100Mt-noCostDecrease,100Mt-noCostDecrease,CO,coal to liquids,missing,missing,missing,missing,missing,missing,missing,missing,missing,MTC
1349,0.0341376,0.0504987999999999,0.08225255,0.09190496,0.09552659,0.09505845,0.09737019,0.09189965,0.0858353199999999,100Mt-noCostDecrease,100Mt-noCostDecrease,CO,comm cooking,missing,missing,missing,missing,missing,missing,missing,missing,missing,MTC
1350,4.26002e-06,0.000853421,0.000724328,0.000798712,0.000835543,0.0008548200000000001,0.0008756177,0.0008275232000000001,0.0007677859999999999,100Mt-noCostDecrease,100Mt-noCostDecrease,CO,comm cooling,missing,missing,missing,missing,missing,missing,missing,missing,missing,MTC
1351,0.7484879,0.8277796,0.57319999,0.61692867,0.6195935379999999,0.5947651249999998,0.5739194089999999,0.47849311,0.428609479,100Mt-noCostDecrease,100Mt-noCostDecrease,CO,comm heating,missing,missing,missing,missing,missing,missing,missing,missing,missing,MTC
1352,0.23396358,0.1247607499999999,0.1721869,0.1893120599999999,0.1946173,0.19043581,0.18781771,0.165267026,0.147209159,100Mt-noCostDecrease,100Mt-noCostDecrease,CO,comm hot water,missing,missing,missing,missing,missing,missing,missing,missing,missing,MTC
1353,0.05745088,0.0529517199999999,0.2137859999999999,0.25322,0.282667,0.324875,0.362307,0.349753,0.334419,100Mt-noCostDecrease,100Mt-noCostDecrease,CO,comm other,missing,missing,missing,missing,missing,missing,missing,missing,missing,MTC
1354,0.0,0.0,0.0,0.0,0.0,0.0,0.0,0.00233977,0.04244858,100Mt-noCostDecrease,100Mt-noCostDecrease,CO,gas to liquids,missing,missing,missing,missing,missing,missing,missing,missing,missing,MTC
1355,1.42121108,2.6440784,3.008244374,3.238161821,3.2558010054899995,3.2816172259199994,3.36319067515,3.2995790259200004,3.129641740758,100Mt-noCostDecrease,100Mt-noCostDecrease,CO,industrial energy use,missing,missing,missing,missing,missing,missing,missing,missing,missing,MTC
1356,3.5741966549999997,4.205477290000001,3.0872677806900004,2.9546764772300005,2.5496421031800014,1.7998561512499995,1.6643673259400007,1.10378992606,1.0188734143500002,100Mt-noCostDecrease,100Mt-noCostDecrease,CO,intermediate generation,missing,missing,missing,missing,missing,missing,missing,missing,missing,MTC
1357,0.264798,0.239178,0.2649793,0.256204,0.2194484,0.1809647999999999,0.1654355,0.1419877,0.12052603,100Mt-noCostDecrease,100Mt-noCostDecrease,CO,oil refining,missing,missing,missing,missing,missing,missing,missing,missing,missing,MTC
1358,0.0504106245,0.03730172,0.02551886672,0.0226979071233,0.015434061784944,0.01081916926345,0.00867507601624,0.0041455327373599,0.0021866674561899,100Mt-noCostDecrease,100Mt-noCostDecrease,CO,peak generation,missing,missing,missing,missing,missing,missing,missing,missing,missing,MTC
1359,0.1733226,0.2475338799999999,0.18952527,0.20044141,0.1585598899999999,0.15371249,0.16418259,0.16745388,0.1755900999999999,100Mt-noCostDecrease,100Mt-noCostDecrease,CO,process heat cement,missing,missing,missing,missing,missing,missing,missing,missing,missing,MTC
1360,-0.221447,-0.220613,-0.38308,-1.03538,-2.69413,-4.85533,-5.45029,-8.83436,-13.7554,100Mt-noCostDecrease,100Mt-noCostDecrease,CO,regional biomass,missing,missing,missing,missing,missing,missing,missing,missing,missing,MTC
1361,0.0,0.0,-0.0141989,-0.0206842,-0.0363668,-0.0571316,-0.0640558,-0.0880547,-0.0936926,100Mt-noCostDecrease,100Mt-noCostDecrease,CO,regional biomassOil,missing,missing,missing,missing,missing,missing,missing,missing,missing,MTC
1362,0.0,-0.00761333,-0.236516,-0.243972,-0.259217,-0.284554,-0.274928,-0.320482,-0.305287,100Mt-noCostDecrease,100Mt-noCostDecrease,CO,regional corn for ethanol,missing,missing,missing,missing,missing,missing,missing,missing,missing,MTC
1363,0.0073272,0.0255856,0.00761885,0.00819693,0.00841845,0.00817706,0.00830093,0.00787872,0.0070885,100Mt-noCostDecrease,100Mt-noCostDecrease,CO,resid clothes dryers,missing,missing,missing,missing,missing,missing,missing,missing,missing,MTC
1364,0.025859804,0.07968231,0.037976529,0.038360852,0.0364870869999999,0.034007399,0.0311400189999999,0.028859281,0.024831502,100Mt-noCostDecrease,100Mt-noCostDecrease,CO,resid cooking,missing,missing,missing,missing,missing,missing,missing,missing,missing,MTC
1365,1.1963249299999998,1.45176479,1.4749951599999995,1.4523621000000002,1.3698860399999997,1.25258574,1.1287273700000002,0.9620430380000002,0.782835979,100Mt-noCostDecrease,100Mt-noCostDecrease,CO,resid heating,missing,missing,missing,missing,missing,missing,missing,missing,missing,MTC
1366,0.27471532,0.54050483,0.4900781099999999,0.5116753300000001,0.51375246,0.493583978,0.505339207,0.4758576329999999,0.415944892,100Mt-noCostDecrease,100Mt-noCostDecrease,CO,resid hot water,missing,missing,missing,missing,missing,missing,missing,missing,missing,MTC
1367,0.01016724,0.0141473,0.0416046,0.0464705,0.0456976,0.0489975,0.0522439,0.0436386,0.0365667,100Mt-noCostDecrease,100Mt-noCostDecrease,CO,resid other,missing,missing,missing,missing,missing,missing,missing,missing,missing,MTC
1368,0.339829641,0.250617041,0.05096106153,0.04666644832742,0.0347838561152,0.0255168577636,0.0219422244187999,0.0198255399006999,0.0131242421972,100Mt-noCostDecrease,100Mt-noCostDecrease,CO,subpeak generation,missing,missing,missing,missing,missing,missing,missing,missing,missing,MTC
1369,0.144107,0.290122,0.22969,0.246602,0.253859,0.257872,0.269152,0.275354,0.283573,100Mt-noCostDecrease,100Mt-noCostDecrease,CO,trn_aviation_intl,missing,missing,missing,missing,missing,missing,missing,missing,missing,MTC
1370,0.0786841,0.122286,0.137724,0.151671,0.162891,0.171333,0.182291,0.191196,0.196517,100Mt-noCostDecrease,100Mt-noCostDecrease,CO,trn_freight,missing,missing,missing,missing,missing,missing,missing,missing,missing,MTC
1371,1.1915269999999998,1.851796,2.0673226500000004,2.21882149,2.1631403700000003,1.970865356,1.910256354,1.707104483,1.449838437,100Mt-noCostDecrease,100Mt-noCostDecrease,CO,trn_freight_road,missing,missing,missing,missing,missing,missing,missing,missing,missing,MTC
1372,0.55401245,1.11382746,0.92431494,1.00992886,1.02659378,1.04157587,1.09606318,1.11113157,1.1461435800000002,100Mt-noCostDecrease,100Mt-noCostDecrease,CO,trn_pass,missing,missing,missing,missing,missing,missing,missing,missing,missing,MTC
1373,0.045695,0.07804271,0.11673776,0.12134602,0.08974111,0.0687439099999999,0.06047917,0.05711864,0.0548077499999999,100Mt-noCostDecrease,100Mt-noCostDecrease,CO,trn_pass_road,missing,missing,missing,missing,missing,missing,missing,missing,missing,MTC
1374,0.0100135,0.0152114,0.0156559,0.0150781,0.0142123,0.0134872,0.0130967,0.0124613,0.011975,100Mt-noCostDecrease,100Mt-noCostDecrease,CO,trn_pass_road_LDV,missing,missing,missing,missing,missing,missing,missing,missing,missing,MTC
1375,2.84532944,4.32174345,4.593585539999999,4.182644079999999,3.2225800070000004,2.446480457,1.82459684,1.5721157099999998,1.4277664599999995,100Mt-noCostDecrease,100Mt-noCostDecrease,CO,trn_pass_road_LDV_4W,missing,missing,missing,missing,missing,missing,missing,missing,missing,MTC
1376,0.0,0.0,0.0,0.0,0.0,0.0,0.0,0.0,0.0,100Mt-noCostDecrease,100Mt-noCostDecrease,CO,trn_shipping_intl,missing,missing,missing,missing,missing,missing,missing,missing,missing,MTC
1377,0.0,0.0,0.0,-0.0062411079999999,-0.006494287,-0.02296668,-0.03838518,-0.05741888,-0.07802158,100Mt-noCostDecrease,100Mt-noCostDecrease,CT,CDR_regional,missing,missing,missing,missing,missing,missing,missing,missing,missing,MTC
1378,1.2064380999999995,1.4847491700000002,0.6712278800000001,0.6525002519,0.6184789090199998,0.5541851934499998,0.5323313714700001,0.3365986057,0.3445673236700001,100Mt-noCostDecrease,100Mt-noCostDecrease,CT,base load generation,missing,missing,missing,missing,missing,missing,missing,missing,missing,MTC
1379,0.0,0.0,0.0555042419999999,0.226382991,0.6355866119999999,1.1161989610000005,1.237213063,1.5804261209999997,1.6136991990000005,100Mt-noCostDecrease,100Mt-noCostDecrease,CT,biorefining,missing,missing,missing,missing,missing,missing,missing,missing,missing,MTC
1380,0.0766575,0.108339,0.0739987,0.071493302,0.03690532,0.0170858,0.0179767199999999,0.01237108,0.01213796,100Mt-noCostDecrease,100Mt-noCostDecrease,CT,cement,missing,missing,missing,missing,missing,missing,missing,missing,missing,MTC
1381,0.0248977599999999,0.0279396999999999,0.022786749,0.0228089839999999,0.022137955,0.020970985,0.020807137,0.019213285,0.018183223,100Mt-noCostDecrease,100Mt-noCostDecrease,CT,comm cooking,missing,missing,missing,missing,missing,missing,missing,missing,missing,MTC
1382,0.00317228,0.0109255,0.01483726,0.0146287599999999,0.01434454,0.01401326,0.0139122899999999,0.012973019,0.012421619,100Mt-noCostDecrease,100Mt-noCostDecrease,CT,comm cooling,missing,missing,missing,missing,missing,missing,missing,missing,missing,MTC
1383,0.6121969,0.76952464,0.54255202,0.53463691,0.5170089600000001,0.4878154199999999,0.46232647,0.380349046,0.352630601,100Mt-noCostDecrease,100Mt-noCostDecrease,CT,comm heating,missing,missing,missing,missing,missing,missing,missing,missing,missing,MTC
1384,0.246775,0.078021,0.06304921,0.06272604,0.061020748,0.057903579,0.056768957,0.0505611090999999,0.0477072676,100Mt-noCostDecrease,100Mt-noCostDecrease,CT,comm hot water,missing,missing,missing,missing,missing,missing,missing,missing,missing,MTC
1385,0.0436331,0.0296487,0.2985564,0.3058507,0.3028514,0.2977178,0.302266,0.2853177999999999,0.2744688,100Mt-noCostDecrease,100Mt-noCostDecrease,CT,comm other,missing,missing,missing,missing,missing,missing,missing,missing,missing,MTC
1386,0.6013576988,0.5516059401,0.478019745,0.4966174791,0.5020848696000001,0.5144179172000001,0.5352484483,0.5286010441100001,0.5156991653199999,100Mt-noCostDecrease,100Mt-noCostDecrease,CT,industrial energy use,missing,missing,missing,missing,missing,missing,missing,missing,missing,MTC
1387,1.7856464,1.4345129,1.0829689319999998,1.0319807330999995,0.9307626136699996,0.8448794802000003,0.7632355923999999,0.6611245751000003,0.5639965424000001,100Mt-noCostDecrease,100Mt-noCostDecrease,CT,intermediate generation,missing,missing,missing,missing,missing,missing,missing,missing,missing,MTC
1388,0.02929896,0.0131546399999999,0.014014794696,0.0121749270798299,0.0086060637073499,0.00658326872851,0.0057033726009,0.0035546569909,0.0022975126002,100Mt-noCostDecrease,100Mt-noCostDecrease,CT,peak generation,missing,missing,missing,missing,missing,missing,missing,missing,missing,MTC
1389,0.06158463,0.087953318,0.059212912,0.0599478539999999,0.04979577,0.04776902,0.05140728,0.05233517,0.05491239,100Mt-noCostDecrease,100Mt-noCostDecrease,CT,process heat cement,missing,missing,missing,missing,missing,missing,missing,missing,missing,MTC
1390,-0.709222,-0.548885,-0.541741,-1.08615,-2.40716,-4.06245,-4.52112,-6.30169,-7.50114,100Mt-noCostDecrease,100Mt-noCostDecrease,CT,regional biomass,missing,missing,missing,missing,missing,missing,missing,missing,missing,MTC
1391,0.0,0.0,-0.0129141,-0.0186504,-0.0321205,-0.0490346,-0.0546157,-0.0726563,-0.0760497,100Mt-noCostDecrease,100Mt-noCostDecrease,CT,regional biomassOil,missing,missing,missing,missing,missing,missing,missing,missing,missing,MTC
1392,0.0,0.0,-0.0162038,-0.0298253,-0.0703997,-0.121332,-0.137341,-0.189812,-0.200403,100Mt-noCostDecrease,100Mt-noCostDecrease,CT,regional corn for ethanol,missing,missing,missing,missing,missing,missing,missing,missing,missing,MTC
1393,0.00696368,0.0101857,0.0047788,0.0047821,0.0047590859999999,0.004527927,0.004634194,0.0044686019999999,0.004114999,100Mt-noCostDecrease,100Mt-noCostDecrease,CT,resid clothes dryers,missing,missing,missing,missing,missing,missing,missing,missing,missing,MTC
1394,0.02794703,0.03562049,0.029461319,0.028324189,0.02637289,0.0243860559999999,0.0223350381,0.021208909,0.019015307,100Mt-noCostDecrease,100Mt-noCostDecrease,CT,resid cooking,missing,missing,missing,missing,missing,missing,missing,missing,missing,MTC
1395,1.6571028199999998,1.74121075,1.1858732900000002,1.14172975,1.0804722299999998,1.00516368,0.9213510200000002,0.80638262,0.67462132,100Mt-noCostDecrease,100Mt-noCostDecrease,CT,resid heating,missing,missing,missing,missing,missing,missing,missing,missing,missing,MTC
1396,0.3577236,0.4413191,0.31066072,0.29965061,0.2835336399999999,0.2480240569999999,0.247060554,0.2254996099999999,0.1923330499999999,100Mt-noCostDecrease,100Mt-noCostDecrease,CT,resid hot water,missing,missing,missing,missing,missing,missing,missing,missing,missing,MTC
1397,0.01977228,0.0245,0.0333342,0.0348378,0.0339577,0.0359778,0.0386978,0.033435,0.0294367,100Mt-noCostDecrease,100Mt-noCostDecrease,CT,resid other,missing,missing,missing,missing,missing,missing,missing,missing,missing,MTC
1398,0.18552201,0.1325612,0.08692415478,0.0770311712611999,0.0574252982978,0.046090018904,0.040860923943,0.03027466158,0.021500770411,100Mt-noCostDecrease,100Mt-noCostDecrease,CT,subpeak generation,missing,missing,missing,missing,missing,missing,missing,missing,missing,MTC
1399,0.055314,0.0579593,0.0341494,0.0345453,0.034999,0.0355727,0.0373546,0.0384396,0.0397059,100Mt-noCostDecrease,100Mt-noCostDecrease,CT,trn_aviation_intl,missing,missing,missing,missing,missing,missing,missing,missing,missing,MTC
1400,0.0565099399999999,0.0704565329999999,0.0584467,0.0610497,0.0646603,0.0681475,0.0734391,0.0784934,0.082661,100Mt-noCostDecrease,100Mt-noCostDecrease,CT,trn_freight,missing,missing,missing,missing,missing,missing,missing,missing,missing,MTC
1401,0.830737,1.058751,0.881177655,0.901377635,0.8689054559999999,0.7927692520000001,0.7894787530000001,0.728735574,0.643778798,100Mt-noCostDecrease,100Mt-noCostDecrease,CT,trn_freight_road,missing,missing,missing,missing,missing,missing,missing,missing,missing,MTC
1402,0.21370423,0.22446011,0.1378701,0.14154914,0.1416645299999999,0.1438147,0.1522565,0.15532841,0.16061129,100Mt-noCostDecrease,100Mt-noCostDecrease,CT,trn_pass,missing,missing,missing,missing,missing,missing,missing,missing,missing,MTC
1403,0.0318577,0.04238661,0.05394126,0.0554115399999999,0.0402478399999999,0.0306252,0.0268798,0.02531602,0.0242423999999999,100Mt-noCostDecrease,100Mt-noCostDecrease,CT,trn_pass_road,missing,missing,missing,missing,missing,missing,missing,missing,missing,MTC
1404,0.00880427,0.0115404,0.00873703,0.00779757,0.0072198,0.00686483,0.00677918,0.00654638,0.00635217,100Mt-noCostDecrease,100Mt-noCostDecrease,CT,trn_pass_road_LDV,missing,missing,missing,missing,missing,missing,missing,missing,missing,MTC
1405,2.50155212,3.27866558,2.77720753,2.4497149700000005,1.850704209,1.3920406800000005,1.030787989,0.9080425909999996,0.830733459,100Mt-noCostDecrease,100Mt-noCostDecrease,CT,trn_pass_road_LDV_4W,missing,missing,missing,missing,missing,missing,missing,missing,missing,MTC
1406,0.0143243,0.00503283,0.0,0.0,0.0,0.0,0.0,0.0,0.0,100Mt-noCostDecrease,100Mt-noCostDecrease,CT,trn_shipping_intl,missing,missing,missing,missing,missing,missing,missing,missing,missing,MTC
1407,0.0,0.0,0.0,-0.003188419,-0.00340695,-0.0110992099999999,-0.01978795,-0.03368413,-0.05295129,100Mt-noCostDecrease,100Mt-noCostDecrease,DE,CDR_regional,missing,missing,missing,missing,missing,missing,missing,missing,missing,MTC
1408,0.740305,0.738121,0.1455288891,0.1438173637804999,0.1208310591815999,0.066663411537,0.0614411541847999,0.0366679697806999,0.0500354858101889,100Mt-noCostDecrease,100Mt-noCostDecrease,DE,base load generation,missing,missing,missing,missing,missing,missing,missing,missing,missing,MTC
1409,0.0,0.0,0.0578807509999999,0.248148595,0.7157984600000001,1.2925286750000002,1.438796801,1.880141014,1.934139223000001,100Mt-noCostDecrease,100Mt-noCostDecrease,DE,biorefining,missing,missing,missing,missing,missing,missing,missing,missing,missing,MTC
1410,0.00290743,0.00860613,0.010661681,0.010762909,0.0104246049999999,0.0098216609999999,0.009794062,0.008988203,0.008478295,100Mt-noCostDecrease,100Mt-noCostDecrease,DE,comm cooking,missing,missing,missing,missing,missing,missing,missing,missing,missing,MTC
1411,0.000222941,0.000700063,0.00030478479999999995,0.00030138410000000006,0.0002959669,0.0002888092,0.0002874129,0.00026566949,0.00025071246,100Mt-noCostDecrease,100Mt-noCostDecrease,DE,comm cooling,missing,missing,missing,missing,missing,missing,missing,missing,missing,MTC
1412,0.12865381,0.14533899,0.11819651,0.115985021,0.109329012,0.0991483909999999,0.0911454589999999,0.0684799152,0.061254433,100Mt-noCostDecrease,100Mt-noCostDecrease,DE,comm heating,missing,missing,missing,missing,missing,missing,missing,missing,missing,MTC
1413,0.01684923,0.01746795,0.026306488,0.02645087,0.02562842,0.02401206,0.0235375366,0.0204207188,0.0187549779,100Mt-noCostDecrease,100Mt-noCostDecrease,DE,comm hot water,missing,missing,missing,missing,missing,missing,missing,missing,missing,MTC
1414,0.01249492,0.0107425,0.0510116,0.0551569,0.0575650999999999,0.0617064,0.0666658,0.062998,0.0598314999999999,100Mt-noCostDecrease,100Mt-noCostDecrease,DE,comm other,missing,missing,missing,missing,missing,missing,missing,missing,missing,MTC
1415,0.52451387,0.3387563999999999,0.4169325198999999,0.4416557165,0.4428305066,0.4439888208,0.456707205,0.44466728453,0.4264352101499998,100Mt-noCostDecrease,100Mt-noCostDecrease,DE,industrial energy use,missing,missing,missing,missing,missing,missing,missing,missing,missing,MTC
1416,1.077497,0.969981,0.47792679254,0.4517603338079,0.3991390364283,0.3413021386747,0.3038569919047,0.251788681262,0.2238201329869001,100Mt-noCostDecrease,100Mt-noCostDecrease,DE,intermediate generation,missing,missing,missing,missing,missing,missing,missing,missing,missing,MTC
1417,0.487783,0.461806,0.4680425,0.4523369,0.3873618,0.3194652,0.2920112,0.25070487,0.2131514299999999,100Mt-noCostDecrease,100Mt-noCostDecrease,DE,oil refining,missing,missing,missing,missing,missing,missing,missing,missing,missing,MTC
1418,0.01554609,0.01095388,0.0085918279389999,0.00761784290531,0.0055080314445589,0.0042078826940799,0.00358440339049,0.002314682309,0.0015637001791,100Mt-noCostDecrease,100Mt-noCostDecrease,DE,peak generation,missing,missing,missing,missing,missing,missing,missing,missing,missing,MTC
1419,-0.0310981,-0.018922,-0.121284,-0.743223,-2.302,-4.25694,-4.7625,-6.42128,-6.86052,100Mt-noCostDecrease,100Mt-noCostDecrease,DE,regional biomass,missing,missing,missing,missing,missing,missing,missing,missing,missing,MTC
1420,0.0,0.0,-0.0135504,-0.0198412,-0.0349572,-0.0548155,-0.0614232,-0.0840687,-0.0892293,100Mt-noCostDecrease,100Mt-noCostDecrease,DE,regional biomassOil,missing,missing,missing,missing,missing,missing,missing,missing,missing,MTC
1421,0.0,0.0,-0.0180284,-0.0337902,-0.0817555,-0.144826,-0.164707,-0.233979,-0.249585,100Mt-noCostDecrease,100Mt-noCostDecrease,DE,regional corn for ethanol,missing,missing,missing,missing,missing,missing,missing,missing,missing,MTC
1422,0.00108488,0.00224218,0.001062384,0.001071252,0.001069529,0.001016159,0.00103643,0.00098897,0.000892289,100Mt-noCostDecrease,100Mt-noCostDecrease,DE,resid clothes dryers,missing,missing,missing,missing,missing,missing,missing,missing,missing,MTC
1423,0.004479569,0.007394495,0.006521279,0.006410603,0.0060325369999999,0.0055714008999999,0.0051082361,0.0047619535999999,0.0041256307999999,100Mt-noCostDecrease,100Mt-noCostDecrease,DE,resid cooking,missing,missing,missing,missing,missing,missing,missing,missing,missing,MTC
1424,0.24616137,0.24326006,0.17479924,0.16302621,0.144693822,0.121271073,0.0971896519999999,0.0729162679999999,0.0523054025999999,100Mt-noCostDecrease,100Mt-noCostDecrease,DE,resid heating,missing,missing,missing,missing,missing,missing,missing,missing,missing,MTC
1425,0.0286303049999999,0.05343829,0.0366520929999999,0.035965533,0.0342208129999999,0.0296957544,0.0303908269,0.0271737379,0.022188035,100Mt-noCostDecrease,100Mt-noCostDecrease,DE,resid hot water,missing,missing,missing,missing,missing,missing,missing,missing,missing,MTC
1426,0.00346236,0.003234,0.0072541199999999,0.00809046,0.00802666,0.0084038599999999,0.00908684,0.00747561,0.00628795,100Mt-noCostDecrease,100Mt-noCostDecrease,DE,resid other,missing,missing,missing,missing,missing,missing,missing,missing,missing,MTC
1427,0.1532627999999999,0.0955477,0.05966235561,0.0538065853225,0.0413183479767999,0.0332056601395999,0.0291864814449999,0.02198944718,0.0176690790399999,100Mt-noCostDecrease,100Mt-noCostDecrease,DE,subpeak generation,missing,missing,missing,missing,missing,missing,missing,missing,missing,MTC
1428,0.029276,0.00394274,0.00273907,0.00276046,0.00275973,0.00277202,0.00286683,0.00290668,0.00296693,100Mt-noCostDecrease,100Mt-noCostDecrease,DE,trn_aviation_intl,missing,missing,missing,missing,missing,missing,missing,missing,missing,MTC
1429,0.0329279,0.0420074999999999,0.01827194,0.01845453,0.01823923,0.01835874,0.01921284,0.01955418,0.01977201,100Mt-noCostDecrease,100Mt-noCostDecrease,DE,trn_freight,missing,missing,missing,missing,missing,missing,missing,missing,missing,MTC
1430,0.2322408,0.2326272999999999,0.1920478711,0.1919007083,0.181294659,0.1615265355,0.1568139791999999,0.1404805391,0.1192518816999999,100Mt-noCostDecrease,100Mt-noCostDecrease,DE,trn_freight_road,missing,missing,missing,missing,missing,missing,missing,missing,missing,MTC
1431,0.112520634,0.015715239,0.0113439489999999,0.011558579,0.011386829,0.011421577,0.0119077159999999,0.0119601079999999,0.012230425,100Mt-noCostDecrease,100Mt-noCostDecrease,DE,trn_pass,missing,missing,missing,missing,missing,missing,missing,missing,missing,MTC
1432,0.00890613,0.0089474599,0.0127798409999999,0.0135879379999999,0.010422644,0.00820217,0.007320088,0.006963599,0.006733954,100Mt-noCostDecrease,100Mt-noCostDecrease,DE,trn_pass_road,missing,missing,missing,missing,missing,missing,missing,missing,missing,MTC
1433,0.00227553,0.0031752,0.00259901,0.00220332,0.00194384,0.00179335,0.00170347,0.0015844,0.00148891,100Mt-noCostDecrease,100Mt-noCostDecrease,DE,trn_pass_road_LDV,missing,missing,missing,missing,missing,missing,missing,missing,missing,MTC
1434,0.646626235,0.902423783,0.911444593,0.815656755,0.6218482919999999,0.4694195059000001,0.348729721,0.303789421,0.276638089,100Mt-noCostDecrease,100Mt-noCostDecrease,DE,trn_pass_road_LDV_4W,missing,missing,missing,missing,missing,missing,missing,missing,missing,MTC
1435,0.152638,0.248128,0.0239895,0.0240879,0.0231692,0.0227193,0.0233851,0.0231136,0.0233796,100Mt-noCostDecrease,100Mt-noCostDecrease,DE,trn_shipping_intl,missing,missing,missing,missing,missing,missing,missing,missing,missing,MTC
1436,0.0,0.0,0.0019332842,0.002795954499,0.0067758433489999,0.0140237175999999,0.02002943779,0.020254479219,0.0091642543223,100Mt-noCostDecrease,100Mt-noCostDecrease,DC,base load generation,missing,missing,missing,missing,missing,missing,missing,missing,missing,MTC
1437,0.01015574,0.01951154,0.01714661,0.01784177,0.01866365,0.019471658,0.020490672,0.0210898939999999,0.021369929,100Mt-noCostDecrease,100Mt-noCostDecrease,DC,comm cooking,missing,missing,missing,missing,missing,missing,missing,missing,missing,MTC
1438,0.00119848,0.00231176,0.0007081310000000001,0.000721127,0.0007384440000000001,0.000775644,0.0008293931,0.0008551793,0.0008496629,100Mt-noCostDecrease,100Mt-noCostDecrease,DC,comm cooling,missing,missing,missing,missing,missing,missing,missing,missing,missing,MTC
1439,0.28607459,0.258073401,0.14868905,0.148637733,0.149387711,0.151373711,0.1540529799999999,0.150036552,0.1508744361999999,100Mt-noCostDecrease,100Mt-noCostDecrease,DC,comm heating,missing,missing,missing,missing,missing,missing,missing,missing,missing,MTC
1440,0.04198291,0.03682455,0.037099636,0.0382551479999999,0.0401561077999999,0.0428103318,0.0459250568,0.04761370714,0.04828653864,100Mt-noCostDecrease,100Mt-noCostDecrease,DC,comm hot water,missing,missing,missing,missing,missing,missing,missing,missing,missing,MTC
1441,0.0312584999999999,0.01453926,0.04449048,0.0542532,0.0735924,0.1002529,0.1162794,0.1207048,0.1197867,100Mt-noCostDecrease,100Mt-noCostDecrease,DC,comm other,missing,missing,missing,missing,missing,missing,missing,missing,missing,MTC
1442,0.005699628,0.00673899,0.0018729780799999,0.00196575254,0.00206392563,0.00222456458,0.00236278904,0.00240590056,0.00239121206,100Mt-noCostDecrease,100Mt-noCostDecrease,DC,industrial energy use,missing,missing,missing,missing,missing,missing,missing,missing,missing,MTC
1443,0.0754603,0.0490159,0.0058276485,0.00738130009,0.01123413194,0.0204101567,0.0272528687,0.0469639252,0.0696476693999999,100Mt-noCostDecrease,100Mt-noCostDecrease,DC,intermediate generation,missing,missing,missing,missing,missing,missing,missing,missing,missing,MTC
1444,0.0,0.0,0.0,0.0,0.0,0.0,0.0,0.0,0.0,100Mt-noCostDecrease,100Mt-noCostDecrease,DC,peak generation,missing,missing,missing,missing,missing,missing,missing,missing,missing,MTC
1445,-0.0247435,-0.00104421,-0.00540479,-0.00666971,-0.00751299,-0.00932213,-0.00958812,-0.00728679,-0.00625905,100Mt-noCostDecrease,100Mt-noCostDecrease,DC,regional biomass,missing,missing,missing,missing,missing,missing,missing,missing,missing,MTC
1446,0.00238702,0.00321772,0.0014043279999999,0.001454712,0.0015479639999999,0.001689134,0.00185627,0.001936198,0.0019024099999999,100Mt-noCostDecrease,100Mt-noCostDecrease,DC,resid clothes dryers,missing,missing,missing,missing,missing,missing,missing,missing,missing,MTC
1447,0.0082147971999999,0.009818317,0.0061134289,0.0061264092999999,0.0062078594,0.0064655799999999,0.00679535794,0.00699322814,0.00682417457,100Mt-noCostDecrease,100Mt-noCostDecrease,DC,resid cooking,missing,missing,missing,missing,missing,missing,missing,missing,missing,MTC
1448,0.211702352,0.162318093,0.133219492,0.1262439869999999,0.1174726649999999,0.10867462,0.100730039,0.0920209758999999,0.0818823871999999,100Mt-noCostDecrease,100Mt-noCostDecrease,DC,resid heating,missing,missing,missing,missing,missing,missing,missing,missing,missing,MTC
1449,0.0452600262,0.056566533,0.0414762156,0.041731223,0.0434493030999999,0.046488191,0.0505214946999999,0.0512282551,0.0483666337999999,100Mt-noCostDecrease,100Mt-noCostDecrease,DC,resid hot water,missing,missing,missing,missing,missing,missing,missing,missing,missing,MTC
1450,0.00267514,0.00079184,0.006075695,0.006806286,0.007560995,0.008764253,0.009568475,0.008882823,0.007958302,100Mt-noCostDecrease,100Mt-noCostDecrease,DC,resid other,missing,missing,missing,missing,missing,missing,missing,missing,missing,MTC
1451,0.018865,0.012254,0.0,0.0,0.0,0.0,0.0,0.0,0.0,100Mt-noCostDecrease,100Mt-noCostDecrease,DC,subpeak generation,missing,missing,missing,missing,missing,missing,missing,missing,missing,MTC
1452,0.000126486,0.0,0.0,0.0,0.0,0.0,0.0,0.0,0.0,100Mt-noCostDecrease,100Mt-noCostDecrease,DC,trn_aviation_intl,missing,missing,missing,missing,missing,missing,missing,missing,missing,MTC
1453,0.0092448872,0.00499776,0.0031265,0.00331746,0.00354899,0.0037934,0.0040216,0.00437018,0.00468799,100Mt-noCostDecrease,100Mt-noCostDecrease,DC,trn_freight,missing,missing,missing,missing,missing,missing,missing,missing,missing,MTC
1454,0.1391243999999999,0.0756760099999999,0.0470734768999999,0.049048378,0.0489916781,0.04722937236,0.0469375514999999,0.0463718460999999,0.0445727383999999,100Mt-noCostDecrease,100Mt-noCostDecrease,DC,trn_freight_road,missing,missing,missing,missing,missing,missing,missing,missing,missing,MTC
1455,0.000870242,0.00021364,0.000128009,0.000133939,0.000140214,0.000148437,0.000154071,0.000158129,0.000159878,100Mt-noCostDecrease,100Mt-noCostDecrease,DC,trn_pass,missing,missing,missing,missing,missing,missing,missing,missing,missing,MTC
1456,0.00533513,0.003196667,0.004465097,0.004876536,0.0039466269999999,0.00333941,0.0031025569999999,0.003049554,0.003020963,100Mt-noCostDecrease,100Mt-noCostDecrease,DC,trn_pass_road,missing,missing,missing,missing,missing,missing,missing,missing,missing,MTC
1457,0.00111524,0.000917275,0.000672225,0.000593209,0.000536728,0.000498049,0.000463708,0.000431859,0.000399078,100Mt-noCostDecrease,100Mt-noCostDecrease,DC,trn_pass_road_LDV,missing,missing,missing,missing,missing,missing,missing,missing,missing,MTC
1458,0.316624699,0.260480462,0.219745847,0.1958484615,0.1511429141,0.1180687984999999,0.0918868253999999,0.0841368176,0.0809842456999999,100Mt-noCostDecrease,100Mt-noCostDecrease,DC,trn_pass_road_LDV_4W,missing,missing,missing,missing,missing,missing,missing,missing,missing,MTC
1459,0.000513545,0.0,0.0,0.0,0.0,0.0,0.0,0.0,0.0,100Mt-noCostDecrease,100Mt-noCostDecrease,DC,trn_shipping_intl,missing,missing,missing,missing,missing,missing,missing,missing,missing,MTC
1460,0.0,0.0,0.0,-0.0800876099999999,-0.08388044,-0.2645691,-0.4307912,-0.5928803,-0.7943660000000001,100Mt-noCostDecrease,100Mt-noCostDecrease,FL,CDR_regional,missing,missing,missing,missing,missing,missing,missing,missing,missing,MTC
1461,2.1773,1.45086,1.54939,1.5772041,1.48844801,1.2504302799999998,1.0564769,0.8173161800000001,0.6554935199999999,100Mt-noCostDecrease,100Mt-noCostDecrease,FL,N fertilizer,missing,missing,missing,missing,missing,missing,missing,missing,missing,MTC
1462,15.1174595,21.0764159,17.361479918999997,17.039038566,15.121305236,10.277226778,9.467267323500009,5.271887837889999,5.272424716373798,100Mt-noCostDecrease,100Mt-noCostDecrease,FL,base load generation,missing,missing,missing,missing,missing,missing,missing,missing,missing,MTC
1463,0.0,6.83965e-05,0.00136471,0.00130247,0.00106054,0.000778001,0.000577979,0.000373841,0.0001657,100Mt-noCostDecrease,100Mt-noCostDecrease,FL,biomass liquids,missing,missing,missing,missing,missing,missing,missing,missing,missing,MTC
1464,0.0,0.0,0.0615398699999999,0.254042484,0.7288572589999999,1.316713169,1.4666323489999995,1.926049084,1.985455143,100Mt-noCostDecrease,100Mt-noCostDecrease,FL,biorefining,missing,missing,missing,missing,missing,missing,missing,missing,missing,MTC
1465,0.701497,0.991415,0.769094,0.75355672,0.3298341999999999,0.1513083,0.1533105,0.1097634,0.1068838,100Mt-noCostDecrease,100Mt-noCostDecrease,FL,cement,missing,missing,missing,missing,missing,missing,missing,missing,missing,MTC
1466,0.0717606,0.2146386,0.1488919999999999,0.1568129,0.1551525,0.14776478,0.14701866,0.13143316,0.1182406199999999,100Mt-noCostDecrease,100Mt-noCostDecrease,FL,comm cooking,missing,missing,missing,missing,missing,missing,missing,missing,missing,MTC
1467,0.0184628,0.0553147,0.01327594,0.0140491,0.01458037,0.01500969,0.01557286,0.014659644,0.013506226,100Mt-noCostDecrease,100Mt-noCostDecrease,FL,comm cooling,missing,missing,missing,missing,missing,missing,missing,missing,missing,MTC
1468,0.27538332,0.203826269,0.06839025,0.06999983,0.0682610799999999,0.064959329,0.062153162,0.050492756,0.044662392,100Mt-noCostDecrease,100Mt-noCostDecrease,FL,comm heating,missing,missing,missing,missing,missing,missing,missing,missing,missing,MTC
1469,0.684124,0.489275,0.3796605999999999,0.3972850699999999,0.39595856,0.37736745,0.3693629499999999,0.308805193,0.267624503,100Mt-noCostDecrease,100Mt-noCostDecrease,FL,comm hot water,missing,missing,missing,missing,missing,missing,missing,missing,missing,MTC
1470,0.505282,0.4571081,0.8557980000000001,0.968032,1.035077,1.119064,1.205623,1.094329,1.033494,100Mt-noCostDecrease,100Mt-noCostDecrease,FL,comm other,missing,missing,missing,missing,missing,missing,missing,missing,missing,MTC
1471,0.0,0.0,0.0,0.0,0.0,0.0,0.0,1.00765e-06,1.828101e-05,100Mt-noCostDecrease,100Mt-noCostDecrease,FL,gas to liquids,missing,missing,missing,missing,missing,missing,missing,missing,missing,MTC
1472,5.047564799999999,4.4007395,4.91847306,5.586292839999998,6.072493158,6.725068394,7.172610308399998,6.314127038400001,6.253530102699999,100Mt-noCostDecrease,100Mt-noCostDecrease,FL,industrial energy use,missing,missing,missing,missing,missing,missing,missing,missing,missing,MTC
1473,8.311465,13.0372686,9.018798377,8.6526996327,7.765501532000001,6.726635474099999,6.189740874900004,5.329996919099994,4.785378837300002,100Mt-noCostDecrease,100Mt-noCostDecrease,FL,intermediate generation,missing,missing,missing,missing,missing,missing,missing,missing,missing,MTC
1474,0.08860199,0.1253455,0.10614773964,0.0954562127557999,0.07344162893606,0.0550682022457,0.0468834500633,0.0251660924336999,0.015592735164,100Mt-noCostDecrease,100Mt-noCostDecrease,FL,peak generation,missing,missing,missing,missing,missing,missing,missing,missing,missing,MTC
1475,0.56356453,0.80486526,0.6155174,0.64729426,0.5164674,0.4888691,0.5141483,0.5171112,0.5342127,100Mt-noCostDecrease,100Mt-noCostDecrease,FL,process heat cement,missing,missing,missing,missing,missing,missing,missing,missing,missing,MTC
1476,-3.95484,-3.8014,-3.62095,-4.73162,-7.04171,-11.4167,-13.4067,-39.4613,-55.0458,100Mt-noCostDecrease,100Mt-noCostDecrease,FL,regional biomass,missing,missing,missing,missing,missing,missing,missing,missing,missing,MTC
1477,0.0,-0.000970124,-0.0338655,-0.0394232,-0.0515173,-0.06798,-0.0719749,-0.0928512,-0.0954767,100Mt-noCostDecrease,100Mt-noCostDecrease,FL,regional biomassOil,missing,missing,missing,missing,missing,missing,missing,missing,missing,MTC
1478,0.0,0.0,-0.0208834,-0.03828,-0.0910665,-0.160644,-0.182704,-0.261502,-0.279745,100Mt-noCostDecrease,100Mt-noCostDecrease,FL,regional corn for ethanol,missing,missing,missing,missing,missing,missing,missing,missing,missing,MTC
1479,0.00473712,0.016854,0.00556927,0.0061790499999999,0.00659959,0.0067280239999999,0.0069998289999999,0.006578051,0.00578931,100Mt-noCostDecrease,100Mt-noCostDecrease,FL,resid clothes dryers,missing,missing,missing,missing,missing,missing,missing,missing,missing,MTC
1480,0.0308838,0.0678398,0.031559658,0.032320034,0.0315795149999999,0.030129358,0.0284279869999999,0.025500315,0.0209686909999999,100Mt-noCostDecrease,100Mt-noCostDecrease,FL,resid cooking,missing,missing,missing,missing,missing,missing,missing,missing,missing,MTC
1481,0.69330958,0.098267877,0.091765904,0.086209839,0.077143643,0.0658287569999999,0.054918179,0.0428420061,0.0324562714,100Mt-noCostDecrease,100Mt-noCostDecrease,FL,resid heating,missing,missing,missing,missing,missing,missing,missing,missing,missing,MTC
1482,0.10199911,0.17363388,0.0996903669999999,0.1137688949999999,0.130162838,0.151449311,0.174327358,0.1591914039999999,0.13236624,100Mt-noCostDecrease,100Mt-noCostDecrease,FL,resid hot water,missing,missing,missing,missing,missing,missing,missing,missing,missing,MTC
1483,0.04906452,0.083592,0.0378059,0.0460378,0.0488177,0.0524101,0.0569244,0.0425390999999999,0.0358257,100Mt-noCostDecrease,100Mt-noCostDecrease,FL,resid other,missing,missing,missing,missing,missing,missing,missing,missing,missing,MTC
1484,0.63793629,1.18488497,0.768306991,0.6982782958819997,0.5610055988090001,0.442644424337,0.3839389554899999,0.245280356605,0.175767090015,100Mt-noCostDecrease,100Mt-noCostDecrease,FL,subpeak generation,missing,missing,missing,missing,missing,missing,missing,missing,missing,MTC
1485,0.748878,0.656815,0.882422,0.949789,0.967402,0.976489,1.01578,1.03342,1.05969,100Mt-noCostDecrease,100Mt-noCostDecrease,FL,trn_aviation_intl,missing,missing,missing,missing,missing,missing,missing,missing,missing,MTC
1486,0.48194,0.753873,1.221417,1.314232,1.266435,1.238353,1.298477,1.2883019999999998,1.290648,100Mt-noCostDecrease,100Mt-noCostDecrease,FL,trn_freight,missing,missing,missing,missing,missing,missing,missing,missing,missing,MTC
1487,4.353923,6.444397,6.31733617,6.75979943,6.63328525,6.08533426,5.872309259999999,5.22738787,4.419366060000001,100Mt-noCostDecrease,100Mt-noCostDecrease,FL,trn_freight_road,missing,missing,missing,missing,missing,missing,missing,missing,missing,MTC
1488,2.8738655,2.5279654,3.5689005,3.915067,3.9241297,3.9513818,4.148291,4.1709294,4.2864421,100Mt-noCostDecrease,100Mt-noCostDecrease,FL,trn_pass,missing,missing,missing,missing,missing,missing,missing,missing,missing,MTC
1489,0.16697,0.25219006,0.3437716999999999,0.3601079,0.27037463,0.2103451799999999,0.18744078,0.1779363199999999,0.17198778,100Mt-noCostDecrease,100Mt-noCostDecrease,FL,trn_pass_road,missing,missing,missing,missing,missing,missing,missing,missing,missing,MTC
1490,0.0401481,0.0622863,0.0608244,0.0580769,0.053187,0.0494569,0.0472468,0.044013,0.0417386,100Mt-noCostDecrease,100Mt-noCostDecrease,FL,trn_pass_road_LDV,missing,missing,missing,missing,missing,missing,missing,missing,missing,MTC
1491,11.40697343,17.6970282,17.69177269,16.25566125,12.64680277,9.706322569999998,7.353683430000001,6.358331520000001,5.794181719999999,100Mt-noCostDecrease,100Mt-noCostDecrease,FL,trn_pass_road_LDV_4W,missing,missing,missing,missing,missing,missing,missing,missing,missing,MTC
1492,1.68695,3.05713,3.23382,3.36887,3.27206,3.20926,3.30513,3.26714,3.30568,100Mt-noCostDecrease,100Mt-noCostDecrease,FL,trn_shipping_intl,missing,missing,missing,missing,missing,missing,missing,missing,missing,MTC
1493,0.0,0.0,0.0,-0.03733595,-0.03880749,-0.0791277,-0.1256972,-0.182,-0.2554743,100Mt-noCostDecrease,100Mt-noCostDecrease,GA,CDR_regional,missing,missing,missing,missing,missing,missing,missing,missing,missing,MTC
1494,0.35145,0.23419,0.2539283,0.25943912,0.245671012,0.20731335,0.176653337,0.137977671,0.1110828199999999,100Mt-noCostDecrease,100Mt-noCostDecrease,GA,N fertilizer,missing,missing,missing,missing,missing,missing,missing,missing,missing,MTC
1495,8.109183,12.63771945,8.597457490300004,8.577755497020004,6.739899762873001,2.4520289346850004,2.3540919006549994,1.4069623292009996,1.6680901857755506,100Mt-noCostDecrease,100Mt-noCostDecrease,GA,base load generation,missing,missing,missing,missing,missing,missing,missing,missing,missing,MTC
1496,0.0,0.0001649156,0.0472516699999999,0.04510674,0.0368499599999999,0.02705861,0.02010287,0.013004127,0.005763847,100Mt-noCostDecrease,100Mt-noCostDecrease,GA,biomass liquids,missing,missing,missing,missing,missing,missing,missing,missing,missing,MTC
1497,0.0,0.0,0.060166607,0.2506621959999999,0.7196508450000001,1.298449696,1.445885693999999,1.892903262,1.9491904680000005,100Mt-noCostDecrease,100Mt-noCostDecrease,GA,biorefining,missing,missing,missing,missing,missing,missing,missing,missing,missing,MTC
1498,0.307418,0.434469,0.331761,0.31846119,0.1386376,0.0625801,0.0631396999999999,0.0450388,0.04364274,100Mt-noCostDecrease,100Mt-noCostDecrease,GA,cement,missing,missing,missing,missing,missing,missing,missing,missing,missing,MTC
1499,0.0512505,0.0827548999999999,0.07128316,0.07290711,0.07017089,0.06490336,0.06276397,0.0553652179999999,0.049898761,100Mt-noCostDecrease,100Mt-noCostDecrease,GA,comm cooking,missing,missing,missing,missing,missing,missing,missing,missing,missing,MTC
1500,0.00771201,0.0139941,0.00415458,0.004201593,0.004150267,0.004059314,0.004027292,0.003709685,0.003452601,100Mt-noCostDecrease,100Mt-noCostDecrease,GA,comm cooling,missing,missing,missing,missing,missing,missing,missing,missing,missing,MTC
1501,0.5829857,0.6248391999999999,0.41281389,0.407249412,0.379298895,0.335131098,0.295249845,0.203421464,0.173069785,100Mt-noCostDecrease,100Mt-noCostDecrease,GA,comm heating,missing,missing,missing,missing,missing,missing,missing,missing,missing,MTC
1502,0.2073151,0.15472893,0.17482441,0.17726233,0.17076408,0.15698425,0.149278848,0.123949519,0.109179929,100Mt-noCostDecrease,100Mt-noCostDecrease,GA,comm hot water,missing,missing,missing,missing,missing,missing,missing,missing,missing,MTC
1503,0.1544036,0.0565493,0.3485789999999999,0.392375,0.43058,0.487695,0.539002,0.510281,0.479156,100Mt-noCostDecrease,100Mt-noCostDecrease,GA,comm other,missing,missing,missing,missing,missing,missing,missing,missing,missing,MTC
1504,8.026456399999999,7.4482821,7.411335291999999,8.046105819,8.382388544300001,8.8992614611,9.326380555629996,8.719318302939998,8.514066429349999,100Mt-noCostDecrease,100Mt-noCostDecrease,GA,industrial energy use,missing,missing,missing,missing,missing,missing,missing,missing,missing,MTC
1505,9.4116098607,11.633487315800002,5.307123053999999,5.0912427236,4.46965804161,3.5283226442,3.290354200500001,2.639570390399999,2.3877306343000004,100Mt-noCostDecrease,100Mt-noCostDecrease,GA,intermediate generation,missing,missing,missing,missing,missing,missing,missing,missing,missing,MTC
1506,0.0193188,0.0,0.0,0.0,0.0,0.0,0.0,0.0,0.0,100Mt-noCostDecrease,100Mt-noCostDecrease,GA,oil refining,missing,missing,missing,missing,missing,missing,missing,missing,missing,MTC
1507,0.074841206,0.046375,0.06085788815,0.05401393848594,0.0380095024906,0.0272651238623899,0.0235046638325999,0.0142328452814999,0.0091901759933999,100Mt-noCostDecrease,100Mt-noCostDecrease,GA,peak generation,missing,missing,missing,missing,missing,missing,missing,missing,missing,MTC
1508,0.2469709399999999,0.3527162,0.26555026,0.27221415,0.21458448,0.20243198,0.2119141199999999,0.2114642099999999,0.2176298099999999,100Mt-noCostDecrease,100Mt-noCostDecrease,GA,process heat cement,missing,missing,missing,missing,missing,missing,missing,missing,missing,MTC
1509,-4.21922,-4.03375,-4.95488,-6.01652,-7.89613,-10.6218,-11.7224,-17.5819,-25.4288,100Mt-noCostDecrease,100Mt-noCostDecrease,GA,regional biomass,missing,missing,missing,missing,missing,missing,missing,missing,missing,MTC
1510,0.0,-0.00169827,-0.0480336,-0.0528487,-0.0621486,-0.0752535,-0.0769997,-0.0950439,-0.0952055,100Mt-noCostDecrease,100Mt-noCostDecrease,GA,regional biomassOil,missing,missing,missing,missing,missing,missing,missing,missing,missing,MTC
1511,0.0,-0.000196115,-0.214538,-0.222457,-0.239475,-0.266266,-0.258857,-0.303789,-0.290884,100Mt-noCostDecrease,100Mt-noCostDecrease,GA,regional corn for ethanol,missing,missing,missing,missing,missing,missing,missing,missing,missing,MTC
1512,0.0206894,0.0393028,0.0174141999999999,0.01800151,0.01812514,0.01733781,0.01754315,0.01660374,0.01488283,100Mt-noCostDecrease,100Mt-noCostDecrease,GA,resid clothes dryers,missing,missing,missing,missing,missing,missing,missing,missing,missing,MTC
1513,0.07238977,0.11933292,0.07393511,0.0728534259999999,0.0687002529999999,0.063128339,0.0571181052,0.0526267321,0.0449855352,100Mt-noCostDecrease,100Mt-noCostDecrease,GA,resid cooking,missing,missing,missing,missing,missing,missing,missing,missing,missing,MTC
1514,1.1748224699999998,1.2469158299999998,0.9775249,0.91473116,0.814219834,0.6842562270000001,0.552003875,0.4183074529999999,0.3045903370000001,100Mt-noCostDecrease,100Mt-noCostDecrease,GA,resid heating,missing,missing,missing,missing,missing,missing,missing,missing,missing,MTC
1515,0.40529856,0.6763860799999999,0.499267072,0.497977334,0.4837177149999999,0.4348169619999999,0.44548055,0.4028109529999999,0.33256757,100Mt-noCostDecrease,100Mt-noCostDecrease,GA,resid hot water,missing,missing,missing,missing,missing,missing,missing,missing,missing,MTC
1516,0.02683596,0.00689332,0.0727789299999999,0.08180436,0.08229437,0.0850933599999999,0.09099836,0.07502393,0.06226907,100Mt-noCostDecrease,100Mt-noCostDecrease,GA,resid other,missing,missing,missing,missing,missing,missing,missing,missing,missing,MTC
1517,0.5622892946000001,0.3196732444,0.4242253687999999,0.381230647193,0.2842324573209001,0.214941338529,0.1881003953689999,0.1305079961810001,0.0986484606679999,100Mt-noCostDecrease,100Mt-noCostDecrease,GA,subpeak generation,missing,missing,missing,missing,missing,missing,missing,missing,missing,MTC
1518,0.434485,0.225509,0.101482,0.106268,0.107008,0.107299,0.110888,0.112133,0.114263,100Mt-noCostDecrease,100Mt-noCostDecrease,GA,trn_aviation_intl,missing,missing,missing,missing,missing,missing,missing,missing,missing,MTC
1519,0.2777864,0.5040749999999999,0.479821,0.508365,0.507306,0.5090669999999999,0.531859,0.540377,0.546351,100Mt-noCostDecrease,100Mt-noCostDecrease,GA,trn_freight,missing,missing,missing,missing,missing,missing,missing,missing,missing,MTC
1520,3.819755,5.985185,5.00604202,5.23180945,5.015895669999999,4.52055748,4.34767857,3.8912972,3.31970636,100Mt-noCostDecrease,100Mt-noCostDecrease,GA,trn_freight_road,missing,missing,missing,missing,missing,missing,missing,missing,missing,MTC
1521,1.6710122,0.8785708,0.4216668,0.4490135,0.4450977,0.4451075,0.4638338,0.4639526,0.4734174,100Mt-noCostDecrease,100Mt-noCostDecrease,GA,trn_pass,missing,missing,missing,missing,missing,missing,missing,missing,missing,MTC
1522,0.146485,0.23301466,0.26693366,0.27661511,0.2039296,0.15697678,0.13917624,0.13218421,0.12756286,100Mt-noCostDecrease,100Mt-noCostDecrease,GA,trn_pass_road,missing,missing,missing,missing,missing,missing,missing,missing,missing,MTC
1523,0.0233472,0.0364362,0.0339119,0.0312826,0.0282894,0.0261269,0.0248288,0.0231635,0.0217948,100Mt-noCostDecrease,100Mt-noCostDecrease,GA,trn_pass_road_LDV,missing,missing,missing,missing,missing,missing,missing,missing,missing,MTC
1524,6.63363208,10.35256775,9.88094081,8.932454789999998,6.8698482400000005,5.217912288,3.90234253,3.3830272000000003,3.07978156,100Mt-noCostDecrease,100Mt-noCostDecrease,GA,trn_pass_road_LDV_4W,missing,missing,missing,missing,missing,missing,missing,missing,missing,MTC
1525,0.22162,1.01344,0.596955,0.61458,0.593382,0.580289,0.596529,0.588106,0.593786,100Mt-noCostDecrease,100Mt-noCostDecrease,GA,trn_shipping_intl,missing,missing,missing,missing,missing,missing,missing,missing,missing,MTC
1526,1.184283173,1.3243461,0.886974043,0.7048891962999999,0.6206632646999999,0.4907715618000002,0.4354219678900001,0.22580251968,0.1681296840899999,100Mt-noCostDecrease,100Mt-noCostDecrease,HI,base load generation,missing,missing,missing,missing,missing,missing,missing,missing,missing,MTC
1527,0.0,5.12973e-05,0.0010235,0.000976822,0.00079539,0.000583493,0.00043348,0.00028038,0.000124274,100Mt-noCostDecrease,100Mt-noCostDecrease,HI,biomass liquids,missing,missing,missing,missing,missing,missing,missing,missing,missing,MTC
1528,0.0,0.0,0.042137011,0.155070875,0.4046804369999999,0.6682274080000001,0.7364642720000002,0.914823342,0.9245679900000005,100Mt-noCostDecrease,100Mt-noCostDecrease,HI,biorefining,missing,missing,missing,missing,missing,missing,missing,missing,missing,MTC
1529,0.00713031,0.00722272,0.002972911,0.002955114,0.002850797,0.0026676545999999,0.0025590216999999,0.0023544563,0.0022722675,100Mt-noCostDecrease,100Mt-noCostDecrease,HI,comm cooking,missing,missing,missing,missing,missing,missing,missing,missing,missing,MTC
1530,9.37199e-05,0.000248499,7.325839000000001e-05,6.954404e-05,6.407224e-05,5.765694e-05,5.262356e-05,4.504381e-05,4.388982e-05,100Mt-noCostDecrease,100Mt-noCostDecrease,HI,comm cooling,missing,missing,missing,missing,missing,missing,missing,missing,missing,MTC
1531,0.008370974,0.0583721679999999,0.0618226823999999,0.0627370497,0.0645372948,0.0671444367999999,0.0695540544599999,0.0719395039999999,0.0742288911,100Mt-noCostDecrease,100Mt-noCostDecrease,HI,comm heating,missing,missing,missing,missing,missing,missing,missing,missing,missing,MTC
1532,0.0599272,0.0420974,0.013782995,0.013759523,0.0131789249999999,0.0119101209999999,0.0107012898,0.0088902412,0.0084971328,100Mt-noCostDecrease,100Mt-noCostDecrease,HI,comm hot water,missing,missing,missing,missing,missing,missing,missing,missing,missing,MTC
1533,0.09584672,0.02933452,0.0611602,0.0650792999999999,0.0577448,0.0454401,0.0365985999999999,0.03142759,0.02944238,100Mt-noCostDecrease,100Mt-noCostDecrease,HI,comm other,missing,missing,missing,missing,missing,missing,missing,missing,missing,MTC
1534,0.59245095,0.25487211,0.1371159526399999,0.14451139945,0.13141005595,0.13686817786,0.1425140359599999,0.14172403875,0.13743536959,100Mt-noCostDecrease,100Mt-noCostDecrease,HI,industrial energy use,missing,missing,missing,missing,missing,missing,missing,missing,missing,MTC
1535,0.6566782963,0.6874113,0.5313122120000002,0.421551711,0.386196415,0.3606868910999999,0.3002403794600001,0.20790010019,0.16548124921,100Mt-noCostDecrease,100Mt-noCostDecrease,HI,intermediate generation,missing,missing,missing,missing,missing,missing,missing,missing,missing,MTC
1536,0.509696,0.375289,0.3728085,0.35903,0.3076174,0.2538463999999999,0.2322557999999999,0.19950393,0.1729431699999999,100Mt-noCostDecrease,100Mt-noCostDecrease,HI,oil refining,missing,missing,missing,missing,missing,missing,missing,missing,missing,MTC
1537,0.008991436,0.010171277,0.005668227211,0.00483113795013,0.00411271158926,0.00345451522839,0.00262721117896,0.00142996814887,0.0008983734226199999,100Mt-noCostDecrease,100Mt-noCostDecrease,HI,peak generation,missing,missing,missing,missing,missing,missing,missing,missing,missing,MTC
1538,-0.634078,-0.196812,-0.227863,-0.492693,-1.09288,-1.75501,-1.94365,-2.47974,-2.62667,100Mt-noCostDecrease,100Mt-noCostDecrease,HI,regional biomass,missing,missing,missing,missing,missing,missing,missing,missing,missing,MTC
1539,0.0,-0.000727593,-0.0236968,-0.0270185,-0.0331581,-0.0399993,-0.0411828,-0.0487688,-0.0476897,100Mt-noCostDecrease,100Mt-noCostDecrease,HI,regional biomassOil,missing,missing,missing,missing,missing,missing,missing,missing,missing,MTC
1540,0.0,0.0,-0.00627254,-0.0112533,-0.0252928,-0.0413219,-0.0465402,-0.0622682,-0.0649103,100Mt-noCostDecrease,100Mt-noCostDecrease,HI,regional corn for ethanol,missing,missing,missing,missing,missing,missing,missing,missing,missing,MTC
1541,0.0002627,0.00029394,8.69386e-05,8.39647e-05,8.068370000000001e-05,7.127256e-05,7.15522e-05,6.892119e-05,6.58034e-05,100Mt-noCostDecrease,100Mt-noCostDecrease,HI,resid clothes dryers,missing,missing,missing,missing,missing,missing,missing,missing,missing,MTC
1542,0.001334509,0.001442175,0.0010663373,0.0010096855,0.0008900855999999999,0.0007561578499999999,0.00059817281,0.0005626001000000002,0.0005177418400000001,100Mt-noCostDecrease,100Mt-noCostDecrease,HI,resid cooking,missing,missing,missing,missing,missing,missing,missing,missing,missing,MTC
1543,0.00159351358,0.00508835585,0.00048047007,0.00044167574,0.00038632378,0.000319068865,0.0002503268260000001,0.000189365168,0.000141727588,100Mt-noCostDecrease,100Mt-noCostDecrease,HI,resid heating,missing,missing,missing,missing,missing,missing,missing,missing,missing,MTC
1544,0.0069759915,0.0118815079999999,0.008806788,0.008910823,0.0087079303,0.0077891434,0.0082515829,0.0083617781,0.0084957936999999,100Mt-noCostDecrease,100Mt-noCostDecrease,HI,resid hot water,missing,missing,missing,missing,missing,missing,missing,missing,missing,MTC
1545,0.00158766,0.00269892,0.001129629,0.001431898,0.001281853,0.001252527,0.0013160189999999,0.001251917,0.001203977,100Mt-noCostDecrease,100Mt-noCostDecrease,HI,resid other,missing,missing,missing,missing,missing,missing,missing,missing,missing,MTC
1546,0.0647235,0.07321753,0.0384490093499999,0.0313299015889,0.0266637191889,0.0225548636689999,0.0175899310773,0.0107902992113,0.0072258347753999,100Mt-noCostDecrease,100Mt-noCostDecrease,HI,subpeak generation,missing,missing,missing,missing,missing,missing,missing,missing,missing,MTC
1547,0.296341,0.385561,0.308242,0.310426,0.310815,0.313754,0.326017,0.332572,0.341535,100Mt-noCostDecrease,100Mt-noCostDecrease,HI,trn_aviation_intl,missing,missing,missing,missing,missing,missing,missing,missing,missing,MTC
1548,0.0919083,0.0627908,0.0834969,0.0853168,0.0812988,0.0797047,0.0841488,0.0847983,0.0879106,100Mt-noCostDecrease,100Mt-noCostDecrease,HI,trn_freight,missing,missing,missing,missing,missing,missing,missing,missing,missing,MTC
1549,0.6053764,0.5357376,0.2844033499,0.2931773788,0.2893869791,0.2707533752,0.2664361328999999,0.2500323206,0.2276400928,100Mt-noCostDecrease,100Mt-noCostDecrease,HI,trn_freight_road,missing,missing,missing,missing,missing,missing,missing,missing,missing,MTC
1550,1.1340451299999998,1.47475914,1.229633689,1.257938042,1.2446580479999998,1.254938338,1.314106069,1.330298882,1.3696994990000002,100Mt-noCostDecrease,100Mt-noCostDecrease,HI,trn_pass,missing,missing,missing,missing,missing,missing,missing,missing,missing,MTC
1551,0.0232151,0.02054521994,0.014469123524,0.014706033383,0.010439862,0.007888301,0.0069110269999999,0.006557727,0.0063378609999999,100Mt-noCostDecrease,100Mt-noCostDecrease,HI,trn_pass_road,missing,missing,missing,missing,missing,missing,missing,missing,missing,MTC
1552,0.00243225,0.00330246,0.00288588,0.00257153,0.00232124,0.00216232,0.00207042,0.00197875,0.00190788,100Mt-noCostDecrease,100Mt-noCostDecrease,HI,trn_pass_road_LDV,missing,missing,missing,missing,missing,missing,missing,missing,missing,MTC
1553,0.691333617,0.938331273,0.8603792330000001,0.760210958,0.578297553,0.4372109005,0.3242883478,0.285769935,0.2623744079999999,100Mt-noCostDecrease,100Mt-noCostDecrease,HI,trn_pass_road_LDV_4W,missing,missing,missing,missing,missing,missing,missing,missing,missing,MTC
1554,0.450603,0.255262,0.268439,0.272474,0.264531,0.261067,0.269735,0.268576,0.273398,100Mt-noCostDecrease,100Mt-noCostDecrease,HI,trn_shipping_intl,missing,missing,missing,missing,missing,missing,missing,missing,missing,MTC
1555,0.0,0.0,0.0,-0.008935785,-0.009891119,-0.01734879,-0.03578119,-0.0721565,-0.1292855,100Mt-noCostDecrease,100Mt-noCostDecrease,ID,CDR_regional,missing,missing,missing,missing,missing,missing,missing,missing,missing,MTC
1556,0.0170575,0.0215577,0.080421722,0.10155810398,0.121061149812,0.123846833128,0.126574669157,0.220475777161,0.3423686933304,100Mt-noCostDecrease,100Mt-noCostDecrease,ID,base load generation,missing,missing,missing,missing,missing,missing,missing,missing,missing,MTC
1557,0.0,0.0,0.0222714,0.0212626,0.0173766,0.0127607,0.0094805,0.00613279,0.00271825,100Mt-noCostDecrease,100Mt-noCostDecrease,ID,biomass liquids,missing,missing,missing,missing,missing,missing,missing,missing,missing,MTC
1558,0.0,0.0,0.059254508,0.250719524,0.7224990990000001,1.305660758,1.4540258,1.9023547570000003,1.9580441560000008,100Mt-noCostDecrease,100Mt-noCostDecrease,ID,biorefining,missing,missing,missing,missing,missing,missing,missing,missing,missing,MTC
1559,0.0567759,0.0802405,0.0639482,0.0645184469999999,0.02881213,0.0134622,0.0137665499999999,0.0099459499999999,0.00974873,100Mt-noCostDecrease,100Mt-noCostDecrease,ID,cement,missing,missing,missing,missing,missing,missing,missing,missing,missing,MTC
1560,0.00461887,0.0113579099999999,0.02547882,0.0283257,0.02909272,0.02840271,0.02850873,0.026549211,0.024756516,100Mt-noCostDecrease,100Mt-noCostDecrease,ID,comm cooking,missing,missing,missing,missing,missing,missing,missing,missing,missing,MTC
1561,1.42001e-06,0.000238556,0.0002768485,0.0002998734,0.0003054705,0.000300665,0.0002962888,0.0002717396,0.0002523013,100Mt-noCostDecrease,100Mt-noCostDecrease,ID,comm cooling,missing,missing,missing,missing,missing,missing,missing,missing,missing,MTC
1562,0.2061447,0.22661524,0.1996135,0.2154672399999999,0.21827744,0.2137563599999999,0.209880711,0.1845896229999999,0.170467059,100Mt-noCostDecrease,100Mt-noCostDecrease,ID,comm heating,missing,missing,missing,missing,missing,missing,missing,missing,missing,MTC
1563,0.03485774,0.02939397,0.05496279,0.0600676899999999,0.06088415,0.05791354,0.05547708,0.047827493,0.0429013219999999,100Mt-noCostDecrease,100Mt-noCostDecrease,ID,comm hot water,missing,missing,missing,missing,missing,missing,missing,missing,missing,MTC
1564,0.00864402,0.01470028,0.0689145999999999,0.0808568,0.0880397,0.0969337,0.1067516,0.1042205,0.1009535,100Mt-noCostDecrease,100Mt-noCostDecrease,ID,comm other,missing,missing,missing,missing,missing,missing,missing,missing,missing,MTC
1565,0.0,0.0,0.0,0.0,0.0,0.0,0.0,5.03827e-06,9.140515e-05,100Mt-noCostDecrease,100Mt-noCostDecrease,ID,gas to liquids,missing,missing,missing,missing,missing,missing,missing,missing,missing,MTC
1566,1.16286008,1.2280729,1.0101094186,1.0795078491,1.09986777683,1.1162439640480002,1.139053396971,1.1211271048129994,1.0691980892290005,100Mt-noCostDecrease,100Mt-noCostDecrease,ID,industrial energy use,missing,missing,missing,missing,missing,missing,missing,missing,missing,MTC
1567,0.0171809827,0.1374613999999999,0.30164581,0.2979307618,0.258851972526,0.23156918612,0.1988067336400001,0.14788905336,0.11476411699,100Mt-noCostDecrease,100Mt-noCostDecrease,ID,intermediate generation,missing,missing,missing,missing,missing,missing,missing,missing,missing,MTC
1568,0.0,0.005517591,0.006633383488,0.0058702712912199,0.003901645587085,0.002537600279094,0.0019777420117839,0.001009738128692,0.000569253366959,100Mt-noCostDecrease,100Mt-noCostDecrease,ID,peak generation,missing,missing,missing,missing,missing,missing,missing,missing,missing,MTC
1569,0.045612305,0.065141972,0.051160158,0.055184949,0.04412688,0.04245442,0.0450993,0.04559089,0.04749022,100Mt-noCostDecrease,100Mt-noCostDecrease,ID,process heat cement,missing,missing,missing,missing,missing,missing,missing,missing,missing,MTC
1570,-0.532408,-0.80956,-0.818635,-1.49535,-3.10125,-5.18776,-5.75147,-8.42751,-10.0752,100Mt-noCostDecrease,100Mt-noCostDecrease,ID,regional biomass,missing,missing,missing,missing,missing,missing,missing,missing,missing,MTC
1571,0.0,0.0,-0.0138966,-0.0202472,-0.0355419,-0.0556793,-0.062396,-0.0854578,-0.0907536,100Mt-noCostDecrease,100Mt-noCostDecrease,ID,regional biomassOil,missing,missing,missing,missing,missing,missing,missing,missing,missing,MTC
1572,0.0,0.0,-0.115755,-0.12789,-0.161654,-0.208711,-0.215769,-0.274882,-0.27671,100Mt-noCostDecrease,100Mt-noCostDecrease,ID,regional corn for ethanol,missing,missing,missing,missing,missing,missing,missing,missing,missing,MTC
1573,0.00072136,0.00468032,0.0014808669999999,0.001586014,0.001598995,0.001483473,0.001460166,0.001365073,0.0012304009999999,100Mt-noCostDecrease,100Mt-noCostDecrease,ID,resid clothes dryers,missing,missing,missing,missing,missing,missing,missing,missing,missing,MTC
1574,0.003054711,0.01521483,0.008537261,0.008496077,0.00777646,0.0068097940999999,0.0057168923,0.0051785155,0.0044290449,100Mt-noCostDecrease,100Mt-noCostDecrease,ID,resid cooking,missing,missing,missing,missing,missing,missing,missing,missing,missing,MTC
1575,0.20536283,0.457050328,0.4593927109999999,0.447573349,0.4161397799999999,0.374046705,0.328959995,0.276332053,0.2221832201,100Mt-noCostDecrease,100Mt-noCostDecrease,ID,resid heating,missing,missing,missing,missing,missing,missing,missing,missing,missing,MTC
1576,0.034867627,0.1123471599999999,0.098378217,0.1006555389999999,0.096413584,0.082664944,0.0814367799999999,0.07324747,0.0612573549999999,100Mt-noCostDecrease,100Mt-noCostDecrease,ID,resid hot water,missing,missing,missing,missing,missing,missing,missing,missing,missing,MTC
1577,0.00253436,0.00568204,0.00958231,0.01077363,0.01034092,0.01046053,0.0110695799999999,0.00954013,0.0082043,100Mt-noCostDecrease,100Mt-noCostDecrease,ID,resid other,missing,missing,missing,missing,missing,missing,missing,missing,missing,MTC
1578,2.975553e-05,0.03854536,0.0375678777399999,0.034014295078,0.0246062016326999,0.0175463523444,0.0144150457317999,0.0094628645112,0.0067971562381,100Mt-noCostDecrease,100Mt-noCostDecrease,ID,subpeak generation,missing,missing,missing,missing,missing,missing,missing,missing,missing,MTC
1579,0.0261753,0.0192764,0.0211195,0.02331,0.0242084,0.0246544,0.0258287,0.0264571,0.0273304,100Mt-noCostDecrease,100Mt-noCostDecrease,ID,trn_aviation_intl,missing,missing,missing,missing,missing,missing,missing,missing,missing,MTC
1580,0.039349,0.0607255,0.0899623,0.100107,0.107437,0.112467,0.118893,0.123614,0.126254,100Mt-noCostDecrease,100Mt-noCostDecrease,ID,trn_freight,missing,missing,missing,missing,missing,missing,missing,missing,missing,MTC
1581,0.5958791,0.919565,1.35369956,1.468865513,1.4319061430000002,1.2895626159999998,1.232003783,1.087796535,0.917566813,100Mt-noCostDecrease,100Mt-noCostDecrease,ID,trn_freight_road,missing,missing,missing,missing,missing,missing,missing,missing,missing,MTC
1582,0.10170371,0.07624761,0.08917202,0.10046493,0.1030513,0.1050781899999999,0.11139021,0.11329781,0.11766419,100Mt-noCostDecrease,100Mt-noCostDecrease,ID,trn_pass,missing,missing,missing,missing,missing,missing,missing,missing,missing,MTC
1583,0.0228514,0.0381678799999999,0.07492573,0.07835189,0.05827483,0.04446526,0.0387968,0.03645277,0.03486773,100Mt-noCostDecrease,100Mt-noCostDecrease,ID,trn_pass_road,missing,missing,missing,missing,missing,missing,missing,missing,missing,MTC
1584,0.0031438,0.00430412,0.00531113,0.00517878,0.00490678,0.00466685,0.00456314,0.0044031,0.00429275,100Mt-noCostDecrease,100Mt-noCostDecrease,ID,trn_pass_road_LDV,missing,missing,missing,missing,missing,missing,missing,missing,missing,MTC
1585,0.893164896,1.2227574369999998,1.536929749,1.4182588749999998,1.104134407,0.8424718260000001,0.6323877659999999,0.545401349,0.4980146959999999,100Mt-noCostDecrease,100Mt-noCostDecrease,ID,trn_pass_road_LDV_4W,missing,missing,missing,missing,missing,missing,missing,missing,missing,MTC
1586,0.0,0.0,0.0,-0.0606590199999999,-0.0640783499999999,-0.1601071,-0.2573486,-0.3767087,-0.5462646,100Mt-noCostDecrease,100Mt-noCostDecrease,IL,CDR_regional,missing,missing,missing,missing,missing,missing,missing,missing,missing,MTC
1587,6.374025415,12.77920857,9.568867369999998,9.463383943000002,7.29458770756,3.7174360011,3.615786361599999,2.59394964766,4.286503511214999,100Mt-noCostDecrease,100Mt-noCostDecrease,IL,base load generation,missing,missing,missing,missing,missing,missing,missing,missing,missing,MTC
1588,0.0,0.27117171,0.6108253,0.583167,0.4766978,0.3501138,0.2601193,0.16827594,0.07458558,100Mt-noCostDecrease,100Mt-noCostDecrease,IL,biomass liquids,missing,missing,missing,missing,missing,missing,missing,missing,missing,MTC
1589,0.0,0.0,0.057398782,0.250188589,0.7250041720000001,1.3124232199999997,1.4611426240000007,1.909783505,1.964379148,100Mt-noCostDecrease,100Mt-noCostDecrease,IL,biorefining,missing,missing,missing,missing,missing,missing,missing,missing,missing,MTC
1590,0.391098,0.552733,0.401311,0.37947769,0.161849,0.0750198,0.076517,0.0556051999999999,0.0545348,100Mt-noCostDecrease,100Mt-noCostDecrease,IL,cement,missing,missing,missing,missing,missing,missing,missing,missing,missing,MTC
1591,0.0,0.0,0.0,0.0,0.0,0.0,0.0,0.0012628359999999,0.0232259459999999,100Mt-noCostDecrease,100Mt-noCostDecrease,IL,coal to liquids,missing,missing,missing,missing,missing,missing,missing,missing,missing,MTC
1592,0.1646531,0.1053042,0.10172723,0.10136964,0.09630357,0.08878521,0.08563416,0.076286561,0.06997428,100Mt-noCostDecrease,100Mt-noCostDecrease,IL,comm cooking,missing,missing,missing,missing,missing,missing,missing,missing,missing,MTC
1593,0.00740814,0.0340616,0.0162017,0.01568151,0.01482504,0.01399259,0.01350739,0.012093929,0.011419108,100Mt-noCostDecrease,100Mt-noCostDecrease,IL,comm cooling,missing,missing,missing,missing,missing,missing,missing,missing,missing,MTC
1594,2.4531784,2.5093741,2.2125825600000004,2.18889858,2.10906059,1.9840601600000003,1.90032908,1.5910057560000004,1.4912642480000002,100Mt-noCostDecrease,100Mt-noCostDecrease,IL,comm heating,missing,missing,missing,missing,missing,missing,missing,missing,missing,MTC
1595,0.6894773999999999,0.2664229999999999,0.34573847,0.34560202,0.3374022599999999,0.32386077,0.3215614690000001,0.293114659,0.277561253,100Mt-noCostDecrease,100Mt-noCostDecrease,IL,comm hot water,missing,missing,missing,missing,missing,missing,missing,missing,missing,MTC
1596,0.1324694,0.097463,0.4484019999999999,0.488992,0.5445150000000001,0.6353530000000001,0.709854,0.688785,0.659071,100Mt-noCostDecrease,100Mt-noCostDecrease,IL,comm other,missing,missing,missing,missing,missing,missing,missing,missing,missing,MTC
1597,0.0,0.0,0.0,0.0,0.0,0.0,0.0,3.02296e-06,5.484313e-05,100Mt-noCostDecrease,100Mt-noCostDecrease,IL,gas to liquids,missing,missing,missing,missing,missing,missing,missing,missing,missing,MTC
1598,8.6562851,5.923115,5.2206377179,5.305049294399999,5.301288885458,5.323563400165001,5.387734518992,5.2654210307063,4.883083831781698,100Mt-noCostDecrease,100Mt-noCostDecrease,IL,industrial energy use,missing,missing,missing,missing,missing,missing,missing,missing,missing,MTC
1599,9.139692629,13.801307290000002,10.040446169999996,9.7234205438,8.352360258200001,5.6251786136,4.7964845035,3.1278476903000008,2.8094013136,100Mt-noCostDecrease,100Mt-noCostDecrease,IL,intermediate generation,missing,missing,missing,missing,missing,missing,missing,missing,missing,MTC
1600,3.26662,2.2989,2.417451,2.336926,2.001355,1.650312,1.508789,1.2953088,1.1036804,100Mt-noCostDecrease,100Mt-noCostDecrease,IL,oil refining,missing,missing,missing,missing,missing,missing,missing,missing,missing,MTC
1601,0.134486821,0.08414711,0.0574408514699999,0.0504853262145,0.03485616161794,0.0277570813256999,0.0229642422250999,0.0154435988964,0.0102812970838,100Mt-noCostDecrease,100Mt-noCostDecrease,IL,peak generation,missing,missing,missing,missing,missing,missing,missing,missing,missing,MTC
1602,0.3141980099999999,0.4487274899999999,0.32112046,0.32476361,0.25128685,0.24017189,0.25426547,0.25755533,0.26825503,100Mt-noCostDecrease,100Mt-noCostDecrease,IL,process heat cement,missing,missing,missing,missing,missing,missing,missing,missing,missing,MTC
1603,-1.47615,-0.785886,-0.495105,-1.11376,-2.81083,-5.39695,-6.30026,-17.946,-41.2752,100Mt-noCostDecrease,100Mt-noCostDecrease,IL,regional biomass,missing,missing,missing,missing,missing,missing,missing,missing,missing,MTC
1604,0.0,-0.0202504,-0.417476,-0.405377,-0.348986,-0.285416,-0.232871,-0.195318,-0.138917,100Mt-noCostDecrease,100Mt-noCostDecrease,IL,regional biomassOil,missing,missing,missing,missing,missing,missing,missing,missing,missing,MTC
1605,0.0,-1.17082,-2.54529,-2.44665,-2.05457,-1.59401,-1.24147,-0.930423,-0.55808,100Mt-noCostDecrease,100Mt-noCostDecrease,IL,regional corn for ethanol,missing,missing,missing,missing,missing,missing,missing,missing,missing,MTC
1606,0.0571905,0.105255,0.02181296,0.02119851,0.02041432,0.01875815,0.0190952,0.01832304,0.01665199,100Mt-noCostDecrease,100Mt-noCostDecrease,IL,resid clothes dryers,missing,missing,missing,missing,missing,missing,missing,missing,missing,MTC
1607,0.19788099,0.31738687,0.094580001,0.088508769,0.080018208,0.071998603,0.0634854787,0.0597472095,0.0522404248999999,100Mt-noCostDecrease,100Mt-noCostDecrease,IL,resid cooking,missing,missing,missing,missing,missing,missing,missing,missing,missing,MTC
1608,5.5926993,4.59373127,4.15715327,3.9133867000000007,3.58090876,3.1627469999999995,2.7420947600000005,2.270423917,1.821767665,100Mt-noCostDecrease,100Mt-noCostDecrease,IL,resid heating,missing,missing,missing,missing,missing,missing,missing,missing,missing,MTC
1609,1.2340862,1.41199996,1.00913208,0.96339624,0.918255687,0.8312891419999998,0.8534351980000002,0.804684497,0.70390912,100Mt-noCostDecrease,100Mt-noCostDecrease,IL,resid hot water,missing,missing,missing,missing,missing,missing,missing,missing,missing,MTC
1610,0.0674844,0.00785372,0.0834642799999999,0.0866789,0.08542332,0.09114143,0.0974357699999999,0.08280374,0.07003302,100Mt-noCostDecrease,100Mt-noCostDecrease,IL,resid other,missing,missing,missing,missing,missing,missing,missing,missing,missing,MTC
1611,1.03790919,0.6221426,0.378140888,0.34009653943,0.253804281526,0.2079194348739999,0.17772007661,0.13797163141,0.1096206140799999,100Mt-noCostDecrease,100Mt-noCostDecrease,IL,subpeak generation,missing,missing,missing,missing,missing,missing,missing,missing,missing,MTC
1612,0.0928332,0.930804,0.606624,0.620289,0.625251,0.629828,0.653805,0.666244,0.683042,100Mt-noCostDecrease,100Mt-noCostDecrease,IL,trn_aviation_intl,missing,missing,missing,missing,missing,missing,missing,missing,missing,MTC
1613,0.35183759,0.356794451,0.414088994,0.440701083,0.463635534,0.481143713,0.507313124,0.530151897,0.543718672,100Mt-noCostDecrease,100Mt-noCostDecrease,IL,trn_freight,missing,missing,missing,missing,missing,missing,missing,missing,missing,MTC
1614,5.312827,5.394432999999999,6.2306608400000005,6.479390399999999,6.20191226,5.567126150000001,5.39299376,4.840115190000001,4.13386265,100Mt-noCostDecrease,100Mt-noCostDecrease,IL,trn_freight_road,missing,missing,missing,missing,missing,missing,missing,missing,missing,MTC
1615,0.3697065,3.5719476,2.4421147,2.542879,2.5304157,2.5434617,2.6606202,2.6858046,2.7570962000000003,100Mt-noCostDecrease,100Mt-noCostDecrease,IL,trn_pass,missing,missing,missing,missing,missing,missing,missing,missing,missing,MTC
1616,0.203745,0.212629,0.3490471,0.35110334,0.2476704,0.18658109,0.1653579,0.15760761,0.15235207,100Mt-noCostDecrease,100Mt-noCostDecrease,IL,trn_pass_road,missing,missing,missing,missing,missing,missing,missing,missing,missing,MTC
1617,0.0298879,0.0371198,0.0296547,0.0271974,0.0249801,0.0232675,0.0223094,0.0210501,0.0200066,100Mt-noCostDecrease,100Mt-noCostDecrease,IL,trn_pass_road_LDV,missing,missing,missing,missing,missing,missing,missing,missing,missing,MTC
1618,8.49171896,10.54674506,8.785560470000002,7.69068463,5.77532042,4.319573513000001,3.17738655,2.80647335,2.568473860000001,100Mt-noCostDecrease,100Mt-noCostDecrease,IL,trn_pass_road_LDV_4W,missing,missing,missing,missing,missing,missing,missing,missing,missing,MTC
1619,0.00866032,0.00525036,0.000611319,0.00062876,0.000611242,0.000600857,0.000620964,0.000616572,0.000626742,100Mt-noCostDecrease,100Mt-noCostDecrease,IL,trn_shipping_intl,missing,missing,missing,missing,missing,missing,missing,missing,missing,MTC
1620,0.0,0.0,0.0,-0.05978553,-0.06276055,-0.0858114,-0.1536735,-0.2676931,-0.418092,100Mt-noCostDecrease,100Mt-noCostDecrease,IN,CDR_regional,missing,missing,missing,missing,missing,missing,missing,missing,missing,MTC
1621,16.8072219,21.83136302,16.0711173,15.9831097449,11.432552249870009,3.4696033621399995,3.03289860165,1.2095466218600002,1.445123128872,100Mt-noCostDecrease,100Mt-noCostDecrease,IN,base load generation,missing,missing,missing,missing,missing,missing,missing,missing,missing,MTC
1622,0.0,0.03671392,0.4629033,0.4419161,0.3611190999999999,0.265189,0.19702073,0.12745194,0.0564909,100Mt-noCostDecrease,100Mt-noCostDecrease,IN,biomass liquids,missing,missing,missing,missing,missing,missing,missing,missing,missing,MTC
1623,0.0,0.0,0.05902272,0.253815873,0.735047241,1.3323585590000009,1.4838989850000002,1.944945595,2.002856461,100Mt-noCostDecrease,100Mt-noCostDecrease,IN,biorefining,missing,missing,missing,missing,missing,missing,missing,missing,missing,MTC
1624,0.215089,0.303983,0.223034,0.20908287,0.0888088,0.0411143,0.0417741,0.03031387,0.02963799,100Mt-noCostDecrease,100Mt-noCostDecrease,IN,cement,missing,missing,missing,missing,missing,missing,missing,missing,missing,MTC
1625,0.0,0.0,0.0,0.0,0.0,0.0,0.0,0.000737453,0.013620964,100Mt-noCostDecrease,100Mt-noCostDecrease,IN,coal to liquids,missing,missing,missing,missing,missing,missing,missing,missing,missing,MTC
1626,0.0593801,0.0439035,0.04079536,0.0411020899999999,0.03918448,0.03613722,0.03493121,0.0307867369999999,0.027871648,100Mt-noCostDecrease,100Mt-noCostDecrease,IN,comm cooking,missing,missing,missing,missing,missing,missing,missing,missing,missing,MTC
1627,0.00258155,0.0137626,0.00637164,0.00632379,0.006142269,0.005956738,0.005891797,0.005388719,0.005061178,100Mt-noCostDecrease,100Mt-noCostDecrease,IN,comm cooling,missing,missing,missing,missing,missing,missing,missing,missing,missing,MTC
1628,1.6197480000000002,1.292501,0.9136563,0.91542442,0.8927540300000001,0.86134957,0.84564782,0.7427607700000001,0.69978049,100Mt-noCostDecrease,100Mt-noCostDecrease,IN,comm heating,missing,missing,missing,missing,missing,missing,missing,missing,missing,MTC
1629,0.2661419,0.11394477,0.1473207899999999,0.1492680499999999,0.1462644099999999,0.1400674599999999,0.138579847,0.1240956159999999,0.115763971,100Mt-noCostDecrease,100Mt-noCostDecrease,IN,comm hot water,missing,missing,missing,missing,missing,missing,missing,missing,missing,MTC
1630,0.0625908,0.0499348,0.229816,0.252345,0.2737279999999999,0.312436,0.344172,0.327557,0.311967,100Mt-noCostDecrease,100Mt-noCostDecrease,IN,comm other,missing,missing,missing,missing,missing,missing,missing,missing,missing,MTC
1631,0.0,0.0,0.0,0.0,0.0,0.0,0.0,7.05358e-06,0.00012796707,100Mt-noCostDecrease,100Mt-noCostDecrease,IN,gas to liquids,missing,missing,missing,missing,missing,missing,missing,missing,missing,MTC
1632,12.3761772,10.398056899999998,8.803748332000001,9.173348179,9.004681620000001,9.077959115,9.238841206400002,9.02396610151,8.423424562379996,100Mt-noCostDecrease,100Mt-noCostDecrease,IN,industrial energy use,missing,missing,missing,missing,missing,missing,missing,missing,missing,MTC
1633,10.106814,13.27982692,8.535463258000002,8.460984978650002,7.76338660777,5.291636159440001,5.02829952343,3.1044670124,2.47710803004,100Mt-noCostDecrease,100Mt-noCostDecrease,IN,intermediate generation,missing,missing,missing,missing,missing,missing,missing,missing,missing,MTC
1634,1.49779,1.10173,1.1329254000000002,1.0951646,0.9379268,0.7732973000000001,0.7069352,0.6069106000000001,0.5158657,100Mt-noCostDecrease,100Mt-noCostDecrease,IN,oil refining,missing,missing,missing,missing,missing,missing,missing,missing,missing,MTC
1635,0.113245626,0.0599047699999999,0.06703903856,0.0572013619404,0.0256753664623699,0.0279066796088,0.0261710529612,0.0180967387557,0.0119180695771999,100Mt-noCostDecrease,100Mt-noCostDecrease,IN,peak generation,missing,missing,missing,missing,missing,missing,missing,missing,missing,MTC
1636,0.17279766,0.24678402,0.17847608,0.1800023399999999,0.14041942,0.13328672,0.14054004,0.14174409,0.14702156,100Mt-noCostDecrease,100Mt-noCostDecrease,IN,process heat cement,missing,missing,missing,missing,missing,missing,missing,missing,missing,MTC
1637,-0.981039,-0.927481,-0.750399,-1.40572,-3.08108,-5.53317,-6.28666,-12.3535,-19.2103,100Mt-noCostDecrease,100Mt-noCostDecrease,IN,regional biomass,missing,missing,missing,missing,missing,missing,missing,missing,missing,MTC
1638,0.0,-0.0126111,-0.265486,-0.260442,-0.231364,-0.199801,-0.169754,-0.155736,-0.122859,100Mt-noCostDecrease,100Mt-noCostDecrease,IN,regional biomassOil,missing,missing,missing,missing,missing,missing,missing,missing,missing,MTC
1639,0.0,-0.155498,-1.95114,-1.88015,-1.59389,-1.2603,-0.996819,-0.780397,-0.500973,100Mt-noCostDecrease,100Mt-noCostDecrease,IN,regional corn for ethanol,missing,missing,missing,missing,missing,missing,missing,missing,missing,MTC
1640,0.019721,0.0389023,0.00824455,0.00826092,0.00812124,0.007630593,0.007759111,0.007363784,0.00660195,100Mt-noCostDecrease,100Mt-noCostDecrease,IN,resid clothes dryers,missing,missing,missing,missing,missing,missing,missing,missing,missing,MTC
1641,0.07190941,0.11878066,0.037402168,0.0355928349999999,0.032176461,0.028824743,0.0252440736,0.0232127691,0.0197504838999999,100Mt-noCostDecrease,100Mt-noCostDecrease,IN,resid cooking,missing,missing,missing,missing,missing,missing,missing,missing,missing,MTC
1642,2.2757553,1.9834547,1.57071441,1.4834606199999998,1.3485452799999995,1.18272492,1.0143646949999996,0.8230459099999998,0.6426888000000002,100Mt-noCostDecrease,100Mt-noCostDecrease,IN,resid heating,missing,missing,missing,missing,missing,missing,missing,missing,missing,MTC
1643,0.45682017,0.5740631199999999,0.38678484,0.3751315189999999,0.354919999,0.315253886,0.3212063349999999,0.290573584,0.241580556,100Mt-noCostDecrease,100Mt-noCostDecrease,IN,resid hot water,missing,missing,missing,missing,missing,missing,missing,missing,missing,MTC
1644,0.0342995,0.0100372,0.03609213,0.03902682,0.03828853,0.0414092,0.04411834,0.03583237,0.02998428,100Mt-noCostDecrease,100Mt-noCostDecrease,IN,resid other,missing,missing,missing,missing,missing,missing,missing,missing,missing,MTC
1645,0.90797178,0.3457883442,0.3875323683,0.3428785949239999,0.2455091192659999,0.2102983150870001,0.18289995481,0.1441571520299999,0.1152842669899999,100Mt-noCostDecrease,100Mt-noCostDecrease,IN,subpeak generation,missing,missing,missing,missing,missing,missing,missing,missing,missing,MTC
1646,0.422354,0.163676,0.192584,0.199174,0.201312,0.202741,0.21067,0.21449,0.220011,100Mt-noCostDecrease,100Mt-noCostDecrease,IN,trn_aviation_intl,missing,missing,missing,missing,missing,missing,missing,missing,missing,MTC
1647,0.27811712,0.32163504,0.3407578799999999,0.3599382,0.37568422,0.38780295,0.40772027,0.4241483,0.4335921,100Mt-noCostDecrease,100Mt-noCostDecrease,IN,trn_freight,missing,missing,missing,missing,missing,missing,missing,missing,missing,MTC
1648,4.153932,4.799526999999999,4.98752318,5.1579935400000005,4.924797150000001,4.415746036000001,4.26885598,3.81965128,3.25542267,100Mt-noCostDecrease,100Mt-noCostDecrease,IN,trn_freight_road,missing,missing,missing,missing,missing,missing,missing,missing,missing,MTC
1649,1.625593,0.638961,0.7863989,0.8274886,0.8243162,0.8290636,0.8696652,0.8770768,0.9022182,100Mt-noCostDecrease,100Mt-noCostDecrease,IN,trn_pass,missing,missing,missing,missing,missing,missing,missing,missing,missing,MTC
1650,0.1593,0.18754749,0.26700767,0.2725216,0.1961761,0.14906692,0.13173539,0.12491573,0.1201918199999999,100Mt-noCostDecrease,100Mt-noCostDecrease,IN,trn_pass_road,missing,missing,missing,missing,missing,missing,missing,missing,missing,MTC
1651,0.0174359,0.0229789,0.0201905,0.0182544,0.016691,0.0155997,0.0150054,0.0141993,0.0135754,100Mt-noCostDecrease,100Mt-noCostDecrease,IN,trn_pass_road_LDV,missing,missing,missing,missing,missing,missing,missing,missing,missing,MTC
1652,4.95391284,6.52905156,6.02629267,5.357332009999999,4.073255670000001,3.073119869,2.28529995,2.00512695,1.8334475500000005,100Mt-noCostDecrease,100Mt-noCostDecrease,IN,trn_pass_road_LDV_4W,missing,missing,missing,missing,missing,missing,missing,missing,missing,MTC
1653,0.0330209,0.0436726,0.0392323,0.0402115,0.039016,0.0382957,0.039516,0.0391763,0.0397638,100Mt-noCostDecrease,100Mt-noCostDecrease,IN,trn_shipping_intl,missing,missing,missing,missing,missing,missing,missing,missing,missing,MTC
1654,0.0,0.0,0.0,-0.035691091,-0.03803072,-0.0483110999999999,-0.0920543,-0.1814576,-0.3283501,100Mt-noCostDecrease,100Mt-noCostDecrease,IA,CDR_regional,missing,missing,missing,missing,missing,missing,missing,missing,missing,MTC
1655,0.468405,0.312124,0.3401157,0.3480213499999999,0.32978279,0.27878925,0.23829071,0.1868196899999999,0.150619752,100Mt-noCostDecrease,100Mt-noCostDecrease,IA,N fertilizer,missing,missing,missing,missing,missing,missing,missing,missing,missing,MTC
1656,4.012816259999999,5.7297313700000005,4.415339864,4.406836576830002,3.090188898099001,1.08181526449,0.9189970013400002,0.4066317697060001,0.4261978448048,100Mt-noCostDecrease,100Mt-noCostDecrease,IA,base load generation,missing,missing,missing,missing,missing,missing,missing,missing,missing,MTC
1657,0.0,0.4166284,1.5470109,1.4768946,1.2066247,0.8860065,0.6582507,0.4258078,0.18873162,100Mt-noCostDecrease,100Mt-noCostDecrease,IA,biomass liquids,missing,missing,missing,missing,missing,missing,missing,missing,missing,MTC
1658,0.0,0.0,0.060048397,0.248882214,0.7132716829999999,1.2839442069999998,1.4295073049999998,1.8686954590000004,1.923113232,100Mt-noCostDecrease,100Mt-noCostDecrease,IA,biorefining,missing,missing,missing,missing,missing,missing,missing,missing,missing,MTC
1659,0.156345,0.22096,0.154996,0.14574364,0.06271325,0.0285802,0.0289923,0.02070453,0.02015531,100Mt-noCostDecrease,100Mt-noCostDecrease,IA,cement,missing,missing,missing,missing,missing,missing,missing,missing,missing,MTC
1660,0.0317925,0.0281494,0.02447946,0.0242978,0.02276497,0.0206496719999999,0.0196281959999999,0.017163759,0.0157006409999999,100Mt-noCostDecrease,100Mt-noCostDecrease,IA,comm cooking,missing,missing,missing,missing,missing,missing,missing,missing,missing,MTC
1661,0.000140581,0.00480243,0.0004134349,0.0004070294,0.000392467,0.0003786672,0.000371142,0.0003410439,0.0003236462,100Mt-noCostDecrease,100Mt-noCostDecrease,IA,comm cooling,missing,missing,missing,missing,missing,missing,missing,missing,missing,MTC
1662,0.7785369,0.7605008,0.6795170399999999,0.66386467,0.6258282500000001,0.57667546,0.5394251000000001,0.4313938499999999,0.3991311090000001,100Mt-noCostDecrease,100Mt-noCostDecrease,IA,comm heating,missing,missing,missing,missing,missing,missing,missing,missing,missing,MTC
1663,0.1702422,0.07761342,0.13365034,0.1334918699999999,0.12863555,0.12063837,0.1151209199999999,0.099353158,0.091735788,100Mt-noCostDecrease,100Mt-noCostDecrease,IA,comm hot water,missing,missing,missing,missing,missing,missing,missing,missing,missing,MTC
1664,0.0599957,0.0448256999999999,0.1758597,0.1825556,0.1798468,0.1835294,0.1882243,0.1777107,0.1690341,100Mt-noCostDecrease,100Mt-noCostDecrease,IA,comm other,missing,missing,missing,missing,missing,missing,missing,missing,missing,MTC
1665,3.7992455,3.2362524,2.987959833,3.066006073,3.035008593,3.05745604178,3.09724040202,3.020596090069999,2.84706019616,100Mt-noCostDecrease,100Mt-noCostDecrease,IA,industrial energy use,missing,missing,missing,missing,missing,missing,missing,missing,missing,MTC
1666,3.3008202600000005,4.36684915,3.546250704,3.535617040150001,3.18174192873,1.9520004491400005,1.9221252518399992,1.3215764543900004,1.0408935756500004,100Mt-noCostDecrease,100Mt-noCostDecrease,IA,intermediate generation,missing,missing,missing,missing,missing,missing,missing,missing,missing,MTC
1667,0.046000091,0.0378508,0.0197071049399999,0.01719458382024,0.01105618626668,0.008864265057,0.00726669853791,0.0055812770793,0.0037653936721999,100Mt-noCostDecrease,100Mt-noCostDecrease,IA,peak generation,missing,missing,missing,missing,missing,missing,missing,missing,missing,MTC
1668,0.1256032,0.1793827,0.12404224,0.1228906999999999,0.0931771,0.08883257,0.09378644,0.09465137,0.09802678,100Mt-noCostDecrease,100Mt-noCostDecrease,IA,process heat cement,missing,missing,missing,missing,missing,missing,missing,missing,missing,MTC
1669,-1.06134,-0.729536,-0.509989,-1.13125,-2.68252,-4.75393,-5.3133,-8.0682,-9.91252,100Mt-noCostDecrease,100Mt-noCostDecrease,IA,regional biomass,missing,missing,missing,missing,missing,missing,missing,missing,missing,MTC
1670,0.0,-0.0351674,-0.7158,-0.690106,-0.580881,-0.455464,-0.35925,-0.277014,-0.175153,100Mt-noCostDecrease,100Mt-noCostDecrease,IA,regional biomassOil,missing,missing,missing,missing,missing,missing,missing,missing,missing,MTC
1671,0.0,-1.79762,-6.51977,-6.24195,-5.15782,-3.87702,-2.94104,-2.03707,-1.05707,100Mt-noCostDecrease,100Mt-noCostDecrease,IA,regional corn for ethanol,missing,missing,missing,missing,missing,missing,missing,missing,missing,MTC
1672,0.00704036,0.0110916,0.001983526,0.001985936,0.001945878,0.00182056,0.001833699,0.001746776,0.0015912819999999,100Mt-noCostDecrease,100Mt-noCostDecrease,IA,resid clothes dryers,missing,missing,missing,missing,missing,missing,missing,missing,missing,MTC
1673,0.0265451999999999,0.03591348,0.010330297,0.0097364729999999,0.0086400579999999,0.0075872515,0.0064245830999999,0.0059325883999999,0.0051373461,100Mt-noCostDecrease,100Mt-noCostDecrease,IA,resid cooking,missing,missing,missing,missing,missing,missing,missing,missing,missing,MTC
1674,1.19274496,0.98794962,0.8637675199999999,0.8138045899999999,0.7362698,0.63984772,0.5396061500000001,0.4329329429999999,0.3361358740000001,100Mt-noCostDecrease,100Mt-noCostDecrease,IA,resid heating,missing,missing,missing,missing,missing,missing,missing,missing,missing,MTC
1675,0.22018864,0.30234366,0.19685147,0.190906017,0.18003953,0.1599580339999999,0.160732254,0.1478619959999999,0.127405921,100Mt-noCostDecrease,100Mt-noCostDecrease,IA,resid hot water,missing,missing,missing,missing,missing,missing,missing,missing,missing,MTC
1676,0.01486076,0.0127576,0.01082754,0.0114241799999999,0.01098303,0.01189282,0.01244628,0.01065572,0.00921868,100Mt-noCostDecrease,100Mt-noCostDecrease,IA,resid other,missing,missing,missing,missing,missing,missing,missing,missing,missing,MTC
1677,0.3051814899999999,0.23907224,0.0253238778399999,0.0239033498948999,0.0169153691686799,0.0138771485785,0.0126016440769999,0.0202699361395,0.0176814278674,100Mt-noCostDecrease,100Mt-noCostDecrease,IA,subpeak generation,missing,missing,missing,missing,missing,missing,missing,missing,missing,MTC
1678,0.020928,0.0233167,0.0223366,0.0227933,0.0228542,0.022971,0.0238089,0.0241953,0.0247458,100Mt-noCostDecrease,100Mt-noCostDecrease,IA,trn_aviation_intl,missing,missing,missing,missing,missing,missing,missing,missing,missing,MTC
1679,0.1068969198,0.139727,0.15089,0.157663,0.164192,0.170258,0.179331,0.187298,0.192652,100Mt-noCostDecrease,100Mt-noCostDecrease,IA,trn_freight,missing,missing,missing,missing,missing,missing,missing,missing,missing,MTC
1680,1.618688,2.115918,2.27440663,2.323803448,2.198049338,1.960442158,1.895669681,1.704165434,1.4672549039999998,100Mt-noCostDecrease,100Mt-noCostDecrease,IA,trn_freight_road,missing,missing,missing,missing,missing,missing,missing,missing,missing,MTC
1681,0.08453661,0.09505985,0.09546351,0.09893353,0.09786945,0.09836823,0.1028963,0.10375889,0.10646697,100Mt-noCostDecrease,100Mt-noCostDecrease,IA,trn_pass,missing,missing,missing,missing,missing,missing,missing,missing,missing,MTC
1682,0.0620769,0.0870848499999999,0.13597813,0.1397450499999999,0.1017193699999999,0.07733671,0.06783891,0.0638922599999999,0.06115467,100Mt-noCostDecrease,100Mt-noCostDecrease,IA,trn_pass_road,missing,missing,missing,missing,missing,missing,missing,missing,missing,MTC
1683,0.00874547,0.0112523,0.00942755,0.00833219,0.00752455,0.00705361,0.00679155,0.00647048,0.00620821,100Mt-noCostDecrease,100Mt-noCostDecrease,IA,trn_pass_road_LDV,missing,missing,missing,missing,missing,missing,missing,missing,missing,MTC
1684,2.48500036,3.19683071,2.97023141,2.61931771,1.973884013,1.4760640480000002,1.083962615,0.94976367,0.8674418669999999,100Mt-noCostDecrease,100Mt-noCostDecrease,IA,trn_pass_road_LDV_4W,missing,missing,missing,missing,missing,missing,missing,missing,missing,MTC
1685,2.74779e-05,0.0,0.0,0.0,0.0,0.0,0.0,0.0,0.0,100Mt-noCostDecrease,100Mt-noCostDecrease,IA,trn_shipping_intl,missing,missing,missing,missing,missing,missing,missing,missing,missing,MTC
1686,0.0,0.0,0.0,-0.032186008,-0.03561312,-0.0361994999999999,-0.0617281,-0.1049866999999999,-0.1698173,100Mt-noCostDecrease,100Mt-noCostDecrease,KS,CDR_regional,missing,missing,missing,missing,missing,missing,missing,missing,missing,MTC
1687,5.586251330000001,8.598974315199998,5.988246382999999,6.041424469456,4.2634666653874005,1.2132178444830006,0.9932715866,0.6623017788989,0.7775241957719701,100Mt-noCostDecrease,100Mt-noCostDecrease,KS,base load generation,missing,missing,missing,missing,missing,missing,missing,missing,missing,MTC
1688,0.0,0.04971004921,0.2003916,0.19131482,0.156308577,0.1147752565,0.0852710521,0.0551596333,0.0244485138,100Mt-noCostDecrease,100Mt-noCostDecrease,KS,biomass liquids,missing,missing,missing,missing,missing,missing,missing,missing,missing,MTC
1689,0.0,0.0,0.0603864399999999,0.253328138,0.7298229319999999,1.320122173,1.4705277139999993,1.927170762,1.9848768240000003,100Mt-noCostDecrease,100Mt-noCostDecrease,KS,biorefining,missing,missing,missing,missing,missing,missing,missing,missing,missing,MTC
1690,0.125452,0.1773,0.126915,0.12035216,0.05049346,0.0229527,0.0233835,0.01703621,0.0167293,100Mt-noCostDecrease,100Mt-noCostDecrease,KS,cement,missing,missing,missing,missing,missing,missing,missing,missing,missing,MTC
1691,0.0492077,0.0237975,0.0236448999999999,0.0238197099999999,0.02289836,0.02126755,0.020487299,0.0181846109999999,0.016543284,100Mt-noCostDecrease,100Mt-noCostDecrease,KS,comm cooking,missing,missing,missing,missing,missing,missing,missing,missing,missing,MTC
1692,0.00038908,0.00704178,0.000686339,0.000709564,0.0007284559999999999,0.0007434620000000001,0.0007588253000000001,0.000730894,0.0006904294,100Mt-noCostDecrease,100Mt-noCostDecrease,KS,comm cooling,missing,missing,missing,missing,missing,missing,missing,missing,missing,MTC
1693,0.464288959,0.3406451,0.3655740499999999,0.3611176899999999,0.34639248,0.32400395,0.307432223,0.254283551,0.234658137,100Mt-noCostDecrease,100Mt-noCostDecrease,KS,comm heating,missing,missing,missing,missing,missing,missing,missing,missing,missing,MTC
1694,0.2288268,0.06374397,0.10324407,0.1037912599999999,0.10162231,0.097074775,0.095196902,0.0855215739999999,0.07987327,100Mt-noCostDecrease,100Mt-noCostDecrease,KS,comm hot water,missing,missing,missing,missing,missing,missing,missing,missing,missing,MTC
1695,0.08517656,0.03462772,0.1016757,0.1099893,0.1208798,0.1400628,0.1556767,0.1504638,0.1438441,100Mt-noCostDecrease,100Mt-noCostDecrease,KS,comm other,missing,missing,missing,missing,missing,missing,missing,missing,missing,MTC
1696,0.0,0.0,0.0,0.0,0.0,0.0,0.0,0.000294235,0.005338059,100Mt-noCostDecrease,100Mt-noCostDecrease,KS,gas to liquids,missing,missing,missing,missing,missing,missing,missing,missing,missing,MTC
1697,2.8645547,1.8255493,1.89409172,1.969171936,1.934950093,1.9475126107389995,2.000708741564,1.958033179331,1.891566574617,100Mt-noCostDecrease,100Mt-noCostDecrease,KS,industrial energy use,missing,missing,missing,missing,missing,missing,missing,missing,missing,MTC
1698,1.92227122,1.9959807,0.26921109,0.2741261969799999,0.227170294572,0.137609860176,0.1337090804509999,0.1315209866399999,0.1216276104199999,100Mt-noCostDecrease,100Mt-noCostDecrease,KS,intermediate generation,missing,missing,missing,missing,missing,missing,missing,missing,missing,MTC
1699,1.22531,0.761295,0.8715066,0.8428074,0.7218856,0.5953237,0.5441603,0.46667273,0.3944913399999999,100Mt-noCostDecrease,100Mt-noCostDecrease,KS,oil refining,missing,missing,missing,missing,missing,missing,missing,missing,missing,MTC
1700,0.0145879709999999,0.0038619829999999,0.0029851174,0.0026439797165299,0.0015687880184599,0.000935141471455,0.000805783078494,0.0006115654507159998,0.00037935196056499993,100Mt-noCostDecrease,100Mt-noCostDecrease,KS,peak generation,missing,missing,missing,missing,missing,missing,missing,missing,missing,MTC
1701,0.100785034,0.1439377399999999,0.10158403,0.1019943399999999,0.07797354,0.07472322,0.07909925,0.0799925,0.08311705,100Mt-noCostDecrease,100Mt-noCostDecrease,KS,process heat cement,missing,missing,missing,missing,missing,missing,missing,missing,missing,MTC
1702,-0.243716,-0.184398,-0.228469,-0.861209,-2.47265,-4.62342,-5.20508,-9.46008,-12.6921,100Mt-noCostDecrease,100Mt-noCostDecrease,KS,regional biomass,missing,missing,missing,missing,missing,missing,missing,missing,missing,MTC
1703,0.0,-0.000121261,-0.0166139,-0.0229212,-0.0379797,-0.0579132,-0.0643802,-0.0875477,-0.092634,100Mt-noCostDecrease,100Mt-noCostDecrease,KS,regional biomassOil,missing,missing,missing,missing,missing,missing,missing,missing,missing,MTC
1704,0.0,-0.21573,-0.889029,-0.866799,-0.767526,-0.656802,-0.550869,-0.496642,-0.380753,100Mt-noCostDecrease,100Mt-noCostDecrease,KS,regional corn for ethanol,missing,missing,missing,missing,missing,missing,missing,missing,missing,MTC
1705,0.00893322,0.0135397,0.002450219,0.002583056,0.002655928,0.002608269,0.002610837,0.00248022,0.002257385,100Mt-noCostDecrease,100Mt-noCostDecrease,KS,resid clothes dryers,missing,missing,missing,missing,missing,missing,missing,missing,missing,MTC
1706,0.03139193,0.0421391,0.011244339,0.010965612,0.0102713402999999,0.0093988475,0.0084127317,0.0077636433,0.0067240782,100Mt-noCostDecrease,100Mt-noCostDecrease,KS,resid cooking,missing,missing,missing,missing,missing,missing,missing,missing,missing,MTC
1707,0.86776252,0.7450920699999999,0.67465345,0.64464022,0.5992674299999999,0.5407308,0.4797560159999999,0.4073422750000001,0.334287616,100Mt-noCostDecrease,100Mt-noCostDecrease,KS,resid heating,missing,missing,missing,missing,missing,missing,missing,missing,missing,MTC
1708,0.24605962,0.32102683,0.2292542949999999,0.229037573,0.225634482,0.213760941,0.215993664,0.203505494,0.180655298,100Mt-noCostDecrease,100Mt-noCostDecrease,KS,resid hot water,missing,missing,missing,missing,missing,missing,missing,missing,missing,MTC
1709,0.0119771,0.00734412,0.01321101,0.01371942,0.01317873,0.01369569,0.01450523,0.01249781,0.01076817,100Mt-noCostDecrease,100Mt-noCostDecrease,KS,resid other,missing,missing,missing,missing,missing,missing,missing,missing,missing,MTC
1710,0.191078174,0.243069349,0.0018040957,0.001616598,0.0011133101,0.0007791203476000001,0.00108902221923,0.0096508317702,0.0065635880986,100Mt-noCostDecrease,100Mt-noCostDecrease,KS,subpeak generation,missing,missing,missing,missing,missing,missing,missing,missing,missing,MTC
1711,0.086415,0.0413861,0.0373958,0.0383424,0.0385498,0.0388688,0.0403971,0.0411682,0.0422311,100Mt-noCostDecrease,100Mt-noCostDecrease,KS,trn_aviation_intl,missing,missing,missing,missing,missing,missing,missing,missing,missing,MTC
1712,0.13333,0.118594,0.159666,0.168791,0.176713,0.183819,0.194044,0.202783,0.208403,100Mt-noCostDecrease,100Mt-noCostDecrease,KS,trn_freight,missing,missing,missing,missing,missing,missing,missing,missing,missing,MTC
1713,2.019019,1.795864,2.39913619,2.4763481060000005,2.3520719369999994,2.100336659,2.0243739679999995,1.814335621,1.5537292019999998,100Mt-noCostDecrease,100Mt-noCostDecrease,KS,trn_freight_road,missing,missing,missing,missing,missing,missing,missing,missing,missing,MTC
1714,0.3358968899999999,0.16321274,0.15671362,0.1635321699999999,0.1621690099999999,0.16334424,0.1713342699999999,0.1731686399999999,0.17816338,100Mt-noCostDecrease,100Mt-noCostDecrease,KS,trn_pass,missing,missing,missing,missing,missing,missing,missing,missing,missing,MTC
1715,0.077429,0.083689,0.14656057,0.14964506,0.1076842899999999,0.0817943299999999,0.07190305,0.06782787,0.06507608,100Mt-noCostDecrease,100Mt-noCostDecrease,KS,trn_pass_road,missing,missing,missing,missing,missing,missing,missing,missing,missing,MTC
1716,0.00795164,0.00819861,0.00810562,0.00730181,0.00666839,0.00626215,0.00605557,0.00579008,0.00557233,100Mt-noCostDecrease,100Mt-noCostDecrease,KS,trn_pass_road_LDV,missing,missing,missing,missing,missing,missing,missing,missing,missing,MTC
1717,2.2590214,2.32952844,2.38522667,2.092824846,1.575312535,1.1777133379999996,0.865242592,0.7622872850000002,0.6990061700000002,100Mt-noCostDecrease,100Mt-noCostDecrease,KS,trn_pass_road_LDV_4W,missing,missing,missing,missing,missing,missing,missing,missing,missing,MTC
1718,0.0,0.0,0.0,0.0,0.0,0.0,0.0,0.0,0.0,100Mt-noCostDecrease,100Mt-noCostDecrease,KS,trn_shipping_intl,missing,missing,missing,missing,missing,missing,missing,missing,missing,MTC
1719,0.0,0.0,0.0,-0.03717557,-0.03898683,-0.0515281999999999,-0.0906497,-0.1550617,-0.2385858,100Mt-noCostDecrease,100Mt-noCostDecrease,KY,CDR_regional,missing,missing,missing,missing,missing,missing,missing,missing,missing,MTC
1720,11.89226083297,15.800438335,11.98720045,11.672860401299998,8.024662258110002,2.4180726539100004,2.1470559046200006,1.0882409382200002,1.4965313359402,100Mt-noCostDecrease,100Mt-noCostDecrease,KY,base load generation,missing,missing,missing,missing,missing,missing,missing,missing,missing,MTC
1721,0.0,0.009428548,0.02248088,0.02145955,0.01751433,0.01285705,0.00955191,0.00617879,0.00273865,100Mt-noCostDecrease,100Mt-noCostDecrease,KY,biomass liquids,missing,missing,missing,missing,missing,missing,missing,missing,missing,MTC
1722,0.0,0.0,0.05902272,0.253815873,0.735047241,1.3323585590000009,1.4838989850000002,1.944945595,2.002856461,100Mt-noCostDecrease,100Mt-noCostDecrease,KY,biorefining,missing,missing,missing,missing,missing,missing,missing,missing,missing,MTC
1723,0.0998713,0.141147,0.100755,0.09382351,0.04015851,0.01859325,0.01895833,0.01377232,0.01349275,100Mt-noCostDecrease,100Mt-noCostDecrease,KY,cement,missing,missing,missing,missing,missing,missing,missing,missing,missing,MTC
1724,0.0,0.0,0.0,0.0,0.0,0.0,0.0,0.00104943,0.019383272,100Mt-noCostDecrease,100Mt-noCostDecrease,KY,coal to liquids,missing,missing,missing,missing,missing,missing,missing,missing,missing,MTC
1725,0.01788696,0.0322605,0.03286521,0.03285362,0.03116898,0.02843952,0.02727634,0.0237358619999999,0.021295546,100Mt-noCostDecrease,100Mt-noCostDecrease,KY,comm cooking,missing,missing,missing,missing,missing,missing,missing,missing,missing,MTC
1726,1.278e-05,0.000708579,0.0003816611,0.0003777313,0.0003680502,0.00035660780000000005,0.000353203,0.0003226364,0.00030288900000000003,100Mt-noCostDecrease,100Mt-noCostDecrease,KY,comm cooling,missing,missing,missing,missing,missing,missing,missing,missing,missing,MTC
1727,0.6506003,0.6585299,0.3447722099999999,0.33572175,0.31399352,0.2818048599999999,0.25424893,0.181994073,0.1593108399999999,100Mt-noCostDecrease,100Mt-noCostDecrease,KY,comm heating,missing,missing,missing,missing,missing,missing,missing,missing,missing,MTC
1728,0.1298097299999999,0.0844197699999999,0.12034648,0.12066447,0.11672619,0.10928874,0.105847192,0.0903391219999999,0.081576216,100Mt-noCostDecrease,100Mt-noCostDecrease,KY,comm hot water,missing,missing,missing,missing,missing,missing,missing,missing,missing,MTC
1729,0.0253735,0.0242367,0.0892815999999999,0.1036668,0.1249917,0.1583837,0.1824236,0.1739087999999999,0.1648347,100Mt-noCostDecrease,100Mt-noCostDecrease,KY,comm other,missing,missing,missing,missing,missing,missing,missing,missing,missing,MTC
1730,0.0,0.0,0.0,0.0,0.0,0.0,0.0,0.000117896,0.002138877,100Mt-noCostDecrease,100Mt-noCostDecrease,KY,gas to liquids,missing,missing,missing,missing,missing,missing,missing,missing,missing,MTC
1731,3.8551268,3.978761,3.0122211413,3.096326717,3.10038350193,3.12795499054,3.17869796019,3.1036648291250013,2.9181749199620004,100Mt-noCostDecrease,100Mt-noCostDecrease,KY,industrial energy use,missing,missing,missing,missing,missing,missing,missing,missing,missing,MTC
1732,7.14842469749,9.608669239,6.057534776999999,5.930199577779996,5.312789238060003,3.573158665480001,3.489939785770001,2.44342464783,2.3590462562299974,100Mt-noCostDecrease,100Mt-noCostDecrease,KY,intermediate generation,missing,missing,missing,missing,missing,missing,missing,missing,missing,MTC
1733,0.76265,0.578856,0.7161178,0.6922458,0.5928574,0.4887959,0.4468492,0.38362433,0.3260755399999999,100Mt-noCostDecrease,100Mt-noCostDecrease,KY,oil refining,missing,missing,missing,missing,missing,missing,missing,missing,missing,MTC
1734,0.07386691512,0.029514975,0.0636924394899999,0.0543449648181999,0.0244072588470199,0.0265251979433999,0.0248867699294,0.0172388791518,0.0114296859857,100Mt-noCostDecrease,100Mt-noCostDecrease,KY,peak generation,missing,missing,missing,missing,missing,missing,missing,missing,missing,MTC
1735,0.080233981,0.1145876999999999,0.080625649,0.080773861,0.06349634,0.06027675,0.06378114,0.06439736,0.06693182,100Mt-noCostDecrease,100Mt-noCostDecrease,KY,process heat cement,missing,missing,missing,missing,missing,missing,missing,missing,missing,MTC
1736,-0.343403,-0.775215,-0.747974,-1.39455,-3.04944,-5.36982,-6.04902,-12.0508,-19.621,100Mt-noCostDecrease,100Mt-noCostDecrease,KY,regional biomass,missing,missing,missing,missing,missing,missing,missing,missing,missing,MTC
1737,0.0,-0.00594172,-0.132407,-0.133433,-0.127947,-0.123935,-0.113394,-0.119281,-0.106701,100Mt-noCostDecrease,100Mt-noCostDecrease,KY,regional biomassOil,missing,missing,missing,missing,missing,missing,missing,missing,missing,MTC
1738,0.0,-0.0391064,-0.0802069,-0.094023,-0.134121,-0.18827,-0.200355,-0.265167,-0.272605,100Mt-noCostDecrease,100Mt-noCostDecrease,KY,regional corn for ethanol,missing,missing,missing,missing,missing,missing,missing,missing,missing,MTC
1739,0.00598246,0.00670098,0.00657106,0.0066196,0.00658746,0.006244374,0.006399882,0.0061081819999999,0.0055067,100Mt-noCostDecrease,100Mt-noCostDecrease,KY,resid clothes dryers,missing,missing,missing,missing,missing,missing,missing,missing,missing,MTC
1740,0.02272038,0.0213455099999999,0.028656061,0.0275523149999999,0.025361129,0.0230931257999999,0.0206745775,0.0191510537999999,0.0164405426999999,100Mt-noCostDecrease,100Mt-noCostDecrease,KY,resid cooking,missing,missing,missing,missing,missing,missing,missing,missing,missing,MTC
1741,1.1126316400000005,0.98493611,0.6591627099999998,0.6086685580000001,0.535745951,0.4482115680000001,0.3598579780000001,0.2723774699999999,0.198565367,100Mt-noCostDecrease,100Mt-noCostDecrease,KY,resid heating,missing,missing,missing,missing,missing,missing,missing,missing,missing,MTC
1742,0.166338005,0.2214319,0.118925539,0.113507432,0.10588209,0.092727448,0.09746602,0.088301371,0.072851603,100Mt-noCostDecrease,100Mt-noCostDecrease,KY,resid hot water,missing,missing,missing,missing,missing,missing,missing,missing,missing,MTC
1743,0.01312078,0.00600544,0.02712529,0.02939197,0.02913104,0.03154331,0.03371135,0.02758018,0.0232100199999999,100Mt-noCostDecrease,100Mt-noCostDecrease,KY,resid other,missing,missing,missing,missing,missing,missing,missing,missing,missing,MTC
1744,0.5329807855000002,0.96539051,0.21149907,0.184384923239,0.124759639424,0.1128505773949999,0.102058425039,0.0856054906499999,0.07308079086,100Mt-noCostDecrease,100Mt-noCostDecrease,KY,subpeak generation,missing,missing,missing,missing,missing,missing,missing,missing,missing,MTC
1745,0.134805,0.195081,0.250528,0.258295,0.262796,0.26491,0.276553,0.282108,0.290363,100Mt-noCostDecrease,100Mt-noCostDecrease,KY,trn_aviation_intl,missing,missing,missing,missing,missing,missing,missing,missing,missing,MTC
1746,0.188004,0.2353116367,0.204336,0.2149,0.226971,0.235168,0.248651,0.26001,0.26737,100Mt-noCostDecrease,100Mt-noCostDecrease,KY,trn_freight,missing,missing,missing,missing,missing,missing,missing,missing,missing,MTC
1747,2.846972,3.562358,3.0795853399999995,3.168704630000001,3.042667923,2.7284578820000007,2.6558908810000004,2.38493655,2.03986614,100Mt-noCostDecrease,100Mt-noCostDecrease,KY,trn_freight_road,missing,missing,missing,missing,missing,missing,missing,missing,missing,MTC
1748,0.52313626,0.7554721,1.01324843,1.0638355300000002,1.06741735,1.0752821,1.1353133000000002,1.1478925,1.1865879,100Mt-noCostDecrease,100Mt-noCostDecrease,KY,trn_pass,missing,missing,missing,missing,missing,missing,missing,missing,missing,MTC
1749,0.109179,0.14094069,0.17722443,0.18171327,0.13115123,0.0990306199999999,0.08633603,0.08087616,0.07686231,100Mt-noCostDecrease,100Mt-noCostDecrease,KY,trn_pass_road,missing,missing,missing,missing,missing,missing,missing,missing,missing,MTC
1750,0.0119833,0.0157661,0.0137057,0.0123335,0.0114838,0.0108137,0.0105533,0.0101007,0.00979116,100Mt-noCostDecrease,100Mt-noCostDecrease,KY,trn_pass_road_LDV,missing,missing,missing,missing,missing,missing,missing,missing,missing,MTC
1751,3.40469788,4.47966928,4.172527680000001,3.70109851,2.8127648939999994,2.1194601790000003,1.5756865,1.3859114099999996,1.2661300400000002,100Mt-noCostDecrease,100Mt-noCostDecrease,KY,trn_pass_road_LDV_4W,missing,missing,missing,missing,missing,missing,missing,missing,missing,MTC
1752,0.0,0.000615338,0.0,0.0,0.0,0.0,0.0,0.0,0.0,100Mt-noCostDecrease,100Mt-noCostDecrease,KY,trn_shipping_intl,missing,missing,missing,missing,missing,missing,missing,missing,missing,MTC
1753,0.0,0.0,0.0,-0.0604762099999999,-0.0624094699999999,-0.1136509,-0.1778063,-0.2546695,-0.3596092,100Mt-noCostDecrease,100Mt-noCostDecrease,LA,CDR_regional,missing,missing,missing,missing,missing,missing,missing,missing,missing,MTC
1754,2.35182,1.56715,1.699226,1.7361123899999995,1.64397994,1.3872957200000002,1.1821255700000004,0.92331517,0.7433413299999999,100Mt-noCostDecrease,100Mt-noCostDecrease,LA,N fertilizer,missing,missing,missing,missing,missing,missing,missing,missing,missing,MTC
1755,2.39872371,3.73319676,3.835254039,3.916420150468,3.167530124723001,1.4741434602669996,1.471220148286,0.972128446398,1.1415458079611691,100Mt-noCostDecrease,100Mt-noCostDecrease,LA,base load generation,missing,missing,missing,missing,missing,missing,missing,missing,missing,MTC
1756,0.0,0.0,0.0,0.0,0.0,0.0,0.0,0.0,0.0,100Mt-noCostDecrease,100Mt-noCostDecrease,LA,biomass liquids,missing,missing,missing,missing,missing,missing,missing,missing,missing,MTC
1757,0.0,0.0,0.060166607,0.2506621959999999,0.7196508450000001,1.298449696,1.445885693999999,1.892903262,1.9491904680000005,100Mt-noCostDecrease,100Mt-noCostDecrease,LA,biorefining,missing,missing,missing,missing,missing,missing,missing,missing,missing,MTC
1758,0.116218,0.164249,0.112654,0.1047626099999999,0.04587997,0.0209409799999999,0.0213498999999999,0.01540336,0.01510245,100Mt-noCostDecrease,100Mt-noCostDecrease,LA,cement,missing,missing,missing,missing,missing,missing,missing,missing,missing,MTC
1759,0.0,0.0,0.0,0.0,0.0,0.0,0.0,2.14169e-05,0.0003942526100000001,100Mt-noCostDecrease,100Mt-noCostDecrease,LA,coal to liquids,missing,missing,missing,missing,missing,missing,missing,missing,missing,MTC
1760,0.0255222999999999,0.0720932,0.03839052,0.03777451,0.03564875,0.03245401,0.031046885,0.027097008,0.024462358,100Mt-noCostDecrease,100Mt-noCostDecrease,LA,comm cooking,missing,missing,missing,missing,missing,missing,missing,missing,missing,MTC
1761,0.0003408,0.00399162,0.01225767,0.0119382899999999,0.01164389,0.01131973,0.0111790749999999,0.010249353,0.009589243,100Mt-noCostDecrease,100Mt-noCostDecrease,LA,comm cooling,missing,missing,missing,missing,missing,missing,missing,missing,missing,MTC
1762,0.2737966,0.2287385599999999,0.1094643159999999,0.104625642,0.096502772,0.08524011,0.075758474,0.0523872591,0.0456532857,100Mt-noCostDecrease,100Mt-noCostDecrease,LA,comm heating,missing,missing,missing,missing,missing,missing,missing,missing,missing,MTC
1763,0.1259885,0.1164028,0.084559336,0.082866665,0.078942969,0.0726138919999999,0.069470893,0.05824657,0.0520908938,100Mt-noCostDecrease,100Mt-noCostDecrease,LA,comm hot water,missing,missing,missing,missing,missing,missing,missing,missing,missing,MTC
1764,0.0565454,0.0940322,0.2257221999999999,0.2436321,0.266523,0.301511,0.33197,0.316322,0.29893,100Mt-noCostDecrease,100Mt-noCostDecrease,LA,comm other,missing,missing,missing,missing,missing,missing,missing,missing,missing,MTC
1765,0.0,0.0,0.0,0.0,0.0,0.0,0.0,0.00261386,0.04742104,100Mt-noCostDecrease,100Mt-noCostDecrease,LA,gas to liquids,missing,missing,missing,missing,missing,missing,missing,missing,missing,MTC
1766,20.1470154,17.00648358,18.5827226226,19.1835929252,19.459548457959997,19.90556981099,20.73074863415999,20.461072728881,20.15655680878601,100Mt-noCostDecrease,100Mt-noCostDecrease,LA,industrial energy use,missing,missing,missing,missing,missing,missing,missing,missing,missing,MTC
1767,1.22932,1.52232,2.70513,2.55626,1.97321,1.48101,1.49631,1.23576,1.18193,100Mt-noCostDecrease,100Mt-noCostDecrease,LA,industrial feedstocks,missing,missing,missing,missing,missing,missing,missing,missing,missing,MTC
1768,5.111272680000001,6.47615965,4.306024359,4.0762648417100005,3.5682771798999995,2.91750021351,2.649824463499999,2.1708633218100006,1.9417698269099997,100Mt-noCostDecrease,100Mt-noCostDecrease,LA,intermediate generation,missing,missing,missing,missing,missing,missing,missing,missing,missing,MTC
1769,7.96693,6.44726,8.613496,8.325462,7.129295999999999,5.879724,5.374652,4.6130167,3.9152295,100Mt-noCostDecrease,100Mt-noCostDecrease,LA,oil refining,missing,missing,missing,missing,missing,missing,missing,missing,missing,MTC
1770,0.179156585,0.18009101,0.05844899827,0.05175288480326,0.03611644850126,0.0259034564044799,0.0223179879290999,0.0135172503191,0.0087117585929999,100Mt-noCostDecrease,100Mt-noCostDecrease,LA,peak generation,missing,missing,missing,missing,missing,missing,missing,missing,missing,MTC
1771,0.093366534,0.13334308,0.090171485,0.08954904,0.07101336,0.06773922,0.0716561,0.07232111,0.0753103,100Mt-noCostDecrease,100Mt-noCostDecrease,LA,process heat cement,missing,missing,missing,missing,missing,missing,missing,missing,missing,MTC
1772,-2.6707,-3.26872,-2.64198,-3.36031,-5.05321,-7.39363,-8.3255,-13.1093,-18.7599,100Mt-noCostDecrease,100Mt-noCostDecrease,LA,regional biomass,missing,missing,missing,missing,missing,missing,missing,missing,missing,MTC
1773,0.0,0.0,-0.0141588,-0.0205189,-0.0358239,-0.0559421,-0.0626532,-0.0857644,-0.0910925,100Mt-noCostDecrease,100Mt-noCostDecrease,LA,regional biomassOil,missing,missing,missing,missing,missing,missing,missing,missing,missing,MTC
1774,0.0,0.0,-0.0198086,-0.0365647,-0.0875832,-0.154728,-0.175991,-0.250185,-0.267124,100Mt-noCostDecrease,100Mt-noCostDecrease,LA,regional corn for ethanol,missing,missing,missing,missing,missing,missing,missing,missing,missing,MTC
1775,0.0189116,0.0165217,0.00576727,0.00588477,0.00600614,0.005829822,0.006014969,0.005767783,0.00520123,100Mt-noCostDecrease,100Mt-noCostDecrease,LA,resid clothes dryers,missing,missing,missing,missing,missing,missing,missing,missing,missing,MTC
1776,0.06628783,0.0509135099999999,0.0247616053,0.023824333,0.0221736429,0.0201730010999999,0.0179773949999999,0.0165946922,0.0140780664,100Mt-noCostDecrease,100Mt-noCostDecrease,LA,resid cooking,missing,missing,missing,missing,missing,missing,missing,missing,missing,MTC
1777,0.4763117429999999,0.25400225,0.249419893,0.230985624,0.204415499,0.1706902099999999,0.1367597093999999,0.1032749965,0.0752341954,100Mt-noCostDecrease,100Mt-noCostDecrease,LA,resid heating,missing,missing,missing,missing,missing,missing,missing,missing,missing,MTC
1778,0.31168274,0.34057232,0.177640442,0.174013598,0.1696234649999999,0.1534440029,0.1606403069999999,0.1468854969999999,0.121888928,100Mt-noCostDecrease,100Mt-noCostDecrease,LA,resid hot water,missing,missing,missing,missing,missing,missing,missing,missing,missing,MTC
1779,0.02487784,0.00652876,0.02390403,0.0266087,0.02706808,0.02851324,0.03104209,0.02569469,0.02141326,100Mt-noCostDecrease,100Mt-noCostDecrease,LA,resid other,missing,missing,missing,missing,missing,missing,missing,missing,missing,MTC
1780,1.21671973,1.350382,0.4093618516999999,0.3674849341099998,0.2712098451317,0.204339243141,0.1796151276409999,0.1242001889519999,0.092843529417,100Mt-noCostDecrease,100Mt-noCostDecrease,LA,subpeak generation,missing,missing,missing,missing,missing,missing,missing,missing,missing,MTC
1781,0.609278,0.665401,0.701667,0.71065,0.716184,0.723612,0.753248,0.768454,0.790174,100Mt-noCostDecrease,100Mt-noCostDecrease,LA,trn_aviation_intl,missing,missing,missing,missing,missing,missing,missing,missing,missing,MTC
1782,0.653662,0.5096769999999999,0.6278760000000001,0.6466879999999999,0.627341,0.6216980000000001,0.6576850000000001,0.665378,0.679971,100Mt-noCostDecrease,100Mt-noCostDecrease,LA,trn_freight,missing,missing,missing,missing,missing,missing,missing,missing,missing,MTC
1783,3.464205,3.846792,4.037463499999999,4.135478779999999,4.0202114700000005,3.672341136,3.59971172,3.2847192599999997,2.84412664,100Mt-noCostDecrease,100Mt-noCostDecrease,LA,trn_freight_road,missing,missing,missing,missing,missing,missing,missing,missing,missing,MTC
1784,2.33789057,2.5534386,2.804879,2.8890275,2.8708967,2.895231,3.0411796,3.0731683000000003,3.1675492000000003,100Mt-noCostDecrease,100Mt-noCostDecrease,LA,trn_pass,missing,missing,missing,missing,missing,missing,missing,missing,missing,MTC
1785,0.132851,0.1697118,0.2588659,0.2651369,0.191947,0.14564147,0.12773207,0.12002069,0.11452488,100Mt-noCostDecrease,100Mt-noCostDecrease,LA,trn_pass_road,missing,missing,missing,missing,missing,missing,missing,missing,missing,MTC
1786,0.0124319,0.0165792,0.0139153,0.0123175,0.0113826,0.0107529,0.0104411,0.00997197,0.00961603,100Mt-noCostDecrease,100Mt-noCostDecrease,LA,trn_pass_road_LDV,missing,missing,missing,missing,missing,missing,missing,missing,missing,MTC
1787,3.53222211,4.7102901500000005,4.367798919999999,3.81213914,2.871219238,2.155326063,1.593706175,1.4154908199999998,1.29572247,100Mt-noCostDecrease,100Mt-noCostDecrease,LA,trn_pass_road_LDV_4W,missing,missing,missing,missing,missing,missing,missing,missing,missing,MTC
1788,3.68678,2.38057,1.52426,1.54996,1.50257,1.47836,1.52942,1.51914,1.54675,100Mt-noCostDecrease,100Mt-noCostDecrease,LA,trn_shipping_intl,missing,missing,missing,missing,missing,missing,missing,missing,missing,MTC
1789,0.0,0.0,0.0,-0.00251727,-0.002558165,-0.00807116,-0.01380646,-0.02296016,-0.03690291,100Mt-noCostDecrease,100Mt-noCostDecrease,ME,CDR_regional,missing,missing,missing,missing,missing,missing,missing,missing,missing,MTC
1790,0.4260836,0.9433156,0.2766407713,0.3079010927169999,0.329090582556,0.378280464749,0.381843286824,0.3833609833479999,0.4354368537308999,100Mt-noCostDecrease,100Mt-noCostDecrease,ME,base load generation,missing,missing,missing,missing,missing,missing,missing,missing,missing,MTC
1791,0.0,8.54956e-06,0.000170588,0.000162808,0.000132567,9.72499e-05,7.22472e-05,4.67301e-05,2.07125e-05,100Mt-noCostDecrease,100Mt-noCostDecrease,ME,biomass liquids,missing,missing,missing,missing,missing,missing,missing,missing,missing,MTC
1792,0.0,0.0,0.0555042419999999,0.226382991,0.6355866119999999,1.1161989610000005,1.237213063,1.5804261209999997,1.6136991990000005,100Mt-noCostDecrease,100Mt-noCostDecrease,ME,biorefining,missing,missing,missing,missing,missing,missing,missing,missing,missing,MTC
1793,0.00099526,0.0025088899999999,0.003269856,0.0032357549999999,0.0030401679999999,0.002750804,0.0025925739,0.0022444608,0.0020191923999999,100Mt-noCostDecrease,100Mt-noCostDecrease,ME,comm cooking,missing,missing,missing,missing,missing,missing,missing,missing,missing,MTC
1794,6.10615e-05,0.000492767,0.00101933,0.0010061999999999,0.000974561,0.000936138,0.0009128313,0.0008332023,0.0007839297,100Mt-noCostDecrease,100Mt-noCostDecrease,ME,comm cooling,missing,missing,missing,missing,missing,missing,missing,missing,missing,MTC
1795,0.4938504999999999,0.52822336,0.34681981,0.3446657699999999,0.33838739,0.3320520599999999,0.32433741,0.29131275,0.2725643319999999,100Mt-noCostDecrease,100Mt-noCostDecrease,ME,comm heating,missing,missing,missing,missing,missing,missing,missing,missing,missing,MTC
1796,0.09731229,0.02262625,0.013677087,0.013532074,0.0128072939999999,0.011507889,0.0103905322,0.0081909831999999,0.0071695401,100Mt-noCostDecrease,100Mt-noCostDecrease,ME,comm hot water,missing,missing,missing,missing,missing,missing,missing,missing,missing,MTC
1797,0.01048806,0.00918412,0.0794801,0.0819791,0.0810297,0.0812368,0.0832809,0.0783661,0.0745199,100Mt-noCostDecrease,100Mt-noCostDecrease,ME,comm other,missing,missing,missing,missing,missing,missing,missing,missing,missing,MTC
1798,2.39711607,1.9770763,1.5897314099000002,1.6770918366000005,1.748454613000001,1.8691330560399997,1.9651237205960004,1.918763555254,1.8472782074740004,100Mt-noCostDecrease,100Mt-noCostDecrease,ME,industrial energy use,missing,missing,missing,missing,missing,missing,missing,missing,missing,MTC
1799,0.63520008,1.16614492,0.460545124,0.4684013831999999,0.4633410498999998,0.48610152006,0.4744441446,0.4621433595,0.4258320456999998,100Mt-noCostDecrease,100Mt-noCostDecrease,ME,intermediate generation,missing,missing,missing,missing,missing,missing,missing,missing,missing,MTC
1800,0.00738426,0.010412837,0.0020918392841,0.001816991268851,0.001283916947513,0.0009817502240429992,0.0008502212878299998,0.0005290930168499998,0.00034143886826000015,100Mt-noCostDecrease,100Mt-noCostDecrease,ME,peak generation,missing,missing,missing,missing,missing,missing,missing,missing,missing,MTC
1801,-2.57517,-2.96893,-2.34488,-2.98715,-4.45829,-6.49161,-7.15996,-9.40905,-10.758,100Mt-noCostDecrease,100Mt-noCostDecrease,ME,regional biomass,missing,missing,missing,missing,missing,missing,missing,missing,missing,MTC
1802,0.0,-0.000121266,-0.0153337,-0.0209596,-0.0340008,-0.0504139,-0.0556404,-0.0733191,-0.0763435,100Mt-noCostDecrease,100Mt-noCostDecrease,ME,regional biomassOil,missing,missing,missing,missing,missing,missing,missing,missing,missing,MTC
1803,0.0,0.0,-0.0162038,-0.0298253,-0.0703997,-0.121332,-0.137341,-0.189812,-0.200403,100Mt-noCostDecrease,100Mt-noCostDecrease,ME,regional corn for ethanol,missing,missing,missing,missing,missing,missing,missing,missing,missing,MTC
1804,8.52e-05,0.00018176,0.0001817337,0.0001825465,0.0001796907,0.00016739050000000002,0.0001677935,0.0001584404,0.0001424635,100Mt-noCostDecrease,100Mt-noCostDecrease,ME,resid clothes dryers,missing,missing,missing,missing,missing,missing,missing,missing,missing,MTC
1805,0.001615278,0.002739903,0.0044866290999999,0.0042486225,0.0038040341999999,0.0033745248,0.00293716499,0.0027399162,0.00240175918,100Mt-noCostDecrease,100Mt-noCostDecrease,ME,resid cooking,missing,missing,missing,missing,missing,missing,missing,missing,missing,MTC
1806,0.6984325499999999,1.076507149,0.886737917,0.8591195349999999,0.8231842850000001,0.7909408619999999,0.756309435,0.6953293079999999,0.606614848,100Mt-noCostDecrease,100Mt-noCostDecrease,ME,resid heating,missing,missing,missing,missing,missing,missing,missing,missing,missing,MTC
1807,0.058559137,0.1308162239999999,0.049041378,0.0451963149999999,0.039053077,0.0275825777999999,0.0249518098999999,0.0198318886,0.013819979,100Mt-noCostDecrease,100Mt-noCostDecrease,ME,resid hot water,missing,missing,missing,missing,missing,missing,missing,missing,missing,MTC
1808,0.0040659599999999,0.0106114,0.006200603,0.006522845,0.0061927799999999,0.006528729,0.0069481,0.005896572,0.005080254,100Mt-noCostDecrease,100Mt-noCostDecrease,ME,resid other,missing,missing,missing,missing,missing,missing,missing,missing,missing,MTC
1809,0.043101416747,0.0732205851,0.012958291107,0.01147324703325,0.0085413978484599,0.0068425934585,0.0060522812082999,0.0044465955005,0.0031490875756999,100Mt-noCostDecrease,100Mt-noCostDecrease,ME,subpeak generation,missing,missing,missing,missing,missing,missing,missing,missing,missing,MTC
1810,0.0584544,0.0335621,0.0223982,0.0232313,0.0235865,0.0238243,0.02494,0.0255249,0.0262515,100Mt-noCostDecrease,100Mt-noCostDecrease,ME,trn_aviation_intl,missing,missing,missing,missing,missing,missing,missing,missing,missing,MTC
1811,0.05401869,0.0655424,0.0618538,0.0653617,0.0668436,0.0682941,0.0728336,0.0759783,0.0788435999999999,100Mt-noCostDecrease,100Mt-noCostDecrease,ME,trn_freight,missing,missing,missing,missing,missing,missing,missing,missing,missing,MTC
1812,0.7744082,0.6406311,0.7051617380000001,0.7342329719999999,0.711643606,0.6484768442999999,0.6374462510000001,0.5836497359999999,0.511807788,100Mt-noCostDecrease,100Mt-noCostDecrease,ME,trn_freight_road,missing,missing,missing,missing,missing,missing,missing,missing,missing,MTC
1813,0.22554446,0.13005715,0.0922508299999999,0.0975946999999999,0.09777688,0.0987775,0.1046493199999999,0.10631356,0.10984737,100Mt-noCostDecrease,100Mt-noCostDecrease,ME,trn_pass,missing,missing,missing,missing,missing,missing,missing,missing,missing,MTC
1814,0.0296975,0.024879479,0.037522106,0.038195094,0.02721802,0.020254063,0.017433873,0.016163581,0.015237673,100Mt-noCostDecrease,100Mt-noCostDecrease,ME,trn_pass_road,missing,missing,missing,missing,missing,missing,missing,missing,missing,MTC
1815,0.00399834,0.00519594,0.0052295,0.00483885,0.00451539,0.00428925,0.0042435,0.00412449,0.00402673,100Mt-noCostDecrease,100Mt-noCostDecrease,ME,trn_pass_road_LDV,missing,missing,missing,missing,missing,missing,missing,missing,missing,MTC
1816,1.136148598,1.476035023,1.520681656,1.3576738869999998,1.035196009,0.7809003019999999,0.580001752,0.5061161980000001,0.460475529,100Mt-noCostDecrease,100Mt-noCostDecrease,ME,trn_pass_road_LDV_4W,missing,missing,missing,missing,missing,missing,missing,missing,missing,MTC
1817,0.0249818,0.216369,0.0618847,0.063596,0.061976,0.0610718,0.0634841,0.0633463,0.0646363,100Mt-noCostDecrease,100Mt-noCostDecrease,ME,trn_shipping_intl,missing,missing,missing,missing,missing,missing,missing,missing,missing,MTC
1818,0.0,0.0,0.0,-0.015188565,-0.01632247,-0.05557181,-0.0986225,-0.1651075,-0.2544586,100Mt-noCostDecrease,100Mt-noCostDecrease,MD,CDR_regional,missing,missing,missing,missing,missing,missing,missing,missing,missing,MTC
1819,3.2529443,4.1720456,2.1488085100000003,2.1675057494,1.8417242572900008,0.8005997623799997,0.84635468261,0.592055064097,0.7986372533459,100Mt-noCostDecrease,100Mt-noCostDecrease,MD,base load generation,missing,missing,missing,missing,missing,missing,missing,missing,missing,MTC
1820,0.0,0.0,0.0578807509999999,0.248148595,0.7157984600000001,1.2925286750000002,1.438796801,1.880141014,1.934139223000001,100Mt-noCostDecrease,100Mt-noCostDecrease,MD,biorefining,missing,missing,missing,missing,missing,missing,missing,missing,missing,MTC
1821,0.159062,0.2248,0.165549,0.15412831,0.06725032,0.0310773999999999,0.031548,0.02255638,0.0219287,100Mt-noCostDecrease,100Mt-noCostDecrease,MD,cement,missing,missing,missing,missing,missing,missing,missing,missing,missing,MTC
1822,0.0,0.0,0.0,0.0,0.0,0.0,0.0,3.47654e-05,0.0006398217,100Mt-noCostDecrease,100Mt-noCostDecrease,MD,coal to liquids,missing,missing,missing,missing,missing,missing,missing,missing,missing,MTC
1823,0.01786928,0.0735258,0.06653803,0.06723955,0.06527756,0.06166806,0.06097767,0.055551137,0.051614294,100Mt-noCostDecrease,100Mt-noCostDecrease,MD,comm cooking,missing,missing,missing,missing,missing,missing,missing,missing,missing,MTC
1824,0.00158046,0.00659021,0.002076644,0.002057296,0.002013771,0.001963148,0.001947436,0.0017861624,0.0016723149,100Mt-noCostDecrease,100Mt-noCostDecrease,MD,comm cooling,missing,missing,missing,missing,missing,missing,missing,missing,missing,MTC
1825,0.5938634999999999,1.0368887,0.71640078,0.7010895340000001,0.662279535,0.6055176460000001,0.5581106893000001,0.4240282399999999,0.377755244,100Mt-noCostDecrease,100Mt-noCostDecrease,MD,comm heating,missing,missing,missing,missing,missing,missing,missing,missing,missing,MTC
1826,0.0936112,0.13891065,0.1572448499999999,0.15738856,0.1524742399999999,0.143153747,0.139557989,0.120481117,0.109444113,100Mt-noCostDecrease,100Mt-noCostDecrease,MD,comm hot water,missing,missing,missing,missing,missing,missing,missing,missing,missing,MTC
1827,0.0694902,0.0553213999999999,0.273718,0.298784,0.322083,0.361082,0.398893,0.377896,0.358475,100Mt-noCostDecrease,100Mt-noCostDecrease,MD,comm other,missing,missing,missing,missing,missing,missing,missing,missing,missing,MTC
1828,2.8067789000000003,1.6061786999999998,0.806312895,0.848963047,0.8496907872199999,0.8649686298900002,0.8887898022599998,0.865720312926,0.8176487598780001,100Mt-noCostDecrease,100Mt-noCostDecrease,MD,industrial energy use,missing,missing,missing,missing,missing,missing,missing,missing,missing,MTC
1829,3.8738084,4.9659374000000005,1.6966623289999998,1.70456989478,1.6220900815799997,1.2779339344800005,1.2971624444800005,1.0154527225599994,1.0133187308600002,100Mt-noCostDecrease,100Mt-noCostDecrease,MD,intermediate generation,missing,missing,missing,missing,missing,missing,missing,missing,missing,MTC
1830,0.04680244,0.0176142499999999,0.007548732047,0.0066896081907,0.00483655280482,0.00370126106911,0.0031513899671899,0.00204024414144,0.0013845810402899,100Mt-noCostDecrease,100Mt-noCostDecrease,MD,peak generation,missing,missing,missing,missing,missing,missing,missing,missing,missing,MTC
1831,0.1277862199999999,0.18250059,0.13246511,0.1324583,0.1036752,0.09840191,0.10355851,0.1040770199999999,0.10771297,100Mt-noCostDecrease,100Mt-noCostDecrease,MD,process heat cement,missing,missing,missing,missing,missing,missing,missing,missing,missing,MTC
1832,-0.614237,-0.659208,-0.499038,-1.1428,-2.72147,-4.81672,-5.46856,-9.26685,-13.2647,100Mt-noCostDecrease,100Mt-noCostDecrease,MD,regional biomass,missing,missing,missing,missing,missing,missing,missing,missing,missing,MTC
1833,0.0,0.0,-0.0135504,-0.0198412,-0.0349572,-0.0548155,-0.0614232,-0.0840687,-0.0892293,100Mt-noCostDecrease,100Mt-noCostDecrease,MD,regional biomassOil,missing,missing,missing,missing,missing,missing,missing,missing,missing,MTC
1834,0.0,0.0,-0.0180284,-0.0337902,-0.0817555,-0.144826,-0.164707,-0.233979,-0.249585,100Mt-noCostDecrease,100Mt-noCostDecrease,MD,regional corn for ethanol,missing,missing,missing,missing,missing,missing,missing,missing,missing,MTC
1835,0.0102595,0.0190905,0.00812566,0.00820545,0.00819106,0.007812135,0.007957959,0.00756957,0.00680857,100Mt-noCostDecrease,100Mt-noCostDecrease,MD,resid clothes dryers,missing,missing,missing,missing,missing,missing,missing,missing,missing,MTC
1836,0.03792159,0.05982584,0.042098481,0.040898513,0.038470518,0.0357029119999999,0.0328615388,0.030721585,0.0266969429999999,100Mt-noCostDecrease,100Mt-noCostDecrease,MD,resid cooking,missing,missing,missing,missing,missing,missing,missing,missing,missing,MTC
1837,1.3765326,1.42119692,1.10529514,1.0283311199999998,0.91506332,0.7723318299999999,0.6262844299999999,0.4765228600000001,0.3478576610000001,100Mt-noCostDecrease,100Mt-noCostDecrease,MD,resid heating,missing,missing,missing,missing,missing,missing,missing,missing,missing,MTC
1838,0.2227852,0.37566824,0.25479039,0.2474502239999999,0.2359629039999999,0.2075617299999999,0.213033801,0.191893318,0.1581871389999999,100Mt-noCostDecrease,100Mt-noCostDecrease,MD,resid hot water,missing,missing,missing,missing,missing,missing,missing,missing,missing,MTC
1839,0.0193735,0.0123696,0.0444637,0.0486423,0.0481825,0.0504377,0.0545591,0.0449387,0.0378900999999999,100Mt-noCostDecrease,100Mt-noCostDecrease,MD,resid other,missing,missing,missing,missing,missing,missing,missing,missing,missing,MTC
1840,0.3831318,0.2609253,0.05229613571,0.0471181802737,0.0362911976689,0.0293063465834999,0.0256750309969999,0.01955986347,0.0160385109739999,100Mt-noCostDecrease,100Mt-noCostDecrease,MD,subpeak generation,missing,missing,missing,missing,missing,missing,missing,missing,missing,MTC
1841,0.084637,0.102728,0.0329715,0.0336558,0.0337636,0.0339904,0.0352227,0.0357666,0.0365606,100Mt-noCostDecrease,100Mt-noCostDecrease,MD,trn_aviation_intl,missing,missing,missing,missing,missing,missing,missing,missing,missing,MTC
1842,0.1281472,0.1625106,0.12537229,0.13113898,0.13545999,0.13966435,0.1463928,0.15157492,0.1541776899999999,100Mt-noCostDecrease,100Mt-noCostDecrease,MD,trn_freight,missing,missing,missing,missing,missing,missing,missing,missing,missing,MTC
1843,1.4003770000000002,2.031454,1.81478727,1.862698966,1.7689113130000005,1.5850103949999996,1.530106352,1.366658458,1.161451836,100Mt-noCostDecrease,100Mt-noCostDecrease,MD,trn_freight_road,missing,missing,missing,missing,missing,missing,missing,missing,missing,MTC
1844,0.32736546,0.39827218,0.13685191,0.14179214,0.14021284,0.14083211,0.14703769,0.1477292899999999,0.1511142399999999,100Mt-noCostDecrease,100Mt-noCostDecrease,MD,trn_pass,missing,missing,missing,missing,missing,missing,missing,missing,missing,MTC
1845,0.0537037,0.07938097,0.10216234,0.10510937,0.07665618,0.0590469199999999,0.0526568299999999,0.05026217,0.04874351,100Mt-noCostDecrease,100Mt-noCostDecrease,MD,trn_pass_road,missing,missing,missing,missing,missing,missing,missing,missing,missing,MTC
1846,0.0134573,0.0193725,0.0185305,0.0165983,0.0148926,0.0137713,0.0131049,0.0121975,0.0114712,100Mt-noCostDecrease,100Mt-noCostDecrease,MD,trn_pass_road_LDV,missing,missing,missing,missing,missing,missing,missing,missing,missing,MTC
1847,3.82382619,5.50424543,5.48400186,4.875534109999999,3.70403587,2.793440124999999,2.0743780800000007,1.812962,1.65482363,100Mt-noCostDecrease,100Mt-noCostDecrease,MD,trn_pass_road_LDV_4W,missing,missing,missing,missing,missing,missing,missing,missing,missing,MTC
1848,0.309511,0.264097,0.0198764,0.020274,0.0195902,0.01923,0.0198131,0.0195971,0.0198371,100Mt-noCostDecrease,100Mt-noCostDecrease,MD,trn_shipping_intl,missing,missing,missing,missing,missing,missing,missing,missing,missing,MTC
1849,0.0,0.0,0.0,-0.010532541,-0.01083515,-0.03579484,-0.05939414,-0.08832761,-0.1190584,100Mt-noCostDecrease,100Mt-noCostDecrease,MA,CDR_regional,missing,missing,missing,missing,missing,missing,missing,missing,missing,MTC
1850,3.0197873799999995,3.736098530000001,0.7587964,0.7653053965999996,0.6810504781699999,0.5733297412700002,0.5299476010099999,0.34912171331,0.386762384297,100Mt-noCostDecrease,100Mt-noCostDecrease,MA,base load generation,missing,missing,missing,missing,missing,missing,missing,missing,missing,MTC
1851,0.0,8.54956e-06,0.000170588,0.000162808,0.000132567,9.72499e-05,7.22472e-05,4.67301e-05,2.07125e-05,100Mt-noCostDecrease,100Mt-noCostDecrease,MA,biomass liquids,missing,missing,missing,missing,missing,missing,missing,missing,missing,MTC
1852,0.0,0.0,0.0555042419999999,0.226382991,0.6355866119999999,1.1161989610000005,1.237213063,1.5804261209999997,1.6136991990000005,100Mt-noCostDecrease,100Mt-noCostDecrease,MA,biorefining,missing,missing,missing,missing,missing,missing,missing,missing,missing,MTC
1853,0.0881206,0.12454,0.0930026,0.094013978,0.04918913,0.0228112499999999,0.02403553,0.01656942,0.01628021,100Mt-noCostDecrease,100Mt-noCostDecrease,MA,cement,missing,missing,missing,missing,missing,missing,missing,missing,missing,MTC
1854,0.039594,0.0392107,0.0441867399999999,0.04518997,0.04417765,0.04194863,0.04141491,0.038019313,0.035551065,100Mt-noCostDecrease,100Mt-noCostDecrease,MA,comm cooking,missing,missing,missing,missing,missing,missing,missing,missing,missing,MTC
1855,0.00473002,0.0141915,0.02605361,0.02626572,0.0259008799999999,0.02534454,0.02513672,0.02340147,0.022261322,100Mt-noCostDecrease,100Mt-noCostDecrease,MA,comm cooling,missing,missing,missing,missing,missing,missing,missing,missing,missing,MTC
1856,1.4345444,1.4211838,1.05517913,1.0571669199999998,1.02229754,0.95756376,0.9011418899999998,0.73404168,0.6744838989999999,100Mt-noCostDecrease,100Mt-noCostDecrease,MA,comm heating,missing,missing,missing,missing,missing,missing,missing,missing,missing,MTC
1857,0.49222,0.1186111,0.11377359,0.11538816,0.11301472,0.107673718,0.1058915669999999,0.094863509,0.0892119949999999,100Mt-noCostDecrease,100Mt-noCostDecrease,MA,comm hot water,missing,missing,missing,missing,missing,missing,missing,missing,missing,MTC
1858,0.0793658999999999,0.0454165,0.5139388,0.5391975,0.5408845,0.5400667,0.5553607,0.5241992,0.5033004,100Mt-noCostDecrease,100Mt-noCostDecrease,MA,comm other,missing,missing,missing,missing,missing,missing,missing,missing,missing,MTC
1859,1.22915933,0.91487381,0.8884915527,0.9385293905,0.95557364443,0.98109473359,1.0194497769699995,1.0071619662159998,0.9807923822490002,100Mt-noCostDecrease,100Mt-noCostDecrease,MA,industrial energy use,missing,missing,missing,missing,missing,missing,missing,missing,missing,MTC
1860,3.68464443,3.20002605,1.435787807,1.3791884650999997,1.2489962572999995,1.1415625861999998,1.036605202499999,0.9059033122999998,0.7774899393000003,100Mt-noCostDecrease,100Mt-noCostDecrease,MA,intermediate generation,missing,missing,missing,missing,missing,missing,missing,missing,missing,MTC
1861,0.04966155,0.03204512,0.0183288456599999,0.01591819916412,0.01125607419515,0.00861286128508,0.0074532547054999,0.0046510522328,0.003017338256,100Mt-noCostDecrease,100Mt-noCostDecrease,MA,peak generation,missing,missing,missing,missing,missing,missing,missing,missing,missing,MTC
1862,0.070793773,0.101105496,0.074419488,0.0788316709999999,0.06637005,0.0637762,0.0687334,0.07009615,0.07365199,100Mt-noCostDecrease,100Mt-noCostDecrease,MA,process heat cement,missing,missing,missing,missing,missing,missing,missing,missing,missing,MTC
1863,-1.2576,-0.808359,-0.780106,-1.34252,-2.69184,-4.43956,-4.93941,-6.95024,-8.34481,100Mt-noCostDecrease,100Mt-noCostDecrease,MA,regional biomass,missing,missing,missing,missing,missing,missing,missing,missing,missing,MTC
1864,0.0,-0.000121266,-0.0153337,-0.0209596,-0.0340008,-0.0504139,-0.0556404,-0.0733191,-0.0763435,100Mt-noCostDecrease,100Mt-noCostDecrease,MA,regional biomassOil,missing,missing,missing,missing,missing,missing,missing,missing,missing,MTC
1865,0.0,0.0,-0.0162038,-0.0298253,-0.0703997,-0.121332,-0.137341,-0.189812,-0.200403,100Mt-noCostDecrease,100Mt-noCostDecrease,MA,regional corn for ethanol,missing,missing,missing,missing,missing,missing,missing,missing,missing,MTC
1866,0.0183734,0.0242863,0.01135739,0.01167751,0.01174634,0.01127531,0.0115226799999999,0.01110973,0.01025709,100Mt-noCostDecrease,100Mt-noCostDecrease,MA,resid clothes dryers,missing,missing,missing,missing,missing,missing,missing,missing,missing,MTC
1867,0.0682236,0.07842979,0.05774125,0.0567368669999999,0.053820961,0.0504869469999999,0.046996183,0.044729612,0.0403200279999999,100Mt-noCostDecrease,100Mt-noCostDecrease,MA,resid cooking,missing,missing,missing,missing,missing,missing,missing,missing,missing,MTC
1868,3.0804757,2.85105681,2.2076215,2.1583885000000005,2.0582901,1.9232375,1.7730243999999995,1.56237336,1.32132142,100Mt-noCostDecrease,100Mt-noCostDecrease,MA,resid heating,missing,missing,missing,missing,missing,missing,missing,missing,missing,MTC
1869,0.7095819000000001,0.6722424,0.60377913,0.5995926699999999,0.58326156,0.53562013,0.54178001,0.5086510299999999,0.45206678,100Mt-noCostDecrease,100Mt-noCostDecrease,MA,resid hot water,missing,missing,missing,missing,missing,missing,missing,missing,missing,MTC
1870,0.035639,0.0269657,0.0622283,0.0661921999999999,0.0653304,0.0691511,0.0743731,0.0644113,0.0568838,100Mt-noCostDecrease,100Mt-noCostDecrease,MA,resid other,missing,missing,missing,missing,missing,missing,missing,missing,missing,MTC
1871,0.3634673,0.29771782,0.1134097982,0.1003052627466,0.0749050225023,0.060244820587,0.0531770033579999,0.039624124043,0.028889722971,100Mt-noCostDecrease,100Mt-noCostDecrease,MA,subpeak generation,missing,missing,missing,missing,missing,missing,missing,missing,missing,MTC
1872,0.231313,0.212532,0.15256,0.159196,0.162634,0.165174,0.173144,0.178079,0.183713,100Mt-noCostDecrease,100Mt-noCostDecrease,MA,trn_aviation_intl,missing,missing,missing,missing,missing,missing,missing,missing,missing,MTC
1873,0.1119293,0.129091,0.1164853399999999,0.12606019,0.13376076,0.14034158,0.15140317,0.16138234,0.16991058,100Mt-noCostDecrease,100Mt-noCostDecrease,MA,trn_freight,missing,missing,missing,missing,missing,missing,missing,missing,missing,MTC
1874,1.290673,1.715804,1.62659228,1.7239270409999998,1.6865863900000002,1.5550904400000003,1.543657463,1.424804486,1.2614996320000005,100Mt-noCostDecrease,100Mt-noCostDecrease,MA,trn_freight_road,missing,missing,missing,missing,missing,missing,missing,missing,missing,MTC
1875,0.88752777,0.81696033,0.61192697,0.64863099,0.65481208,0.66366878,0.7003478700000001,0.7137282100000001,0.7362273500000001,100Mt-noCostDecrease,100Mt-noCostDecrease,MA,trn_pass,missing,missing,missing,missing,missing,missing,missing,missing,missing,MTC
1876,0.0494973,0.06713113,0.09601338,0.09905167,0.0724352,0.0554668,0.0488398,0.0460956799999999,0.0442302,100Mt-noCostDecrease,100Mt-noCostDecrease,MA,trn_pass_road,missing,missing,missing,missing,missing,missing,missing,missing,missing,MTC
1877,0.0159719,0.0204505,0.0184372,0.0173681,0.0162819,0.0154201,0.0151523,0.0145503,0.0140382,100Mt-noCostDecrease,100Mt-noCostDecrease,MA,trn_pass_road_LDV,missing,missing,missing,missing,missing,missing,missing,missing,missing,MTC
1878,4.53784652,5.81066729,5.45095268,4.88180854,3.7266705,2.819679106,2.0981579500000005,1.82776431,1.6670703400000002,100Mt-noCostDecrease,100Mt-noCostDecrease,MA,trn_pass_road_LDV_4W,missing,missing,missing,missing,missing,missing,missing,missing,missing,MTC
1879,0.231654,0.146986,0.0337071,0.0350126,0.034369,0.0340862,0.0356515,0.0357875,0.0367362,100Mt-noCostDecrease,100Mt-noCostDecrease,MA,trn_shipping_intl,missing,missing,missing,missing,missing,missing,missing,missing,missing,MTC
1880,0.0,0.0,0.0,-0.04842835,-0.0508849799999999,-0.071724,-0.1307142,-0.2323234,-0.3700495,100Mt-noCostDecrease,100Mt-noCostDecrease,MI,CDR_regional,missing,missing,missing,missing,missing,missing,missing,missing,missing,MTC
1881,11.3215753,12.890336899999998,8.642805329999996,7.542304529200001,4.916544379410001,2.9426184075000004,2.8522311031000003,2.01377387618,2.703071114487699,100Mt-noCostDecrease,100Mt-noCostDecrease,MI,base load generation,missing,missing,missing,missing,missing,missing,missing,missing,missing,MTC
1882,0.0,0.0175596,0.107704,0.102822,0.0840346,0.0617136,0.04585,0.0296603,0.0131464,100Mt-noCostDecrease,100Mt-noCostDecrease,MI,biomass liquids,missing,missing,missing,missing,missing,missing,missing,missing,missing,MTC
1883,0.0,0.0,0.05902272,0.253815873,0.735047241,1.3323585590000009,1.4838989850000002,1.944945595,2.002856461,100Mt-noCostDecrease,100Mt-noCostDecrease,MI,biorefining,missing,missing,missing,missing,missing,missing,missing,missing,missing,MTC
1884,0.227933,0.322134,0.241688,0.23102846,0.0986613,0.045696,0.0464552,0.03373196,0.03299971,100Mt-noCostDecrease,100Mt-noCostDecrease,MI,cement,missing,missing,missing,missing,missing,missing,missing,missing,missing,MTC
1885,0.1233404,0.0834261,0.07577517,0.07670562,0.07344629,0.06809119,0.06591039,0.058349343,0.052895975,100Mt-noCostDecrease,100Mt-noCostDecrease,MI,comm cooking,missing,missing,missing,missing,missing,missing,missing,missing,missing,MTC
1886,0.00341084,0.0174319,0.00777846,0.00772873,0.00748527,0.00723783,0.0071282759999999,0.006487736,0.006077964,100Mt-noCostDecrease,100Mt-noCostDecrease,MI,comm cooling,missing,missing,missing,missing,missing,missing,missing,missing,missing,MTC
1887,2.313065,2.4759231,2.0286088,2.0391529999999998,1.9937394,1.92710449,1.89264987,1.67175197,1.57697984,100Mt-noCostDecrease,100Mt-noCostDecrease,MI,comm heating,missing,missing,missing,missing,missing,missing,missing,missing,missing,MTC
1888,0.5263185,0.21207776,0.26187712,0.26548151,0.26052579,0.25039991,0.2483446349999999,0.22442815,0.210443922,100Mt-noCostDecrease,100Mt-noCostDecrease,MI,comm hot water,missing,missing,missing,missing,missing,missing,missing,missing,missing,MTC
1889,0.1075637,0.0804753,0.365715,0.403155,0.443307,0.51305,0.568439,0.543019,0.518365,100Mt-noCostDecrease,100Mt-noCostDecrease,MI,comm other,missing,missing,missing,missing,missing,missing,missing,missing,missing,MTC
1890,0.0,0.0,0.0,0.0,0.0,0.0,0.0,0.000120919,0.002193721,100Mt-noCostDecrease,100Mt-noCostDecrease,MI,gas to liquids,missing,missing,missing,missing,missing,missing,missing,missing,missing,MTC
1891,8.0744706,5.5708027,4.984601856,5.196997154999999,5.207427905270001,5.2998867724,5.427847487159998,5.302375503413003,5.027662258864998,100Mt-noCostDecrease,100Mt-noCostDecrease,MI,industrial energy use,missing,missing,missing,missing,missing,missing,missing,missing,missing,MTC
1892,6.900934499999999,8.0517706,5.2235651,4.6335065063,3.554982076400001,2.852505466000001,2.6424819858999995,1.9516063902000005,1.6909302530000003,100Mt-noCostDecrease,100Mt-noCostDecrease,MI,intermediate generation,missing,missing,missing,missing,missing,missing,missing,missing,missing,MTC
1893,0.413204,0.254444,0.3394103,0.3280965,0.2809898999999999,0.2316691,0.211789,0.18182201,0.15454622,100Mt-noCostDecrease,100Mt-noCostDecrease,MI,oil refining,missing,missing,missing,missing,missing,missing,missing,missing,missing,MTC
1894,0.16724577,0.2206687,0.05159684623,0.0440255422137999,0.01976524394987,0.0214814248669,0.02014896820182,0.013942761123,0.0092091946,100Mt-noCostDecrease,100Mt-noCostDecrease,MI,peak generation,missing,missing,missing,missing,missing,missing,missing,missing,missing,MTC
1895,0.18311522,0.26151951,0.1934024899999999,0.19889535,0.15599771,0.14813963,0.15628813,0.15772615,0.16369736,100Mt-noCostDecrease,100Mt-noCostDecrease,MI,process heat cement,missing,missing,missing,missing,missing,missing,missing,missing,missing,MTC
1896,-1.75815,-2.33043,-2.32002,-3.01839,-4.7868,-7.73923,-8.72424,-18.5372,-31.2948,100Mt-noCostDecrease,100Mt-noCostDecrease,MI,regional biomass,missing,missing,missing,missing,missing,missing,missing,missing,missing,MTC
1897,0.0,0.0,-0.0138463,-0.0202796,-0.035811,-0.056345,-0.0631809,-0.0868032,-0.0923052,100Mt-noCostDecrease,100Mt-noCostDecrease,MI,regional biomassOil,missing,missing,missing,missing,missing,missing,missing,missing,missing,MTC
1898,0.0,-0.0762176,-0.4864,-0.481805,-0.451048,-0.421016,-0.373274,-0.377027,-0.322186,100Mt-noCostDecrease,100Mt-noCostDecrease,MI,regional corn for ethanol,missing,missing,missing,missing,missing,missing,missing,missing,missing,MTC
1899,0.0394007,0.079716,0.01632643,0.01640108,0.01614451,0.01522174,0.0154651399999999,0.01470353,0.01325207,100Mt-noCostDecrease,100Mt-noCostDecrease,MI,resid clothes dryers,missing,missing,missing,missing,missing,missing,missing,missing,missing,MTC
1900,0.14221836,0.24488209,0.076004662,0.072986767,0.0674405239999999,0.0620112919999999,0.0561884149999999,0.0524909829999999,0.0456756429999999,100Mt-noCostDecrease,100Mt-noCostDecrease,MI,resid cooking,missing,missing,missing,missing,missing,missing,missing,missing,missing,MTC
1901,5.0192022,5.15449163,4.165715909999999,3.9843569100000007,3.71040802,3.38439121,3.05348088,2.62128349,2.160954307,100Mt-noCostDecrease,100Mt-noCostDecrease,MI,resid heating,missing,missing,missing,missing,missing,missing,missing,missing,missing,MTC
1902,0.9003388699999999,1.2287318,0.7898352400000002,0.77355438,0.74649577,0.6888408250000001,0.702375929,0.652028238,0.5634373400000001,100Mt-noCostDecrease,100Mt-noCostDecrease,MI,resid hot water,missing,missing,missing,missing,missing,missing,missing,missing,missing,MTC
1903,0.0641771,0.027734,0.074522,0.0795324,0.0778212,0.0838252999999999,0.089096,0.0737251,0.062526,100Mt-noCostDecrease,100Mt-noCostDecrease,MI,resid other,missing,missing,missing,missing,missing,missing,missing,missing,missing,MTC
1904,1.1092329,1.2565025,0.4459808743999999,0.398199077099,0.293554464375,0.247151252,0.21348922092,0.16811877835,0.13473991001,100Mt-noCostDecrease,100Mt-noCostDecrease,MI,subpeak generation,missing,missing,missing,missing,missing,missing,missing,missing,missing,MTC
1905,0.235946,0.080799,0.0923977,0.0966284,0.0979713,0.098684,0.102563,0.104464,0.107182,100Mt-noCostDecrease,100Mt-noCostDecrease,MI,trn_aviation_intl,missing,missing,missing,missing,missing,missing,missing,missing,missing,MTC
1906,0.15274331,0.21982652,0.2420159,0.2599978,0.2715355,0.2795936,0.2940855,0.305483,0.3122525,100Mt-noCostDecrease,100Mt-noCostDecrease,MI,trn_freight,missing,missing,missing,missing,missing,missing,missing,missing,missing,MTC
1907,2.285855,3.25596,3.4109125599999994,3.58671232,3.447180140000001,3.103520235,2.9985191500000004,2.68196569,2.28783276,100Mt-noCostDecrease,100Mt-noCostDecrease,MI,trn_freight_road,missing,missing,missing,missing,missing,missing,missing,missing,missing,MTC
1908,0.90804153,0.31792579,0.38204062,0.4076832999999999,0.4077126,0.4101226,0.4301893,0.4340438,0.4465640999999999,100Mt-noCostDecrease,100Mt-noCostDecrease,MI,trn_pass,missing,missing,missing,missing,missing,missing,missing,missing,missing,MTC
1909,0.0876604,0.1392183,0.19546733,0.19986282,0.14399899,0.10939756,0.0963471299999999,0.0910658799999999,0.08739068,100Mt-noCostDecrease,100Mt-noCostDecrease,MI,trn_pass_road,missing,missing,missing,missing,missing,missing,missing,missing,missing,MTC
1910,0.0281768,0.035713,0.0317714,0.0299631,0.0276245,0.0257844,0.0247665,0.0234047,0.0223475,100Mt-noCostDecrease,100Mt-noCostDecrease,MI,trn_pass_road_LDV,missing,missing,missing,missing,missing,missing,missing,missing,missing,MTC
1911,8.005947540000001,10.14676254,9.08285893,8.11757546,6.18166971,4.667819420999999,3.4713266599999995,3.03356866,2.7685106100000003,100Mt-noCostDecrease,100Mt-noCostDecrease,MI,trn_pass_road_LDV_4W,missing,missing,missing,missing,missing,missing,missing,missing,missing,MTC
1912,0.0155669,0.0448308,0.0626625,0.0648356,0.0630881,0.0619346,0.0639224,0.0633887,0.0643547,100Mt-noCostDecrease,100Mt-noCostDecrease,MI,trn_shipping_intl,missing,missing,missing,missing,missing,missing,missing,missing,missing,MTC
1913,0.0,0.0,0.0,-0.033264402,-0.03543459,-0.0446793,-0.0852701999999999,-0.1685679,-0.3042002,100Mt-noCostDecrease,100Mt-noCostDecrease,MN,CDR_regional,missing,missing,missing,missing,missing,missing,missing,missing,missing,MTC
1914,4.44883657,5.683824800000002,3.8494761139999993,3.604705406489999,2.209233628229999,0.9497883322899998,0.8886614317699995,0.8842376777600002,1.1000057407936994,100Mt-noCostDecrease,100Mt-noCostDecrease,MN,base load generation,missing,missing,missing,missing,missing,missing,missing,missing,missing,MTC
1915,0.0,0.1590246629999999,0.4733249,0.4518729999999999,0.3691716,0.2710763,0.20139399,0.13027668,0.05774311,100Mt-noCostDecrease,100Mt-noCostDecrease,MN,biomass liquids,missing,missing,missing,missing,missing,missing,missing,missing,missing,MTC
1916,0.0,0.0,0.057573549,0.2451368929999999,0.7050322270000001,1.2688866309999998,1.412125932,1.841168144,1.892477744000001,100Mt-noCostDecrease,100Mt-noCostDecrease,MN,biorefining,missing,missing,missing,missing,missing,missing,missing,missing,missing,MTC
1917,0.168441,0.238055,0.176957,0.17002515,0.0737257299999999,0.033703,0.0342897999999999,0.02456933,0.02399059,100Mt-noCostDecrease,100Mt-noCostDecrease,MN,cement,missing,missing,missing,missing,missing,missing,missing,missing,missing,MTC
1918,0.0486628,0.0503922,0.0389648,0.0389836099999999,0.03646479,0.0328745,0.03088882,0.026588259,0.023940966,100Mt-noCostDecrease,100Mt-noCostDecrease,MN,comm cooking,missing,missing,missing,missing,missing,missing,missing,missing,missing,MTC
1919,0.000133479,0.00522845,0.0003985096,0.0003977886,0.0003856411,0.000373379,0.0003665803,0.0003376374,0.00031997460000000004,100Mt-noCostDecrease,100Mt-noCostDecrease,MN,comm cooling,missing,missing,missing,missing,missing,missing,missing,missing,missing,MTC
1920,1.1030476,1.3032284,1.17627368,1.17108405,1.11964424,1.0484598300000003,0.9938689389999998,0.8204441999999998,0.75637166,100Mt-noCostDecrease,100Mt-noCostDecrease,MN,comm heating,missing,missing,missing,missing,missing,missing,missing,missing,missing,MTC
1921,0.313667,0.13520571,0.17763735,0.17887379,0.17191419,0.16076674,0.1544356879999999,0.133984294,0.123985467,100Mt-noCostDecrease,100Mt-noCostDecrease,MN,comm hot water,missing,missing,missing,missing,missing,missing,missing,missing,missing,MTC
1922,0.1035926,0.0737303,0.1795309,0.1973392,0.2152726999999999,0.2503835,0.2756149,0.2659205,0.2549767,100Mt-noCostDecrease,100Mt-noCostDecrease,MN,comm other,missing,missing,missing,missing,missing,missing,missing,missing,missing,MTC
1923,2.7126196,2.7530842,2.955953937,3.088762443999999,3.1100842049399997,3.1965556899700003,3.276225165210001,3.2170836871880004,3.0970813328410003,100Mt-noCostDecrease,100Mt-noCostDecrease,MN,industrial energy use,missing,missing,missing,missing,missing,missing,missing,missing,missing,MTC
1924,3.6777422299999993,4.3544161,3.4515699419999994,3.2360969431999997,2.369733646700001,0.9265197896,0.7963724040000002,0.8162587719000004,0.7837049715999999,100Mt-noCostDecrease,100Mt-noCostDecrease,MN,intermediate generation,missing,missing,missing,missing,missing,missing,missing,missing,missing,MTC
1925,0.93058,0.888755,0.9746861,0.9424215,0.8071821,0.6654875,0.6084257,0.52201222,0.44256311,100Mt-noCostDecrease,100Mt-noCostDecrease,MN,oil refining,missing,missing,missing,missing,missing,missing,missing,missing,missing,MTC
1926,0.0510445069999999,0.0465276,0.0549701580599999,0.0489428696257999,0.0337395889908199,0.0261078245607,0.0211511881446999,0.0158174995055,0.0106567339925,100Mt-noCostDecrease,100Mt-noCostDecrease,MN,peak generation,missing,missing,missing,missing,missing,missing,missing,missing,missing,MTC
1927,0.1353208099999999,0.19326099,0.14161748,0.14336484,0.1095389299999999,0.1047555,0.11092351,0.11231938,0.11667967,100Mt-noCostDecrease,100Mt-noCostDecrease,MN,process heat cement,missing,missing,missing,missing,missing,missing,missing,missing,missing,MTC
1928,-1.11089,-1.38703,-1.43912,-2.10513,-3.70376,-6.21933,-6.87185,-11.8713,-16.2828,100Mt-noCostDecrease,100Mt-noCostDecrease,MN,regional biomass,missing,missing,missing,missing,missing,missing,missing,missing,missing,MTC
1929,0.0,-0.0127323,-0.267498,-0.26211,-0.231936,-0.198756,-0.167989,-0.151997,-0.118159,100Mt-noCostDecrease,100Mt-noCostDecrease,MN,regional biomassOil,missing,missing,missing,missing,missing,missing,missing,missing,missing,MTC
1930,0.0,-0.686352,-1.9945,-1.92047,-1.62257,-1.27438,-1.00282,-0.772567,-0.484249,100Mt-noCostDecrease,100Mt-noCostDecrease,MN,regional corn for ethanol,missing,missing,missing,missing,missing,missing,missing,missing,missing,MTC
1931,0.00886222,0.0181022,0.0031288,0.003178549,0.003131525,0.002940627,0.002959716,0.002821493,0.002576028,100Mt-noCostDecrease,100Mt-noCostDecrease,MN,resid clothes dryers,missing,missing,missing,missing,missing,missing,missing,missing,missing,MTC
1932,0.03450134,0.05798301,0.015439085,0.014682813,0.0130800179999999,0.011505333,0.0097551558,0.0090010449,0.0077994533999999,100Mt-noCostDecrease,100Mt-noCostDecrease,MN,resid cooking,missing,missing,missing,missing,missing,missing,missing,missing,missing,MTC
1933,1.9032254,1.97703888,1.7847430199999998,1.6940625700000005,1.5431337599999997,1.3580557,1.1646467100000002,0.9531855800000004,0.7542547180000003,100Mt-noCostDecrease,100Mt-noCostDecrease,MN,resid heating,missing,missing,missing,missing,missing,missing,missing,missing,missing,MTC
1934,0.29300683,0.47568386,0.30032782,0.29456655,0.2791117,0.249316015,0.251224101,0.231816259,0.2005279769999999,100Mt-noCostDecrease,100Mt-noCostDecrease,MN,resid hot water,missing,missing,missing,missing,missing,missing,missing,missing,missing,MTC
1935,0.02197662,0.0177811,0.01605908,0.01712761,0.0165185799999999,0.01792045,0.01880499,0.01615446,0.01402353,100Mt-noCostDecrease,100Mt-noCostDecrease,MN,resid other,missing,missing,missing,missing,missing,missing,missing,missing,missing,MTC
1936,0.4086427499999999,0.4041112,0.0708436251999999,0.06743918731443,0.05055577559764,0.04034652058218,0.0361241428945,0.0566142311157999,0.0492123067079999,100Mt-noCostDecrease,100Mt-noCostDecrease,MN,subpeak generation,missing,missing,missing,missing,missing,missing,missing,missing,missing,MTC
1937,0.120407,0.298051,0.118293,0.122689,0.123708,0.124514,0.129161,0.131503,0.134652,100Mt-noCostDecrease,100Mt-noCostDecrease,MN,trn_aviation_intl,missing,missing,missing,missing,missing,missing,missing,missing,missing,MTC
1938,0.104784,0.16758502,0.1726469,0.1833393,0.19094955,0.1977362299999999,0.20872546,0.21797539,0.22452293,100Mt-noCostDecrease,100Mt-noCostDecrease,MN,trn_freight,missing,missing,missing,missing,missing,missing,missing,missing,missing,MTC
1939,1.586746,2.451199,2.48097831,2.57761241,2.458172595,2.2095533250000003,2.134356315,1.922143712,1.65975334,100Mt-noCostDecrease,100Mt-noCostDecrease,MN,trn_freight_road,missing,missing,missing,missing,missing,missing,missing,missing,missing,MTC
1940,0.46457073,1.14580502,0.4793441699999999,0.50493766,0.50184248,0.50436266,0.52753382,0.53235672,0.5462516300000001,100Mt-noCostDecrease,100Mt-noCostDecrease,MN,trn_pass,missing,missing,missing,missing,missing,missing,missing,missing,missing,MTC
1941,0.0608517,0.1054518,0.1410487799999999,0.14556363,0.10654759,0.0814652499999999,0.07169353,0.06774402,0.06504746,100Mt-noCostDecrease,100Mt-noCostDecrease,MN,trn_pass_road,missing,missing,missing,missing,missing,missing,missing,missing,missing,MTC
1942,0.0129379,0.0193117,0.0169081,0.015411,0.0140004,0.0131071,0.0126014,0.0119833,0.0114738,100Mt-noCostDecrease,100Mt-noCostDecrease,MN,trn_pass_road_LDV,missing,missing,missing,missing,missing,missing,missing,missing,missing,MTC
1943,3.67602819,5.486943650000001,5.075562689999999,4.53820086,3.45023041,2.595068150999999,1.91608583,1.66368514,1.51724024,100Mt-noCostDecrease,100Mt-noCostDecrease,MN,trn_pass_road_LDV_4W,missing,missing,missing,missing,missing,missing,missing,missing,missing,MTC
1944,0.0,0.0532324,0.0316218,0.0325,0.0315087,0.0309861,0.0320417,0.0318378,0.0323779,100Mt-noCostDecrease,100Mt-noCostDecrease,MN,trn_shipping_intl,missing,missing,missing,missing,missing,missing,missing,missing,missing,MTC
1945,0.0,0.0,0.0,-0.020756015,-0.021425008,-0.03811826,-0.0595125,-0.0855418,-0.1198631,100Mt-noCostDecrease,100Mt-noCostDecrease,MS,CDR_regional,missing,missing,missing,missing,missing,missing,missing,missing,missing,MTC
1946,1.2043657,2.5587318000000003,1.6868783700099996,1.6714366937049996,1.3591862343413,0.6186968005849999,0.6102186737209998,0.4208004654802,0.56913229495369,100Mt-noCostDecrease,100Mt-noCostDecrease,MS,base load generation,missing,missing,missing,missing,missing,missing,missing,missing,missing,MTC
1947,0.0,0.000897704,0.0304854,0.0290979,0.02372722,0.01741323,0.0129366,0.0083679,0.00370893,100Mt-noCostDecrease,100Mt-noCostDecrease,MS,biomass liquids,missing,missing,missing,missing,missing,missing,missing,missing,missing,MTC
1948,0.0,0.0,0.060166607,0.2506621959999999,0.7196508450000001,1.298449696,1.445885693999999,1.892903262,1.9491904680000005,100Mt-noCostDecrease,100Mt-noCostDecrease,MS,biorefining,missing,missing,missing,missing,missing,missing,missing,missing,missing,MTC
1949,0.0937435,0.132486,0.0924776,0.086060651,0.03776213,0.01708411,0.01736322,0.01245845,0.01215177,100Mt-noCostDecrease,100Mt-noCostDecrease,MS,cement,missing,missing,missing,missing,missing,missing,missing,missing,missing,MTC
1950,0.0,0.0,0.0,0.0,0.0,0.0,0.0,2.435644e-05,0.00044836522,100Mt-noCostDecrease,100Mt-noCostDecrease,MS,coal to liquids,missing,missing,missing,missing,missing,missing,missing,missing,missing,MTC
1951,0.01498118,0.0319358,0.02794095,0.0278655399999999,0.02667908,0.02450388,0.0236790839999999,0.020860973,0.018866687,100Mt-noCostDecrease,100Mt-noCostDecrease,MS,comm cooking,missing,missing,missing,missing,missing,missing,missing,missing,missing,MTC
1952,1.988e-05,0.0013064,0.000584928,0.0005775131,0.000570118,0.0005570402,0.0005540149,0.0005105053000000001,0.0004776152,100Mt-noCostDecrease,100Mt-noCostDecrease,MS,comm cooling,missing,missing,missing,missing,missing,missing,missing,missing,missing,MTC
1953,0.20465076,0.2294469,0.123997907,0.1203167739999999,0.1127022419999999,0.1006824059999999,0.0903654589999999,0.06420969,0.0559294264,100Mt-noCostDecrease,100Mt-noCostDecrease,MS,comm heating,missing,missing,missing,missing,missing,missing,missing,missing,missing,MTC
1954,0.10995055,0.08443106,0.1076657299999999,0.10741851,0.10460388,0.09797656,0.0946104559999999,0.08127196,0.073625719,100Mt-noCostDecrease,100Mt-noCostDecrease,MS,comm hot water,missing,missing,missing,missing,missing,missing,missing,missing,missing,MTC
1955,0.0259365,0.02745864,0.0874776,0.0972724,0.1092572,0.1271743,0.1426175,0.1355353,0.1274279999999999,100Mt-noCostDecrease,100Mt-noCostDecrease,MS,comm other,missing,missing,missing,missing,missing,missing,missing,missing,missing,MTC
1956,0.0,0.0,0.0,0.0,0.0,0.0,0.0,4.63521e-05,0.0008409274,100Mt-noCostDecrease,100Mt-noCostDecrease,MS,gas to liquids,missing,missing,missing,missing,missing,missing,missing,missing,missing,MTC
1957,3.4900633999999995,2.7296982,2.7298635693999995,2.8626694591999997,2.90041282031,2.9714652948500007,3.0730218040000006,2.932658218289999,2.8947210724211,100Mt-noCostDecrease,100Mt-noCostDecrease,MS,industrial energy use,missing,missing,missing,missing,missing,missing,missing,missing,missing,MTC
1958,2.02016935,3.7115171399999993,3.865447574,3.63263428995,3.1662371927,2.6204411384700004,2.331346985190001,1.8986672424599995,1.6583971572199996,100Mt-noCostDecrease,100Mt-noCostDecrease,MS,intermediate generation,missing,missing,missing,missing,missing,missing,missing,missing,missing,MTC
1959,1.26262,0.92618,0.9362325,0.9049244,0.7749096999999999,0.6390892,0.5841899,0.50140533,0.4255598499999999,100Mt-noCostDecrease,100Mt-noCostDecrease,MS,oil refining,missing,missing,missing,missing,missing,missing,missing,missing,missing,MTC
1960,0.0464994204,0.08582486,0.056702571786,0.050297412795147,0.0352946709900239,0.025295029497894,0.021807281109625,0.013174433652615,0.0084627635049929,100Mt-noCostDecrease,100Mt-noCostDecrease,MS,peak generation,missing,missing,missing,missing,missing,missing,missing,missing,missing,MTC
1961,0.0753110569999999,0.10755696,0.074021571,0.073563016,0.0584485499999999,0.05526315,0.0582757199999999,0.05849427,0.0605963,100Mt-noCostDecrease,100Mt-noCostDecrease,MS,process heat cement,missing,missing,missing,missing,missing,missing,missing,missing,missing,MTC
1962,-1.89176,-1.43502,-1.23891,-1.91555,-3.50724,-5.58429,-6.21928,-9.1785,-12.2836,100Mt-noCostDecrease,100Mt-noCostDecrease,MS,regional biomass,missing,missing,missing,missing,missing,missing,missing,missing,missing,MTC
1963,0.0,-0.0127329,-0.268218,-0.262991,-0.233258,-0.200777,-0.170252,-0.15536,-0.12194,100Mt-noCostDecrease,100Mt-noCostDecrease,MS,regional biomassOil,missing,missing,missing,missing,missing,missing,missing,missing,missing,MTC
1964,0.0,0.0,-0.0743842,-0.0886635,-0.130153,-0.185988,-0.199215,-0.265208,-0.273783,100Mt-noCostDecrease,100Mt-noCostDecrease,MS,regional corn for ethanol,missing,missing,missing,missing,missing,missing,missing,missing,missing,MTC
1965,0.00450566,0.00493166,0.00520047,0.00524424,0.00528352,0.005050166,0.005146963,0.004890833,0.004382089,100Mt-noCostDecrease,100Mt-noCostDecrease,MS,resid clothes dryers,missing,missing,missing,missing,missing,missing,missing,missing,missing,MTC
1966,0.01792903,0.01611148,0.023525385,0.022655838,0.0211938949999999,0.0194155503,0.0175241194,0.0162344256,0.0139178573,100Mt-noCostDecrease,100Mt-noCostDecrease,MS,resid cooking,missing,missing,missing,missing,missing,missing,missing,missing,missing,MTC
1967,0.48428534,0.37201468,0.213601241,0.1968939889999999,0.173265915,0.143913201,0.114232788,0.0853070869999999,0.0612127473999999,100Mt-noCostDecrease,100Mt-noCostDecrease,MS,resid heating,missing,missing,missing,missing,missing,missing,missing,missing,missing,MTC
1968,0.1291917,0.1727661399999999,0.099116728,0.095336322,0.0906802329999999,0.079181236,0.081748135,0.073540538,0.059949156,100Mt-noCostDecrease,100Mt-noCostDecrease,MS,resid hot water,missing,missing,missing,missing,missing,missing,missing,missing,missing,MTC
1969,0.01233782,0.00637784,0.0233402599999999,0.02553085,0.02552594,0.02644117,0.02831174,0.0234177,0.01946811,100Mt-noCostDecrease,100Mt-noCostDecrease,MS,resid other,missing,missing,missing,missing,missing,missing,missing,missing,missing,MTC
1970,0.344701698,0.631890971,0.3963409358,0.3561925130606,0.2641009199259999,0.19859189522,0.1742076281731001,0.1193291820995,0.0881506433264,100Mt-noCostDecrease,100Mt-noCostDecrease,MS,subpeak generation,missing,missing,missing,missing,missing,missing,missing,missing,missing,MTC
1971,0.162483,0.13899,0.239233,0.244595,0.248075,0.249988,0.261263,0.266384,0.274335,100Mt-noCostDecrease,100Mt-noCostDecrease,MS,trn_aviation_intl,missing,missing,missing,missing,missing,missing,missing,missing,missing,MTC
1972,0.131905,0.168728,0.1994259,0.2069182,0.2110674,0.2143119,0.2262915,0.2336055,0.2395747999999999,100Mt-noCostDecrease,100Mt-noCostDecrease,MS,trn_freight,missing,missing,missing,missing,missing,missing,missing,missing,missing,MTC
1973,1.543853,2.333051,2.34288095,2.3937260029999994,2.303174146,2.069563179,2.019470758,1.8253797380000003,1.5702984699999998,100Mt-noCostDecrease,100Mt-noCostDecrease,MS,trn_freight_road,missing,missing,missing,missing,missing,missing,missing,missing,missing,MTC
1974,0.62522319,0.5376757999999999,0.96850526,1.00947044,1.00819023,1.01414498,1.07249263,1.08290422,1.12019916,100Mt-noCostDecrease,100Mt-noCostDecrease,MS,trn_pass,missing,missing,missing,missing,missing,missing,missing,missing,missing,MTC
1975,0.0592069,0.1007046,0.1508679,0.1558014399999999,0.11334321,0.0858591299999999,0.07444398,0.0692375799999999,0.0653941,100Mt-noCostDecrease,100Mt-noCostDecrease,MS,trn_pass_road,missing,missing,missing,missing,missing,missing,missing,missing,missing,MTC
1976,0.00813388,0.0116423,0.0107625,0.00960928,0.00894945,0.00841548,0.00822793,0.00790548,0.00768061,100Mt-noCostDecrease,100Mt-noCostDecrease,MS,trn_pass_road_LDV,missing,missing,missing,missing,missing,missing,missing,missing,missing,MTC
1977,2.3110066700000003,3.30784517,3.25403939,2.8713870799999994,2.181679244,1.6463736780000002,1.228116723,1.0893336699999998,0.9981549,100Mt-noCostDecrease,100Mt-noCostDecrease,MS,trn_pass_road_LDV_4W,missing,missing,missing,missing,missing,missing,missing,missing,missing,MTC
1978,0.259899,0.136521,0.18503,0.188195,0.182684,0.179054,0.18511,0.183512,0.186531,100Mt-noCostDecrease,100Mt-noCostDecrease,MS,trn_shipping_intl,missing,missing,missing,missing,missing,missing,missing,missing,missing,MTC
1979,0.0,0.0,0.0,-0.03643527,-0.03721565,-0.051081,-0.0902005999999999,-0.1590122,-0.2607755,100Mt-noCostDecrease,100Mt-noCostDecrease,MO,CDR_regional,missing,missing,missing,missing,missing,missing,missing,missing,missing,MTC
1980,1.01496,0.676325,0.763982,0.78738925,0.7547516200000001,0.64401122,0.5605510300000001,0.4478710299999999,0.3645828800000001,100Mt-noCostDecrease,100Mt-noCostDecrease,MO,N fertilizer,missing,missing,missing,missing,missing,missing,missing,missing,missing,MTC
1981,5.384503666,10.6971828,8.168745935,8.1928279895,5.8313307328400015,1.58892773709,1.3867388285799995,0.5384206162400004,0.8044373553339003,100Mt-noCostDecrease,100Mt-noCostDecrease,MO,base load generation,missing,missing,missing,missing,missing,missing,missing,missing,missing,MTC
1982,0.0,0.03771782,0.1363403,0.1301568,0.1063051999999999,0.0780567,0.0579919,0.03751456,0.0166277999999999,100Mt-noCostDecrease,100Mt-noCostDecrease,MO,biomass liquids,missing,missing,missing,missing,missing,missing,missing,missing,missing,MTC
1983,0.0,0.0,0.057398782,0.250188589,0.7250041720000001,1.3124232199999997,1.4611426240000007,1.909783505,1.964379148,100Mt-noCostDecrease,100Mt-noCostDecrease,MO,biorefining,missing,missing,missing,missing,missing,missing,missing,missing,missing,MTC
1984,0.247148,0.349291,0.253117,0.24044601,0.1022874,0.0474577999999999,0.0484178,0.03519463,0.03449574,100Mt-noCostDecrease,100Mt-noCostDecrease,MO,cement,missing,missing,missing,missing,missing,missing,missing,missing,missing,MTC
1985,0.0,0.0,0.0,0.0,0.0,0.0,0.0,6.45292e-06,0.0001186816,100Mt-noCostDecrease,100Mt-noCostDecrease,MO,coal to liquids,missing,missing,missing,missing,missing,missing,missing,missing,missing,MTC
1986,0.0543165,0.0507762999999999,0.03827767,0.0372472399999999,0.03396531,0.02975412,0.027311069,0.022825961,0.0201867009999999,100Mt-noCostDecrease,100Mt-noCostDecrease,MO,comm cooking,missing,missing,missing,missing,missing,missing,missing,missing,missing,MTC
1987,0.000379141,0.0138081,0.00098556,0.000951124,0.0008923970000000001,0.0008348189999999999,0.0007993636,0.0007085847,0.0006651201,100Mt-noCostDecrease,100Mt-noCostDecrease,MO,comm cooling,missing,missing,missing,missing,missing,missing,missing,missing,missing,MTC
1988,0.9010019,0.8616207,0.64649415,0.62770393,0.5882135599999999,0.5383312299999999,0.49771953,0.3842591599999999,0.347695822,100Mt-noCostDecrease,100Mt-noCostDecrease,MO,comm heating,missing,missing,missing,missing,missing,missing,missing,missing,missing,MTC
1989,0.3172653,0.13806529,0.17582497,0.17295014,0.16324576,0.14955494,0.141467357,0.1184687729999999,0.106667581,100Mt-noCostDecrease,100Mt-noCostDecrease,MO,comm hot water,missing,missing,missing,missing,missing,missing,missing,missing,missing,MTC
1990,0.1083518,0.0774917,0.1736798,0.1942818,0.2237065999999999,0.2719469,0.3078723,0.2947622,0.2775172,100Mt-noCostDecrease,100Mt-noCostDecrease,MO,comm other,missing,missing,missing,missing,missing,missing,missing,missing,missing,MTC
1991,2.0601366,2.1568022,1.58281516692,1.61598056225,1.617977257117,1.6248962334324,1.642933768,1.6021927255278,1.4802155336765004,100Mt-noCostDecrease,100Mt-noCostDecrease,MO,industrial energy use,missing,missing,missing,missing,missing,missing,missing,missing,missing,MTC
1992,7.740412956000001,11.5811794,9.979916839999996,10.0411364988,9.510345001100005,6.794052909499997,6.375409775499995,3.639340700800001,2.953235512299999,100Mt-noCostDecrease,100Mt-noCostDecrease,MO,intermediate generation,missing,missing,missing,missing,missing,missing,missing,missing,missing,MTC
1993,0.109012148,0.04590742,0.03072726241,0.0267441428377,0.01774799296894,0.0145381052209,0.0121672630606999,0.0082159790181999,0.0054710541138,100Mt-noCostDecrease,100Mt-noCostDecrease,MO,peak generation,missing,missing,missing,missing,missing,missing,missing,missing,missing,MTC
1994,0.19855245,0.28356614,0.20253812,0.2057775399999999,0.15881092,0.1519338,0.16089246,0.1630171899999999,0.16968368,100Mt-noCostDecrease,100Mt-noCostDecrease,MO,process heat cement,missing,missing,missing,missing,missing,missing,missing,missing,missing,MTC
1995,-0.358877,-0.666395,-0.552567,-1.16801,-2.77248,-4.91022,-5.51128,-9.06906,-13.5491,100Mt-noCostDecrease,100Mt-noCostDecrease,MO,regional biomass,missing,missing,missing,missing,missing,missing,missing,missing,missing,MTC
1996,0.0,-0.0243752,-0.499741,-0.483891,-0.412917,-0.332315,-0.267712,-0.217853,-0.148906,100Mt-noCostDecrease,100Mt-noCostDecrease,MO,regional biomassOil,missing,missing,missing,missing,missing,missing,missing,missing,missing,MTC
1997,0.0,-0.156255,-0.460602,-0.456328,-0.427313,-0.398796,-0.35347,-0.355958,-0.303456,100Mt-noCostDecrease,100Mt-noCostDecrease,MO,regional corn for ethanol,missing,missing,missing,missing,missing,missing,missing,missing,missing,MTC
1998,0.0152409,0.02319,0.003785882,0.003699502,0.003545042,0.003217,0.003257959,0.00309955,0.002782257,100Mt-noCostDecrease,100Mt-noCostDecrease,MO,resid clothes dryers,missing,missing,missing,missing,missing,missing,missing,missing,missing,MTC
1999,0.05556751,0.07298817,0.018044691,0.0165787549999999,0.0142873669999999,0.0121213403999999,0.009842276,0.0090377288999999,0.0076510019,100Mt-noCostDecrease,100Mt-noCostDecrease,MO,resid cooking,missing,missing,missing,missing,missing,missing,missing,missing,missing,MTC
2000,1.67221162,1.56476805,1.2432595599999998,1.1606032199999998,1.0417633300000002,0.90068953,0.7570579749999998,0.605361554,0.465358062,100Mt-noCostDecrease,100Mt-noCostDecrease,MO,resid heating,missing,missing,missing,missing,missing,missing,missing,missing,missing,MTC
2001,0.44910004,0.57299687,0.35079681,0.330587393,0.30462854,0.256368898,0.260704096,0.237238557,0.197051806,100Mt-noCostDecrease,100Mt-noCostDecrease,MO,resid hot water,missing,missing,missing,missing,missing,missing,missing,missing,missing,MTC
2002,0.0264835,0.0165522,0.01655577,0.01756864,0.01723584,0.01842864,0.01970324,0.0163809,0.01356963,100Mt-noCostDecrease,100Mt-noCostDecrease,MO,resid other,missing,missing,missing,missing,missing,missing,missing,missing,missing,MTC
2003,0.6772081729999999,0.3376031699999999,0.1850927859,0.166996601397,0.1249711351609999,0.1040187257409999,0.0907574020819999,0.0738732342399999,0.062293924061,100Mt-noCostDecrease,100Mt-noCostDecrease,MO,subpeak generation,missing,missing,missing,missing,missing,missing,missing,missing,missing,MTC
2004,0.156936,0.155415,0.0750023,0.0779946,0.0788573,0.0797273,0.0831371,0.0849578,0.0873849,100Mt-noCostDecrease,100Mt-noCostDecrease,MO,trn_aviation_intl,missing,missing,missing,missing,missing,missing,missing,missing,missing,MTC
2005,0.184091527,0.249105143,0.24121,0.257245,0.269913,0.280698,0.296509,0.310613,0.319082,100Mt-noCostDecrease,100Mt-noCostDecrease,MO,trn_freight,missing,missing,missing,missing,missing,missing,missing,missing,missing,MTC
2006,2.777766,3.76716,3.63127866,3.78311604,3.612652454,3.247930378,3.15213545,2.83462138,2.42565649,100Mt-noCostDecrease,100Mt-noCostDecrease,MO,trn_freight_road,missing,missing,missing,missing,missing,missing,missing,missing,missing,MTC
2007,0.60750824,0.6044854,0.3109136,0.3294593,0.3283658,0.3317464,0.3493798999999999,0.3539521,0.3652265,100Mt-noCostDecrease,100Mt-noCostDecrease,MO,trn_pass,missing,missing,missing,missing,missing,missing,missing,missing,missing,MTC
2008,0.106525,0.1458336099999999,0.19929138,0.20283096,0.1455970899999999,0.10971389,0.09637279,0.0910154,0.08722698,100Mt-noCostDecrease,100Mt-noCostDecrease,MO,trn_pass_road,missing,missing,missing,missing,missing,missing,missing,missing,missing,MTC
2009,0.0181102,0.0227319,0.020021,0.0184938,0.0169467,0.015964,0.0154782,0.0148138,0.014256,100Mt-noCostDecrease,100Mt-noCostDecrease,MO,trn_pass_road_LDV,missing,missing,missing,missing,missing,missing,missing,missing,missing,MTC
2010,5.14538829,6.45876648,6.05944136,5.394592449999999,4.096073909999999,3.088365794,2.29394275,2.01615152,1.8438862,100Mt-noCostDecrease,100Mt-noCostDecrease,MO,trn_pass_road_LDV_4W,missing,missing,missing,missing,missing,missing,missing,missing,missing,MTC
2011,0.00571873,0.00311416,0.0,0.0,0.0,0.0,0.0,0.0,0.0,100Mt-noCostDecrease,100Mt-noCostDecrease,MO,trn_shipping_intl,missing,missing,missing,missing,missing,missing,missing,missing,missing,MTC
2012,0.0,0.0,0.0,-0.012422228,-0.013658343,-0.01979864,-0.0371437,-0.0672808,-0.1096058,100Mt-noCostDecrease,100Mt-noCostDecrease,MT,CDR_regional,missing,missing,missing,missing,missing,missing,missing,missing,missing,MTC
2013,1.61986588,1.9183626000000005,0.7677475515000002,0.8673185134000003,0.6858340164499998,0.3714035789600001,0.38114425502,0.352580728145,0.4608976528441501,100Mt-noCostDecrease,100Mt-noCostDecrease,MT,base load generation,missing,missing,missing,missing,missing,missing,missing,missing,missing,MTC
2014,0.0,0.0,0.059254508,0.250719524,0.7224990990000001,1.305660758,1.4540258,1.9023547570000003,1.9580441560000008,100Mt-noCostDecrease,100Mt-noCostDecrease,MT,biorefining,missing,missing,missing,missing,missing,missing,missing,missing,missing,MTC
2015,0.0,0.0,0.0,0.0,0.0,0.0,0.0,0.0006028229999999999,0.011057971,100Mt-noCostDecrease,100Mt-noCostDecrease,MT,coal to liquids,missing,missing,missing,missing,missing,missing,missing,missing,missing,MTC
2016,0.0059527999999999,0.00959898,0.0229540999999999,0.02392493,0.0242799499999999,0.023756378,0.024241452,0.022999028,0.0221400839999999,100Mt-noCostDecrease,100Mt-noCostDecrease,MT,comm cooking,missing,missing,missing,missing,missing,missing,missing,missing,missing,MTC
2017,0.0,0.000117864,0.0001509952,0.0001531909,0.0001541044,0.00015152999999999998,0.00015009019999999998,0.00013828347999999998,0.00013098542,100Mt-noCostDecrease,100Mt-noCostDecrease,MT,comm cooling,missing,missing,missing,missing,missing,missing,missing,missing,missing,MTC
2018,0.20893335,0.262507,0.20523418,0.208331579,0.2082254009999999,0.203412883,0.201086508,0.175411236,0.165284463,100Mt-noCostDecrease,100Mt-noCostDecrease,MT,comm heating,missing,missing,missing,missing,missing,missing,missing,missing,missing,MTC
2019,0.04194192,0.0244161,0.04206109,0.043266003,0.043345192,0.04157364,0.0410155559999999,0.0363792177999999,0.0338664093,100Mt-noCostDecrease,100Mt-noCostDecrease,MT,comm hot water,missing,missing,missing,missing,missing,missing,missing,missing,missing,MTC
2020,0.01033014,0.01152562,0.0452160999999999,0.0506318,0.0569905,0.0658229,0.0744915999999999,0.0738354,0.0722535,100Mt-noCostDecrease,100Mt-noCostDecrease,MT,comm other,missing,missing,missing,missing,missing,missing,missing,missing,missing,MTC
2021,0.0,0.0,0.0,0.0,0.0,0.0,0.0,5.94516e-05,0.0010785826,100Mt-noCostDecrease,100Mt-noCostDecrease,MT,gas to liquids,missing,missing,missing,missing,missing,missing,missing,missing,missing,MTC
2022,0.7217336,0.8160234299999999,0.4757840275,0.4911076684,0.4902126035479998,0.4907818081539999,0.4964691575079999,0.4765527114879999,0.4319064281629999,100Mt-noCostDecrease,100Mt-noCostDecrease,MT,industrial energy use,missing,missing,missing,missing,missing,missing,missing,missing,missing,MTC
2023,2.4034345261000007,3.5735243372000003,2.690245006900001,2.806307547,2.644401404299999,1.6784311784999988,1.6898460773999988,1.1209386890999995,1.1032547639699992,100Mt-noCostDecrease,100Mt-noCostDecrease,MT,intermediate generation,missing,missing,missing,missing,missing,missing,missing,missing,missing,MTC
2024,0.48652,0.461053,0.5235684,0.5062074,0.4336314999999999,0.3577412,0.3270652,0.28067177,0.23855355,100Mt-noCostDecrease,100Mt-noCostDecrease,MT,oil refining,missing,missing,missing,missing,missing,missing,missing,missing,missing,MTC
2025,0.06455159868,9.974699e-05,0.0015816019432999,0.0013985952438789,0.000928326063758,0.000605019914009,0.0004713087459379998,0.000240328230945,0.00013507113749,100Mt-noCostDecrease,100Mt-noCostDecrease,MT,peak generation,missing,missing,missing,missing,missing,missing,missing,missing,missing,MTC
2026,-0.262399,-0.422216,-0.364959,-0.990351,-2.57366,-4.6217,-5.18856,-8.03032,-10.3941,100Mt-noCostDecrease,100Mt-noCostDecrease,MT,regional biomass,missing,missing,missing,missing,missing,missing,missing,missing,missing,MTC
2027,0.0,0.0,-0.0138966,-0.0202472,-0.0355419,-0.0556793,-0.062396,-0.0854578,-0.0907536,100Mt-noCostDecrease,100Mt-noCostDecrease,MT,regional biomassOil,missing,missing,missing,missing,missing,missing,missing,missing,missing,MTC
2028,0.0,0.0,-0.0190855,-0.0355998,-0.0862303,-0.153323,-0.174619,-0.248263,-0.264912,100Mt-noCostDecrease,100Mt-noCostDecrease,MT,regional corn for ethanol,missing,missing,missing,missing,missing,missing,missing,missing,missing,MTC
2029,0.00126096,0.00371756,0.000941935,0.00095388,0.000944621,0.000865933,0.000857717,0.0008061129999999999,0.000727234,100Mt-noCostDecrease,100Mt-noCostDecrease,MT,resid clothes dryers,missing,missing,missing,missing,missing,missing,missing,missing,missing,MTC
2030,0.004885976,0.01267818,0.008586839,0.008328799,0.007606929,0.0067362643,0.0057647106,0.0053272732999999,0.0046435014999999,100Mt-noCostDecrease,100Mt-noCostDecrease,MT,resid cooking,missing,missing,missing,missing,missing,missing,missing,missing,missing,MTC
2031,0.29741617,0.43520186,0.42135131,0.402815745,0.372983906,0.335353796,0.295176502,0.248579649,0.2004226823,100Mt-noCostDecrease,100Mt-noCostDecrease,MT,resid heating,missing,missing,missing,missing,missing,missing,missing,missing,missing,MTC
2032,0.0539464999999999,0.1017263099999999,0.07949684,0.0781228449999999,0.073517299,0.0616323099999999,0.060066256,0.053540998,0.0441195729999999,100Mt-noCostDecrease,100Mt-noCostDecrease,MT,resid hot water,missing,missing,missing,missing,missing,missing,missing,missing,missing,MTC
2033,0.00305632,0.00737744,0.01044182,0.01123097,0.01062717,0.01076272,0.01134337,0.00988396,0.0085528,100Mt-noCostDecrease,100Mt-noCostDecrease,MT,resid other,missing,missing,missing,missing,missing,missing,missing,missing,missing,MTC
2034,0.4544973303,0.02919430027,0.00895906474,0.00811318418207,0.0058754063934799,0.00421222364086,0.0034675047825299,0.0023094467788999,0.00168017601179,100Mt-noCostDecrease,100Mt-noCostDecrease,MT,subpeak generation,missing,missing,missing,missing,missing,missing,missing,missing,missing,MTC
2035,0.0165516,0.0261934,0.0217365,0.0223152,0.0226345,0.0229067,0.0238778,0.0243146,0.0249804,100Mt-noCostDecrease,100Mt-noCostDecrease,MT,trn_aviation_intl,missing,missing,missing,missing,missing,missing,missing,missing,missing,MTC
2036,0.0456362,0.0702351,0.0584763,0.0607257,0.0637157,0.0663531,0.0698429,0.0722811,0.0734981,100Mt-noCostDecrease,100Mt-noCostDecrease,MT,trn_freight,missing,missing,missing,missing,missing,missing,missing,missing,missing,MTC
2037,0.6910839,1.063562,0.8853378799999999,0.900098513,0.8551173309999998,0.7542569239999999,0.723391087,0.6388340939999999,0.5357321190000001,100Mt-noCostDecrease,100Mt-noCostDecrease,MT,trn_freight_road,missing,missing,missing,missing,missing,missing,missing,missing,missing,MTC
2038,0.06518747,0.10309382,0.08903907,0.09276366,0.0927422,0.09396726,0.09915447,0.10024162,0.10356261,100Mt-noCostDecrease,100Mt-noCostDecrease,MT,trn_pass,missing,missing,missing,missing,missing,missing,missing,missing,missing,MTC
2039,0.0265029,0.04499166,0.05513587,0.05734276,0.04230776,0.03199141,0.0277186899999999,0.02586778,0.02458228,100Mt-noCostDecrease,100Mt-noCostDecrease,MT,trn_pass_road,missing,missing,missing,missing,missing,missing,missing,missing,missing,MTC
2040,0.00276358,0.00338879,0.00309135,0.00267766,0.00244847,0.00231665,0.00225602,0.00216747,0.00210458,100Mt-noCostDecrease,100Mt-noCostDecrease,MT,trn_pass_road_LDV,missing,missing,missing,missing,missing,missing,missing,missing,missing,MTC
2041,0.785363347,0.962954931,1.0148982210000002,0.8984693609999999,0.6795467000000001,0.5074815808,0.372142838,0.3252614299999999,0.296761485,100Mt-noCostDecrease,100Mt-noCostDecrease,MT,trn_pass_road_LDV_4W,missing,missing,missing,missing,missing,missing,missing,missing,missing,MTC
2042,0.0,0.0,0.0,0.0,0.0,0.0,0.0,0.0,0.0,100Mt-noCostDecrease,100Mt-noCostDecrease,MT,trn_shipping_intl,missing,missing,missing,missing,missing,missing,missing,missing,missing,MTC
2043,0.0,0.0,0.0,-0.025114056,-0.02672868,-0.0307599,-0.0525101,-0.0868570999999999,-0.1330551999999999,100Mt-noCostDecrease,100Mt-noCostDecrease,NE,CDR_regional,missing,missing,missing,missing,missing,missing,missing,missing,missing,MTC
2044,2.00013677,3.4611878300000005,3.724384856,3.77513672342,2.650856609697,1.07188696453,0.92635315634,0.4748970538299999,0.5062758435840004,100Mt-noCostDecrease,100Mt-noCostDecrease,NE,base load generation,missing,missing,missing,missing,missing,missing,missing,missing,missing,MTC
2045,0.0,0.204437,0.753007,0.718889,0.587396,0.43133,0.320454,0.207295,0.09188,100Mt-noCostDecrease,100Mt-noCostDecrease,NE,biomass liquids,missing,missing,missing,missing,missing,missing,missing,missing,missing,MTC
2046,0.0,0.0,0.060048397,0.248882214,0.7132716829999999,1.2839442069999998,1.4295073049999998,1.8686954590000004,1.923113232,100Mt-noCostDecrease,100Mt-noCostDecrease,NE,biorefining,missing,missing,missing,missing,missing,missing,missing,missing,missing,MTC
2047,0.0685495,0.09688,0.0685837,0.064712709,0.02793012,0.01277499,0.0130041499999999,0.00931339,0.0090953099999999,100Mt-noCostDecrease,100Mt-noCostDecrease,NE,cement,missing,missing,missing,missing,missing,missing,missing,missing,missing,MTC
2048,0.0262483,0.0175420999999999,0.0152582939999999,0.015165913,0.014170756,0.012791606,0.012091342,0.010463173,0.009487375,100Mt-noCostDecrease,100Mt-noCostDecrease,NE,comm cooking,missing,missing,missing,missing,missing,missing,missing,missing,missing,MTC
2049,0.000139161,0.00376016,0.0003279369,0.0003252059,0.0003157942,0.0003070791,0.000303311,0.0002808133,0.00026722417,100Mt-noCostDecrease,100Mt-noCostDecrease,NE,comm cooling,missing,missing,missing,missing,missing,missing,missing,missing,missing,MTC
2050,0.34599979,0.32849319,0.3191084899999999,0.31469749,0.2978262200000001,0.27374749,0.255684129,0.20215988,0.184990249,100Mt-noCostDecrease,100Mt-noCostDecrease,NE,comm heating,missing,missing,missing,missing,missing,missing,missing,missing,missing,MTC
2051,0.1287165,0.04634009,0.06568369,0.06573716,0.0631320859999999,0.0592297319999999,0.057490105,0.0503050871,0.0469097077,100Mt-noCostDecrease,100Mt-noCostDecrease,NE,comm hot water,missing,missing,missing,missing,missing,missing,missing,missing,missing,MTC
2052,0.04691064,0.0243983799999999,0.0591161,0.0659253,0.0748987,0.0904836,0.1013025,0.0981194,0.0942607,100Mt-noCostDecrease,100Mt-noCostDecrease,NE,comm other,missing,missing,missing,missing,missing,missing,missing,missing,missing,MTC
2053,0.0,0.0,0.0,0.0,0.0,0.0,0.0,1.00765e-06,1.828101e-05,100Mt-noCostDecrease,100Mt-noCostDecrease,NE,gas to liquids,missing,missing,missing,missing,missing,missing,missing,missing,missing,MTC
2054,0.8764093000000001,0.9461075,1.12875502,1.1597934054000003,1.153780500163,1.1584467856919998,1.1711183934370004,1.1426205120820003,1.070863072957,100Mt-noCostDecrease,100Mt-noCostDecrease,NE,industrial energy use,missing,missing,missing,missing,missing,missing,missing,missing,missing,MTC
2055,1.64354347,2.64236799,2.9116446960000006,2.948368620859999,2.711749296409999,1.693834295260001,1.6493544093599997,1.1824933946199998,0.99522836178,100Mt-noCostDecrease,100Mt-noCostDecrease,NE,intermediate generation,missing,missing,missing,missing,missing,missing,missing,missing,missing,MTC
2056,0.025231873,0.01426135,0.004853463135,0.0042526962580199,0.002774529168052,0.00223312497799,0.00182327251029,0.0013885183950999,0.0009416861763899996,100Mt-noCostDecrease,100Mt-noCostDecrease,NE,peak generation,missing,missing,missing,missing,missing,missing,missing,missing,missing,MTC
2057,0.055070808,0.078650478,0.054887155,0.054565619,0.04149754,0.03970713,0.0420668499999999,0.04257643,0.0442356,100Mt-noCostDecrease,100Mt-noCostDecrease,NE,process heat cement,missing,missing,missing,missing,missing,missing,missing,missing,missing,MTC
2058,-0.0865241,-0.193066,-0.16932,-0.781408,-2.33383,-4.40285,-4.95215,-7.89787,-10.0899,100Mt-noCostDecrease,100Mt-noCostDecrease,NE,regional biomass,missing,missing,missing,missing,missing,missing,missing,missing,missing,MTC
2059,0.0,0.0,-0.0141136,-0.0204223,-0.0355882,-0.0554439,-0.0620741,-0.0847982,-0.089956,100Mt-noCostDecrease,100Mt-noCostDecrease,NE,regional biomassOil,missing,missing,missing,missing,missing,missing,missing,missing,missing,MTC
2060,0.0,-0.887361,-3.28814,-3.15674,-2.63693,-2.02591,-1.56577,-1.14744,-0.662752,100Mt-noCostDecrease,100Mt-noCostDecrease,NE,regional corn for ethanol,missing,missing,missing,missing,missing,missing,missing,missing,missing,MTC
2061,0.00408534,0.00642692,0.00114478,0.001153058,0.001135845,0.001069949,0.0010823679999999,0.001033717,0.000943592,100Mt-noCostDecrease,100Mt-noCostDecrease,NE,resid clothes dryers,missing,missing,missing,missing,missing,missing,missing,missing,missing,MTC
2062,0.014730602,0.02036132,0.0055506873,0.0052463033,0.0046602448999999,0.0040920451,0.00346129267,0.0031875614,0.0027495430999999,100Mt-noCostDecrease,100Mt-noCostDecrease,NE,resid cooking,missing,missing,missing,missing,missing,missing,missing,missing,missing,MTC
2063,0.5726642399999999,0.505749499,0.44421062,0.418053775,0.3767041790000001,0.325034921,0.2715694800000001,0.215521208,0.165703398,100Mt-noCostDecrease,100Mt-noCostDecrease,NE,resid heating,missing,missing,missing,missing,missing,missing,missing,missing,missing,MTC
2064,0.11801299,0.16257618,0.108952137,0.106051674,0.100199668,0.0891761819,0.0900828213,0.082776968,0.071112747,100Mt-noCostDecrease,100Mt-noCostDecrease,NE,resid hot water,missing,missing,missing,missing,missing,missing,missing,missing,missing,MTC
2065,0.00660982,0.00523516,0.00569657,0.00607019,0.00588877,0.00639742,0.00671919,0.00573581,0.00495978,100Mt-noCostDecrease,100Mt-noCostDecrease,NE,resid other,missing,missing,missing,missing,missing,missing,missing,missing,missing,MTC
2066,0.161142348,0.0822528509999999,0.0061735975199999,0.00579793425172,0.0046205888557879,0.00392642053543,0.00425468391511,0.0145242953163,0.0138238926087,100Mt-noCostDecrease,100Mt-noCostDecrease,NE,subpeak generation,missing,missing,missing,missing,missing,missing,missing,missing,missing,MTC
2067,0.0345812,0.0220013,0.0263068,0.0269335,0.0270741,0.027284,0.0283409,0.0288581,0.0295755,100Mt-noCostDecrease,100Mt-noCostDecrease,NE,trn_aviation_intl,missing,missing,missing,missing,missing,missing,missing,missing,missing,MTC
2068,0.0860005,0.0992845,0.129827,0.135952,0.14188,0.14752,0.155782,0.163044,0.168088,100Mt-noCostDecrease,100Mt-noCostDecrease,NE,trn_freight,missing,missing,missing,missing,missing,missing,missing,missing,missing,MTC
2069,1.302327,1.50349,1.95619897,2.002929823,1.898529176,1.6988883189999997,1.6460077409999996,1.482682427,1.27935815,100Mt-noCostDecrease,100Mt-noCostDecrease,NE,trn_freight_road,missing,missing,missing,missing,missing,missing,missing,missing,missing,MTC
2070,0.1358081,0.08830375,0.11017803,0.11449145,0.1135585599999999,0.11440783,0.11990489,0.12113502,0.12451008,100Mt-noCostDecrease,100Mt-noCostDecrease,NE,trn_pass,missing,missing,missing,missing,missing,missing,missing,missing,missing,MTC
2071,0.0499442,0.05994319,0.11354158,0.11643568,0.08471836,0.06460357,0.05704576,0.05403664,0.05200134,100Mt-noCostDecrease,100Mt-noCostDecrease,NE,trn_pass_road,missing,missing,missing,missing,missing,missing,missing,missing,missing,MTC
2072,0.00497835,0.00575452,0.00520081,0.00456639,0.00413771,0.00389148,0.00375842,0.00358642,0.00344759,100Mt-noCostDecrease,100Mt-noCostDecrease,NE,trn_pass_road_LDV,missing,missing,missing,missing,missing,missing,missing,missing,missing,MTC
2073,1.414596819,1.63472785,1.649807693,1.452596451,1.096336319,0.8219420050000001,0.6060952920000001,0.5328821740000002,0.4885970479999999,100Mt-noCostDecrease,100Mt-noCostDecrease,NE,trn_pass_road_LDV_4W,missing,missing,missing,missing,missing,missing,missing,missing,missing,MTC
2074,0.0,0.0,0.0,0.0,0.0,0.0,0.0,0.0,0.0,100Mt-noCostDecrease,100Mt-noCostDecrease,NE,trn_shipping_intl,missing,missing,missing,missing,missing,missing,missing,missing,missing,MTC
2075,0.0,0.0,0.0,-0.011354976,-0.01255682,-0.02156645,-0.04451382,-0.0932489,-0.1712456,100Mt-noCostDecrease,100Mt-noCostDecrease,NV,CDR_regional,missing,missing,missing,missing,missing,missing,missing,missing,missing,MTC
2076,1.584876,1.895174,0.5516203474,0.5012533857100001,0.4088581446479999,0.24429818572,0.2291588201199999,0.2106452704119999,0.3197767757685001,100Mt-noCostDecrease,100Mt-noCostDecrease,NV,base load generation,missing,missing,missing,missing,missing,missing,missing,missing,missing,MTC
2077,0.0,8.54956e-06,0.000170589,0.000162809,0.000132568,9.725e-05,7.22473e-05,4.67301e-05,2.07125e-05,100Mt-noCostDecrease,100Mt-noCostDecrease,NV,biomass liquids,missing,missing,missing,missing,missing,missing,missing,missing,missing,MTC
2078,0.0,0.0,0.059254508,0.250719524,0.7224990990000001,1.305660758,1.4540258,1.9023547570000003,1.9580441560000008,100Mt-noCostDecrease,100Mt-noCostDecrease,NV,biorefining,missing,missing,missing,missing,missing,missing,missing,missing,missing,MTC
2079,0.163772,0.231457,0.178339,0.17658668,0.0788537,0.0371105,0.0382087,0.02779042,0.02741397,100Mt-noCostDecrease,100Mt-noCostDecrease,NV,cement,missing,missing,missing,missing,missing,missing,missing,missing,missing,MTC
2080,0.010998,0.0321284,0.06058184,0.06759936,0.07114888,0.07170588,0.07456599,0.07260876,0.0708159,100Mt-noCostDecrease,100Mt-noCostDecrease,NV,comm cooking,missing,missing,missing,missing,missing,missing,missing,missing,missing,MTC
2081,7.10001e-06,0.00183464,0.0015958489999999,0.0017268079999999,0.001787859,0.001792464,0.00179809,0.0016803632,0.0015773855,100Mt-noCostDecrease,100Mt-noCostDecrease,NV,comm cooling,missing,missing,missing,missing,missing,missing,missing,missing,missing,MTC
2082,0.1645152,0.297624652,0.22848647,0.24653693,0.25072422,0.2431811079999999,0.238595974,0.207181495,0.1932347969999999,100Mt-noCostDecrease,100Mt-noCostDecrease,NV,comm heating,missing,missing,missing,missing,missing,missing,missing,missing,missing,MTC
2083,0.07997538,0.08097935,0.1190821999999999,0.1307739799999999,0.13608543,0.13460442,0.13488814,0.123920216,0.1163519649999999,100Mt-noCostDecrease,100Mt-noCostDecrease,NV,comm hot water,missing,missing,missing,missing,missing,missing,missing,missing,missing,MTC
2084,0.01976014,0.03703446,0.140323,0.1628955,0.1765727,0.1907514,0.2082050999999999,0.2056983,0.2016182,100Mt-noCostDecrease,100Mt-noCostDecrease,NV,comm other,missing,missing,missing,missing,missing,missing,missing,missing,missing,MTC
2085,0.40852583,0.45861122,0.4480255399,0.4683241847,0.4731741448100001,0.474686575319,0.478514191734,0.463304980902,0.4206427185889999,100Mt-noCostDecrease,100Mt-noCostDecrease,NV,industrial energy use,missing,missing,missing,missing,missing,missing,missing,missing,missing,MTC
2086,2.6081636299999995,4.940989176,2.500009361,2.138423106079999,1.85123919508,1.4539971257700002,1.2575719666600012,0.8786855985100002,0.7139915054399997,100Mt-noCostDecrease,100Mt-noCostDecrease,NV,intermediate generation,missing,missing,missing,missing,missing,missing,missing,missing,missing,MTC
2087,0.0,0.0050794,0.00515016,0.004979378,0.004265484,0.003518973,0.003217232,0.0027608712,0.0023465721,100Mt-noCostDecrease,100Mt-noCostDecrease,NV,oil refining,missing,missing,missing,missing,missing,missing,missing,missing,missing,MTC
2088,0.073600875,0.07239682,0.05176570586,0.04581518735642,0.03045323719666,0.01981381806701,0.0154408050688599,0.0078842748395,0.004497390502,100Mt-noCostDecrease,100Mt-noCostDecrease,NV,peak generation,missing,missing,missing,missing,missing,missing,missing,missing,missing,MTC
2089,0.13157051,0.18790519,0.14267566,0.1510406799999999,0.12076751,0.1170316399999999,0.12517189,0.12738743,0.13354525,100Mt-noCostDecrease,100Mt-noCostDecrease,NV,process heat cement,missing,missing,missing,missing,missing,missing,missing,missing,missing,MTC
2090,-0.0562625,-0.0712382,-0.146151,-0.77528,-2.3594,-4.37724,-4.91907,-7.29446,-9.10778,100Mt-noCostDecrease,100Mt-noCostDecrease,NV,regional biomass,missing,missing,missing,missing,missing,missing,missing,missing,missing,MTC
2091,0.0,-0.000121266,-0.0163162,-0.0225565,-0.0374222,-0.0570587,-0.0634207,-0.0861207,-0.0910474,100Mt-noCostDecrease,100Mt-noCostDecrease,NV,regional biomassOil,missing,missing,missing,missing,missing,missing,missing,missing,missing,MTC
2092,0.0,0.0,-0.0190855,-0.0355998,-0.0862303,-0.153323,-0.174619,-0.248263,-0.264912,100Mt-noCostDecrease,100Mt-noCostDecrease,NV,regional corn for ethanol,missing,missing,missing,missing,missing,missing,missing,missing,missing,MTC
2093,0.00207462,0.0106102,0.00325001,0.003484404,0.00355761,0.0033635089999999,0.003361081,0.003179852,0.002891615,100Mt-noCostDecrease,100Mt-noCostDecrease,NV,resid clothes dryers,missing,missing,missing,missing,missing,missing,missing,missing,missing,MTC
2094,0.007887213,0.032761843,0.014824645,0.0149267039999999,0.013953465,0.012476509,0.0107552484,0.0098022598,0.00840215,100Mt-noCostDecrease,100Mt-noCostDecrease,NV,resid cooking,missing,missing,missing,missing,missing,missing,missing,missing,missing,MTC
2095,0.2514705619999999,0.3434738198,0.328900651,0.320929258,0.2972113669999998,0.2617311949999999,0.2241217050000001,0.1822029450999999,0.1428753958999999,100Mt-noCostDecrease,100Mt-noCostDecrease,NV,resid heating,missing,missing,missing,missing,missing,missing,missing,missing,missing,MTC
2096,0.08647014,0.2182195699999999,0.201266329,0.2106939089999999,0.2092055049999999,0.191304456,0.193069127,0.1798044939999999,0.1565911009999999,100Mt-noCostDecrease,100Mt-noCostDecrease,NV,resid hot water,missing,missing,missing,missing,missing,missing,missing,missing,missing,MTC
2097,0.00457558,0.00450996,0.01524478,0.01738809,0.01703302,0.01729532,0.01841591,0.0159064599999999,0.01367819,100Mt-noCostDecrease,100Mt-noCostDecrease,NV,resid other,missing,missing,missing,missing,missing,missing,missing,missing,missing,MTC
2098,0.527972551,0.506956636,0.2926589662,0.2640101550270001,0.189013668091,0.132958002401,0.107945029438,0.0680669264069999,0.0464418648699999,100Mt-noCostDecrease,100Mt-noCostDecrease,NV,subpeak generation,missing,missing,missing,missing,missing,missing,missing,missing,missing,MTC
2099,0.141892,0.192085,0.133653,0.145103,0.150532,0.154019,0.161971,0.166686,0.172825,100Mt-noCostDecrease,100Mt-noCostDecrease,NV,trn_aviation_intl,missing,missing,missing,missing,missing,missing,missing,missing,missing,MTC
2100,0.0376458,0.0790036,0.0685871,0.0750642,0.0804696,0.0846976,0.0899989,0.0940481,0.0965204,100Mt-noCostDecrease,100Mt-noCostDecrease,NV,trn_freight,missing,missing,missing,missing,missing,missing,missing,missing,missing,MTC
2101,0.5700848000000001,1.196378,1.033486223,1.10395127,1.0735837220000002,0.968491813,0.931409907,0.8273174149999999,0.700627121,100Mt-noCostDecrease,100Mt-noCostDecrease,NV,trn_freight_road,missing,missing,missing,missing,missing,missing,missing,missing,missing,MTC
2102,0.54379221,0.7373611600000001,0.53787358,0.59411923,0.6083195499999999,0.62267344,0.66204546,0.67616849,0.70414113,100Mt-noCostDecrease,100Mt-noCostDecrease,NV,trn_pass,missing,missing,missing,missing,missing,missing,missing,missing,missing,MTC
2103,0.0218614,0.04731082,0.06140692,0.06500252,0.04921043,0.03811527,0.03351509,0.03166636,0.03045444,100Mt-noCostDecrease,100Mt-noCostDecrease,NV,trn_pass_road,missing,missing,missing,missing,missing,missing,missing,missing,missing,MTC
2104,0.00421587,0.00808095,0.00766361,0.00726883,0.00683718,0.00651935,0.00638598,0.0061673,0.00601476,100Mt-noCostDecrease,100Mt-noCostDecrease,NV,trn_pass_road_LDV,missing,missing,missing,missing,missing,missing,missing,missing,missing,MTC
2105,1.1978527469999998,2.29602687,2.32033253,2.137234768,1.6604624409999995,1.2674442359999996,0.95200875,0.8235484200000001,0.7539471439999998,100Mt-noCostDecrease,100Mt-noCostDecrease,NV,trn_pass_road_LDV_4W,missing,missing,missing,missing,missing,missing,missing,missing,missing,MTC
2106,0.0,0.0,0.0,0.0,0.0,0.0,0.0,0.0,0.0,100Mt-noCostDecrease,100Mt-noCostDecrease,NV,trn_shipping_intl,missing,missing,missing,missing,missing,missing,missing,missing,missing,MTC
2107,0.0,0.0,0.0,-0.002315655,-0.002385603,-0.0080822699999999,-0.01361418,-0.02118422,-0.0303876,100Mt-noCostDecrease,100Mt-noCostDecrease,NH,CDR_regional,missing,missing,missing,missing,missing,missing,missing,missing,missing,MTC
2108,0.9309405,1.4025221999999995,0.5274227400000001,0.5627071859,0.5100992591999999,0.4498754156399999,0.4319514093700001,0.2781034164700002,0.268070918682,100Mt-noCostDecrease,100Mt-noCostDecrease,NH,base load generation,missing,missing,missing,missing,missing,missing,missing,missing,missing,MTC
2109,0.0,3.41982e-05,0.000682353,0.000651232,0.000530269,0.000389,0.000288989,0.00018692,8.28498e-05,100Mt-noCostDecrease,100Mt-noCostDecrease,NH,biomass liquids,missing,missing,missing,missing,missing,missing,missing,missing,missing,MTC
2110,0.0,0.0,0.0555042419999999,0.226382991,0.6355866119999999,1.1161989610000005,1.237213063,1.5804261209999997,1.6136991990000005,100Mt-noCostDecrease,100Mt-noCostDecrease,NH,biorefining,missing,missing,missing,missing,missing,missing,missing,missing,missing,MTC
2111,0.00327626,0.0055079299999999,0.003380451,0.003368205,0.003174258,0.0028773089999999,0.002714154,0.0023449648,0.0021019539,100Mt-noCostDecrease,100Mt-noCostDecrease,NH,comm cooking,missing,missing,missing,missing,missing,missing,missing,missing,missing,MTC
2112,0.000299626,0.00156911,0.001570222,0.001565014,0.001525808,0.0014746639999999,0.001446204,0.0013270122,0.0012509035999999,100Mt-noCostDecrease,100Mt-noCostDecrease,NH,comm cooling,missing,missing,missing,missing,missing,missing,missing,missing,missing,MTC
2113,0.25665644,0.44169361,0.24876978,0.2477635199999999,0.24017431,0.22859952,0.21569245,0.17894117,0.162391113,100Mt-noCostDecrease,100Mt-noCostDecrease,NH,comm heating,missing,missing,missing,missing,missing,missing,missing,missing,missing,MTC
2114,0.0673843,0.0256280799999999,0.013069818,0.013021263,0.012360105,0.011141029,0.010137442,0.0080582955,0.0070808925,100Mt-noCostDecrease,100Mt-noCostDecrease,NH,comm hot water,missing,missing,missing,missing,missing,missing,missing,missing,missing,MTC
2115,0.00923254,0.01012186,0.0736329,0.0773599,0.0784267999999999,0.0815595,0.0857708,0.081436,0.0778136,100Mt-noCostDecrease,100Mt-noCostDecrease,NH,comm other,missing,missing,missing,missing,missing,missing,missing,missing,missing,MTC
2116,0.33063508,0.3168115399999999,0.2304798901,0.2410019158,0.2453485391,0.2534200444,0.2622352038,0.257536808076,0.250667215518,100Mt-noCostDecrease,100Mt-noCostDecrease,NH,industrial energy use,missing,missing,missing,missing,missing,missing,missing,missing,missing,MTC
2117,0.7295128,1.0069969,0.615786982,0.6104358424,0.5759878359699998,0.5586033327999999,0.5241645769000001,0.4815426381,0.4278705016,100Mt-noCostDecrease,100Mt-noCostDecrease,NH,intermediate generation,missing,missing,missing,missing,missing,missing,missing,missing,missing,MTC
2118,0.00829179,0.0097630211,0.0049989502311,0.004342465597212,0.00306914156306,0.00234739936411,0.00203323054368,0.00126628786936,0.0008183386136799997,100Mt-noCostDecrease,100Mt-noCostDecrease,NH,peak generation,missing,missing,missing,missing,missing,missing,missing,missing,missing,MTC
2119,-0.694334,-0.610066,-0.838543,-1.39593,-2.73064,-4.41701,-4.87031,-6.49363,-7.37467,100Mt-noCostDecrease,100Mt-noCostDecrease,NH,regional biomass,missing,missing,missing,missing,missing,missing,missing,missing,missing,MTC
2120,0.0,-0.000485062,-0.0225925,-0.0278874,-0.0396417,-0.0545521,-0.0587146,-0.0753076,-0.0772249,100Mt-noCostDecrease,100Mt-noCostDecrease,NH,regional biomassOil,missing,missing,missing,missing,missing,missing,missing,missing,missing,MTC
2121,0.0,0.0,-0.0162038,-0.0298253,-0.0703997,-0.121332,-0.137341,-0.189812,-0.200403,100Mt-noCostDecrease,100Mt-noCostDecrease,NH,regional corn for ethanol,missing,missing,missing,missing,missing,missing,missing,missing,missing,MTC
2122,0.00083922,0.00131208,0.000579891,0.0005876459999999999,0.0005821229999999999,0.0005465557,0.0005506329,0.0005225638,0.0004729629,100Mt-noCostDecrease,100Mt-noCostDecrease,NH,resid clothes dryers,missing,missing,missing,missing,missing,missing,missing,missing,missing,MTC
2123,0.00393216,0.00540522,0.005747824,0.005506005,0.0050062989,0.0045002112,0.0039801761,0.0037188476999999,0.0032708519999999,100Mt-noCostDecrease,100Mt-noCostDecrease,NH,resid cooking,missing,missing,missing,missing,missing,missing,missing,missing,missing,MTC
2124,0.56272062,0.7121027600000001,0.6655556899999999,0.64651829,0.6174199800000001,0.587938603,0.5553123589999999,0.5025818270000001,0.4317997960000001,100Mt-noCostDecrease,100Mt-noCostDecrease,NH,resid heating,missing,missing,missing,missing,missing,missing,missing,missing,missing,MTC
2125,0.06705351,0.10455619,0.061721953,0.058430664,0.0526526749999999,0.04129785,0.039266269,0.033416674,0.0258817919999999,100Mt-noCostDecrease,100Mt-noCostDecrease,NH,resid hot water,missing,missing,missing,missing,missing,missing,missing,missing,missing,MTC
2126,0.00407126,0.00710304,0.00728138,0.00770406,0.0073984299999999,0.0078079099999999,0.00834094,0.00710261,0.00615308,100Mt-noCostDecrease,100Mt-noCostDecrease,NH,resid other,missing,missing,missing,missing,missing,missing,missing,missing,missing,MTC
2127,0.0481347,0.0778196974,0.0309837814,0.0274458943730999,0.0204513626847,0.016404032191,0.0145262668316999,0.0107148802043999,0.0076294789165999,100Mt-noCostDecrease,100Mt-noCostDecrease,NH,subpeak generation,missing,missing,missing,missing,missing,missing,missing,missing,missing,MTC
2128,0.0148169,0.0106501,0.00826721,0.00858341,0.0087166,0.00880138,0.0091926,0.00939902,0.00964676,100Mt-noCostDecrease,100Mt-noCostDecrease,NH,trn_aviation_intl,missing,missing,missing,missing,missing,missing,missing,missing,missing,MTC
2129,0.01567543,0.0234307,0.0226197,0.0241973,0.0256781,0.0268711,0.0287584,0.0305294,0.0319218,100Mt-noCostDecrease,100Mt-noCostDecrease,NH,trn_freight,missing,missing,missing,missing,missing,missing,missing,missing,missing,MTC
2130,0.2131944,0.3548272,0.339952508,0.355804091,0.3445019585,0.3141135822999999,0.3094738391,0.283472823,0.249030217,100Mt-noCostDecrease,100Mt-noCostDecrease,NH,trn_freight_road,missing,missing,missing,missing,missing,missing,missing,missing,missing,MTC
2131,0.057225958,0.0416931,0.03406524,0.03599884,0.03611557,0.03644803,0.03843085,0.03898581,0.04011572,100Mt-noCostDecrease,100Mt-noCostDecrease,NH,trn_pass,missing,missing,missing,missing,missing,missing,missing,missing,missing,MTC
2132,0.00817511,0.01362524,0.0177348241,0.018063862,0.01292884,0.00966365,0.008378113,0.007820565,0.0074194099999999,100Mt-noCostDecrease,100Mt-noCostDecrease,NH,trn_pass_road,missing,missing,missing,missing,missing,missing,missing,missing,missing,MTC
2133,0.00334374,0.00504307,0.00474858,0.00443079,0.00413168,0.00390883,0.00384525,0.00370477,0.00358487,100Mt-noCostDecrease,100Mt-noCostDecrease,NH,trn_pass_road_LDV,missing,missing,missing,missing,missing,missing,missing,missing,missing,MTC
2134,0.950007136,1.4329125880000002,1.3985040740000003,1.2522896,0.9547525060000002,0.719490541,0.532541037,0.4611368199999999,0.4179135579999999,100Mt-noCostDecrease,100Mt-noCostDecrease,NH,trn_pass_road_LDV_4W,missing,missing,missing,missing,missing,missing,missing,missing,missing,MTC
2135,0.0138657,0.0,0.0,0.0,0.0,0.0,0.0,0.0,0.0,100Mt-noCostDecrease,100Mt-noCostDecrease,NH,trn_shipping_intl,missing,missing,missing,missing,missing,missing,missing,missing,missing,MTC
2136,0.0,0.0,0.0,-0.02599521,-0.0277920999999999,-0.0899483,-0.1518532,-0.2259557999999999,-0.3071156,100Mt-noCostDecrease,100Mt-noCostDecrease,NJ,CDR_regional,missing,missing,missing,missing,missing,missing,missing,missing,missing,MTC
2137,1.076526403,1.90854887,1.1186584360000005,1.1331635944299998,1.1617494865500002,1.0335349224400006,1.1567219327400011,1.0579500898799998,1.5451866240178995,100Mt-noCostDecrease,100Mt-noCostDecrease,NJ,base load generation,missing,missing,missing,missing,missing,missing,missing,missing,missing,MTC
2138,0.0,0.0,0.0578807509999999,0.248148595,0.7157984600000001,1.2925286750000002,1.438796801,1.880141014,1.934139223000001,100Mt-noCostDecrease,100Mt-noCostDecrease,NJ,biorefining,missing,missing,missing,missing,missing,missing,missing,missing,missing,MTC
2139,0.209547,0.296149,0.213896,0.20213779,0.089516,0.041949,0.0431301,0.03128041,0.0308237899999999,100Mt-noCostDecrease,100Mt-noCostDecrease,NJ,cement,missing,missing,missing,missing,missing,missing,missing,missing,missing,MTC
2140,0.1549294,0.1751698,0.10903364,0.11237473,0.11156249,0.10813854,0.10931144,0.10256254,0.09720313,100Mt-noCostDecrease,100Mt-noCostDecrease,NJ,comm cooking,missing,missing,missing,missing,missing,missing,missing,missing,missing,MTC
2141,0.0208981,0.0628506,0.0867012,0.0872375,0.0868013,0.0859345,0.0862090399999999,0.08048015,0.07592754,100Mt-noCostDecrease,100Mt-noCostDecrease,NJ,comm cooling,missing,missing,missing,missing,missing,missing,missing,missing,missing,MTC
2142,1.7243371,2.0289135600000003,1.3143788,1.324079,1.2983567,1.24936368,1.2205907100000002,1.0566191199999997,0.9917535,100Mt-noCostDecrease,100Mt-noCostDecrease,NJ,comm heating,missing,missing,missing,missing,missing,missing,missing,missing,missing,MTC
2143,0.694747,0.3741302999999999,0.36857808,0.37694295,0.37697156,0.3701124700000001,0.375028356,0.351212532,0.33749624,100Mt-noCostDecrease,100Mt-noCostDecrease,NJ,comm hot water,missing,missing,missing,missing,missing,missing,missing,missing,missing,MTC
2144,0.0892013,0.175646,0.689717,0.730866,0.7367130000000001,0.7348395,0.7588321,0.7084311,0.6726418000000001,100Mt-noCostDecrease,100Mt-noCostDecrease,NJ,comm other,missing,missing,missing,missing,missing,missing,missing,missing,missing,MTC
2145,2.2539802000000004,1.28292358,0.924710673,0.9714348739999998,0.981931995,1.003058097,1.040169804,1.001792134,0.9377965900000002,100Mt-noCostDecrease,100Mt-noCostDecrease,NJ,industrial energy use,missing,missing,missing,missing,missing,missing,missing,missing,missing,MTC
2146,1.7969069329999998,3.07562127,2.9557559549999994,2.7989292435940003,2.4632452199919994,2.1202757385719995,1.874536492522,1.5508177661479992,1.365428405519,100Mt-noCostDecrease,100Mt-noCostDecrease,NJ,intermediate generation,missing,missing,missing,missing,missing,missing,missing,missing,missing,MTC
2147,1.16541,1.6666,1.2124978,1.1718049,1.0034855,0.8275974,0.7564759,0.6494684000000001,0.5521841999999999,100Mt-noCostDecrease,100Mt-noCostDecrease,NJ,oil refining,missing,missing,missing,missing,missing,missing,missing,missing,missing,MTC
2148,0.0585000289999999,0.106188649,0.05320771465,0.0471445517802,0.0340758123415699,0.0260629909485,0.0221761966973999,0.0143284552299,0.0096809318918,100Mt-noCostDecrease,100Mt-noCostDecrease,NJ,peak generation,missing,missing,missing,missing,missing,missing,missing,missing,missing,MTC
2149,0.16834439,0.2404242199999999,0.1711503899999999,0.1737180199999999,0.13800074,0.13282511,0.14157776,0.1443306,0.15140557,100Mt-noCostDecrease,100Mt-noCostDecrease,NJ,process heat cement,missing,missing,missing,missing,missing,missing,missing,missing,missing,MTC
2150,-0.541094,-0.47938,-0.43067,-1.08614,-2.69046,-4.87917,-5.62796,-11.4582,-19.2641,100Mt-noCostDecrease,100Mt-noCostDecrease,NJ,regional biomass,missing,missing,missing,missing,missing,missing,missing,missing,missing,MTC
2151,0.0,0.0,-0.0135504,-0.0198412,-0.0349572,-0.0548155,-0.0614232,-0.0840687,-0.0892293,100Mt-noCostDecrease,100Mt-noCostDecrease,NJ,regional biomassOil,missing,missing,missing,missing,missing,missing,missing,missing,missing,MTC
2152,0.0,0.0,-0.0180284,-0.0337902,-0.0817555,-0.144826,-0.164707,-0.233979,-0.249585,100Mt-noCostDecrease,100Mt-noCostDecrease,NJ,regional corn for ethanol,missing,missing,missing,missing,missing,missing,missing,missing,missing,MTC
2153,0.0320352,0.0810295,0.02512148,0.0255816,0.02577303,0.02495845,0.02562673,0.0246409899999999,0.02250817,100Mt-noCostDecrease,100Mt-noCostDecrease,NJ,resid clothes dryers,missing,missing,missing,missing,missing,missing,missing,missing,missing,MTC
2154,0.11121516,0.2458231,0.1102004869999999,0.1085912159999999,0.104928343,0.1002721119999999,0.0954742178999999,0.090894061,0.081195158,100Mt-noCostDecrease,100Mt-noCostDecrease,NJ,resid cooking,missing,missing,missing,missing,missing,missing,missing,missing,missing,MTC
2155,3.1689880200000005,2.88088523,2.4654851100000004,2.3560705,2.18576849,1.95614507,1.723288609999999,1.4371396400000007,1.1547694350000002,100Mt-noCostDecrease,100Mt-noCostDecrease,NJ,resid heating,missing,missing,missing,missing,missing,missing,missing,missing,missing,MTC
2156,0.7217254,1.003418,0.8296234700000001,0.8253968900000002,0.8151495599999999,0.7681855009999998,0.787272572,0.740284004,0.6508923700000001,100Mt-noCostDecrease,100Mt-noCostDecrease,NJ,resid hot water,missing,missing,missing,missing,missing,missing,missing,missing,missing,MTC
2157,0.03892264,0.0132476,0.1095265,0.1186815,0.1186569,0.1237299,0.133187,0.1119717,0.0960043,100Mt-noCostDecrease,100Mt-noCostDecrease,NJ,resid other,missing,missing,missing,missing,missing,missing,missing,missing,missing,MTC
2158,0.40049706,0.6523078299999999,0.3683298103,0.331584930771,0.2548802285029999,0.205177216585,0.17913776665,0.13513917045,0.1092769069699999,100Mt-noCostDecrease,100Mt-noCostDecrease,NJ,subpeak generation,missing,missing,missing,missing,missing,missing,missing,missing,missing,MTC
2159,1.09527,0.749688,0.899505,0.92514,0.936267,0.950625,0.992603,1.01785,1.04966,100Mt-noCostDecrease,100Mt-noCostDecrease,NJ,trn_aviation_intl,missing,missing,missing,missing,missing,missing,missing,missing,missing,MTC
2160,0.290538,0.652729,0.533785,0.559462,0.542403,0.539043,0.573462,0.581318,0.595323,100Mt-noCostDecrease,100Mt-noCostDecrease,NJ,trn_freight,missing,missing,missing,missing,missing,missing,missing,missing,missing,MTC
2161,2.2469330000000003,3.518249,2.87676238,3.00242034,2.9443677170000004,2.722273208,2.67548316,2.44822371,2.12346908,100Mt-noCostDecrease,100Mt-noCostDecrease,NJ,trn_freight_road,missing,missing,missing,missing,missing,missing,missing,missing,missing,MTC
2162,4.19151065,2.87459159,3.5929189100000003,3.75443577,3.74915194,3.80004609,3.99899872,4.06285252,4.19552235,100Mt-noCostDecrease,100Mt-noCostDecrease,NJ,trn_pass,missing,missing,missing,missing,missing,missing,missing,missing,missing,MTC
2163,0.0861672,0.135722028,0.15690718,0.15999051,0.1151688,0.08744763,0.07735051,0.07334676,0.07061856,100Mt-noCostDecrease,100Mt-noCostDecrease,NJ,trn_pass_road,missing,missing,missing,missing,missing,missing,missing,missing,missing,MTC
2164,0.0221376,0.0311047,0.026016,0.0238024,0.0218413,0.0206149,0.0199989,0.0190265,0.0182689,100Mt-noCostDecrease,100Mt-noCostDecrease,NJ,trn_pass_road_LDV,missing,missing,missing,missing,missing,missing,missing,missing,missing,MTC
2165,6.2901047000000005,8.83749623,7.8480788,6.970824070000001,5.29054761,3.990800335,2.96368523,2.59857961,2.37116521,100Mt-noCostDecrease,100Mt-noCostDecrease,NJ,trn_pass_road_LDV_4W,missing,missing,missing,missing,missing,missing,missing,missing,missing,MTC
2166,1.23348,3.91468,1.42178,1.4604,1.42162,1.40587,1.45925,1.45637,1.48783,100Mt-noCostDecrease,100Mt-noCostDecrease,NJ,trn_shipping_intl,missing,missing,missing,missing,missing,missing,missing,missing,missing,MTC
2167,0.0,0.0,0.0,-0.022651985,-0.02520274,-0.0306247,-0.0585726,-0.1112103,-0.1898545999999999,100Mt-noCostDecrease,100Mt-noCostDecrease,NM,CDR_regional,missing,missing,missing,missing,missing,missing,missing,missing,missing,MTC
2168,4.337349966,5.949274957,3.0501442911,3.05996893716,2.036272403077,0.5601009349500002,0.4851208952999999,0.2785395400299998,0.4726646177767999,100Mt-noCostDecrease,100Mt-noCostDecrease,NM,base load generation,missing,missing,missing,missing,missing,missing,missing,missing,missing,MTC
2169,0.0,0.00746267,0.0,0.0,0.0,0.0,0.0,0.0,0.0,100Mt-noCostDecrease,100Mt-noCostDecrease,NM,biomass liquids,missing,missing,missing,missing,missing,missing,missing,missing,missing,MTC
2170,0.0,0.0,0.0603974699999999,0.255976686,0.7400256390000001,1.3417896890000005,1.494842761,1.961778907,2.0213995549999995,100Mt-noCostDecrease,100Mt-noCostDecrease,NM,biorefining,missing,missing,missing,missing,missing,missing,missing,missing,missing,MTC
2171,0.0607366,0.0858381,0.0605431,0.057086294,0.02412972,0.01121316,0.0114799,0.00840563,0.00828794,100Mt-noCostDecrease,100Mt-noCostDecrease,NM,cement,missing,missing,missing,missing,missing,missing,missing,missing,missing,MTC
2172,0.0,0.0,0.0,0.0,0.0,0.0,0.0,0.000321254,0.005900868,100Mt-noCostDecrease,100Mt-noCostDecrease,NM,coal to liquids,missing,missing,missing,missing,missing,missing,missing,missing,missing,MTC
2173,0.01574354,0.0249279899999999,0.04144936,0.0440949199999999,0.0451706199999999,0.04487313,0.04622303,0.044198743,0.04226481,100Mt-noCostDecrease,100Mt-noCostDecrease,NM,comm cooking,missing,missing,missing,missing,missing,missing,missing,missing,missing,MTC
2174,4.26001e-06,0.000665978,0.0005325389,0.0005576978,0.0005744359,0.0005851475,0.0005989006000000001,0.0005663741000000001,0.0005306431000000001,100Mt-noCostDecrease,100Mt-noCostDecrease,NM,comm cooling,missing,missing,missing,missing,missing,missing,missing,missing,missing,MTC
2175,0.2707608099999999,0.33865943,0.2165754899999999,0.2235137999999999,0.2240271999999999,0.2198616679999999,0.2180873629999999,0.1909396969999999,0.177392396,100Mt-noCostDecrease,100Mt-noCostDecrease,NM,comm heating,missing,missing,missing,missing,missing,missing,missing,missing,missing,MTC
2176,0.11257282,0.0641181099999999,0.0776178199999999,0.08126747,0.082365,0.080778565,0.0807618369999999,0.072564649,0.0664586089999999,100Mt-noCostDecrease,100Mt-noCostDecrease,NM,comm hot water,missing,missing,missing,missing,missing,missing,missing,missing,missing,MTC
2177,0.02776758,0.03142446,0.0867243,0.0981031,0.1094513,0.1268732,0.1420725,0.1381689,0.1326503,100Mt-noCostDecrease,100Mt-noCostDecrease,NM,comm other,missing,missing,missing,missing,missing,missing,missing,missing,missing,MTC
2178,0.0,0.0,0.0,0.0,0.0,0.0,0.0,0.0017503,0.03175414,100Mt-noCostDecrease,100Mt-noCostDecrease,NM,gas to liquids,missing,missing,missing,missing,missing,missing,missing,missing,missing,MTC
2179,1.42337387,1.4400030100000003,1.4649838353000004,1.5221722096999997,1.5141687224999998,1.5209444481799996,1.5543319532299995,1.5254865702072995,1.4495792743524,100Mt-noCostDecrease,100Mt-noCostDecrease,NM,industrial energy use,missing,missing,missing,missing,missing,missing,missing,missing,missing,MTC
2180,3.1722878640000003,3.182228957,1.9645891890000005,1.92833339297,1.7543054726699998,1.244283627870001,1.1333945878700005,0.7516305959899999,0.6716284632800001,100Mt-noCostDecrease,100Mt-noCostDecrease,NM,intermediate generation,missing,missing,missing,missing,missing,missing,missing,missing,missing,MTC
2181,0.260633,0.286511,0.3280241,0.3171611,0.2716603999999999,0.2240198,0.2047959,0.17576999,0.1492018,100Mt-noCostDecrease,100Mt-noCostDecrease,NM,oil refining,missing,missing,missing,missing,missing,missing,missing,missing,missing,MTC
2182,0.048134318,0.01611873,0.020848392658,0.0185406224324,0.0125992382716899,0.00882716874488,0.00707441581018,0.00337770582396,0.00177853552374,100Mt-noCostDecrease,100Mt-noCostDecrease,NM,peak generation,missing,missing,missing,missing,missing,missing,missing,missing,missing,MTC
2183,0.048794115,0.0696862799999999,0.048452485,0.048797071,0.03796573,0.0366302899999999,0.03894997,0.03953101,0.04126869,100Mt-noCostDecrease,100Mt-noCostDecrease,NM,process heat cement,missing,missing,missing,missing,missing,missing,missing,missing,missing,MTC
2184,-0.0778069,-0.269281,-0.292575,-0.934544,-2.57613,-4.68989,-5.25655,-7.90531,-10.74,100Mt-noCostDecrease,100Mt-noCostDecrease,NM,regional biomass,missing,missing,missing,missing,missing,missing,missing,missing,missing,MTC
2185,0.0,0.0,-0.0141989,-0.0206842,-0.0363668,-0.0571316,-0.0640558,-0.0880547,-0.0936926,100Mt-noCostDecrease,100Mt-noCostDecrease,NM,regional biomassOil,missing,missing,missing,missing,missing,missing,missing,missing,missing,MTC
2186,0.0,-0.0323918,-0.0199794,-0.037251,-0.0903172,-0.160532,-0.182788,-0.260878,-0.278869,100Mt-noCostDecrease,100Mt-noCostDecrease,NM,regional corn for ethanol,missing,missing,missing,missing,missing,missing,missing,missing,missing,MTC
2187,0.00301324,0.00841492,0.002352202,0.002424188,0.002456229,0.002371082,0.002407736,0.002283045,0.002042643,100Mt-noCostDecrease,100Mt-noCostDecrease,NM,resid clothes dryers,missing,missing,missing,missing,missing,missing,missing,missing,missing,MTC
2188,0.0114007999999999,0.02729516,0.0129932079999999,0.012649787,0.011834886,0.0109460731,0.0099255918,0.0092334506999999,0.0079384366999999,100Mt-noCostDecrease,100Mt-noCostDecrease,NM,resid cooking,missing,missing,missing,missing,missing,missing,missing,missing,missing,MTC
2189,0.42083824,0.56217022,0.453349561,0.436424663,0.4121023210000001,0.385117948,0.3564482379999998,0.313970802,0.2621960872999999,100Mt-noCostDecrease,100Mt-noCostDecrease,NM,resid heating,missing,missing,missing,missing,missing,missing,missing,missing,missing,MTC
2190,0.1247183899999999,0.20068188,0.1578564579999999,0.157930867,0.1557984969999999,0.1473392599999999,0.1500264879999999,0.140374723,0.1213281069999999,100Mt-noCostDecrease,100Mt-noCostDecrease,NM,resid hot water,missing,missing,missing,missing,missing,missing,missing,missing,missing,MTC
2191,0.0064746,0.00991172,0.0144414,0.01558017,0.01512235,0.0161237,0.01708079,0.01429359,0.01189575,100Mt-noCostDecrease,100Mt-noCostDecrease,NM,resid other,missing,missing,missing,missing,missing,missing,missing,missing,missing,MTC
2192,0.326613265,0.113494003,0.04140381249,0.0378427769261,0.02849575515832,0.0209123481659999,0.0182155951272,0.0182567207505999,0.0123662663388,100Mt-noCostDecrease,100Mt-noCostDecrease,NM,subpeak generation,missing,missing,missing,missing,missing,missing,missing,missing,missing,MTC
2193,0.066723,0.0537528,0.029346,0.030342,0.0309139,0.0314316,0.0328765,0.033618,0.0346721,100Mt-noCostDecrease,100Mt-noCostDecrease,NM,trn_aviation_intl,missing,missing,missing,missing,missing,missing,missing,missing,missing,MTC
2194,0.0687572,0.108651,0.124922,0.132491,0.140475,0.147213,0.156084,0.163079,0.16704,100Mt-noCostDecrease,100Mt-noCostDecrease,NM,trn_freight,missing,missing,missing,missing,missing,missing,missing,missing,missing,MTC
2195,1.0412,1.645314,1.88247699,1.949446205,1.8726090630000003,1.685345022,1.6358947579999998,1.4598103579999997,1.234555212,100Mt-noCostDecrease,100Mt-noCostDecrease,NM,trn_freight_road,missing,missing,missing,missing,missing,missing,missing,missing,missing,MTC
2196,0.2579031,0.21003638,0.12299436,0.12963374,0.13041161,0.13268089,0.1402860199999999,0.14229445,0.14735226,100Mt-noCostDecrease,100Mt-noCostDecrease,NM,trn_pass,missing,missing,missing,missing,missing,missing,missing,missing,missing,MTC
2197,0.0399286,0.0734721,0.10942787,0.11122417,0.07941529,0.05958522,0.0520498799999999,0.04891771,0.04670833,100Mt-noCostDecrease,100Mt-noCostDecrease,NM,trn_pass_road,missing,missing,missing,missing,missing,missing,missing,missing,missing,MTC
2198,0.00522137,0.00678742,0.00595991,0.00541613,0.0050703,0.00485094,0.00474684,0.00455793,0.0044241,100Mt-noCostDecrease,100Mt-noCostDecrease,NM,trn_pass_road_LDV,missing,missing,missing,missing,missing,missing,missing,missing,missing,MTC
2199,1.483464895,1.92835687,1.8129508,1.597334594,1.207596644,0.907789354,0.672070567,0.593998262,0.5438029790000001,100Mt-noCostDecrease,100Mt-noCostDecrease,NM,trn_pass_road_LDV_4W,missing,missing,missing,missing,missing,missing,missing,missing,missing,MTC
2200,0.0,0.0,0.0,-0.03975404,-0.04210203,-0.1375417,-0.2414781,-0.4068334,-0.6534113,100Mt-noCostDecrease,100Mt-noCostDecrease,NY,CDR_regional,missing,missing,missing,missing,missing,missing,missing,missing,missing,MTC
2201,7.983802000000001,6.328238299999998,1.2387344791000003,1.3376332593000004,1.3251133729099995,1.2076555096909998,1.3033634637699998,1.009730418192,1.2729030190155195,100Mt-noCostDecrease,100Mt-noCostDecrease,NY,base load generation,missing,missing,missing,missing,missing,missing,missing,missing,missing,MTC
2202,0.0,0.0,0.0665091,0.0635016,0.0519323,0.038149,0.0283434,0.0183365,0.0081274,100Mt-noCostDecrease,100Mt-noCostDecrease,NY,biomass liquids,missing,missing,missing,missing,missing,missing,missing,missing,missing,MTC
2203,0.0,0.0,0.056325331,0.241319755,0.6932860579999999,1.2455905020000004,1.3856260990000009,1.80264174,1.8513850550000004,100Mt-noCostDecrease,100Mt-noCostDecrease,NY,biorefining,missing,missing,missing,missing,missing,missing,missing,missing,missing,MTC
2204,0.319623,0.451718,0.328976,0.31633627,0.1447969999999999,0.0668706,0.0686288999999999,0.0491753,0.04824,100Mt-noCostDecrease,100Mt-noCostDecrease,NY,cement,missing,missing,missing,missing,missing,missing,missing,missing,missing,MTC
2205,0.237072,0.2488277,0.1875077,0.191236,0.18841691,0.18148356,0.18143651,0.1703661699999999,0.1623972899999999,100Mt-noCostDecrease,100Mt-noCostDecrease,NY,comm cooking,missing,missing,missing,missing,missing,missing,missing,missing,missing,MTC
2206,0.024681,0.0726713,0.1200519,0.1198859,0.117908,0.1155858999999999,0.1148799,0.10757848,0.10262414,100Mt-noCostDecrease,100Mt-noCostDecrease,NY,comm cooling,missing,missing,missing,missing,missing,missing,missing,missing,missing,MTC
2207,4.750236,5.724938,2.9763424999999994,2.9777404,2.9150985,2.8077137999999997,2.7251113,2.372206620000001,2.2364484199999994,100Mt-noCostDecrease,100Mt-noCostDecrease,NY,comm heating,missing,missing,missing,missing,missing,missing,missing,missing,missing,MTC
2208,1.473391,0.730655,0.6644501,0.6724721799999999,0.6678789399999998,0.65242957,0.6543273900000001,0.613202144,0.592315838,100Mt-noCostDecrease,100Mt-noCostDecrease,NY,comm hot water,missing,missing,missing,missing,missing,missing,missing,missing,missing,MTC
2209,0.1548419,0.3785739999999999,1.390404,1.435492,1.410327,1.356818,1.361977,1.271396,1.206792,100Mt-noCostDecrease,100Mt-noCostDecrease,NY,comm other,missing,missing,missing,missing,missing,missing,missing,missing,missing,MTC
2210,0.0,0.0,0.0,0.0,0.0,0.0,0.0,1.41072e-05,0.0002559341,100Mt-noCostDecrease,100Mt-noCostDecrease,NY,gas to liquids,missing,missing,missing,missing,missing,missing,missing,missing,missing,MTC
2211,4.7714232,2.8813134,2.26247641,2.3227666950000003,2.3436060838,2.38850026741,2.45787499703,2.4174557414699995,2.31126238775,100Mt-noCostDecrease,100Mt-noCostDecrease,NY,industrial energy use,missing,missing,missing,missing,missing,missing,missing,missing,missing,MTC
2212,7.862072899999999,8.3688851,5.05907848413,4.8811168487100005,4.397020179870001,3.995307638551001,3.703239060594999,3.298816743570002,3.0802913119200013,100Mt-noCostDecrease,100Mt-noCostDecrease,NY,intermediate generation,missing,missing,missing,missing,missing,missing,missing,missing,missing,MTC
2213,0.145813,0.0,0.0,0.0,0.0,0.0,0.0,0.0,0.0,100Mt-noCostDecrease,100Mt-noCostDecrease,NY,oil refining,missing,missing,missing,missing,missing,missing,missing,missing,missing,MTC
2214,0.1196084999999999,0.09054369,0.06200088352,0.0539198603338,0.0381327183455399,0.0290649087469,0.0250357480228999,0.0158922147942999,0.0106126165027,100Mt-noCostDecrease,100Mt-noCostDecrease,NY,peak generation,missing,missing,missing,missing,missing,missing,missing,missing,missing,MTC
2215,0.2567771,0.36672083,0.26320659,0.27031952,0.21861085,0.20919636,0.22252417,0.22514713,0.23534612,100Mt-noCostDecrease,100Mt-noCostDecrease,NY,process heat cement,missing,missing,missing,missing,missing,missing,missing,missing,missing,MTC
2216,-2.23581,-2.6858,-1.85205,-2.51542,-4.16251,-6.59144,-7.55028,-12.5331,-18.5041,100Mt-noCostDecrease,100Mt-noCostDecrease,NY,regional biomass,missing,missing,missing,missing,missing,missing,missing,missing,missing,MTC
2217,0.0,0.0,-0.0131121,-0.0192146,-0.0337976,-0.0527867,-0.0591037,-0.0804726,-0.0851679,100Mt-noCostDecrease,100Mt-noCostDecrease,NY,regional biomassOil,missing,missing,missing,missing,missing,missing,missing,missing,missing,MTC
2218,0.0,0.0,-0.305504,-0.307283,-0.301977,-0.300697,-0.276593,-0.296182,-0.265619,100Mt-noCostDecrease,100Mt-noCostDecrease,NY,regional corn for ethanol,missing,missing,missing,missing,missing,missing,missing,missing,missing,MTC
2219,0.0768078,0.13803,0.0451291,0.0469227,0.0477863,0.0465739899999999,0.04805171,0.04693306,0.04382951,100Mt-noCostDecrease,100Mt-noCostDecrease,NY,resid clothes dryers,missing,missing,missing,missing,missing,missing,missing,missing,missing,MTC
2220,0.26511394,0.4357265,0.1933678229999999,0.192444283,0.18648293,0.1783783279999999,0.169718594,0.16370193,0.149050647,100Mt-noCostDecrease,100Mt-noCostDecrease,NY,resid cooking,missing,missing,missing,missing,missing,missing,missing,missing,missing,MTC
2221,6.811439699999999,8.12075001,6.448319799999999,6.370186199999999,6.169417800000001,5.884062399999999,5.573257599999998,5.0791791,4.449284459999999,100Mt-noCostDecrease,100Mt-noCostDecrease,NY,resid heating,missing,missing,missing,missing,missing,missing,missing,missing,missing,MTC
2222,1.6935915,2.0089027,1.6464682,1.6627778999999996,1.6603681800000003,1.5843170299999998,1.6340860900000005,1.57800195,1.4390049700000005,100Mt-noCostDecrease,100Mt-noCostDecrease,NY,resid hot water,missing,missing,missing,missing,missing,missing,missing,missing,missing,MTC
2223,0.0887187,0.104693,0.1921994,0.2053268,0.2083539,0.2208136,0.2412838,0.2130717,0.1878751,100Mt-noCostDecrease,100Mt-noCostDecrease,NY,resid other,missing,missing,missing,missing,missing,missing,missing,missing,missing,MTC
2224,0.7786403,0.8343375000000001,0.4647770742,0.4113047095059999,0.3063503537049998,0.245382333012,0.2173517938599999,0.15594389681,0.12156293166,100Mt-noCostDecrease,100Mt-noCostDecrease,NY,subpeak generation,missing,missing,missing,missing,missing,missing,missing,missing,missing,MTC
2225,0.12693,0.471358,0.719203,0.73224,0.737159,0.744855,0.773558,0.789923,0.8106,100Mt-noCostDecrease,100Mt-noCostDecrease,NY,trn_aviation_intl,missing,missing,missing,missing,missing,missing,missing,missing,missing,MTC
2226,0.2745599999999999,0.402879,0.731269,0.7691870000000001,0.748119,0.743896,0.790203,0.800033,0.819078,100Mt-noCostDecrease,100Mt-noCostDecrease,NY,trn_freight,missing,missing,missing,missing,missing,missing,missing,missing,missing,MTC
2227,3.755838,3.996412,4.10165901,4.28887143,4.1924347200000005,3.849425622,3.7565122299999993,3.42597444,2.97153084,100Mt-noCostDecrease,100Mt-noCostDecrease,NY,trn_freight_road,missing,missing,missing,missing,missing,missing,missing,missing,missing,MTC
2228,0.49561,1.8124101,2.8765629,2.9768688,2.9620099,2.9881076,3.1248656,3.1631791,3.2479958,100Mt-noCostDecrease,100Mt-noCostDecrease,NY,trn_pass,missing,missing,missing,missing,missing,missing,missing,missing,missing,MTC
2229,0.144036,0.15992074,0.246382,0.250434,0.1793146,0.13614043,0.1203843,0.11423267,0.1101196,100Mt-noCostDecrease,100Mt-noCostDecrease,NY,trn_pass_road,missing,missing,missing,missing,missing,missing,missing,missing,missing,MTC
2230,0.0392762,0.0411282,0.0345055,0.0315167,0.0287961,0.0269515,0.0259381,0.0245402,0.0233951,100Mt-noCostDecrease,100Mt-noCostDecrease,NY,trn_pass_road_LDV,missing,missing,missing,missing,missing,missing,missing,missing,missing,MTC
2231,11.15946082,11.68570767,10.179423409999998,8.91982407,6.686996830000001,4.981437234,3.64090234,3.1910499800000007,2.9127195300000004,100Mt-noCostDecrease,100Mt-noCostDecrease,NY,trn_pass_road_LDV_4W,missing,missing,missing,missing,missing,missing,missing,missing,missing,MTC
2232,0.230251,1.29405,1.89461,1.94929,1.89865,1.87709,1.94733,1.94286,1.98394,100Mt-noCostDecrease,100Mt-noCostDecrease,NY,trn_shipping_intl,missing,missing,missing,missing,missing,missing,missing,missing,missing,MTC
2233,0.0,0.0,0.0,-0.03509228,-0.03678943,-0.0843054,-0.1437983,-0.2316395,-0.3505177,100Mt-noCostDecrease,100Mt-noCostDecrease,NC,CDR_regional,missing,missing,missing,missing,missing,missing,missing,missing,missing,MTC
2234,0.379145,0.252646,0.2739387,0.279884133,0.2650311789999999,0.223650372,0.190574268,0.1488508539999999,0.1198366289999999,100Mt-noCostDecrease,100Mt-noCostDecrease,NC,N fertilizer,missing,missing,missing,missing,missing,missing,missing,missing,missing,MTC
2235,6.066911059999999,11.48272185,8.107161419000002,8.018336636919999,6.282863742485994,2.5380476163549988,2.453740974195999,1.7024837207760006,2.0419384670005987,100Mt-noCostDecrease,100Mt-noCostDecrease,NC,base load generation,missing,missing,missing,missing,missing,missing,missing,missing,missing,MTC
2236,0.0,8.54956e-05,0.00170589,0.00162809,0.00132568,0.000972501,0.000722473,0.000467302,0.000207125,100Mt-noCostDecrease,100Mt-noCostDecrease,NC,biomass liquids,missing,missing,missing,missing,missing,missing,missing,missing,missing,MTC
2237,0.0,0.0,0.060166607,0.2506621959999999,0.7196508450000001,1.298449696,1.445885693999999,1.892903262,1.9491904680000005,100Mt-noCostDecrease,100Mt-noCostDecrease,NC,biorefining,missing,missing,missing,missing,missing,missing,missing,missing,missing,MTC
2238,0.252481,0.356828,0.267181,0.25872191,0.1127104,0.050759,0.0510964,0.03636357,0.03516085,100Mt-noCostDecrease,100Mt-noCostDecrease,NC,cement,missing,missing,missing,missing,missing,missing,missing,missing,missing,MTC
2239,0.0284072,0.0622126,0.0632477,0.0646539699999999,0.06177223,0.05650346,0.05401861,0.0469236879999999,0.041792508,100Mt-noCostDecrease,100Mt-noCostDecrease,NC,comm cooking,missing,missing,missing,missing,missing,missing,missing,missing,missing,MTC
2240,0.00326032,0.00715963,0.002575994,0.002613576,0.002578168,0.0025136539999999,0.0024864239999999,0.002283582,0.0021218034,100Mt-noCostDecrease,100Mt-noCostDecrease,NC,comm cooling,missing,missing,missing,missing,missing,missing,missing,missing,missing,MTC
2241,0.8023382000000001,1.0006866,0.6066281,0.59214238,0.54493854,0.4779378599999999,0.4176818299999998,0.2812077,0.2402004999999999,100Mt-noCostDecrease,100Mt-noCostDecrease,NC,comm heating,missing,missing,missing,missing,missing,missing,missing,missing,missing,MTC
2242,0.1463756,0.1330689,0.15987604,0.16208695,0.15518351,0.14111131,0.132443597,0.107642704,0.093634657,100Mt-noCostDecrease,100Mt-noCostDecrease,NC,comm hot water,missing,missing,missing,missing,missing,missing,missing,missing,missing,MTC
2243,0.1086782,0.1016117,0.345118,0.3913149999999999,0.431875,0.4926979999999999,0.545823,0.515204,0.4821729999999999,100Mt-noCostDecrease,100Mt-noCostDecrease,NC,comm other,missing,missing,missing,missing,missing,missing,missing,missing,missing,MTC
2244,5.6417424,4.023517300000001,3.847343589,4.115853239,4.2091410488,4.33992200947,4.469359396559999,4.295846405090001,4.213399083364002,100Mt-noCostDecrease,100Mt-noCostDecrease,NC,industrial energy use,missing,missing,missing,missing,missing,missing,missing,missing,missing,MTC
2245,7.059253924999999,10.221721338999998,4.34594316,4.1879368624,3.6734128712,2.9070282109000005,2.705114706500001,2.209368839600001,2.0287592651,100Mt-noCostDecrease,100Mt-noCostDecrease,NC,intermediate generation,missing,missing,missing,missing,missing,missing,missing,missing,missing,MTC
2246,0.0104445,0.0,0.0,0.0,0.0,0.0,0.0,0.0,0.0,100Mt-noCostDecrease,100Mt-noCostDecrease,NC,oil refining,missing,missing,missing,missing,missing,missing,missing,missing,missing,MTC
2247,0.05651234221,0.0168059021,0.0463347027149999,0.04114045906575,0.0289510488788199,0.02072730608045,0.0178679724864799,0.0107863868160999,0.00692536957212,100Mt-noCostDecrease,100Mt-noCostDecrease,NC,peak generation,missing,missing,missing,missing,missing,missing,missing,missing,missing,MTC
2248,0.2028368099999999,0.2896849,0.2138584999999999,0.22115048,0.1744541499999999,0.16419417,0.17149309,0.17073251,0.17533345,100Mt-noCostDecrease,100Mt-noCostDecrease,NC,process heat cement,missing,missing,missing,missing,missing,missing,missing,missing,missing,MTC
2249,-2.1811,-2.15799,-2.27738,-3.05754,-4.73044,-7.16753,-8.0381,-15.2555,-24.8432,100Mt-noCostDecrease,100Mt-noCostDecrease,NC,regional biomass,missing,missing,missing,missing,missing,missing,missing,missing,missing,MTC
2250,0.0,-0.00121266,-0.0383549,-0.0436114,-0.0546271,-0.0697359,-0.0729006,-0.0923926,-0.0940304,100Mt-noCostDecrease,100Mt-noCostDecrease,NC,regional biomassOil,missing,missing,missing,missing,missing,missing,missing,missing,missing,MTC
2251,0.0,0.0,-0.0198086,-0.0365647,-0.0875832,-0.154728,-0.175991,-0.250185,-0.267124,100Mt-noCostDecrease,100Mt-noCostDecrease,NC,regional corn for ethanol,missing,missing,missing,missing,missing,missing,missing,missing,missing,MTC
2252,0.0068302,0.0171536,0.00802044,0.00830295,0.00833343,0.0079090999999999,0.0079661169999999,0.00749156,0.0066628699999999,100Mt-noCostDecrease,100Mt-noCostDecrease,NC,resid clothes dryers,missing,missing,missing,missing,missing,missing,missing,missing,missing,MTC
2253,0.0286372,0.05588999,0.044212695,0.043109279,0.039821344,0.035862976,0.03164468,0.0289312319999999,0.024453784,100Mt-noCostDecrease,100Mt-noCostDecrease,NC,resid cooking,missing,missing,missing,missing,missing,missing,missing,missing,missing,MTC
2254,1.29019755,1.5508131,0.92233636,0.8576885999999999,0.75809695,0.6344625099999999,0.50855679,0.3837512580000001,0.277670834,100Mt-noCostDecrease,100Mt-noCostDecrease,NC,resid heating,missing,missing,missing,missing,missing,missing,missing,missing,missing,MTC
2255,0.18487091,0.39152193,0.25649274,0.2533892,0.2426240539999999,0.213301497,0.219664051,0.1970207849999999,0.16046085,100Mt-noCostDecrease,100Mt-noCostDecrease,NC,resid hot water,missing,missing,missing,missing,missing,missing,missing,missing,missing,MTC
2256,0.0230746999999999,0.0214483,0.0482501,0.0544956,0.0541563999999999,0.0561793,0.060074,0.0492912999999999,0.0406343,100Mt-noCostDecrease,100Mt-noCostDecrease,NC,resid other,missing,missing,missing,missing,missing,missing,missing,missing,missing,MTC
2257,0.4266756710999999,0.1242897,0.3234710870999999,0.290996689316,0.2166289633059999,0.1630243759209999,0.143133032064,0.0987351846109999,0.073582690704,100Mt-noCostDecrease,100Mt-noCostDecrease,NC,subpeak generation,missing,missing,missing,missing,missing,missing,missing,missing,missing,MTC
2258,0.128531,0.173466,0.0873098,0.0920858,0.0927656,0.0928289,0.0957506,0.0966211,0.0982746,100Mt-noCostDecrease,100Mt-noCostDecrease,NC,trn_aviation_intl,missing,missing,missing,missing,missing,missing,missing,missing,missing,MTC
2259,0.1906668,0.2666192,0.247563823,0.266049971,0.277195197,0.285000238,0.297235425,0.307118256,0.311797455,100Mt-noCostDecrease,100Mt-noCostDecrease,NC,trn_freight,missing,missing,missing,missing,missing,missing,missing,missing,missing,MTC
2260,2.735446,3.881462,3.70391622,3.88900506,3.705088260000001,3.31453723,3.1827408800000003,2.8332225399999995,2.40940881,100Mt-noCostDecrease,100Mt-noCostDecrease,NC,trn_freight_road,missing,missing,missing,missing,missing,missing,missing,missing,missing,MTC
2261,0.49885369,0.6737828,0.3604484,0.387077,0.3839539,0.3832608999999999,0.3987505,0.3981211999999999,0.4056673999999999,100Mt-noCostDecrease,100Mt-noCostDecrease,NC,trn_pass,missing,missing,missing,missing,missing,missing,missing,missing,missing,MTC
2262,0.104903,0.15112725,0.20022367,0.20762487,0.15339478,0.1176868299999999,0.10404043,0.09858889,0.09493191,100Mt-noCostDecrease,100Mt-noCostDecrease,NC,trn_pass_road,missing,missing,missing,missing,missing,missing,missing,missing,missing,MTC
2263,0.021797,0.031105,0.0302509,0.0283246,0.0256626,0.0236522,0.0224309,0.0208874,0.0196202,100Mt-noCostDecrease,100Mt-noCostDecrease,NC,trn_pass_road_LDV,missing,missing,missing,missing,missing,missing,missing,missing,missing,MTC
2264,6.19300011,8.837666290000001,9.048674299999998,8.211912319999998,6.319560330000001,4.7980324670000005,3.5838558600000003,3.0999822100000003,2.8139968700000004,100Mt-noCostDecrease,100Mt-noCostDecrease,NC,trn_pass_road_LDV_4W,missing,missing,missing,missing,missing,missing,missing,missing,missing,MTC
2265,0.0870021,0.095927,0.00360033,0.00372121,0.00359453,0.00351196,0.00360696,0.00355273,0.00358396,100Mt-noCostDecrease,100Mt-noCostDecrease,NC,trn_shipping_intl,missing,missing,missing,missing,missing,missing,missing,missing,missing,MTC
2266,0.0,0.0,0.0,-0.024615658,-0.0262033,-0.0304958,-0.0522069,-0.0859033,-0.1299594,100Mt-noCostDecrease,100Mt-noCostDecrease,ND,CDR_regional,missing,missing,missing,missing,missing,missing,missing,missing,missing,MTC
2267,4.152765037097998,5.2026149307359,4.797789723,4.76436967165,3.352722192825,0.98981744981,0.7966885162699995,0.2759892208119999,0.2969629151939,100Mt-noCostDecrease,100Mt-noCostDecrease,ND,base load generation,missing,missing,missing,missing,missing,missing,missing,missing,missing,MTC
2268,0.0,0.012493573,0.1862510999999999,0.1778077,0.1452452,0.10664705,0.0792322199999999,0.05125336,0.02271716,100Mt-noCostDecrease,100Mt-noCostDecrease,ND,biomass liquids,missing,missing,missing,missing,missing,missing,missing,missing,missing,MTC
2269,0.0,0.0,0.060048397,0.248882214,0.7132716829999999,1.2839442069999998,1.4295073049999998,1.8686954590000004,1.923113232,100Mt-noCostDecrease,100Mt-noCostDecrease,ND,biorefining,missing,missing,missing,missing,missing,missing,missing,missing,missing,MTC
2270,0.0,0.0,0.0,0.0,0.0,0.0,0.0,0.000475326,0.008731093,100Mt-noCostDecrease,100Mt-noCostDecrease,ND,coal to liquids,missing,missing,missing,missing,missing,missing,missing,missing,missing,MTC
2271,0.00601099,0.00470037,0.0045571399999999,0.004472498,0.004024016,0.003440218,0.0030672835,0.0024657453,0.0021479224999999,100Mt-noCostDecrease,100Mt-noCostDecrease,ND,comm cooking,missing,missing,missing,missing,missing,missing,missing,missing,missing,MTC
2272,1.42003e-05,0.000444455,4.136434e-05,4.151515e-05,4.023346e-05,3.882686e-05,3.808999e-05,3.5030530000000005e-05,3.327326e-05,100Mt-noCostDecrease,100Mt-noCostDecrease,ND,comm cooling,missing,missing,missing,missing,missing,missing,missing,missing,missing,MTC
2273,0.2309373,0.2546,0.178279849,0.172118569,0.155832251,0.133825016,0.1142638867,0.0717474449999999,0.0618300209999999,100Mt-noCostDecrease,100Mt-noCostDecrease,ND,comm heating,missing,missing,missing,missing,missing,missing,missing,missing,missing,MTC
2274,0.0366326,0.0133500499999999,0.024659904,0.024599153,0.022986083,0.020560155,0.0187132029999999,0.0147447262,0.0130048088,100Mt-noCostDecrease,100Mt-noCostDecrease,ND,comm hot water,missing,missing,missing,missing,missing,missing,missing,missing,missing,MTC
2275,0.01232962,0.00816552,0.03199607,0.03668014,0.04261169,0.05305283,0.05998302,0.05786001,0.05522047,100Mt-noCostDecrease,100Mt-noCostDecrease,ND,comm other,missing,missing,missing,missing,missing,missing,missing,missing,missing,MTC
2276,0.0,0.0,0.0,0.0,0.0,0.0,0.0,0.000999594,0.018134826,100Mt-noCostDecrease,100Mt-noCostDecrease,ND,gas to liquids,missing,missing,missing,missing,missing,missing,missing,missing,missing,MTC
2277,2.5057432590000004,2.2755453,3.039117311,3.1670296970000007,2.9943219560000007,2.988754261,3.096124796,3.0510089327699994,2.8565893834500007,100Mt-noCostDecrease,100Mt-noCostDecrease,ND,industrial energy use,missing,missing,missing,missing,missing,missing,missing,missing,missing,MTC
2278,3.41970505,3.9817119,3.791084734,3.788597360899999,3.5240226796599994,2.14478762894,2.095698659510001,1.4243276485700005,1.11174272377,100Mt-noCostDecrease,100Mt-noCostDecrease,ND,intermediate generation,missing,missing,missing,missing,missing,missing,missing,missing,missing,MTC
2279,0.202063,0.147582,0.2401663,0.2322166,0.1988936,0.1639793,0.1499184,0.1286255499999999,0.1090494,100Mt-noCostDecrease,100Mt-noCostDecrease,ND,oil refining,missing,missing,missing,missing,missing,missing,missing,missing,missing,MTC
2280,0.0410931165706999,0.0,0.008480900512,0.0073663387438699,0.004655634705502,0.00375062329858,0.0030858917747599,0.0023873989779,0.0016092863404799,100Mt-noCostDecrease,100Mt-noCostDecrease,ND,peak generation,missing,missing,missing,missing,missing,missing,missing,missing,missing,MTC
2281,-0.037681,-0.0675072,-0.156862,-0.771065,-2.31264,-4.31058,-4.83702,-7.19347,-8.6111,100Mt-noCostDecrease,100Mt-noCostDecrease,ND,regional biomass,missing,missing,missing,missing,missing,missing,missing,missing,missing,MTC
2282,0.0,-0.010307,-0.21978,-0.216709,-0.195415,-0.172691,-0.149177,-0.141137,-0.114927,100Mt-noCostDecrease,100Mt-noCostDecrease,ND,regional biomassOil,missing,missing,missing,missing,missing,missing,missing,missing,missing,MTC
2283,0.0,-0.0510745,-0.765196,-0.748107,-0.668861,-0.580742,-0.492088,-0.452896,-0.354909,100Mt-noCostDecrease,100Mt-noCostDecrease,ND,regional corn for ethanol,missing,missing,missing,missing,missing,missing,missing,missing,missing,MTC
2284,0.00070716,0.00137172,0.0002484757,0.0002519003,0.0002466923,0.0002293942,0.0002304239,0.000218498,0.0001987597,100Mt-noCostDecrease,100Mt-noCostDecrease,ND,resid clothes dryers,missing,missing,missing,missing,missing,missing,missing,missing,missing,MTC
2285,0.003364622,0.00512178,0.001679094,0.0015757586,0.0013738556,0.0011845215,0.00097733036,0.00089926841,0.0007757403,100Mt-noCostDecrease,100Mt-noCostDecrease,ND,resid cooking,missing,missing,missing,missing,missing,missing,missing,missing,missing,MTC
2286,0.28167885,0.26239385,0.1829461399999999,0.1698498869999999,0.1494424009999999,0.124004041,0.0975693479999999,0.072136519,0.0512643296,100Mt-noCostDecrease,100Mt-noCostDecrease,ND,resid heating,missing,missing,missing,missing,missing,missing,missing,missing,missing,MTC
2287,0.0322804499999999,0.05665778,0.027970872,0.026619534,0.024199049,0.0201257962,0.020105121,0.0180744576,0.0150889539999999,100Mt-noCostDecrease,100Mt-noCostDecrease,ND,resid hot water,missing,missing,missing,missing,missing,missing,missing,missing,missing,MTC
2288,0.00359228,0.00487648,0.001896801,0.0020184269999999,0.001920254,0.0020843299999999,0.00217849,0.001865474,0.001611042,100Mt-noCostDecrease,100Mt-noCostDecrease,ND,resid other,missing,missing,missing,missing,missing,missing,missing,missing,missing,MTC
2289,0.2745734737760001,0.007992413156,0.010845434883,0.01025530644643,0.0069860613082099,0.0056274568189299,0.0051358368667999,0.0086728736614,0.0069648271598,100Mt-noCostDecrease,100Mt-noCostDecrease,ND,subpeak generation,missing,missing,missing,missing,missing,missing,missing,missing,missing,MTC
2290,0.026609,0.0152108,0.0244765,0.0253231,0.0253779,0.0253499,0.026087,0.0263633,0.0268188,100Mt-noCostDecrease,100Mt-noCostDecrease,ND,trn_aviation_intl,missing,missing,missing,missing,missing,missing,missing,missing,missing,MTC
2291,0.0341709,0.0497402,0.0874558,0.0934254,0.0977174,0.101178,0.106422,0.110995,0.114103,100Mt-noCostDecrease,100Mt-noCostDecrease,ND,trn_freight,missing,missing,missing,missing,missing,missing,missing,missing,missing,MTC
2292,0.5174744,0.7532086,1.321690205,1.37646711,1.306478373,1.163316412,1.127477492,1.01002088,0.8685400619999999,100Mt-noCostDecrease,100Mt-noCostDecrease,ND,trn_freight_road,missing,missing,missing,missing,missing,missing,missing,missing,missing,MTC
2293,0.10314023,0.06024258,0.10027244,0.10530806,0.10420945,0.10396238,0.1077512,0.10796896,0.10998295,100Mt-noCostDecrease,100Mt-noCostDecrease,ND,trn_pass,missing,missing,missing,missing,missing,missing,missing,missing,missing,MTC
2294,0.0198447,0.03588781,0.09203887,0.0946369199999999,0.06937768,0.05299826,0.04667588,0.04396571,0.04210749,100Mt-noCostDecrease,100Mt-noCostDecrease,ND,trn_pass_road,missing,missing,missing,missing,missing,missing,missing,missing,missing,MTC
2295,0.00208933,0.00246371,0.0024653,0.00220355,0.00200626,0.0018692,0.0017868,0.00168497,0.00160238,100Mt-noCostDecrease,100Mt-noCostDecrease,ND,trn_pass_road_LDV,missing,missing,missing,missing,missing,missing,missing,missing,missing,MTC
2296,0.593872959,0.699876513,0.849770096,0.7414072690000001,0.5541289050000001,0.4112969915,0.2989840740000001,0.2633115449999999,0.239715027,100Mt-noCostDecrease,100Mt-noCostDecrease,ND,trn_pass_road_LDV_4W,missing,missing,missing,missing,missing,missing,missing,missing,missing,MTC
2297,0.0,0.0,0.0,-0.06317469,-0.06656093,-0.1010237,-0.1885646,-0.3414874,-0.545485,100Mt-noCostDecrease,100Mt-noCostDecrease,OH,CDR_regional,missing,missing,missing,missing,missing,missing,missing,missing,missing,MTC
2298,0.468962,0.312496,0.344762,0.35329443,0.33657156,0.28507939,0.24493658,0.19287506,0.1559649,100Mt-noCostDecrease,100Mt-noCostDecrease,OH,N fertilizer,missing,missing,missing,missing,missing,missing,missing,missing,missing,MTC
2299,19.43065164,23.562066,12.208397517,12.1459893346,8.884672666870001,3.179672161,2.7785701609999998,1.6005188999800002,2.3535023795801986,100Mt-noCostDecrease,100Mt-noCostDecrease,OH,base load generation,missing,missing,missing,missing,missing,missing,missing,missing,missing,MTC
2300,0.0,0.001161976,0.2215307,0.2114868,0.17281234,0.1269040099999999,0.09428284,0.06099094,0.0270332,100Mt-noCostDecrease,100Mt-noCostDecrease,OH,biomass liquids,missing,missing,missing,missing,missing,missing,missing,missing,missing,MTC
2301,0.0,0.0,0.05902272,0.253815873,0.735047241,1.3323585590000009,1.4838989850000002,1.944945595,2.002856461,100Mt-noCostDecrease,100Mt-noCostDecrease,OH,biorefining,missing,missing,missing,missing,missing,missing,missing,missing,missing,MTC
2302,0.293729,0.415123,0.301049,0.28144027,0.1195974,0.0554725,0.0564751,0.0410637,0.04022177,100Mt-noCostDecrease,100Mt-noCostDecrease,OH,cement,missing,missing,missing,missing,missing,missing,missing,missing,missing,MTC
2303,0.0,0.0,0.0,0.0,0.0,0.0,0.0,0.000241255,0.004456044,100Mt-noCostDecrease,100Mt-noCostDecrease,OH,coal to liquids,missing,missing,missing,missing,missing,missing,missing,missing,missing,MTC
2304,0.1264433,0.0960401999999999,0.08920887,0.08966449,0.08558311,0.07915619,0.0767643,0.067998242,0.06187417,100Mt-noCostDecrease,100Mt-noCostDecrease,OH,comm cooking,missing,missing,missing,missing,missing,missing,missing,missing,missing,MTC
2305,0.00405409,0.0220995,0.01017462,0.01005663,0.00975321,0.0094555,0.009351868,0.00855381,0.008050292,100Mt-noCostDecrease,100Mt-noCostDecrease,OH,comm cooling,missing,missing,missing,missing,missing,missing,missing,missing,missing,MTC
2306,2.5282593,2.382042,1.8598689,1.8523374,1.7903110999999998,1.6921229400000004,1.6309398900000005,1.3729733200000005,1.2811275000000002,100Mt-noCostDecrease,100Mt-noCostDecrease,OH,comm heating,missing,missing,missing,missing,missing,missing,missing,missing,missing,MTC
2307,0.5501654,0.24521115,0.3181456,0.32114514,0.31481983,0.3022981600000001,0.300075411,0.270221567,0.25337563,100Mt-noCostDecrease,100Mt-noCostDecrease,OH,comm hot water,missing,missing,missing,missing,missing,missing,missing,missing,missing,MTC
2308,0.1192478999999999,0.096111,0.480685,0.524895,0.5694969999999999,0.651119,0.718666,0.686456,0.655834,100Mt-noCostDecrease,100Mt-noCostDecrease,OH,comm other,missing,missing,missing,missing,missing,missing,missing,missing,missing,MTC
2309,0.0,0.0,0.0,0.0,0.0,0.0,0.0,0.00232365,0.0421560099999999,100Mt-noCostDecrease,100Mt-noCostDecrease,OH,gas to liquids,missing,missing,missing,missing,missing,missing,missing,missing,missing,MTC
2310,11.0864758,6.8080323,7.504280927000001,7.773266785999998,7.731659448000002,7.79698833909,7.932714697919998,7.74842966649,7.23796144959,100Mt-noCostDecrease,100Mt-noCostDecrease,OH,industrial energy use,missing,missing,missing,missing,missing,missing,missing,missing,missing,MTC
2311,11.70101834,14.329933,7.255011690999999,7.116837635599999,6.444856734500003,4.420544353399999,3.853085343600001,2.449954491800002,2.0807732973000004,100Mt-noCostDecrease,100Mt-noCostDecrease,OH,intermediate generation,missing,missing,missing,missing,missing,missing,missing,missing,missing,MTC
2312,1.59254,1.29993,1.4348299999999998,1.386993,1.1878628,0.9793602,0.8953147,0.7686366,0.6533296,100Mt-noCostDecrease,100Mt-noCostDecrease,OH,oil refining,missing,missing,missing,missing,missing,missing,missing,missing,missing,MTC
2313,0.12149482,0.0478397,0.0847122288999999,0.0722794525525,0.03242978655698,0.0352562739547999,0.0330579701702999,0.022841622482,0.0149991745645999,100Mt-noCostDecrease,100Mt-noCostDecrease,OH,peak generation,missing,missing,missing,missing,missing,missing,missing,missing,missing,MTC
2314,0.23597474,0.3370115999999999,0.24090493,0.24229623,0.18909987,0.17983383,0.18999813,0.19200899,0.19952318,100Mt-noCostDecrease,100Mt-noCostDecrease,OH,process heat cement,missing,missing,missing,missing,missing,missing,missing,missing,missing,MTC
2315,-1.40585,-1.14065,-1.23182,-1.89858,-3.57438,-6.17926,-7.02775,-15.5221,-27.4882,100Mt-noCostDecrease,100Mt-noCostDecrease,OH,regional biomass,missing,missing,missing,missing,missing,missing,missing,missing,missing,MTC
2316,0.0,-0.00776147,-0.168701,-0.168072,-0.156152,-0.144625,-0.128765,-0.129223,-0.111107,100Mt-noCostDecrease,100Mt-noCostDecrease,OH,regional biomassOil,missing,missing,missing,missing,missing,missing,missing,missing,missing,MTC
2317,0.0,-0.00266842,-0.93308,-0.908238,-0.799563,-0.67696,-0.563427,-0.500037,-0.376708,100Mt-noCostDecrease,100Mt-noCostDecrease,OH,regional corn for ethanol,missing,missing,missing,missing,missing,missing,missing,missing,missing,MTC
2318,0.0429948,0.0845482,0.01791419,0.0178661099999999,0.01755207,0.01651218,0.01682152,0.01601463,0.01441833,100Mt-noCostDecrease,100Mt-noCostDecrease,OH,resid clothes dryers,missing,missing,missing,missing,missing,missing,missing,missing,missing,MTC
2319,0.15438754,0.25716318,0.0803960609999999,0.076510454,0.069666648,0.06301056,0.0558949890999999,0.0517708798999999,0.044460067,100Mt-noCostDecrease,100Mt-noCostDecrease,OH,resid cooking,missing,missing,missing,missing,missing,missing,missing,missing,missing,MTC
2320,4.685877100000001,4.1220987,3.411155389999999,3.2289897,2.956104410000001,2.6193629,2.27885222,1.87948814,1.493492693,100Mt-noCostDecrease,100Mt-noCostDecrease,OH,resid heating,missing,missing,missing,missing,missing,missing,missing,missing,missing,MTC
2321,0.97562932,1.2125838,0.84246017,0.8182428599999999,0.7811288600000001,0.7071877350000001,0.7227860460000001,0.6631192820000001,0.56221649,100Mt-noCostDecrease,100Mt-noCostDecrease,OH,resid hot water,missing,missing,missing,missing,missing,missing,missing,missing,missing,MTC
2322,0.0676104,0.0170226,0.0769315999999999,0.0823801,0.080719,0.0872401,0.0930357,0.0762147,0.0642134999999999,100Mt-noCostDecrease,100Mt-noCostDecrease,OH,resid other,missing,missing,missing,missing,missing,missing,missing,missing,missing,MTC
2323,0.8994172410000001,0.51800593,0.605320285,0.5392891098529999,0.394169572952,0.3352262073100002,0.29200931997,0.23356021185,0.19054273123,100Mt-noCostDecrease,100Mt-noCostDecrease,OH,subpeak generation,missing,missing,missing,missing,missing,missing,missing,missing,missing,MTC
2324,0.249878,0.43837,0.29017,0.298446,0.301437,0.303884,0.316033,0.322169,0.330731,100Mt-noCostDecrease,100Mt-noCostDecrease,OH,trn_aviation_intl,missing,missing,missing,missing,missing,missing,missing,missing,missing,MTC
2325,0.2800779549,0.394848,0.388643899,0.410109691,0.429798299,0.44520753,0.468747884,0.489053941,0.500831311,100Mt-noCostDecrease,100Mt-noCostDecrease,OH,trn_freight,missing,missing,missing,missing,missing,missing,missing,missing,missing,MTC
2326,4.239747,5.979234999999999,5.84416049,6.033432339999998,5.75884385,5.164788753,5.00264799,4.481634670000001,3.82327177,100Mt-noCostDecrease,100Mt-noCostDecrease,OH,trn_freight_road,missing,missing,missing,missing,missing,missing,missing,missing,missing,MTC
2327,0.9667772,1.6919461,1.178631,1.2336072,1.2284497,1.2365817,1.2977694000000002,1.3104852,1.3487459,100Mt-noCostDecrease,100Mt-noCostDecrease,OH,trn_pass,missing,missing,missing,missing,missing,missing,missing,missing,missing,MTC
2328,0.162593,0.23661435,0.32920437,0.33634212,0.2425081399999999,0.18462443,0.16330861,0.15495766,0.14921818,100Mt-noCostDecrease,100Mt-noCostDecrease,OH,trn_pass_road,missing,missing,missing,missing,missing,missing,missing,missing,missing,MTC
2329,0.0311304,0.0372161,0.0321946,0.0291625,0.0266619,0.0249209,0.0239717,0.0226733,0.0216634,100Mt-noCostDecrease,100Mt-noCostDecrease,OH,trn_pass_road_LDV,missing,missing,missing,missing,missing,missing,missing,missing,missing,MTC
2330,8.84498216,10.57418471,9.650212989999998,8.553316539999999,6.484678860000001,4.88552871,3.62728145,3.1878894,2.916322830000001,100Mt-noCostDecrease,100Mt-noCostDecrease,OH,trn_pass_road_LDV_4W,missing,missing,missing,missing,missing,missing,missing,missing,missing,MTC
2331,0.000862223,0.0,0.00250983,0.0025703,0.0024946,0.0024504,0.00253049,0.00251074,0.00255026,100Mt-noCostDecrease,100Mt-noCostDecrease,OH,trn_shipping_intl,missing,missing,missing,missing,missing,missing,missing,missing,missing,MTC
2332,0.0,0.0,0.0,-0.04169955,-0.04615404,-0.0513184,-0.0984328,-0.2052429,-0.413622,100Mt-noCostDecrease,100Mt-noCostDecrease,OK,CDR_regional,missing,missing,missing,missing,missing,missing,missing,missing,missing,MTC
2333,5.581172399999999,8.605342170999998,4.29533602628,4.337531397217998,3.0995096919967007,0.8906781844729,0.7473678491036996,0.4811720745208999,0.5459004173526899,100Mt-noCostDecrease,100Mt-noCostDecrease,OK,base load generation,missing,missing,missing,missing,missing,missing,missing,missing,missing,MTC
2334,0.0,0.000444577,0.00887063,0.00846606,0.00689352,0.005057,0.00375686,0.00242997,0.00107705,100Mt-noCostDecrease,100Mt-noCostDecrease,OK,biomass liquids,missing,missing,missing,missing,missing,missing,missing,missing,missing,MTC
2335,0.0,0.0,0.0603864399999999,0.253328138,0.7298229319999999,1.320122173,1.4705277139999993,1.927170762,1.9848768240000003,100Mt-noCostDecrease,100Mt-noCostDecrease,OK,biorefining,missing,missing,missing,missing,missing,missing,missing,missing,missing,MTC
2336,0.135008,0.190805,0.12946,0.1231480299999999,0.05207797,0.0236796999999999,0.0241174,0.01755157,0.01723955,100Mt-noCostDecrease,100Mt-noCostDecrease,OK,cement,missing,missing,missing,missing,missing,missing,missing,missing,missing,MTC
2337,0.0,0.0,0.0,0.0,0.0,0.0,0.0,1.58234e-05,0.00029127733,100Mt-noCostDecrease,100Mt-noCostDecrease,OK,coal to liquids,missing,missing,missing,missing,missing,missing,missing,missing,missing,MTC
2338,0.01917871,0.0603164,0.03604375,0.03646864,0.03529134,0.03305021,0.03226159,0.029200254,0.027089206,100Mt-noCostDecrease,100Mt-noCostDecrease,OK,comm cooking,missing,missing,missing,missing,missing,missing,missing,missing,missing,MTC
2339,0.000225781,0.00307572,0.01108242,0.01146649,0.0117718599999999,0.01195889,0.0121712919999999,0.011711448,0.011069089,100Mt-noCostDecrease,100Mt-noCostDecrease,OK,comm cooling,missing,missing,missing,missing,missing,missing,missing,missing,missing,MTC
2340,0.49540413,0.4313886329999999,0.33570838,0.33040548,0.3132520199999999,0.28684184,0.2652895739999999,0.2069257729999999,0.1863477139999999,100Mt-noCostDecrease,100Mt-noCostDecrease,OK,comm heating,missing,missing,missing,missing,missing,missing,missing,missing,missing,MTC
2341,0.0871438,0.08950191,0.08272143,0.08316997,0.08088711,0.076376134,0.074432413,0.0658387933,0.0608913921,100Mt-noCostDecrease,100Mt-noCostDecrease,OK,comm hot water,missing,missing,missing,missing,missing,missing,missing,missing,missing,MTC
2342,0.03660006,0.0345091,0.2462439,0.258003,0.266789,0.285483,0.30459,0.293185,0.281086,100Mt-noCostDecrease,100Mt-noCostDecrease,OK,comm other,missing,missing,missing,missing,missing,missing,missing,missing,missing,MTC
2343,0.0,0.0,0.0,0.0,0.0,0.0,0.0,0.00342804,0.06219203,100Mt-noCostDecrease,100Mt-noCostDecrease,OK,gas to liquids,missing,missing,missing,missing,missing,missing,missing,missing,missing,MTC
2344,4.5995019,3.820772,4.575462184999999,4.778950235999999,4.729151095000001,4.765623500249999,4.91120246488,4.8067090952,4.693505183740001,100Mt-noCostDecrease,100Mt-noCostDecrease,OK,industrial energy use,missing,missing,missing,missing,missing,missing,missing,missing,missing,MTC
2345,3.498157,4.784824,2.8765277576,2.817567513429999,2.2925822098210022,1.6589881644199995,1.50230021415,1.4328462603199998,1.2508731330800005,100Mt-noCostDecrease,100Mt-noCostDecrease,OK,intermediate generation,missing,missing,missing,missing,missing,missing,missing,missing,missing,MTC
2346,1.37795,1.23898,1.314442,1.2711486,1.0887738,0.8978877,0.8207207000000001,0.7038523999999999,0.5949861,100Mt-noCostDecrease,100Mt-noCostDecrease,OK,oil refining,missing,missing,missing,missing,missing,missing,missing,missing,missing,MTC
2347,0.0513256589999999,0.067706796,0.05215774,0.0461824482271999,0.027385642398802,0.0163112213791699,0.0140542264701399,0.01066679862705,0.0066149934546099,100Mt-noCostDecrease,100Mt-noCostDecrease,OK,peak generation,missing,missing,missing,missing,missing,missing,missing,missing,missing,MTC
2348,0.10846215,0.15490227,0.10362119,0.10436342,0.08042041,0.07709033,0.08158172,0.0824124,0.08565238,100Mt-noCostDecrease,100Mt-noCostDecrease,OK,process heat cement,missing,missing,missing,missing,missing,missing,missing,missing,missing,MTC
2349,-0.470455,-0.616185,-0.704149,-1.36152,-2.9645,-5.08688,-5.69214,-9.20506,-11.5388,100Mt-noCostDecrease,100Mt-noCostDecrease,OK,regional biomass,missing,missing,missing,missing,missing,missing,missing,missing,missing,MTC
2350,0.0,-0.00630581,-0.140014,-0.140693,-0.133876,-0.128261,-0.116642,-0.121351,-0.107617,100Mt-noCostDecrease,100Mt-noCostDecrease,OK,regional biomassOil,missing,missing,missing,missing,missing,missing,missing,missing,missing,MTC
2351,0.0,0.0,-0.0199698,-0.0371034,-0.089642,-0.15904,-0.181063,-0.257424,-0.274724,100Mt-noCostDecrease,100Mt-noCostDecrease,OK,regional corn for ethanol,missing,missing,missing,missing,missing,missing,missing,missing,missing,MTC
2352,0.0124548,0.014112,0.00482905,0.00526697,0.00556763,0.005577465,0.005690405,0.005486963,0.005078674,100Mt-noCostDecrease,100Mt-noCostDecrease,OK,resid clothes dryers,missing,missing,missing,missing,missing,missing,missing,missing,missing,MTC
2353,0.0446349,0.0437758799999999,0.022705487,0.022921696,0.0222248919999999,0.0209956159999999,0.0195382215,0.0183914608999999,0.0162746418,100Mt-noCostDecrease,100Mt-noCostDecrease,OK,resid cooking,missing,missing,missing,missing,missing,missing,missing,missing,missing,MTC
2354,0.7789177800000002,0.6621644799,0.7047886499999999,0.6680437260000001,0.6060581449999999,0.5231676919999999,0.437196327,0.3467054850000001,0.2657488930000001,100Mt-noCostDecrease,100Mt-noCostDecrease,OK,resid heating,missing,missing,missing,missing,missing,missing,missing,missing,missing,MTC
2355,0.21502986,0.29468752,0.1621534069999999,0.165593718,0.163654513,0.152504586,0.1557684769999999,0.14413767,0.1235395339999999,100Mt-noCostDecrease,100Mt-noCostDecrease,OK,resid hot water,missing,missing,missing,missing,missing,missing,missing,missing,missing,MTC
2356,0.01932852,0.00696192,0.02671123,0.02860934,0.02825871,0.02987118,0.0321022699999999,0.02823085,0.02473208,100Mt-noCostDecrease,100Mt-noCostDecrease,OK,resid other,missing,missing,missing,missing,missing,missing,missing,missing,missing,MTC
2357,0.36164011,0.330152033,0.031512905,0.028232661,0.0194377017,0.012861466246,0.0119183463535599,0.0264354435549,0.0177159958437,100Mt-noCostDecrease,100Mt-noCostDecrease,OK,subpeak generation,missing,missing,missing,missing,missing,missing,missing,missing,missing,MTC
2358,0.182653,0.140442,0.191879,0.197873,0.200297,0.202096,0.210191,0.214128,0.219872,100Mt-noCostDecrease,100Mt-noCostDecrease,OK,trn_aviation_intl,missing,missing,missing,missing,missing,missing,missing,missing,missing,MTC
2359,0.128321,0.224632,0.231814,0.245565,0.25896,0.26957,0.284591,0.29718,0.305789,100Mt-noCostDecrease,100Mt-noCostDecrease,OK,trn_freight,missing,missing,missing,missing,missing,missing,missing,missing,missing,MTC
2360,1.943165,3.4016340000000005,3.49144759,3.60743361,3.444020413,3.072322639,2.9722658600000003,2.66111539,2.2778414,100Mt-noCostDecrease,100Mt-noCostDecrease,OK,trn_freight_road,missing,missing,missing,missing,missing,missing,missing,missing,missing,MTC
2361,0.7034232300000001,0.54624034,0.7738102,0.8124174000000001,0.8108819,0.8170944,0.858056,0.8665105,0.8926608,100Mt-noCostDecrease,100Mt-noCostDecrease,OK,trn_pass,missing,missing,missing,missing,missing,missing,missing,missing,missing,MTC
2362,0.0745182,0.1470127,0.246265,0.2549656999999999,0.1875412,0.1432813999999999,0.12552542,0.1179108,0.1126294799999999,100Mt-noCostDecrease,100Mt-noCostDecrease,OK,trn_pass_road,missing,missing,missing,missing,missing,missing,missing,missing,missing,MTC
2363,0.0108465,0.0132377,0.0113233,0.0102028,0.0094461,0.00890787,0.00863835,0.00827491,0.00800398,100Mt-noCostDecrease,100Mt-noCostDecrease,OK,trn_pass_road_LDV,missing,missing,missing,missing,missing,missing,missing,missing,missing,MTC
2364,3.08192622,3.76118502,3.6017977200000004,3.1663382500000004,2.386643837,1.7862723370000002,1.3148502959999997,1.1621692500000005,1.06529009,100Mt-noCostDecrease,100Mt-noCostDecrease,OK,trn_pass_road_LDV_4W,missing,missing,missing,missing,missing,missing,missing,missing,missing,MTC
2365,0.0,0.0,0.0,0.0,0.0,0.0,0.0,0.0,0.0,100Mt-noCostDecrease,100Mt-noCostDecrease,OK,trn_shipping_intl,missing,missing,missing,missing,missing,missing,missing,missing,missing,MTC
2366,0.0,0.0,0.0,-0.013056213,-0.01441607,-0.02674768,-0.04755811,-0.0830278,-0.1345001,100Mt-noCostDecrease,100Mt-noCostDecrease,OR,CDR_regional,missing,missing,missing,missing,missing,missing,missing,missing,missing,MTC
2367,0.2417489,0.4488071,0.29909147967,0.2937197319199999,0.2977101712659999,0.2464506111809999,0.2445038819940001,0.3235408294625999,0.5096401528091558,100Mt-noCostDecrease,100Mt-noCostDecrease,OR,base load generation,missing,missing,missing,missing,missing,missing,missing,missing,missing,MTC
2368,0.0,0.000145342,0.01925632,0.01838306,0.01501516,0.01102479,0.00819073,0.005298366,0.0023484129999999,100Mt-noCostDecrease,100Mt-noCostDecrease,OR,biomass liquids,missing,missing,missing,missing,missing,missing,missing,missing,missing,MTC
2369,0.0,0.0,0.059254508,0.25020021,0.720485445,1.301339386,1.4491636289999998,1.895619011,1.951023816,100Mt-noCostDecrease,100Mt-noCostDecrease,OR,biorefining,missing,missing,missing,missing,missing,missing,missing,missing,missing,MTC
2370,0.0978202,0.138248,0.109537,0.1075734399999999,0.04724096,0.02189783,0.0222973,0.01605948,0.01569964,100Mt-noCostDecrease,100Mt-noCostDecrease,OR,cement,missing,missing,missing,missing,missing,missing,missing,missing,missing,MTC
2371,0.02039236,0.0398318,0.02444521,0.02533265,0.02433972,0.02223009,0.020872104,0.017900818,0.015768297,100Mt-noCostDecrease,100Mt-noCostDecrease,OR,comm cooking,missing,missing,missing,missing,missing,missing,missing,missing,missing,MTC
2372,0.000318079,0.00204053,0.001027879,0.001057265,0.001038975,0.000997883,0.000963052,0.0008644307,0.0007996716,100Mt-noCostDecrease,100Mt-noCostDecrease,OR,comm cooling,missing,missing,missing,missing,missing,missing,missing,missing,missing,MTC
2373,0.37590962,0.3436245999999999,0.2560083099999999,0.259721,0.25088833,0.2360416099999999,0.22184951,0.179840404,0.161196325,100Mt-noCostDecrease,100Mt-noCostDecrease,OR,comm heating,missing,missing,missing,missing,missing,missing,missing,missing,missing,MTC
2374,0.0656658,0.0875074,0.06488969,0.06682847,0.06448992,0.0590272369999999,0.055455647,0.0462905131,0.0412497476,100Mt-noCostDecrease,100Mt-noCostDecrease,OR,comm hot water,missing,missing,missing,missing,missing,missing,missing,missing,missing,MTC
2375,0.0374019,0.0319798,0.1797842,0.2005299999999999,0.2151494,0.236756,0.259186,0.252001,0.2431945999999999,100Mt-noCostDecrease,100Mt-noCostDecrease,OR,comm other,missing,missing,missing,missing,missing,missing,missing,missing,missing,MTC
2376,0.0,0.0,0.0,0.0,0.0,0.0,0.0,1.00765e-06,1.828101e-05,100Mt-noCostDecrease,100Mt-noCostDecrease,OR,gas to liquids,missing,missing,missing,missing,missing,missing,missing,missing,missing,MTC
2377,1.91977993,1.66595182,1.8792347104,1.9835209838000003,2.017476531888,2.056851738535999,2.105711776452001,2.0846991628105003,2.0180212219972997,100Mt-noCostDecrease,100Mt-noCostDecrease,OR,industrial energy use,missing,missing,missing,missing,missing,missing,missing,missing,missing,MTC
2378,0.3781387903,1.6277269622,1.2978757199999995,1.0985388463400003,0.95727668647,0.8159405587200003,0.7074416335199999,0.5287941394899998,0.4327421297100001,100Mt-noCostDecrease,100Mt-noCostDecrease,OR,intermediate generation,missing,missing,missing,missing,missing,missing,missing,missing,missing,MTC
2379,0.00865998672,0.0424335224,0.027954395538,0.0247342570610399,0.01643095682878,0.0106858697928999,0.00832662478616,0.00425131620111,0.0023961500582499,100Mt-noCostDecrease,100Mt-noCostDecrease,OR,peak generation,missing,missing,missing,missing,missing,missing,missing,missing,missing,MTC
2380,0.0785861549999999,0.11223432,0.087632293,0.09191133,0.07205409,0.0688284399999999,0.07281344,0.07349342,0.07638468,100Mt-noCostDecrease,100Mt-noCostDecrease,OR,process heat cement,missing,missing,missing,missing,missing,missing,missing,missing,missing,MTC
2381,-1.31957,-1.1062,-1.54427,-2.22746,-3.8209,-5.9063,-6.47684,-9.52837,-12.0759,100Mt-noCostDecrease,100Mt-noCostDecrease,OR,regional biomass,missing,missing,missing,missing,missing,missing,missing,missing,missing,MTC
2382,0.0,-0.00206151,-0.05503,-0.0594916,-0.0674563,-0.0790119,-0.079679,-0.0965039,-0.0954984,100Mt-noCostDecrease,100Mt-noCostDecrease,OR,regional biomassOil,missing,missing,missing,missing,missing,missing,missing,missing,missing,MTC
2383,0.0,0.0,-0.0900799,-0.103344,-0.141462,-0.193622,-0.204398,-0.267114,-0.272813,100Mt-noCostDecrease,100Mt-noCostDecrease,OR,regional corn for ethanol,missing,missing,missing,missing,missing,missing,missing,missing,missing,MTC
2384,0.0027051,0.00663282,0.002511161,0.002671444,0.0026963539999999,0.002518782,0.002499759,0.002362424,0.002149317,100Mt-noCostDecrease,100Mt-noCostDecrease,OR,resid clothes dryers,missing,missing,missing,missing,missing,missing,missing,missing,missing,MTC
2385,0.010003306,0.02097444,0.01163202,0.0114667109999999,0.01046705,0.0091413991999999,0.0076282368,0.0069147587,0.0059107847,100Mt-noCostDecrease,100Mt-noCostDecrease,OR,resid cooking,missing,missing,missing,missing,missing,missing,missing,missing,missing,MTC
2386,0.56128909,0.7373045600000001,0.701490362,0.6646829989999999,0.600782352,0.5205115409999999,0.43668993,0.3496075989999999,0.2693291056999998,100Mt-noCostDecrease,100Mt-noCostDecrease,OR,resid heating,missing,missing,missing,missing,missing,missing,missing,missing,missing,MTC
2387,0.06711892,0.1425608759999999,0.165171824,0.165073956,0.155459936,0.129484711,0.130492097,0.1183331009999999,0.0994046399999999,100Mt-noCostDecrease,100Mt-noCostDecrease,OR,resid hot water,missing,missing,missing,missing,missing,missing,missing,missing,missing,MTC
2388,0.00511786,0.0052038,0.01214093,0.01353391,0.01311572,0.01336768,0.01430691,0.01241087,0.01076709,100Mt-noCostDecrease,100Mt-noCostDecrease,OR,resid other,missing,missing,missing,missing,missing,missing,missing,missing,missing,MTC
2389,0.0618268606,0.2986658083,0.1580033326999999,0.1426173093226,0.1023254781069,0.07221445234,0.0588423784419999,0.037347431587,0.025878121863,100Mt-noCostDecrease,100Mt-noCostDecrease,OR,subpeak generation,missing,missing,missing,missing,missing,missing,missing,missing,missing,MTC
2390,0.0782043,0.127208,0.118955,0.1268,0.129135,0.130415,0.135678,0.138475,0.142301,100Mt-noCostDecrease,100Mt-noCostDecrease,OR,trn_aviation_intl,missing,missing,missing,missing,missing,missing,missing,missing,missing,MTC
2391,0.1926356,0.18236,0.1670298,0.1814081,0.1877083,0.1926585,0.2025176,0.2081173,0.211085,100Mt-noCostDecrease,100Mt-noCostDecrease,OR,trn_freight,missing,missing,missing,missing,missing,missing,missing,missing,missing,MTC
2392,1.821828,2.068817,2.13845991,2.2774540200000004,2.191180549,1.956421006,1.858457629,1.639329711,1.379285354,100Mt-noCostDecrease,100Mt-noCostDecrease,OR,trn_freight_road,missing,missing,missing,missing,missing,missing,missing,missing,missing,MTC
2393,0.30396121,0.4919219999999999,0.48540784,0.52740271,0.5298471499999999,0.53455592,0.5614261500000001,0.56830139,0.5859581700000001,100Mt-noCostDecrease,100Mt-noCostDecrease,OR,trn_pass,missing,missing,missing,missing,missing,missing,missing,missing,missing,MTC
2394,0.0698675,0.08326436,0.11129383,0.11406655,0.08277541,0.06278352,0.05535442,0.05254792,0.05072046,100Mt-noCostDecrease,100Mt-noCostDecrease,OR,trn_pass_road,missing,missing,missing,missing,missing,missing,missing,missing,missing,MTC
2395,0.00890615,0.0111249,0.0108977,0.0103161,0.00946372,0.00881315,0.0084695,0.00805608,0.00773192,100Mt-noCostDecrease,100Mt-noCostDecrease,OR,trn_pass_road_LDV,missing,missing,missing,missing,missing,missing,missing,missing,missing,MTC
2396,2.53063171,3.16061718,3.08862161,2.78825129,2.135758256,1.608953242,1.189545602,1.0255138700000002,0.93561498,100Mt-noCostDecrease,100Mt-noCostDecrease,OR,trn_pass_road_LDV_4W,missing,missing,missing,missing,missing,missing,missing,missing,missing,MTC
2397,0.627574,0.42593,0.100566,0.10483,0.102316,0.100782,0.104148,0.103552,0.105354,100Mt-noCostDecrease,100Mt-noCostDecrease,OR,trn_shipping_intl,missing,missing,missing,missing,missing,missing,missing,missing,missing,MTC
2398,0.0,0.0,0.0,-0.05722552,-0.06092291,-0.1903346,-0.3361046,-0.5622114,-0.862224,100Mt-noCostDecrease,100Mt-noCostDecrease,PA,CDR_regional,missing,missing,missing,missing,missing,missing,missing,missing,missing,MTC
2399,14.694852,17.215411,9.50659474,9.298528437100003,7.73477406425,3.8404323658,4.083958334799999,2.9904983756299988,4.080054582780002,100Mt-noCostDecrease,100Mt-noCostDecrease,PA,base load generation,missing,missing,missing,missing,missing,missing,missing,missing,missing,MTC
2400,0.0,0.000436027,0.05255545,0.05017016,0.04098776,0.03009866,0.02236162,0.01446574,0.0064117,100Mt-noCostDecrease,100Mt-noCostDecrease,PA,biomass liquids,missing,missing,missing,missing,missing,missing,missing,missing,missing,MTC
2401,0.0,0.0,0.0578807509999999,0.248666995,0.717804589,1.2968249719999996,1.4436275800000005,1.886813238,1.941085158,100Mt-noCostDecrease,100Mt-noCostDecrease,PA,biorefining,missing,missing,missing,missing,missing,missing,missing,missing,missing,MTC
2402,0.474541,0.670662,0.490367,0.46399576,0.2044488,0.0954498,0.0977247,0.0706606999999999,0.0693525,100Mt-noCostDecrease,100Mt-noCostDecrease,PA,cement,missing,missing,missing,missing,missing,missing,missing,missing,missing,MTC
2403,0.0,0.0,0.0,0.0,0.0,0.0,0.0,0.001025209,0.018869281,100Mt-noCostDecrease,100Mt-noCostDecrease,PA,coal to liquids,missing,missing,missing,missing,missing,missing,missing,missing,missing,MTC
2404,0.1566368,0.1335729,0.09382491,0.096049,0.0943800899999999,0.09025989,0.08998707,0.08288383,0.0772345199999999,100Mt-noCostDecrease,100Mt-noCostDecrease,PA,comm cooking,missing,missing,missing,missing,missing,missing,missing,missing,missing,MTC
2405,0.0154084,0.0361234,0.0566530299999999,0.0568003,0.05620664,0.0552968999999999,0.05514004,0.05105683,0.04790672,100Mt-noCostDecrease,100Mt-noCostDecrease,PA,comm cooling,missing,missing,missing,missing,missing,missing,missing,missing,missing,MTC
2406,3.6488766,2.633851,1.5491938,1.5504467000000002,1.5117332,1.4500258,1.4043252000000004,1.19959494,1.11329978,100Mt-noCostDecrease,100Mt-noCostDecrease,PA,comm heating,missing,missing,missing,missing,missing,missing,missing,missing,missing,MTC
2407,0.6220140000000001,0.3227398,0.33394181,0.33977655,0.3372336199999999,0.32729955,0.3270444429999999,0.299733853,0.2832012459999999,100Mt-noCostDecrease,100Mt-noCostDecrease,PA,comm hot water,missing,missing,missing,missing,missing,missing,missing,missing,missing,MTC
2408,0.08659172,0.1582046,0.6986950000000001,0.733239,0.718425,0.686719,0.6866787,0.6234868,0.5812852,100Mt-noCostDecrease,100Mt-noCostDecrease,PA,comm other,missing,missing,missing,missing,missing,missing,missing,missing,missing,MTC
2409,0.0,0.0,0.0,0.0,0.0,0.0,0.0,0.00677346,0.12288462,100Mt-noCostDecrease,100Mt-noCostDecrease,PA,gas to liquids,missing,missing,missing,missing,missing,missing,missing,missing,missing,MTC
2410,13.7417539,8.5058205,11.486381449999998,12.125994399999998,11.91870749,12.03430246,12.321634022899998,11.999558619750005,11.32622828474,100Mt-noCostDecrease,100Mt-noCostDecrease,PA,industrial energy use,missing,missing,missing,missing,missing,missing,missing,missing,missing,MTC
2411,14.77898295,18.7002047,9.74735271,9.4467261565,8.536412450099998,6.893598158400002,6.597858749399999,5.115106906699997,4.762980795999995,100Mt-noCostDecrease,100Mt-noCostDecrease,PA,intermediate generation,missing,missing,missing,missing,missing,missing,missing,missing,missing,MTC
2412,2.59323,1.9592,1.543877,1.492071,1.277741,1.0537835,0.963224,0.8269712,0.7030987,100Mt-noCostDecrease,100Mt-noCostDecrease,PA,oil refining,missing,missing,missing,missing,missing,missing,missing,missing,missing,MTC
2413,0.155793708,0.0685318999999999,0.0824022752399999,0.0730551748586,0.05280863431947,0.0403288494096,0.0343374612257,0.0221319499285,0.0148944300343999,100Mt-noCostDecrease,100Mt-noCostDecrease,PA,peak generation,missing,missing,missing,missing,missing,missing,missing,missing,missing,MTC
2414,0.38123429,0.54446731,0.3923700999999999,0.3992009399999999,0.3164801,0.30321937,0.32179486,0.32655739,0.34106388,100Mt-noCostDecrease,100Mt-noCostDecrease,PA,process heat cement,missing,missing,missing,missing,missing,missing,missing,missing,missing,MTC
2415,-1.35039,-1.96052,-2.38427,-3.12875,-4.7903,-7.50142,-8.86566,-22.0251,-41.9345,100Mt-noCostDecrease,100Mt-noCostDecrease,PA,regional biomass,missing,missing,missing,missing,missing,missing,missing,missing,missing,MTC
2416,0.0,-0.00618454,-0.13695,-0.137626,-0.130904,-0.12528,-0.113822,-0.118091,-0.104458,100Mt-noCostDecrease,100Mt-noCostDecrease,PA,regional biomassOil,missing,missing,missing,missing,missing,missing,missing,missing,missing,MTC
2417,0.0,0.0,-0.208383,-0.215547,-0.23047,-0.2543,-0.246192,-0.287083,-0.273551,100Mt-noCostDecrease,100Mt-noCostDecrease,PA,regional corn for ethanol,missing,missing,missing,missing,missing,missing,missing,missing,missing,MTC
2418,0.0408548,0.0771032,0.0222531799999999,0.02250505,0.0224822,0.02144973,0.02182895,0.02071802,0.0185820999999999,100Mt-noCostDecrease,100Mt-noCostDecrease,PA,resid clothes dryers,missing,missing,missing,missing,missing,missing,missing,missing,missing,MTC
2419,0.14210477,0.2372057699999999,0.1117822099999999,0.10821751,0.10165085,0.094189097,0.086476676,0.0807206829999999,0.070072205,100Mt-noCostDecrease,100Mt-noCostDecrease,PA,resid cooking,missing,missing,missing,missing,missing,missing,missing,missing,missing,MTC
2420,5.355317899999999,4.7306165,3.7539461,3.5421164000000003,3.235649,2.8537140999999995,2.45730757,1.9953234800000004,1.5491447500000004,100Mt-noCostDecrease,100Mt-noCostDecrease,PA,resid heating,missing,missing,missing,missing,missing,missing,missing,missing,missing,MTC
2421,0.9411633,1.1438022,0.8263626899999998,0.8026227,0.7655226900000001,0.6731900800000001,0.67752673,0.6081347399999999,0.5006458399999999,100Mt-noCostDecrease,100Mt-noCostDecrease,PA,resid hot water,missing,missing,missing,missing,missing,missing,missing,missing,missing,MTC
2422,0.0504450799999999,0.02852,0.1164733,0.126575,0.1249398999999999,0.1301121,0.1400688,0.1151371,0.0968455999999999,100Mt-noCostDecrease,100Mt-noCostDecrease,PA,resid other,missing,missing,missing,missing,missing,missing,missing,missing,missing,MTC
2423,0.8700521200000001,0.6148743,0.5711243716999999,0.5147553429360001,0.394554985111,0.3159877241200001,0.27657800153,0.2056685318,0.16263821639,100Mt-noCostDecrease,100Mt-noCostDecrease,PA,subpeak generation,missing,missing,missing,missing,missing,missing,missing,missing,missing,MTC
2424,0.2843,0.396247,0.175323,0.18082,0.182739,0.184996,0.192716,0.196999,0.202636,100Mt-noCostDecrease,100Mt-noCostDecrease,PA,trn_aviation_intl,missing,missing,missing,missing,missing,missing,missing,missing,missing,MTC
2425,0.374164,0.471105,0.3750294,0.3981052,0.4139582,0.4297769,0.4553136,0.4766439,0.4913024,100Mt-noCostDecrease,100Mt-noCostDecrease,PA,trn_freight,missing,missing,missing,missing,missing,missing,missing,missing,missing,MTC
2426,4.01321,5.430732,5.18310978,5.397142350000001,5.18843512,4.707833075000001,4.59496749,4.152271710000001,3.572417,100Mt-noCostDecrease,100Mt-noCostDecrease,PA,trn_freight_road,missing,missing,missing,missing,missing,missing,missing,missing,missing,MTC
2427,1.0976672,1.5294396,0.7170217,0.7531255,0.7514527,0.7601543000000001,0.7991266,0.8096222000000001,0.8346444,100Mt-noCostDecrease,100Mt-noCostDecrease,PA,trn_pass,missing,missing,missing,missing,missing,missing,missing,missing,missing,MTC
2428,0.153906,0.2246768,0.3161518,0.3245747999999999,0.2354144,0.1796034999999999,0.15809339,0.14879807,0.14228927,100Mt-noCostDecrease,100Mt-noCostDecrease,PA,trn_pass_road,missing,missing,missing,missing,missing,missing,missing,missing,missing,MTC
2429,0.0303072,0.0371573,0.0317565,0.0291974,0.0268709,0.0253651,0.0246151,0.0234321,0.0225184,100Mt-noCostDecrease,100Mt-noCostDecrease,PA,trn_pass_road_LDV,missing,missing,missing,missing,missing,missing,missing,missing,missing,MTC
2430,8.610967330000001,10.55717295,9.34052226,8.276207700000002,6.2762532900000005,4.727774051,3.5057433600000003,3.074358,2.8020426,100Mt-noCostDecrease,100Mt-noCostDecrease,PA,trn_pass_road_LDV_4W,missing,missing,missing,missing,missing,missing,missing,missing,missing,MTC
2431,0.947039,1.04737,0.127676,0.131324,0.127743,0.126092,0.130653,0.130158,0.132736,100Mt-noCostDecrease,100Mt-noCostDecrease,PA,trn_shipping_intl,missing,missing,missing,missing,missing,missing,missing,missing,missing,MTC
2432,0.0,0.0,0.0,-0.001803798,-0.001855096,-0.0060822859999999,-0.00997876,-0.0145727899999999,-0.01938775,100Mt-noCostDecrease,100Mt-noCostDecrease,RI,CDR_regional,missing,missing,missing,missing,missing,missing,missing,missing,missing,MTC
2433,0.01770801,0.212661133,0.187827306,0.1799893935809999,0.144737345961,0.098519107677,0.083140234459,0.03369995544,0.0312373293165999,100Mt-noCostDecrease,100Mt-noCostDecrease,RI,base load generation,missing,missing,missing,missing,missing,missing,missing,missing,missing,MTC
2434,0.0,1.70991e-05,0.000341177,0.000325616,0.000265135,0.0001945,0.000144494,9.34602e-05,4.14249e-05,100Mt-noCostDecrease,100Mt-noCostDecrease,RI,biomass liquids,missing,missing,missing,missing,missing,missing,missing,missing,missing,MTC
2435,0.0,0.0,0.0555042419999999,0.226382991,0.6355866119999999,1.1161989610000005,1.237213063,1.5804261209999997,1.6136991990000005,100Mt-noCostDecrease,100Mt-noCostDecrease,RI,biorefining,missing,missing,missing,missing,missing,missing,missing,missing,missing,MTC
2436,0.0065910499999999,0.00823049,0.0050817649999999,0.0050507439999999,0.00485527,0.004551321,0.004475406,0.0040798079,0.0038261798,100Mt-noCostDecrease,100Mt-noCostDecrease,RI,comm cooking,missing,missing,missing,missing,missing,missing,missing,missing,missing,MTC
2437,0.000881819,0.00351025,0.00355343,0.003492683,0.00341856,0.003339916,0.003319035,0.003097263,0.002967915,100Mt-noCostDecrease,100Mt-noCostDecrease,RI,comm cooling,missing,missing,missing,missing,missing,missing,missing,missing,missing,MTC
2438,0.18432579,0.2346018799999999,0.12632046,0.1236549889999999,0.118401911,0.1102160309999999,0.102942955,0.0817927509999999,0.0748978889999999,100Mt-noCostDecrease,100Mt-noCostDecrease,RI,comm heating,missing,missing,missing,missing,missing,missing,missing,missing,missing,MTC
2439,0.0698502,0.02267951,0.014032105,0.013900267,0.013429729,0.012643317,0.0123261433,0.0108361837999999,0.0101479956,100Mt-noCostDecrease,100Mt-noCostDecrease,RI,comm hot water,missing,missing,missing,missing,missing,missing,missing,missing,missing,MTC
2440,0.01200048,0.00860688,0.0658908,0.0674075,0.0662564,0.06477547,0.06569268,0.06137326,0.05862084,100Mt-noCostDecrease,100Mt-noCostDecrease,RI,comm other,missing,missing,missing,missing,missing,missing,missing,missing,missing,MTC
2441,0.1169678894,0.1108534939999999,0.1310531134999999,0.1363392347,0.1379340416799999,0.14097113479,0.14615451358,0.1445898457899999,0.1408260305299999,100Mt-noCostDecrease,100Mt-noCostDecrease,RI,industrial energy use,missing,missing,missing,missing,missing,missing,missing,missing,missing,MTC
2442,0.14366762,0.34831614,0.4113484535,0.3908351301859999,0.347860276477,0.30825912597,0.2748842790399998,0.233112506102,0.1962910043139999,100Mt-noCostDecrease,100Mt-noCostDecrease,RI,intermediate generation,missing,missing,missing,missing,missing,missing,missing,missing,missing,MTC
2443,0.000733963,0.0091245742,0.0058477199866,0.005079761199139,0.003590232154527,0.00274583813958,0.0023783408872699,0.00148111503557,0.0009564666615400004,100Mt-noCostDecrease,100Mt-noCostDecrease,RI,peak generation,missing,missing,missing,missing,missing,missing,missing,missing,missing,MTC
2444,-0.093338,-0.0192096,-0.160547,-0.692049,-1.98836,-3.53598,-3.93349,-5.08562,-5.30452,100Mt-noCostDecrease,100Mt-noCostDecrease,RI,regional biomass,missing,missing,missing,missing,missing,missing,missing,missing,missing,MTC
2445,0.0,-0.000242531,-0.0177533,-0.0232689,-0.0358811,-0.0517933,-0.0566651,-0.073982,-0.0766373,100Mt-noCostDecrease,100Mt-noCostDecrease,RI,regional biomassOil,missing,missing,missing,missing,missing,missing,missing,missing,missing,MTC
2446,0.0,0.0,-0.0162038,-0.0298253,-0.0703997,-0.121332,-0.137341,-0.189812,-0.200403,100Mt-noCostDecrease,100Mt-noCostDecrease,RI,regional corn for ethanol,missing,missing,missing,missing,missing,missing,missing,missing,missing,MTC
2447,0.0031808,0.00419326,0.001832807,0.001837632,0.001836102,0.001760701,0.001809373,0.001754212,0.001625916,100Mt-noCostDecrease,100Mt-noCostDecrease,RI,resid clothes dryers,missing,missing,missing,missing,missing,missing,missing,missing,missing,MTC
2448,0.0117439379999999,0.01376006,0.01011959,0.0098377239999999,0.009318497,0.0087742429,0.0082135758,0.0078642440999999,0.0071348389,100Mt-noCostDecrease,100Mt-noCostDecrease,RI,resid cooking,missing,missing,missing,missing,missing,missing,missing,missing,missing,MTC
2449,0.47212837,0.50783554,0.37661697,0.36505151,0.3485503300000001,0.32789549,0.30491855,0.271269901,0.2309863039999999,100Mt-noCostDecrease,100Mt-noCostDecrease,RI,resid heating,missing,missing,missing,missing,missing,missing,missing,missing,missing,MTC
2450,0.1198813099999999,0.12888254,0.1064095399999999,0.104269141,0.100946004,0.092449454,0.093369381,0.087671296,0.077867087,100Mt-noCostDecrease,100Mt-noCostDecrease,RI,resid hot water,missing,missing,missing,missing,missing,missing,missing,missing,missing,MTC
2451,0.0059600799999999,0.00571732,0.01112773,0.01165771,0.01145612,0.01213543,0.01304533,0.01135262,0.01005479,100Mt-noCostDecrease,100Mt-noCostDecrease,RI,resid other,missing,missing,missing,missing,missing,missing,missing,missing,missing,MTC
2452,0.0152817293,0.0478762467,0.0362472064699999,0.0321119888266,0.0239272083292,0.0191910691341,0.0169997810748999,0.0125538962979999,0.0089084169545999,100Mt-noCostDecrease,100Mt-noCostDecrease,RI,subpeak generation,missing,missing,missing,missing,missing,missing,missing,missing,missing,MTC
2453,0.0182898,0.0194174,0.0150597,0.0152782,0.0155524,0.0159255,0.0168747,0.0174828,0.0181954,100Mt-noCostDecrease,100Mt-noCostDecrease,RI,trn_aviation_intl,missing,missing,missing,missing,missing,missing,missing,missing,missing,MTC
2454,0.013860427,0.0141133,0.0145780967,0.0151224122,0.0159897002,0.0168708104,0.018197167,0.0194657551,0.0205122571,100Mt-noCostDecrease,100Mt-noCostDecrease,RI,trn_freight,missing,missing,missing,missing,missing,missing,missing,missing,missing,MTC
2455,0.1997663,0.2137144,0.2195187908999999,0.2231736338999999,0.2148083489,0.196107539,0.1953847041999999,0.1806040739,0.159662823,100Mt-noCostDecrease,100Mt-noCostDecrease,RI,trn_freight_road,missing,missing,missing,missing,missing,missing,missing,missing,missing,MTC
2456,0.070448018,0.074797117,0.0606834189999999,0.062586512,0.062889332,0.064421698,0.069073554,0.071048699,0.074255555,100Mt-noCostDecrease,100Mt-noCostDecrease,RI,trn_pass,missing,missing,missing,missing,missing,missing,missing,missing,missing,MTC
2457,0.0076616,0.0086269379999999,0.01575207,0.01654376,0.012361539,0.009583546,0.0084032469999999,0.007873058,0.007503723,100Mt-noCostDecrease,100Mt-noCostDecrease,RI,trn_pass_road,missing,missing,missing,missing,missing,missing,missing,missing,missing,MTC
2458,0.00249506,0.00277339,0.00228982,0.00202662,0.00188485,0.00181502,0.00181781,0.00178503,0.00176056,100Mt-noCostDecrease,100Mt-noCostDecrease,RI,trn_pass_road_LDV,missing,missing,missing,missing,missing,missing,missing,missing,missing,MTC
2459,0.708853392,0.7882373090000001,0.7164336069999999,0.634902024,0.4830520830000001,0.3666843381,0.275424862,0.244950795,0.226135191,100Mt-noCostDecrease,100Mt-noCostDecrease,RI,trn_pass_road_LDV_4W,missing,missing,missing,missing,missing,missing,missing,missing,missing,MTC
2460,0.00580096,0.0,6.05734e-05,6.14629e-05,5.99168e-05,5.94195e-05,6.21407e-05,6.23632e-05,6.40021e-05,100Mt-noCostDecrease,100Mt-noCostDecrease,RI,trn_shipping_intl,missing,missing,missing,missing,missing,missing,missing,missing,missing,MTC
2461,0.0,0.0,0.0,-0.0209271179999999,-0.02187126,-0.0489416,-0.0811655,-0.1249261,-0.1829927,100Mt-noCostDecrease,100Mt-noCostDecrease,SC,CDR_regional,missing,missing,missing,missing,missing,missing,missing,missing,missing,MTC
2462,2.8497452999999995,5.8860248,5.5721731100000005,5.565632465049999,4.661257624511002,2.32612673196,2.3952369266800018,1.8548440722990005,2.3190879509142985,100Mt-noCostDecrease,100Mt-noCostDecrease,SC,base load generation,missing,missing,missing,missing,missing,missing,missing,missing,missing,MTC
2463,0.0,0.0,0.060166607,0.2506621959999999,0.7196508450000001,1.298449696,1.445885693999999,1.892903262,1.9491904680000005,100Mt-noCostDecrease,100Mt-noCostDecrease,SC,biorefining,missing,missing,missing,missing,missing,missing,missing,missing,missing,MTC
2464,0.225082,0.318105,0.235773,0.22131739,0.0956715,0.0431099,0.0434162,0.03091481,0.02991043,100Mt-noCostDecrease,100Mt-noCostDecrease,SC,cement,missing,missing,missing,missing,missing,missing,missing,missing,missing,MTC
2465,0.01642937,0.0358749,0.0324051499999999,0.03295076,0.03148704,0.0289018999999999,0.0278436,0.024421428,0.022003945,100Mt-noCostDecrease,100Mt-noCostDecrease,SC,comm cooking,missing,missing,missing,missing,missing,missing,missing,missing,missing,MTC
2466,0.0023714,0.00520997,0.001621205,0.001632243,0.001608228,0.001569109,0.001554662,0.0014318682,0.0013349218,100Mt-noCostDecrease,100Mt-noCostDecrease,SC,comm cooling,missing,missing,missing,missing,missing,missing,missing,missing,missing,MTC
2467,0.26089061,0.3270041,0.1794194599999999,0.176460931,0.1636632629999999,0.14394858,0.1262929049999999,0.0860897819999999,0.0731198559999999,100Mt-noCostDecrease,100Mt-noCostDecrease,SC,comm heating,missing,missing,missing,missing,missing,missing,missing,missing,missing,MTC
2468,0.0758606,0.07074649,0.08059848,0.08152854,0.0781318699999999,0.071350468,0.0675699879999999,0.055671304,0.048958568,100Mt-noCostDecrease,100Mt-noCostDecrease,SC,comm hot water,missing,missing,missing,missing,missing,missing,missing,missing,missing,MTC
2469,0.0564,0.0374677,0.1660018,0.186848,0.2043909,0.2307861,0.2545424,0.2404606,0.225457,100Mt-noCostDecrease,100Mt-noCostDecrease,SC,comm other,missing,missing,missing,missing,missing,missing,missing,missing,missing,MTC
2470,4.3860611,3.7444951,3.516092949,3.737822740999999,3.8255428274,3.95616233261,4.0756274867199975,3.92333383675,3.852944256211,100Mt-noCostDecrease,100Mt-noCostDecrease,SC,industrial energy use,missing,missing,missing,missing,missing,missing,missing,missing,missing,MTC
2471,3.3578335000000004,5.5902993,2.42546736,2.367330599,2.10450508176,1.6860414299999995,1.6238907939999996,1.3462057521999993,1.2674025998,100Mt-noCostDecrease,100Mt-noCostDecrease,SC,intermediate generation,missing,missing,missing,missing,missing,missing,missing,missing,missing,MTC
2472,0.02970178349,0.0285873481,0.023300019911,0.02068784413639,0.0145574746288,0.0104251406087699,0.0089897222833699,0.0054329552061899,0.0034956698764299,100Mt-noCostDecrease,100Mt-noCostDecrease,SC,peak generation,missing,missing,missing,missing,missing,missing,missing,missing,missing,MTC
2473,0.1808245299999999,0.25824882,0.18871914,0.1891779999999999,0.14808104,0.13945097,0.1457167,0.14514943,0.14915168,100Mt-noCostDecrease,100Mt-noCostDecrease,SC,process heat cement,missing,missing,missing,missing,missing,missing,missing,missing,missing,MTC
2474,-1.5994,-1.75943,-2.15824,-2.93577,-4.62015,-7.07695,-7.95603,-15.8099,-26.9329,100Mt-noCostDecrease,100Mt-noCostDecrease,SC,regional biomass,missing,missing,missing,missing,missing,missing,missing,missing,missing,MTC
2475,0.0,0.0,-0.0141588,-0.0205189,-0.0358239,-0.0559421,-0.0626532,-0.0857644,-0.0910925,100Mt-noCostDecrease,100Mt-noCostDecrease,SC,regional biomassOil,missing,missing,missing,missing,missing,missing,missing,missing,missing,MTC
2476,0.0,0.0,-0.0198086,-0.0365647,-0.0875832,-0.154728,-0.175991,-0.250185,-0.267124,100Mt-noCostDecrease,100Mt-noCostDecrease,SC,regional corn for ethanol,missing,missing,missing,missing,missing,missing,missing,missing,missing,MTC
2477,0.00437076,0.00929248,0.00433596,0.00445497,0.004467451,0.004245127,0.004285465,0.00404477,0.003607469,100Mt-noCostDecrease,100Mt-noCostDecrease,SC,resid clothes dryers,missing,missing,missing,missing,missing,missing,missing,missing,missing,MTC
2478,0.01719718,0.02922864,0.019879507,0.019397392,0.017901631,0.0160374265999999,0.0140396615,0.0127513576,0.0106975542,100Mt-noCostDecrease,100Mt-noCostDecrease,SC,resid cooking,missing,missing,missing,missing,missing,missing,missing,missing,missing,MTC
2479,0.4818131,0.43939273,0.265800038,0.247013788,0.217813592,0.1812016949999999,0.14426318,0.108125177,0.0779515565999999,100Mt-noCostDecrease,100Mt-noCostDecrease,SC,resid heating,missing,missing,missing,missing,missing,missing,missing,missing,missing,MTC
2480,0.10615853,0.18559918,0.127789863,0.127442499,0.123409267,0.1106649129999999,0.114908454,0.103835302,0.085265794,100Mt-noCostDecrease,100Mt-noCostDecrease,SC,resid hot water,missing,missing,missing,missing,missing,missing,missing,missing,missing,MTC
2481,0.01138756,0.00654444,0.02027871,0.02300057,0.02302588,0.02382584,0.02550713,0.02079941,0.0170999,100Mt-noCostDecrease,100Mt-noCostDecrease,SC,resid other,missing,missing,missing,missing,missing,missing,missing,missing,missing,MTC
2482,0.2203528547999999,0.209422588,0.1630772829,0.1467273997725,0.10920321033,0.0822464877555,0.072296339871,0.0499487026039999,0.037286985232,100Mt-noCostDecrease,100Mt-noCostDecrease,SC,subpeak generation,missing,missing,missing,missing,missing,missing,missing,missing,missing,MTC
2483,0.0669326,0.0378915,0.0516587,0.0535683,0.0537877,0.0540205,0.0559687,0.0566328,0.0578254,100Mt-noCostDecrease,100Mt-noCostDecrease,SC,trn_aviation_intl,missing,missing,missing,missing,missing,missing,missing,missing,missing,MTC
2484,0.12996804,0.1979765,0.329478,0.341037,0.330462,0.3262279999999999,0.340433,0.34154,0.343795,100Mt-noCostDecrease,100Mt-noCostDecrease,SC,trn_freight,missing,missing,missing,missing,missing,missing,missing,missing,missing,MTC
2485,1.819405,2.419643,2.61506755,2.68634744,2.5716996020000003,2.317481771,2.231168959,2.002346589,1.7082740999999997,100Mt-noCostDecrease,100Mt-noCostDecrease,SC,trn_freight_road,missing,missing,missing,missing,missing,missing,missing,missing,missing,MTC
2486,0.26089038,0.15160787,0.21489976,0.22622622,0.2230276699999999,0.22341336,0.23371066,0.2338167199999999,0.23931139,100Mt-noCostDecrease,100Mt-noCostDecrease,SC,trn_pass,missing,missing,missing,missing,missing,missing,missing,missing,missing,MTC
2487,0.0697736,0.0940741599999999,0.14276455,0.14990138,0.11234999,0.08710564,0.07705789,0.07296918,0.0702345799999999,100Mt-noCostDecrease,100Mt-noCostDecrease,SC,trn_pass_road,missing,missing,missing,missing,missing,missing,missing,missing,missing,MTC
2488,0.0121421,0.0177536,0.018623,0.0165573,0.0147941,0.0136943,0.0130428,0.0122222,0.0115536,100Mt-noCostDecrease,100Mt-noCostDecrease,SC,trn_pass_road_LDV,missing,missing,missing,missing,missing,missing,missing,missing,missing,MTC
2489,3.4501392500000003,5.04439167,5.63254526,5.09843993,3.92898151,2.9923129849999994,2.2481785,1.95672889,1.7877322,100Mt-noCostDecrease,100Mt-noCostDecrease,SC,trn_pass_road_LDV_4W,missing,missing,missing,missing,missing,missing,missing,missing,missing,MTC
2490,0.0852206,0.355642,0.641012,0.652949,0.6282,0.61391,0.630631,0.621286,0.6269,100Mt-noCostDecrease,100Mt-noCostDecrease,SC,trn_shipping_intl,missing,missing,missing,missing,missing,missing,missing,missing,missing,MTC
2491,0.0,0.0,0.0,-0.011147266,-0.0118659199999999,-0.01378123,-0.02362062,-0.039179,-0.0601113,100Mt-noCostDecrease,100Mt-noCostDecrease,SD,CDR_regional,missing,missing,missing,missing,missing,missing,missing,missing,missing,MTC
2492,0.4494969353999999,0.5108762780000001,0.2631004242899999,0.264051786244,0.1881693667593,0.066190030547,0.0547043149089999,0.0238944920072,0.0260037209690799,100Mt-noCostDecrease,100Mt-noCostDecrease,SD,base load generation,missing,missing,missing,missing,missing,missing,missing,missing,missing,MTC
2493,0.0,0.157926,0.417484,0.398568,0.325666,0.239139,0.177667,0.114929,0.0509403,100Mt-noCostDecrease,100Mt-noCostDecrease,SD,biomass liquids,missing,missing,missing,missing,missing,missing,missing,missing,missing,MTC
2494,0.0,0.0,0.060048397,0.248882214,0.7132716829999999,1.2839442069999998,1.4295073049999998,1.8686954590000004,1.923113232,100Mt-noCostDecrease,100Mt-noCostDecrease,SD,biorefining,missing,missing,missing,missing,missing,missing,missing,missing,missing,MTC
2495,0.0421617,0.0595865,0.0417539,0.039201461,0.01683055,0.00763645,0.00772166,0.00548961,0.00532594,100Mt-noCostDecrease,100Mt-noCostDecrease,SD,cement,missing,missing,missing,missing,missing,missing,missing,missing,missing,MTC
2496,0.00561729,0.0052793,0.004535651,0.00445264,0.004051195,0.003515931,0.0031887289999999,0.0026167266,0.0022985583999999,100Mt-noCostDecrease,100Mt-noCostDecrease,SD,comm cooking,missing,missing,missing,missing,missing,missing,missing,missing,missing,MTC
2497,1.98801e-05,0.000769624,6.71948e-05,6.680233e-05,6.46471e-05,6.22779e-05,6.106695e-05,5.609959e-05,5.310323e-05,100Mt-noCostDecrease,100Mt-noCostDecrease,SD,comm cooling,missing,missing,missing,missing,missing,missing,missing,missing,missing,MTC
2498,0.11334505,0.14147866,0.1228411699999999,0.12013177,0.1114123789999999,0.099229529,0.089033776,0.0643529469999999,0.0568497559999999,100Mt-noCostDecrease,100Mt-noCostDecrease,SD,comm heating,missing,missing,missing,missing,missing,missing,missing,missing,missing,MTC
2499,0.0443782,0.01474178,0.020905345,0.020824924,0.019597683,0.017783561,0.0166653336,0.0137521232999999,0.0124006441,100Mt-noCostDecrease,100Mt-noCostDecrease,SD,comm hot water,missing,missing,missing,missing,missing,missing,missing,missing,missing,MTC
2500,0.01376802,0.0087319,0.02169568,0.0252600799999999,0.03043565,0.03869404,0.04398774,0.0423486,0.04032117,100Mt-noCostDecrease,100Mt-noCostDecrease,SD,comm other,missing,missing,missing,missing,missing,missing,missing,missing,missing,MTC
2501,0.0,0.0,0.0,0.0,0.0,0.0,0.0,1.00765e-06,1.828101e-05,100Mt-noCostDecrease,100Mt-noCostDecrease,SD,gas to liquids,missing,missing,missing,missing,missing,missing,missing,missing,missing,MTC
2502,0.4251576999999999,0.2385447,0.3842907237,0.4003510246999999,0.39883787239,0.4027954125140001,0.409374530066,0.3983292076232,0.3772814111733,100Mt-noCostDecrease,100Mt-noCostDecrease,SD,industrial energy use,missing,missing,missing,missing,missing,missing,missing,missing,missing,MTC
2503,0.36991253978,0.3873475795,0.2469297414199999,0.2444761696859999,0.2212007104489999,0.1393350133689999,0.129690874938,0.083597311088,0.057453354063,100Mt-noCostDecrease,100Mt-noCostDecrease,SD,intermediate generation,missing,missing,missing,missing,missing,missing,missing,missing,missing,MTC
2504,0.00480780094,0.0063740048,0.007547826143,0.00657482840985,0.004205096191019,0.00337626400171,0.0027737958963199,0.0021390979640999,0.0014486049463999,100Mt-noCostDecrease,100Mt-noCostDecrease,SD,peak generation,missing,missing,missing,missing,missing,missing,missing,missing,missing,MTC
2505,0.033871535,0.0483742989999999,0.033415445,0.033054575,0.025006204,0.023735551,0.024978678,0.025095943,0.025903031,100Mt-noCostDecrease,100Mt-noCostDecrease,SD,process heat cement,missing,missing,missing,missing,missing,missing,missing,missing,missing,MTC
2506,-0.0439643,-0.0385251,-0.152342,-0.76271,-2.29578,-4.21174,-4.70458,-6.25318,-6.56218,100Mt-noCostDecrease,100Mt-noCostDecrease,SD,regional biomass,missing,missing,missing,missing,missing,missing,missing,missing,missing,MTC
2507,0.0,0.0,-0.0141136,-0.0204223,-0.0355882,-0.0554439,-0.0620741,-0.0847982,-0.089956,100Mt-noCostDecrease,100Mt-noCostDecrease,SD,regional biomassOil,missing,missing,missing,missing,missing,missing,missing,missing,missing,MTC
2508,0.0,-0.685481,-1.8318,-1.76639,-1.50089,-1.19171,-0.945999,-0.746522,-0.485053,100Mt-noCostDecrease,100Mt-noCostDecrease,SD,regional corn for ethanol,missing,missing,missing,missing,missing,missing,missing,missing,missing,MTC
2509,0.00089602,0.00175796,0.0003265444,0.0003301849,0.0003244318,0.0003028131,0.0003042801,0.0002888233,0.0002623821,100Mt-noCostDecrease,100Mt-noCostDecrease,SD,resid clothes dryers,missing,missing,missing,missing,missing,missing,missing,missing,missing,MTC
2510,0.00469184,0.005999781,0.0018829851,0.001785246,0.0015745083999999,0.0013669341999999,0.00114029989,0.00104355666,0.0008958830900000001,100Mt-noCostDecrease,100Mt-noCostDecrease,SD,resid cooking,missing,missing,missing,missing,missing,missing,missing,missing,missing,MTC
2511,0.31378559,0.2283317801,0.198584277,0.186278589,0.1664578719999999,0.1420262749999999,0.116713203,0.090914188,0.0683264443999999,100Mt-noCostDecrease,100Mt-noCostDecrease,SD,resid heating,missing,missing,missing,missing,missing,missing,missing,missing,missing,MTC
2512,0.04714323,0.05669639,0.033749035,0.032709384,0.030339212,0.0260567278,0.0261237358,0.0236136664,0.019872359,100Mt-noCostDecrease,100Mt-noCostDecrease,SD,resid hot water,missing,missing,missing,missing,missing,missing,missing,missing,missing,MTC
2513,0.00583718,0.00352604,0.002066304,0.002222676,0.002138266,0.002312938,0.002414844,0.002052739,0.001764145,100Mt-noCostDecrease,100Mt-noCostDecrease,SD,resid other,missing,missing,missing,missing,missing,missing,missing,missing,missing,MTC
2514,0.0342468863,0.0393765249999999,0.0097031848199999,0.0092252211339999,0.006560703583432,0.00530978998645,0.00511928313743,0.0115434977571,0.0095717260898,100Mt-noCostDecrease,100Mt-noCostDecrease,SD,subpeak generation,missing,missing,missing,missing,missing,missing,missing,missing,missing,MTC
2515,0.024737,0.0234541,0.019717,0.0202346,0.0202898,0.0203293,0.0210362,0.0213047,0.0217461,100Mt-noCostDecrease,100Mt-noCostDecrease,SD,trn_aviation_intl,missing,missing,missing,missing,missing,missing,missing,missing,missing,MTC
2516,0.02689181981,0.0421752,0.0517625,0.0539119,0.0560006,0.0578784,0.060817,0.0633058,0.0649476,100Mt-noCostDecrease,100Mt-noCostDecrease,SD,trn_freight,missing,missing,missing,missing,missing,missing,missing,missing,missing,MTC
2517,0.407171,0.6386582000000001,0.7803323019999999,0.794908033,0.7500672270000001,0.666498326,0.6430672660000001,0.57642286,0.495056242,100Mt-noCostDecrease,100Mt-noCostDecrease,SD,trn_freight_road,missing,missing,missing,missing,missing,missing,missing,missing,missing,MTC
2518,0.09567299,0.09142177,0.08052416,0.0837956899999999,0.08273384,0.0828449199999999,0.08656804,0.08694375,0.08905428,100Mt-noCostDecrease,100Mt-noCostDecrease,SD,trn_pass,missing,missing,missing,missing,missing,missing,missing,missing,missing,MTC
2519,0.0156152,0.0274328,0.05065039,0.05308971,0.03975553,0.0305994699999999,0.02677959,0.02507615,0.02388504,100Mt-noCostDecrease,100Mt-noCostDecrease,SD,trn_pass_road,missing,missing,missing,missing,missing,missing,missing,missing,missing,MTC
2520,0.00241666,0.00288706,0.00281484,0.00245219,0.00220279,0.00206,0.00198261,0.00188698,0.0018107,100Mt-noCostDecrease,100Mt-noCostDecrease,SD,trn_pass_road_LDV,missing,missing,missing,missing,missing,missing,missing,missing,missing,MTC
2521,0.6866377140000001,0.820315905,0.918897725,0.81609801,0.6183131,0.4631682546,0.340954387,0.296781331,0.270491211,100Mt-noCostDecrease,100Mt-noCostDecrease,SD,trn_pass_road_LDV_4W,missing,missing,missing,missing,missing,missing,missing,missing,missing,MTC
2522,2.74779e-05,0.0,0.0,0.0,0.0,0.0,0.0,0.0,0.0,100Mt-noCostDecrease,100Mt-noCostDecrease,SD,trn_shipping_intl,missing,missing,missing,missing,missing,missing,missing,missing,missing,MTC
2523,0.0,0.0,0.0,-0.0298215649999999,-0.03047392,-0.0393557,-0.0672198,-0.1119401999999999,-0.1696253,100Mt-noCostDecrease,100Mt-noCostDecrease,TN,CDR_regional,missing,missing,missing,missing,missing,missing,missing,missing,missing,MTC
2524,6.147195173000001,8.493323858999998,5.376514451099999,5.014698224240001,3.732041615893001,1.380961040509,1.3449072835159994,1.0306712107339302,1.2384595988557898,100Mt-noCostDecrease,100Mt-noCostDecrease,TN,base load generation,missing,missing,missing,missing,missing,missing,missing,missing,missing,MTC
2525,0.0,0.0236532889999999,0.09217486,0.08799124,0.07189066,0.05278991,0.03921967,0.025370426,0.011244976,100Mt-noCostDecrease,100Mt-noCostDecrease,TN,biomass liquids,missing,missing,missing,missing,missing,missing,missing,missing,missing,MTC
2526,0.0,0.0,0.059006115,0.249435559,0.7178506330000001,1.2957600369999998,1.4426503499999996,1.886706783,1.9417626569999995,100Mt-noCostDecrease,100Mt-noCostDecrease,TN,biorefining,missing,missing,missing,missing,missing,missing,missing,missing,missing,MTC
2527,0.211325,0.298662,0.226738,0.2225209699999999,0.0992479999999999,0.0452239,0.0462423,0.03342926,0.03281983,100Mt-noCostDecrease,100Mt-noCostDecrease,TN,cement,missing,missing,missing,missing,missing,missing,missing,missing,missing,MTC
2528,0.0,0.0,0.0,0.0,0.0,0.0,0.0,8.45607e-06,0.00015567482,100Mt-noCostDecrease,100Mt-noCostDecrease,TN,coal to liquids,missing,missing,missing,missing,missing,missing,missing,missing,missing,MTC
2529,0.027236,0.0551049,0.05855778,0.0607079299999999,0.05905421,0.05460742,0.05264667,0.0459719269999999,0.0406988369999999,100Mt-noCostDecrease,100Mt-noCostDecrease,TN,comm cooking,missing,missing,missing,missing,missing,missing,missing,missing,missing,MTC
2530,2.556e-05,0.00160318,0.000896811,0.000926825,0.000933365,0.000921955,0.000924029,0.0008577595999999999,0.0007988789,100Mt-noCostDecrease,100Mt-noCostDecrease,TN,comm cooling,missing,missing,missing,missing,missing,missing,missing,missing,missing,MTC
2531,0.8950813,0.6978816,0.4771106499999999,0.47846281,0.4532534,0.4064496799999999,0.3649180599999999,0.261447979,0.224784322,100Mt-noCostDecrease,100Mt-noCostDecrease,TN,comm heating,missing,missing,missing,missing,missing,missing,missing,missing,missing,MTC
2532,0.19686183,0.14288057,0.21062849,0.2185887099999999,0.21631345,0.20385403,0.198042796,0.1707370939999999,0.153307558,100Mt-noCostDecrease,100Mt-noCostDecrease,TN,comm hot water,missing,missing,missing,missing,missing,missing,missing,missing,missing,MTC
2533,0.0356526,0.0361263,0.1556296,0.1905597,0.2386328999999999,0.3022527,0.3513916,0.3375195,0.3189503999999999,100Mt-noCostDecrease,100Mt-noCostDecrease,TN,comm other,missing,missing,missing,missing,missing,missing,missing,missing,missing,MTC
2534,0.0,0.0,0.0,0.0,0.0,0.0,0.0,4.03062e-06,7.312414e-05,100Mt-noCostDecrease,100Mt-noCostDecrease,TN,gas to liquids,missing,missing,missing,missing,missing,missing,missing,missing,missing,MTC
2535,4.8805351,4.424858,4.237835474,4.539345333,4.579940511599999,4.654910098999999,4.7803490470000005,4.6540072934,4.441656427640003,100Mt-noCostDecrease,100Mt-noCostDecrease,TN,industrial energy use,missing,missing,missing,missing,missing,missing,missing,missing,missing,MTC
2536,7.125170335699999,7.419630625,1.6625337573710002,1.587673234619,1.3870519723009995,1.0102570436360003,0.9664074516807004,0.8619742207624997,0.8624518298386997,100Mt-noCostDecrease,100Mt-noCostDecrease,TN,intermediate generation,missing,missing,missing,missing,missing,missing,missing,missing,missing,MTC
2537,0.209026,0.457983,0.4887055,0.4723623,0.4044964,0.3335989,0.304942,0.26172901,0.2221383199999999,100Mt-noCostDecrease,100Mt-noCostDecrease,TN,oil refining,missing,missing,missing,missing,missing,missing,missing,missing,missing,MTC
2538,0.0562457624399999,0.0035324393999999,0.0116696723349999,0.01036196443792,0.0072918007459739,0.00521918120513,0.00449905827664,0.0027169563280299,0.00174560062539,100Mt-noCostDecrease,100Mt-noCostDecrease,TN,peak generation,missing,missing,missing,missing,missing,missing,missing,missing,missing,MTC
2539,0.16977255,0.24246423,0.1814867299999999,0.19041262,0.15428218,0.1467887,0.15570776,0.15721065,0.16385608,100Mt-noCostDecrease,100Mt-noCostDecrease,TN,process heat cement,missing,missing,missing,missing,missing,missing,missing,missing,missing,MTC
2540,-1.20507,-1.52015,-1.53431,-2.25122,-3.85654,-6.07441,-6.83238,-11.7722,-17.7037,100Mt-noCostDecrease,100Mt-noCostDecrease,TN,regional biomass,missing,missing,missing,missing,missing,missing,missing,missing,missing,MTC
2541,0.0,-0.00169764,-0.0477175,-0.0524957,-0.0616949,-0.0746626,-0.0763548,-0.0941463,-0.0942141,100Mt-noCostDecrease,100Mt-noCostDecrease,TN,regional biomassOil,missing,missing,missing,missing,missing,missing,missing,missing,missing,MTC
2542,0.0,-0.102148,-0.408617,-0.407186,-0.388595,-0.372905,-0.336094,-0.349112,-0.305593,100Mt-noCostDecrease,100Mt-noCostDecrease,TN,regional corn for ethanol,missing,missing,missing,missing,missing,missing,missing,missing,missing,MTC
2543,0.0056232,0.00912066,0.01097713,0.01157138,0.0118673299999999,0.01146187,0.01169655,0.0111137299999999,0.00999146,100Mt-noCostDecrease,100Mt-noCostDecrease,TN,resid clothes dryers,missing,missing,missing,missing,missing,missing,missing,missing,missing,MTC
2544,0.02114655,0.02882164,0.045387615,0.045098133,0.042826451,0.03948055,0.0358367758,0.0330387477,0.0282306657,100Mt-noCostDecrease,100Mt-noCostDecrease,TN,resid cooking,missing,missing,missing,missing,missing,missing,missing,missing,missing,MTC
2545,1.0428306199999997,1.06817926,0.7636107499999999,0.7124573949999998,0.6326096920000001,0.5318020910000001,0.4301486439999998,0.3281600470000001,0.24090238,100Mt-noCostDecrease,100Mt-noCostDecrease,TN,resid heating,missing,missing,missing,missing,missing,missing,missing,missing,missing,MTC
2546,0.155345448,0.29579429,0.189408626,0.190061764,0.185863096,0.168414295,0.17633828,0.160336909,0.1324489509999999,100Mt-noCostDecrease,100Mt-noCostDecrease,TN,resid hot water,missing,missing,missing,missing,missing,missing,missing,missing,missing,MTC
2547,0.01171096,0.00705992,0.0442278599999999,0.05026047,0.0510531,0.05312769,0.05721631,0.04734191,0.03945158,100Mt-noCostDecrease,100Mt-noCostDecrease,TN,resid other,missing,missing,missing,missing,missing,missing,missing,missing,missing,MTC
2548,0.4224665588,0.032595314,0.0815446901,0.0733510843400999,0.0545563644690999,0.0409980516058,0.0359671007969,0.0246762419915,0.0182507698952999,100Mt-noCostDecrease,100Mt-noCostDecrease,TN,subpeak generation,missing,missing,missing,missing,missing,missing,missing,missing,missing,MTC
2549,0.0984853,0.327706,0.290498,0.308821,0.31678,0.319335,0.333037,0.339753,0.349495,100Mt-noCostDecrease,100Mt-noCostDecrease,TN,trn_aviation_intl,missing,missing,missing,missing,missing,missing,missing,missing,missing,MTC
2550,0.2270580351,0.27401973,0.25493766,0.27758237,0.29643524,0.3079753719999999,0.32661496,0.343086551,0.354878991,100Mt-noCostDecrease,100Mt-noCostDecrease,TN,trn_freight,missing,missing,missing,missing,missing,missing,missing,missing,missing,MTC
2551,3.436939,4.127852,3.80849937,4.04791963,3.9441586,3.577497221,3.4892337500000004,3.15308882,2.72326564,100Mt-noCostDecrease,100Mt-noCostDecrease,TN,trn_freight_road,missing,missing,missing,missing,missing,missing,missing,missing,missing,MTC
2552,0.38601636,1.2638486000000002,1.1778671,1.2772713999999998,1.2934162,1.3013376,1.3703896,1.3851028,1.4287919,100Mt-noCostDecrease,100Mt-noCostDecrease,TN,trn_pass,missing,missing,missing,missing,missing,missing,missing,missing,missing,MTC
2553,0.131805,0.1631393,0.20465765,0.21046027,0.1529265299999999,0.11588743,0.10142253,0.09536256,0.0909981099999999,100Mt-noCostDecrease,100Mt-noCostDecrease,TN,trn_pass_road,missing,missing,missing,missing,missing,missing,missing,missing,missing,MTC
2554,0.0163482,0.0222869,0.0224664,0.0215082,0.0203798,0.0191145,0.0186254,0.0177773,0.0171506,100Mt-noCostDecrease,100Mt-noCostDecrease,TN,trn_pass_road_LDV,missing,missing,missing,missing,missing,missing,missing,missing,missing,MTC
2555,4.64484709,6.3324321900000005,6.5289763800000005,5.9103579,4.5554317200000005,3.4644210070000003,2.596573480000001,2.25712355,2.05387131,100Mt-noCostDecrease,100Mt-noCostDecrease,TN,trn_pass_road_LDV_4W,missing,missing,missing,missing,missing,missing,missing,missing,missing,MTC
2556,0.000836827,0.0133268,0.00462118,0.00480987,0.00470799,0.00462588,0.00479365,0.00476346,0.00485366,100Mt-noCostDecrease,100Mt-noCostDecrease,TN,trn_shipping_intl,missing,missing,missing,missing,missing,missing,missing,missing,missing,MTC
2557,0.0,0.0,0.0,-0.3558985,-0.4090227,-0.597101,-0.989058,-1.553145,-2.44527,100Mt-noCostDecrease,100Mt-noCostDecrease,TX,CDR_regional,missing,missing,missing,missing,missing,missing,missing,missing,missing,MTC
2558,0.434903,0.2898,0.3001594999999999,0.30332881,0.28449967,0.23686345,0.1966809499999999,0.1492079399999999,0.118812143,100Mt-noCostDecrease,100Mt-noCostDecrease,TX,N fertilizer,missing,missing,missing,missing,missing,missing,missing,missing,missing,MTC
2559,32.19895911,42.314492500000014,38.78325881999999,38.60106971509997,26.507508157920004,11.197535037799998,9.865887887599996,5.319087882699997,7.291199025503002,100Mt-noCostDecrease,100Mt-noCostDecrease,TX,base load generation,missing,missing,missing,missing,missing,missing,missing,missing,missing,MTC
2560,0.0,0.00338562,0.2150794999999999,0.2053025,0.1674949,0.1229354,0.0913307999999999,0.0590759,0.02618433,100Mt-noCostDecrease,100Mt-noCostDecrease,TX,biomass liquids,missing,missing,missing,missing,missing,missing,missing,missing,missing,MTC
2561,0.0,0.0,0.06369563,0.2681529970000001,0.7578680160000002,1.368863967,1.524991135,2.0047995480000003,2.067527177,100Mt-noCostDecrease,100Mt-noCostDecrease,TX,biorefining,missing,missing,missing,missing,missing,missing,missing,missing,missing,MTC
2562,1.08227,1.52955,1.13937,1.119471,0.4726109,0.2175889999999999,0.22308,0.1645214,0.1627919,100Mt-noCostDecrease,100Mt-noCostDecrease,TX,cement,missing,missing,missing,missing,missing,missing,missing,missing,missing,MTC
2563,0.0,0.0,0.0,0.0,0.0,0.0,0.0,0.0006267040000000001,0.011555813,100Mt-noCostDecrease,100Mt-noCostDecrease,TX,coal to liquids,missing,missing,missing,missing,missing,missing,missing,missing,missing,MTC
2564,0.1403327,0.356933,0.2047176,0.2116628,0.2035924999999999,0.1870895,0.1794555,0.15721331,0.14096777,100Mt-noCostDecrease,100Mt-noCostDecrease,TX,comm cooking,missing,missing,missing,missing,missing,missing,missing,missing,missing,MTC
2565,0.00214278,0.0218126,0.0739423999999999,0.0771464,0.0782372,0.0783326999999999,0.07912485,0.07535151,0.0709241799999999,100Mt-noCostDecrease,100Mt-noCostDecrease,TX,comm cooling,missing,missing,missing,missing,missing,missing,missing,missing,missing,MTC
2566,1.96682,1.5551707600000002,0.99270274,0.99494449,0.93395342,0.8305589699999999,0.741132632,0.529825902,0.4563505500000001,100Mt-noCostDecrease,100Mt-noCostDecrease,TX,comm heating,missing,missing,missing,missing,missing,missing,missing,missing,missing,MTC
2567,0.6362080999999999,0.5425224000000001,0.46148889,0.4742332399999999,0.4592945600000001,0.42518202,0.40817706,0.3482739080000001,0.312235337,100Mt-noCostDecrease,100Mt-noCostDecrease,TX,comm hot water,missing,missing,missing,missing,missing,missing,missing,missing,missing,MTC
2568,0.2666958,0.276284,1.336294,1.484979,1.608375,1.79511,1.964996,1.905258,1.814521,100Mt-noCostDecrease,100Mt-noCostDecrease,TX,comm other,missing,missing,missing,missing,missing,missing,missing,missing,missing,MTC
2569,0.0,0.0,0.0,0.0,0.0,0.0,0.0,0.0100765,0.1828101,100Mt-noCostDecrease,100Mt-noCostDecrease,TX,gas to liquids,missing,missing,missing,missing,missing,missing,missing,missing,missing,MTC
2570,42.970313,37.164743,40.73637094,43.97530084,44.53830187199999,45.350518285100016,47.161822582100015,46.32012655610002,45.1260467794,100Mt-noCostDecrease,100Mt-noCostDecrease,TX,industrial energy use,missing,missing,missing,missing,missing,missing,missing,missing,missing,MTC
2571,2.54362,2.03219,3.63082,3.5152,2.56419,1.82546,1.84631,1.49091,1.42841,100Mt-noCostDecrease,100Mt-noCostDecrease,TX,industrial feedstocks,missing,missing,missing,missing,missing,missing,missing,missing,missing,MTC
2572,15.2722814,19.754107,16.388346249999998,15.920841276,13.4791053855,9.275796615100006,8.638408188200001,7.3732217511,6.772192066899995,100Mt-noCostDecrease,100Mt-noCostDecrease,TX,intermediate generation,missing,missing,missing,missing,missing,missing,missing,missing,missing,MTC
2573,13.5023,10.7917,13.91201,13.45246,11.520815,9.500638,8.684072,7.44817,6.296406,100Mt-noCostDecrease,100Mt-noCostDecrease,TX,oil refining,missing,missing,missing,missing,missing,missing,missing,missing,missing,MTC
2574,0.194472362,0.2237105799999999,0.19721895413,0.17544714443968,0.11376593044165,0.06938843836629,0.05824916801123,0.0363614260365,0.0220675559154999,100Mt-noCostDecrease,100Mt-noCostDecrease,TX,peak generation,missing,missing,missing,missing,missing,missing,missing,missing,missing,MTC
2575,0.86946518,1.2417431,0.91212746,0.9535193,0.7466965999999999,0.7208347,0.7671508,0.7799415999999999,0.8163931,100Mt-noCostDecrease,100Mt-noCostDecrease,TX,process heat cement,missing,missing,missing,missing,missing,missing,missing,missing,missing,MTC
2576,-2.12199,-1.90565,-1.82322,-2.67321,-4.58746,-7.68656,-8.82658,-27.8743,-65.579,100Mt-noCostDecrease,100Mt-noCostDecrease,TX,regional biomass,missing,missing,missing,missing,missing,missing,missing,missing,missing,MTC
2577,0.0,-0.0480211,-0.973247,-0.936348,-0.782536,-0.605481,-0.472173,-0.353736,-0.213527,100Mt-noCostDecrease,100Mt-noCostDecrease,TX,regional biomassOil,missing,missing,missing,missing,missing,missing,missing,missing,missing,MTC
2578,0.0,0.0,-0.662937,-0.653147,-0.598645,-0.542498,-0.472615,-0.46183,-0.383625,100Mt-noCostDecrease,100Mt-noCostDecrease,TX,regional corn for ethanol,missing,missing,missing,missing,missing,missing,missing,missing,missing,MTC
2579,0.0540381,0.0889957,0.0378974,0.041989,0.0443896,0.04420478,0.04549973,0.0440812,0.04069835,100Mt-noCostDecrease,100Mt-noCostDecrease,TX,resid clothes dryers,missing,missing,missing,missing,missing,missing,missing,missing,missing,MTC
2580,0.18976297,0.280022,0.1682654499999999,0.17340995,0.16884458,0.1592898869999999,0.1482106939999999,0.139530267,0.122340488,100Mt-noCostDecrease,100Mt-noCostDecrease,TX,resid cooking,missing,missing,missing,missing,missing,missing,missing,missing,missing,MTC
2581,2.46455486,1.48661843,1.6515743900000004,1.56691454,1.4053598800000004,1.1859353199999998,0.96124208,0.7357310190000003,0.5430092739999999,100Mt-noCostDecrease,100Mt-noCostDecrease,TX,resid heating,missing,missing,missing,missing,missing,missing,missing,missing,missing,MTC
2582,0.9645928,1.6087678,1.0069280100000002,1.0572076,1.0596905600000002,0.992521856,1.0298397130000003,0.95987606,0.8161933499999999,100Mt-noCostDecrease,100Mt-noCostDecrease,TX,resid hot water,missing,missing,missing,missing,missing,missing,missing,missing,missing,MTC
2583,0.0721289,0.0630787,0.1816918,0.2081397999999999,0.2123674,0.2269517,0.2469503,0.217359,0.1856163,100Mt-noCostDecrease,100Mt-noCostDecrease,TX,resid other,missing,missing,missing,missing,missing,missing,missing,missing,missing,MTC
2584,1.3822652000000002,1.6104086,0.7262752944,0.6563288541970003,0.4533910186518,0.29477591636,0.2548376823359999,0.217401527072,0.1558572223369999,100Mt-noCostDecrease,100Mt-noCostDecrease,TX,subpeak generation,missing,missing,missing,missing,missing,missing,missing,missing,missing,MTC
2585,2.26116,1.89296,1.91401,2.04028,2.08989,2.11552,2.20458,2.25343,2.31942,100Mt-noCostDecrease,100Mt-noCostDecrease,TX,trn_aviation_intl,missing,missing,missing,missing,missing,missing,missing,missing,missing,MTC
2586,1.047003,1.518093,3.20337,3.45621,3.4062,3.38828,3.59578,3.64325,3.72854,100Mt-noCostDecrease,100Mt-noCostDecrease,TX,trn_freight,missing,missing,missing,missing,missing,missing,missing,missing,missing,MTC
2587,8.19866,14.67305,20.7074365,22.131537400000003,21.82072875,20.05287835,19.5323364,17.79145593,15.445646,100Mt-noCostDecrease,100Mt-noCostDecrease,TX,trn_freight_road,missing,missing,missing,missing,missing,missing,missing,missing,missing,MTC
2588,8.663328100000001,7.2746578,7.6774824,8.3209126,8.4070794,8.490946999999998,8.9182212,9.0309536,9.3091054,100Mt-noCostDecrease,100Mt-noCostDecrease,TX,trn_pass,missing,missing,missing,missing,missing,missing,missing,missing,missing,MTC
2589,0.314412,0.6060747999999999,1.1943429,1.2417027000000005,0.9222198,0.7089363,0.6270138000000001,0.5952193,0.5734775999999999,100Mt-noCostDecrease,100Mt-noCostDecrease,TX,trn_pass_road,missing,missing,missing,missing,missing,missing,missing,missing,missing,MTC
2590,0.0570543,0.0830478,0.0901981,0.0853943,0.0799,0.0752712,0.0729182,0.0696511,0.0670035,100Mt-noCostDecrease,100Mt-noCostDecrease,TX,trn_pass_road_LDV,missing,missing,missing,missing,missing,missing,missing,missing,missing,MTC
2591,16.2105162,23.5957842,27.6913436,25.0642689,19.27553294,14.63679199,10.94127339,9.5203963,8.7047833,100Mt-noCostDecrease,100Mt-noCostDecrease,TX,trn_pass_road_LDV_4W,missing,missing,missing,missing,missing,missing,missing,missing,missing,MTC
2592,4.38692,5.11345,7.49835,7.8156,7.63799,7.52815,7.80366,7.76381,7.91868,100Mt-noCostDecrease,100Mt-noCostDecrease,TX,trn_shipping_intl,missing,missing,missing,missing,missing,missing,missing,missing,missing,MTC
2593,0.0,0.0,0.0,-0.01830486,-0.0201372599999999,-0.0293335,-0.0544507,-0.0974124,-0.1554529,100Mt-noCostDecrease,100Mt-noCostDecrease,UT,CDR_regional,missing,missing,missing,missing,missing,missing,missing,missing,missing,MTC
2594,3.065167,3.65541428,1.7504321185999998,1.7701982841999997,1.0626298450199998,0.33039990789,0.3119817931399996,0.2960841414160001,0.4269560627790001,100Mt-noCostDecrease,100Mt-noCostDecrease,UT,base load generation,missing,missing,missing,missing,missing,missing,missing,missing,missing,MTC
2595,0.0,8.54956e-05,0.00170589,0.00162809,0.00132568,0.0009725,0.000722473,0.000467301,0.000207125,100Mt-noCostDecrease,100Mt-noCostDecrease,UT,biomass liquids,missing,missing,missing,missing,missing,missing,missing,missing,missing,MTC
2596,0.0,0.0,0.059254508,0.250719524,0.7224990990000001,1.305660758,1.4540258,1.9023547570000003,1.9580441560000008,100Mt-noCostDecrease,100Mt-noCostDecrease,UT,biorefining,missing,missing,missing,missing,missing,missing,missing,missing,missing,MTC
2597,0.102437,0.144772,0.11638,0.1181189,0.05301896,0.0248977,0.0255821,0.0185677,0.01828427,100Mt-noCostDecrease,100Mt-noCostDecrease,UT,cement,missing,missing,missing,missing,missing,missing,missing,missing,missing,MTC
2598,0.0,0.0,0.0,0.0,0.0,0.0,0.0,0.000306737,0.005626673,100Mt-noCostDecrease,100Mt-noCostDecrease,UT,coal to liquids,missing,missing,missing,missing,missing,missing,missing,missing,missing,MTC
2599,0.00915213,0.0288119999999999,0.05493319,0.0619134699999999,0.06432293,0.0635023299999999,0.06428439,0.06049066,0.05679071,100Mt-noCostDecrease,100Mt-noCostDecrease,UT,comm cooking,missing,missing,missing,missing,missing,missing,missing,missing,missing,MTC
2600,1.42e-06,0.000559478,0.000527623,0.000577981,0.000592873,0.0005869779999999999,0.0005808679,0.0005346826000000001,0.0004961138999999999,100Mt-noCostDecrease,100Mt-noCostDecrease,UT,comm cooling,missing,missing,missing,missing,missing,missing,missing,missing,missing,MTC
2601,0.56892325,0.45856369,0.3627572799999999,0.39290706,0.3930485099999998,0.37176894,0.35291498,0.289989372,0.260763791,100Mt-noCostDecrease,100Mt-noCostDecrease,UT,comm heating,missing,missing,missing,missing,missing,missing,missing,missing,missing,MTC
2602,0.06573516,0.07159016,0.10193304,0.11258821,0.11516701,0.1110134099999999,0.108598421,0.096304248,0.08789609,100Mt-noCostDecrease,100Mt-noCostDecrease,UT,comm hot water,missing,missing,missing,missing,missing,missing,missing,missing,missing,MTC
2603,0.01622212,0.03106858,0.1148574,0.1381419,0.1566073,0.1796255,0.2019755,0.1987785,0.1933231,100Mt-noCostDecrease,100Mt-noCostDecrease,UT,comm other,missing,missing,missing,missing,missing,missing,missing,missing,missing,MTC
2604,0.0,0.0,0.0,0.0,0.0,0.0,0.0,0.00040407,0.007330692,100Mt-noCostDecrease,100Mt-noCostDecrease,UT,gas to liquids,missing,missing,missing,missing,missing,missing,missing,missing,missing,MTC
2605,1.96635784,1.39206789,1.3391854061999997,1.437855829,1.44358566877,1.44643075747,1.4689691267500005,1.4258767380409998,1.311981066046,100Mt-noCostDecrease,100Mt-noCostDecrease,UT,industrial energy use,missing,missing,missing,missing,missing,missing,missing,missing,missing,MTC
2606,4.555337283999999,6.712904741000001,6.655067310000001,6.676702832799998,5.7335188138,3.245668726,2.8904492110000004,2.1061404227,2.1176908224999997,100Mt-noCostDecrease,100Mt-noCostDecrease,UT,intermediate generation,missing,missing,missing,missing,missing,missing,missing,missing,missing,MTC
2607,0.538299,0.425804,0.4655741,0.450136,0.3855996,0.318115,0.2908374999999999,0.24958318,0.21212929,100Mt-noCostDecrease,100Mt-noCostDecrease,UT,oil refining,missing,missing,missing,missing,missing,missing,missing,missing,missing,MTC
2608,0.1229963513,0.0060419699999999,0.0138324426499999,0.01224245711582,0.008139514222099,0.00529688958993,0.0041291020337499,0.0021102235007199,0.0011995469926899,100Mt-noCostDecrease,100Mt-noCostDecrease,UT,peak generation,missing,missing,missing,missing,missing,missing,missing,missing,missing,MTC
2609,0.082294835,0.11753092,0.093106935,0.10103099,0.08120056,0.0785173399999999,0.08380714,0.08511173,0.08907055,100Mt-noCostDecrease,100Mt-noCostDecrease,UT,process heat cement,missing,missing,missing,missing,missing,missing,missing,missing,missing,MTC
2610,-0.0677306,-0.0836852,-0.197642,-0.832794,-2.42731,-4.48943,-5.05908,-7.78304,-10.1437,100Mt-noCostDecrease,100Mt-noCostDecrease,UT,regional biomass,missing,missing,missing,missing,missing,missing,missing,missing,missing,MTC
2611,0.0,-0.00121266,-0.0380926,-0.0433397,-0.0543451,-0.0694731,-0.0726434,-0.092086,-0.0936914,100Mt-noCostDecrease,100Mt-noCostDecrease,UT,regional biomassOil,missing,missing,missing,missing,missing,missing,missing,missing,missing,MTC
2612,0.0,0.0,-0.0190855,-0.0355998,-0.0862303,-0.153323,-0.174619,-0.248263,-0.264912,100Mt-noCostDecrease,100Mt-noCostDecrease,UT,regional corn for ethanol,missing,missing,missing,missing,missing,missing,missing,missing,missing,MTC
2613,0.00379992,0.0122901,0.00365137,0.0039297499999999,0.003989622,0.003744671,0.003714868,0.003499887,0.0031798779999999,100Mt-noCostDecrease,100Mt-noCostDecrease,UT,resid clothes dryers,missing,missing,missing,missing,missing,missing,missing,missing,missing,MTC
2614,0.013198797,0.037376569,0.0154415229999999,0.0155479870999999,0.0145357467,0.0129953009,0.0112158693,0.0102169092999999,0.008790695,100Mt-noCostDecrease,100Mt-noCostDecrease,UT,resid cooking,missing,missing,missing,missing,missing,missing,missing,missing,missing,MTC
2615,0.6547013399999999,0.6163278899999999,0.632216961,0.6217511209999999,0.5799821770000001,0.5153978809999998,0.4467240409999999,0.3680416147999999,0.2930283851000001,100Mt-noCostDecrease,100Mt-noCostDecrease,UT,resid heating,missing,missing,missing,missing,missing,missing,missing,missing,missing,MTC
2616,0.139207727,0.240684818,0.220627587,0.231475531,0.230734596,0.2138379746,0.2161626784999999,0.203418141,0.180430603,100Mt-noCostDecrease,100Mt-noCostDecrease,UT,resid hot water,missing,missing,missing,missing,missing,missing,missing,missing,missing,MTC
2617,0.0046388,0.00244412,0.01537672,0.0172642699999999,0.01683258,0.01703692,0.01810375,0.0156147199999999,0.0134954,100Mt-noCostDecrease,100Mt-noCostDecrease,UT,resid other,missing,missing,missing,missing,missing,missing,missing,missing,missing,MTC
2618,0.865315472,0.043910039,0.0788020636,0.0713172904894,0.0514297907701999,0.0365501245393,0.0299537593079,0.0194520754834999,0.0137489777695,100Mt-noCostDecrease,100Mt-noCostDecrease,UT,subpeak generation,missing,missing,missing,missing,missing,missing,missing,missing,missing,MTC
2619,0.124039,0.17412,0.159278,0.175156,0.181896,0.185355,0.194105,0.199043,0.205612,100Mt-noCostDecrease,100Mt-noCostDecrease,UT,trn_aviation_intl,missing,missing,missing,missing,missing,missing,missing,missing,missing,MTC
2620,0.058716611,0.0926483,0.113933,0.12748,0.137401,0.144393,0.153205,0.159864,0.163867,100Mt-noCostDecrease,100Mt-noCostDecrease,UT,trn_freight,missing,missing,missing,missing,missing,missing,missing,missing,missing,MTC
2621,0.875042,1.4029919999999998,1.71379662,1.869235564,1.82970857,1.655629946,1.586754435,1.405424181,1.1893804200000002,100Mt-noCostDecrease,100Mt-noCostDecrease,UT,trn_freight_road,missing,missing,missing,missing,missing,missing,missing,missing,missing,MTC
2622,0.47644364,0.6693012700000001,0.64540718,0.72434784,0.74343079,0.75762894,0.80144284,0.81546048,0.84538515,100Mt-noCostDecrease,100Mt-noCostDecrease,UT,trn_pass,missing,missing,missing,missing,missing,missing,missing,missing,missing,MTC
2623,0.0335565,0.05864369,0.10319326,0.1082339,0.0810061,0.06231653,0.05468728,0.0515644399999999,0.04950194,100Mt-noCostDecrease,100Mt-noCostDecrease,UT,trn_pass_road,missing,missing,missing,missing,missing,missing,missing,missing,missing,MTC
2624,0.00471567,0.00733614,0.00836043,0.00822402,0.00781846,0.00742561,0.00724418,0.0069592,0.00675222,100Mt-noCostDecrease,100Mt-noCostDecrease,UT,trn_pass_road_LDV,missing,missing,missing,missing,missing,missing,missing,missing,missing,MTC
2625,1.33991182,2.08463772,2.40490438,2.208608391,1.7129474930000004,1.3032904559999998,0.9742396300000002,0.8387418199999999,0.765247211,100Mt-noCostDecrease,100Mt-noCostDecrease,UT,trn_pass_road_LDV_4W,missing,missing,missing,missing,missing,missing,missing,missing,missing,MTC
2626,0.00809411,0.0,0.0,0.0,0.0,0.0,0.0,0.0,0.0,100Mt-noCostDecrease,100Mt-noCostDecrease,UT,trn_shipping_intl,missing,missing,missing,missing,missing,missing,missing,missing,missing,MTC
2627,0.0,0.0,0.0,-0.0011561363,-0.00113035,-0.0030414549999999,-0.00593565,-0.01102145,-0.01783632,100Mt-noCostDecrease,100Mt-noCostDecrease,VT,CDR_regional,missing,missing,missing,missing,missing,missing,missing,missing,missing,MTC
2628,0.01407385965,0.07564024237,0.0262745948999999,0.032167571756,0.041911540279,0.0528446791571999,0.051302005749,0.0439689223762,0.04700881812789,100Mt-noCostDecrease,100Mt-noCostDecrease,VT,base load generation,missing,missing,missing,missing,missing,missing,missing,missing,missing,MTC
2629,0.0,0.0,0.0555042419999999,0.2270947909999999,0.638338643,1.122085878,1.2438701770000002,1.589793807,1.6235354419999994,100Mt-noCostDecrease,100Mt-noCostDecrease,VT,biorefining,missing,missing,missing,missing,missing,missing,missing,missing,missing,MTC
2630,0.001083563,0.00118904,0.0017511899999999,0.0017254668999999,0.0016167118,0.001458512,0.0013730116,0.0011882694,0.0010706814,100Mt-noCostDecrease,100Mt-noCostDecrease,VT,comm cooking,missing,missing,missing,missing,missing,missing,missing,missing,missing,MTC
2631,6.67423e-05,0.00023716,0.0005678503000000001,0.0005573844,0.0005377976,0.0005140737,0.0004990241000000001,0.0004533009,0.000425419,100Mt-noCostDecrease,100Mt-noCostDecrease,VT,comm cooling,missing,missing,missing,missing,missing,missing,missing,missing,missing,MTC
2632,0.11953938,0.175841745,0.18436732,0.1820819699999999,0.17717568,0.17130537,0.16476414,0.143426859,0.132514586,100Mt-noCostDecrease,100Mt-noCostDecrease,VT,comm heating,missing,missing,missing,missing,missing,missing,missing,missing,missing,MTC
2633,0.02419418,0.00735455,0.007111617,0.0070096389999999,0.0066173549999999,0.005937584,0.0053689079999999,0.0042445901999999,0.0037253281,100Mt-noCostDecrease,100Mt-noCostDecrease,VT,comm hot water,missing,missing,missing,missing,missing,missing,missing,missing,missing,MTC
2634,0.0032451,0.00294564,0.0408618,0.0419713,0.0413699,0.0413069999999999,0.0421773,0.0395788,0.0374962,100Mt-noCostDecrease,100Mt-noCostDecrease,VT,comm other,missing,missing,missing,missing,missing,missing,missing,missing,missing,MTC
2635,0.129893723,0.13802908,0.0624915549999999,0.0638717833,0.0642949594999999,0.0651982919,0.0663079612,0.06465309324,0.06125209528,100Mt-noCostDecrease,100Mt-noCostDecrease,VT,industrial energy use,missing,missing,missing,missing,missing,missing,missing,missing,missing,MTC
2636,0.022077199,0.0766862454099999,0.07649598666,0.08426202575,0.09211483101,0.10552838179,0.11068699077,0.117140920368,0.113883805915,100Mt-noCostDecrease,100Mt-noCostDecrease,VT,intermediate generation,missing,missing,missing,missing,missing,missing,missing,missing,missing,MTC
2637,1.487762e-05,2.8401865e-06,2.125341419e-06,1.92253136e-06,1.577376464e-06,1.261318531e-06,1.0335598929999994e-06,7.036535839999997e-07,4.680947150000001e-07,100Mt-noCostDecrease,100Mt-noCostDecrease,VT,peak generation,missing,missing,missing,missing,missing,missing,missing,missing,missing,MTC
2638,-0.118114,-0.31438,-0.506242,-1.04211,-2.35714,-3.95779,-4.37988,-5.59317,-5.82749,100Mt-noCostDecrease,100Mt-noCostDecrease,VT,regional biomass,missing,missing,missing,missing,missing,missing,missing,missing,missing,MTC
2639,0.0,0.0,-0.0129141,-0.0186681,-0.0321896,-0.0491927,-0.0548031,-0.0729645,-0.0764005,100Mt-noCostDecrease,100Mt-noCostDecrease,VT,regional biomassOil,missing,missing,missing,missing,missing,missing,missing,missing,missing,MTC
2640,0.0,0.0,-0.0162038,-0.0298674,-0.0705966,-0.121796,-0.137885,-0.190689,-0.201371,100Mt-noCostDecrease,100Mt-noCostDecrease,VT,regional corn for ethanol,missing,missing,missing,missing,missing,missing,missing,missing,missing,MTC
2641,0.00025134,0.00042884,0.0002332858,0.0002327802,0.0002281979,0.0002116028,0.0002115434,0.0001994579,0.00017909289999999998,100Mt-noCostDecrease,100Mt-noCostDecrease,VT,resid clothes dryers,missing,missing,missing,missing,missing,missing,missing,missing,missing,MTC
2642,0.00138083,0.00195484,0.0024077209,0.0022819142,0.0020501068,0.0018168655,0.00157741872,0.0014628665499999,0.0012753119,100Mt-noCostDecrease,100Mt-noCostDecrease,VT,resid cooking,missing,missing,missing,missing,missing,missing,missing,missing,missing,MTC
2643,0.330190415,0.4407275141999999,0.487648621,0.472590027,0.4540014419999999,0.4381665780000001,0.4216003880000001,0.391404873,0.345453456,100Mt-noCostDecrease,100Mt-noCostDecrease,VT,resid heating,missing,missing,missing,missing,missing,missing,missing,missing,missing,MTC
2644,0.028823524,0.045045559,0.025799621,0.0241236929999999,0.0214523989999999,0.0163874051999999,0.0154216106,0.012985849,0.009931266,100Mt-noCostDecrease,100Mt-noCostDecrease,VT,resid hot water,missing,missing,missing,missing,missing,missing,missing,missing,missing,MTC
2645,0.00183698,0.00322224,0.003042668,0.003184196,0.0030266589999999,0.003163564,0.003349436,0.002827137,0.00242639,100Mt-noCostDecrease,100Mt-noCostDecrease,VT,resid other,missing,missing,missing,missing,missing,missing,missing,missing,missing,MTC
2646,0.00091108352,0.000164759256,2.422836300000001e-05,3.528157612700001e-05,5.5979130745e-05,7.461558946000003e-05,9.364145866e-05,0.00015857510563,0.00014837525485000009,100Mt-noCostDecrease,100Mt-noCostDecrease,VT,subpeak generation,missing,missing,missing,missing,missing,missing,missing,missing,missing,MTC
2647,0.00417764,0.00995623,0.00592832,0.00605001,0.00609147,0.00611408,0.00635739,0.00646525,0.00660041,100Mt-noCostDecrease,100Mt-noCostDecrease,VT,trn_aviation_intl,missing,missing,missing,missing,missing,missing,missing,missing,missing,MTC
2648,0.0119829173,0.0139271,0.0168668,0.0176461,0.0185267,0.0192467,0.0204562,0.0215739,0.0224009,100Mt-noCostDecrease,100Mt-noCostDecrease,VT,trn_freight,missing,missing,missing,missing,missing,missing,missing,missing,missing,MTC
2649,0.1805189999999999,0.2109005,0.253859064,0.2602199907,0.2491854827,0.2246639325999999,0.2202434783999999,0.2007086032,0.1751366359,100Mt-noCostDecrease,100Mt-noCostDecrease,VT,trn_freight_road,missing,missing,missing,missing,missing,missing,missing,missing,missing,MTC
2650,0.01647774,0.038637277,0.024491673,0.025439282,0.025285427,0.025386588,0.02670067,0.026957694,0.027637015,100Mt-noCostDecrease,100Mt-noCostDecrease,VT,trn_pass,missing,missing,missing,missing,missing,missing,missing,missing,missing,MTC
2651,0.00692272,0.00809402998,0.0135174141,0.0137482051,0.009775877,0.0072566259999999,0.0062267519999999,0.00575392,0.005403834,100Mt-noCostDecrease,100Mt-noCostDecrease,VT,trn_pass_road,missing,missing,missing,missing,missing,missing,missing,missing,missing,MTC
2652,0.00188748,0.00248919,0.0019932,0.00179422,0.00165465,0.00156093,0.0015334,0.00147826,0.00143033,100Mt-noCostDecrease,100Mt-noCostDecrease,VT,trn_pass_road_LDV,missing,missing,missing,missing,missing,missing,missing,missing,missing,MTC
2653,0.5361397269999999,0.707350433,0.596473781,0.52887735,0.4003196609999999,0.2995267889,0.21992758,0.190995764,0.1724451719999999,100Mt-noCostDecrease,100Mt-noCostDecrease,VT,trn_pass_road_LDV_4W,missing,missing,missing,missing,missing,missing,missing,missing,missing,MTC
2654,0.000538941,0.0,0.0,0.0,0.0,0.0,0.0,0.0,0.0,100Mt-noCostDecrease,100Mt-noCostDecrease,VT,trn_shipping_intl,missing,missing,missing,missing,missing,missing,missing,missing,missing,MTC
2655,0.0,0.0,0.0,-0.03140187,-0.03303461,-0.0802755,-0.1390326,-0.2311707,-0.3598759,100Mt-noCostDecrease,100Mt-noCostDecrease,VA,CDR_regional,missing,missing,missing,missing,missing,missing,missing,missing,missing,MTC
2656,2.9473603,5.6340658,2.8052315,2.8346826674800005,2.4331272361139997,1.4376011690379993,1.4721504947569997,1.26234408875,1.6166687283623904,100Mt-noCostDecrease,100Mt-noCostDecrease,VA,base load generation,missing,missing,missing,missing,missing,missing,missing,missing,missing,MTC
2657,0.0,7.6946e-05,0.02098986,0.02003704,0.01636798,0.012018526,0.0089290379999999,0.00577599,0.002560107,100Mt-noCostDecrease,100Mt-noCostDecrease,VA,biomass liquids,missing,missing,missing,missing,missing,missing,missing,missing,missing,MTC
2658,0.0,0.0,0.060166607,0.2506621959999999,0.7196508450000001,1.298449696,1.445885693999999,1.892903262,1.9491904680000005,100Mt-noCostDecrease,100Mt-noCostDecrease,VA,biorefining,missing,missing,missing,missing,missing,missing,missing,missing,missing,MTC
2659,0.260444,0.368081,0.271852,0.26225937,0.1143598,0.0516709999999999,0.0521859,0.03725813,0.03613704,100Mt-noCostDecrease,100Mt-noCostDecrease,VA,cement,missing,missing,missing,missing,missing,missing,missing,missing,missing,MTC
2660,0.0,0.0,0.0,0.0,0.0,0.0,0.0,0.000261621,0.004816054,100Mt-noCostDecrease,100Mt-noCostDecrease,VA,coal to liquids,missing,missing,missing,missing,missing,missing,missing,missing,missing,MTC
2661,0.0328843,0.0736469,0.0689454,0.07002227,0.06692471,0.0614307199999999,0.0589607199999999,0.051536123,0.046221667,100Mt-noCostDecrease,100Mt-noCostDecrease,VA,comm cooking,missing,missing,missing,missing,missing,missing,missing,missing,missing,MTC
2662,0.0032234,0.0072775,0.002402372,0.002416616,0.002377481,0.002318327,0.002294745,0.0021081357,0.0019653926,100Mt-noCostDecrease,100Mt-noCostDecrease,VA,comm cooling,missing,missing,missing,missing,missing,missing,missing,missing,missing,MTC
2663,1.149667,1.3004986,0.8185252,0.8047862,0.7576751,0.6931085600000001,0.63603132,0.4811468200000001,0.42459193,100Mt-noCostDecrease,100Mt-noCostDecrease,VA,comm heating,missing,missing,missing,missing,missing,missing,missing,missing,missing,MTC
2664,0.1500046,0.1461512999999999,0.16941651,0.17036479,0.16296425,0.1487751399999999,0.1405150499999999,0.115196812,0.10103934,100Mt-noCostDecrease,100Mt-noCostDecrease,VA,comm hot water,missing,missing,missing,missing,missing,missing,missing,missing,missing,MTC
2665,0.1115369,0.0801493,0.335893,0.378973,0.422924,0.4898949999999999,0.547312,0.5196189999999999,0.488706,100Mt-noCostDecrease,100Mt-noCostDecrease,VA,comm other,missing,missing,missing,missing,missing,missing,missing,missing,missing,MTC
2666,0.0,0.0,0.0,0.0,0.0,0.0,0.0,0.000142079,0.002577629,100Mt-noCostDecrease,100Mt-noCostDecrease,VA,gas to liquids,missing,missing,missing,missing,missing,missing,missing,missing,missing,MTC
2667,5.869945,4.940788199999999,3.950442724,4.240421131,4.2887313467,4.4030612318,4.554793228600001,4.360450495200001,4.203339400539999,100Mt-noCostDecrease,100Mt-noCostDecrease,VA,industrial energy use,missing,missing,missing,missing,missing,missing,missing,missing,missing,MTC
2668,3.6368985,6.175626799999999,3.35184612,3.219668899,2.8411555266800006,2.4447149409000013,2.241297462300001,1.9030901223999983,1.7278275673,100Mt-noCostDecrease,100Mt-noCostDecrease,VA,intermediate generation,missing,missing,missing,missing,missing,missing,missing,missing,missing,MTC
2669,0.197557,0.0,0.0,0.0,0.0,0.0,0.0,0.0,0.0,100Mt-noCostDecrease,100Mt-noCostDecrease,VA,oil refining,missing,missing,missing,missing,missing,missing,missing,missing,missing,MTC
2670,0.031265633,0.0424064899999999,0.0426899191099999,0.03789386101108,0.0266578938020399,0.0190825919003,0.0164400576563999,0.0099234385093,0.0063662381653,100Mt-noCostDecrease,100Mt-noCostDecrease,VA,peak generation,missing,missing,missing,missing,missing,missing,missing,missing,missing,MTC
2671,0.20923361,0.29882079,0.21759687,0.22417456,0.17700699,0.1671436999999999,0.17515043,0.1749323599999999,0.18020215,100Mt-noCostDecrease,100Mt-noCostDecrease,VA,process heat cement,missing,missing,missing,missing,missing,missing,missing,missing,missing,MTC
2672,-2.03375,-2.66563,-2.16114,-2.95585,-4.60476,-7.03166,-7.8529,-14.0476,-21.6386,100Mt-noCostDecrease,100Mt-noCostDecrease,VA,regional biomass,missing,missing,missing,missing,missing,missing,missing,missing,missing,MTC
2673,0.0,-0.00109139,-0.0359347,-0.0413016,-0.0527463,-0.0683561,-0.0718756,-0.0917296,-0.0937365,100Mt-noCostDecrease,100Mt-noCostDecrease,VA,regional biomassOil,missing,missing,missing,missing,missing,missing,missing,missing,missing,MTC
2674,0.0,0.0,-0.104252,-0.117176,-0.15345,-0.203096,-0.211925,-0.27343,-0.277428,100Mt-noCostDecrease,100Mt-noCostDecrease,VA,regional corn for ethanol,missing,missing,missing,missing,missing,missing,missing,missing,missing,MTC
2675,0.00864922,0.0200206,0.0090022,0.00923001,0.0092416399999999,0.00878,0.00887073,0.00837552,0.00748356,100Mt-noCostDecrease,100Mt-noCostDecrease,VA,resid clothes dryers,missing,missing,missing,missing,missing,missing,missing,missing,missing,MTC
2676,0.03399935,0.06429836,0.045482113,0.0440762629999999,0.040853149,0.037049431,0.0329873416,0.030381233,0.025905291,100Mt-noCostDecrease,100Mt-noCostDecrease,VA,resid cooking,missing,missing,missing,missing,missing,missing,missing,missing,missing,MTC
2677,1.5315227,1.9119908,1.2249744,1.13902346,1.01114034,0.8532697700000001,0.6926028000000001,0.5303434919999999,0.3898595760000001,100Mt-noCostDecrease,100Mt-noCostDecrease,VA,resid heating,missing,missing,missing,missing,missing,missing,missing,missing,missing,MTC
2678,0.20970153,0.43330903,0.27744788,0.2711841770000001,0.258756876,0.2267033179999999,0.232621511,0.209161632,0.17115903,100Mt-noCostDecrease,100Mt-noCostDecrease,VA,resid hot water,missing,missing,missing,missing,missing,missing,missing,missing,missing,MTC
2679,0.02242212,0.0205036,0.047735,0.0530035,0.052611,0.0546553,0.0585766999999999,0.0484168,0.0402395,100Mt-noCostDecrease,100Mt-noCostDecrease,VA,resid other,missing,missing,missing,missing,missing,missing,missing,missing,missing,MTC
2680,0.27039669,0.4480300999999999,0.2982728347000001,0.268041546036,0.1990858136819999,0.149517771776,0.130895839034,0.0897695736639999,0.066253760652,100Mt-noCostDecrease,100Mt-noCostDecrease,VA,subpeak generation,missing,missing,missing,missing,missing,missing,missing,missing,missing,MTC
2681,0.36923,0.443788,0.264988,0.276434,0.278011,0.278509,0.287414,0.29051,0.295721,100Mt-noCostDecrease,100Mt-noCostDecrease,VA,trn_aviation_intl,missing,missing,missing,missing,missing,missing,missing,missing,missing,MTC
2682,0.2562497,0.3100062,0.2641187,0.2827326,0.2912866,0.2980039,0.3115515,0.3210134,0.3261216,100Mt-noCostDecrease,100Mt-noCostDecrease,VA,trn_freight,missing,missing,missing,missing,missing,missing,missing,missing,missing,MTC
2683,2.8990080000000003,3.979773,3.60512975,3.7798823,3.60958532,3.2386532649999995,3.120010410000001,2.78592919,2.37453043,100Mt-noCostDecrease,100Mt-noCostDecrease,VA,trn_freight_road,missing,missing,missing,missing,missing,missing,missing,missing,missing,MTC
2684,1.41905723,1.7070031,1.0690716,1.1347526,1.1242035,1.1225984,1.1671492,1.1669135,1.188767,100Mt-noCostDecrease,100Mt-noCostDecrease,VA,trn_pass,missing,missing,missing,missing,missing,missing,missing,missing,missing,MTC
2685,0.111176,0.15532749,0.1973435999999999,0.2026451,0.14772944,0.11294325,0.1002018399999999,0.09532404,0.0921282799999999,100Mt-noCostDecrease,100Mt-noCostDecrease,VA,trn_pass_road,missing,missing,missing,missing,missing,missing,missing,missing,missing,MTC
2686,0.0198486,0.0285235,0.0262647,0.0244982,0.0222133,0.0204702,0.0194084,0.018043,0.0169192,100Mt-noCostDecrease,100Mt-noCostDecrease,VA,trn_pass_road_LDV,missing,missing,missing,missing,missing,missing,missing,missing,missing,MTC
2687,5.63941555,8.104002190000001,7.84209577,7.0344527800000005,5.37129368,4.059342514,3.01727672,2.62396344,2.38545925,100Mt-noCostDecrease,100Mt-noCostDecrease,VA,trn_pass_road_LDV_4W,missing,missing,missing,missing,missing,missing,missing,missing,missing,MTC
2688,0.562343,0.439475,0.0999118,0.103166,0.0997132,0.0975507,0.100322,0.0989398,0.0999329,100Mt-noCostDecrease,100Mt-noCostDecrease,VA,trn_shipping_intl,missing,missing,missing,missing,missing,missing,missing,missing,missing,MTC
2689,0.0,0.0,0.0,-0.024564103,-0.02721508,-0.0599645999999999,-0.1087302,-0.1935254,-0.3233129999999999,100Mt-noCostDecrease,100Mt-noCostDecrease,WA,CDR_regional,missing,missing,missing,missing,missing,missing,missing,missing,missing,MTC
2690,0.8286754,1.24568,0.6412148284700001,0.62750801521,0.7426638969899999,0.6622521886,0.6720043416439999,0.7133109531794997,1.0954864698205995,100Mt-noCostDecrease,100Mt-noCostDecrease,WA,base load generation,missing,missing,missing,missing,missing,missing,missing,missing,missing,MTC
2691,0.0,0.001050894,0.0177412,0.0169321,0.013787,0.010114,0.00751372,0.00485994,0.0021541,100Mt-noCostDecrease,100Mt-noCostDecrease,WA,biomass liquids,missing,missing,missing,missing,missing,missing,missing,missing,missing,MTC
2692,0.0,0.0,0.059254508,0.25020021,0.720485445,1.301339386,1.4491636289999998,1.895619011,1.951023816,100Mt-noCostDecrease,100Mt-noCostDecrease,WA,biorefining,missing,missing,missing,missing,missing,missing,missing,missing,missing,MTC
2693,0.206666,0.292078,0.245915,0.25640467,0.1145296,0.0531721,0.0542054,0.0390926,0.03827208,100Mt-noCostDecrease,100Mt-noCostDecrease,WA,cement,missing,missing,missing,missing,missing,missing,missing,missing,missing,MTC
2694,0.0400803,0.0721468,0.05051916,0.05410424,0.0527296899999999,0.0486876599999999,0.04584637,0.039441111,0.034449202,100Mt-noCostDecrease,100Mt-noCostDecrease,WA,comm cooking,missing,missing,missing,missing,missing,missing,missing,missing,missing,MTC
2695,0.000593561,0.00386951,0.002289709,0.002426851,0.0023987569999999,0.002305277,0.002217965,0.001983089,0.0018162931,100Mt-noCostDecrease,100Mt-noCostDecrease,WA,comm cooling,missing,missing,missing,missing,missing,missing,missing,missing,missing,MTC
2696,0.6467201,0.5847763,0.4671952,0.48551218,0.4677461500000001,0.43135417,0.3950570699999999,0.30647874,0.26759135,100Mt-noCostDecrease,100Mt-noCostDecrease,WA,comm heating,missing,missing,missing,missing,missing,missing,missing,missing,missing,MTC
2697,0.1218297999999999,0.1584132999999999,0.13633486,0.1444527099999999,0.14092055,0.12980341,0.12183844,0.10225079,0.090642142,100Mt-noCostDecrease,100Mt-noCostDecrease,WA,comm hot water,missing,missing,missing,missing,missing,missing,missing,missing,missing,MTC
2698,0.0573188,0.0578484,0.393583,0.447266,0.473358,0.5085729999999999,0.548575,0.5303640000000001,0.510255,100Mt-noCostDecrease,100Mt-noCostDecrease,WA,comm other,missing,missing,missing,missing,missing,missing,missing,missing,missing,MTC
2699,3.642624,2.415849,2.8998720711999995,3.0961049499,3.17439530309,3.248701176336,3.3304314773449994,3.2847897215353,3.16524570335,100Mt-noCostDecrease,100Mt-noCostDecrease,WA,industrial energy use,missing,missing,missing,missing,missing,missing,missing,missing,missing,MTC
2700,1.2061936599999998,2.7886319362999994,1.864873623,1.0767180347999998,0.96912760049,0.8697079112000002,0.7832554144000003,0.6266948353999997,0.5506965378000003,100Mt-noCostDecrease,100Mt-noCostDecrease,WA,intermediate generation,missing,missing,missing,missing,missing,missing,missing,missing,missing,MTC
2701,1.72842,1.58734,1.629599,1.575567,1.34968,1.113464,1.0179898,0.8735906,0.7424961,100Mt-noCostDecrease,100Mt-noCostDecrease,WA,oil refining,missing,missing,missing,missing,missing,missing,missing,missing,missing,MTC
2702,0.0311060833679999,0.0318343446999999,0.0244496300739999,0.02163523116946,0.0143749064425,0.00934369594939,0.0072787408439099,0.00371071245536,0.00208598783631,100Mt-noCostDecrease,100Mt-noCostDecrease,WA,peak generation,missing,missing,missing,missing,missing,missing,missing,missing,missing,MTC
2703,0.1660302599999999,0.23711831,0.1967391,0.21907415,0.17468578,0.16712895,0.17701157,0.17890086,0.1862080499999999,100Mt-noCostDecrease,100Mt-noCostDecrease,WA,process heat cement,missing,missing,missing,missing,missing,missing,missing,missing,missing,MTC
2704,-2.09378,-1.95124,-2.42701,-3.1932,-4.84524,-7.02841,-7.66845,-12.0897,-17.6874,100Mt-noCostDecrease,100Mt-noCostDecrease,WA,regional biomass,missing,missing,missing,missing,missing,missing,missing,missing,missing,MTC
2705,0.0,-0.0126121,-0.265536,-0.260396,-0.231044,-0.199018,-0.168832,-0.154169,-0.121057,100Mt-noCostDecrease,100Mt-noCostDecrease,WA,regional biomassOil,missing,missing,missing,missing,missing,missing,missing,missing,missing,MTC
2706,0.0,-0.000701889,-0.0190855,-0.0355657,-0.0860704,-0.152945,-0.174177,-0.247564,-0.264148,100Mt-noCostDecrease,100Mt-noCostDecrease,WA,regional corn for ethanol,missing,missing,missing,missing,missing,missing,missing,missing,missing,MTC
2707,0.00486634,0.0123654,0.00522537,0.00578328,0.0058803,0.00550121,0.00540788,0.005061483,0.004583223,100Mt-noCostDecrease,100Mt-noCostDecrease,WA,resid clothes dryers,missing,missing,missing,missing,missing,missing,missing,missing,missing,MTC
2708,0.0180034,0.03953452,0.024900442,0.025223707,0.0232997329999999,0.020503416,0.0172747849999999,0.0155870303999999,0.0133131969999999,100Mt-noCostDecrease,100Mt-noCostDecrease,WA,resid cooking,missing,missing,missing,missing,missing,missing,missing,missing,missing,MTC
2709,0.9835222999999998,1.21651962,1.09304712,1.0449714600000002,0.9429639399999998,0.8094820199999999,0.6697264000000002,0.526699368,0.3989689380000001,100Mt-noCostDecrease,100Mt-noCostDecrease,WA,resid heating,missing,missing,missing,missing,missing,missing,missing,missing,missing,MTC
2710,0.12073354,0.27046909,0.34306105,0.3523711400000001,0.3340300940000001,0.279813634,0.279589349,0.2517349079999999,0.21051922,100Mt-noCostDecrease,100Mt-noCostDecrease,WA,resid hot water,missing,missing,missing,missing,missing,missing,missing,missing,missing,MTC
2711,0.00924106,0.0117874,0.02686321,0.0308047,0.02991162,0.03040004,0.03238705,0.0280480499999999,0.02428608,100Mt-noCostDecrease,100Mt-noCostDecrease,WA,resid other,missing,missing,missing,missing,missing,missing,missing,missing,missing,MTC
2712,0.2190343685699999,0.22295585006,0.1376875092,0.1240525564214999,0.0886371747792,0.0621607309222,0.050374963271,0.031389037674,0.0212743514381,100Mt-noCostDecrease,100Mt-noCostDecrease,WA,subpeak generation,missing,missing,missing,missing,missing,missing,missing,missing,missing,MTC
2713,0.525609,0.435205,0.486721,0.534749,0.548104,0.55122,0.570072,0.579834,0.592948,100Mt-noCostDecrease,100Mt-noCostDecrease,WA,trn_aviation_intl,missing,missing,missing,missing,missing,missing,missing,missing,missing,MTC
2714,0.410825,0.370723,1.1351330000000002,1.284568,1.253056,1.224292,1.291806,1.279925,1.291091,100Mt-noCostDecrease,100Mt-noCostDecrease,WA,trn_freight,missing,missing,missing,missing,missing,missing,missing,missing,missing,MTC
2715,2.009291,2.736135,3.2760001,3.68409204,3.71074897,3.4315609100000004,3.2765451799999994,2.9328686299999998,2.49835033,100Mt-noCostDecrease,100Mt-noCostDecrease,WA,trn_freight_road,missing,missing,missing,missing,missing,missing,missing,missing,missing,MTC
2716,2.01410038,1.67070858,1.96429799,2.19936423,2.2273788000000003,2.2344894,2.3253293000000004,2.3441308000000003,2.3986379,100Mt-noCostDecrease,100Mt-noCostDecrease,WA,trn_pass,missing,missing,missing,missing,missing,missing,missing,missing,missing,MTC
2717,0.0770558,0.1094786099999999,0.16771914,0.17147838,0.12437071,0.09443446,0.08356227,0.07955482,0.0770012899999999,100Mt-noCostDecrease,100Mt-noCostDecrease,WA,trn_pass_road,missing,missing,missing,missing,missing,missing,missing,missing,missing,MTC
2718,0.015076,0.0194566,0.0211608,0.021497,0.0200019,0.018434,0.0175166,0.0164246,0.0155414,100Mt-noCostDecrease,100Mt-noCostDecrease,WA,trn_pass_road_LDV,missing,missing,missing,missing,missing,missing,missing,missing,missing,MTC
2719,4.28356992,5.5279210800000005,5.75123676,5.23629993,4.01960753,3.024421516999999,2.2253270800000005,1.8951563000000005,1.7153583,100Mt-noCostDecrease,100Mt-noCostDecrease,WA,trn_pass_road_LDV_4W,missing,missing,missing,missing,missing,missing,missing,missing,missing,MTC
2720,2.41336,1.76959,3.586,3.83935,3.77733,3.72305,3.84918,3.82918,3.8981,100Mt-noCostDecrease,100Mt-noCostDecrease,WA,trn_shipping_intl,missing,missing,missing,missing,missing,missing,missing,missing,missing,MTC
2721,0.0,0.0,0.0,-0.02936564,-0.0310579,-0.0511308,-0.0960874999999999,-0.1692330999999999,-0.2554325,100Mt-noCostDecrease,100Mt-noCostDecrease,WV,CDR_regional,missing,missing,missing,missing,missing,missing,missing,missing,missing,MTC
2722,12.42587291511,15.367012350899998,12.191765836799997,12.209973725499998,8.858113677229998,2.6585246742200006,2.28370029487,0.96530739148,1.3263067749748,100Mt-noCostDecrease,100Mt-noCostDecrease,WV,base load generation,missing,missing,missing,missing,missing,missing,missing,missing,missing,MTC
2723,0.0,0.0,0.05902272,0.253815873,0.735047241,1.3323585590000009,1.4838989850000002,1.944945595,2.002856461,100Mt-noCostDecrease,100Mt-noCostDecrease,WV,biorefining,missing,missing,missing,missing,missing,missing,missing,missing,missing,MTC
2724,0.0585828,0.0827942,0.0595392,0.05577851,0.02329598,0.01062654,0.0106329,0.00758492,0.00729789,100Mt-noCostDecrease,100Mt-noCostDecrease,WV,cement,missing,missing,missing,missing,missing,missing,missing,missing,missing,MTC
2725,0.0,0.0,0.0,0.0,0.0,0.0,0.0,0.00247129,0.04564551,100Mt-noCostDecrease,100Mt-noCostDecrease,WV,coal to liquids,missing,missing,missing,missing,missing,missing,missing,missing,missing,MTC
2726,0.0146134599999999,0.0225083599999999,0.0187883849999999,0.0185226709999999,0.01753534,0.016204932,0.015658158,0.0139743,0.012877339,100Mt-noCostDecrease,100Mt-noCostDecrease,WV,comm cooking,missing,missing,missing,missing,missing,missing,missing,missing,missing,MTC
2727,0.000820754,0.00131492,0.0003809161,0.0003652902,0.0003442133,0.0003250828,0.0003131698,0.0002776697,0.00025831645,100Mt-noCostDecrease,100Mt-noCostDecrease,WV,comm cooling,missing,missing,missing,missing,missing,missing,missing,missing,missing,MTC
2728,0.55384726,0.4013791,0.25922718,0.2481234699999999,0.2309877,0.21041883,0.1931664299999999,0.146485011,0.1309653409999999,100Mt-noCostDecrease,100Mt-noCostDecrease,WV,comm heating,missing,missing,missing,missing,missing,missing,missing,missing,missing,MTC
2729,0.05525678,0.04094973,0.043408759,0.042102374,0.039570585,0.036385235,0.0346773021999999,0.0291294333999999,0.0262320389999999,100Mt-noCostDecrease,100Mt-noCostDecrease,WV,comm hot water,missing,missing,missing,missing,missing,missing,missing,missing,missing,MTC
2730,0.04119634,0.01137474,0.0684194,0.071898,0.0758393,0.0849063999999999,0.0919106,0.0860734,0.0808262,100Mt-noCostDecrease,100Mt-noCostDecrease,WV,comm other,missing,missing,missing,missing,missing,missing,missing,missing,missing,MTC
2731,0.0,0.0,0.0,0.0,0.0,0.0,0.0,0.00225614,0.04093124,100Mt-noCostDecrease,100Mt-noCostDecrease,WV,gas to liquids,missing,missing,missing,missing,missing,missing,missing,missing,missing,MTC
2732,4.29801211,2.1228203,2.281829418,2.3333763396,2.2559775040000005,2.2509894052000003,2.318580499134,2.255206932515,2.092181314026,100Mt-noCostDecrease,100Mt-noCostDecrease,WV,industrial energy use,missing,missing,missing,missing,missing,missing,missing,missing,missing,MTC
2733,7.46907952105,9.3298386857,5.856818500999998,5.901029089659999,5.599078882049997,3.984734091860001,3.848322205150001,2.3052867901400007,1.9594681071,100Mt-noCostDecrease,100Mt-noCostDecrease,WV,intermediate generation,missing,missing,missing,missing,missing,missing,missing,missing,missing,MTC
2734,0.0435527,0.0508777,0.05733308,0.05542184,0.04746478,0.03913353,0.03577517,0.0307133179999999,0.026105851,100Mt-noCostDecrease,100Mt-noCostDecrease,WV,oil refining,missing,missing,missing,missing,missing,missing,missing,missing,missing,MTC
2735,0.0769488733,0.0039556732,0.00757805946,0.00646597713984,0.002903533702893,0.0031558364717799,0.00296036897656,0.00204890627169,0.0013539459057,100Mt-noCostDecrease,100Mt-noCostDecrease,WV,peak generation,missing,missing,missing,missing,missing,missing,missing,missing,missing,MTC
2736,0.047063887,0.067215162,0.0476444489999999,0.0480203629999999,0.03683426,0.03444972,0.03577205,0.035466154,0.036201802,100Mt-noCostDecrease,100Mt-noCostDecrease,WV,process heat cement,missing,missing,missing,missing,missing,missing,missing,missing,missing,MTC
2737,-0.101894,-0.302991,-0.319779,-0.947506,-2.58748,-4.86116,-5.50653,-10.9468,-17.7178,100Mt-noCostDecrease,100Mt-noCostDecrease,WV,regional biomass,missing,missing,missing,missing,missing,missing,missing,missing,missing,MTC
2738,0.0,0.0,-0.0138463,-0.0202796,-0.035811,-0.056345,-0.0631809,-0.0868032,-0.0923052,100Mt-noCostDecrease,100Mt-noCostDecrease,WV,regional biomassOil,missing,missing,missing,missing,missing,missing,missing,missing,missing,MTC
2739,0.0,0.0,-0.0189104,-0.0355048,-0.086295,-0.153148,-0.174261,-0.248286,-0.265123,100Mt-noCostDecrease,100Mt-noCostDecrease,WV,regional corn for ethanol,missing,missing,missing,missing,missing,missing,missing,missing,missing,MTC
2740,0.00454684,0.00573538,0.002049434,0.002001556,0.001926196,0.0017729859999999,0.0017792009999999,0.0016674239999999,0.0014762619999999,100Mt-noCostDecrease,100Mt-noCostDecrease,WV,resid clothes dryers,missing,missing,missing,missing,missing,missing,missing,missing,missing,MTC
2741,0.015944076,0.017592883,0.0095213455,0.0087974412,0.0077702734,0.0068158094,0.0058056557299999,0.0053127752999999,0.0044918511999999,100Mt-noCostDecrease,100Mt-noCostDecrease,WV,resid cooking,missing,missing,missing,missing,missing,missing,missing,missing,missing,MTC
2742,0.59128775,0.6388028899999999,0.4511132419999999,0.413449214,0.3633721430000001,0.3059186599999999,0.247842125,0.1898036749999999,0.1399092169,100Mt-noCostDecrease,100Mt-noCostDecrease,WV,resid heating,missing,missing,missing,missing,missing,missing,missing,missing,missing,MTC
2743,0.089421614,0.103233623,0.0604014489999999,0.055800714,0.0507177315999999,0.0428539177,0.0440774813,0.0394585248,0.032243395,100Mt-noCostDecrease,100Mt-noCostDecrease,WV,resid hot water,missing,missing,missing,missing,missing,missing,missing,missing,missing,MTC
2744,0.00599724,0.00187376,0.00910629,0.00949128,0.00911767,0.00974952,0.01028713,0.00829231,0.00688757,100Mt-noCostDecrease,100Mt-noCostDecrease,WV,resid other,missing,missing,missing,missing,missing,missing,missing,missing,missing,MTC
2745,0.5705093512099999,0.058579773,0.04144331956,0.0365337662045,0.0258936393294,0.0221577902051999,0.019149418106,0.0147647441669999,0.0114588652639999,100Mt-noCostDecrease,100Mt-noCostDecrease,WV,subpeak generation,missing,missing,missing,missing,missing,missing,missing,missing,missing,MTC
2746,0.00636765,0.00561235,0.00476044,0.00489306,0.00487182,0.00484811,0.00497875,0.004995,0.00505672,100Mt-noCostDecrease,100Mt-noCostDecrease,WV,trn_aviation_intl,missing,missing,missing,missing,missing,missing,missing,missing,missing,MTC
2747,0.06686,0.0848559,0.0713827,0.0757047,0.0783173,0.0800501,0.0830343,0.0851536,0.0857413,100Mt-noCostDecrease,100Mt-noCostDecrease,WV,trn_freight,missing,missing,missing,missing,missing,missing,missing,missing,missing,MTC
2748,1.012461,1.284984,1.0753361060000002,1.115099665,1.05238398,0.9312554509999998,0.8893551000000001,0.783576613,0.6587791569999999,100Mt-noCostDecrease,100Mt-noCostDecrease,WV,trn_freight_road,missing,missing,missing,missing,missing,missing,missing,missing,missing,MTC
2749,0.0271891,0.02506252,0.02226163,0.02336593,0.0229791099999999,0.02288188,0.02372879,0.0236078599999999,0.02398671,100Mt-noCostDecrease,100Mt-noCostDecrease,WV,trn_pass,missing,missing,missing,missing,missing,missing,missing,missing,missing,MTC
2750,0.0388275,0.0599578999999999,0.0892189999999999,0.0922517,0.0674448399999999,0.0519237699999999,0.0454837,0.04241859,0.04025261,100Mt-noCostDecrease,100Mt-noCostDecrease,WV,trn_pass_road,missing,missing,missing,missing,missing,missing,missing,missing,missing,MTC
2751,0.00547229,0.00603089,0.00518667,0.00477096,0.00431458,0.00398003,0.00376313,0.00349045,0.00327412,100Mt-noCostDecrease,100Mt-noCostDecrease,WV,trn_pass_road_LDV,missing,missing,missing,missing,missing,missing,missing,missing,missing,MTC
2752,1.55470594,1.71360977,1.488454106,1.300490157,0.974308194,0.7255233980000001,0.530684059,0.4671391989999999,0.4242719179999999,100Mt-noCostDecrease,100Mt-noCostDecrease,WV,trn_pass_road_LDV_4W,missing,missing,missing,missing,missing,missing,missing,missing,missing,MTC
2753,0.0,0.0,0.0,-0.0288139,-0.02977236,-0.0580864,-0.1318784,-0.3013031,-0.5773543,100Mt-noCostDecrease,100Mt-noCostDecrease,WI,CDR_regional,missing,missing,missing,missing,missing,missing,missing,missing,missing,MTC
2754,3.76433182,6.483220799999999,4.781373589999999,4.792165541499998,3.591759761660001,1.1351426990399995,1.0200178982899997,0.6583341834900001,1.2310343701652002,100Mt-noCostDecrease,100Mt-noCostDecrease,WI,base load generation,missing,missing,missing,missing,missing,missing,missing,missing,missing,MTC
2755,0.0,0.064913626,0.21097611,0.20142448,0.16466549,0.12094327,0.0898557899999999,0.0581293799999999,0.025764966,100Mt-noCostDecrease,100Mt-noCostDecrease,WI,biomass liquids,missing,missing,missing,missing,missing,missing,missing,missing,missing,MTC
2756,0.0,0.0,0.057398782,0.250188589,0.7250041720000001,1.3124232199999997,1.4611426240000007,1.909783505,1.964379148,100Mt-noCostDecrease,100Mt-noCostDecrease,WI,biorefining,missing,missing,missing,missing,missing,missing,missing,missing,missing,MTC
2757,0.160893,0.227388,0.169503,0.16168768,0.0687962,0.0316469,0.0320527,0.02312759,0.02253035,100Mt-noCostDecrease,100Mt-noCostDecrease,WI,cement,missing,missing,missing,missing,missing,missing,missing,missing,missing,MTC
2758,0.04473,0.0355737,0.0354635,0.03531878,0.03303082,0.02970535,0.027924247,0.024053654,0.0215354829999999,100Mt-noCostDecrease,100Mt-noCostDecrease,WI,comm cooking,missing,missing,missing,missing,missing,missing,missing,missing,missing,MTC
2759,0.0011431,0.00674496,0.003395409,0.003317728,0.003137199,0.002945156,0.002826481,0.002515012,0.0023589385,100Mt-noCostDecrease,100Mt-noCostDecrease,WI,comm cooling,missing,missing,missing,missing,missing,missing,missing,missing,missing,MTC
2760,0.92310809,1.480428,1.1162453,1.11309539,1.0714201099999998,1.0082929399999998,0.96212267,0.80324174,0.7428731799999999,100Mt-noCostDecrease,100Mt-noCostDecrease,WI,comm heating,missing,missing,missing,missing,missing,missing,missing,missing,missing,MTC
2761,0.209065,0.09192974,0.12588488,0.12653236,0.1223030599999999,0.115134632,0.1121695959999999,0.099049737,0.091747647,100Mt-noCostDecrease,100Mt-noCostDecrease,WI,comm hot water,missing,missing,missing,missing,missing,missing,missing,missing,missing,MTC
2762,0.054416,0.03915928,0.183938,0.2050021,0.231041,0.2726989,0.3053618,0.2937682,0.2784468,100Mt-noCostDecrease,100Mt-noCostDecrease,WI,comm other,missing,missing,missing,missing,missing,missing,missing,missing,missing,MTC
2763,4.4839894000000005,4.3841902,3.67245139166,3.78924372215,3.825490608875,3.8937736014698,3.978545765332,3.9081518914481,3.72141270451391,100Mt-noCostDecrease,100Mt-noCostDecrease,WI,industrial energy use,missing,missing,missing,missing,missing,missing,missing,missing,missing,MTC
2764,5.389542409999999,6.9650769,6.0864131,6.097125058,5.744844900299999,4.184875128700001,3.940997995699999,2.4164648806000004,1.9873519085999996,100Mt-noCostDecrease,100Mt-noCostDecrease,WI,intermediate generation,missing,missing,missing,missing,missing,missing,missing,missing,missing,MTC
2765,0.115674,0.0872707,0.09767882,0.09442506,0.08086604,0.06668216,0.06096367,0.05233773,0.0445950389999999,100Mt-noCostDecrease,100Mt-noCostDecrease,WI,oil refining,missing,missing,missing,missing,missing,missing,missing,missing,missing,MTC
2766,0.075506832,0.0836186,0.07344709476,0.0642927854784,0.04371352990016,0.0352870857515,0.0293253994999,0.0198226948825,0.0132266379009999,100Mt-noCostDecrease,100Mt-noCostDecrease,WI,peak generation,missing,missing,missing,missing,missing,missing,missing,missing,missing,MTC
2767,0.12925732,0.18460072,0.13563216,0.1383746,0.10681273,0.10131587,0.1065108,0.1071239899999999,0.11082601,100Mt-noCostDecrease,100Mt-noCostDecrease,WI,process heat cement,missing,missing,missing,missing,missing,missing,missing,missing,missing,MTC
2768,-1.81091,-2.43302,-2.06269,-2.73132,-4.36766,-6.65919,-7.33089,-12.1283,-18.9367,100Mt-noCostDecrease,100Mt-noCostDecrease,WI,regional biomass,missing,missing,missing,missing,missing,missing,missing,missing,missing,MTC
2769,0.0,-0.00351655,-0.0835707,-0.0867011,-0.0895029,-0.0950623,-0.0914567,-0.10385,-0.0983753,100Mt-noCostDecrease,100Mt-noCostDecrease,WI,regional biomassOil,missing,missing,missing,missing,missing,missing,missing,missing,missing,MTC
2770,0.0,-0.280682,-0.911915,-0.887212,-0.779597,-0.657548,-0.545713,-0.480324,-0.35858,100Mt-noCostDecrease,100Mt-noCostDecrease,WI,regional corn for ethanol,missing,missing,missing,missing,missing,missing,missing,missing,missing,MTC
2771,0.0118286,0.0256906,0.00573674,0.00563287,0.00540571,0.00490195,0.004938139,0.004689278,0.004218449,100Mt-noCostDecrease,100Mt-noCostDecrease,WI,resid clothes dryers,missing,missing,missing,missing,missing,missing,missing,missing,missing,MTC
2772,0.04644864,0.08000712,0.030201333,0.0283162069999999,0.0251321949999999,0.0220530249999999,0.0188148348,0.0174814201,0.0150781336999999,100Mt-noCostDecrease,100Mt-noCostDecrease,WI,resid cooking,missing,missing,missing,missing,missing,missing,missing,missing,missing,MTC
2773,2.2353273600000003,2.5790883,2.0982150499999994,1.97867653,1.8013467200000002,1.5905503400000005,1.3748573799999997,1.1336102200000002,0.897372158,100Mt-noCostDecrease,100Mt-noCostDecrease,WI,resid heating,missing,missing,missing,missing,missing,missing,missing,missing,missing,MTC
2774,0.30222234,0.4344057299999999,0.29275445,0.27740723,0.255967656,0.215641896,0.217280281,0.197307447,0.164027598,100Mt-noCostDecrease,100Mt-noCostDecrease,WI,resid hot water,missing,missing,missing,missing,missing,missing,missing,missing,missing,MTC
2775,0.0305192,0.0141904,0.02904498,0.03072633,0.02996699,0.0318782,0.0338946,0.02855498,0.0238984999999999,100Mt-noCostDecrease,100Mt-noCostDecrease,WI,resid other,missing,missing,missing,missing,missing,missing,missing,missing,missing,MTC
2776,0.4656230499999999,0.6685239999999999,0.467502313,0.422303584352,0.3211422457280002,0.26806606808,0.23257167454,0.19068883447,0.1642639049500001,100Mt-noCostDecrease,100Mt-noCostDecrease,WI,subpeak generation,missing,missing,missing,missing,missing,missing,missing,missing,missing,MTC
2777,0.0333669,0.0673121,0.0453857,0.0472013,0.0476274,0.0477276,0.0493519,0.0500344,0.051091,100Mt-noCostDecrease,100Mt-noCostDecrease,WI,trn_aviation_intl,missing,missing,missing,missing,missing,missing,missing,missing,missing,MTC
2778,0.1416223583999999,0.16425956,0.186236,0.199296,0.209207,0.215846,0.226358,0.235234,0.239966,100Mt-noCostDecrease,100Mt-noCostDecrease,WI,trn_freight,missing,missing,missing,missing,missing,missing,missing,missing,missing,MTC
2779,2.144122,2.450053,2.80035668,2.9278367400000005,2.799154324,2.502984043,2.408716094,2.1496494319999995,1.827726182,100Mt-noCostDecrease,100Mt-noCostDecrease,WI,trn_freight_road,missing,missing,missing,missing,missing,missing,missing,missing,missing,MTC
2780,0.13354071,0.2641231,0.18998941,0.2012506,0.20041716,0.20060501,0.2092754299999999,0.21030898,0.21530007,100Mt-noCostDecrease,100Mt-noCostDecrease,WI,trn_pass,missing,missing,missing,missing,missing,missing,missing,missing,missing,MTC
2781,0.0822256,0.09589355,0.1480746299999999,0.1502964299999999,0.10729105,0.08073764,0.07095922,0.06711926,0.06441179,100Mt-noCostDecrease,100Mt-noCostDecrease,WI,trn_pass_road,missing,missing,missing,missing,missing,missing,missing,missing,missing,MTC
2782,0.0137454,0.0181613,0.0171973,0.0159617,0.01462,0.0135571,0.0129589,0.0122089,0.0115913,100Mt-noCostDecrease,100Mt-noCostDecrease,WI,trn_pass_road_LDV,missing,missing,missing,missing,missing,missing,missing,missing,missing,MTC
2783,3.9056191,5.1600981,5.06074973,4.50812826,3.4201379300000005,2.567467405000001,1.8935352400000005,1.6485058599999998,1.49858327,100Mt-noCostDecrease,100Mt-noCostDecrease,WI,trn_pass_road_LDV_4W,missing,missing,missing,missing,missing,missing,missing,missing,missing,MTC
2784,0.000270407,0.0229592,0.0,0.0,0.0,0.0,0.0,0.0,0.0,100Mt-noCostDecrease,100Mt-noCostDecrease,WI,trn_shipping_intl,missing,missing,missing,missing,missing,missing,missing,missing,missing,MTC
2785,0.0,0.0,0.0,-0.027095464,-0.03014816,-0.0352018,-0.0635784,-0.1114063,-0.1764363,100Mt-noCostDecrease,100Mt-noCostDecrease,WY,CDR_regional,missing,missing,missing,missing,missing,missing,missing,missing,missing,MTC
2786,6.49447889314,8.5040941456,9.050067370000004,9.061906661100002,6.064046923820002,1.48970788302,1.2687022041599996,0.63831449538,1.2195856310106994,100Mt-noCostDecrease,100Mt-noCostDecrease,WY,base load generation,missing,missing,missing,missing,missing,missing,missing,missing,missing,MTC
2787,0.0,0.00175402,0.00299608,0.00286028,0.00233697,0.00171602,0.0012749,0.000824699,0.000365533,100Mt-noCostDecrease,100Mt-noCostDecrease,WY,biomass liquids,missing,missing,missing,missing,missing,missing,missing,missing,missing,MTC
2788,0.0,0.0,0.0603974699999999,0.255976686,0.7400256390000001,1.3417896890000005,1.494842761,1.961778907,2.0213995549999995,100Mt-noCostDecrease,100Mt-noCostDecrease,WY,biorefining,missing,missing,missing,missing,missing,missing,missing,missing,missing,MTC
2789,0.0,0.0,0.0,0.0,0.0,0.0,0.0,0.0068791,0.12635673,100Mt-noCostDecrease,100Mt-noCostDecrease,WY,coal to liquids,missing,missing,missing,missing,missing,missing,missing,missing,missing,MTC
2790,0.0043882,0.00685577,0.015477528,0.016155708,0.016567736,0.016437097,0.01698691,0.016128369,0.015372462,100Mt-noCostDecrease,100Mt-noCostDecrease,WY,comm cooking,missing,missing,missing,missing,missing,missing,missing,missing,missing,MTC
2791,0.0,7.52594e-05,9.36112e-05,9.63104e-05,9.99034e-05,0.0001024295,0.00010555551,0.00010008999,9.454565e-05,100Mt-noCostDecrease,100Mt-noCostDecrease,WY,comm cooling,missing,missing,missing,missing,missing,missing,missing,missing,missing,MTC
2792,0.26936291,0.18524393,0.13380153,0.13531173,0.13500637,0.130688401,0.12762472,0.106033143,0.097344903,100Mt-noCostDecrease,100Mt-noCostDecrease,WY,comm heating,missing,missing,missing,missing,missing,missing,missing,missing,missing,MTC
2793,0.03174667,0.01835498,0.0388961,0.04021162,0.041012789,0.0401217259999999,0.039403665,0.0339667457999999,0.030303972,100Mt-noCostDecrease,100Mt-noCostDecrease,WY,comm hot water,missing,missing,missing,missing,missing,missing,missing,missing,missing,MTC
2794,0.00784044,0.01015266,0.0522216999999999,0.05694,0.0608659999999999,0.0667569,0.0727692,0.069898,0.0668395,100Mt-noCostDecrease,100Mt-noCostDecrease,WY,comm other,missing,missing,missing,missing,missing,missing,missing,missing,missing,MTC
2795,0.0,0.0,0.0,0.0,0.0,0.0,0.0,0.00208282,0.03778689,100Mt-noCostDecrease,100Mt-noCostDecrease,WY,gas to liquids,missing,missing,missing,missing,missing,missing,missing,missing,missing,MTC
2796,2.01507722,1.6778811,1.8218217067,1.8628371064000004,1.8124852638,1.8253682458999996,1.86656063607,1.80407279881,1.6292186078600002,100Mt-noCostDecrease,100Mt-noCostDecrease,WY,industrial energy use,missing,missing,missing,missing,missing,missing,missing,missing,missing,MTC
2797,4.503208461609999,4.096260636299999,2.995609357,3.0561513664399995,2.908826809640001,1.7936110805299998,1.7711374579299997,1.04651535466,1.04884401286,100Mt-noCostDecrease,100Mt-noCostDecrease,WY,intermediate generation,missing,missing,missing,missing,missing,missing,missing,missing,missing,MTC
2798,0.591306,0.389299,0.4566414,0.4415189,0.3781785,0.311858,0.2850966,0.24468899,0.20770359,100Mt-noCostDecrease,100Mt-noCostDecrease,WY,oil refining,missing,missing,missing,missing,missing,missing,missing,missing,missing,MTC
2799,0.0595876509459999,0.00020946725,0.00032961837529999995,0.000292970409948,0.00019891148611700003,0.00013976944970799996,0.00011199197133500006,5.3377047251e-05,2.7956694077e-05,100Mt-noCostDecrease,100Mt-noCostDecrease,WY,peak generation,missing,missing,missing,missing,missing,missing,missing,missing,missing,MTC
2800,-0.0437527,-0.0604737,-0.194086,-0.833419,-2.48345,-4.6413,-5.23275,-9.33127,-16.7139,100Mt-noCostDecrease,100Mt-noCostDecrease,WY,regional biomass,missing,missing,missing,missing,missing,missing,missing,missing,missing,MTC
2801,0.0,0.0,-0.0141989,-0.0206842,-0.0363668,-0.0571316,-0.0640558,-0.0880547,-0.0936926,100Mt-noCostDecrease,100Mt-noCostDecrease,WY,regional biomassOil,missing,missing,missing,missing,missing,missing,missing,missing,missing,MTC
2802,0.0,-0.00761333,-0.0329839,-0.049666,-0.100461,-0.16798,-0.188321,-0.264458,-0.280455,100Mt-noCostDecrease,100Mt-noCostDecrease,WY,regional corn for ethanol,missing,missing,missing,missing,missing,missing,missing,missing,missing,MTC
2803,0.00091164,0.00222798,0.000586908,0.000590514,0.000591627,0.0005636910000000001,0.0005728234,0.0005422694,0.0004841407,100Mt-noCostDecrease,100Mt-noCostDecrease,WY,resid clothes dryers,missing,missing,missing,missing,missing,missing,missing,missing,missing,MTC
2804,0.0033103869999999,0.007189934,0.0038622454,0.0036876495,0.0033722496999999,0.003052608,0.0027013079,0.0024996358,0.0021345509,100Mt-noCostDecrease,100Mt-noCostDecrease,WY,resid cooking,missing,missing,missing,missing,missing,missing,missing,missing,missing,MTC
2805,0.21297706,0.19187629,0.196683464,0.18598168,0.1719118119999999,0.15584255,0.139194377,0.1179909735,0.095249136,100Mt-noCostDecrease,100Mt-noCostDecrease,WY,resid heating,missing,missing,missing,missing,missing,missing,missing,missing,missing,MTC
2806,0.0356073369999999,0.052402357,0.0423511259999999,0.0413272699999999,0.039685963,0.0358625217,0.0362489146,0.0329771645,0.027424186,100Mt-noCostDecrease,100Mt-noCostDecrease,WY,resid hot water,missing,missing,missing,missing,missing,missing,missing,missing,missing,MTC
2807,0.00154668,0.0024598,0.00443443,0.00469107,0.00449862,0.0048104099999999,0.0051121399999999,0.00424405,0.00353553,100Mt-noCostDecrease,100Mt-noCostDecrease,WY,resid other,missing,missing,missing,missing,missing,missing,missing,missing,missing,MTC
2808,0.4059577726699999,0.0100654163,0.00071030306,0.0007148976706600002,0.0007939300031900002,0.0006323334096599997,0.0007708083960800005,0.00204707292071,0.0015997247934399,100Mt-noCostDecrease,100Mt-noCostDecrease,WY,subpeak generation,missing,missing,missing,missing,missing,missing,missing,missing,missing,MTC
2809,0.00332838,0.004792,0.0105401,0.0105156,0.0105524,0.0106219,0.0110073,0.0111612,0.0114108,100Mt-noCostDecrease,100Mt-noCostDecrease,WY,trn_aviation_intl,missing,missing,missing,missing,missing,missing,missing,missing,missing,MTC
2810,0.0762461,0.0996276,0.079918,0.0821362,0.0861925,0.0900902,0.0953999,0.0994481,0.101727,100Mt-noCostDecrease,100Mt-noCostDecrease,WY,trn_freight,missing,missing,missing,missing,missing,missing,missing,missing,missing,MTC
2811,1.154594,1.508683,1.208107028,1.214561831,1.1527170540000002,1.0268549510000002,0.999765889,0.892013709,0.7526086839999999,100Mt-noCostDecrease,100Mt-noCostDecrease,WY,trn_freight_road,missing,missing,missing,missing,missing,missing,missing,missing,missing,MTC
2812,0.01597198,0.0225654299999999,0.04511973,0.04563471,0.04528181,0.04559201,0.04762495,0.04791152,0.04907831,100Mt-noCostDecrease,100Mt-noCostDecrease,WY,trn_pass,missing,missing,missing,missing,missing,missing,missing,missing,missing,MTC
2813,0.0442777,0.06536122,0.0806663,0.0817921299999999,0.05841127,0.04420881,0.0388887899999999,0.0365614,0.03493307,100Mt-noCostDecrease,100Mt-noCostDecrease,WY,trn_pass_road,missing,missing,missing,missing,missing,missing,missing,missing,missing,MTC
2814,0.00189921,0.00225201,0.00185525,0.00155126,0.00143049,0.00135538,0.00131412,0.00124385,0.00119117,100Mt-noCostDecrease,100Mt-noCostDecrease,WY,trn_pass_road_LDV,missing,missing,missing,missing,missing,missing,missing,missing,missing,MTC
2815,0.539344681,0.6400663169999999,0.618053797,0.526594738,0.389366677,0.2869624321,0.2075461188999999,0.1854042619999999,0.169120958,100Mt-noCostDecrease,100Mt-noCostDecrease,WY,trn_pass_road_LDV_4W,missing,missing,missing,missing,missing,missing,missing,missing,missing,MTC
