1990,2005,2010,2015,2020,2025,2030,2035,2040,2045,2050,2055,2060,2065,2070,2075,2080,2085,2090,2095,2100,SSP,Version,GCAM,sector,subsector,technology,output,concentration,input,product,fuel,LandLeaf,GHG,Units
0.363544,0.644215,0.762866,0.909664,1.05186,1.18127,1.32257,1.46421,1.60489,1.74545,1.885,2.0186,2.14613,2.26752,2.38222,2.49047,2.59181,2.68457,2.76854,2.84399,2.91132,SSP1,LowBiocharYield baseline,Global,missing,missing,missing,missing,missing,missing,missing,missing,missing,missing,degreesC
