,1990,2005,2020,2025,2030,2035,2040,2045,2050,scenario,baseline,GCAM,sector,subsector,technology,output,concentration,input,product,fuel,LandLeaf,GHG,Units
0,0.0012925,0.00210251,0.00815306,0.01595756,0.0258693399999999,0.0408957999999999,0.0625649,0.0844423,0.1074467,CDRIA-2050-noCR,1500Mt-noCostDecrease,Africa_Eastern,missing,biomass,missing,missing,missing,missing,missing,missing,missing,missing,EJ
1,0.000661901,0.00468252,0.0126143,0.0206810799999999,0.0285592,0.0388105299999999,0.0537107,0.0733866,0.0995080999999999,CDRIA-2050-noCR,1500Mt-noCostDecrease,Africa_Eastern,missing,coal,missing,missing,missing,missing,missing,missing,missing,missing,EJ
2,0.0,0.0,0.00613637,0.01130102,0.01672638,0.0244889,0.0369389,0.0551134,0.0797989,CDRIA-2050-noCR,1500Mt-noCostDecrease,Africa_Eastern,missing,gas,missing,missing,missing,missing,missing,missing,missing,missing,EJ
3,0.00117369,0.00361098,0.0350802,0.0543939,0.0707809,0.0856382,0.0979056,0.102768,0.107083,CDRIA-2050-noCR,1500Mt-noCostDecrease,Africa_Eastern,missing,geothermal,missing,missing,missing,missing,missing,missing,missing,missing,EJ
4,0.0220885,0.0372506,0.124544,0.152375,0.180205,0.208035,0.235866,0.263696,0.291526,CDRIA-2050-noCR,1500Mt-noCostDecrease,Africa_Eastern,missing,hydro,missing,missing,missing,missing,missing,missing,missing,missing,EJ
5,0.0,0.0,0.00217662,0.0183618,0.0468805,0.0975971,0.176157,0.283142,0.425469,CDRIA-2050-noCR,1500Mt-noCostDecrease,Africa_Eastern,missing,nuclear,missing,missing,missing,missing,missing,missing,missing,missing,EJ
6,0.0092828,0.0284467,0.1102938,0.1418236,0.1458018999999999,0.1584902,0.1835162,0.1941919,0.2168492,CDRIA-2050-noCR,1500Mt-noCostDecrease,Africa_Eastern,missing,refined liquids,missing,missing,missing,missing,missing,missing,missing,missing,EJ
7,0.0,0.0,0.0287641,0.0662309,0.149861,0.292621,0.470365,0.677552,0.908004,CDRIA-2050-noCR,1500Mt-noCostDecrease,Africa_Eastern,missing,rooftop_pv,missing,missing,missing,missing,missing,missing,missing,missing,EJ
8,0.0,5.21026e-05,0.0302896459,0.0910212581,0.1570662441,0.2568025541,0.4311576841000001,0.7062970471,1.103174847,CDRIA-2050-noCR,1500Mt-noCostDecrease,Africa_Eastern,missing,solar,missing,missing,missing,missing,missing,missing,missing,missing,EJ
9,0.0,1.03005e-05,0.065467004,0.172196824,0.299143374,0.479555874,0.7598457739999999,1.151133491,1.65135203,CDRIA-2050-noCR,1500Mt-noCostDecrease,Africa_Eastern,missing,wind,missing,missing,missing,missing,missing,missing,missing,missing,EJ
10,0.0,0.0,0.00196385,0.0035327839999999,0.0065792,0.0093736599999999,0.01181194,0.01320671,0.01401335,CDRIA-2050-noCR,1500Mt-noCostDecrease,Africa_Northern,missing,biomass,missing,missing,missing,missing,missing,missing,missing,missing,EJ
11,0.00796429,0.0458413,0.0870628,0.10071933,0.1170315399999999,0.1296889,0.139834,0.1498455,0.1586776,CDRIA-2050-noCR,1500Mt-noCostDecrease,Africa_Northern,missing,coal,missing,missing,missing,missing,missing,missing,missing,missing,EJ
12,0.1357962999999999,0.482397,1.116575,1.273606,1.508672,1.71741,1.912001,2.139415,2.342507,CDRIA-2050-noCR,1500Mt-noCostDecrease,Africa_Northern,missing,gas,missing,missing,missing,missing,missing,missing,missing,missing,EJ
13,0.0,0.0,0.0088628,0.0178085,0.0306269,0.0422346,0.0522198,0.0605093,0.0620229,CDRIA-2050-noCR,1500Mt-noCostDecrease,Africa_Northern,missing,geothermal,missing,missing,missing,missing,missing,missing,missing,missing,EJ
14,0.0408229,0.0516283,0.0615764,0.0667426,0.0719089,0.0770751,0.0822413,0.0874075,0.0925738,CDRIA-2050-noCR,1500Mt-noCostDecrease,Africa_Northern,missing,hydro,missing,missing,missing,missing,missing,missing,missing,missing,EJ
15,0.0,0.0,0.00108671,0.00599148,0.0176586,0.0329194,0.0494707,0.0689164,0.0888506,CDRIA-2050-noCR,1500Mt-noCostDecrease,Africa_Northern,missing,nuclear,missing,missing,missing,missing,missing,missing,missing,missing,EJ
16,0.117712,0.127327,0.2387763,0.2459005999999999,0.315239,0.368731,0.427645,0.493811,0.558138,CDRIA-2050-noCR,1500Mt-noCostDecrease,Africa_Northern,missing,refined liquids,missing,missing,missing,missing,missing,missing,missing,missing,EJ
17,0.0,0.0,0.0711617,0.220081,0.321883,0.420842,0.521374,0.622362,0.739567,CDRIA-2050-noCR,1500Mt-noCostDecrease,Africa_Northern,missing,rooftop_pv,missing,missing,missing,missing,missing,missing,missing,missing,EJ
18,0.0,7.19924e-06,0.0221758269499999,0.0651153246,0.1478772042,0.2303197132,0.3101243021999998,0.3980885608,0.4654641925,CDRIA-2050-noCR,1500Mt-noCostDecrease,Africa_Northern,missing,solar,missing,missing,missing,missing,missing,missing,missing,missing,EJ
19,0.0,0.0028798,0.047063616,0.0803238409999999,0.143254261,0.219463121,0.311997261,0.414597966,0.519449235,CDRIA-2050-noCR,1500Mt-noCostDecrease,Africa_Northern,missing,wind,missing,missing,missing,missing,missing,missing,missing,missing,EJ
20,0.0,0.0,0.000840943,0.0011877258,0.001957999,0.002890492,0.004255858,0.00645234,0.00955927,CDRIA-2050-noCR,1500Mt-noCostDecrease,Africa_Southern,missing,biomass,missing,missing,missing,missing,missing,missing,missing,missing,EJ
21,0.0213304,0.0204676,0.0387961,0.05086984,0.07377168,0.0989115,0.1330053,0.188627,0.2661131,CDRIA-2050-noCR,1500Mt-noCostDecrease,Africa_Southern,missing,coal,missing,missing,missing,missing,missing,missing,missing,missing,EJ
22,0.0,0.004161615,0.0353852,0.04418,0.0637656,0.0860294,0.1166563,0.1721165,0.2491357,CDRIA-2050-noCR,1500Mt-noCostDecrease,Africa_Southern,missing,gas,missing,missing,missing,missing,missing,missing,missing,missing,EJ
23,0.0,0.0,0.000371043,0.00119104,0.00352927,0.0068746,0.0119624,0.0200785,0.0301394,CDRIA-2050-noCR,1500Mt-noCostDecrease,Africa_Southern,missing,geothermal,missing,missing,missing,missing,missing,missing,missing,missing,EJ
24,0.0548817,0.120117,0.175234,0.188839,0.202445,0.216051,0.229657,0.243262,0.256868,CDRIA-2050-noCR,1500Mt-noCostDecrease,Africa_Southern,missing,hydro,missing,missing,missing,missing,missing,missing,missing,missing,EJ
25,0.0,0.0,3.5649e-05,0.000320547,0.00137007,0.00315328,0.00604407,0.0115008,0.0202381,CDRIA-2050-noCR,1500Mt-noCostDecrease,Africa_Southern,missing,nuclear,missing,missing,missing,missing,missing,missing,missing,missing,EJ
26,0.00254618,0.00617975,0.0536846,0.0968772,0.196636,0.313537,0.454574,0.64096,0.849144,CDRIA-2050-noCR,1500Mt-noCostDecrease,Africa_Southern,missing,refined liquids,missing,missing,missing,missing,missing,missing,missing,missing,EJ
27,0.0,0.0,0.0406568,0.0855688,0.154343,0.241651,0.35326,0.496937,0.671214,CDRIA-2050-noCR,1500Mt-noCostDecrease,Africa_Southern,missing,rooftop_pv,missing,missing,missing,missing,missing,missing,missing,missing,EJ
28,0.0,1.12e-05,0.000634425351,0.001692767862,0.004311463552,0.008037781452,0.014428953452,0.027944926452,0.05201894563,CDRIA-2050-noCR,1500Mt-noCostDecrease,Africa_Southern,missing,solar,missing,missing,missing,missing,missing,missing,missing,missing,EJ
29,0.0,2.20001e-06,0.0005742614,0.00195844447,0.00656829907,0.01436554507,0.02945989807,0.06276977429,0.1220458101699999,CDRIA-2050-noCR,1500Mt-noCostDecrease,Africa_Southern,missing,wind,missing,missing,missing,missing,missing,missing,missing,missing,EJ
30,0.000169199,0.0006156,0.00194473,0.003755782,0.00917407,0.01569578,0.02446269,0.0346061,0.0474989,CDRIA-2050-noCR,1500Mt-noCostDecrease,Africa_Western,missing,biomass,missing,missing,missing,missing,missing,missing,missing,missing,EJ
31,0.000469068,0.00274717,0.00166561,0.002636532,0.005160581,0.00861199,0.01367205,0.02143584,0.03297377,CDRIA-2050-noCR,1500Mt-noCostDecrease,Africa_Western,missing,coal,missing,missing,missing,missing,missing,missing,missing,missing,EJ
32,0.02665792,0.0733212,0.169736,0.2084632,0.341387,0.5229619999999999,0.7750189999999999,1.139618,1.639919,CDRIA-2050-noCR,1500Mt-noCostDecrease,Africa_Western,missing,gas,missing,missing,missing,missing,missing,missing,missing,missing,EJ
33,0.0,0.0,0.00175342,0.0059618,0.0193373,0.0377085,0.0612642,0.0894767,0.117362,CDRIA-2050-noCR,1500Mt-noCostDecrease,Africa_Western,missing,geothermal,missing,missing,missing,missing,missing,missing,missing,missing,EJ
34,0.0804331,0.108752,0.160889,0.203657,0.246425,0.289193,0.331962,0.37473,0.417498,CDRIA-2050-noCR,1500Mt-noCostDecrease,Africa_Western,missing,hydro,missing,missing,missing,missing,missing,missing,missing,missing,EJ
35,0.0,0.0,0.000170882,0.00171035,0.00886227,0.0224772,0.0442729,0.0795327,0.13323,CDRIA-2050-noCR,1500Mt-noCostDecrease,Africa_Western,missing,nuclear,missing,missing,missing,missing,missing,missing,missing,missing,EJ
36,0.0167247,0.0221465,0.03462033,0.03948018,0.0707776,0.1099507999999999,0.1698646999999999,0.2569479,0.3409734,CDRIA-2050-noCR,1500Mt-noCostDecrease,Africa_Western,missing,refined liquids,missing,missing,missing,missing,missing,missing,missing,missing,EJ
37,0.0,0.0,0.0279396,0.0722414,0.134674,0.239638,0.405741,0.654844,1.00981,CDRIA-2050-noCR,1500Mt-noCostDecrease,Africa_Western,missing,rooftop_pv,missing,missing,missing,missing,missing,missing,missing,missing,EJ
38,0.0,1.95e-05,0.00712652921,0.01865929481,0.05251084921,0.09653465021,0.1596480002099999,0.26003286021,0.4207718621,CDRIA-2050-noCR,1500Mt-noCostDecrease,Africa_Western,missing,solar,missing,missing,missing,missing,missing,missing,missing,missing,EJ
39,0.0,9e-06,0.0040503308,0.0145099083,0.0546512363,0.1239678963,0.2406117662999999,0.4289719859999999,0.6984695685000001,CDRIA-2050-noCR,1500Mt-noCostDecrease,Africa_Western,missing,wind,missing,missing,missing,missing,missing,missing,missing,missing,EJ
40,0.0,0.00187915,0.00266559,0.003615578,0.004760868,0.00562263,0.0067916,0.00849774,0.0091084599999999,CDRIA-2050-noCR,1500Mt-noCostDecrease,Australia_NZ,missing,biomass,missing,missing,missing,missing,missing,missing,missing,missing,EJ
41,0.438993,0.672492,0.700641,0.7824914,0.8363387999999999,0.8501631,0.8469501,0.8603339999999999,0.863736,CDRIA-2050-noCR,1500Mt-noCostDecrease,Australia_NZ,missing,coal,missing,missing,missing,missing,missing,missing,missing,missing,EJ
42,0.0721281,0.1086668,0.2195424,0.240113,0.2642261,0.277376,0.288659,0.32386,0.350106,CDRIA-2050-noCR,1500Mt-noCostDecrease,Australia_NZ,missing,gas,missing,missing,missing,missing,missing,missing,missing,missing,EJ
43,0.00746625,0.0111489,0.0418674,0.0548646,0.0685274,0.0797416,0.0913124,0.0839889,0.0900494,CDRIA-2050-noCR,1500Mt-noCostDecrease,Australia_NZ,missing,geothermal,missing,missing,missing,missing,missing,missing,missing,missing,EJ
44,0.134392,0.139082,0.142893,0.149486,0.156079,0.162672,0.169265,0.175858,0.182451,CDRIA-2050-noCR,1500Mt-noCostDecrease,Australia_NZ,missing,hydro,missing,missing,missing,missing,missing,missing,missing,missing,EJ
45,0.0,0.0,0.0,0.000926258,0.00260139,0.00443922,0.00794111,0.0155321,0.0245904,CDRIA-2050-noCR,1500Mt-noCostDecrease,Australia_NZ,missing,nuclear,missing,missing,missing,missing,missing,missing,missing,missing,EJ
46,0.0128229,0.0102417,0.01843016,0.01589583,0.01521454,0.01532791,0.01592625,0.01874158,0.01836599,CDRIA-2050-noCR,1500Mt-noCostDecrease,Australia_NZ,missing,refined liquids,missing,missing,missing,missing,missing,missing,missing,missing,EJ
47,0.0,0.0,0.0109196,0.0478241,0.0700131,0.0901017,0.111571,0.132748,0.158866,CDRIA-2050-noCR,1500Mt-noCostDecrease,Australia_NZ,missing,rooftop_pv,missing,missing,missing,missing,missing,missing,missing,missing,EJ
48,0.0,0.00028439291,0.0500829245799999,0.1215396018999999,0.2140533247999999,0.2811692348,0.3373019168,0.3943984712,0.4333854050999999,CDRIA-2050-noCR,1500Mt-noCostDecrease,Australia_NZ,missing,solar,missing,missing,missing,missing,missing,missing,missing,missing,EJ
49,0.0,0.00539626,0.077543208,0.108447831,0.146527719,0.1829579489999999,0.227590389,0.2599283149999999,0.320285781,CDRIA-2050-noCR,1500Mt-noCostDecrease,Australia_NZ,missing,wind,missing,missing,missing,missing,missing,missing,missing,missing,EJ
50,0.0,0.0,0.00470207,0.007501598,0.01118424,0.01356249,0.0159252,0.01740357,0.01780993,CDRIA-2050-noCR,1500Mt-noCostDecrease,Brazil,missing,biomass,missing,missing,missing,missing,missing,missing,missing,missing,EJ
51,0.0097564,0.0219918,0.119904,0.1685524,0.2180936,0.2521763,0.2810574,0.3109239,0.3344338,CDRIA-2050-noCR,1500Mt-noCostDecrease,Brazil,missing,coal,missing,missing,missing,missing,missing,missing,missing,missing,EJ
52,4.31858e-05,0.0500396,0.444353,0.649362,0.89155,1.068738,1.233225,1.42587,1.567458,CDRIA-2050-noCR,1500Mt-noCostDecrease,Brazil,missing,gas,missing,missing,missing,missing,missing,missing,missing,missing,EJ
53,0.0,0.0,0.00914147,0.0260537,0.0510998,0.0740003,0.0976284,0.124252,0.139301,CDRIA-2050-noCR,1500Mt-noCostDecrease,Brazil,missing,geothermal,missing,missing,missing,missing,missing,missing,missing,missing,EJ
54,0.744149,1.21485,1.33772,1.38037,1.42302,1.46567,1.50832,1.55097,1.59362,CDRIA-2050-noCR,1500Mt-noCostDecrease,Brazil,missing,hydro,missing,missing,missing,missing,missing,missing,missing,missing,EJ
55,0.00805056,0.0354828,0.05808323,0.0675025,0.0800137,0.0897212,0.0991317,0.1108823,0.1213735,CDRIA-2050-noCR,1500Mt-noCostDecrease,Brazil,missing,nuclear,missing,missing,missing,missing,missing,missing,missing,missing,EJ
56,0.00848962,0.0296789,0.1268679,0.1426797,0.1707055,0.1736616,0.1622677,0.1572351,0.1564493,CDRIA-2050-noCR,1500Mt-noCostDecrease,Brazil,missing,refined liquids,missing,missing,missing,missing,missing,missing,missing,missing,EJ
57,0.0,0.0,0.0383778,0.196582,0.309978,0.384872,0.447046,0.500681,0.563405,CDRIA-2050-noCR,1500Mt-noCostDecrease,Brazil,missing,rooftop_pv,missing,missing,missing,missing,missing,missing,missing,missing,EJ
58,0.0,0.0,0.01212135579,0.06515255679,0.17360552109,0.27551110309,0.37317490309,0.47657052609,0.5496280395,CDRIA-2050-noCR,1500Mt-noCostDecrease,Brazil,missing,solar,missing,missing,missing,missing,missing,missing,missing,missing,EJ
59,0.0,0.000334846,0.1824325774,0.3144287823999999,0.4856986624,0.6326549224000001,0.7789620723999998,0.873224588,0.926880124,CDRIA-2050-noCR,1500Mt-noCostDecrease,Brazil,missing,wind,missing,missing,missing,missing,missing,missing,missing,missing,EJ
60,0.0142055,0.0305674,0.0516193,0.05682373,0.05980186,0.0593371799999999,0.05677864,0.05176316,0.0456122999999999,CDRIA-2050-noCR,1500Mt-noCostDecrease,Canada,missing,biomass,missing,missing,missing,missing,missing,missing,missing,missing,EJ
61,0.29599,0.362107,0.310109,0.3574631,0.3911181,0.4069241999999999,0.4145726,0.425226,0.4320623999999999,CDRIA-2050-noCR,1500Mt-noCostDecrease,Canada,missing,coal,missing,missing,missing,missing,missing,missing,missing,missing,EJ
62,0.03483692,0.1445786,0.30839,0.3508466,0.396854,0.4312589999999999,0.466461,0.518284,0.5549740000000001,CDRIA-2050-noCR,1500Mt-noCostDecrease,Canada,missing,gas,missing,missing,missing,missing,missing,missing,missing,missing,EJ
63,0.0,0.0,0.00675931,0.0119755,0.0173072,0.021956,0.0266212,0.0324779,0.0333222,CDRIA-2050-noCR,1500Mt-noCostDecrease,Canada,missing,geothermal,missing,missing,missing,missing,missing,missing,missing,missing,EJ
64,1.06835,1.30301,1.40009,1.42433,1.44857,1.4728,1.49704,1.52128,1.54552,CDRIA-2050-noCR,1500Mt-noCostDecrease,Canada,missing,hydro,missing,missing,missing,missing,missing,missing,missing,missing,EJ
65,0.262679,0.331342,0.4643359999999999,0.553064,0.635522,0.69461,0.73851,0.7933140000000001,0.838326,CDRIA-2050-noCR,1500Mt-noCostDecrease,Canada,missing,nuclear,missing,missing,missing,missing,missing,missing,missing,missing,EJ
66,0.0592843,0.0563432,0.03503044,0.0417694,0.0488822,0.0544424,0.0599592,0.0702755,0.0760776,CDRIA-2050-noCR,1500Mt-noCostDecrease,Canada,missing,refined liquids,missing,missing,missing,missing,missing,missing,missing,missing,EJ
67,0.0,0.0,0.000780587,0.0109977,0.0312356,0.0440647,0.0468757,0.0461039,0.0491725,CDRIA-2050-noCR,1500Mt-noCostDecrease,Canada,missing,rooftop_pv,missing,missing,missing,missing,missing,missing,missing,missing,EJ
68,0.0,6.11996e-05,0.0290980565,0.0691928135,0.1383578857,0.207765434,0.281761938,0.3749802950000001,0.4685673385,CDRIA-2050-noCR,1500Mt-noCostDecrease,Canada,missing,solar,missing,missing,missing,missing,missing,missing,missing,missing,EJ
69,0.0,0.00564116,0.169398808,0.248847784,0.342776014,0.432340824,0.532330844,0.5831773309999999,0.663108686,CDRIA-2050-noCR,1500Mt-noCostDecrease,Canada,missing,wind,missing,missing,missing,missing,missing,missing,missing,missing,EJ
70,0.00722302,0.00742259,0.0332,0.04488826,0.0553097,0.0640912,0.0722029,0.0761747,0.0807466,CDRIA-2050-noCR,1500Mt-noCostDecrease,Central America and Caribbean,missing,biomass,missing,missing,missing,missing,missing,missing,missing,missing,EJ
71,0.000154792,0.00896675,0.0406982,0.04990857,0.05627959,0.06068966,0.0651654,0.0708627,0.0795555,CDRIA-2050-noCR,1500Mt-noCostDecrease,Central America and Caribbean,missing,coal,missing,missing,missing,missing,missing,missing,missing,missing,EJ
72,0.0129172,0.0429885,0.1157724,0.1383241,0.1574313,0.1728318999999999,0.1906289,0.215671,0.2494707,CDRIA-2050-noCR,1500Mt-noCostDecrease,Central America and Caribbean,missing,gas,missing,missing,missing,missing,missing,missing,missing,missing,EJ
73,0.00289785,0.0094887,0.0282489,0.0376258,0.0455377,0.0518054,0.0579202,0.0572254,0.0588699,CDRIA-2050-noCR,1500Mt-noCostDecrease,Central America and Caribbean,missing,geothermal,missing,missing,missing,missing,missing,missing,missing,missing,EJ
74,0.049193,0.0743529,0.0907238,0.0963713,0.102019,0.107666,0.113314,0.118961,0.124609,CDRIA-2050-noCR,1500Mt-noCostDecrease,Central America and Caribbean,missing,hydro,missing,missing,missing,missing,missing,missing,missing,missing,EJ
75,0.0,0.0,0.0,0.0,0.0,0.0,0.00808812,0.0263967,0.0603214,CDRIA-2050-noCR,1500Mt-noCostDecrease,Central America and Caribbean,missing,nuclear,missing,missing,missing,missing,missing,missing,missing,missing,EJ
76,0.124956,0.232929,0.2552616,0.2522022,0.2554159,0.2612816,0.2637629999999999,0.266003,0.276407,CDRIA-2050-noCR,1500Mt-noCostDecrease,Central America and Caribbean,missing,refined liquids,missing,missing,missing,missing,missing,missing,missing,missing,EJ
77,0.0,0.0,0.0248904,0.0509232,0.0837664,0.133371,0.189433,0.242353,0.289761,CDRIA-2050-noCR,1500Mt-noCostDecrease,Central America and Caribbean,missing,rooftop_pv,missing,missing,missing,missing,missing,missing,missing,missing,EJ
78,0.0,0.000134487,0.0447037984999999,0.1044902133,0.1591570853,0.2050318853,0.2604996253,0.3382862253,0.4248482429999999,CDRIA-2050-noCR,1500Mt-noCostDecrease,Central America and Caribbean,missing,solar,missing,missing,missing,missing,missing,missing,missing,missing,EJ
79,0.0,0.00139077,0.090946514,0.170237111,0.247623131,0.3184038509999999,0.3998569809999999,0.492630965,0.576447647,CDRIA-2050-noCR,1500Mt-noCostDecrease,Central America and Caribbean,missing,wind,missing,missing,missing,missing,missing,missing,missing,missing,EJ
80,0.0,0.0,0.0027829,0.003656444,0.005292874,0.00630354,0.00740478,0.00734035,0.00759658,CDRIA-2050-noCR,1500Mt-noCostDecrease,Central Asia,missing,biomass,missing,missing,missing,missing,missing,missing,missing,missing,EJ
81,0.25661,0.20445,0.426586,0.4693644999999999,0.5066236,0.5203869,0.5227833000000001,0.5114494,0.4965365,CDRIA-2050-noCR,1500Mt-noCostDecrease,Central Asia,missing,coal,missing,missing,missing,missing,missing,missing,missing,missing,EJ
82,0.3188916,0.254898,0.5676439,0.646649,0.760014,0.841648,0.913154,0.964909,1.002764,CDRIA-2050-noCR,1500Mt-noCostDecrease,Central Asia,missing,gas,missing,missing,missing,missing,missing,missing,missing,missing,EJ
83,0.0,0.0,0.00983461,0.0171524,0.0262644,0.0334932,0.0400776,0.0448845,0.0417168,CDRIA-2050-noCR,1500Mt-noCostDecrease,Central Asia,missing,geothermal,missing,missing,missing,missing,missing,missing,missing,missing,EJ
84,0.187164,0.207216,0.22609,0.247721,0.269353,0.290984,0.312616,0.334247,0.355879,CDRIA-2050-noCR,1500Mt-noCostDecrease,Central Asia,missing,hydro,missing,missing,missing,missing,missing,missing,missing,missing,EJ
85,0.0,0.00976449,0.10730635,0.16749043,0.24768748,0.31808212,0.38070643,0.4267457699999999,0.46637043,CDRIA-2050-noCR,1500Mt-noCostDecrease,Central Asia,missing,nuclear,missing,missing,missing,missing,missing,missing,missing,missing,EJ
86,0.109773,0.043063,0.0113728,0.00934783,0.01078141,0.0112165099999999,0.01149351,0.01054006,0.01058324,CDRIA-2050-noCR,1500Mt-noCostDecrease,Central Asia,missing,refined liquids,missing,missing,missing,missing,missing,missing,missing,missing,EJ
87,0.0,0.0,0.00534391,0.0423337,0.0875119,0.116299,0.135379,0.154538,0.17916,CDRIA-2050-noCR,1500Mt-noCostDecrease,Central Asia,missing,rooftop_pv,missing,missing,missing,missing,missing,missing,missing,missing,EJ
88,0.0,0.0,0.01072334155,0.03628530215,0.09858906785,0.1588532718499999,0.2152915058499999,0.2559360728500001,0.2794261144,CDRIA-2050-noCR,1500Mt-noCostDecrease,Central Asia,missing,solar,missing,missing,missing,missing,missing,missing,missing,missing,EJ
89,0.0,0.0,0.0173400446036,0.0343173040239,0.0641153116278999,0.0950104791999,0.1308560559379,0.1625324215753,0.179881049868,CDRIA-2050-noCR,1500Mt-noCostDecrease,Central Asia,missing,wind,missing,missing,missing,missing,missing,missing,missing,missing,EJ
90,1.44586e-06,0.0187199,0.223559,0.2560313,0.2871223,0.299426,0.3104471,0.3196904,0.3022951,CDRIA-2050-noCR,1500Mt-noCostDecrease,China,missing,biomass,missing,missing,missing,missing,missing,missing,missing,missing,EJ
91,1.69113,9.27378,17.0845,19.121277,20.44512,20.4515,19.7323,19.0143,18.1579,CDRIA-2050-noCR,1500Mt-noCostDecrease,China,missing,coal,missing,missing,missing,missing,missing,missing,missing,missing,EJ
92,0.00997552,0.1250754,0.571743,0.6239129999999999,0.688803,0.708574,0.715294,0.758197,0.7731450000000001,CDRIA-2050-noCR,1500Mt-noCostDecrease,China,missing,gas,missing,missing,missing,missing,missing,missing,missing,missing,EJ
93,0.000205198,0.000413997,0.0621968,0.11695,0.17409,0.206187,0.234269,0.273722,0.274464,CDRIA-2050-noCR,1500Mt-noCostDecrease,China,missing,geothermal,missing,missing,missing,missing,missing,missing,missing,missing,EJ
94,0.456446,1.42964,4.01308,4.01308,4.01308,4.01308,4.01308,4.01308,4.01308,CDRIA-2050-noCR,1500Mt-noCostDecrease,China,missing,hydro,missing,missing,missing,missing,missing,missing,missing,missing,EJ
95,0.0,0.191116,1.007004,1.525536,2.098028,2.4764,2.779696,3.248785,3.729727,CDRIA-2050-noCR,1500Mt-noCostDecrease,China,missing,nuclear,missing,missing,missing,missing,missing,missing,missing,missing,EJ
96,0.183375,0.182674,0.02571362,0.02890117,0.0319695,0.0317736,0.0321051,0.038149,0.0395012,CDRIA-2050-noCR,1500Mt-noCostDecrease,China,missing,refined liquids,missing,missing,missing,missing,missing,missing,missing,missing,EJ
97,0.0,0.0,0.153444,1.14575,1.84659,2.34594,2.80325,3.24054,3.66715,CDRIA-2050-noCR,1500Mt-noCostDecrease,China,missing,rooftop_pv,missing,missing,missing,missing,missing,missing,missing,missing,EJ
98,7.19995e-06,0.000310298,0.4833827932999999,1.5366763123000002,2.9434471523,3.7873717923,4.3078531923,4.731140047,4.9429467030000005,CDRIA-2050-noCR,1500Mt-noCostDecrease,China,missing,solar,missing,missing,missing,missing,missing,missing,missing,missing,EJ
99,7.19995e-06,0.00730145,1.1206734,1.83189645,2.72720285,3.39904275,3.96213285,4.131977199999999,4.51659131,CDRIA-2050-noCR,1500Mt-noCostDecrease,China,missing,wind,missing,missing,missing,missing,missing,missing,missing,missing,EJ
100,0.00054235,0.01322953,0.0503834,0.0526602,0.05380016,0.0539865,0.0528527399999999,0.0489135,0.0479237,CDRIA-2050-noCR,1500Mt-noCostDecrease,EU-12,missing,biomass,missing,missing,missing,missing,missing,missing,missing,missing,EJ
101,1.293259,1.215982,1.02366,1.1423799,1.2298768999999998,1.271364,1.282573,1.301435,1.212022,CDRIA-2050-noCR,1500Mt-noCostDecrease,EU-12,missing,coal,missing,missing,missing,missing,missing,missing,missing,missing,EJ
102,0.320683,0.299762,0.130776,0.1544177,0.184073,0.2118295,0.239415,0.282381,0.3336993,CDRIA-2050-noCR,1500Mt-noCostDecrease,EU-12,missing,gas,missing,missing,missing,missing,missing,missing,missing,missing,EJ
103,0.0,0.0,0.0084855,0.0173407,0.0270858,0.0355899,0.04305,0.0506669,0.0547878,CDRIA-2050-noCR,1500Mt-noCostDecrease,EU-12,missing,geothermal,missing,missing,missing,missing,missing,missing,missing,missing,EJ
104,0.0929088,0.14841,0.135083,0.140333,0.145582,0.150832,0.156081,0.161331,0.16658,CDRIA-2050-noCR,1500Mt-noCostDecrease,EU-12,missing,hydro,missing,missing,missing,missing,missing,missing,missing,missing,EJ
105,0.268824,0.348187,0.406567,0.465093,0.516283,0.5500619999999999,0.571627,0.60132,0.5999762,CDRIA-2050-noCR,1500Mt-noCostDecrease,EU-12,missing,nuclear,missing,missing,missing,missing,missing,missing,missing,missing,EJ
106,0.1791277,0.0601185999999999,0.02669527,0.0303419999999999,0.0378378,0.0453905,0.0499587,0.0563767,0.0724948,CDRIA-2050-noCR,1500Mt-noCostDecrease,EU-12,missing,refined liquids,missing,missing,missing,missing,missing,missing,missing,missing,EJ
107,0.0,0.0,0.00290777,0.0281635,0.0544101,0.0692453,0.0793016,0.090659,0.141172,CDRIA-2050-noCR,1500Mt-noCostDecrease,EU-12,missing,rooftop_pv,missing,missing,missing,missing,missing,missing,missing,missing,EJ
108,0.0,3.60002e-06,0.0557854833999999,0.1107175840999999,0.1849377191,0.2478947881,0.3020721250999999,0.3458373450999999,0.4273659847,CDRIA-2050-noCR,1500Mt-noCostDecrease,EU-12,missing,solar,missing,missing,missing,missing,missing,missing,missing,missing,EJ
109,0.0,0.00100801,0.1301294998,0.1825626867999999,0.2527509308,0.3260426007999999,0.4024920208,0.4314783535,0.5550258829999999,CDRIA-2050-noCR,1500Mt-noCostDecrease,EU-12,missing,wind,missing,missing,missing,missing,missing,missing,missing,missing,EJ
110,0.0284664,0.166771,0.324068,0.3299452,0.3290691,0.3272621,0.3200925,0.3129507,0.2915084,CDRIA-2050-noCR,1500Mt-noCostDecrease,EU-15,missing,biomass,missing,missing,missing,missing,missing,missing,missing,missing,EJ
111,2.83936,2.59761,2.35197,2.5632185,2.681076,2.70908,2.692209,2.840489,2.857298,CDRIA-2050-noCR,1500Mt-noCostDecrease,EU-15,missing,coal,missing,missing,missing,missing,missing,missing,missing,missing,EJ
112,0.4639999999999999,1.937954,1.613263,1.779557,1.885642,1.930562,1.964616,2.20381,2.304202,CDRIA-2050-noCR,1500Mt-noCostDecrease,EU-15,missing,gas,missing,missing,missing,missing,missing,missing,missing,missing,EJ
113,0.0116132,0.0194279,0.0678579,0.116914,0.163491,0.202975,0.239338,0.27698,0.285273,CDRIA-2050-noCR,1500Mt-noCostDecrease,EU-15,missing,geothermal,missing,missing,missing,missing,missing,missing,missing,missing,EJ
114,0.940387,0.966583,1.0788,1.0788,1.0788,1.0788,1.0788,1.0788,1.0788,CDRIA-2050-noCR,1500Mt-noCostDecrease,EU-15,missing,hydro,missing,missing,missing,missing,missing,missing,missing,missing,EJ
115,2.5926,3.24331,3.026749,3.275539,3.41036,3.42966,3.4088000000000003,3.64512,3.71697,CDRIA-2050-noCR,1500Mt-noCostDecrease,EU-15,missing,nuclear,missing,missing,missing,missing,missing,missing,missing,missing,EJ
116,0.625782,0.363025,0.1262614,0.1279933,0.1367219,0.1532089999999999,0.1676479,0.2237835,0.2109392,CDRIA-2050-noCR,1500Mt-noCostDecrease,EU-15,missing,refined liquids,missing,missing,missing,missing,missing,missing,missing,missing,EJ
117,0.0,0.0,0.0172954,0.0845773,0.140589,0.194074,0.247381,0.311572,0.398312,CDRIA-2050-noCR,1500Mt-noCostDecrease,EU-15,missing,rooftop_pv,missing,missing,missing,missing,missing,missing,missing,missing,EJ
118,5.39981e-05,0.00528024,0.6585080950000001,1.111967985,1.551186955,1.898915945,2.2324701450000006,2.602035845,2.86221624,CDRIA-2050-noCR,1500Mt-noCostDecrease,EU-15,missing,solar,missing,missing,missing,missing,missing,missing,missing,missing,EJ
119,0.0028007,0.252577,1.36887663,1.78151238,2.22824668,2.66484198,3.1435812800000003,3.2879857900000005,3.706809460000001,CDRIA-2050-noCR,1500Mt-noCostDecrease,EU-15,missing,wind,missing,missing,missing,missing,missing,missing,missing,missing,EJ
120,0.0,0.0,0.0019363,0.002921977,0.004560985,0.00601314,0.00755817,0.00826899,0.00886067,CDRIA-2050-noCR,1500Mt-noCostDecrease,Europe_Eastern,missing,biomass,missing,missing,missing,missing,missing,missing,missing,missing,EJ
121,0.4348877,0.18644539,0.245299,0.26168834,0.2756842,0.2797149,0.27889,0.2734931,0.2667786,CDRIA-2050-noCR,1500Mt-noCostDecrease,Europe_Eastern,missing,coal,missing,missing,missing,missing,missing,missing,missing,missing,EJ
122,0.4511671,0.495011,0.1746115,0.1863627,0.2038299,0.218419,0.234923,0.2542379999999999,0.270812,CDRIA-2050-noCR,1500Mt-noCostDecrease,Europe_Eastern,missing,gas,missing,missing,missing,missing,missing,missing,missing,missing,EJ
123,0.0,0.0,0.00422786,0.00679919,0.00932792,0.0115573,0.0140098,0.0161891,0.0156514,CDRIA-2050-noCR,1500Mt-noCostDecrease,Europe_Eastern,missing,geothermal,missing,missing,missing,missing,missing,missing,missing,missing,EJ
124,0.0388476,0.0459936,0.0215649,0.0223507,0.0231364,0.0239221,0.0247079,0.0254936,0.0262793,CDRIA-2050-noCR,1500Mt-noCostDecrease,Europe_Eastern,missing,hydro,missing,missing,missing,missing,missing,missing,missing,missing,EJ
125,0.274249,0.319512,0.3610212,0.39146,0.432197,0.464018,0.486975,0.499974,0.508569,CDRIA-2050-noCR,1500Mt-noCostDecrease,Europe_Eastern,missing,nuclear,missing,missing,missing,missing,missing,missing,missing,missing,EJ
126,0.3224719,0.01390075,0.00560218,0.00670942,0.0089796699999999,0.0112544899999999,0.01379654,0.0162191,0.0188501,CDRIA-2050-noCR,1500Mt-noCostDecrease,Europe_Eastern,missing,refined liquids,missing,missing,missing,missing,missing,missing,missing,missing,EJ
127,0.0,0.0,0.00122647,0.0145996,0.0340979,0.0432077,0.045982,0.0480114,0.0515763,CDRIA-2050-noCR,1500Mt-noCostDecrease,Europe_Eastern,missing,rooftop_pv,missing,missing,missing,missing,missing,missing,missing,missing,EJ
128,0.0,0.0,0.00647361115,0.01626938112,0.03913200402,0.06264667722,0.08773071922,0.11152670022,0.1342372041699999,CDRIA-2050-noCR,1500Mt-noCostDecrease,Europe_Eastern,missing,solar,missing,missing,missing,missing,missing,missing,missing,missing,EJ
129,0.0,0.000140396,0.0134290393,0.0232642593999999,0.0411465734,0.0613627433999999,0.0859237154,0.1080578273,0.1257817919,CDRIA-2050-noCR,1500Mt-noCostDecrease,Europe_Eastern,missing,wind,missing,missing,missing,missing,missing,missing,missing,missing,EJ
130,0.0,4.31994e-05,0.000953259,0.002218068,0.0041595189999999,0.00571341,0.00732451,0.00899682,0.0098205599999999,CDRIA-2050-noCR,1500Mt-noCostDecrease,Europe_Non_EU,missing,biomass,missing,missing,missing,missing,missing,missing,missing,missing,EJ
131,0.231688,0.3113820499999999,0.502967,0.5699086,0.6415055,0.6834262,0.7047656999999999,0.728966,0.7349049999999999,CDRIA-2050-noCR,1500Mt-noCostDecrease,Europe_Non_EU,missing,coal,missing,missing,missing,missing,missing,missing,missing,missing,EJ
132,0.05371337,0.2796833,0.3598521,0.4070085,0.4626727,0.4959666,0.5174726000000001,0.5522136000000001,0.5709206,CDRIA-2050-noCR,1500Mt-noCostDecrease,Europe_Non_EU,missing,gas,missing,missing,missing,missing,missing,missing,missing,missing,EJ
133,0.000287999,0.000338395,0.0168169,0.0233186,0.0314936,0.0380485,0.0434932,0.0411864,0.0437756,CDRIA-2050-noCR,1500Mt-noCostDecrease,Europe_Non_EU,missing,geothermal,missing,missing,missing,missing,missing,missing,missing,missing,EJ
134,0.147445,0.262537,0.365473,0.376134,0.386795,0.397456,0.408117,0.418778,0.429438,CDRIA-2050-noCR,1500Mt-noCostDecrease,Europe_Non_EU,missing,hydro,missing,missing,missing,missing,missing,missing,missing,missing,EJ
135,0.0,0.0,0.0323064,0.0694629,0.113988,0.150523,0.184694,0.226173,0.260459,CDRIA-2050-noCR,1500Mt-noCostDecrease,Europe_Non_EU,missing,nuclear,missing,missing,missing,missing,missing,missing,missing,missing,EJ
136,0.0296832699999999,0.02866045,0.00490672,0.00536394,0.00616568,0.00664597,0.00707355,0.00822987,0.00839863,CDRIA-2050-noCR,1500Mt-noCostDecrease,Europe_Non_EU,missing,refined liquids,missing,missing,missing,missing,missing,missing,missing,missing,EJ
137,0.0,0.0,0.00617493,0.0499398,0.0982243,0.124309,0.144815,0.163082,0.190883,CDRIA-2050-noCR,1500Mt-noCostDecrease,Europe_Non_EU,missing,rooftop_pv,missing,missing,missing,missing,missing,missing,missing,missing,EJ
138,0.0,0.0,0.00511119769,0.02904903595,0.09035958805,0.15098696105,0.20152968005,0.25205890005,0.2856025224,CDRIA-2050-noCR,1500Mt-noCostDecrease,Europe_Non_EU,missing,solar,missing,missing,missing,missing,missing,missing,missing,missing,EJ
139,0.0,0.000248396,0.0592538122,0.0828177559,0.1202895889,0.1577814629,0.1952061789,0.2006089582,0.2294287277,CDRIA-2050-noCR,1500Mt-noCostDecrease,Europe_Non_EU,missing,wind,missing,missing,missing,missing,missing,missing,missing,missing,EJ
140,0.00165601,0.00277205,0.0103542,0.01653446,0.02011418,0.02236713,0.02382734,0.02488294,0.02759758,CDRIA-2050-noCR,1500Mt-noCostDecrease,European Free Trade Association,missing,biomass,missing,missing,missing,missing,missing,missing,missing,missing,EJ
141,0.000338402,0.000475209,0.00317557,0.005089008,0.0063439629999999,0.00725248,0.00803483,0.00902524,0.01071822,CDRIA-2050-noCR,1500Mt-noCostDecrease,European Free Trade Association,missing,coal,missing,missing,missing,missing,missing,missing,missing,missing,EJ
142,0.000712805,0.00230044,0.00515056,0.00846137,0.0110406,0.01311995,0.01508794,0.01824816,0.02385298,CDRIA-2050-noCR,1500Mt-noCostDecrease,European Free Trade Association,missing,gas,missing,missing,missing,missing,missing,missing,missing,missing,EJ
143,0.00108001,0.00596891,0.0345881,0.0445924,0.0481575,0.0496348,0.0510992,0.0429705,0.0373473,CDRIA-2050-noCR,1500Mt-noCostDecrease,European Free Trade Association,missing,geothermal,missing,missing,missing,missing,missing,missing,missing,missing,EJ
144,0.558752,0.626339,0.681628,0.681628,0.681628,0.681628,0.681628,0.681628,0.681628,CDRIA-2050-noCR,1500Mt-noCostDecrease,European Free Trade Association,missing,hydro,missing,missing,missing,missing,missing,missing,missing,missing,EJ
145,0.0850902,0.0840291,0.1198707,0.1490745,0.1646207,0.1717702,0.1742921,0.1772602,0.1867154,CDRIA-2050-noCR,1500Mt-noCostDecrease,European Free Trade Association,missing,nuclear,missing,missing,missing,missing,missing,missing,missing,missing,EJ
146,0.00107641,0.000309606,0.000408052,0.000511472,0.000488896,0.000472948,0.000446025,0.000446388,0.00049213,CDRIA-2050-noCR,1500Mt-noCostDecrease,European Free Trade Association,missing,refined liquids,missing,missing,missing,missing,missing,missing,missing,missing,EJ
147,0.0,0.0,0.000105628,0.000718063,0.00122256,0.00152097,0.00176907,0.0020897,0.00312907,CDRIA-2050-noCR,1500Mt-noCostDecrease,European Free Trade Association,missing,rooftop_pv,missing,missing,missing,missing,missing,missing,missing,missing,EJ
148,3.60003e-06,7.56014e-05,0.022417738,0.0521711446,0.0760406771,0.0923506601,0.1042098181,0.1125626881,0.1143502461,CDRIA-2050-noCR,1500Mt-noCostDecrease,European Free Trade Association,missing,solar,missing,missing,missing,missing,missing,missing,missing,missing,EJ
149,0.0,0.00182523,0.0614060293,0.1342558623,0.1989028373,0.2520756073,0.2987207273,0.3442026113,0.379559488,CDRIA-2050-noCR,1500Mt-noCostDecrease,European Free Trade Association,missing,wind,missing,missing,missing,missing,missing,missing,missing,missing,EJ
150,0.0,0.017604,0.164002,0.2778972,0.3911734,0.493075,0.5709770000000001,0.610966,0.62716,CDRIA-2050-noCR,1500Mt-noCostDecrease,India,missing,biomass,missing,missing,missing,missing,missing,missing,missing,missing,EJ
151,0.689896,1.72255,5.47928,7.219194,8.802526,10.11549,11.21951,12.40731,13.48862,CDRIA-2050-noCR,1500Mt-noCostDecrease,India,missing,coal,missing,missing,missing,missing,missing,missing,missing,missing,EJ
152,0.0358497,0.2716814,0.377697,0.5747089999999999,0.810066,1.063598,1.334895,1.6848169999999998,2.031045,CDRIA-2050-noCR,1500Mt-noCostDecrease,India,missing,gas,missing,missing,missing,missing,missing,missing,missing,missing,EJ
153,0.0,0.0,0.0347861,0.0748464,0.120183,0.158523,0.189434,0.218619,0.230527,CDRIA-2050-noCR,1500Mt-noCostDecrease,India,missing,geothermal,missing,missing,missing,missing,missing,missing,missing,missing,EJ
154,0.257962,0.389236,0.541944,0.592507,0.643069,0.693632,0.744194,0.794756,0.845319,CDRIA-2050-noCR,1500Mt-noCostDecrease,India,missing,hydro,missing,missing,missing,missing,missing,missing,missing,missing,EJ
155,0.0221081,0.0623664,0.266285,0.415073,0.563427,0.6974830999999999,0.8352658,1.0039874,1.1782036,CDRIA-2050-noCR,1500Mt-noCostDecrease,India,missing,nuclear,missing,missing,missing,missing,missing,missing,missing,missing,EJ
156,0.0479244,0.0913176,0.1829157,0.29995,0.427747,0.568995,0.68868,0.831107,0.954166,CDRIA-2050-noCR,1500Mt-noCostDecrease,India,missing,refined liquids,missing,missing,missing,missing,missing,missing,missing,missing,EJ
157,0.0,0.0,0.178817,0.806898,1.33473,2.00712,2.79341,3.62897,4.49604,CDRIA-2050-noCR,1500Mt-noCostDecrease,India,missing,rooftop_pv,missing,missing,missing,missing,missing,missing,missing,missing,EJ
158,0.0,1.08e-05,0.226220284,0.7551375530000001,1.419477703,2.028383503,2.609106403,3.302842703,3.9451039690000007,CDRIA-2050-noCR,1500Mt-noCostDecrease,India,missing,solar,missing,missing,missing,missing,missing,missing,missing,missing,EJ
159,0.000115203,0.0223596,0.388357497,0.829994897,1.4484038869999998,2.1505530870000005,2.9021046870000005,3.675874143,4.398450380000002,CDRIA-2050-noCR,1500Mt-noCostDecrease,India,missing,wind,missing,missing,missing,missing,missing,missing,missing,missing,EJ
160,0.0,7.91986e-05,0.00386532,0.006591879,0.01203558,0.01837651,0.0261033099999999,0.03279334,0.0376281,CDRIA-2050-noCR,1500Mt-noCostDecrease,Indonesia,missing,biomass,missing,missing,missing,missing,missing,missing,missing,missing,EJ
161,0.0351637,0.186451,0.667929,0.8068012999999999,0.9862127,1.146705,1.307602,1.47321,1.612749,CDRIA-2050-noCR,1500Mt-noCostDecrease,Indonesia,missing,coal,missing,missing,missing,missing,missing,missing,missing,missing,EJ
162,0.0026423195,0.0687084,0.2937767,0.372627,0.5053259999999999,0.636313,0.770065,0.926085,1.054737,CDRIA-2050-noCR,1500Mt-noCostDecrease,Indonesia,missing,gas,missing,missing,missing,missing,missing,missing,missing,missing,EJ
163,0.00404987,0.023774,0.057316,0.074801,0.0979378,0.119084,0.139137,0.133018,0.137958,CDRIA-2050-noCR,1500Mt-noCostDecrease,Indonesia,missing,geothermal,missing,missing,missing,missing,missing,missing,missing,missing,EJ
164,0.0205488,0.03861,0.0512443,0.0530209,0.0547976,0.0565743,0.058351,0.0601276,0.0619043,CDRIA-2050-noCR,1500Mt-noCostDecrease,Indonesia,missing,hydro,missing,missing,missing,missing,missing,missing,missing,missing,EJ
165,0.0,0.0,0.00501345,0.0130023,0.0298195,0.0522323,0.0805047,0.115406,0.150737,CDRIA-2050-noCR,1500Mt-noCostDecrease,Indonesia,missing,nuclear,missing,missing,missing,missing,missing,missing,missing,missing,EJ
166,0.0551935,0.141474,0.0831089,0.0973271,0.1420644999999999,0.1875755,0.2330704,0.2695912,0.2884752,CDRIA-2050-noCR,1500Mt-noCostDecrease,Indonesia,missing,refined liquids,missing,missing,missing,missing,missing,missing,missing,missing,EJ
167,0.0,0.0,0.0186113,0.120978,0.197344,0.276761,0.371053,0.467215,0.571071,CDRIA-2050-noCR,1500Mt-noCostDecrease,Indonesia,missing,rooftop_pv,missing,missing,missing,missing,missing,missing,missing,missing,EJ
168,0.0,0.0,0.01021962506,0.04234046456,0.10955798856,0.18069383856,0.25947239856,0.35764930946,0.4537840046999999,CDRIA-2050-noCR,1500Mt-noCostDecrease,Indonesia,missing,solar,missing,missing,missing,missing,missing,missing,missing,missing,EJ
169,0.0,0.0,0.0038766949,0.0104777656,0.0252778236,0.0481488976,0.0864269826,0.1476926612,0.2195863397,CDRIA-2050-noCR,1500Mt-noCostDecrease,Indonesia,missing,wind,missing,missing,missing,missing,missing,missing,missing,missing,EJ
170,0.0313952,0.0522352,0.125342,0.1202539099999999,0.11461541,0.10585108,0.09410996,0.0775576,0.0606804399999999,CDRIA-2050-noCR,1500Mt-noCostDecrease,Japan,missing,biomass,missing,missing,missing,missing,missing,missing,missing,missing,EJ
171,0.441664,1.05433,1.4998,1.5542837,1.5718857,1.5303462,1.4733838,1.426896,1.362364,CDRIA-2050-noCR,1500Mt-noCostDecrease,Japan,missing,coal,missing,missing,missing,missing,missing,missing,missing,missing,EJ
172,0.606408,0.89175,1.613735,1.6340180000000002,1.6305420000000002,1.562702,1.499994,1.4907050000000002,1.469381,CDRIA-2050-noCR,1500Mt-noCostDecrease,Japan,missing,gas,missing,missing,missing,missing,missing,missing,missing,missing,EJ
173,0.00626751,0.0116134,0.0179214,0.0230013,0.0287536,0.0333265,0.0388542,0.0389612,0.0392629,CDRIA-2050-noCR,1500Mt-noCostDecrease,Japan,missing,geothermal,missing,missing,missing,missing,missing,missing,missing,missing,EJ
174,0.386734,0.351482,0.31453,0.315436,0.316342,0.317247,0.318153,0.319059,0.319964,CDRIA-2050-noCR,1500Mt-noCostDecrease,Japan,missing,hydro,missing,missing,missing,missing,missing,missing,missing,missing,EJ
175,0.728169,1.0971,0.0313814,0.0591257,0.1116682,0.1669468,0.2326821,0.3219456,0.3953842,CDRIA-2050-noCR,1500Mt-noCostDecrease,Japan,missing,nuclear,missing,missing,missing,missing,missing,missing,missing,missing,EJ
176,0.900636,0.487908,0.2899754,0.2443325,0.2306342,0.2199515,0.2049404,0.1912997,0.1678928,CDRIA-2050-noCR,1500Mt-noCostDecrease,Japan,missing,refined liquids,missing,missing,missing,missing,missing,missing,missing,missing,EJ
177,0.0,0.0,0.00590499,0.0387179,0.0692166,0.0902504,0.0986608,0.129938,0.161955,CDRIA-2050-noCR,1500Mt-noCostDecrease,Japan,missing,rooftop_pv,missing,missing,missing,missing,missing,missing,missing,missing,EJ
178,0.000241197,0.00511192,0.24315186,0.3443155513,0.4611299823,0.5399907633,0.6305304933,0.6494085033,0.6647643133000001,CDRIA-2050-noCR,1500Mt-noCostDecrease,Japan,missing,solar,missing,missing,missing,missing,missing,missing,missing,missing,EJ
179,0.0,0.00630351,0.0411766451,0.058096062,0.083916836,0.109745071,0.149052313,0.1929237482,0.2333473229,CDRIA-2050-noCR,1500Mt-noCostDecrease,Japan,missing,wind,missing,missing,missing,missing,missing,missing,missing,missing,EJ
180,0.0,0.010965,0.0175904,0.03333679,0.05087867,0.0628338,0.0705592,0.0749581,0.0751001,CDRIA-2050-noCR,1500Mt-noCostDecrease,Mexico,missing,biomass,missing,missing,missing,missing,missing,missing,missing,missing,EJ
181,0.0279849,0.117865,0.137194,0.1606204,0.187856,0.208801,0.2247265,0.2458007999999999,0.2645898,CDRIA-2050-noCR,1500Mt-noCostDecrease,Mexico,missing,coal,missing,missing,missing,missing,missing,missing,missing,missing,EJ
182,0.0520532,0.3372945,0.635812,0.740487,0.8822690000000001,1.003237,1.110647,1.277199,1.436355,CDRIA-2050-noCR,1500Mt-noCostDecrease,Mexico,missing,gas,missing,missing,missing,missing,missing,missing,missing,missing,EJ
183,0.0184454,0.026275,0.0285202,0.036978,0.0479263,0.0577477,0.0663658,0.0594614,0.0666446,CDRIA-2050-noCR,1500Mt-noCostDecrease,Mexico,missing,geothermal,missing,missing,missing,missing,missing,missing,missing,missing,EJ
184,0.0845208,0.0997524,0.111165,0.111396,0.111626,0.111857,0.112088,0.112319,0.11255,CDRIA-2050-noCR,1500Mt-noCostDecrease,Mexico,missing,hydro,missing,missing,missing,missing,missing,missing,missing,missing,EJ
185,0.0105726,0.0388959,0.04211886,0.0460958499999999,0.0521385999999999,0.0577088,0.0632102,0.07235,0.0822352,CDRIA-2050-noCR,1500Mt-noCostDecrease,Mexico,missing,nuclear,missing,missing,missing,missing,missing,missing,missing,missing,EJ
186,0.223411,0.24595,0.1080864,0.1332614999999999,0.1698590999999999,0.1962416,0.2180013999999999,0.2212408,0.2032014999999999,CDRIA-2050-noCR,1500Mt-noCostDecrease,Mexico,missing,refined liquids,missing,missing,missing,missing,missing,missing,missing,missing,EJ
187,0.0,0.0,0.0268346,0.119692,0.181714,0.228217,0.273054,0.319016,0.376958,CDRIA-2050-noCR,1500Mt-noCostDecrease,Mexico,missing,rooftop_pv,missing,missing,missing,missing,missing,missing,missing,missing,EJ
188,3.59981e-06,3.23983e-05,0.00606937492,0.035096481,0.0989931109,0.1668856489,0.2299753909,0.3052237619,0.3712827801,CDRIA-2050-noCR,1500Mt-noCostDecrease,Mexico,missing,solar,missing,missing,missing,missing,missing,missing,missing,missing,EJ
189,3.59981e-06,6.83963e-05,0.0452973522,0.0753520102,0.1277591562,0.1875319761999999,0.2528201162,0.3147639551,0.396540552,CDRIA-2050-noCR,1500Mt-noCostDecrease,Mexico,missing,wind,missing,missing,missing,missing,missing,missing,missing,missing,EJ
190,0.0,0.0,0.00266584,0.006650626,0.01404451,0.02227025,0.03102121,0.0371188999999999,0.0412428,CDRIA-2050-noCR,1500Mt-noCostDecrease,Middle East,missing,biomass,missing,missing,missing,missing,missing,missing,missing,missing,EJ
191,0.037911,0.132627,0.11943,0.1311916799999999,0.14596296,0.1576703,0.1676757999999999,0.1764905,0.1839945,CDRIA-2050-noCR,1500Mt-noCostDecrease,Middle East,missing,coal,missing,missing,missing,missing,missing,missing,missing,missing,EJ
192,0.410424,1.37907,2.681572,2.891941,3.294562,3.70768,4.15663,4.67068,5.15908,CDRIA-2050-noCR,1500Mt-noCostDecrease,Middle East,missing,gas,missing,missing,missing,missing,missing,missing,missing,missing,EJ
193,0.0,0.0,0.0110777,0.0247596,0.0419088,0.0556698,0.0714454,0.0866206,0.092219,CDRIA-2050-noCR,1500Mt-noCostDecrease,Middle East,missing,geothermal,missing,missing,missing,missing,missing,missing,missing,missing,EJ
194,0.04293,0.0992016,0.0920567,0.120735,0.149414,0.178093,0.206771,0.23545,0.264129,CDRIA-2050-noCR,1500Mt-noCostDecrease,Middle East,missing,hydro,missing,missing,missing,missing,missing,missing,missing,missing,EJ
195,0.0,0.0,0.02557545,0.04934787,0.0937403699999999,0.1485812799999999,0.20982983,0.2757846399999999,0.34055179,CDRIA-2050-noCR,1500Mt-noCostDecrease,Middle East,missing,nuclear,missing,missing,missing,missing,missing,missing,missing,missing,EJ
196,0.388706,0.71284,1.105035,1.28966,1.675262,2.049546,2.266556,2.317646,2.292399,CDRIA-2050-noCR,1500Mt-noCostDecrease,Middle East,missing,refined liquids,missing,missing,missing,missing,missing,missing,missing,missing,EJ
197,0.0,0.0,0.356297,0.701286,0.94215,1.15908,1.34945,1.50919,1.67529,CDRIA-2050-noCR,1500Mt-noCostDecrease,Middle East,missing,rooftop_pv,missing,missing,missing,missing,missing,missing,missing,missing,EJ
198,0.0,0.0,0.03556280144,0.1076368584,0.2603431557,0.4444115037000001,0.6496624537,0.8654080736999998,1.0534827450000002,CDRIA-2050-noCR,1500Mt-noCostDecrease,Middle East,missing,solar,missing,missing,missing,missing,missing,missing,missing,missing,EJ
199,3.59926e-06,0.000305898,0.02731825,0.079160638,0.184279608,0.318985538,0.487429358,0.6833234170000001,0.8632489540000001,CDRIA-2050-noCR,1500Mt-noCostDecrease,Middle East,missing,wind,missing,missing,missing,missing,missing,missing,missing,missing,EJ
200,0.0,0.0,0.00667279,0.01219014,0.02019876,0.03006054,0.0522594,0.0637305,0.0619368,CDRIA-2050-noCR,1500Mt-noCostDecrease,Pakistan,missing,biomass,missing,missing,missing,missing,missing,missing,missing,missing,EJ
201,0.00013679,0.000464408,0.00533058,0.009099448,0.0133263,0.01802711,0.0278973699999999,0.03627083,0.0402945,CDRIA-2050-noCR,1500Mt-noCostDecrease,Pakistan,missing,coal,missing,missing,missing,missing,missing,missing,missing,missing,EJ
202,0.04560498,0.1486321,0.1664552,0.2019162,0.245105,0.288891,0.38329,0.450264,0.465824,CDRIA-2050-noCR,1500Mt-noCostDecrease,Pakistan,missing,gas,missing,missing,missing,missing,missing,missing,missing,missing,EJ
203,0.0,0.0,0.0160514,0.0332241,0.0511966,0.0673658,0.0966589,0.118001,0.112034,CDRIA-2050-noCR,1500Mt-noCostDecrease,Pakistan,missing,geothermal,missing,missing,missing,missing,missing,missing,missing,missing,EJ
204,0.06093,0.111103,0.131602,0.138525,0.145448,0.152371,0.159295,0.166218,0.173141,CDRIA-2050-noCR,1500Mt-noCostDecrease,Pakistan,missing,hydro,missing,missing,missing,missing,missing,missing,missing,missing,EJ
205,0.00105472,0.00894255,0.0271496,0.0370912,0.0483615,0.0605131,0.0862313,0.10642831,0.11449227,CDRIA-2050-noCR,1500Mt-noCostDecrease,Pakistan,missing,nuclear,missing,missing,missing,missing,missing,missing,missing,missing,EJ
206,0.0278907,0.0679259,0.1389577,0.1438338,0.1620042,0.1874952,0.251325,0.2579955,0.2294797,CDRIA-2050-noCR,1500Mt-noCostDecrease,Pakistan,missing,refined liquids,missing,missing,missing,missing,missing,missing,missing,missing,EJ
207,0.0,0.0,0.0313298,0.0598029,0.104068,0.178872,0.275718,0.370899,0.466294,CDRIA-2050-noCR,1500Mt-noCostDecrease,Pakistan,missing,rooftop_pv,missing,missing,missing,missing,missing,missing,missing,missing,EJ
208,0.0,0.0,0.0293224957,0.0797626642,0.1393150172,0.2041290572,0.3548136372,0.4946327071999999,0.538995506,CDRIA-2050-noCR,1500Mt-noCostDecrease,Pakistan,missing,solar,missing,missing,missing,missing,missing,missing,missing,missing,EJ
209,0.0,0.0,0.0322920794299999,0.07996969623,0.14692840923,0.22333852723,0.37137335723,0.4892560954,0.518302217,CDRIA-2050-noCR,1500Mt-noCostDecrease,Pakistan,missing,wind,missing,missing,missing,missing,missing,missing,missing,missing,EJ
210,0.0,0.0,0.0071104,0.009510223,0.01450065,0.018555,0.02193283,0.02136958,0.02192021,CDRIA-2050-noCR,1500Mt-noCostDecrease,Russia,missing,biomass,missing,missing,missing,missing,missing,missing,missing,missing,EJ
211,1.315419,1.128482,0.692529,0.7309709,0.7619899,0.7669678000000001,0.7544803,0.7226379,0.6873911,CDRIA-2050-noCR,1500Mt-noCostDecrease,Russia,missing,coal,missing,missing,missing,missing,missing,missing,missing,missing,EJ
212,4.69084,3.0346,1.992992,2.134853,2.366251,2.513496,2.63861,2.75723,2.83967,CDRIA-2050-noCR,1500Mt-noCostDecrease,Russia,missing,gas,missing,missing,missing,missing,missing,missing,missing,missing,EJ
213,0.000100804,0.00147597,0.0303432,0.0469429,0.0691374,0.0888415,0.106967,0.118732,0.108315,CDRIA-2050-noCR,1500Mt-noCostDecrease,Russia,missing,geothermal,missing,missing,missing,missing,missing,missing,missing,missing,EJ
214,0.597301,0.621637,0.646028,0.687281,0.728534,0.769788,0.811041,0.852294,0.893547,CDRIA-2050-noCR,1500Mt-noCostDecrease,Russia,missing,hydro,missing,missing,missing,missing,missing,missing,missing,missing,EJ
215,0.425914,0.537993,0.941137,1.045942,1.1888070000000002,1.3100649999999998,1.395154,1.426851,1.445455,CDRIA-2050-noCR,1500Mt-noCostDecrease,Russia,missing,nuclear,missing,missing,missing,missing,missing,missing,missing,missing,EJ
216,1.217924,0.1274076,0.0381146,0.027766,0.0342977,0.0375744,0.0401978,0.0366414,0.036927,CDRIA-2050-noCR,1500Mt-noCostDecrease,Russia,missing,refined liquids,missing,missing,missing,missing,missing,missing,missing,missing,EJ
217,0.0,0.0,0.000688545,0.0128072,0.0563401,0.109969,0.135824,0.144566,0.151727,CDRIA-2050-noCR,1500Mt-noCostDecrease,Russia,missing,rooftop_pv,missing,missing,missing,missing,missing,missing,missing,missing,EJ
218,0.0,0.0,0.00943436875,0.02403990017,0.0725023895699999,0.1447209790699999,0.2309844170699999,0.30702053507,0.3794126963199999,CDRIA-2050-noCR,1500Mt-noCostDecrease,Russia,missing,solar,missing,missing,missing,missing,missing,missing,missing,missing,EJ
219,0.0,2.51994e-05,0.071113366,0.1247469809999999,0.218467871,0.321882701,0.4385306409999999,0.54184287,0.58188556,CDRIA-2050-noCR,1500Mt-noCostDecrease,Russia,missing,wind,missing,missing,missing,missing,missing,missing,missing,missing,EJ
220,0.0,0.000932388,0.00152266,0.0024200159999999,0.004267545,0.00558381,0.00755067,0.0095885,0.01124295,CDRIA-2050-noCR,1500Mt-noCostDecrease,South Africa,missing,biomass,missing,missing,missing,missing,missing,missing,missing,missing,EJ
221,0.561322,0.824681,0.884204,0.9440674,1.0041403,1.0094979,0.9971574,0.989005,0.978553,CDRIA-2050-noCR,1500Mt-noCostDecrease,South Africa,missing,coal,missing,missing,missing,missing,missing,missing,missing,missing,EJ
222,0.0,0.0,0.0009822654,0.0018182253,0.0031807264,0.0042729953,0.005576297,0.00751593,0.009424816,CDRIA-2050-noCR,1500Mt-noCostDecrease,South Africa,missing,gas,missing,missing,missing,missing,missing,missing,missing,missing,EJ
223,0.0,0.0,0.00361268,0.00774057,0.0122053,0.0146226,0.0166951,0.0185481,0.0190895,CDRIA-2050-noCR,1500Mt-noCostDecrease,South Africa,missing,geothermal,missing,missing,missing,missing,missing,missing,missing,missing,EJ
224,0.003636,0.0047952,0.0033725,0.0038614,0.0043503,0.0048392,0.0053281,0.005817,0.0063059,CDRIA-2050-noCR,1500Mt-noCostDecrease,South Africa,missing,hydro,missing,missing,missing,missing,missing,missing,missing,missing,EJ
225,0.0304158,0.0406543,0.04124416,0.04279874,0.0479746999999999,0.0523235,0.0572352,0.065308,0.0747971,CDRIA-2050-noCR,1500Mt-noCostDecrease,South Africa,missing,nuclear,missing,missing,missing,missing,missing,missing,missing,missing,EJ
226,0.0,0.0,0.0003938169,0.000401082,0.0005617759999999999,0.000639417,0.0008033599999999999,0.001018511,0.001158814,CDRIA-2050-noCR,1500Mt-noCostDecrease,South Africa,missing,refined liquids,missing,missing,missing,missing,missing,missing,missing,missing,EJ
227,0.0,0.0,0.00903841,0.0458902,0.0681696,0.0924339,0.121997,0.156287,0.192804,CDRIA-2050-noCR,1500Mt-noCostDecrease,South Africa,missing,rooftop_pv,missing,missing,missing,missing,missing,missing,missing,missing,EJ
228,0.0,0.0,0.02444996017,0.0749587895999999,0.1588964523,0.2112257383,0.2541520703,0.2946259703,0.3304707834,CDRIA-2050-noCR,1500Mt-noCostDecrease,South Africa,missing,solar,missing,missing,missing,missing,missing,missing,missing,missing,EJ
229,0.0,4.31995e-05,0.0176689957,0.0338231243,0.0651632572999999,0.0948020993,0.1315692292999999,0.1740549973,0.2207632386,CDRIA-2050-noCR,1500Mt-noCostDecrease,South Africa,missing,wind,missing,missing,missing,missing,missing,missing,missing,missing,EJ
230,6.07703e-05,9.18619e-05,1.66818e-05,1.17024e-05,6.68738e-06,4.22922e-06,0.0003200385,0.000692262,0.000900803,CDRIA-2050-noCR,1500Mt-noCostDecrease,South America_Northern,missing,biomass,missing,missing,missing,missing,missing,missing,missing,missing,EJ
231,0.0,0.0,0.0,0.0,0.0,0.0,0.000112071,0.0003086082,0.000529621,CDRIA-2050-noCR,1500Mt-noCostDecrease,South America_Northern,missing,coal,missing,missing,missing,missing,missing,missing,missing,missing,EJ
232,0.0558832,0.0543899,0.0444052,0.0398352,0.0475997,0.0505632,0.0681268,0.0999008,0.1356231,CDRIA-2050-noCR,1500Mt-noCostDecrease,South America_Northern,missing,gas,missing,missing,missing,missing,missing,missing,missing,missing,EJ
233,0.0,0.0,0.0,0.0,0.0,0.0,0.00220997,0.00580123,0.00940784,CDRIA-2050-noCR,1500Mt-noCostDecrease,South America_Northern,missing,geothermal,missing,missing,missing,missing,missing,missing,missing,missing,EJ
234,0.134775,0.282745,0.138196,0.140232,0.197734,0.264185,0.303156,0.308828,0.3145,CDRIA-2050-noCR,1500Mt-noCostDecrease,South America_Northern,missing,hydro,missing,missing,missing,missing,missing,missing,missing,missing,EJ
235,0.0,0.0,0.0,0.0,0.0,0.0,0.000400237,0.00160204,0.00332188,CDRIA-2050-noCR,1500Mt-noCostDecrease,South America_Northern,missing,nuclear,missing,missing,missing,missing,missing,missing,missing,missing,EJ
236,0.0469143,0.0859248,0.0311597,0.0263484,0.0242196,0.0216999,0.0335449,0.0436186,0.04438823,CDRIA-2050-noCR,1500Mt-noCostDecrease,South America_Northern,missing,refined liquids,missing,missing,missing,missing,missing,missing,missing,missing,EJ
237,0.0,0.0,0.0160965,0.0322649,0.0469578,0.0619882,0.0728137,0.0814608,0.0907554,CDRIA-2050-noCR,1500Mt-noCostDecrease,South America_Northern,missing,rooftop_pv,missing,missing,missing,missing,missing,missing,missing,missing,EJ
238,0.0,5.31994e-05,2.99212e-05,2.97602e-05,4.11476e-05,5.39277e-05,0.0051019168,0.013772746,0.022728745,CDRIA-2050-noCR,1500Mt-noCostDecrease,South America_Northern,missing,solar,missing,missing,missing,missing,missing,missing,missing,missing,EJ
239,0.0,0.000196298,0.000235476,0.000234209,0.000323826,0.000424403,0.009446239,0.024931576,0.042108821,CDRIA-2050-noCR,1500Mt-noCostDecrease,South America_Northern,missing,wind,missing,missing,missing,missing,missing,missing,missing,missing,EJ
240,0.000737983,0.0020193,0.0183135,0.02952775,0.04207105,0.04991411,0.055997,0.0571804999999999,0.0552457,CDRIA-2050-noCR,1500Mt-noCostDecrease,South America_Southern,missing,biomass,missing,missing,missing,missing,missing,missing,missing,missing,EJ
241,0.0234895,0.0288533,0.145172,0.1827109,0.2273158,0.261931,0.2938647,0.3301287,0.3625595,CDRIA-2050-noCR,1500Mt-noCostDecrease,South America_Southern,missing,coal,missing,missing,missing,missing,missing,missing,missing,missing,EJ
242,0.004762685,0.0806353,0.2061116,0.261601,0.3388919999999999,0.4027,0.463936,0.537865,0.600759,CDRIA-2050-noCR,1500Mt-noCostDecrease,South America_Southern,missing,gas,missing,missing,missing,missing,missing,missing,missing,missing,EJ
243,0.0,0.0,0.00242572,0.00695168,0.0150602,0.0237753,0.0337502,0.0459258,0.0555226,CDRIA-2050-noCR,1500Mt-noCostDecrease,South America_Southern,missing,geothermal,missing,missing,missing,missing,missing,missing,missing,missing,EJ
244,0.215035,0.400529,0.506588,0.555399,0.604211,0.653023,0.701835,0.750646,0.799458,CDRIA-2050-noCR,1500Mt-noCostDecrease,South America_Southern,missing,hydro,missing,missing,missing,missing,missing,missing,missing,missing,EJ
245,0.0,0.0,0.0,0.000622103,0.00219433,0.00423687,0.00805335,0.0144232,0.0221699,CDRIA-2050-noCR,1500Mt-noCostDecrease,South America_Southern,missing,nuclear,missing,missing,missing,missing,missing,missing,missing,missing,EJ
246,0.0240474,0.0373697,0.0632727,0.0789955,0.1080634,0.1271097,0.1408175,0.1538504,0.1598957,CDRIA-2050-noCR,1500Mt-noCostDecrease,South America_Southern,missing,refined liquids,missing,missing,missing,missing,missing,missing,missing,missing,EJ
247,0.0,0.0,0.0159346,0.078269,0.122283,0.158188,0.192296,0.226555,0.264494,CDRIA-2050-noCR,1500Mt-noCostDecrease,South America_Southern,missing,rooftop_pv,missing,missing,missing,missing,missing,missing,missing,missing,EJ
248,0.0,0.0,0.01848150763,0.0490703988,0.1012202426,0.1478007256,0.1917355986,0.2345196486,0.2662744295,CDRIA-2050-noCR,1500Mt-noCostDecrease,South America_Southern,missing,solar,missing,missing,missing,missing,missing,missing,missing,missing,EJ
249,0.0,2.87957e-05,0.0333865033999999,0.0556941414,0.0927233694,0.1322068494,0.1794042194,0.2262632873,0.2799510369999999,CDRIA-2050-noCR,1500Mt-noCostDecrease,South America_Southern,missing,wind,missing,missing,missing,missing,missing,missing,missing,missing,EJ
250,5.53668e-05,1.43999e-05,0.00234983,0.005152978,0.00855769,0.01207565,0.01646471,0.01928521,0.02240317,CDRIA-2050-noCR,1500Mt-noCostDecrease,South Asia,missing,biomass,missing,missing,missing,missing,missing,missing,missing,missing,EJ
251,0.0,0.00142162,0.0595067,0.08720286,0.1136322999999999,0.137401,0.1624003,0.1856615999999999,0.2112436,CDRIA-2050-noCR,1500Mt-noCostDecrease,South Asia,missing,coal,missing,missing,missing,missing,missing,missing,missing,missing,EJ
252,0.02345262,0.0875404,0.2966292,0.393972,0.508913,0.638273,0.794136,0.948494,1.115214,CDRIA-2050-noCR,1500Mt-noCostDecrease,South Asia,missing,gas,missing,missing,missing,missing,missing,missing,missing,missing,EJ
253,0.0,0.0,0.00765795,0.019607,0.0335491,0.0470084,0.0603964,0.0711737,0.0764734,CDRIA-2050-noCR,1500Mt-noCostDecrease,South Asia,missing,geothermal,missing,missing,missing,missing,missing,missing,missing,missing,EJ
254,0.0264292,0.0437314,0.102613,0.11081,0.119006,0.127202,0.135398,0.143594,0.15179,CDRIA-2050-noCR,1500Mt-noCostDecrease,South Asia,missing,hydro,missing,missing,missing,missing,missing,missing,missing,missing,EJ
255,0.0,0.0,0.00442229,0.0130798,0.0262159,0.0427113,0.0633586,0.0856992,0.112764,CDRIA-2050-noCR,1500Mt-noCostDecrease,South Asia,missing,nuclear,missing,missing,missing,missing,missing,missing,missing,missing,EJ
256,0.00849438,0.0423369,0.0745065,0.0819192,0.0867643,0.0926581,0.098782,0.1005742,0.1077613,CDRIA-2050-noCR,1500Mt-noCostDecrease,South Asia,missing,refined liquids,missing,missing,missing,missing,missing,missing,missing,missing,EJ
257,0.0,0.0,0.0135356,0.0573602,0.0863829,0.120358,0.163991,0.215816,0.280237,CDRIA-2050-noCR,1500Mt-noCostDecrease,South Asia,missing,rooftop_pv,missing,missing,missing,missing,missing,missing,missing,missing,EJ
258,0.0,0.000485897,0.01458440263,0.0586446444999999,0.1257791723,0.1991955643,0.2833615342999999,0.3672121673,0.4530841943,CDRIA-2050-noCR,1500Mt-noCostDecrease,South Asia,missing,solar,missing,missing,missing,missing,missing,missing,missing,missing,EJ
259,0.0,4.77997e-05,0.0291840153,0.0880337243,0.1772590902999999,0.2827641302999999,0.4113001503,0.5436205943,0.6743091379999999,CDRIA-2050-noCR,1500Mt-noCostDecrease,South Asia,missing,wind,missing,missing,missing,missing,missing,missing,missing,missing,EJ
260,0.0,0.000162004,0.00944902,0.010420181,0.01143963,0.0116228299999999,0.01164563,0.01092904,0.01011858,CDRIA-2050-noCR,1500Mt-noCostDecrease,South Korea,missing,biomass,missing,missing,missing,missing,missing,missing,missing,missing,EJ
261,0.0423734,0.482672,0.858875,0.9174518,0.9629731,0.9594273,0.9249495,0.8776406000000001,0.8220390000000001,CDRIA-2050-noCR,1500Mt-noCostDecrease,South Korea,missing,coal,missing,missing,missing,missing,missing,missing,missing,missing,EJ
262,0.03457549,0.2130647,0.44720774,0.47258511,0.49409699,0.48753544,0.4682823399999999,0.45111,0.43374932,CDRIA-2050-noCR,1500Mt-noCostDecrease,South Korea,missing,gas,missing,missing,missing,missing,missing,missing,missing,missing,EJ
263,0.0228996,0.0132228,0.0108408,0.013956,0.0170712,0.0201864,0.0233017,0.0264169,0.0295321,CDRIA-2050-noCR,1500Mt-noCostDecrease,South Korea,missing,hydro,missing,missing,missing,missing,missing,missing,missing,missing,EJ
264,0.190399,0.528419,0.7027100000000001,0.797533,0.893178,0.936267,0.946605,0.946059,0.933111,CDRIA-2050-noCR,1500Mt-noCostDecrease,South Korea,missing,nuclear,missing,missing,missing,missing,missing,missing,missing,missing,EJ
265,0.0678874,0.0757497,0.0291925299999999,0.02813406,0.02853149,0.02803763,0.0273705,0.0273187,0.0268588,CDRIA-2050-noCR,1500Mt-noCostDecrease,South Korea,missing,refined liquids,missing,missing,missing,missing,missing,missing,missing,missing,EJ
266,0.0,0.0,0.00589644,0.0490694,0.0971503,0.120217,0.129513,0.137823,0.145728,CDRIA-2050-noCR,1500Mt-noCostDecrease,South Korea,missing,rooftop_pv,missing,missing,missing,missing,missing,missing,missing,missing,EJ
267,3.60012e-06,5.40015e-05,0.0288673226399999,0.06825082704,0.1478294266399999,0.21083278464,0.25731573264,0.2851166526399999,0.3041904546,CDRIA-2050-noCR,1500Mt-noCostDecrease,South Korea,missing,solar,missing,missing,missing,missing,missing,missing,missing,missing,EJ
268,0.0,0.000468013,0.0118578283,0.0239180806,0.0455184166,0.0665807826,0.0880238835999999,0.1083449159,0.1254998413,CDRIA-2050-noCR,1500Mt-noCostDecrease,South Korea,missing,wind,missing,missing,missing,missing,missing,missing,missing,missing,EJ
269,0.00221114,0.00917245,0.0447627,0.06027896,0.0793103,0.0946476,0.1098649999999999,0.1144138,0.1163721,CDRIA-2050-noCR,1500Mt-noCostDecrease,Southeast Asia,missing,biomass,missing,missing,missing,missing,missing,missing,missing,missing,EJ
270,0.104593,0.279399,1.02954,1.2600371,1.5035500000000002,1.702682,1.888006,2.080677,2.272289,CDRIA-2050-noCR,1500Mt-noCostDecrease,Southeast Asia,missing,coal,missing,missing,missing,missing,missing,missing,missing,missing,EJ
271,0.0916145,0.806327,1.470639,1.686303,1.956753,2.165303,2.355614,2.564983,2.760733,CDRIA-2050-noCR,1500Mt-noCostDecrease,Southeast Asia,missing,gas,missing,missing,missing,missing,missing,missing,missing,missing,EJ
272,0.0196808,0.035653,0.0675119,0.0930121,0.122936,0.149655,0.174675,0.171812,0.180354,CDRIA-2050-noCR,1500Mt-noCostDecrease,Southeast Asia,missing,geothermal,missing,missing,missing,missing,missing,missing,missing,missing,EJ
273,0.141419,0.200242,0.42751,0.443456,0.459402,0.475347,0.491293,0.507239,0.523185,CDRIA-2050-noCR,1500Mt-noCostDecrease,Southeast Asia,missing,hydro,missing,missing,missing,missing,missing,missing,missing,missing,EJ
274,0.0,0.0,0.0132541,0.0317725,0.0621436,0.0985536,0.142496,0.197,0.2588,CDRIA-2050-noCR,1500Mt-noCostDecrease,Southeast Asia,missing,nuclear,missing,missing,missing,missing,missing,missing,missing,missing,EJ
275,0.191671,0.116593,0.0551124,0.0646322,0.0876969,0.1078713,0.1261043,0.1429968999999999,0.1542151,CDRIA-2050-noCR,1500Mt-noCostDecrease,Southeast Asia,missing,refined liquids,missing,missing,missing,missing,missing,missing,missing,missing,EJ
276,0.0,0.0,0.0260433,0.211364,0.349102,0.452263,0.56135,0.688926,0.839853,CDRIA-2050-noCR,1500Mt-noCostDecrease,Southeast Asia,missing,rooftop_pv,missing,missing,missing,missing,missing,missing,missing,missing,EJ
277,0.0,0.00026579,0.0477841096,0.1517105702,0.3354718372,0.5161665692,0.6902170892,0.8601005892,1.0075318138,CDRIA-2050-noCR,1500Mt-noCostDecrease,Southeast Asia,missing,solar,missing,missing,missing,missing,missing,missing,missing,missing,EJ
278,0.0,8.46967e-05,0.0464213216,0.1230221406,0.2626667706,0.4346689905999999,0.6467848206,0.9034787056,1.1537363590000005,CDRIA-2050-noCR,1500Mt-noCostDecrease,Southeast Asia,missing,wind,missing,missing,missing,missing,missing,missing,missing,missing,EJ
279,0.0,0.0118312,0.0164042,0.01717348,0.0176443999999999,0.01749156,0.0174053,0.01574465,0.01425744,CDRIA-2050-noCR,1500Mt-noCostDecrease,Taiwan,missing,biomass,missing,missing,missing,missing,missing,missing,missing,missing,EJ
280,0.07806,0.333203,0.464691,0.5263865999999999,0.5724089,0.5899411999999999,0.59252,0.5914648,0.5883623,CDRIA-2050-noCR,1500Mt-noCostDecrease,Taiwan,missing,coal,missing,missing,missing,missing,missing,missing,missing,missing,EJ
281,0.00372606,0.1302439,0.3733807999999999,0.4212021999999999,0.4600048,0.4740506,0.478551,0.4867372,0.4935875999999999,CDRIA-2050-noCR,1500Mt-noCostDecrease,Taiwan,missing,gas,missing,missing,missing,missing,missing,missing,missing,missing,EJ
282,1.08002e-05,0.0,0.00241871,0.00386631,0.00539782,0.00636591,0.00728449,0.00819693,0.00811504,CDRIA-2050-noCR,1500Mt-noCostDecrease,Taiwan,missing,geothermal,missing,missing,missing,missing,missing,missing,missing,missing,EJ
283,0.0229716,0.0143496,0.0168527,0.0176134,0.0183741,0.0191348,0.0198955,0.0206562,0.0214169,CDRIA-2050-noCR,1500Mt-noCostDecrease,Taiwan,missing,hydro,missing,missing,missing,missing,missing,missing,missing,missing,EJ
284,0.118319,0.143918,0.12528655,0.12373696,0.1210991,0.1149852,0.105825,0.0957239,0.0860091,CDRIA-2050-noCR,1500Mt-noCostDecrease,Taiwan,missing,nuclear,missing,missing,missing,missing,missing,missing,missing,missing,EJ
285,0.0780744,0.0395548,0.0421547799999999,0.03757621,0.0379744,0.0380322,0.0379747,0.0383774,0.0381252,CDRIA-2050-noCR,1500Mt-noCostDecrease,Taiwan,missing,refined liquids,missing,missing,missing,missing,missing,missing,missing,missing,EJ
286,0.0,0.0,0.00198441,0.0215103,0.0451091,0.0561841,0.0608657,0.063069,0.0671405,CDRIA-2050-noCR,1500Mt-noCostDecrease,Taiwan,missing,rooftop_pv,missing,missing,missing,missing,missing,missing,missing,missing,EJ
287,0.0,3.60048e-06,0.01459727092,0.03731939452,0.07834676312,0.11249388712,0.1408946121199999,0.16797333912,0.1887503265,CDRIA-2050-noCR,1500Mt-noCostDecrease,Taiwan,missing,solar,missing,missing,missing,missing,missing,missing,missing,missing,EJ
288,0.0,0.000327643,0.019346853,0.0325009752,0.0494731792,0.0645505422,0.0799367452,0.0938654251,0.1027608442,CDRIA-2050-noCR,1500Mt-noCostDecrease,Taiwan,missing,wind,missing,missing,missing,missing,missing,missing,missing,missing,EJ
289,0.0003852,0.0046332,0.00881038,0.010055319,0.01059721,0.01047573,0.00985743,0.00830336,0.0075843,CDRIA-2050-noCR,1500Mt-noCostDecrease,Argentina,missing,biomass,missing,missing,missing,missing,missing,missing,missing,missing,EJ
290,0.002376,0.007848,0.0156593,0.019226225,0.0224557799999999,0.02466688,0.02606201,0.02690006,0.02776866,CDRIA-2050-noCR,1500Mt-noCostDecrease,Argentina,missing,coal,missing,missing,missing,missing,missing,missing,missing,missing,EJ
291,0.0715392,0.1991737,0.303675,0.369515,0.4418459999999999,0.501403,0.551796,0.597898,0.644919,CDRIA-2050-noCR,1500Mt-noCostDecrease,Argentina,missing,gas,missing,missing,missing,missing,missing,missing,missing,missing,EJ
292,0.0,0.0,0.003019,0.00871949,0.0165753,0.0242935,0.0314715,0.0380344,0.0421194,CDRIA-2050-noCR,1500Mt-noCostDecrease,Argentina,missing,geothermal,missing,missing,missing,missing,missing,missing,missing,missing,EJ
293,0.0643536,0.122414,0.141161,0.145383,0.149604,0.153825,0.158046,0.162267,0.166488,CDRIA-2050-noCR,1500Mt-noCostDecrease,Argentina,missing,hydro,missing,missing,missing,missing,missing,missing,missing,missing,EJ
294,0.0262116,0.0247428,0.02750014,0.03085352,0.0344617,0.037081,0.0388868,0.0400969,0.04172652,CDRIA-2050-noCR,1500Mt-noCostDecrease,Argentina,missing,nuclear,missing,missing,missing,missing,missing,missing,missing,missing,EJ
295,0.0177984,0.0206856,0.0837190999999999,0.0932587,0.1009807,0.1035677,0.1020305,0.0977724,0.0885913,CDRIA-2050-noCR,1500Mt-noCostDecrease,Argentina,missing,refined liquids,missing,missing,missing,missing,missing,missing,missing,missing,EJ
296,0.0,0.0,0.00959819,0.0468044,0.0688321,0.0806524,0.0886271,0.0955737,0.104905,CDRIA-2050-noCR,1500Mt-noCostDecrease,Argentina,missing,rooftop_pv,missing,missing,missing,missing,missing,missing,missing,missing,EJ
297,0.0,0.0,0.00324071776,0.01803474675,0.04717893145,0.07827659145,0.10670165345,0.13167630625,0.1532263568,CDRIA-2050-noCR,1500Mt-noCostDecrease,Argentina,missing,solar,missing,missing,missing,missing,missing,missing,missing,missing,EJ
298,0.0,0.00027,0.012962351,0.037304215,0.076868224,0.120436912,0.164200702,0.2048903129,0.241760615,CDRIA-2050-noCR,1500Mt-noCostDecrease,Argentina,missing,wind,missing,missing,missing,missing,missing,missing,missing,missing,EJ
299,0.000986395,0.0018108,0.00595569,0.007359407,0.008894846,0.01027243,0.0116049999999999,0.01203919,0.01212723,CDRIA-2050-noCR,1500Mt-noCostDecrease,Colombia,missing,biomass,missing,missing,missing,missing,missing,missing,missing,missing,EJ
300,0.0133487,0.00888838,0.0340957,0.0452244,0.05806339,0.0702402,0.0829558,0.0967434,0.1105516,CDRIA-2050-noCR,1500Mt-noCostDecrease,Colombia,missing,coal,missing,missing,missing,missing,missing,missing,missing,missing,EJ
301,0.01619631,0.0266363,0.0819695,0.1125424999999999,0.1520865,0.1899392999999999,0.2289744,0.2733758,0.3155977,CDRIA-2050-noCR,1500Mt-noCostDecrease,Colombia,missing,gas,missing,missing,missing,missing,missing,missing,missing,missing,EJ
302,0.0,0.0,0.000749199,0.00272904,0.00616523,0.0103493,0.0152957,0.0208514,0.0257484,CDRIA-2050-noCR,1500Mt-noCostDecrease,Colombia,missing,geothermal,missing,missing,missing,missing,missing,missing,missing,missing,EJ
303,0.0989892,0.143291,0.184503,0.194161,0.203819,0.213477,0.223135,0.232793,0.242451,CDRIA-2050-noCR,1500Mt-noCostDecrease,Colombia,missing,hydro,missing,missing,missing,missing,missing,missing,missing,missing,EJ
304,0.0,0.0,0.0,0.0,0.0,0.0,0.00146125,0.00472141,0.00968534,CDRIA-2050-noCR,1500Mt-noCostDecrease,Colombia,missing,nuclear,missing,missing,missing,missing,missing,missing,missing,missing,EJ
305,0.00136439,0.000410399,0.01282465,0.020579,0.0307455999999999,0.0408724,0.0493853,0.0557309,0.0618038999999999,CDRIA-2050-noCR,1500Mt-noCostDecrease,Colombia,missing,refined liquids,missing,missing,missing,missing,missing,missing,missing,missing,EJ
306,0.0,0.0,0.00355257,0.0278345,0.0474408,0.0622569,0.0762315,0.0900276,0.105553,CDRIA-2050-noCR,1500Mt-noCostDecrease,Colombia,missing,rooftop_pv,missing,missing,missing,missing,missing,missing,missing,missing,EJ
307,0.0,0.0,0.000630137288,0.0047150349779999,0.0142393911779999,0.026341238378,0.040596934378,0.057827762378,0.07631691998,CDRIA-2050-noCR,1500Mt-noCostDecrease,Colombia,missing,solar,missing,missing,missing,missing,missing,missing,missing,missing,EJ
308,0.0,0.0001764,0.00216480408,0.0080163012799999,0.0194467632799999,0.03511733228,0.05667645528,0.08582908728,0.1195704162,CDRIA-2050-noCR,1500Mt-noCostDecrease,Colombia,missing,wind,missing,missing,missing,missing,missing,missing,missing,missing,EJ
309,0.0,0.0,0.000127635,0.00012910269,0.00026346969,0.00058985069,0.0007868806900000001,0.00107619969,0.00110517769,CDRIA-2050-noCR,1500Mt-noCostDecrease,AL,missing,PV_base_storage,missing,missing,missing,missing,missing,missing,missing,missing,EJ
310,0.0,0.0,0.00954801,0.0156188399999999,0.0434041399999999,0.0755239399999999,0.0932932399999999,0.1253187399999999,0.1400149299999999,CDRIA-2050-noCR,1500Mt-noCostDecrease,AL,missing,PV_int,missing,missing,missing,missing,missing,missing,missing,missing,EJ
311,0.0,0.0,0.000552923,0.0008169939999999999,0.0016440679999999,0.002287291,0.002647712,0.003414487,0.003881604,CDRIA-2050-noCR,1500Mt-noCostDecrease,AL,missing,PV_peak,missing,missing,missing,missing,missing,missing,missing,missing,EJ
312,0.0,0.0,0.00309504,0.00472609,0.00995302,0.014259,0.01686483,0.02353828,0.02665304,CDRIA-2050-noCR,1500Mt-noCostDecrease,AL,missing,PV_subpeak,missing,missing,missing,missing,missing,missing,missing,missing,EJ
313,0.0,0.0,0.000484616,1.162775e-05,0.000572514954,0.001473009775,0.001023301677,0.001418028104,0.0008106413995000001,CDRIA-2050-noCR,1500Mt-noCostDecrease,AL,missing,biogas_base_CC,missing,missing,missing,missing,missing,missing,missing,missing,EJ
314,0.0,0.0,0.0,3.13586e-06,0.0003942201122,0.001376326968,0.001007794417,0.002000110399,0.001356525868,CDRIA-2050-noCR,1500Mt-noCostDecrease,AL,missing,biogas_base_CC_CCS,missing,missing,missing,missing,missing,missing,missing,missing,EJ
315,0.0,0.0,0.000345065,0.0001457207,0.00058646762,0.0011833369,0.0011713555,0.0027821391,0.0033057603999999,CDRIA-2050-noCR,1500Mt-noCostDecrease,AL,missing,biogas_int_CC,missing,missing,missing,missing,missing,missing,missing,missing,EJ
316,0.0,0.0,0.0,5.00348e-05,0.00026761486,0.00067358926,0.000725192,0.0022629564999999,0.0032118499,CDRIA-2050-noCR,1500Mt-noCostDecrease,AL,missing,biogas_int_CC_CCS,missing,missing,missing,missing,missing,missing,missing,missing,EJ
317,0.0,0.0,4.95456e-07,2.177113e-07,6.352628400000001e-07,8.602092e-07,7.873669e-07,2.1504707e-06,3.4164646e-06,CDRIA-2050-noCR,1500Mt-noCostDecrease,AL,missing,biogas_peak_CC,missing,missing,missing,missing,missing,missing,missing,missing,EJ
318,0.0,0.0,0.0,3.05864e-08,9.69489e-08,1.3974005e-07,1.3643101e-07,4.527263e-07,8.072333e-07,CDRIA-2050-noCR,1500Mt-noCostDecrease,AL,missing,biogas_peak_CC_CCS,missing,missing,missing,missing,missing,missing,missing,missing,EJ
319,0.0,0.0,4.6445570000000004e-07,1.86627263e-07,5.42674751e-07,6.75670504e-07,5.04615582e-07,1.474440099e-06,2.210334414e-06,CDRIA-2050-noCR,1500Mt-noCostDecrease,AL,missing,biogas_peak_steam/CT,missing,missing,missing,missing,missing,missing,missing,missing,EJ
320,0.0,0.0,1.2883e-05,6.084564999999999e-06,1.7685779e-05,2.5860994e-05,2.6759064e-05,8.218562e-05,0.00010715607,CDRIA-2050-noCR,1500Mt-noCostDecrease,AL,missing,biogas_subpeak_CC,missing,missing,missing,missing,missing,missing,missing,missing,EJ
321,0.0,0.0,0.0,1.15399e-06,3.924920400000001e-06,6.403752e-06,7.073635e-06,2.6498427e-05,4.1207028e-05,CDRIA-2050-noCR,1500Mt-noCostDecrease,AL,missing,biogas_subpeak_CC_CCS,missing,missing,missing,missing,missing,missing,missing,missing,EJ
322,0.0,0.0,8.79019e-06,3.7466204699999993e-06,1.118153215e-05,1.484137887e-05,1.217376695e-05,4.20873897e-05,4.58386002e-05,CDRIA-2050-noCR,1500Mt-noCostDecrease,AL,missing,biogas_subpeak_steam/CT,missing,missing,missing,missing,missing,missing,missing,missing,EJ
323,0.0,0.0,8.30288e-05,6.2716638e-05,0.000147484466,0.00043146874,0.000614957063,0.0010907412709999,0.001194971863,CDRIA-2050-noCR,1500Mt-noCostDecrease,AL,missing,biomass_base_IGCC,missing,missing,missing,missing,missing,missing,missing,missing,EJ
324,0.0,0.0,0.0,4.29635e-07,7.6370466e-05,0.000778559135,0.001260103135,0.0056406974669999,0.009029330549,CDRIA-2050-noCR,1500Mt-noCostDecrease,AL,missing,biomass_base_IGCC_CCS,missing,missing,missing,missing,missing,missing,missing,missing,EJ
325,0.003252212,0.0004645029,0.00023396222,0.00022467933000000004,0.00041793108,0.0008237546399999999,0.00097611359,0.00139963434,0.001258230088,CDRIA-2050-noCR,1500Mt-noCostDecrease,AL,missing,biomass_base_conv,missing,missing,missing,missing,missing,missing,missing,missing,EJ
326,0.0,0.0,0.0,4.81245e-07,0.00011104218,0.001755964244,0.0027490092449999,0.026369888063,0.045474088021,CDRIA-2050-noCR,1500Mt-noCostDecrease,AL,missing,biomass_base_conv_CCS,missing,missing,missing,missing,missing,missing,missing,missing,EJ
327,0.0,0.0,2.236963e-05,2.598359e-05,4.400721e-05,8.523436999999999e-05,0.00011861921000000004,0.00021840407,0.00031352327,CDRIA-2050-noCR,1500Mt-noCostDecrease,AL,missing,biomass_int_IGCC,missing,missing,missing,missing,missing,missing,missing,missing,EJ
328,0.0,0.0,0.0,2.289893e-06,1.3094596e-05,4.596714299999999e-05,7.358803299999999e-05,0.000194548688,0.000322115001,CDRIA-2050-noCR,1500Mt-noCostDecrease,AL,missing,biomass_int_IGCC_CCS,missing,missing,missing,missing,missing,missing,missing,missing,EJ
329,0.003252189,0.0004645029,0.00029653380000000003,0.00034096180000000003,0.0003438684,0.0004857531,0.0005192235,0.0006783834000000001,0.0007950260999999999,CDRIA-2050-noCR,1500Mt-noCostDecrease,AL,missing,biomass_int_conv,missing,missing,missing,missing,missing,missing,missing,missing,EJ
330,0.0,0.0,0.0,3.42198e-06,2.167823e-05,8.650068000000001e-05,0.00013810878,0.00041022544,0.00069329365,CDRIA-2050-noCR,1500Mt-noCostDecrease,AL,missing,biomass_int_conv_CCS,missing,missing,missing,missing,missing,missing,missing,missing,EJ
331,0.0,0.0,0.0,1.9221e-05,0.0013785144099999,0.00456130718,0.00668464877,0.00954238816,0.01110977793,CDRIA-2050-noCR,1500Mt-noCostDecrease,AL,missing,coal_base_IGCC_CCS,missing,missing,missing,missing,missing,missing,missing,missing,EJ
332,0.068483729,0.122116885,0.0,0.0,0.0,0.0,0.0,0.0,0.0,CDRIA-2050-noCR,1500Mt-noCostDecrease,AL,missing,coal_base_conv pul,missing,missing,missing,missing,missing,missing,missing,missing,EJ
333,0.0,0.0,0.0,0.0,0.0,0.0,0.0,0.0,0.0,CDRIA-2050-noCR,1500Mt-noCostDecrease,AL,missing,coal_base_conv pul 1956-1960,missing,missing,missing,missing,missing,missing,missing,missing,EJ
334,0.0,0.0,0.0027968524999999,0.0027788151,0.0019826947599999,0.00042474058,0.00032409177,0.0,0.0,CDRIA-2050-noCR,1500Mt-noCostDecrease,AL,missing,coal_base_conv pul 1966-1970,missing,missing,missing,missing,missing,missing,missing,missing,EJ
335,0.0,0.0,0.033360746,0.032974288,0.0230122046,0.0045440106,0.0028681367999999,0.0,0.0,CDRIA-2050-noCR,1500Mt-noCostDecrease,AL,missing,coal_base_conv pul 1971-1975,missing,missing,missing,missing,missing,missing,missing,missing,EJ
336,0.0,0.0,0.0170065214,0.0168094861,0.011731059,0.00231642324,0.00146210381,0.0,0.0,CDRIA-2050-noCR,1500Mt-noCostDecrease,AL,missing,coal_base_conv pul 1976-1980,missing,missing,missing,missing,missing,missing,missing,missing,EJ
337,0.0,0.0,0.0121727751,0.0121711075,0.0089297717,0.0021486420799999,0.0024428505,0.000189521082,9.6129303e-05,CDRIA-2050-noCR,1500Mt-noCostDecrease,AL,missing,coal_base_conv pul 1981-1985,missing,missing,missing,missing,missing,missing,missing,missing,EJ
338,0.0,0.0,0.0180520246,0.0180498848,0.0132439901,0.0031877915,0.003629878,0.0002835416,0.000148092028,CDRIA-2050-noCR,1500Mt-noCostDecrease,AL,missing,coal_base_conv pul 1986-1990,missing,missing,missing,missing,missing,missing,missing,missing,EJ
339,0.0,0.0,0.0178622807,0.0178601914,0.0131051233,0.0031547093,0.0035939136,0.00028133011,0.000148314482,CDRIA-2050-noCR,1500Mt-noCostDecrease,AL,missing,coal_base_conv pul 1991-1995,missing,missing,missing,missing,missing,missing,missing,missing,EJ
340,0.0,0.0,0.0,2.28939e-05,0.00152310435,0.00483713652,0.0069762204,0.00968229232,0.0110932615599999,CDRIA-2050-noCR,1500Mt-noCostDecrease,AL,missing,coal_base_conv pul_CCS,missing,missing,missing,missing,missing,missing,missing,missing,EJ
341,0.0206676841,0.0368536129999999,0.0,0.0,0.0,0.0,0.0,0.0,0.0,CDRIA-2050-noCR,1500Mt-noCostDecrease,AL,missing,coal_base_conv pul_retire_2020,missing,missing,missing,missing,missing,missing,missing,missing,EJ
342,0.0,0.0,0.0,5.71266e-05,0.0002148175,0.0005033451999999999,0.0007207006000000001,0.0012744599,0.0017696016999999,CDRIA-2050-noCR,1500Mt-noCostDecrease,AL,missing,coal_int_IGCC_CCS,missing,missing,missing,missing,missing,missing,missing,missing,EJ
343,0.079119932,0.105402219,0.0,0.0,0.0,0.0,0.0,0.0,0.0,CDRIA-2050-noCR,1500Mt-noCostDecrease,AL,missing,coal_int_conv pul,missing,missing,missing,missing,missing,missing,missing,missing,EJ
344,0.0,0.0,0.0,0.0,0.0,0.0,0.0,0.0,0.0,CDRIA-2050-noCR,1500Mt-noCostDecrease,AL,missing,coal_int_conv pul 1956-1960,missing,missing,missing,missing,missing,missing,missing,missing,EJ
345,0.0,0.0,0.00041337841,0.00041065674,0.00033011743,0.000148490469,0.000133218583,0.0,0.0,CDRIA-2050-noCR,1500Mt-noCostDecrease,AL,missing,coal_int_conv pul 1966-1970,missing,missing,missing,missing,missing,missing,missing,missing,EJ
346,0.0,0.0,0.0049307612,0.0048729735,0.0038315114,0.00158859705,0.00117895326,0.0,0.0,CDRIA-2050-noCR,1500Mt-noCostDecrease,AL,missing,coal_int_conv pul 1971-1975,missing,missing,missing,missing,missing,missing,missing,missing,EJ
347,0.0,0.0,0.0025135873,0.0024841209999999,0.00195320553,0.00080982823,0.0006010010900000001,0.0,0.0,CDRIA-2050-noCR,1500Mt-noCostDecrease,AL,missing,coal_int_conv pul 1976-1980,missing,missing,missing,missing,missing,missing,missing,missing,EJ
348,0.0,0.0,0.00179915206,0.00179865398,0.0014867989,0.0007511702899999999,0.00100414008,0.00039114704,0.00035366005,CDRIA-2050-noCR,1500Mt-noCostDecrease,AL,missing,coal_int_conv pul 1981-1985,missing,missing,missing,missing,missing,missing,missing,missing,EJ
349,0.0,0.0,0.0026681199,0.002667437,0.00220511513,0.00111446464,0.0014920719499999,0.00058519351,0.0005448321,CDRIA-2050-noCR,1500Mt-noCostDecrease,AL,missing,coal_int_conv pul 1986-1990,missing,missing,missing,missing,missing,missing,missing,missing,EJ
350,0.0,0.0,0.0026400596,0.0026393968,0.00218199284,0.00110289495,0.0014772865,0.0005806269200000001,0.00054564961,CDRIA-2050-noCR,1500Mt-noCostDecrease,AL,missing,coal_int_conv pul 1991-1995,missing,missing,missing,missing,missing,missing,missing,missing,EJ
351,0.0,0.0,0.0,7.23668e-05,0.00025685050000000004,0.0005738518999999999,0.0008023314,0.0013586168,0.0018418489999999,CDRIA-2050-noCR,1500Mt-noCostDecrease,AL,missing,coal_int_conv pul_CCS,missing,missing,missing,missing,missing,missing,missing,missing,EJ
352,0.023877577,0.031809285,0.0,0.0,0.0,0.0,0.0,0.0,0.0,CDRIA-2050-noCR,1500Mt-noCostDecrease,AL,missing,coal_int_conv pul_retire_2020,missing,missing,missing,missing,missing,missing,missing,missing,EJ
353,0.0006231819399999999,0.0,0.0,0.0,0.0,0.0,0.0,0.0,0.0,CDRIA-2050-noCR,1500Mt-noCostDecrease,AL,missing,coal_peak_conv pul,missing,missing,missing,missing,missing,missing,missing,missing,EJ
354,0.000188070063,0.0,0.0,0.0,0.0,0.0,0.0,0.0,0.0,CDRIA-2050-noCR,1500Mt-noCostDecrease,AL,missing,coal_peak_conv pul_retire_2020,missing,missing,missing,missing,missing,missing,missing,missing,EJ
355,0.0046316686,0.0,0.0,0.0,0.0,0.0,0.0,0.0,0.0,CDRIA-2050-noCR,1500Mt-noCostDecrease,AL,missing,coal_subpeak_conv pul,missing,missing,missing,missing,missing,missing,missing,missing,EJ
356,0.0013977901199999,0.0,0.0,0.0,0.0,0.0,0.0,0.0,0.0,CDRIA-2050-noCR,1500Mt-noCostDecrease,AL,missing,coal_subpeak_conv pul_retire_2020,missing,missing,missing,missing,missing,missing,missing,missing,EJ
357,0.0,0.0,0.0318234,0.031263105,0.04031018,0.048963649,0.056394183,0.040436554,0.0302278717,CDRIA-2050-noCR,1500Mt-noCostDecrease,AL,missing,gas_base_CC,missing,missing,missing,missing,missing,missing,missing,missing,EJ
358,0.0,0.0,0.0,7.4527e-05,0.006641708,0.0216255801,0.0312676912,0.0446242082999999,0.0509116444,CDRIA-2050-noCR,1500Mt-noCostDecrease,AL,missing,gas_base_CC_CCS,missing,missing,missing,missing,missing,missing,missing,missing,EJ
359,0.00114477,0.0301183,0.1587031,0.1510629299999999,0.13610536,0.1209284599999999,0.11204799,0.09874509,0.0913403699999999,CDRIA-2050-noCR,1500Mt-noCostDecrease,AL,missing,gas_int_CC,missing,missing,missing,missing,missing,missing,missing,missing,EJ
360,0.0,0.0,0.0,0.00072688,0.002683711,0.0059550409999999,0.008379378,0.014161509,0.019079794,CDRIA-2050-noCR,1500Mt-noCostDecrease,AL,missing,gas_int_CC_CCS,missing,missing,missing,missing,missing,missing,missing,missing,EJ
361,4.48029e-05,0.0015171,0.0015439808,0.00140375246,0.00116420962,0.00091783775,0.00075623547,0.0005244161100000001,0.00037272956,CDRIA-2050-noCR,1500Mt-noCostDecrease,AL,missing,gas_peak_CC,missing,missing,missing,missing,missing,missing,missing,missing,EJ
362,0.0,0.0,0.0,9.49156e-08,2.817698000000001e-07,5.140063000000001e-07,6.868517e-07,1.2104321e-06,2.0083745e-06,CDRIA-2050-noCR,1500Mt-noCostDecrease,AL,missing,gas_peak_CC_CCS,missing,missing,missing,missing,missing,missing,missing,missing,EJ
363,3.320207e-05,0.0005335989999999999,0.0007795576353,0.00067077238689,0.00035225897095999994,0.00021337195507,0.00023197686477,0.00011662333464999996,8.337836458999998e-05,CDRIA-2050-noCR,1500Mt-noCostDecrease,AL,missing,gas_peak_steam/CT,missing,missing,missing,missing,missing,missing,missing,missing,EJ
364,0.000298018,0.0100978,0.01064823,0.009758284,0.0083225562,0.0068046157999999,0.0056746823,0.0043231697,0.0034177933,CDRIA-2050-noCR,1500Mt-noCostDecrease,AL,missing,gas_subpeak_CC,missing,missing,missing,missing,missing,missing,missing,missing,EJ
365,0.0,0.0,0.0,5.40089e-06,1.621572e-05,3.015602e-05,4.13817e-05,8.145842e-05,0.00012394838000000005,CDRIA-2050-noCR,1500Mt-noCostDecrease,AL,missing,gas_subpeak_CC_CCS,missing,missing,missing,missing,missing,missing,missing,missing,EJ
366,0.000220813044,0.0035518185,0.0055606343,0.0048971390289999,0.0029199584529999,0.00194847084,0.002076811724,0.001258912343,0.0010167150979,CDRIA-2050-noCR,1500Mt-noCostDecrease,AL,missing,gas_subpeak_steam/CT,missing,missing,missing,missing,missing,missing,missing,missing,EJ
367,0.0351811,0.0372978,0.0423149,0.04225,0.042204,0.0422101,0.0421156,0.0417624,0.0418089,CDRIA-2050-noCR,1500Mt-noCostDecrease,AL,missing,hydro_base,missing,missing,missing,missing,missing,missing,missing,missing,EJ
368,0.045993,0.1182932999999999,0.1570381,0.1554119,0.144217,0.0936574,0.02582027,0.0,0.0,CDRIA-2050-noCR,1500Mt-noCostDecrease,AL,missing,nuc_base_Gen II,missing,missing,missing,missing,missing,missing,missing,missing,EJ
369,0.0,0.0,0.0,0.0,0.00703687,0.02419926,0.03466685,0.05022304,0.0587476,CDRIA-2050-noCR,1500Mt-noCostDecrease,AL,missing,nuc_base_Gen III,missing,missing,missing,missing,missing,missing,missing,missing,EJ
370,0.0,0.0,4.44083e-05,7.82708e-05,5.6566e-05,3.3324e-05,2.64747e-05,5.50107e-06,2.35311e-06,CDRIA-2050-noCR,1500Mt-noCostDecrease,AL,missing,refined liquids_base_steam/CT,missing,missing,missing,missing,missing,missing,missing,missing,EJ
371,0.000216212,0.000471802,0.0,0.0,0.0,0.0,0.0,0.0,0.0,CDRIA-2050-noCR,1500Mt-noCostDecrease,AL,missing,refined liquids_int_steam/CT,missing,missing,missing,missing,missing,missing,missing,missing,EJ
372,0.0,0.0,0.0,0.0,0.0,0.0,0.0,0.0,0.0,CDRIA-2050-noCR,1500Mt-noCostDecrease,AL,missing,refined liquids_peak_steam/CT,missing,missing,missing,missing,missing,missing,missing,missing,EJ
373,5.40032e-05,0.000117901,0.0,0.0,0.0,0.0,0.0,0.0,0.0,CDRIA-2050-noCR,1500Mt-noCostDecrease,AL,missing,refined liquids_subpeak_steam/CT,missing,missing,missing,missing,missing,missing,missing,missing,EJ
374,0.0,0.0,0.000175831,0.00278323,0.00821858,0.0103944,0.0123737,0.0128826,0.0152747,CDRIA-2050-noCR,1500Mt-noCostDecrease,AL,missing,rooftop_pv,missing,missing,missing,missing,missing,missing,missing,missing,EJ
375,0.0,0.0,0.00525374,0.005360886,0.013046506,0.0300458059999999,0.040158206,0.053696706,0.0619697659999999,CDRIA-2050-noCR,1500Mt-noCostDecrease,AL,missing,wind_base,missing,missing,missing,missing,missing,missing,missing,missing,EJ
376,0.0,0.0,0.0,1.68433e-05,0.0034710233,0.0141986233,0.0221725533,0.0350115533,0.03499765364,CDRIA-2050-noCR,1500Mt-noCostDecrease,AL,missing,wind_base_offshore,missing,missing,missing,missing,missing,missing,missing,missing,EJ
377,0.0,0.0,0.000218151,0.00022193753,0.00048134653,0.00107859753,0.00143630253,0.00195676453,0.00223016553,CDRIA-2050-noCR,1500Mt-noCostDecrease,AL,missing,wind_base_storage,missing,missing,missing,missing,missing,missing,missing,missing,EJ
378,0.0,0.0,0.0,0.0,6.87073e-07,2.251893e-06,3.264083e-06,5.425203e-06,7.098523e-06,CDRIA-2050-noCR,1500Mt-noCostDecrease,AK,missing,PV_base_storage,missing,missing,missing,missing,missing,missing,missing,missing,EJ
379,0.0,0.0,0.0,0.0,0.0,0.00103755,0.001626012,0.002264954,0.002780562,CDRIA-2050-noCR,1500Mt-noCostDecrease,AK,missing,PV_int,missing,missing,missing,missing,missing,missing,missing,missing,EJ
380,0.0,0.0,0.0,0.0,0.0,3.53485e-05,5.7434200000000007e-05,8.851800000000001e-05,0.00011599130000000002,CDRIA-2050-noCR,1500Mt-noCostDecrease,AK,missing,PV_peak,missing,missing,missing,missing,missing,missing,missing,missing,EJ
381,0.0,0.0,0.0,0.0,0.0,0.000212493,0.00035376,0.000528452,0.000680084,CDRIA-2050-noCR,1500Mt-noCostDecrease,AK,missing,PV_subpeak,missing,missing,missing,missing,missing,missing,missing,missing,EJ
382,0.0,0.0,0.0,0.0,1.62649e-05,3.8527154e-05,2.6737273e-05,5.6396062e-05,4.6213662e-05,CDRIA-2050-noCR,1500Mt-noCostDecrease,AK,missing,biogas_base_CC,missing,missing,missing,missing,missing,missing,missing,missing,EJ
383,0.0,0.0,0.0,0.0,8.76917e-06,2.62979596e-05,1.83216083e-05,5.0713507e-05,4.4694239e-05,CDRIA-2050-noCR,1500Mt-noCostDecrease,AK,missing,biogas_base_CC_CCS,missing,missing,missing,missing,missing,missing,missing,missing,EJ
384,0.0,0.0,0.0,0.0,0.0,0.000136358,0.0002454124,0.000478227,0.000662372,CDRIA-2050-noCR,1500Mt-noCostDecrease,AK,missing,biogas_int_CC,missing,missing,missing,missing,missing,missing,missing,missing,EJ
385,0.0,0.0,0.0,0.0,0.0,6.50817e-05,0.00011343560000000002,0.0002644038,0.0003904888,CDRIA-2050-noCR,1500Mt-noCostDecrease,AK,missing,biogas_int_CC_CCS,missing,missing,missing,missing,missing,missing,missing,missing,EJ
386,0.0,0.0,0.0,0.0,0.0,2.07907e-07,4.19421e-07,9.69372e-07,1.490015e-06,CDRIA-2050-noCR,1500Mt-noCostDecrease,AK,missing,biogas_peak_CC,missing,missing,missing,missing,missing,missing,missing,missing,EJ
387,0.0,0.0,0.0,0.0,0.0,3.34651e-08,6.62305e-08,1.664996e-07,2.638112e-07,CDRIA-2050-noCR,1500Mt-noCostDecrease,AK,missing,biogas_peak_CC_CCS,missing,missing,missing,missing,missing,missing,missing,missing,EJ
388,0.0,0.0,0.0,0.0,0.0,1.708737e-07,2.5813031e-07,6.374032e-07,9.197647e-07,CDRIA-2050-noCR,1500Mt-noCostDecrease,AK,missing,biogas_peak_steam/CT,missing,missing,missing,missing,missing,missing,missing,missing,EJ
389,0.0,0.0,0.0,0.0,0.0,5.06777e-06,1.090821e-05,2.329806e-05,3.495342e-05,CDRIA-2050-noCR,1500Mt-noCostDecrease,AK,missing,biogas_subpeak_CC,missing,missing,missing,missing,missing,missing,missing,missing,EJ
390,0.0,0.0,0.0,0.0,0.0,1.20462e-06,2.557142e-06,6.02152e-06,9.38151e-06,CDRIA-2050-noCR,1500Mt-noCostDecrease,AK,missing,biogas_subpeak_CC_CCS,missing,missing,missing,missing,missing,missing,missing,missing,EJ
391,0.0,0.0,0.0,0.0,0.0,3.115383e-06,5.197129999999999e-06,1.1621567e-05,1.6570847e-05,CDRIA-2050-noCR,1500Mt-noCostDecrease,AK,missing,biogas_subpeak_steam/CT,missing,missing,missing,missing,missing,missing,missing,missing,EJ
392,0.0,0.0,0.0,0.0,3.2445860000000003e-06,1.1982939e-05,1.8497919e-05,3.7390984e-05,5.286845e-05,CDRIA-2050-noCR,1500Mt-noCostDecrease,AK,missing,biomass_base_IGCC,missing,missing,missing,missing,missing,missing,missing,missing,EJ
393,0.0,0.0,0.0,0.0,1.297285e-06,8.462537e-06,1.3921172e-05,4.819722500000001e-05,8.343213300000001e-05,CDRIA-2050-noCR,1500Mt-noCostDecrease,AK,missing,biomass_base_IGCC_CCS,missing,missing,missing,missing,missing,missing,missing,missing,EJ
394,0.0,0.0,0.0,0.0,4.797180000000001e-06,1.6252782e-05,2.2850680000000003e-05,4.550253099999999e-05,6.0199261000000005e-05,CDRIA-2050-noCR,1500Mt-noCostDecrease,AK,missing,biomass_base_conv,missing,missing,missing,missing,missing,missing,missing,missing,EJ
395,0.0,0.0,0.0,0.0,1.280113e-06,9.821782e-06,1.5094544e-05,6.927705499999999e-05,0.00012408307599999998,CDRIA-2050-noCR,1500Mt-noCostDecrease,AK,missing,biomass_base_conv_CCS,missing,missing,missing,missing,missing,missing,missing,missing,EJ
396,0.0,0.0,0.0,0.0,0.0,5.504590000000001e-06,1.3286369999999998e-05,2.831591e-05,4.456015e-05,CDRIA-2050-noCR,1500Mt-noCostDecrease,AK,missing,biomass_int_IGCC,missing,missing,missing,missing,missing,missing,missing,missing,EJ
397,0.0,0.0,0.0,0.0,0.0,2.931568e-06,7.087554999999999e-06,1.8542278e-05,3.1896958e-05,CDRIA-2050-noCR,1500Mt-noCostDecrease,AK,missing,biomass_int_IGCC_CCS,missing,missing,missing,missing,missing,missing,missing,missing,EJ
398,0.0,0.0,0.0,0.0,0.0,1.169045e-05,2.750827e-05,5.647e-05,8.642658999999999e-05,CDRIA-2050-noCR,1500Mt-noCostDecrease,AK,missing,biomass_int_conv,missing,missing,missing,missing,missing,missing,missing,missing,EJ
399,0.0,0.0,0.0,0.0,0.0,4.40789e-06,1.0402999999999998e-05,2.9219409999999997e-05,5.0864580000000006e-05,CDRIA-2050-noCR,1500Mt-noCostDecrease,AK,missing,biomass_int_conv_CCS,missing,missing,missing,missing,missing,missing,missing,missing,EJ
400,0.0,0.0,0.0,0.0,1.298588e-05,3.1065073e-05,2.6828996000000003e-05,5.5866297e-05,6.1380288e-05,CDRIA-2050-noCR,1500Mt-noCostDecrease,AK,missing,coal_base_IGCC_CCS,missing,missing,missing,missing,missing,missing,missing,missing,EJ
401,0.001518069,0.001692973,0.0,0.0,0.0,0.0,0.0,0.0,0.0,CDRIA-2050-noCR,1500Mt-noCostDecrease,AK,missing,coal_base_conv pul,missing,missing,missing,missing,missing,missing,missing,missing,EJ
402,0.0,0.0,0.0001782296,0.0002250362,2.568596e-05,0.0,0.0,0.0,0.0,CDRIA-2050-noCR,1500Mt-noCostDecrease,AK,missing,coal_base_conv pul 1951-1955,missing,missing,missing,missing,missing,missing,missing,missing,EJ
403,0.0,0.0,0.000350706,0.000482125,7.4763e-05,1.848157e-05,2.393659e-05,3.18616e-06,0.0,CDRIA-2050-noCR,1500Mt-noCostDecrease,AK,missing,coal_base_conv pul 1966-1970,missing,missing,missing,missing,missing,missing,missing,missing,EJ
404,0.0,0.0,0.0002516657,0.000347035,5.4552e-05,1.429387e-05,2.299426e-05,5.2706800000000005e-06,3.39887e-06,CDRIA-2050-noCR,1500Mt-noCostDecrease,AK,missing,coal_base_conv pul 1971-1975,missing,missing,missing,missing,missing,missing,missing,missing,EJ
405,0.0,0.0,7.41905e-05,0.0001023393,1.611123e-05,4.24967e-06,7.0373e-06,1.810173e-06,1.638225e-06,CDRIA-2050-noCR,1500Mt-noCostDecrease,AK,missing,coal_base_conv pul 1981-1985,missing,missing,missing,missing,missing,missing,missing,missing,EJ
406,0.0,0.0,0.00013793049999999998,0.0001902781,2.99661e-05,7.91689e-06,1.32041e-05,3.504e-06,3.59269e-06,CDRIA-2050-noCR,1500Mt-noCostDecrease,AK,missing,coal_base_conv pul 1986-1990,missing,missing,missing,missing,missing,missing,missing,missing,EJ
407,0.0,0.0,0.000141901,0.0001957581,3.08313e-05,8.14787e-06,1.36074e-05,3.63251e-06,3.82293e-06,CDRIA-2050-noCR,1500Mt-noCostDecrease,AK,missing,coal_base_conv pul 1996-2000,missing,missing,missing,missing,missing,missing,missing,missing,EJ
408,0.0,0.0,0.0,0.0,1.1952749999999998e-05,2.7519854e-05,2.1806438e-05,4.4996203e-05,4.5352152000000005e-05,CDRIA-2050-noCR,1500Mt-noCostDecrease,AK,missing,coal_base_conv pul_CCS,missing,missing,missing,missing,missing,missing,missing,missing,EJ
409,9.8313e-05,0.0001096403,0.0,0.0,0.0,0.0,0.0,0.0,0.0,CDRIA-2050-noCR,1500Mt-noCostDecrease,AK,missing,coal_base_conv pul_retire_2020,missing,missing,missing,missing,missing,missing,missing,missing,EJ
410,0.0,0.0,0.0,0.0,0.0,2.5814820000000004e-05,5.513266e-05,0.00010656338,0.00015587463,CDRIA-2050-noCR,1500Mt-noCostDecrease,AK,missing,coal_int_IGCC_CCS,missing,missing,missing,missing,missing,missing,missing,missing,EJ
411,7.98759e-05,0.00042329,0.0,0.0,0.0,0.0,0.0,0.0,0.0,CDRIA-2050-noCR,1500Mt-noCostDecrease,AK,missing,coal_int_conv pul,missing,missing,missing,missing,missing,missing,missing,missing,EJ
412,0.0,0.0,4.25714e-05,4.21682e-05,4.3422e-05,0.0,0.0,0.0,0.0,CDRIA-2050-noCR,1500Mt-noCostDecrease,AK,missing,coal_int_conv pul 1951-1955,missing,missing,missing,missing,missing,missing,missing,missing,EJ
413,0.0,0.0,8.37689e-05,9.03425e-05,0.0001263861,9.75312e-05,8.96599e-05,3.2581e-05,0.0,CDRIA-2050-noCR,1500Mt-noCostDecrease,AK,missing,coal_int_conv pul 1966-1970,missing,missing,missing,missing,missing,missing,missing,missing,EJ
414,0.0,0.0,6.01122e-05,6.502879999999999e-05,9.22197e-05,7.543179999999999e-05,8.612999999999999e-05,5.3897e-05,3.1757e-05,CDRIA-2050-noCR,1500Mt-noCostDecrease,AK,missing,coal_int_conv pul 1971-1975,missing,missing,missing,missing,missing,missing,missing,missing,EJ
415,0.0,0.0,1.772097e-05,1.917675e-05,2.723594e-05,2.242644e-05,2.635973e-05,1.851055e-05,1.5306659999999998e-05,CDRIA-2050-noCR,1500Mt-noCostDecrease,AK,missing,coal_int_conv pul 1981-1985,missing,missing,missing,missing,missing,missing,missing,missing,EJ
416,0.0,0.0,3.29458e-05,3.5655100000000004e-05,5.06575e-05,4.17791e-05,4.94588e-05,3.58313e-05,3.35679e-05,CDRIA-2050-noCR,1500Mt-noCostDecrease,AK,missing,coal_int_conv pul 1986-1990,missing,missing,missing,missing,missing,missing,missing,missing,EJ
417,0.0,0.0,3.3894100000000005e-05,3.6682e-05,5.212e-05,4.29981e-05,5.09695e-05,3.71454e-05,3.57193e-05,CDRIA-2050-noCR,1500Mt-noCostDecrease,AK,missing,coal_int_conv pul 1996-2000,missing,missing,missing,missing,missing,missing,missing,missing,EJ
418,0.0,0.0,0.0,0.0,0.0,2.581872e-05,5.333183e-05,0.00010109829,0.000145575,CDRIA-2050-noCR,1500Mt-noCostDecrease,AK,missing,coal_int_conv pul_CCS,missing,missing,missing,missing,missing,missing,missing,missing,EJ
419,5.17291e-06,2.74131e-05,0.0,0.0,0.0,0.0,0.0,0.0,0.0,CDRIA-2050-noCR,1500Mt-noCostDecrease,AK,missing,coal_int_conv pul_retire_2020,missing,missing,missing,missing,missing,missing,missing,missing,EJ
420,0.00578689,0.00966145,0.000556527,0.00107956,0.0008078880000000001,0.0006508803,0.0007382956999999999,0.0005327317,0.0004990502,CDRIA-2050-noCR,1500Mt-noCostDecrease,AK,missing,gas_base_CC,missing,missing,missing,missing,missing,missing,missing,missing,EJ
421,0.0,0.0,0.0,0.0,6.10152e-05,0.0001481962,0.0001621786,0.0003152081,0.0003884029,CDRIA-2050-noCR,1500Mt-noCostDecrease,AK,missing,gas_base_CC_CCS,missing,missing,missing,missing,missing,missing,missing,missing,EJ
422,0.0045175,0.00630935,0.00376751,0.00374807,0.00495943,0.004918204,0.004719183,0.004505712,0.004383064,CDRIA-2050-noCR,1500Mt-noCostDecrease,AK,missing,gas_int_CC,missing,missing,missing,missing,missing,missing,missing,missing,EJ
423,0.0,0.0,0.0,0.0,0.0,0.000212557,0.000454913,0.0008434689999999999,0.001201295,CDRIA-2050-noCR,1500Mt-noCostDecrease,AK,missing,gas_int_CC_CCS,missing,missing,missing,missing,missing,missing,missing,missing,EJ
424,4.95323e-05,0.000100725,4.00553e-05,4.02093e-05,5.61839e-05,4.7069269e-05,3.8006188e-05,2.8862696000000003e-05,2.1357133e-05,CDRIA-2050-noCR,1500Mt-noCostDecrease,AK,missing,gas_peak_CC,missing,missing,missing,missing,missing,missing,missing,missing,EJ
425,0.0,0.0,0.0,0.0,0.0,4.55685e-08,1.023449e-07,2.2673580000000002e-07,3.543837e-07,CDRIA-2050-noCR,1500Mt-noCostDecrease,AK,missing,gas_peak_CC_CCS,missing,missing,missing,missing,missing,missing,missing,missing,EJ
426,3.6723976e-05,3.5473589e-05,2.10951173e-05,2.09199243e-05,2.4846842999999995e-05,1.8969262e-05,1.9219378370000004e-05,1.500165445e-05,1.1788314489999998e-05,CDRIA-2050-noCR,1500Mt-noCostDecrease,AK,missing,gas_peak_steam/CT,missing,missing,missing,missing,missing,missing,missing,missing,EJ
427,0.000278155,0.000518751,0.000288309,0.000288911,0.000397085,0.0003516053,0.0002962789,0.000248827,0.0002121604,CDRIA-2050-noCR,1500Mt-noCostDecrease,AK,missing,gas_subpeak_CC,missing,missing,missing,missing,missing,missing,missing,missing,EJ
428,0.0,0.0,0.0,0.0,0.0,2.10482e-06,4.909810000000001e-06,1.022163e-05,1.55552e-05,CDRIA-2050-noCR,1500Mt-noCostDecrease,AK,missing,gas_subpeak_CC_CCS,missing,missing,missing,missing,missing,missing,missing,missing,EJ
429,0.000206114561,0.000182512276,0.000151973774,0.00015121966199999995,0.000186336508,0.0001576911767,0.0001580301805,0.00013911059670000003,0.00012688082759999998,CDRIA-2050-noCR,1500Mt-noCostDecrease,AK,missing,gas_subpeak_steam/CT,missing,missing,missing,missing,missing,missing,missing,missing,EJ
430,0.0,0.0,0.0,0.0,4.42377e-05,0.0001834869,0.00029989780000000003,0.0006076472000000001,0.000892468,CDRIA-2050-noCR,1500Mt-noCostDecrease,AK,missing,geo_base,missing,missing,missing,missing,missing,missing,missing,missing,EJ
431,0.0033073,0.0053824,0.00549009,0.00456508,0.0067144,0.0067153,0.0067003,0.0066441,0.0066515,CDRIA-2050-noCR,1500Mt-noCostDecrease,AK,missing,hydro_base,missing,missing,missing,missing,missing,missing,missing,missing,EJ
432,0.00013680839000000002,0.00027931678,3.447143800000001e-05,0.00010516495,6.2528753e-05,5.409101300000001e-05,6.3280581e-05,3.2734221e-05,2.6197118e-05,CDRIA-2050-noCR,1500Mt-noCostDecrease,AK,missing,refined liquids_base_steam/CT,missing,missing,missing,missing,missing,missing,missing,missing,EJ
433,0.0010940289,0.002234825,0.0,0.0,0.0,0.0,0.0,0.0,0.0,CDRIA-2050-noCR,1500Mt-noCostDecrease,AK,missing,refined liquids_int_steam/CT,missing,missing,missing,missing,missing,missing,missing,missing,EJ
434,0.00013677603,0.00027936551000000003,0.0,0.0,0.0,0.0,0.0,0.0,0.0,CDRIA-2050-noCR,1500Mt-noCostDecrease,AK,missing,refined liquids_subpeak_steam/CT,missing,missing,missing,missing,missing,missing,missing,missing,EJ
435,0.0,0.0,1.8204e-06,7.75356e-06,1.91018e-05,4.61399e-05,9.52959e-05,0.000188728,0.000281393,CDRIA-2050-noCR,1500Mt-noCostDecrease,AK,missing,rooftop_pv,missing,missing,missing,missing,missing,missing,missing,missing,EJ
436,0.0,2.19856e-06,0.00047441,0.000395082,0.002110056,0.0045210059999999,0.005864016,0.00759594,0.00917666,CDRIA-2050-noCR,1500Mt-noCostDecrease,AK,missing,wind_base,missing,missing,missing,missing,missing,missing,missing,missing,EJ
437,0.0,0.0,0.0,0.0,6.88232e-05,0.0002228182,0.0003266292,0.0005433462,0.0007119671999999999,CDRIA-2050-noCR,1500Mt-noCostDecrease,AK,missing,wind_base_offshore,missing,missing,missing,missing,missing,missing,missing,missing,EJ
438,0.0,0.0,0.0,0.0,2.80941e-05,8.67082e-05,0.0001230339,0.0001967191,0.0002518542,CDRIA-2050-noCR,1500Mt-noCostDecrease,AK,missing,wind_base_storage,missing,missing,missing,missing,missing,missing,missing,missing,EJ
439,0.0,0.0,0.0014062,0.001625282,0.003045052,0.004432122,0.004958207,0.006432157,0.007657937,CDRIA-2050-noCR,1500Mt-noCostDecrease,AZ,missing,CSP_base_storage,missing,missing,missing,missing,missing,missing,missing,missing,EJ
440,0.0,0.0,0.001232628,0.00209348,0.00668868,0.0117841199999999,0.01584246,0.0259271599999999,0.047437532,CDRIA-2050-noCR,1500Mt-noCostDecrease,AZ,missing,CSP_int,missing,missing,missing,missing,missing,missing,missing,missing,EJ
441,0.0,0.0,9.4853e-05,0.0001505198,0.0003581618,0.0004847078,0.0006456175999999999,0.0009413976,0.0017450106,CDRIA-2050-noCR,1500Mt-noCostDecrease,AZ,missing,CSP_peak,missing,missing,missing,missing,missing,missing,missing,missing,EJ
442,0.000257804,0.000231698,0.001608212,0.0017872462,0.0025751762,0.0028525222,0.0036259142,0.0083919922,0.0129301422,CDRIA-2050-noCR,1500Mt-noCostDecrease,AZ,missing,CSP_subpeak,missing,missing,missing,missing,missing,missing,missing,missing,EJ
443,0.0,0.0,0.000206458,0.0002419038,0.0004800048,0.0007182498,0.0008100631999999999,0.0010700421999999,0.0013311082,CDRIA-2050-noCR,1500Mt-noCostDecrease,AZ,missing,PV_base_storage,missing,missing,missing,missing,missing,missing,missing,missing,EJ
444,0.0,0.0,0.00594494,0.01005158,0.02619448,0.03654258,0.04368342,0.05937202,0.08828798,CDRIA-2050-noCR,1500Mt-noCostDecrease,AZ,missing,PV_int,missing,missing,missing,missing,missing,missing,missing,missing,EJ
445,0.0,0.0,0.000457474,0.000723029,0.001452472,0.001709467,0.001992595,0.002452735,0.003372451,CDRIA-2050-noCR,1500Mt-noCostDecrease,AZ,missing,PV_peak,missing,missing,missing,missing,missing,missing,missing,missing,EJ
446,0.0,4.65997e-05,0.01733649,0.018190561,0.020958551,0.021521797,0.022882617,0.0162148069999999,0.0224134369999999,CDRIA-2050-noCR,1500Mt-noCostDecrease,AZ,missing,PV_subpeak,missing,missing,missing,missing,missing,missing,missing,missing,EJ
447,0.0,0.0,0.000683423,0.00012933335,0.0008876979199999999,0.00096489267,0.00043319759,0.00110909601,0.001960671421,CDRIA-2050-noCR,1500Mt-noCostDecrease,AZ,missing,biogas_base_CC,missing,missing,missing,missing,missing,missing,missing,missing,EJ
448,0.0,0.0,0.0,6.74867e-05,0.0006273744219999999,0.00091173736,0.00042391249,0.0015185676699999,0.002833191689,CDRIA-2050-noCR,1500Mt-noCostDecrease,AZ,missing,biogas_base_CC_CCS,missing,missing,missing,missing,missing,missing,missing,missing,EJ
449,0.0,0.0,0.00022293,0.00011785541,0.00050531396,0.0007004125,0.0006901917,0.0016128234,0.0029354255,CDRIA-2050-noCR,1500Mt-noCostDecrease,AZ,missing,biogas_int_CC,missing,missing,missing,missing,missing,missing,missing,missing,EJ
450,0.0,0.0,0.0,4.18848e-05,0.00023449098,0.00040526732,0.00043178404,0.0013690972,0.0027965626,CDRIA-2050-noCR,1500Mt-noCostDecrease,AZ,missing,biogas_int_CC_CCS,missing,missing,missing,missing,missing,missing,missing,missing,EJ
451,0.0,0.0,4.26899e-07,2.6128432e-07,8.3319954e-07,6.208095e-07,8.094682e-07,1.5500531e-06,3.7936143e-06,CDRIA-2050-noCR,1500Mt-noCostDecrease,AZ,missing,biogas_peak_CC,missing,missing,missing,missing,missing,missing,missing,missing,EJ
452,0.0,0.0,0.0,3.80393e-08,1.28691785e-07,1.0299503e-07,1.3862939e-07,3.252285e-07,7.8535943e-07,CDRIA-2050-noCR,1500Mt-noCostDecrease,AZ,missing,biogas_peak_CC_CCS,missing,missing,missing,missing,missing,missing,missing,missing,EJ
453,0.0,0.0,3.99803e-07,2.30262102e-07,7.17983173e-07,4.792394050000001e-07,6.026925270000001e-07,1.166696487e-06,3.041755249000001e-06,CDRIA-2050-noCR,1500Mt-noCostDecrease,AZ,missing,biogas_peak_steam/CT,missing,missing,missing,missing,missing,missing,missing,missing,EJ
454,0.0,0.0,1.60242e-06,2.4329391e-06,1.37073785e-05,6.5118489e-06,1.6518573e-05,0.000125533745,9.58714583e-05,CDRIA-2050-noCR,1500Mt-noCostDecrease,AZ,missing,biogas_subpeak_CC,missing,missing,missing,missing,missing,missing,missing,missing,EJ
455,0.0,0.0,0.0,4.98342e-07,3.1206181000000003e-06,1.7399146e-06,4.3633711e-06,3.7636109e-05,3.80122621e-05,CDRIA-2050-noCR,1500Mt-noCostDecrease,AZ,missing,biogas_subpeak_CC_CCS,missing,missing,missing,missing,missing,missing,missing,missing,EJ
456,0.0,0.0,1.092171e-06,1.5950068310000003e-06,8.853390568000001e-06,3.47086702e-06,9.478758299999998e-06,7.791561301000001e-05,5.335700121000001e-05,CDRIA-2050-noCR,1500Mt-noCostDecrease,AZ,missing,biogas_subpeak_steam/CT,missing,missing,missing,missing,missing,missing,missing,missing,EJ
457,0.0,0.0,0.0001181501,8.559954000000002e-05,0.00020784185,0.00039047586,0.00043132941,0.00079422363,0.00134976329,CDRIA-2050-noCR,1500Mt-noCostDecrease,AZ,missing,biomass_base_IGCC,missing,missing,missing,missing,missing,missing,missing,missing,EJ
458,0.0,0.0,0.0,9.38107e-06,0.00013278063,0.00061634856,0.00082721057,0.00467840461,0.01458504724,CDRIA-2050-noCR,1500Mt-noCostDecrease,AZ,missing,biomass_base_IGCC_CCS,missing,missing,missing,missing,missing,missing,missing,missing,EJ
459,0.0,8.8799e-05,0.0002968639,0.0001826067,0.0003810881,0.0006582299000000001,0.0006228653,0.0010012321,0.00159116176,CDRIA-2050-noCR,1500Mt-noCostDecrease,AZ,missing,biomass_base_conv,missing,missing,missing,missing,missing,missing,missing,missing,EJ
460,0.0,0.0,0.0,1.07757e-05,0.0001956122,0.0013746186,0.0018256156999999,0.024192131,0.0844479101,CDRIA-2050-noCR,1500Mt-noCostDecrease,AZ,missing,biomass_base_conv_CCS,missing,missing,missing,missing,missing,missing,missing,missing,EJ
461,0.0,0.0,1.626402e-05,1.973715e-05,3.634053e-05,6.089904e-05,8.203072e-05,0.00014854542,0.00029450238999999994,CDRIA-2050-noCR,1500Mt-noCostDecrease,AZ,missing,biomass_int_IGCC,missing,missing,missing,missing,missing,missing,missing,missing,EJ
462,0.0,0.0,0.0,2.09341e-06,1.222432e-05,3.213031e-05,5.0332790000000006e-05,0.00013356874,0.00033612898,CDRIA-2050-noCR,1500Mt-noCostDecrease,AZ,missing,biomass_int_IGCC_CCS,missing,missing,missing,missing,missing,missing,missing,missing,EJ
463,0.0,8.8799e-05,0.0002291312,0.00028402610000000003,0.00028883786,0.0003879133,0.0003869953,0.0004770027,0.000684981,CDRIA-2050-noCR,1500Mt-noCostDecrease,AZ,missing,biomass_int_conv,missing,missing,missing,missing,missing,missing,missing,missing,EJ
464,0.0,0.0,0.0,3.19201e-06,2.066776e-05,6.07776e-05,9.553191e-05,0.00028710903,0.00074700084,CDRIA-2050-noCR,1500Mt-noCostDecrease,AZ,missing,biomass_int_conv_CCS,missing,missing,missing,missing,missing,missing,missing,missing,EJ
465,0.0,0.0,0.0,0.000485918,0.003105795,0.0056119659999999,0.00668524,0.009472359,0.014709899,CDRIA-2050-noCR,1500Mt-noCostDecrease,AZ,missing,coal_base_IGCC_CCS,missing,missing,missing,missing,missing,missing,missing,missing,EJ
466,0.05901665,0.0876874699999999,0.0,0.0,0.0,0.0,0.0,0.0,0.0,CDRIA-2050-noCR,1500Mt-noCostDecrease,AZ,missing,coal_base_conv pul,missing,missing,missing,missing,missing,missing,missing,missing,EJ
467,0.0,0.0,0.0013970104,0.0013803538,0.0008379991,0.00013775965,8.845685e-05,0.0,0.0,CDRIA-2050-noCR,1500Mt-noCostDecrease,AZ,missing,coal_base_conv pul 1961-1965,missing,missing,missing,missing,missing,missing,missing,missing,EJ
468,0.0,0.0,0.0,0.0,0.0,0.0,0.0,0.0,0.0,CDRIA-2050-noCR,1500Mt-noCostDecrease,AZ,missing,coal_base_conv pul 1971-1975,missing,missing,missing,missing,missing,missing,missing,missing,EJ
469,0.0,0.0,0.02919487,0.02893271,0.01778775,0.003060003,0.0021700779999999,0.0,0.0,CDRIA-2050-noCR,1500Mt-noCostDecrease,AZ,missing,coal_base_conv pul 1976-1980,missing,missing,missing,missing,missing,missing,missing,missing,EJ
470,0.0,0.0,0.013130785,0.013124198,0.008375417,0.001676945,0.0019354469999999,0.00013872158,3.465078e-05,CDRIA-2050-noCR,1500Mt-noCostDecrease,AZ,missing,coal_base_conv pul 1981-1985,missing,missing,missing,missing,missing,missing,missing,missing,EJ
471,0.0,0.0,0.0078971659999999,0.007893565,0.005038405,0.0010096911,0.0011699238,8.532384e-05,2.292748e-05,CDRIA-2050-noCR,1500Mt-noCostDecrease,AZ,missing,coal_base_conv pul 1986-1990,missing,missing,missing,missing,missing,missing,missing,missing,EJ
472,0.0,0.0,0.014085422,0.014079045,0.008986905,0.001801274,0.00208875,0.00015286262,4.171155e-05,CDRIA-2050-noCR,1500Mt-noCostDecrease,AZ,missing,coal_base_conv pul 2006-2010,missing,missing,missing,missing,missing,missing,missing,missing,EJ
473,0.0,0.0,0.0,0.000605253,0.003595947,0.006275575,0.00738542,0.0100932169999999,0.0150068439999999,CDRIA-2050-noCR,1500Mt-noCostDecrease,AZ,missing,coal_base_conv pul_CCS,missing,missing,missing,missing,missing,missing,missing,missing,EJ
474,0.010407828,0.015463992,0.0,0.0,0.0,0.0,0.0,0.0,0.0,CDRIA-2050-noCR,1500Mt-noCostDecrease,AZ,missing,coal_base_conv pul_retire_2020,missing,missing,missing,missing,missing,missing,missing,missing,EJ
475,0.0,0.0,0.0,7.00758e-05,0.0002181336,0.0003946609,0.0005409768,0.0009305594,0.0017394307,CDRIA-2050-noCR,1500Mt-noCostDecrease,AZ,missing,coal_int_IGCC_CCS,missing,missing,missing,missing,missing,missing,missing,missing,EJ
476,0.04091756,0.04219515,0.0,0.0,0.0,0.0,0.0,0.0,0.0,CDRIA-2050-noCR,1500Mt-noCostDecrease,AZ,missing,coal_int_conv pul,missing,missing,missing,missing,missing,missing,missing,missing,EJ
477,0.0,0.0,0.0004334992,0.0004285024,0.000366521,0.0001688592,0.00010914894,0.0,0.0,CDRIA-2050-noCR,1500Mt-noCostDecrease,AZ,missing,coal_int_conv pul 1961-1965,missing,missing,missing,missing,missing,missing,missing,missing,EJ
478,0.0,0.0,0.0,0.0,0.0,0.0,0.0,0.0,0.0,CDRIA-2050-noCR,1500Mt-noCostDecrease,AZ,missing,coal_int_conv pul 1971-1975,missing,missing,missing,missing,missing,missing,missing,missing,EJ
479,0.0,0.0,0.009059312,0.008981545,0.007779962,0.003750814,0.00267771,0.0,0.0,CDRIA-2050-noCR,1500Mt-noCostDecrease,AZ,missing,coal_int_conv pul 1976-1980,missing,missing,missing,missing,missing,missing,missing,missing,EJ
480,0.0,0.0,0.004074541,0.004074133,0.003663208,0.00205552,0.002388192,0.0006873348,0.0004220717,CDRIA-2050-noCR,1500Mt-noCostDecrease,AZ,missing,coal_int_conv pul 1981-1985,missing,missing,missing,missing,missing,missing,missing,missing,EJ
481,0.0,0.0,0.002450531,0.002450391,0.002203681,0.0012376290999999,0.0014435999,0.0004227613,0.0002792734,CDRIA-2050-noCR,1500Mt-noCostDecrease,AZ,missing,coal_int_conv pul 1986-1990,missing,missing,missing,missing,missing,missing,missing,missing,EJ
482,0.0,0.0,0.00437076,0.004370544,0.003930657,0.002207919,0.002577364,0.0007574012,0.0005080779,CDRIA-2050-noCR,1500Mt-noCostDecrease,AZ,missing,coal_int_conv pul 2006-2010,missing,missing,missing,missing,missing,missing,missing,missing,EJ
483,0.0,0.0,0.0,9.04283e-05,0.0002663093,0.0004627181,0.0006182251,0.0010132372999999,0.001809331,CDRIA-2050-noCR,1500Mt-noCostDecrease,AZ,missing,coal_int_conv pul_CCS,missing,missing,missing,missing,missing,missing,missing,missing,EJ
484,0.007215974,0.007441285,0.0,0.0,0.0,0.0,0.0,0.0,0.0,CDRIA-2050-noCR,1500Mt-noCostDecrease,AZ,missing,coal_int_conv pul_retire_2020,missing,missing,missing,missing,missing,missing,missing,missing,EJ
485,0.0005412631,0.0,0.0,0.0,0.0,0.0,0.0,0.0,0.0,CDRIA-2050-noCR,1500Mt-noCostDecrease,AZ,missing,coal_peak_conv pul,missing,missing,missing,missing,missing,missing,missing,missing,EJ
486,9.545389e-05,0.0,0.0,0.0,0.0,0.0,0.0,0.0,0.0,CDRIA-2050-noCR,1500Mt-noCostDecrease,AZ,missing,coal_peak_conv pul_retire_2020,missing,missing,missing,missing,missing,missing,missing,missing,EJ
487,0.003596935,0.0,0.0,0.0,0.0,0.0,0.0,0.0,0.0,CDRIA-2050-noCR,1500Mt-noCostDecrease,AZ,missing,coal_subpeak_conv pul,missing,missing,missing,missing,missing,missing,missing,missing,EJ
488,0.0006343335,0.0,0.0,0.0,0.0,0.0,0.0,0.0,0.0,CDRIA-2050-noCR,1500Mt-noCostDecrease,AZ,missing,coal_subpeak_conv pul_retire_2020,missing,missing,missing,missing,missing,missing,missing,missing,EJ
489,0.00115952,0.0142723,0.03107843,0.03477132,0.04698431,0.0465487699999999,0.048701125,0.027031175,0.0183977819999999,CDRIA-2050-noCR,1500Mt-noCostDecrease,AZ,missing,gas_base_CC,missing,missing,missing,missing,missing,missing,missing,missing,EJ
490,0.0,0.0,0.0,0.0014611469999999,0.010950247,0.019722488,0.023198629,0.032615977,0.0464664669999999,CDRIA-2050-noCR,1500Mt-noCostDecrease,AZ,missing,gas_base_CC_CCS,missing,missing,missing,missing,missing,missing,missing,missing,EJ
491,0.00488579,0.0601403,0.10886,0.10427987,0.09470685,0.08293004,0.07540745,0.0628319899999999,0.0607384,CDRIA-2050-noCR,1500Mt-noCostDecrease,AZ,missing,gas_int_CC,missing,missing,missing,missing,missing,missing,missing,missing,EJ
492,0.0,0.0,0.0,0.000607869,0.002322348,0.00419575,0.005724208,0.009550378,0.017107839,CDRIA-2050-noCR,1500Mt-noCostDecrease,AZ,missing,gas_int_CC_CCS,missing,missing,missing,missing,missing,missing,missing,missing,EJ
493,0.000125603,0.00199086,0.00154352158,0.001403089,0.00114223113,0.0008819802,0.0007155031199999999,0.00042782592,0.000257548285,CDRIA-2050-noCR,1500Mt-noCostDecrease,AZ,missing,gas_peak_CC,missing,missing,missing,missing,missing,missing,missing,missing,EJ
494,0.0,0.0,0.0,1.18011e-07,3.65783e-07,5.29457e-07,7.41746e-07,1.163392e-06,2.305687e-06,CDRIA-2050-noCR,1500Mt-noCostDecrease,AZ,missing,gas_peak_CC_CCS,missing,missing,missing,missing,missing,missing,missing,missing,EJ
495,9.30025e-05,0.000700285,0.00072625093,0.00062609487,0.000297365009,0.00017018022299999998,0.000159088784,5.4286024e-05,2.909425700000001e-05,CDRIA-2050-noCR,1500Mt-noCostDecrease,AZ,missing,gas_peak_steam/CT,missing,missing,missing,missing,missing,missing,missing,missing,EJ
496,0.000827314,0.0131157,0.0030158514999999,0.0027788811,0.0023875144,0.0019271527,0.0016356809,0.0014929706,0.0012960959,CDRIA-2050-noCR,1500Mt-noCostDecrease,AZ,missing,gas_subpeak_CC,missing,missing,missing,missing,missing,missing,missing,missing,EJ
497,0.0,0.0,0.0,2.99005e-06,1.163808e-05,1.483547e-05,2.4039940000000003e-05,0.00010153045,0.00015427863,CDRIA-2050-noCR,1500Mt-noCostDecrease,AZ,missing,gas_subpeak_CC_CCS,missing,missing,missing,missing,missing,missing,missing,missing,EJ
498,0.00061291,0.00461338,0.0014691469,0.0013217833,0.0007587847,0.00047633809,0.00047462311,0.00039201102,0.00027522893,CDRIA-2050-noCR,1500Mt-noCostDecrease,AZ,missing,gas_subpeak_steam/CT,missing,missing,missing,missing,missing,missing,missing,missing,EJ
499,0.0,0.0,0.0011860199999999,0.001403763,0.002972058,0.005030355,0.006011135,0.0091745399999999,0.0138862864,CDRIA-2050-noCR,1500Mt-noCostDecrease,AZ,missing,geo_base,missing,missing,missing,missing,missing,missing,missing,missing,EJ
500,0.0251735,0.0235673,0.0280433,0.0280003,0.0279698,0.0279739,0.0279112,0.0276771,0.0277079,CDRIA-2050-noCR,1500Mt-noCostDecrease,AZ,missing,hydro_base,missing,missing,missing,missing,missing,missing,missing,missing,EJ
501,0.0786024,0.0963204,0.121952,0.121952,0.121952,0.121952,0.121952,0.121952,0.0,CDRIA-2050-noCR,1500Mt-noCostDecrease,AZ,missing,nuc_base_Gen II,missing,missing,missing,missing,missing,missing,missing,missing,EJ
502,0.0,0.0,0.0,0.0,0.0111406,0.0223752,0.02675917,0.03933634,0.0622403399999999,CDRIA-2050-noCR,1500Mt-noCostDecrease,AZ,missing,nuc_base_Gen III,missing,missing,missing,missing,missing,missing,missing,missing,EJ
503,0.0,0.0,4.85195e-06,5.517046999999999e-06,2.875678e-06,2.158501e-06,1.687935e-06,3.618921e-07,7.89186e-08,CDRIA-2050-noCR,1500Mt-noCostDecrease,AZ,missing,refined liquids_base_steam/CT,missing,missing,missing,missing,missing,missing,missing,missing,EJ
504,0.0,0.0,6.979008e-05,8.0904e-05,4.139191e-05,3.896825e-05,3.351259e-05,1.862841e-05,1.024527e-05,CDRIA-2050-noCR,1500Mt-noCostDecrease,AZ,missing,refined liquids_int_steam/CT,missing,missing,missing,missing,missing,missing,missing,missing,EJ
505,0.0,0.0,0.0,0.0,0.0,0.0,0.0,0.0,0.0,CDRIA-2050-noCR,1500Mt-noCostDecrease,AZ,missing,refined liquids_peak_steam/CT,missing,missing,missing,missing,missing,missing,missing,missing,EJ
506,0.0004296073,0.0001700991,0.0,0.0,0.0,0.0,0.0,0.0,0.0,CDRIA-2050-noCR,1500Mt-noCostDecrease,AZ,missing,refined liquids_subpeak_steam/CT,missing,missing,missing,missing,missing,missing,missing,missing,EJ
507,0.0,0.0,0.00527762,0.0359139,0.041673,0.060785,0.071119,0.0682186,0.0501491,CDRIA-2050-noCR,1500Mt-noCostDecrease,AZ,missing,rooftop_pv,missing,missing,missing,missing,missing,missing,missing,missing,EJ
508,0.0,0.0,0.01881776,0.02542346,0.05972896,0.08426026,0.09413686,0.1196547,0.1425589,CDRIA-2050-noCR,1500Mt-noCostDecrease,AZ,missing,wind_base,missing,missing,missing,missing,missing,missing,missing,missing,EJ
509,0.0,0.0,0.000474891,0.0006354360000000001,0.001661716,0.00264686,0.003030096,0.004105546,0.005515145,CDRIA-2050-noCR,1500Mt-noCostDecrease,AZ,missing,wind_base_storage,missing,missing,missing,missing,missing,missing,missing,missing,EJ
510,0.0,0.0,0.0,0.0,0.0,0.0,0.0,0.0,0.0,CDRIA-2050-noCR,1500Mt-noCostDecrease,AZ,missing,wind_int,missing,missing,missing,missing,missing,missing,missing,missing,EJ
511,0.0,0.0,0.0,0.0,0.0,0.0,0.0,0.0,0.0,CDRIA-2050-noCR,1500Mt-noCostDecrease,AZ,missing,wind_subpeak,missing,missing,missing,missing,missing,missing,missing,missing,EJ
512,0.0,0.0,3.32948e-05,3.3731713e-05,8.1870513e-05,0.000202529513,0.000273809413,0.000368122913,0.000384654113,CDRIA-2050-noCR,1500Mt-noCostDecrease,AR,missing,PV_base_storage,missing,missing,missing,missing,missing,missing,missing,missing,EJ
513,0.0,0.0,0.00255212,0.00406302,0.01015366,0.01631267,0.01984591,0.02662041,0.02941529,CDRIA-2050-noCR,1500Mt-noCostDecrease,AR,missing,PV_int,missing,missing,missing,missing,missing,missing,missing,missing,EJ
514,0.0,0.0,0.000102456,0.0001521358,0.0002920218,0.0003878695,0.0004417871,0.0005634610999999999,0.0006283441,CDRIA-2050-noCR,1500Mt-noCostDecrease,AR,missing,PV_peak,missing,missing,missing,missing,missing,missing,missing,missing,EJ
515,0.0,0.0,0.0005492368600000001,0.00084379186,0.00169196086,0.00229920486,0.00266793486,0.0036724049999999,0.004102074,CDRIA-2050-noCR,1500Mt-noCostDecrease,AR,missing,PV_subpeak,missing,missing,missing,missing,missing,missing,missing,missing,EJ
516,0.0,0.0,0.000170408,4.37546e-06,0.00027406297560000003,0.000729019898,0.000496013333,0.0006251844700999999,0.0003500025437,CDRIA-2050-noCR,1500Mt-noCostDecrease,AR,missing,biogas_base_CC,missing,missing,missing,missing,missing,missing,missing,missing,EJ
517,0.0,0.0,0.0,1.25651e-06,0.0001901213703,0.0006845677664,0.0004921558045,0.0008918113394,0.0005946615046999999,CDRIA-2050-noCR,1500Mt-noCostDecrease,AR,missing,biogas_base_CC_CCS,missing,missing,missing,missing,missing,missing,missing,missing,EJ
518,0.0,0.0,0.000129381,5.165986e-05,0.0002031237,0.00040068697,0.00040413804,0.0009618376,0.0011483801,CDRIA-2050-noCR,1500Mt-noCostDecrease,AR,missing,biogas_int_CC,missing,missing,missing,missing,missing,missing,missing,missing,EJ
519,0.0,0.0,0.0,1.76331e-05,9.2530327e-05,0.00022745516,0.00024896027,0.00077989232,0.001112746,CDRIA-2050-noCR,1500Mt-noCostDecrease,AR,missing,biogas_int_CC_CCS,missing,missing,missing,missing,missing,missing,missing,missing,EJ
520,0.0,0.0,1.28784e-07,5.7883770000000003e-08,1.6926316e-07,2.2506173e-07,2.0517334e-07,5.594835e-07,8.892547099999999e-07,CDRIA-2050-noCR,1500Mt-noCostDecrease,AR,missing,biogas_peak_CC,missing,missing,missing,missing,missing,missing,missing,missing,EJ
521,0.0,0.0,0.0,8.14457e-09,2.584765e-08,3.6605099e-08,3.562404e-08,1.1805157e-07,2.1038623e-07,CDRIA-2050-noCR,1500Mt-noCostDecrease,AR,missing,biogas_peak_CC_CCS,missing,missing,missing,missing,missing,missing,missing,missing,EJ
522,0.0,0.0,1.2071690000000004e-07,4.934433e-08,1.442386e-07,1.76533797e-07,1.30968102e-07,3.82783081e-07,5.746037630000001e-07,CDRIA-2050-noCR,1500Mt-noCostDecrease,AR,missing,biogas_peak_steam/CT,missing,missing,missing,missing,missing,missing,missing,missing,EJ
523,0.0,0.0,3.17813e-06,1.55022e-06,4.5193999e-06,6.413782e-06,6.61415e-06,2.0362805e-05,2.6627473e-05,CDRIA-2050-noCR,1500Mt-noCostDecrease,AR,missing,biogas_subpeak_CC,missing,missing,missing,missing,missing,missing,missing,missing,EJ
524,0.0,0.0,0.0,2.94972e-07,1.00411099e-06,1.5910703e-06,1.7524258e-06,6.575224e-06,1.0244383e-05,CDRIA-2050-noCR,1500Mt-noCostDecrease,AR,missing,biogas_subpeak_CC_CCS,missing,missing,missing,missing,missing,missing,missing,missing,EJ
525,0.0,0.0,2.168222e-06,9.5684175e-07,2.8586934720000003e-06,3.67126863e-06,2.99181037e-06,1.0409623369999998e-05,1.1390768979999998e-05,CDRIA-2050-noCR,1500Mt-noCostDecrease,AR,missing,biogas_subpeak_steam/CT,missing,missing,missing,missing,missing,missing,missing,missing,EJ
526,0.0,0.0,3.79068e-05,2.828799e-05,7.2209807e-05,0.000221271142,0.000312725173,0.000518835826,0.0005504137829,CDRIA-2050-noCR,1500Mt-noCostDecrease,AR,missing,biomass_base_IGCC,missing,missing,missing,missing,missing,missing,missing,missing,EJ
527,0.0,0.0,0.0,1.98128e-07,4.0307217e-05,0.000414209528,0.0006601425279999999,0.0026644972964,0.0041626447868,CDRIA-2050-noCR,1500Mt-noCostDecrease,AR,missing,biomass_base_IGCC_CCS,missing,missing,missing,missing,missing,missing,missing,missing,EJ
528,0.0,0.0002908019,0.00011298619,0.000112646158,0.000214007876,0.000430748116,0.0005051166640000001,0.000677714445,0.000592361157,CDRIA-2050-noCR,1500Mt-noCostDecrease,AR,missing,biomass_base_conv,missing,missing,missing,missing,missing,missing,missing,missing,EJ
529,0.0,0.0,0.0,2.25749e-07,5.9528505e-05,0.000946922349,0.001460986449,0.012374150463,0.020895261944,CDRIA-2050-noCR,1500Mt-noCostDecrease,AR,missing,biomass_base_conv_CCS,missing,missing,missing,missing,missing,missing,missing,missing,EJ
530,0.0,0.0,1.431617e-05,1.595374e-05,2.437548e-05,4.238101e-05,5.641389e-05,9.688896e-05,0.00013449984,CDRIA-2050-noCR,1500Mt-noCostDecrease,AR,missing,biomass_int_IGCC,missing,missing,missing,missing,missing,missing,missing,missing,EJ
531,0.0,0.0,0.0,1.212208e-06,6.3451040000000006e-06,2.0603138000000003e-05,3.229206800000001e-05,8.1724376e-05,0.00013272638799999997,CDRIA-2050-noCR,1500Mt-noCostDecrease,AR,missing,biomass_int_IGCC_CCS,missing,missing,missing,missing,missing,missing,missing,missing,EJ
532,0.0,0.0002908019,0.0001700702,0.00019346122,0.00018940021,0.00026206861,0.00027192543,0.00033329487,0.00037008177,CDRIA-2050-noCR,1500Mt-noCostDecrease,AR,missing,biomass_int_conv,missing,missing,missing,missing,missing,missing,missing,missing,EJ
533,0.0,0.0,0.0,1.83928e-06,1.064031e-05,3.915543e-05,6.131754e-05,0.00017407904,0.00028886706,CDRIA-2050-noCR,1500Mt-noCostDecrease,AR,missing,biomass_int_conv_CCS,missing,missing,missing,missing,missing,missing,missing,missing,EJ
534,0.0,0.0,0.0,9.38739e-06,0.00065406999,0.00221046067,0.00322577594,0.00444913773,0.00509911796,CDRIA-2050-noCR,1500Mt-noCostDecrease,AR,missing,coal_base_IGCC_CCS,missing,missing,missing,missing,missing,missing,missing,missing,EJ
535,0.03436741,0.04729567,0.0,0.0,0.0,0.0,0.0,0.0,0.0,CDRIA-2050-noCR,1500Mt-noCostDecrease,AR,missing,coal_base_conv pul,missing,missing,missing,missing,missing,missing,missing,missing,EJ
536,0.0,0.0,0.0142350499999999,0.0142308,0.0104119,0.002486083,0.002783543,0.0002042954,8.4387e-05,CDRIA-2050-noCR,1500Mt-noCostDecrease,AR,missing,coal_base_conv pul 1976-1980,missing,missing,missing,missing,missing,missing,missing,missing,EJ
537,0.0,0.0,0.0349454,0.03493921,0.02557712,0.0061220699999999,0.00692911,0.0005324497,0.0002595876,CDRIA-2050-noCR,1500Mt-noCostDecrease,AR,missing,coal_base_conv pul 1981-1985,missing,missing,missing,missing,missing,missing,missing,missing,EJ
538,0.0,0.0,0.01241809,0.01241663,0.00909166,0.00217845,0.002477276,0.00019437350000000005,0.0001035316,CDRIA-2050-noCR,1500Mt-noCostDecrease,AR,missing,coal_base_conv pul 2006-2010,missing,missing,missing,missing,missing,missing,missing,missing,EJ
539,0.0,0.0,0.00999626,0.00999503,0.007318539,0.0017535979999999,0.001994145,0.0001564661,8.33421e-05,CDRIA-2050-noCR,1500Mt-noCostDecrease,AR,missing,coal_base_conv pul 2011-2015,missing,missing,missing,missing,missing,missing,missing,missing,EJ
540,0.0,0.0,0.0,1.116535e-05,0.00072172953,0.0023402950799999,0.0033617389,0.00451438513,0.0050934377999999,CDRIA-2050-noCR,1500Mt-noCostDecrease,AR,missing,coal_base_conv pul_CCS,missing,missing,missing,missing,missing,missing,missing,missing,EJ
541,0.0,0.0,0.0,2.60569e-05,7.955769999999999e-05,0.0001748226,0.0002484266,0.0004363452,0.0006059963,CDRIA-2050-noCR,1500Mt-noCostDecrease,AR,missing,coal_int_IGCC_CCS,missing,missing,missing,missing,missing,missing,missing,missing,EJ
542,0.03970502,0.04082213,0.0,0.0,0.0,0.0,0.0,0.0,0.0,CDRIA-2050-noCR,1500Mt-noCostDecrease,AR,missing,coal_int_conv pul,missing,missing,missing,missing,missing,missing,missing,missing,EJ
543,0.0,0.0,0.002103969,0.002103084,0.001734872,0.0008708650000000001,0.001148873,0.0004224545,0.0003111184,CDRIA-2050-noCR,1500Mt-noCostDecrease,AR,missing,coal_int_conv pul 1976-1980,missing,missing,missing,missing,missing,missing,missing,missing,EJ
544,0.0,0.0,0.005165008,0.005163444,0.0042617539999999,0.00214454,0.0028599,0.001101034,0.000957048,CDRIA-2050-noCR,1500Mt-noCostDecrease,AR,missing,coal_int_conv pul 1981-1985,missing,missing,missing,missing,missing,missing,missing,missing,EJ
545,0.0,0.0,0.0018354299999999,0.0018349669999999,0.0015148849999999,0.000763102,0.001022466,0.0004019379,0.0003817008,CDRIA-2050-noCR,1500Mt-noCostDecrease,AR,missing,coal_int_conv pul 2006-2010,missing,missing,missing,missing,missing,missing,missing,missing,EJ
546,0.0,0.0,0.001477468,0.001477099,0.0012194369999999,0.0006142777,0.000823059,0.0003235513,0.0003072662,CDRIA-2050-noCR,1500Mt-noCostDecrease,AR,missing,coal_int_conv pul 2011-2015,missing,missing,missing,missing,missing,missing,missing,missing,EJ
547,0.0,0.0,0.0,3.2956e-05,9.54526e-05,0.0002000072,0.0002773237,0.0004659809,0.0006314744,CDRIA-2050-noCR,1500Mt-noCostDecrease,AR,missing,coal_int_conv pul_CCS,missing,missing,missing,missing,missing,missing,missing,missing,EJ
548,0.0003127202,0.0,0.0,0.0,0.0,0.0,0.0,0.0,0.0,CDRIA-2050-noCR,1500Mt-noCostDecrease,AR,missing,coal_peak_conv pul,missing,missing,missing,missing,missing,missing,missing,missing,EJ
549,0.002324342,0.0,0.0,0.0,0.0,0.0,0.0,0.0,0.0,CDRIA-2050-noCR,1500Mt-noCostDecrease,AR,missing,coal_subpeak_conv pul,missing,missing,missing,missing,missing,missing,missing,missing,EJ
550,0.0,0.0,0.01070624,0.010553581,0.0152406662,0.0202911871,0.0240190206,0.0175294989,0.0131321163,CDRIA-2050-noCR,1500Mt-noCostDecrease,AR,missing,gas_base_CC,missing,missing,missing,missing,missing,missing,missing,missing,EJ
551,0.0,0.0,0.0,2.99144e-05,0.0031978713,0.0106571216,0.0153502875999999,0.0211730705,0.0238062288,CDRIA-2050-noCR,1500Mt-noCostDecrease,AR,missing,gas_base_CC_CCS,missing,missing,missing,missing,missing,missing,missing,missing,EJ
552,0.00660998,0.0141045,0.04603975,0.0442531299999999,0.0405691,0.0367768599999999,0.03476334,0.03161247,0.03004754,CDRIA-2050-noCR,1500Mt-noCostDecrease,AR,missing,gas_int_CC,missing,missing,missing,missing,missing,missing,missing,missing,EJ
553,0.0,0.0,0.0,0.000256174,0.000932511,0.002033152,0.00286998,0.004871199,0.0065903739999999,CDRIA-2050-noCR,1500Mt-noCostDecrease,AR,missing,gas_int_CC_CCS,missing,missing,missing,missing,missing,missing,missing,missing,EJ
554,0.000258517,0.000710498,0.00042568431,0.000387000387,0.0003208989070000001,0.00025291976,0.000208346167,0.000144350509,0.000102430851,CDRIA-2050-noCR,1500Mt-noCostDecrease,AR,missing,gas_peak_CC,missing,missing,missing,missing,missing,missing,missing,missing,EJ
555,0.0,0.0,0.0,2.52672e-08,7.50892e-08,1.358037e-07,1.806986e-07,3.166791e-07,5.242347999999999e-07,CDRIA-2050-noCR,1500Mt-noCostDecrease,AR,missing,gas_peak_CC_CCS,missing,missing,missing,missing,missing,missing,missing,missing,EJ
556,0.0001915123,0.0002498992,0.00021289023,0.000180780766,8.900258400000001e-05,5.3188325e-05,5.835359e-05,2.8840687e-05,2.0433487e-05,CDRIA-2050-noCR,1500Mt-noCostDecrease,AR,missing,gas_peak_steam/CT,missing,missing,missing,missing,missing,missing,missing,missing,EJ
557,0.0017208,0.00472892,0.0029295539,0.0026830041999999,0.0022853535999999,0.0018643289,0.0015503075,0.0011720472,0.0009169441,CDRIA-2050-noCR,1500Mt-noCostDecrease,AR,missing,gas_subpeak_CC,missing,missing,missing,missing,missing,missing,missing,missing,EJ
558,0.0,0.0,0.0,1.38071e-06,4.14844e-06,7.59867e-06,1.035753e-05,2.027771e-05,3.0850010000000005e-05,CDRIA-2050-noCR,1500Mt-noCostDecrease,AR,missing,gas_subpeak_CC_CCS,missing,missing,missing,missing,missing,missing,missing,missing,EJ
559,0.001274872,0.001663304,0.0015206727,0.00132514516,0.0007468075900000002,0.0004909891099999999,0.0005289904500000001,0.00031377816,0.00025093925,CDRIA-2050-noCR,1500Mt-noCostDecrease,AR,missing,gas_subpeak_steam/CT,missing,missing,missing,missing,missing,missing,missing,missing,EJ
560,0.0124031,0.0113332,0.0153146,0.0152911,0.0152744,0.0152767,0.0152425,0.0151146,0.0151314,CDRIA-2050-noCR,1500Mt-noCostDecrease,AR,missing,hydro_base,missing,missing,missing,missing,missing,missing,missing,missing,EJ
561,0.0430551,0.0510939,0.0518822,0.0518483,0.0506011,0.0266031,0.0,0.0,0.0,CDRIA-2050-noCR,1500Mt-noCostDecrease,AR,missing,nuc_base_Gen II,missing,missing,missing,missing,missing,missing,missing,missing,EJ
562,0.0,0.0,0.0,0.0,0.00338248,0.01189122,0.01696742,0.02376184,0.0273935799999999,CDRIA-2050-noCR,1500Mt-noCostDecrease,AR,missing,nuc_base_Gen III,missing,missing,missing,missing,missing,missing,missing,missing,EJ
563,0.0,0.0,3.3670969999999995e-05,5.940565000000001e-05,4.275436e-05,2.50727e-05,1.978379e-05,4.085114e-06,1.734039e-06,CDRIA-2050-noCR,1500Mt-noCostDecrease,AR,missing,refined liquids_base_steam/CT,missing,missing,missing,missing,missing,missing,missing,missing,EJ
564,0.0002545143,0.0005552024,0.0,0.0,0.0,0.0,0.0,0.0,0.0,CDRIA-2050-noCR,1500Mt-noCostDecrease,AR,missing,refined liquids_int_steam/CT,missing,missing,missing,missing,missing,missing,missing,missing,EJ
565,0.0,0.0,0.0,0.0,0.0,0.0,0.0,0.0,0.0,CDRIA-2050-noCR,1500Mt-noCostDecrease,AR,missing,refined liquids_peak_steam/CT,missing,missing,missing,missing,missing,missing,missing,missing,EJ
566,6.360368e-05,0.0001388006,0.0,0.0,0.0,0.0,0.0,0.0,0.0,CDRIA-2050-noCR,1500Mt-noCostDecrease,AR,missing,refined liquids_subpeak_steam/CT,missing,missing,missing,missing,missing,missing,missing,missing,EJ
567,0.0,0.0,0.000124034,0.00191317,0.00545654,0.00677994,0.00800418,0.00831629,0.00979126,CDRIA-2050-noCR,1500Mt-noCostDecrease,AR,missing,rooftop_pv,missing,missing,missing,missing,missing,missing,missing,missing,EJ
568,0.0,0.0,0.0062792,0.006474664,0.027771264,0.075826764,0.103811764,0.137534964,0.150814364,CDRIA-2050-noCR,1500Mt-noCostDecrease,AR,missing,wind_base,missing,missing,missing,missing,missing,missing,missing,missing,EJ
569,0.0,0.0,0.000158572,0.00016268847,0.00059835747,0.00164082747,0.0022503504699999,0.0030419364699999,0.0033045154699999,CDRIA-2050-noCR,1500Mt-noCostDecrease,AR,missing,wind_base_storage,missing,missing,missing,missing,missing,missing,missing,missing,EJ
570,0.0,0.0,0.000545376,0.0017316459999999,0.0028232559999999,0.004831646,0.005765617,0.009353367,0.009488761,CDRIA-2050-noCR,1500Mt-noCostDecrease,CA,missing,CSP_base_storage,missing,missing,missing,missing,missing,missing,missing,missing,EJ
571,0.0,0.0,0.003192316,0.00517093,0.0110272699999999,0.02210521,0.03048449,0.070699534,0.079593314,CDRIA-2050-noCR,1500Mt-noCostDecrease,CA,missing,CSP_int,missing,missing,missing,missing,missing,missing,missing,missing,EJ
572,0.0,0.0,0.0001361432,0.0002004118,0.0003835466,0.0006562186000000001,0.0008298214,0.0014128394,0.0016493222,CDRIA-2050-noCR,1500Mt-noCostDecrease,CA,missing,CSP_peak,missing,missing,missing,missing,missing,missing,missing,missing,EJ
573,0.0001745078,0.0001568942,0.0003271276,0.0005932495999999999,0.0013990435999999,0.0027611975999999,0.0037300835999999,0.0114477742,0.012271958,CDRIA-2050-noCR,1500Mt-noCostDecrease,CA,missing,CSP_subpeak,missing,missing,missing,missing,missing,missing,missing,missing,EJ
574,0.0,0.0,9.62876e-05,0.0003261786,0.0005455446,0.0009590696,0.0011545376,0.0019138176,0.001962689,CDRIA-2050-noCR,1500Mt-noCostDecrease,CA,missing,PV_base_storage,missing,missing,missing,missing,missing,missing,missing,missing,EJ
575,0.0,0.0,0.0676631,0.0770689,0.094794,0.1191857,0.1372288,0.163287,0.1730898,CDRIA-2050-noCR,1500Mt-noCostDecrease,CA,missing,PV_int,missing,missing,missing,missing,missing,missing,missing,missing,EJ
576,0.0,0.0,0.000671793,0.000977309,0.0015315939999999,0.0021319719999999,0.002505791,0.003667961,0.0037149159999999,CDRIA-2050-noCR,1500Mt-noCostDecrease,CA,missing,PV_peak,missing,missing,missing,missing,missing,missing,missing,missing,EJ
577,1.08005e-05,0.00183973,0.014592174,0.015857244,0.018296094,0.021295314,0.023381614,0.0252394139999999,0.02640646,CDRIA-2050-noCR,1500Mt-noCostDecrease,CA,missing,PV_subpeak,missing,missing,missing,missing,missing,missing,missing,missing,EJ
578,0.0,0.0,0.000217922,0.0005572523700000001,0.0005663686,0.00112879554,0.0006083340000000001,0.00214985077,0.0004507055,CDRIA-2050-noCR,1500Mt-noCostDecrease,CA,missing,biogas_base_CC,missing,missing,missing,missing,missing,missing,missing,missing,EJ
579,0.0,0.0,0.0,0.000304155,0.00040067903,0.0010627582,0.00059401994,0.00280882012,0.00071592277,CDRIA-2050-noCR,1500Mt-noCostDecrease,CA,missing,biogas_base_CC_CCS,missing,missing,missing,missing,missing,missing,missing,missing,EJ
580,0.0,0.0,0.000206542,0.00018018429,0.00061080452,0.0014978362999999,0.0014404994,0.0051349893,0.0023791775,CDRIA-2050-noCR,1500Mt-noCostDecrease,CA,missing,biogas_int_CC,missing,missing,missing,missing,missing,missing,missing,missing,EJ
581,0.0,0.0,0.0,6.95064e-05,0.00029110265,0.000888444,0.0009230406,0.0041733433,0.0030880752,CDRIA-2050-noCR,1500Mt-noCostDecrease,CA,missing,biogas_int_CC_CCS,missing,missing,missing,missing,missing,missing,missing,missing,EJ
582,0.0,0.0,5.62339e-07,2.7831235e-07,7.7471285e-07,1.4752334e-06,1.0992768e-06,2.9504311e-06,1.99058003e-06,CDRIA-2050-noCR,1500Mt-noCostDecrease,CA,missing,biogas_peak_CC,missing,missing,missing,missing,missing,missing,missing,missing,EJ
583,0.0,0.0,0.0,4.16227e-08,1.21942164e-07,2.4666096e-07,1.9380289e-07,5.841032e-07,4.8300991e-07,CDRIA-2050-noCR,1500Mt-noCostDecrease,CA,missing,biogas_peak_CC_CCS,missing,missing,missing,missing,missing,missing,missing,missing,EJ
584,0.0,0.0,5.142032e-07,2.4004073800000005e-07,6.47868151e-07,1.179668232e-06,7.908329039999999e-07,2.313599144e-06,1.4259486e-06,CDRIA-2050-noCR,1500Mt-noCostDecrease,CA,missing,biogas_peak_steam/CT,missing,missing,missing,missing,missing,missing,missing,missing,EJ
585,0.0,0.0,8.66091e-07,3.1923344e-06,1.41160066e-05,3.05165534e-05,2.5766628e-05,0.000160837239,3.31990107e-05,CDRIA-2050-noCR,1500Mt-noCostDecrease,CA,missing,biogas_subpeak_CC,missing,missing,missing,missing,missing,missing,missing,missing,EJ
586,0.0,0.0,0.0,6.81791e-07,3.3255507e-06,8.0198899e-06,7.2201903e-06,4.95896525e-05,1.94635254e-05,CDRIA-2050-noCR,1500Mt-noCostDecrease,CA,missing,biogas_subpeak_CC_CCS,missing,missing,missing,missing,missing,missing,missing,missing,EJ
587,0.0,0.0,5.753889999999999e-07,2.055011512e-06,8.885566126999999e-06,1.8426840192e-05,1.3910131450999998e-05,9.7725767393e-05,1.2427583795999998e-05,CDRIA-2050-noCR,1500Mt-noCostDecrease,CA,missing,biogas_subpeak_steam/CT,missing,missing,missing,missing,missing,missing,missing,missing,EJ
588,0.0,0.0,0.0003081377,0.0006541987000000001,0.0008895536999999999,0.0015223694,0.00174567,0.0033155084999999,0.0026374518999999,CDRIA-2050-noCR,1500Mt-noCostDecrease,CA,missing,biomass_base_IGCC,missing,missing,missing,missing,missing,missing,missing,missing,EJ
589,0.0,0.0,0.0,0.0002052177,0.0004879111,0.0021783939,0.0029453591999999,0.019444246,0.0233660390999999,CDRIA-2050-noCR,1500Mt-noCostDecrease,CA,missing,biomass_base_IGCC_CCS,missing,missing,missing,missing,missing,missing,missing,missing,EJ
590,0.00894371,0.01007174,0.002204142,0.0034968671,0.0041332566,0.0047007549,0.0040851965,0.0043003638,0.0024010548,CDRIA-2050-noCR,1500Mt-noCostDecrease,CA,missing,biomass_base_conv,missing,missing,missing,missing,missing,missing,missing,missing,EJ
591,0.0,0.0,0.0,0.0002269197,0.0006363631,0.0046622179,0.0062494937999999,0.0984555000999999,0.1204892769,CDRIA-2050-noCR,1500Mt-noCostDecrease,CA,missing,biomass_base_conv_CCS,missing,missing,missing,missing,missing,missing,missing,missing,EJ
592,0.0,0.0,0.0001129504,0.0001494044,0.000249867,0.0004768853,0.0006487721000000001,0.001419002,0.0015923102999999,CDRIA-2050-noCR,1500Mt-noCostDecrease,CA,missing,biomass_int_IGCC,missing,missing,missing,missing,missing,missing,missing,missing,EJ
593,0.0,0.0,0.0,1.97673e-05,7.828952e-05,0.0002643498,0.0004108538,0.00137132934,0.00164890538,CDRIA-2050-noCR,1500Mt-noCostDecrease,CA,missing,biomass_int_IGCC_CCS,missing,missing,missing,missing,missing,missing,missing,missing,EJ
594,0.00894359,0.01007189,0.0042732657,0.004788458,0.0053879451,0.0062633856,0.0056375046,0.0057659718,0.0049123442,CDRIA-2050-noCR,1500Mt-noCostDecrease,CA,missing,biomass_int_conv,missing,missing,missing,missing,missing,missing,missing,missing,EJ
595,0.0,0.0,0.0,2.912721e-05,0.00012682659,0.00049020349,0.00076040881,0.0028925253299999,0.00349627479,CDRIA-2050-noCR,1500Mt-noCostDecrease,CA,missing,biomass_int_conv_CCS,missing,missing,missing,missing,missing,missing,missing,missing,EJ
596,0.0,0.0,0.0,0.001579002,0.002985996,0.005565287,0.006902105,0.01140228,0.0117391899999999,CDRIA-2050-noCR,1500Mt-noCostDecrease,CA,missing,coal_base_IGCC_CCS,missing,missing,missing,missing,missing,missing,missing,missing,EJ
597,0.006636975,0.006131223,0.0,0.0,0.0,0.0,0.0,0.0,0.0,CDRIA-2050-noCR,1500Mt-noCostDecrease,CA,missing,coal_base_conv pul,missing,missing,missing,missing,missing,missing,missing,missing,EJ
598,0.0,0.0,0.0,0.001829304,0.003334023,0.0059419419999999,0.007248566,0.011194388,0.011175606,CDRIA-2050-noCR,1500Mt-noCostDecrease,CA,missing,coal_base_conv pul_CCS,missing,missing,missing,missing,missing,missing,missing,missing,EJ
599,0.0,0.0,0.0,5.55071e-05,0.0002408461,0.0006675954,0.0010211378,0.0025696644,0.0029939078,CDRIA-2050-noCR,1500Mt-noCostDecrease,CA,missing,coal_int_IGCC_CCS,missing,missing,missing,missing,missing,missing,missing,missing,EJ
600,0.0003493149,0.001532855,0.0,0.0,0.0,0.0,0.0,0.0,0.0,CDRIA-2050-noCR,1500Mt-noCostDecrease,CA,missing,coal_int_conv pul,missing,missing,missing,missing,missing,missing,missing,missing,EJ
601,0.0,0.0,0.0,6.94049e-05,0.00028383140000000004,0.0007481774000000001,0.0011160724,0.0026565787999999,0.0030628413,CDRIA-2050-noCR,1500Mt-noCostDecrease,CA,missing,coal_int_conv pul_CCS,missing,missing,missing,missing,missing,missing,missing,missing,EJ
602,0.034882747,0.067263698,0.1677230479999999,0.185164111,0.1485175479999999,0.0964803479999999,0.0891084809999999,0.0315394509999999,0.01677137929,CDRIA-2050-noCR,1500Mt-noCostDecrease,CA,missing,gas_base_CC,missing,missing,missing,missing,missing,missing,missing,missing,EJ
603,0.0,0.0,0.0,0.008122007,0.012689553,0.021658315,0.0258396119999999,0.040089203,0.037720296,CDRIA-2050-noCR,1500Mt-noCostDecrease,CA,missing,gas_base_CC_CCS,missing,missing,missing,missing,missing,missing,missing,missing,EJ
604,0.1458690779999999,0.209260517,0.141977044,0.134807559,0.1176687189999999,0.10302742,0.094719474,0.081359981,0.0695633872,CDRIA-2050-noCR,1500Mt-noCostDecrease,CA,missing,gas_int_CC,missing,missing,missing,missing,missing,missing,missing,missing,EJ
605,0.0,0.0,0.0,0.0008743704,0.0027328006,0.0067212413999999,0.0099469848999999,0.0233768908,0.0267618034999999,CDRIA-2050-noCR,1500Mt-noCostDecrease,CA,missing,gas_int_CC_CCS,missing,missing,missing,missing,missing,missing,missing,missing,EJ
606,0.0014749482199999,0.0025524951,0.00185133385,0.001673007253,0.0013431526093,0.0010203562625999,0.0008251127610000002,0.0003967529958000001,0.0002441783292999999,CDRIA-2050-noCR,1500Mt-noCostDecrease,CA,missing,gas_peak_CC,missing,missing,missing,missing,missing,missing,missing,missing,EJ
607,0.0,0.0,0.0,1.274333e-07,3.5376913e-07,7.7535646e-07,1.05414931e-06,1.90816514e-06,2.4102099900000003e-06,CDRIA-2050-noCR,1500Mt-noCostDecrease,CA,missing,gas_peak_CC_CCS,missing,missing,missing,missing,missing,missing,missing,missing,EJ
608,0.0010927359,0.0008978634,0.000631855383,0.000529489556,0.0002752949808,0.000160015934,0.00014151995720000003,3.699883112e-05,2.077285621e-05,CDRIA-2050-noCR,1500Mt-noCostDecrease,CA,missing,gas_peak_steam/CT,missing,missing,missing,missing,missing,missing,missing,missing,EJ
609,0.0094784255,0.0162532674999999,0.00604194956,0.0055570463999999,0.0045686876599999,0.0036941741699999,0.00309474972,0.00217865737,0.00150421414,CDRIA-2050-noCR,1500Mt-noCostDecrease,CA,missing,gas_subpeak_CC,missing,missing,missing,missing,missing,missing,missing,missing,EJ
610,0.0,0.0,0.0,9.669967e-06,1.8186752e-05,3.635022e-05,4.9883097e-05,0.000149085398,0.00015757999800000003,CDRIA-2050-noCR,1500Mt-noCostDecrease,CA,missing,gas_subpeak_CC_CCS,missing,missing,missing,missing,missing,missing,missing,missing,EJ
611,0.0070218139999999,0.0057169849999999,0.00274118316,0.00231938202,0.00114718042,0.0007561268200000001,0.0006955250799999999,0.00043758145,0.00017033769400000002,CDRIA-2050-noCR,1500Mt-noCostDecrease,CA,missing,gas_subpeak_steam/CT,missing,missing,missing,missing,missing,missing,missing,missing,EJ
612,0.0542365,0.0535361,0.05895442,0.0694712,0.0768220499999999,0.09142468,0.09882802,0.08220694,0.08057628,CDRIA-2050-noCR,1500Mt-noCostDecrease,CA,missing,geo_base,missing,missing,missing,missing,missing,missing,missing,missing,EJ
613,0.0807207,0.145691,0.0592345,0.0591436,0.0590792,0.0590878,0.0589555,0.0584611,0.0585261,CDRIA-2050-noCR,1500Mt-noCostDecrease,CA,missing,hydro_base,missing,missing,missing,missing,missing,missing,missing,missing,EJ
614,0.124763,0.134935,0.0693813,0.0,0.0,0.0,0.0,0.0,0.0,CDRIA-2050-noCR,1500Mt-noCostDecrease,CA,missing,nuc_base_Gen II,missing,missing,missing,missing,missing,missing,missing,missing,EJ
615,0.0,0.0,0.0,0.0,0.00851655,0.02470524,0.03245903,0.06300103,0.06891968,CDRIA-2050-noCR,1500Mt-noCostDecrease,CA,missing,nuc_base_Gen III,missing,missing,missing,missing,missing,missing,missing,missing,EJ
616,0.0018018,0.00087566,1.3786e-05,2.18149e-05,1.34757e-05,7.1758e-06,5.71024e-06,8.15703e-07,3.95927e-07,CDRIA-2050-noCR,1500Mt-noCostDecrease,CA,missing,refined liquids_base_steam/CT,missing,missing,missing,missing,missing,missing,missing,missing,EJ
617,0.0144141,0.00700519,0.0,0.0,0.0,0.0,0.0,0.0,0.0,CDRIA-2050-noCR,1500Mt-noCostDecrease,CA,missing,refined liquids_int_steam/CT,missing,missing,missing,missing,missing,missing,missing,missing,EJ
618,0.00180178,0.000875668,0.0,0.0,0.0,0.0,0.0,0.0,0.0,CDRIA-2050-noCR,1500Mt-noCostDecrease,CA,missing,refined liquids_subpeak_steam/CT,missing,missing,missing,missing,missing,missing,missing,missing,EJ
619,0.0,0.0,0.00173563,0.0137122,0.0389891,0.0871903,0.116179,0.105364,0.0933175,CDRIA-2050-noCR,1500Mt-noCostDecrease,CA,missing,rooftop_pv,missing,missing,missing,missing,missing,missing,missing,missing,EJ
620,0.0109206,0.015404,0.0550286,0.0883131,0.1124762,0.1523477,0.1712775,0.2004474,0.2046019,CDRIA-2050-noCR,1500Mt-noCostDecrease,CA,missing,wind_base,missing,missing,missing,missing,missing,missing,missing,missing,EJ
621,0.0,0.0,0.0,0.00274992,0.0077317399999999,0.01808624,0.02390735,0.04847835,0.05115664,CDRIA-2050-noCR,1500Mt-noCostDecrease,CA,missing,wind_base_offshore,missing,missing,missing,missing,missing,missing,missing,missing,EJ
622,0.0,0.0,0.00031225,0.001277758,0.001965369,0.003188599,0.003754422,0.005909892,0.00600763,CDRIA-2050-noCR,1500Mt-noCostDecrease,CA,missing,wind_base_storage,missing,missing,missing,missing,missing,missing,missing,missing,EJ
623,0.0,0.0,0.000279797,0.0003293442,0.0007949832,0.0012496132,0.0014211162,0.0018614381999999,0.0023133462,CDRIA-2050-noCR,1500Mt-noCostDecrease,CO,missing,CSP_base_storage,missing,missing,missing,missing,missing,missing,missing,missing,EJ
624,0.0,0.0,0.000862458,0.0014345159999999,0.004781796,0.008335756,0.011091916,0.017829876,0.032233358,CDRIA-2050-noCR,1500Mt-noCostDecrease,CO,missing,CSP_int,missing,missing,missing,missing,missing,missing,missing,missing,EJ
625,0.0,0.0,3.74534e-05,5.9184e-05,0.0001393676,0.0001868278,0.0002461958,0.000353653,0.0006419576,CDRIA-2050-noCR,1500Mt-noCostDecrease,CO,missing,CSP_peak,missing,missing,missing,missing,missing,missing,missing,missing,EJ
626,0.0001881032,0.000169099,0.0010768948,0.0011378856,0.0014330896,0.0015336074,0.0018086793999999,0.0029450273999999,0.0045332686,CDRIA-2050-noCR,1500Mt-noCostDecrease,CO,missing,CSP_subpeak,missing,missing,missing,missing,missing,missing,missing,missing,EJ
627,0.0,0.0,5.21748e-05,6.22042e-05,0.00015992680000000002,0.000257649,0.0002951092,0.0003923109,0.0005028020999999999,CDRIA-2050-noCR,1500Mt-noCostDecrease,CO,missing,PV_base_storage,missing,missing,missing,missing,missing,missing,missing,missing,EJ
628,0.0,0.0,0.00598815,0.00996929,0.02810609,0.03944539,0.0470323599999999,0.0631677599999999,0.09391741,CDRIA-2050-noCR,1500Mt-noCostDecrease,CO,missing,PV_int,missing,missing,missing,missing,missing,missing,missing,missing,EJ
629,0.0,0.0,0.000260044,0.000411274,0.000845739,0.000997166,0.00116059,0.001417919,0.001941818,CDRIA-2050-noCR,1500Mt-noCostDecrease,CO,missing,PV_peak,missing,missing,missing,missing,missing,missing,missing,missing,EJ
630,0.0,0.0,0.001620572,0.002045027,0.003644547,0.003965261,0.00472246,0.00872634,0.012224908,CDRIA-2050-noCR,1500Mt-noCostDecrease,CO,missing,PV_subpeak,missing,missing,missing,missing,missing,missing,missing,missing,EJ
631,0.0,0.0,0.00015723,3.3280193e-05,0.000331204507,0.000358683258,0.00015921599299999998,0.00037807436,0.0006222954,CDRIA-2050-noCR,1500Mt-noCostDecrease,CO,missing,biogas_base_CC,missing,missing,missing,missing,missing,missing,missing,missing,EJ
632,0.0,0.0,0.0,1.74204e-05,0.000234765217,0.00034076586900000003,0.00015760733899999998,0.000520546294,0.000901487174,CDRIA-2050-noCR,1500Mt-noCostDecrease,CO,missing,biogas_base_CC_CCS,missing,missing,missing,missing,missing,missing,missing,missing,EJ
633,0.0,0.0,0.000168571,8.479884e-05,0.0003984772,0.0005452088,0.0005329066,0.001240808,0.0022671226,CDRIA-2050-noCR,1500Mt-noCostDecrease,CO,missing,biogas_int_CC,missing,missing,missing,missing,missing,missing,missing,missing,EJ
634,0.0,0.0,0.0,3.00056e-05,0.00018513336,0.00031599669,0.0003341616,0.0010552863,0.0021601586,CDRIA-2050-noCR,1500Mt-noCostDecrease,CO,missing,biogas_int_CC_CCS,missing,missing,missing,missing,missing,missing,missing,missing,EJ
635,0.0,0.0,1.82169e-07,1.0999414e-07,3.4902679e-07,2.6035605e-07,3.3903927e-07,6.475776699999999e-07,1.58340313e-06,CDRIA-2050-noCR,1500Mt-noCostDecrease,CO,missing,biogas_peak_CC,missing,missing,missing,missing,missing,missing,missing,missing,EJ
636,0.0,0.0,0.0,1.60081e-08,5.39007e-08,4.317328e-08,5.804227e-08,1.3590865e-07,3.2786906e-07,CDRIA-2050-noCR,1500Mt-noCostDecrease,CO,missing,biogas_peak_CC_CCS,missing,missing,missing,missing,missing,missing,missing,missing,EJ
637,0.0,0.0,1.706117e-07,9.666450000000001e-08,3.003174e-07,2.00845165e-07,2.5223991e-07,4.870856319999999e-07,1.2695227580000005e-06,CDRIA-2050-noCR,1500Mt-noCostDecrease,CO,missing,biogas_peak_steam/CT,missing,missing,missing,missing,missing,missing,missing,missing,EJ
638,0.0,0.0,5.36433e-07,8.923138999999999e-07,5.5650612e-06,2.6260342e-06,6.6545485e-06,5.02852801e-05,3.84017306e-05,CDRIA-2050-noCR,1500Mt-noCostDecrease,CO,missing,biogas_subpeak_CC,missing,missing,missing,missing,missing,missing,missing,missing,EJ
639,0.0,0.0,0.0,1.83016e-07,1.26766499e-06,7.034631e-07,1.7602317e-06,1.5083905300000002e-05,1.52345889e-05,CDRIA-2050-noCR,1500Mt-noCostDecrease,CO,missing,biogas_subpeak_CC_CCS,missing,missing,missing,missing,missing,missing,missing,missing,EJ
640,0.0,0.0,3.656349e-07,5.85690929e-07,3.597292943e-06,1.4052435409999998e-06,3.824482141000002e-06,3.1219267794e-05,2.1379284167e-05,CDRIA-2050-noCR,1500Mt-noCostDecrease,CO,missing,biogas_subpeak_steam/CT,missing,missing,missing,missing,missing,missing,missing,missing,EJ
641,0.0,0.0,2.76397e-05,2.05284e-05,6.604341e-05,0.00013265732,0.00014888864,0.00027347265,0.000439347074,CDRIA-2050-noCR,1500Mt-noCostDecrease,CO,missing,biomass_base_IGCC,missing,missing,missing,missing,missing,missing,missing,missing,EJ
642,0.0,0.0,0.0,2.443e-06,4.890384e-05,0.0002306766,0.000309434,0.00162954162,0.00479125203,CDRIA-2050-noCR,1500Mt-noCostDecrease,CO,missing,biomass_base_IGCC_CCS,missing,missing,missing,missing,missing,missing,missing,missing,EJ
643,1.750033e-05,6.85992e-05,7.148069e-05,4.588518e-05,0.00011878193,0.00021676363,0.00020873093,0.00034164344,0.000513858477,CDRIA-2050-noCR,1500Mt-noCostDecrease,CO,missing,biomass_base_conv,missing,missing,missing,missing,missing,missing,missing,missing,EJ
644,0.0,0.0,0.0,2.80656e-06,7.241851e-05,0.00051646644,0.0006852668600000001,0.00840161276,0.0277984122099999,CDRIA-2050-noCR,1500Mt-noCostDecrease,CO,missing,biomass_base_conv_CCS,missing,missing,missing,missing,missing,missing,missing,missing,EJ
645,0.0,0.0,9.84707e-06,1.1979389999999998e-05,2.367829e-05,4.101743e-05,5.61601e-05,0.00010430829,0.00021198403,CDRIA-2050-noCR,1500Mt-noCostDecrease,CO,missing,biomass_int_IGCC,missing,missing,missing,missing,missing,missing,missing,missing,EJ
646,0.0,0.0,0.0,1.279945e-06,8.383846e-06,2.2527934e-05,3.5557965000000005e-05,9.5806626e-05,0.0002450393,CDRIA-2050-noCR,1500Mt-noCostDecrease,CO,missing,biomass_int_IGCC_CCS,missing,missing,missing,missing,missing,missing,missing,missing,EJ
647,1.75003e-05,6.85992e-05,7.95868e-05,9.622144e-05,0.00011303589,0.00016609636,0.00018413227,0.00026824923000000003,0.00045049081,CDRIA-2050-noCR,1500Mt-noCostDecrease,CO,missing,biomass_int_conv,missing,missing,missing,missing,missing,missing,missing,missing,EJ
648,0.0,0.0,0.0,1.95177e-06,1.420726e-05,4.272326e-05,6.761807e-05,0.00020643927,0.0005457328199999999,CDRIA-2050-noCR,1500Mt-noCostDecrease,CO,missing,biomass_int_conv_CCS,missing,missing,missing,missing,missing,missing,missing,missing,EJ
649,0.0,0.0,0.0,0.0001631472,0.0011439483,0.0020818532,0.0024813591,0.003429979,0.0050801322,CDRIA-2050-noCR,1500Mt-noCostDecrease,CO,missing,coal_base_IGCC_CCS,missing,missing,missing,missing,missing,missing,missing,missing,EJ
650,0.056402925,0.078792503,0.0,0.0,0.0,0.0,0.0,0.0,0.0,CDRIA-2050-noCR,1500Mt-noCostDecrease,CO,missing,coal_base_conv pul,missing,missing,missing,missing,missing,missing,missing,missing,EJ
651,0.0,0.0,3.1442251e-05,0.0,0.0,0.0,0.0,0.0,0.0,CDRIA-2050-noCR,1500Mt-noCostDecrease,CO,missing,coal_base_conv pul 1956-1960,missing,missing,missing,missing,missing,missing,missing,missing,EJ
652,0.0,0.0,0.0030029994,0.0029825960999999,0.0018491433,0.00033127904,0.00025727922,0.0,0.0,CDRIA-2050-noCR,1500Mt-noCostDecrease,CO,missing,coal_base_conv pul 1961-1965,missing,missing,missing,missing,missing,missing,missing,missing,EJ
653,0.0,0.0,0.0009661131,0.0009631733,0.00060706712,0.00011624746,0.00011061571,4.4852604e-06,0.0,CDRIA-2050-noCR,1500Mt-noCostDecrease,CO,missing,coal_base_conv pul 1966-1970,missing,missing,missing,missing,missing,missing,missing,missing,EJ
654,0.0,0.0,0.012700665,0.008497902,0.0,0.0,0.0,0.0,0.0,CDRIA-2050-noCR,1500Mt-noCostDecrease,CO,missing,coal_base_conv pul 1971-1975,missing,missing,missing,missing,missing,missing,missing,missing,EJ
655,0.0,0.0,0.023458407,0.023386984,0.0147403579999999,0.0028226284,0.002685886,0.00010890756,0.0,CDRIA-2050-noCR,1500Mt-noCostDecrease,CO,missing,coal_base_conv pul 1976-1980,missing,missing,missing,missing,missing,missing,missing,missing,EJ
656,0.0,0.0,0.020309765,0.020299472,0.01293986,0.002602557,0.0030052341,0.00021551662,5.3886748e-05,CDRIA-2050-noCR,1500Mt-noCostDecrease,CO,missing,coal_base_conv pul 1981-1985,missing,missing,missing,missing,missing,missing,missing,missing,EJ
657,0.0,0.0,7.2738477e-05,0.0,0.0,0.0,0.0,0.0,0.0,CDRIA-2050-noCR,1500Mt-noCostDecrease,CO,missing,coal_base_conv pul 1991-1995,missing,missing,missing,missing,missing,missing,missing,missing,EJ
658,0.0,0.0,0.015710755,0.015703638,0.010012577,0.0020159378,0.0023388471,0.00017126379,4.6784038e-05,CDRIA-2050-noCR,1500Mt-noCostDecrease,CO,missing,coal_base_conv pul 2006-2010,missing,missing,missing,missing,missing,missing,missing,missing,EJ
659,0.0,0.0,2.8759862e-05,1.7580562e-05,0.0,0.0,0.0,0.0,0.0,CDRIA-2050-noCR,1500Mt-noCostDecrease,CO,missing,coal_base_conv pul before 1950,missing,missing,missing,missing,missing,missing,missing,missing,EJ
660,0.0,0.0,0.0,0.0002032364,0.0013229961,0.0023264556999999,0.002739853,0.0036612762,0.0052049103999999,CDRIA-2050-noCR,1500Mt-noCostDecrease,CO,missing,coal_base_conv pul_CCS,missing,missing,missing,missing,missing,missing,missing,missing,EJ
661,0.01104317,0.015426826,0.0,0.0,0.0,0.0,0.0,0.0,0.0,CDRIA-2050-noCR,1500Mt-noCostDecrease,CO,missing,coal_base_conv pul_retire_2020,missing,missing,missing,missing,missing,missing,missing,missing,EJ
662,0.0,0.0,0.0,8.02392e-05,0.0001972012,0.0003348385,0.0004476037,0.0007467992,0.0013719818,CDRIA-2050-noCR,1500Mt-noCostDecrease,CO,missing,coal_int_IGCC_CCS,missing,missing,missing,missing,missing,missing,missing,missing,EJ
663,0.039105386,0.037914944,0.0,0.0,0.0,0.0,0.0,0.0,0.0,CDRIA-2050-noCR,1500Mt-noCostDecrease,CO,missing,coal_int_conv pul,missing,missing,missing,missing,missing,missing,missing,missing,EJ
664,0.0,0.0,9.756687000000002e-06,0.0,0.0,0.0,0.0,0.0,0.0,CDRIA-2050-noCR,1500Mt-noCostDecrease,CO,missing,coal_int_conv pul 1956-1960,missing,missing,missing,missing,missing,missing,missing,missing,EJ
665,0.0,0.0,0.0009318441,0.0009258895,0.00080942095,0.00040548104,0.00031683555,0.0,0.0,CDRIA-2050-noCR,1500Mt-noCostDecrease,CO,missing,coal_int_conv pul 1961-1965,missing,missing,missing,missing,missing,missing,missing,missing,EJ
666,0.0,0.0,0.00029978963999999995,0.00029899784,0.00026573011000000004,0.00014228594,0.00013622179,2.2207702e-05,0.0,CDRIA-2050-noCR,1500Mt-noCostDecrease,CO,missing,coal_int_conv pul 1966-1970,missing,missing,missing,missing,missing,missing,missing,missing,EJ
667,0.0,0.0,0.0039410658,0.0026380066,0.0,0.0,0.0,0.0,0.0,CDRIA-2050-noCR,1500Mt-noCostDecrease,CO,missing,coal_int_conv pul 1971-1975,missing,missing,missing,missing,missing,missing,missing,missing,EJ
668,0.0,0.0,0.007279252,0.0072600363,0.0064522409,0.0034548677,0.0033076245999999,0.00053922946,0.0,CDRIA-2050-noCR,1500Mt-noCostDecrease,CO,missing,coal_int_conv pul 1976-1980,missing,missing,missing,missing,missing,missing,missing,missing,EJ
669,0.0,0.0,0.0063022197,0.0063015753999999,0.0056641129,0.0031854968,0.0037009017,0.0010670809999999,0.00065598728,CDRIA-2050-noCR,1500Mt-noCostDecrease,CO,missing,coal_int_conv pul 1981-1985,missing,missing,missing,missing,missing,missing,missing,missing,EJ
670,0.0,0.0,2.2571133e-05,0.0,0.0,0.0,0.0,0.0,0.0,CDRIA-2050-noCR,1500Mt-noCostDecrease,CO,missing,coal_int_conv pul 1991-1995,missing,missing,missing,missing,missing,missing,missing,missing,EJ
671,0.0,0.0,0.0048751279,0.0048748867999999,0.0043827785,0.0024674821999999,0.0028802568,0.0008479719199999999,0.0005695229,CDRIA-2050-noCR,1500Mt-noCostDecrease,CO,missing,coal_int_conv pul 2006-2010,missing,missing,missing,missing,missing,missing,missing,missing,EJ
672,0.0,0.0,8.924326e-06,5.457534199999999e-06,0.0,0.0,0.0,0.0,0.0,CDRIA-2050-noCR,1500Mt-noCostDecrease,CO,missing,coal_int_conv pul before 1950,missing,missing,missing,missing,missing,missing,missing,missing,EJ
673,0.0,0.0,0.0,0.0001035478,0.0002424896,0.0003956604,0.0005155445,0.0008190007000000002,0.0014345667999999,CDRIA-2050-noCR,1500Mt-noCostDecrease,CO,missing,coal_int_conv pul_CCS,missing,missing,missing,missing,missing,missing,missing,missing,EJ
674,0.0076564659,0.0074233824,0.0,0.0,0.0,0.0,0.0,0.0,0.0,CDRIA-2050-noCR,1500Mt-noCostDecrease,CO,missing,coal_int_conv pul_retire_2020,missing,missing,missing,missing,missing,missing,missing,missing,EJ
675,0.00051724529,0.0,0.0,0.0,0.0,0.0,0.0,0.0,0.0,CDRIA-2050-noCR,1500Mt-noCostDecrease,CO,missing,coal_peak_conv pul,missing,missing,missing,missing,missing,missing,missing,missing,EJ
676,0.00010127171,0.0,0.0,0.0,0.0,0.0,0.0,0.0,0.0,CDRIA-2050-noCR,1500Mt-noCostDecrease,CO,missing,coal_peak_conv pul_retire_2020,missing,missing,missing,missing,missing,missing,missing,missing,EJ
677,0.0034376162999999,0.0,0.0,0.0,0.0,0.0,0.0,0.0,0.0,CDRIA-2050-noCR,1500Mt-noCostDecrease,CO,missing,coal_subpeak_conv pul,missing,missing,missing,missing,missing,missing,missing,missing,EJ
678,0.00067305296,0.0,0.0,0.0,0.0,0.0,0.0,0.0,0.0,CDRIA-2050-noCR,1500Mt-noCostDecrease,CO,missing,coal_subpeak_conv pul_retire_2020,missing,missing,missing,missing,missing,missing,missing,missing,EJ
679,0.000622411,0.0061418199999999,0.00716847,0.008157652,0.013224279,0.0138205189999999,0.014598833,0.0084604609999999,0.0058245824,CDRIA-2050-noCR,1500Mt-noCostDecrease,CO,missing,gas_base_CC,missing,missing,missing,missing,missing,missing,missing,missing,EJ
680,0.0,0.0,0.0,0.000377287,0.003939919,0.0072205099999999,0.0085147549999999,0.01170158,0.015892767,CDRIA-2050-noCR,1500Mt-noCostDecrease,CO,missing,gas_base_CC_CCS,missing,missing,missing,missing,missing,missing,missing,missing,EJ
681,0.002622847,0.02588026,0.04668925,0.0458956389999999,0.044232429,0.040965166,0.039294722,0.03576672,0.037891761,CDRIA-2050-noCR,1500Mt-noCostDecrease,CO,missing,gas_int_CC,missing,missing,missing,missing,missing,missing,missing,missing,EJ
682,0.0,0.0,0.0,0.0004176516,0.0017176931999999,0.003120791,0.0042516819999999,0.0070777142999999,0.0126953006,CDRIA-2050-noCR,1500Mt-noCostDecrease,CO,missing,gas_int_CC_CCS,missing,missing,missing,missing,missing,missing,missing,missing,EJ
683,6.74018e-05,0.0008567830000000001,0.000595033231,0.0005408845684,0.000440306132,0.0003399986273,0.0002757843457,0.00016484924079999998,9.90848391e-05,CDRIA-2050-noCR,1500Mt-noCostDecrease,CO,missing,gas_peak_CC,missing,missing,missing,missing,missing,missing,missing,missing,EJ
684,0.0,0.0,0.0,4.7474390000000004e-08,1.4632164999999998e-07,2.1156811e-07,2.9600620000000005e-07,4.6307664e-07,9.1512588e-07,CDRIA-2050-noCR,1500Mt-noCostDecrease,CO,missing,gas_peak_CC_CCS,missing,missing,missing,missing,missing,missing,missing,missing,EJ
685,4.99014e-05,0.000301394,0.00028022236,0.000241602225,0.000114848402,6.5861868e-05,6.1627479e-05,2.11208263e-05,1.1471365700000002e-05,CDRIA-2050-noCR,1500Mt-noCostDecrease,CO,missing,gas_peak_steam/CT,missing,missing,missing,missing,missing,missing,missing,missing,EJ
686,0.0004442077,0.00564417,0.00116889351,0.00108014303,0.00092746293,0.0007491963499999998,0.00063571524,0.00057022559,0.0004879259100000001,CDRIA-2050-noCR,1500Mt-noCostDecrease,CO,missing,gas_subpeak_CC,missing,missing,missing,missing,missing,missing,missing,missing,EJ
687,0.0,0.0,0.0,1.495367e-06,4.83445e-06,6.069224000000001e-06,9.600057e-06,3.9088931e-05,5.913740200000001e-05,CDRIA-2050-noCR,1500Mt-noCostDecrease,CO,missing,gas_subpeak_CC_CCS,missing,missing,missing,missing,missing,missing,missing,missing,EJ
688,0.000329005,0.00198529,0.0005729023,0.0005181763,0.0002987464,0.00018856962,0.00018901292,0.00015667337,0.00011034473,CDRIA-2050-noCR,1500Mt-noCostDecrease,CO,missing,gas_subpeak_steam/CT,missing,missing,missing,missing,missing,missing,missing,missing,EJ
689,0.0,0.0,0.00028080900000000003,0.00033960439999999994,0.0009600818,0.0018041529,0.0022158536,0.0035034579,0.0056592992,CDRIA-2050-noCR,1500Mt-noCostDecrease,CO,missing,geo_base,missing,missing,missing,missing,missing,missing,missing,missing,EJ
690,0.0048185,0.0052037,0.006924,0.0069134,0.0069058,0.0069068,0.0068914,0.0068336,0.0068412,CDRIA-2050-noCR,1500Mt-noCostDecrease,CO,missing,hydro_base,missing,missing,missing,missing,missing,missing,missing,missing,EJ
691,0.0,0.0,7.89361e-07,8.92682e-07,4.651572e-07,3.579011e-07,2.814044e-07,6.082284e-08,1.339965e-08,CDRIA-2050-noCR,1500Mt-noCostDecrease,CO,missing,refined liquids_base_steam/CT,missing,missing,missing,missing,missing,missing,missing,missing,EJ
692,0.0,0.0,1.139065e-05,1.314983e-05,6.737023e-06,6.443877e-06,5.552664e-06,3.111742e-06,1.729035e-06,CDRIA-2050-noCR,1500Mt-noCostDecrease,CO,missing,refined liquids_int_steam/CT,missing,missing,missing,missing,missing,missing,missing,missing,EJ
693,0.0,0.0,0.0,0.0,0.0,0.0,0.0,0.0,0.0,CDRIA-2050-noCR,1500Mt-noCostDecrease,CO,missing,refined liquids_peak_steam/CT,missing,missing,missing,missing,missing,missing,missing,missing,EJ
694,0.0001017016,9.33996e-05,0.0,0.0,0.0,0.0,0.0,0.0,0.0,CDRIA-2050-noCR,1500Mt-noCostDecrease,CO,missing,refined liquids_subpeak_steam/CT,missing,missing,missing,missing,missing,missing,missing,missing,EJ
695,0.0,0.0,0.000775471,0.00468501,0.00688357,0.0126699,0.0162692,0.0169676,0.0127328,CDRIA-2050-noCR,1500Mt-noCostDecrease,CO,missing,rooftop_pv,missing,missing,missing,missing,missing,missing,missing,missing,EJ
696,0.0,0.00168338,0.0366715,0.04029662,0.06961022,0.09127412,0.10007,0.0959425,0.1175332999999999,CDRIA-2050-noCR,1500Mt-noCostDecrease,CO,missing,wind_base,missing,missing,missing,missing,missing,missing,missing,missing,EJ
697,0.0,0.0,0.000195746,0.0002591755,0.0008367335,0.0014012245,0.0016198905,0.0021904215,0.0029292445,CDRIA-2050-noCR,1500Mt-noCostDecrease,CO,missing,wind_base_storage,missing,missing,missing,missing,missing,missing,missing,missing,EJ
698,0.0,0.000701392,0.0,0.0,0.0,0.0,0.0,0.0,0.0,CDRIA-2050-noCR,1500Mt-noCostDecrease,CO,missing,wind_int,missing,missing,missing,missing,missing,missing,missing,missing,EJ
699,0.0,0.000420798,0.0,0.0,0.0,0.0,0.0,0.0,0.0,CDRIA-2050-noCR,1500Mt-noCostDecrease,CO,missing,wind_subpeak,missing,missing,missing,missing,missing,missing,missing,missing,EJ
700,0.0,0.0,3.49004e-05,4.95723e-05,8.33389e-05,0.00014758970000000002,0.00017996500000000003,0.000247037,0.000270982,CDRIA-2050-noCR,1500Mt-noCostDecrease,CT,missing,PV_base_storage,missing,missing,missing,missing,missing,missing,missing,missing,EJ
701,0.0,0.0,0.00134496,0.00332601,0.00786738,0.0119355,0.01476263,0.019078,0.01979945,CDRIA-2050-noCR,1500Mt-noCostDecrease,CT,missing,PV_int,missing,missing,missing,missing,missing,missing,missing,missing,EJ
702,0.0,0.0,8.71295e-05,0.0001725284,0.0003377314,0.0004578384,0.0005246071,0.0006741100999999999,0.0007062215999999999,CDRIA-2050-noCR,1500Mt-noCostDecrease,CT,missing,PV_peak,missing,missing,missing,missing,missing,missing,missing,missing,EJ
703,0.0,0.0,0.0004138772,0.0009017252,0.0018675162,0.0026050722,0.0030429062,0.004556397,0.0047699019999999,CDRIA-2050-noCR,1500Mt-noCostDecrease,CT,missing,PV_subpeak,missing,missing,missing,missing,missing,missing,missing,missing,EJ
704,0.0,0.0,0.000166501,7.567436e-05,0.00018057042,0.0003636537800000001,0.00021516399,0.00040287685,0.00036626512,CDRIA-2050-noCR,1500Mt-noCostDecrease,CT,missing,biogas_base_CC,missing,missing,missing,missing,missing,missing,missing,missing,EJ
705,0.0,0.0,0.0,3.86461e-05,0.000120142368,0.00031769413,0.00019145758,0.00049210211,0.00049339397,CDRIA-2050-noCR,1500Mt-noCostDecrease,CT,missing,biogas_base_CC_CCS,missing,missing,missing,missing,missing,missing,missing,missing,EJ
706,0.0,0.0,6.50847e-05,6.485162000000001e-05,0.00016396751,0.0003035129,0.0003911254,0.0007331805999999999,0.0007568517,CDRIA-2050-noCR,1500Mt-noCostDecrease,CT,missing,biogas_int_CC,missing,missing,missing,missing,missing,missing,missing,missing,EJ
707,0.0,0.0,0.0,2.28635e-05,7.264588e-05,0.00016238444,0.00021887885,0.0005243114999999999,0.0006180973000000001,CDRIA-2050-noCR,1500Mt-noCostDecrease,CT,missing,biogas_int_CC_CCS,missing,missing,missing,missing,missing,missing,missing,missing,EJ
708,0.0,0.0,1.17589e-07,1.0744313e-07,2.3537077e-07,3.28019e-07,3.294409e-07,7.963733e-07,8.826654e-07,CDRIA-2050-noCR,1500Mt-noCostDecrease,CT,missing,biogas_peak_CC,missing,missing,missing,missing,missing,missing,missing,missing,EJ
709,0.0,0.0,0.0,1.57861e-08,3.657088e-08,5.389676e-08,5.606907e-08,1.6385825e-07,2.1250762e-07,CDRIA-2050-noCR,1500Mt-noCostDecrease,CT,missing,biogas_peak_CC_CCS,missing,missing,missing,missing,missing,missing,missing,missing,EJ
710,0.0,0.0,1.0711850000000001e-07,9.1369147e-08,1.93981548e-07,2.40502449e-07,1.8343025500000005e-07,4.993247559999999e-07,4.4592289800000004e-07,CDRIA-2050-noCR,1500Mt-noCostDecrease,CT,missing,biogas_peak_steam/CT,missing,missing,missing,missing,missing,missing,missing,missing,EJ
711,0.0,0.0,1.96023e-06,2.575029e-06,5.7755334e-06,8.680033e-06,9.781099e-06,3.2783316e-05,2.6758584e-05,CDRIA-2050-noCR,1500Mt-noCostDecrease,CT,missing,biogas_subpeak_CC,missing,missing,missing,missing,missing,missing,missing,missing,EJ
712,0.0,0.0,0.0,5.26631e-07,1.3137139e-06,2.1862644e-06,2.554584e-06,1.0200769e-05,1.0649299e-05,CDRIA-2050-noCR,1500Mt-noCostDecrease,CT,missing,biogas_subpeak_CC_CCS,missing,missing,missing,missing,missing,missing,missing,missing,EJ
713,0.0,0.0,1.297251e-06,1.6078756899999998e-06,3.52460806e-06,4.62509497e-06,3.855492829999999e-06,1.64425258e-05,7.4703968500000016e-06,CDRIA-2050-noCR,1500Mt-noCostDecrease,CT,missing,biogas_subpeak_steam/CT,missing,missing,missing,missing,missing,missing,missing,missing,EJ
714,0.0,0.0,7.76555e-05,8.729127000000001e-05,0.00013056195,0.00023763924,0.00029185614,0.00045973709,0.0006069705899999999,CDRIA-2050-noCR,1500Mt-noCostDecrease,CT,missing,biomass_base_IGCC,missing,missing,missing,missing,missing,missing,missing,missing,EJ
715,0.0,0.0,0.0,9.95477e-06,4.643332e-05,0.00026222627,0.00037808287,0.0014860837,0.0027093145299999,CDRIA-2050-noCR,1500Mt-noCostDecrease,CT,missing,biomass_base_IGCC_CCS,missing,missing,missing,missing,missing,missing,missing,missing,EJ
716,0.00198324,0.00187681,0.0006040570000000001,0.0006808663,0.0008219705000000001,0.0009687425,0.0008905274,0.0007842691,0.0008107282000000002,CDRIA-2050-noCR,1500Mt-noCostDecrease,CT,missing,biomass_base_conv,missing,missing,missing,missing,missing,missing,missing,missing,EJ
717,0.0,0.0,0.0,1.075e-05,6.05474e-05,0.0005013933,0.0007110563,0.0047679446,0.0091073981,CDRIA-2050-noCR,1500Mt-noCostDecrease,CT,missing,biomass_base_conv_CCS,missing,missing,missing,missing,missing,missing,missing,missing,EJ
718,0.0,0.0,2.659615e-05,3.803827e-05,5.762150999999999e-05,8.759476999999999e-05,0.00011484014,0.00016802482,0.00019530028,CDRIA-2050-noCR,1500Mt-noCostDecrease,CT,missing,biomass_int_IGCC,missing,missing,missing,missing,missing,missing,missing,missing,EJ
719,0.0,0.0,0.0,4.84727e-06,1.572248e-05,3.828545e-05,5.896757e-05,0.000117818,0.00015052563,CDRIA-2050-noCR,1500Mt-noCostDecrease,CT,missing,biomass_int_IGCC_CCS,missing,missing,missing,missing,missing,missing,missing,missing,EJ
720,0.00198324,0.00187681,0.0012710991,0.0012752447999999,0.0012289474,0.0012921585,0.00119682,0.0011219687,0.000976079,CDRIA-2050-noCR,1500Mt-noCostDecrease,CT,missing,biomass_int_conv,missing,missing,missing,missing,missing,missing,missing,missing,EJ
721,0.0,0.0,0.0,7.08008e-06,2.492114e-05,6.763318e-05,0.00010465748,0.00022890604,0.00029632446,CDRIA-2050-noCR,1500Mt-noCostDecrease,CT,missing,biomass_int_conv_CCS,missing,missing,missing,missing,missing,missing,missing,missing,EJ
722,0.0,0.0,0.0,0.0001602954,0.0004986568,0.001116859,0.0014394954,0.0019623742,0.0024460028,CDRIA-2050-noCR,1500Mt-noCostDecrease,CT,missing,coal_base_IGCC_CCS,missing,missing,missing,missing,missing,missing,missing,missing,EJ
723,0.0062297599999999,0.00682512,0.0,0.0,0.0,0.0,0.0,0.0,0.0,CDRIA-2050-noCR,1500Mt-noCostDecrease,CT,missing,coal_base_conv pul,missing,missing,missing,missing,missing,missing,missing,missing,EJ
724,0.0,0.0,0.00057346,0.0,0.0,0.0,0.0,0.0,0.0,CDRIA-2050-noCR,1500Mt-noCostDecrease,CT,missing,coal_base_conv pul 1966-1970,missing,missing,missing,missing,missing,missing,missing,missing,EJ
725,0.0,0.0,0.0,0.0001761448,0.0005203004,0.001116333,0.0014099403999999,0.0018070092,0.0021822835,CDRIA-2050-noCR,1500Mt-noCostDecrease,CT,missing,coal_base_conv pul_CCS,missing,missing,missing,missing,missing,missing,missing,missing,EJ
726,0.00509708,0.00558418,0.0,0.0,0.0,0.0,0.0,0.0,0.0,CDRIA-2050-noCR,1500Mt-noCostDecrease,CT,missing,coal_base_conv pul_retire_2020,missing,missing,missing,missing,missing,missing,missing,missing,EJ
727,0.0,0.0,0.0,1.7309259999999998e-05,5.953843e-05,0.0001228624,0.00018276488000000003,0.00029763768,0.00035791333,CDRIA-2050-noCR,1500Mt-noCostDecrease,CT,missing,coal_int_IGCC_CCS,missing,missing,missing,missing,missing,missing,missing,missing,EJ
728,0.00155747,0.0017062779999999,0.0,0.0,0.0,0.0,0.0,0.0,0.0,CDRIA-2050-noCR,1500Mt-noCostDecrease,CT,missing,coal_int_conv pul,missing,missing,missing,missing,missing,missing,missing,missing,EJ
729,0.0,0.0,8.55253e-05,0.0,0.0,0.0,0.0,0.0,0.0,CDRIA-2050-noCR,1500Mt-noCostDecrease,CT,missing,coal_int_conv pul 1966-1970,missing,missing,missing,missing,missing,missing,missing,missing,EJ
730,0.0,0.0,0.0,2.105765e-05,6.871605e-05,0.00013622301,0.00019749423,0.00030999767000000004,0.00036719047,CDRIA-2050-noCR,1500Mt-noCostDecrease,CT,missing,coal_int_conv pul_CCS,missing,missing,missing,missing,missing,missing,missing,missing,EJ
731,0.001274291,0.001396044,0.0,0.0,0.0,0.0,0.0,0.0,0.0,CDRIA-2050-noCR,1500Mt-noCostDecrease,CT,missing,coal_int_conv pul_retire_2020,missing,missing,missing,missing,missing,missing,missing,missing,EJ
732,0.0,0.0095001699999999,0.01914297,0.019708628,0.018115614,0.015196023,0.015435862,0.0081592039999999,0.007202929,CDRIA-2050-noCR,1500Mt-noCostDecrease,CT,missing,gas_base_CC,missing,missing,missing,missing,missing,missing,missing,missing,EJ
733,0.0,0.0,0.0,0.000630348,0.001912787,0.004248604,0.005398805,0.007486259,0.009190885,CDRIA-2050-noCR,1500Mt-noCostDecrease,CT,missing,gas_base_CC_CCS,missing,missing,missing,missing,missing,missing,missing,missing,EJ
734,0.003622971,0.0154716,0.032448833,0.031070798,0.027840079,0.024754688,0.0224453109999999,0.019305852,0.016745488,CDRIA-2050-noCR,1500Mt-noCostDecrease,CT,missing,gas_int_CC,missing,missing,missing,missing,missing,missing,missing,missing,EJ
735,0.0,0.0,0.0,0.0002573925,0.0006677011000000001,0.0012423605,0.0017757440999999,0.0027441287,0.0032295531,CDRIA-2050-noCR,1500Mt-noCostDecrease,CT,missing,gas_int_CC_CCS,missing,missing,missing,missing,missing,missing,missing,missing,EJ
736,0.0,0.00030212,0.00033024881,0.00029870858900000005,0.000244856572,0.000197619802,0.000163380843,0.00011378320199999998,8.001210200000002e-05,CDRIA-2050-noCR,1500Mt-noCostDecrease,CT,missing,gas_peak_CC,missing,missing,missing,missing,missing,missing,missing,missing,EJ
737,0.0,0.0,0.0,4.47373e-08,1.064181e-07,1.847008e-07,2.427789e-07,4.075825e-07,5.48178e-07,CDRIA-2050-noCR,1500Mt-noCostDecrease,CT,missing,gas_peak_CC_CCS,missing,missing,missing,missing,missing,missing,missing,missing,EJ
738,0.0,0.000106307,0.00015155826,0.000123795424,6.450022400000001e-05,4.5884375e-05,5.0190717e-05,2.5808415999999995e-05,1.7624421e-05,CDRIA-2050-noCR,1500Mt-noCostDecrease,CT,missing,gas_peak_steam/CT,missing,missing,missing,missing,missing,missing,missing,missing,EJ
739,0.0002312055,0.001574221,0.00198607957,0.00181890352,0.00154254955,0.00128770244,0.00107921957,0.0008524261300000002,0.0006593688400000002,CDRIA-2050-noCR,1500Mt-noCostDecrease,CT,missing,gas_subpeak_CC,missing,missing,missing,missing,missing,missing,missing,missing,EJ
740,0.0,0.0,0.0,2.1903190000000003e-06,5.311128e-06,9.349741e-06,1.2548369e-05,2.7050658e-05,3.2273789e-05,CDRIA-2050-noCR,1500Mt-noCostDecrease,CT,missing,gas_subpeak_CC_CCS,missing,missing,missing,missing,missing,missing,missing,missing,EJ
741,0.000171304,0.000553708,0.0009804748,0.0008292187,0.00048820414,0.00037503964,0.00040107922,0.00026448969,0.00019703671,CDRIA-2050-noCR,1500Mt-noCostDecrease,CT,missing,gas_subpeak_steam/CT,missing,missing,missing,missing,missing,missing,missing,missing,EJ
742,0.0019109,0.0017583,0.001298,0.001296,0.0012946,0.0012948,0.0012919,0.0012811,0.0012825,CDRIA-2050-noCR,1500Mt-noCostDecrease,CT,missing,hydro_base,missing,missing,missing,missing,missing,missing,missing,missing,EJ
743,0.0754677,0.0580829,0.063792,0.0618757,0.0577834,0.0499891,0.037928,0.0241763,0.0,CDRIA-2050-noCR,1500Mt-noCostDecrease,CT,missing,nuc_base_Gen II,missing,missing,missing,missing,missing,missing,missing,missing,EJ
744,0.0,0.0,0.0,0.0,0.00278376,0.00810279,0.01081097,0.01648988,0.02153402,CDRIA-2050-noCR,1500Mt-noCostDecrease,CT,missing,nuc_base_Gen III,missing,missing,missing,missing,missing,missing,missing,missing,EJ
745,0.002797956,0.0012216095,0.0004373042,0.000482658,0.000300812,0.0001836385,0.000156947,3.4920470000000003e-05,2.067925e-05,CDRIA-2050-noCR,1500Mt-noCostDecrease,CT,missing,refined liquids_base_steam/CT,missing,missing,missing,missing,missing,missing,missing,missing,EJ
746,0.02439988,0.009772662,0.0,0.0,0.0,0.0,0.0,0.0,0.0,CDRIA-2050-noCR,1500Mt-noCostDecrease,CT,missing,refined liquids_int_steam/CT,missing,missing,missing,missing,missing,missing,missing,missing,EJ
747,0.000590806,0.0,0.0,0.0,0.0,0.0,0.0,0.0,0.0,CDRIA-2050-noCR,1500Mt-noCostDecrease,CT,missing,refined liquids_peak_steam/CT,missing,missing,missing,missing,missing,missing,missing,missing,EJ
748,0.0034303849999999,0.0012216171,0.0,0.0,0.0,0.0,0.0,0.0,0.0,CDRIA-2050-noCR,1500Mt-noCostDecrease,CT,missing,refined liquids_subpeak_steam/CT,missing,missing,missing,missing,missing,missing,missing,missing,EJ
749,0.0,0.0,4.95483e-05,0.000443752,0.00127573,0.00228701,0.00297953,0.00349663,0.00371809,CDRIA-2050-noCR,1500Mt-noCostDecrease,CT,missing,rooftop_pv,missing,missing,missing,missing,missing,missing,missing,missing,EJ
750,0.0,0.0,0.00261451,0.00434016,0.00703409,0.0101995,0.01133156,0.012017003,0.011287643,CDRIA-2050-noCR,1500Mt-noCostDecrease,CT,missing,wind_base,missing,missing,missing,missing,missing,missing,missing,missing,EJ
751,0.0,0.0,0.0,0.000176772,0.001008331,0.002722721,0.003720657,0.006373737,0.008278085,CDRIA-2050-noCR,1500Mt-noCostDecrease,CT,missing,wind_base_offshore,missing,missing,missing,missing,missing,missing,missing,missing,EJ
752,0.0,0.0,7.82939e-05,0.0001265593,0.0002070083,0.0003340983,0.0003899806,0.000462895,0.0004873261,CDRIA-2050-noCR,1500Mt-noCostDecrease,CT,missing,wind_base_storage,missing,missing,missing,missing,missing,missing,missing,missing,EJ
753,0.0,0.0,6.9024e-07,8.43972e-07,2.443702e-06,5.599102e-06,8.348332e-06,1.2489722e-05,1.4973582e-05,CDRIA-2050-noCR,1500Mt-noCostDecrease,DE,missing,PV_base_storage,missing,missing,missing,missing,missing,missing,missing,missing,EJ
754,0.0,0.0,0.000587268,0.000947928,0.002603278,0.004488478,0.005605898,0.007680468,0.00901633,CDRIA-2050-noCR,1500Mt-noCostDecrease,DE,missing,PV_int,missing,missing,missing,missing,missing,missing,missing,missing,EJ
755,0.0,0.0,6.68523e-05,0.0001054431,0.0002218671,0.0003147834,0.0003850491,0.0005063441,0.0006127118,CDRIA-2050-noCR,1500Mt-noCostDecrease,DE,missing,PV_peak,missing,missing,missing,missing,missing,missing,missing,missing,EJ
756,0.0,0.0,0.000594675,0.0008332330000000001,0.00157717,0.002204093,0.002703104,0.00352125,0.004212129,CDRIA-2050-noCR,1500Mt-noCostDecrease,DE,missing,PV_subpeak,missing,missing,missing,missing,missing,missing,missing,missing,EJ
757,0.0,0.0,3.19566e-06,7.881351e-07,8.1658005e-06,1.7193936699999998e-05,1.66852174e-05,2.40166734e-05,1.886919399e-05,CDRIA-2050-noCR,1500Mt-noCostDecrease,DE,missing,biogas_base_CC,missing,missing,missing,missing,missing,missing,missing,missing,EJ
758,0.0,0.0,0.0,4.02487e-07,5.71795442e-06,1.60999254e-05,1.62775699e-05,3.27259829e-05,2.89240518e-05,CDRIA-2050-noCR,1500Mt-noCostDecrease,DE,missing,biogas_base_CC_CCS,missing,missing,missing,missing,missing,missing,missing,missing,EJ
759,0.0,0.0,2.78407e-05,1.209739e-05,4.6329661e-05,9.528324e-05,0.00010391688,0.00023934374,0.00030979708,CDRIA-2050-noCR,1500Mt-noCostDecrease,DE,missing,biogas_int_CC,missing,missing,missing,missing,missing,missing,missing,missing,EJ
760,0.0,0.0,0.0,3.95494e-06,2.1033642e-05,5.358372e-05,6.331503e-05,0.00018694163,0.00028237548,CDRIA-2050-noCR,1500Mt-noCostDecrease,DE,missing,biogas_int_CC_CCS,missing,missing,missing,missing,missing,missing,missing,missing,EJ
761,0.0,0.0,8.31118e-08,4.489162e-08,1.2413062e-07,1.7932638e-07,2.1654092e-07,4.975155999999999e-07,7.979994999999999e-07,CDRIA-2050-noCR,1500Mt-noCostDecrease,DE,missing,biogas_peak_CC,missing,missing,missing,missing,missing,missing,missing,missing,EJ
762,0.0,0.0,0.0,6.27415e-09,1.9056473e-08,2.9443988e-08,3.771105e-08,1.0519613e-07,1.8584509000000002e-07,CDRIA-2050-noCR,1500Mt-noCostDecrease,DE,missing,biogas_peak_CC_CCS,missing,missing,missing,missing,missing,missing,missing,missing,EJ
763,0.0,0.0,7.686210000000002e-08,3.710262e-08,1.0307710000000001e-07,1.31944135e-07,1.31225851e-07,3.09739442e-07,4.7605325e-07,CDRIA-2050-noCR,1500Mt-noCostDecrease,DE,missing,biogas_peak_steam/CT,missing,missing,missing,missing,missing,missing,missing,missing,EJ
764,0.0,0.0,1.97529e-06,1.214842e-06,3.4249145e-06,5.3786990000000005e-06,7.117689e-06,1.829064e-05,2.4979216e-05,CDRIA-2050-noCR,1500Mt-noCostDecrease,DE,missing,biogas_subpeak_CC,missing,missing,missing,missing,missing,missing,missing,missing,EJ
765,0.0,0.0,0.0,2.29483e-07,7.675458e-07,1.3489364e-06,1.8932734e-06,5.866004e-06,9.238458000000002e-06,CDRIA-2050-noCR,1500Mt-noCostDecrease,DE,missing,biogas_subpeak_CC_CCS,missing,missing,missing,missing,missing,missing,missing,missing,EJ
766,0.0,0.0,1.328251e-06,7.228125500000001e-07,2.107735971e-06,2.86329033e-06,3.0552048400000006e-06,8.56465345e-06,9.877185920000002e-06,CDRIA-2050-noCR,1500Mt-noCostDecrease,DE,missing,biogas_subpeak_steam/CT,missing,missing,missing,missing,missing,missing,missing,missing,EJ
767,0.0,0.0,3.24614e-06,2.999489e-06,6.222978e-06,1.3751389999999998e-05,2.0297221e-05,3.4872889100000004e-05,4.20738733e-05,CDRIA-2050-noCR,1500Mt-noCostDecrease,DE,missing,biomass_base_IGCC,missing,missing,missing,missing,missing,missing,missing,missing,EJ
768,0.0,0.0,0.0,1.989531e-07,3.2222749e-06,2.21145691e-05,3.83896801e-05,0.000176258407,0.0003149802007,CDRIA-2050-noCR,1500Mt-noCostDecrease,DE,missing,biomass_base_IGCC_CCS,missing,missing,missing,missing,missing,missing,missing,missing,EJ
769,0.0,0.0,2.1002719e-05,2.8138494400000005e-05,4.002139405e-05,4.909259838e-05,5.040311738e-05,5.017559169e-05,4.68674427e-05,CDRIA-2050-noCR,1500Mt-noCostDecrease,DE,missing,biomass_base_conv,missing,missing,missing,missing,missing,missing,missing,missing,EJ
770,0.0,0.0,0.0,2.20094e-07,4.579591709999999e-06,4.872072599e-05,8.21263252e-05,0.0008365344484899999,0.0016306228182799,CDRIA-2050-noCR,1500Mt-noCostDecrease,DE,missing,biomass_base_conv_CCS,missing,missing,missing,missing,missing,missing,missing,missing,EJ
771,0.0,0.0,2.192904e-06,2.604476e-06,4.244192e-06,7.779529e-06,1.0806187e-05,1.9844995e-05,2.9954611e-05,CDRIA-2050-noCR,1500Mt-noCostDecrease,DE,missing,biomass_int_IGCC,missing,missing,missing,missing,missing,missing,missing,missing,EJ
772,0.0,0.0,0.0,2.108213e-07,1.1812659e-06,4.0277683e-06,6.5200113e-06,1.7517733499999998e-05,3.10062724e-05,CDRIA-2050-noCR,1500Mt-noCostDecrease,DE,missing,biomass_int_IGCC_CCS,missing,missing,missing,missing,missing,missing,missing,missing,EJ
773,0.0,0.0,5.192274599999999e-05,5.9622048300000006e-05,5.705709370000001e-05,6.83489994e-05,6.734817680000001e-05,7.721813630000002e-05,8.611979069999999e-05,CDRIA-2050-noCR,1500Mt-noCostDecrease,DE,missing,biomass_int_conv,missing,missing,missing,missing,missing,missing,missing,missing,EJ
774,0.0,0.0,0.0,3.1149216e-07,1.93462022e-06,7.498042849999999e-06,1.211053176e-05,3.666061064999999e-05,6.635031044999999e-05,CDRIA-2050-noCR,1500Mt-noCostDecrease,DE,missing,biomass_int_conv_CCS,missing,missing,missing,missing,missing,missing,missing,missing,EJ
775,0.0,0.0,0.0,3.22019e-06,2.5623462e-05,6.819576799999999e-05,0.000109387946,0.00016660354500000002,0.000212749321,CDRIA-2050-noCR,1500Mt-noCostDecrease,DE,missing,coal_base_IGCC_CCS,missing,missing,missing,missing,missing,missing,missing,missing,EJ
776,0.00454444,0.00453273,0.0,0.0,0.0,0.0,0.0,0.0,0.0,CDRIA-2050-noCR,1500Mt-noCostDecrease,DE,missing,coal_base_conv pul,missing,missing,missing,missing,missing,missing,missing,missing,EJ
777,0.0,0.0,0.000758356,0.000757977,0.000593891,0.0001567696,0.00019126,1.263103e-05,5.6337e-06,CDRIA-2050-noCR,1500Mt-noCostDecrease,DE,missing,coal_base_conv pul 1976-1980,missing,missing,missing,missing,missing,missing,missing,missing,EJ
778,0.0,0.0,0.0,3.85647e-06,2.868057e-05,7.315884e-05,0.00011487055,0.00016956979,0.00021241745000000003,CDRIA-2050-noCR,1500Mt-noCostDecrease,DE,missing,coal_base_conv pul_CCS,missing,missing,missing,missing,missing,missing,missing,missing,EJ
779,0.0054267,0.00541271,0.0,0.0,0.0,0.0,0.0,0.0,0.0,CDRIA-2050-noCR,1500Mt-noCostDecrease,DE,missing,coal_base_conv pul_retire_2020,missing,missing,missing,missing,missing,missing,missing,missing,EJ
780,0.0,0.0,0.0,3.844530000000001e-06,1.7352369999999998e-05,4.146041e-05,6.055488e-05,0.00010983901999999998,0.00016136746000000002,CDRIA-2050-noCR,1500Mt-noCostDecrease,DE,missing,coal_int_IGCC_CCS,missing,missing,missing,missing,missing,missing,missing,missing,EJ
781,0.00427941,0.0045200699999999,0.0,0.0,0.0,0.0,0.0,0.0,0.0,CDRIA-2050-noCR,1500Mt-noCostDecrease,DE,missing,coal_int_conv pul,missing,missing,missing,missing,missing,missing,missing,missing,EJ
782,0.0,0.0,0.000447962,0.000447868,0.00040848,0.000272727,0.00031872499999999995,0.0001465943,0.0001095181,CDRIA-2050-noCR,1500Mt-noCostDecrease,DE,missing,coal_int_conv pul 1976-1980,missing,missing,missing,missing,missing,missing,missing,missing,EJ
783,0.0,0.0,0.0,4.88225e-06,2.072296e-05,4.7263880000000005e-05,6.736524e-05,0.00011694556,0.00016729661,CDRIA-2050-noCR,1500Mt-noCostDecrease,DE,missing,coal_int_conv pul_CCS,missing,missing,missing,missing,missing,missing,missing,missing,EJ
784,0.00511021,0.00539759,0.0,0.0,0.0,0.0,0.0,0.0,0.0,CDRIA-2050-noCR,1500Mt-noCostDecrease,DE,missing,coal_int_conv pul_retire_2020,missing,missing,missing,missing,missing,missing,missing,missing,EJ
785,4.55313e-05,0.0,0.0,0.0,0.0,0.0,0.0,0.0,0.0,CDRIA-2050-noCR,1500Mt-noCostDecrease,DE,missing,coal_peak_conv pul,missing,missing,missing,missing,missing,missing,missing,missing,EJ
786,5.43707e-05,0.0,0.0,0.0,0.0,0.0,0.0,0.0,0.0,CDRIA-2050-noCR,1500Mt-noCostDecrease,DE,missing,coal_peak_conv pul_retire_2020,missing,missing,missing,missing,missing,missing,missing,missing,EJ
787,0.0001881865,0.0,0.0,0.0,0.0,0.0,0.0,0.0,0.0,CDRIA-2050-noCR,1500Mt-noCostDecrease,DE,missing,coal_subpeak_conv pul,missing,missing,missing,missing,missing,missing,missing,missing,EJ
788,0.000224721,0.0,0.0,0.0,0.0,0.0,0.0,0.0,0.0,CDRIA-2050-noCR,1500Mt-noCostDecrease,DE,missing,coal_subpeak_conv pul_retire_2020,missing,missing,missing,missing,missing,missing,missing,missing,EJ
789,0.0,0.0,0.002934164,0.0028109689,0.0024236375,0.0017597450999999,0.0016865788,0.0007116436000000001,0.0004819314,CDRIA-2050-noCR,1500Mt-noCostDecrease,DE,missing,gas_base_CC,missing,missing,missing,missing,missing,missing,missing,missing,EJ
790,0.0,0.0,0.0,1.21113e-05,9.41992e-05,0.00024735770000000005,0.0003904713,0.0005882639,0.0007231833,CDRIA-2050-noCR,1500Mt-noCostDecrease,DE,missing,gas_base_CC_CCS,missing,missing,missing,missing,missing,missing,missing,missing,EJ
791,0.00209525,0.00335452,0.01515494,0.014294109,0.012642389,0.0110813909999999,0.00988866,0.008437992,0.007573356,CDRIA-2050-noCR,1500Mt-noCostDecrease,DE,missing,gas_int_CC,missing,missing,missing,missing,missing,missing,missing,missing,EJ
792,0.0,0.0,0.0,5.30562e-05,0.0001959884,0.0004312939,0.0006145222,0.0010604958,0.0015047551,CDRIA-2050-noCR,1500Mt-noCostDecrease,DE,missing,gas_int_CC_CCS,missing,missing,missing,missing,missing,missing,missing,missing,EJ
793,0.000122002,0.000251606,0.000195099689,0.000177382329,0.000148256741,0.000120159807,9.785032e-05,6.994963e-05,5.0241856e-05,CDRIA-2050-noCR,1500Mt-noCostDecrease,DE,missing,gas_peak_CC,missing,missing,missing,missing,missing,missing,missing,missing,EJ
794,0.0,0.0,0.0,1.93816e-08,5.57728e-08,1.019308e-07,1.473427e-07,2.572046e-07,4.288836e-07,CDRIA-2050-noCR,1500Mt-noCostDecrease,DE,missing,gas_peak_CC_CCS,missing,missing,missing,missing,missing,missing,missing,missing,EJ
795,9.04018e-05,8.85021e-05,9.7819695e-05,8.3858931e-05,4.6990992e-05,3.29721925e-05,3.3745127000000004e-05,1.87790222e-05,1.3182769399999998e-05,CDRIA-2050-noCR,1500Mt-noCostDecrease,DE,missing,gas_peak_steam/CT,missing,missing,missing,missing,missing,missing,missing,missing,EJ
796,0.000713914,0.00147191,0.0013326069,0.0012247077,0.00105665382,0.00088777065,0.0007441739,0.0005960200000000001,0.0004943797199999999,CDRIA-2050-noCR,1500Mt-noCostDecrease,DE,missing,gas_subpeak_CC,missing,missing,missing,missing,missing,missing,missing,missing,EJ
797,0.0,0.0,0.0,1.05796e-06,3.13315e-06,5.8519700000000005e-06,8.67443e-06,1.677069e-05,2.574593e-05,CDRIA-2050-noCR,1500Mt-noCostDecrease,DE,missing,gas_subpeak_CC_CCS,missing,missing,missing,missing,missing,missing,missing,missing,EJ
798,0.00052891,0.000517705,0.0006931681,0.000611227,0.00038864441,0.0002956088,0.00029979852,0.00020338735,0.00016724632000000004,CDRIA-2050-noCR,1500Mt-noCostDecrease,DE,missing,gas_subpeak_steam/CT,missing,missing,missing,missing,missing,missing,missing,missing,EJ
799,0.0,0.0,5.15854e-05,7.66275e-05,5.37974e-05,3.11255e-05,2.69063e-05,4.89612e-06,2.13603e-06,CDRIA-2050-noCR,1500Mt-noCostDecrease,DE,missing,refined liquids_base_steam/CT,missing,missing,missing,missing,missing,missing,missing,missing,EJ
800,0.00605304,0.00240181,0.0,0.0,0.0,0.0,0.0,0.0,0.0,CDRIA-2050-noCR,1500Mt-noCostDecrease,DE,missing,refined liquids_int_steam/CT,missing,missing,missing,missing,missing,missing,missing,missing,EJ
801,0.0,0.0,0.0,0.0,0.0,0.0,0.0,0.0,0.0,CDRIA-2050-noCR,1500Mt-noCostDecrease,DE,missing,refined liquids_peak_steam/CT,missing,missing,missing,missing,missing,missing,missing,missing,EJ
802,0.00151323,0.000600406,0.0,0.0,0.0,0.0,0.0,0.0,0.0,CDRIA-2050-noCR,1500Mt-noCostDecrease,DE,missing,refined liquids_subpeak_steam/CT,missing,missing,missing,missing,missing,missing,missing,missing,EJ
803,0.0,0.0,1.51527e-05,0.000203804,0.000707306,0.0011137,0.00143058,0.00142228,0.00158752,CDRIA-2050-noCR,1500Mt-noCostDecrease,DE,missing,rooftop_pv,missing,missing,missing,missing,missing,missing,missing,missing,EJ
804,0.0,0.0,4.01484e-05,5.814439999999999e-05,0.0002115254,0.0004416194,0.0005904774,0.0007628833999999999,0.000854259,CDRIA-2050-noCR,1500Mt-noCostDecrease,DE,missing,wind_base,missing,missing,missing,missing,missing,missing,missing,missing,EJ
805,0.0,0.0,0.0,1.00354e-06,2.439704e-05,7.447374e-05,0.00011785014,0.00018068404,0.0002338124,CDRIA-2050-noCR,1500Mt-noCostDecrease,DE,missing,wind_base_offshore,missing,missing,missing,missing,missing,missing,missing,missing,EJ
806,0.0,0.0,8.47923e-07,1.15538e-06,3.67973e-06,8.28838e-06,1.206722e-05,1.7499609999999998e-05,2.0763267e-05,CDRIA-2050-noCR,1500Mt-noCostDecrease,DE,missing,wind_base_storage,missing,missing,missing,missing,missing,missing,missing,missing,EJ
807,0.0,0.0,5.42391e-07,3.2268248e-07,4.6699481e-06,1.50173816e-05,1.61494628e-05,2.68816856e-05,2.31728956e-05,CDRIA-2050-noCR,1500Mt-noCostDecrease,DC,missing,biogas_base_CC,missing,missing,missing,missing,missing,missing,missing,missing,EJ
808,0.0,0.0,3.99676e-06,2.792556e-06,1.2830688e-05,3.953909e-05,5.2579080000000005e-05,0.00014680347,0.00022700582,CDRIA-2050-noCR,1500Mt-noCostDecrease,DC,missing,biogas_int_CC,missing,missing,missing,missing,missing,missing,missing,missing,EJ
809,0.0,0.0,1.39823e-06,1.482292e-06,4.260476e-06,9.963571e-06,1.4867445e-05,1.8187492e-05,1.83497311e-05,CDRIA-2050-noCR,1500Mt-noCostDecrease,DC,missing,biomass_base_IGCC,missing,missing,missing,missing,missing,missing,missing,missing,EJ
810,0.0,0.0,1.342782e-05,1.9490721000000004e-05,2.8841274000000003e-05,3.6040024e-05,3.7499642e-05,2.807685e-05,2.1709314e-05,CDRIA-2050-noCR,1500Mt-noCostDecrease,DC,missing,biomass_base_conv,missing,missing,missing,missing,missing,missing,missing,missing,EJ
811,0.0,0.0,1.7127729999999998e-06,2.1407130000000003e-06,3.342887e-06,5.736711e-06,7.624866000000001e-06,1.2726195e-05,1.7858542e-05,CDRIA-2050-noCR,1500Mt-noCostDecrease,DC,missing,biomass_int_IGCC,missing,missing,missing,missing,missing,missing,missing,missing,EJ
812,0.0,0.0,3.832983e-05,4.429846e-05,4.2542e-05,5.062973e-05,4.941865e-05,5.413892e-05,5.690280000000001e-05,CDRIA-2050-noCR,1500Mt-noCostDecrease,DC,missing,biomass_int_conv,missing,missing,missing,missing,missing,missing,missing,missing,EJ
813,0.0,0.0,1.980034e-05,2.916379e-05,0.00014684397,0.00039471317,0.0006222396400000001,0.0008738325400000001,0.00103612706,CDRIA-2050-noCR,1500Mt-noCostDecrease,DC,missing,gas_base_CC,missing,missing,missing,missing,missing,missing,missing,missing,EJ
814,0.0,0.0,6.9916e-05,0.0001091627,0.0002663662,0.0005595143,0.0007948837,0.0014205193,0.0020270778,CDRIA-2050-noCR,1500Mt-noCostDecrease,DC,missing,gas_int_CC,missing,missing,missing,missing,missing,missing,missing,missing,EJ
815,0.00152164,0.000935205,0.0,0.0,0.0,0.0,0.0,0.0,0.0,CDRIA-2050-noCR,1500Mt-noCostDecrease,DC,missing,refined liquids_int_steam/CT,missing,missing,missing,missing,missing,missing,missing,missing,EJ
816,0.0,0.0,0.0,0.0,0.0,0.0,0.0,0.0,0.0,CDRIA-2050-noCR,1500Mt-noCostDecrease,DC,missing,refined liquids_peak_steam/CT,missing,missing,missing,missing,missing,missing,missing,missing,EJ
817,0.000380407,0.000233802,0.0,0.0,0.0,0.0,0.0,0.0,0.0,CDRIA-2050-noCR,1500Mt-noCostDecrease,DC,missing,refined liquids_subpeak_steam/CT,missing,missing,missing,missing,missing,missing,missing,missing,EJ
818,0.0,0.0,2.55704e-05,0.000328149,0.00105128,0.0015321,0.0018954,0.00181283,0.00198002,CDRIA-2050-noCR,1500Mt-noCostDecrease,DC,missing,rooftop_pv,missing,missing,missing,missing,missing,missing,missing,missing,EJ
819,0.0,0.0,0.000828417,0.000822457,0.001226855,0.003185585,0.004310035,0.006571535,0.006334607,CDRIA-2050-noCR,1500Mt-noCostDecrease,FL,missing,CSP_base_storage,missing,missing,missing,missing,missing,missing,missing,missing,EJ
820,0.0,0.0,0.001493126,0.001986754,0.003563148,0.008168228,0.012083508,0.0237283879999999,0.0290367019999999,CDRIA-2050-noCR,1500Mt-noCostDecrease,FL,missing,CSP_int,missing,missing,missing,missing,missing,missing,missing,missing,EJ
821,0.0,0.0,9.465e-05,0.000118939,0.0001831026,0.0003056582,0.0004002724,0.0007336663999999999,0.0009826644,CDRIA-2050-noCR,1500Mt-noCostDecrease,FL,missing,CSP_peak,missing,missing,missing,missing,missing,missing,missing,missing,EJ
822,0.0,0.0,0.00055693,0.0007089405999999999,0.0010891325999999,0.0018815805999999,0.0025544065999999,0.0049976866,0.0065271965999999,CDRIA-2050-noCR,1500Mt-noCostDecrease,FL,missing,CSP_subpeak,missing,missing,missing,missing,missing,missing,missing,missing,EJ
823,0.0,0.0,0.000123849,0.000122958,0.0001912109,0.0005304179,0.0007282889,0.0011304728999999,0.0011125539,CDRIA-2050-noCR,1500Mt-noCostDecrease,FL,missing,PV_base_storage,missing,missing,missing,missing,missing,missing,missing,missing,EJ
824,0.0,0.0,0.0122202,0.01671667,0.02790997,0.04735087,0.06029057,0.09488837,0.10187987,CDRIA-2050-noCR,1500Mt-noCostDecrease,FL,missing,PV_int,missing,missing,missing,missing,missing,missing,missing,missing,EJ
825,0.0,0.0,0.000774648,0.000995897,0.001451497,0.0019688789999999,0.002281572,0.003272109,0.003468143,CDRIA-2050-noCR,1500Mt-noCostDecrease,FL,missing,PV_peak,missing,missing,missing,missing,missing,missing,missing,missing,EJ
826,0.0,0.0,0.00560789,0.00699256,0.00969215,0.01303756,0.01526121,0.02147058,0.02280596,CDRIA-2050-noCR,1500Mt-noCostDecrease,FL,missing,PV_subpeak,missing,missing,missing,missing,missing,missing,missing,missing,EJ
827,0.0,0.0,0.000777979,9.31965e-06,0.0005108364,0.0026216624,0.0018661285,0.003277822,0.00096671653,CDRIA-2050-noCR,1500Mt-noCostDecrease,FL,missing,biogas_base_CC,missing,missing,missing,missing,missing,missing,missing,missing,EJ
828,0.0,0.0,0.0,0.0,0.000335905,0.0024440834,0.0018874944,0.0045697123,0.0017667343,CDRIA-2050-noCR,1500Mt-noCostDecrease,FL,missing,biogas_base_CC_CCS,missing,missing,missing,missing,missing,missing,missing,missing,EJ
829,0.0,0.0,0.000677263,0.000184003,0.0004733322,0.0016021666,0.0020233915,0.0052273848,0.0052787482,CDRIA-2050-noCR,1500Mt-noCostDecrease,FL,missing,biogas_int_CC,missing,missing,missing,missing,missing,missing,missing,missing,EJ
830,0.0,0.0,0.0,5.70494e-05,0.00019699242,0.0008617567,0.0011948388,0.0040797255,0.0052323052,CDRIA-2050-noCR,1500Mt-noCostDecrease,FL,missing,biogas_int_CC_CCS,missing,missing,missing,missing,missing,missing,missing,missing,EJ
831,0.0,0.0,1.03691e-06,2.959044e-07,6.498956e-07,1.5079908999999998e-06,1.73857e-06,4.906361e-06,6.0314491e-06,CDRIA-2050-noCR,1500Mt-noCostDecrease,FL,missing,biogas_peak_CC,missing,missing,missing,missing,missing,missing,missing,missing,EJ
832,0.0,0.0,0.0,3.84171e-08,9.443446e-08,2.3453662e-07,2.8862463e-07,9.796548e-07,1.4741552e-06,CDRIA-2050-noCR,1500Mt-noCostDecrease,FL,missing,biogas_peak_CC_CCS,missing,missing,missing,missing,missing,missing,missing,missing,EJ
833,0.0,0.0,9.78159e-07,2.39409517e-07,5.34536991e-07,1.146253057e-06,1.027065671e-06,3.495087229e-06,3.6924761349999993e-06,CDRIA-2050-noCR,1500Mt-noCostDecrease,FL,missing,biogas_peak_steam/CT,missing,missing,missing,missing,missing,missing,missing,missing,EJ
834,0.0,0.0,2.80882e-05,8.78573e-06,1.7609754000000003e-05,4.5009820000000005e-05,5.916735e-05,0.0001643494,0.00018948872,CDRIA-2050-noCR,1500Mt-noCostDecrease,FL,missing,biogas_subpeak_CC,missing,missing,missing,missing,missing,missing,missing,missing,EJ
835,0.0,0.0,0.0,1.47386e-06,3.6297521e-06,1.0462996e-05,1.4655399e-05,5.0801024e-05,7.312577e-05,CDRIA-2050-noCR,1500Mt-noCostDecrease,FL,missing,biogas_subpeak_CC_CCS,missing,missing,missing,missing,missing,missing,missing,missing,EJ
836,0.0,0.0,1.929604e-05,4.929116900000001e-06,1.047397907e-05,2.46721823e-05,2.48558876e-05,8.54253401e-05,7.74989275e-05,CDRIA-2050-noCR,1500Mt-noCostDecrease,FL,missing,biogas_subpeak_steam/CT,missing,missing,missing,missing,missing,missing,missing,missing,EJ
837,0.0,0.0,0.001205842,0.0008705170000000001,0.0013129423,0.0028089677,0.0035711503999999,0.0054773928,0.0045292664999999,CDRIA-2050-noCR,1500Mt-noCostDecrease,FL,missing,biomass_base_IGCC,missing,missing,missing,missing,missing,missing,missing,missing,EJ
838,0.0,0.0,0.0,0.0,0.0002396472,0.0038912271,0.0059050731999999,0.0281399071999999,0.0355655947,CDRIA-2050-noCR,1500Mt-noCostDecrease,FL,missing,biomass_base_IGCC_CCS,missing,missing,missing,missing,missing,missing,missing,missing,EJ
839,0.003850474,0.00694735,0.0028730979,0.002821679,0.0051458263,0.0073363549999999,0.0073600918999999,0.0069732750999999,0.0042613861,CDRIA-2050-noCR,1500Mt-noCostDecrease,FL,missing,biomass_base_conv,missing,missing,missing,missing,missing,missing,missing,missing,EJ
840,0.0,0.0,0.0,0.0,0.000345178,0.0088890369,0.013026981,0.136003892,0.1791217555,CDRIA-2050-noCR,1500Mt-noCostDecrease,FL,missing,biomass_base_conv_CCS,missing,missing,missing,missing,missing,missing,missing,missing,EJ
841,0.0,0.0,0.00027508780000000003,0.00028268704,0.0003356501,0.0005110030300000001,0.0006651325300000001,0.0011411276899999,0.00141399186,CDRIA-2050-noCR,1500Mt-noCostDecrease,FL,missing,biomass_int_IGCC,missing,missing,missing,missing,missing,missing,missing,missing,EJ
842,0.0,0.0,0.0,1.241211e-05,4.232352e-05,0.00017676173,0.00030372693,0.00088640586,0.0012614116399999,CDRIA-2050-noCR,1500Mt-noCostDecrease,FL,missing,biomass_int_IGCC_CCS,missing,missing,missing,missing,missing,missing,missing,missing,EJ
843,0.003850474,0.00694735,0.003759315,0.00437361,0.00443923179,0.0053921625999999,0.0051452818,0.0053292428999999,0.0049710596,CDRIA-2050-noCR,1500Mt-noCostDecrease,FL,missing,biomass_int_conv,missing,missing,missing,missing,missing,missing,missing,missing,EJ
844,0.0,0.0,0.0,1.829952e-05,6.822358e-05,0.00033062208000000004,0.0005652615,0.00186509272,0.00269024528,CDRIA-2050-noCR,1500Mt-noCostDecrease,FL,missing,biomass_int_conv_CCS,missing,missing,missing,missing,missing,missing,missing,missing,EJ
845,0.0,0.0,0.0,0.0,0.001072745,0.006321721,0.009716879,0.016031909,0.017465873,CDRIA-2050-noCR,1500Mt-noCostDecrease,FL,missing,coal_base_IGCC_CCS,missing,missing,missing,missing,missing,missing,missing,missing,EJ
846,0.13124762,0.13495464,0.0,0.0,0.0,0.0,0.0,0.0,0.0,CDRIA-2050-noCR,1500Mt-noCostDecrease,FL,missing,coal_base_conv pul,missing,missing,missing,missing,missing,missing,missing,missing,EJ
847,0.0,0.0,0.00026808964,0.00025955079,0.00018242519,3.753924600000001e-05,0.0,0.0,0.0,CDRIA-2050-noCR,1500Mt-noCostDecrease,FL,missing,coal_base_conv pul 1956-1960,missing,missing,missing,missing,missing,missing,missing,missing,EJ
848,0.0,0.0,0.00027772119,0.000272255,0.00020115720000000005,4.7951787e-05,2.6614009e-05,0.0,0.0,CDRIA-2050-noCR,1500Mt-noCostDecrease,FL,missing,coal_base_conv pul 1961-1965,missing,missing,missing,missing,missing,missing,missing,missing,EJ
849,0.0,0.0,0.010399953,0.010334945,0.008093855,0.0023964543,0.0022904399,5.6814854e-05,0.0,CDRIA-2050-noCR,1500Mt-noCostDecrease,FL,missing,coal_base_conv pul 1966-1970,missing,missing,missing,missing,missing,missing,missing,missing,EJ
850,0.0,0.0,0.0102459159999999,0.010084363,0.007575908,0.0019101119999999,0.0011778197,0.0,0.0,CDRIA-2050-noCR,1500Mt-noCostDecrease,FL,missing,coal_base_conv pul 1971-1975,missing,missing,missing,missing,missing,missing,missing,missing,EJ
851,0.0,0.0,0.0047855009999999,0.0047632177,0.0037570949,0.0011476428999999,0.001242672,4.4848678e-05,1.5515831e-05,CDRIA-2050-noCR,1500Mt-noCostDecrease,FL,missing,coal_base_conv pul 1976-1980,missing,missing,missing,missing,missing,missing,missing,missing,EJ
852,0.0,0.0,0.0605640399999999,0.06029804,0.047617994,0.014622775,0.016206922,0.0006437748,0.00030451817,CDRIA-2050-noCR,1500Mt-noCostDecrease,FL,missing,coal_base_conv pul 1981-1985,missing,missing,missing,missing,missing,missing,missing,missing,EJ
853,0.0,0.0,0.006923441,0.0068932889999999,0.0054446018,0.00167319,0.0018605723,7.498682e-05,3.7683931e-05,CDRIA-2050-noCR,1500Mt-noCostDecrease,FL,missing,coal_base_conv pul 1986-1990,missing,missing,missing,missing,missing,missing,missing,missing,EJ
854,0.0,0.0,0.0,0.0,0.0,0.0,0.0,0.0,0.0,CDRIA-2050-noCR,1500Mt-noCostDecrease,FL,missing,coal_base_conv pul 1991-1995,missing,missing,missing,missing,missing,missing,missing,missing,EJ
855,0.0,0.0,0.008817702,0.008779432,0.006934774,0.002131738,0.0023734357,9.619189e-05,4.9540485e-05,CDRIA-2050-noCR,1500Mt-noCostDecrease,FL,missing,coal_base_conv pul 1996-2000,missing,missing,missing,missing,missing,missing,missing,missing,EJ
856,0.0,0.0,0.0,0.0,0.001179266,0.006633106,0.010046254,0.016008969,0.017174323,CDRIA-2050-noCR,1500Mt-noCostDecrease,FL,missing,coal_base_conv pul_CCS,missing,missing,missing,missing,missing,missing,missing,missing,EJ
857,0.054552057,0.05609285,0.0,0.0,0.0,0.0,0.0,0.0,0.0,CDRIA-2050-noCR,1500Mt-noCostDecrease,FL,missing,coal_base_conv pul_retire_2020,missing,missing,missing,missing,missing,missing,missing,missing,EJ
858,0.0,0.0,0.0,5.76524e-05,0.00016682799999999997,0.0005210621,0.0008712867,0.0019400236,0.0025970094999999,CDRIA-2050-noCR,1500Mt-noCostDecrease,FL,missing,coal_int_IGCC_CCS,missing,missing,missing,missing,missing,missing,missing,missing,EJ
859,0.026726886,0.033738559,0.0,0.0,0.0,0.0,0.0,0.0,0.0,CDRIA-2050-noCR,1500Mt-noCostDecrease,FL,missing,coal_int_conv pul,missing,missing,missing,missing,missing,missing,missing,missing,EJ
860,0.0,0.0,3.9779966e-05,3.8670854e-05,2.947381e-05,1.1556335e-05,0.0,0.0,0.0,CDRIA-2050-noCR,1500Mt-noCostDecrease,FL,missing,coal_int_conv pul 1956-1960,missing,missing,missing,missing,missing,missing,missing,missing,EJ
861,0.0,0.0,4.1209219e-05,4.0563606e-05,3.2500431e-05,1.4761788e-05,9.254531e-06,0.0,0.0,CDRIA-2050-noCR,1500Mt-noCostDecrease,FL,missing,coal_int_conv pul 1961-1965,missing,missing,missing,missing,missing,missing,missing,missing,EJ
862,0.0,0.0,0.0015431766999999,0.0015398189,0.0013076986,0.0007377407,0.0007964568000000001,0.00017750294999999998,0.0,CDRIA-2050-noCR,1500Mt-noCostDecrease,FL,missing,coal_int_conv pul 1966-1970,missing,missing,missing,missing,missing,missing,missing,missing,EJ
863,0.0,0.0,0.001520319,0.0015024847,0.0012240164999999,0.00058802083,0.00040956486,0.0,0.0,CDRIA-2050-noCR,1500Mt-noCostDecrease,FL,missing,coal_int_conv pul 1971-1975,missing,missing,missing,missing,missing,missing,missing,missing,EJ
864,0.0,0.0,0.0007100873,0.0007096786,0.0006070213000000001,0.00035329731000000004,0.00043211613,0.00014011786,8.245023e-05,CDRIA-2050-noCR,1500Mt-noCostDecrease,FL,missing,coal_int_conv pul 1976-1980,missing,missing,missing,missing,missing,missing,missing,missing,EJ
865,0.0,0.0,0.008986668,0.008983902,0.007693483,0.0045015627,0.0056356442,0.0020113059,0.00161819,CDRIA-2050-noCR,1500Mt-noCostDecrease,FL,missing,coal_int_conv pul 1981-1985,missing,missing,missing,missing,missing,missing,missing,missing,EJ
866,0.0,0.0,0.0010273216,0.0010270428,0.000879667,0.00051508637,0.0006469799000000001,0.00023427603,0.00020025,CDRIA-2050-noCR,1500Mt-noCostDecrease,FL,missing,coal_int_conv pul 1986-1990,missing,missing,missing,missing,missing,missing,missing,missing,EJ
867,0.0,0.0,0.0,0.0,0.0,0.0,0.0,0.0,0.0,CDRIA-2050-noCR,1500Mt-noCostDecrease,FL,missing,coal_int_conv pul 1991-1995,missing,missing,missing,missing,missing,missing,missing,missing,EJ
868,0.0,0.0,0.0013083974,0.0013080613,0.0011204300999999,0.0006562469000000001,0.0008253174,0.00030052620000000003,0.00026325497,CDRIA-2050-noCR,1500Mt-noCostDecrease,FL,missing,coal_int_conv pul 1996-2000,missing,missing,missing,missing,missing,missing,missing,missing,EJ
869,0.0,0.0,0.0,7.28564e-05,0.0002003159,0.0005890536000000001,0.0009566746999999998,0.0020291864,0.002669561,CDRIA-2050-noCR,1500Mt-noCostDecrease,FL,missing,coal_int_conv pul_CCS,missing,missing,missing,missing,missing,missing,missing,missing,EJ
870,0.011108825,0.014023197,0.0,0.0,0.0,0.0,0.0,0.0,0.0,CDRIA-2050-noCR,1500Mt-noCostDecrease,FL,missing,coal_int_conv pul_retire_2020,missing,missing,missing,missing,missing,missing,missing,missing,EJ
871,0.0,0.1691449,0.3421382,0.3308432,0.31192778,0.2840100399999999,0.27344763,0.13038918,0.081075162,CDRIA-2050-noCR,1500Mt-noCostDecrease,FL,missing,gas_base_CC,missing,missing,missing,missing,missing,missing,missing,missing,EJ
872,0.0,0.0,0.0,0.0,0.00607456,0.03495115,0.0531011,0.08799024,0.09479684,CDRIA-2050-noCR,1500Mt-noCostDecrease,FL,missing,gas_base_CC_CCS,missing,missing,missing,missing,missing,missing,missing,missing,EJ
873,0.04002309,0.0905068,0.26221161,0.24886176,0.22459883,0.20187897,0.18537289,0.16838066,0.15417658,CDRIA-2050-noCR,1500Mt-noCostDecrease,FL,missing,gas_int_CC,missing,missing,missing,missing,missing,missing,missing,missing,EJ
874,0.0,0.0,0.0,0.000871406,0.002361884,0.0067573849999999,0.011035413,0.023196327,0.0303098469999999,CDRIA-2050-noCR,1500Mt-noCostDecrease,FL,missing,gas_int_CC_CCS,missing,missing,missing,missing,missing,missing,missing,missing,EJ
875,0.001329952,0.0028791529999999,0.00237721731,0.0021662106209999,0.001847361992,0.001498002399,0.001207051822,0.0008416528860000001,0.000592549168,CDRIA-2050-noCR,1500Mt-noCostDecrease,FL,missing,gas_peak_CC,missing,missing,missing,missing,missing,missing,missing,missing,EJ
876,0.0,0.0,0.0,1.210766e-07,3.057575e-07,7.003849000000001e-07,1.04466e-06,2.2970447e-06,3.6166449e-06,CDRIA-2050-noCR,1500Mt-noCostDecrease,FL,missing,gas_peak_CC_CCS,missing,missing,missing,missing,missing,missing,missing,missing,EJ
877,0.0009852387,0.0010127187,0.00123061667,0.0010888643032,0.0007145312268999999,0.0004865601146,0.0004869694754,0.00022180480920000004,0.00014578004889999997,CDRIA-2050-noCR,1500Mt-noCostDecrease,FL,missing,gas_peak_steam/CT,missing,missing,missing,missing,missing,missing,missing,missing,EJ
878,0.00957556,0.0103902,0.017015574,0.0156200849999999,0.0135649844,0.0113288334,0.0093324119999999,0.0072376129,0.0057355298,CDRIA-2050-noCR,1500Mt-noCostDecrease,FL,missing,gas_subpeak_CC,missing,missing,missing,missing,missing,missing,missing,missing,EJ
879,0.0,0.0,0.0,7.04283e-06,1.7177980000000003e-05,4.031086000000001e-05,6.257855000000001e-05,0.00014430204000000002,0.00021523208,CDRIA-2050-noCR,1500Mt-noCostDecrease,FL,missing,gas_subpeak_CC_CCS,missing,missing,missing,missing,missing,missing,missing,missing,EJ
880,0.0070938189999999,0.00365464,0.0090220769,0.00812455137,0.0058310139799999,0.00432293396,0.0042264709799999,0.002431810134,0.00184441793,CDRIA-2050-noCR,1500Mt-noCostDecrease,FL,missing,gas_subpeak_steam/CT,missing,missing,missing,missing,missing,missing,missing,missing,EJ
881,0.0005925,0.0009784,0.0010484,0.00103927,0.0010456,0.0010458,0.0010434,0.0010347,0.0010358,CDRIA-2050-noCR,1500Mt-noCostDecrease,FL,missing,hydro_base,missing,missing,missing,missing,missing,missing,missing,missing,EJ
882,0.0831123,0.107337,0.105255,0.103377,0.0967196,0.0641622,0.0188646,0.0,0.0,CDRIA-2050-noCR,1500Mt-noCostDecrease,FL,missing,nuc_base_Gen II,missing,missing,missing,missing,missing,missing,missing,missing,EJ
883,0.0,0.0,0.0,0.0,0.00573273,0.03483962,0.05204282,0.0874969999999999,0.09696169,CDRIA-2050-noCR,1500Mt-noCostDecrease,FL,missing,nuc_base_Gen III,missing,missing,missing,missing,missing,missing,missing,missing,EJ
884,0.01779785,0.01397661,0.0006100470000000001,0.001946249,0.00202883,0.001311896,0.001028696,0.0001099534,4.5323e-05,CDRIA-2050-noCR,1500Mt-noCostDecrease,FL,missing,refined liquids_base_steam/CT,missing,missing,missing,missing,missing,missing,missing,missing,EJ
885,0.0711914,0.1118126,0.0,0.0,0.0,0.0,0.0,0.0,0.0,CDRIA-2050-noCR,1500Mt-noCostDecrease,FL,missing,refined liquids_int_steam/CT,missing,missing,missing,missing,missing,missing,missing,missing,EJ
886,0.0,0.01397664,0.0,0.0,0.0,0.0,0.0,0.0,0.0,CDRIA-2050-noCR,1500Mt-noCostDecrease,FL,missing,refined liquids_subpeak_steam/CT,missing,missing,missing,missing,missing,missing,missing,missing,EJ
887,0.0,0.0,0.00111291,0.0220333,0.0592447,0.0748392,0.0860147,0.0710115,0.0679494,CDRIA-2050-noCR,1500Mt-noCostDecrease,FL,missing,rooftop_pv,missing,missing,missing,missing,missing,missing,missing,missing,EJ
888,0.0,0.0,0.00599543,0.0059523,0.01176022,0.03872752,0.05425422,0.08210542,0.0837451499999999,CDRIA-2050-noCR,1500Mt-noCostDecrease,FL,missing,wind_base,missing,missing,missing,missing,missing,missing,missing,missing,EJ
889,0.0,0.0,0.0,0.0,0.00103079,0.00764809,0.0124196,0.023186,0.0265286499999999,CDRIA-2050-noCR,1500Mt-noCostDecrease,FL,missing,wind_base_offshore,missing,missing,missing,missing,missing,missing,missing,missing,EJ
890,0.0,0.0,0.000147767,0.000146704,0.000251886,0.000739623,0.001014735,0.001549226,0.0015413999999999,CDRIA-2050-noCR,1500Mt-noCostDecrease,FL,missing,wind_base_storage,missing,missing,missing,missing,missing,missing,missing,missing,EJ
891,0.0,0.0,9.25587e-05,9.360816e-05,0.00018905646,0.00042121546,0.00056206946,0.00076900346,0.00078831376,CDRIA-2050-noCR,1500Mt-noCostDecrease,GA,missing,PV_base_storage,missing,missing,missing,missing,missing,missing,missing,missing,EJ
892,0.0,0.0,0.00638273,0.01032034,0.02680424,0.04491634,0.0551977399999999,0.0744422399999999,0.0830001099999999,CDRIA-2050-noCR,1500Mt-noCostDecrease,GA,missing,PV_int,missing,missing,missing,missing,missing,missing,missing,missing,EJ
893,0.0,0.0,0.000345205,0.000514851,0.001019423,0.00139324,0.001603396,0.002066211,0.0023480379999999,CDRIA-2050-noCR,1500Mt-noCostDecrease,GA,missing,PV_peak,missing,missing,missing,missing,missing,missing,missing,missing,EJ
894,0.0,0.0,0.002420721,0.0034273109999999,0.006495091,0.008884731,0.010334041,0.01359551,0.0154352999999999,CDRIA-2050-noCR,1500Mt-noCostDecrease,GA,missing,PV_subpeak,missing,missing,missing,missing,missing,missing,missing,missing,EJ
895,0.0,0.0,0.000420078,9.97272e-06,0.000483207346,0.001244743841,0.000868780992,0.001204668376,0.0006878866123,CDRIA-2050-noCR,1500Mt-noCostDecrease,GA,missing,biogas_base_CC,missing,missing,missing,missing,missing,missing,missing,missing,EJ
896,0.0,0.0,0.0,2.66155e-06,0.0003325062973,0.00116262725,0.000855076361,0.001698477278,0.001150843096,CDRIA-2050-noCR,1500Mt-noCostDecrease,GA,missing,biogas_base_CC_CCS,missing,missing,missing,missing,missing,missing,missing,missing,EJ
897,0.0,0.0,0.00030922,0.0001276312,0.00049525131,0.0009878894,0.0009903631,0.00235434,0.0028067559,CDRIA-2050-noCR,1500Mt-noCostDecrease,GA,missing,biogas_int_CC,missing,missing,missing,missing,missing,missing,missing,missing,EJ
898,0.0,0.0,0.0,4.37071e-05,0.00022555762000000005,0.00056083673,0.0006103619,0.0019092532,0.0027193528,CDRIA-2050-noCR,1500Mt-noCostDecrease,GA,missing,biogas_int_CC_CCS,missing,missing,missing,missing,missing,missing,missing,missing,EJ
899,0.0,0.0,4.14658e-07,1.880173e-07,5.5012145e-07,7.366859999999999e-07,6.718066e-07,1.8308508e-06,2.9075674e-06,CDRIA-2050-noCR,1500Mt-noCostDecrease,GA,missing,biogas_peak_CC,missing,missing,missing,missing,missing,missing,missing,missing,EJ
900,0.0,0.0,0.0,2.64633e-08,8.4002499e-08,1.1980496e-07,1.1662025e-07,3.8616778e-07,6.877504e-07,CDRIA-2050-noCR,1500Mt-noCostDecrease,GA,missing,biogas_peak_CC_CCS,missing,missing,missing,missing,missing,missing,missing,missing,EJ
901,0.0,0.0,3.8871220000000003e-07,1.61433972e-07,4.70178213e-07,5.786458269999999e-07,4.30025462e-07,1.2539158540000003e-06,1.879675472e-06,CDRIA-2050-noCR,1500Mt-noCostDecrease,GA,missing,biogas_peak_steam/CT,missing,missing,missing,missing,missing,missing,missing,missing,EJ
902,0.0,0.0,9.9489e-06,5.000657e-06,1.4718025e-05,2.113238e-05,2.1764864e-05,6.69249e-05,8.737261e-05,CDRIA-2050-noCR,1500Mt-noCostDecrease,GA,missing,biogas_subpeak_CC,missing,missing,missing,missing,missing,missing,missing,missing,EJ
903,0.0,0.0,0.0,9.53651e-07,3.2715429e-06,5.247609e-06,5.777259e-06,2.1630426e-05,3.3648114e-05,CDRIA-2050-noCR,1500Mt-noCostDecrease,GA,missing,biogas_subpeak_CC_CCS,missing,missing,missing,missing,missing,missing,missing,missing,EJ
904,0.0,0.0,6.7882000000000005e-06,3.09407679e-06,9.31893529e-06,1.2135809440000002e-05,9.89470611e-06,3.4274602e-05,3.74021669e-05,CDRIA-2050-noCR,1500Mt-noCostDecrease,GA,missing,biogas_subpeak_steam/CT,missing,missing,missing,missing,missing,missing,missing,missing,EJ
905,0.0,0.0,9.30503e-05,7.015887900000001e-05,0.00015033588199999998,0.000407270611,0.000570227395,0.000985476362,0.001069202174,CDRIA-2050-noCR,1500Mt-noCostDecrease,GA,missing,biomass_base_IGCC,missing,missing,missing,missing,missing,missing,missing,missing,EJ
906,0.0,0.0,0.0,4.2028e-07,7.0786828e-05,0.00070548948,0.00113577648,0.0050075134149999,0.007973694796,CDRIA-2050-noCR,1500Mt-noCostDecrease,GA,missing,biomass_base_IGCC_CCS,missing,missing,missing,missing,missing,missing,missing,missing,EJ
907,0.0,2.88002e-05,0.0003193866,0.00036906268,0.00061187623,0.00097692495,0.00105254683,0.001320617717,0.001147508036,CDRIA-2050-noCR,1500Mt-noCostDecrease,GA,missing,biomass_base_conv,missing,missing,missing,missing,missing,missing,missing,missing,EJ
908,0.0,0.0,0.0,4.70759e-07,0.000102913738,0.001589705758,0.002477033759,0.023353805581,0.0400761225399999,CDRIA-2050-noCR,1500Mt-noCostDecrease,GA,missing,biomass_base_conv_CCS,missing,missing,missing,missing,missing,missing,missing,missing,EJ
909,0.0,0.0,3.66827e-05,4.122961e-05,6.294564e-05,0.00010956945,0.00014552606000000002,0.00024860205,0.00034388325999999995,CDRIA-2050-noCR,1500Mt-noCostDecrease,GA,missing,biomass_int_IGCC,missing,missing,missing,missing,missing,missing,missing,missing,EJ
910,0.0,0.0,0.0,3.17784e-06,1.63044e-05,5.299404e-05,8.270185e-05,0.0002074902,0.00033547702,CDRIA-2050-noCR,1500Mt-noCostDecrease,GA,missing,biomass_int_IGCC_CCS,missing,missing,missing,missing,missing,missing,missing,missing,EJ
911,0.0,2.88002e-05,0.0005825779999999999,0.0006697420999999999,0.0006419208000000001,0.0008500521,0.0008524793,0.0009772043,0.0010314961999999,CDRIA-2050-noCR,1500Mt-noCostDecrease,GA,missing,biomass_int_conv,missing,missing,missing,missing,missing,missing,missing,missing,EJ
912,0.0,0.0,0.0,4.74888e-06,2.692714e-05,9.927728e-05,0.00015478428,0.0004355107,0.00071951001,CDRIA-2050-noCR,1500Mt-noCostDecrease,GA,missing,biomass_int_conv_CCS,missing,missing,missing,missing,missing,missing,missing,missing,EJ
913,0.0,0.0,0.0,1.665016e-05,0.00116313969,0.00385184618,0.0056549332299999,0.00808338516,0.0094136237,CDRIA-2050-noCR,1500Mt-noCostDecrease,GA,missing,coal_base_IGCC_CCS,missing,missing,missing,missing,missing,missing,missing,missing,EJ
914,0.0946297,0.1474956,0.0,0.0,0.0,0.0,0.0,0.0,0.0,CDRIA-2050-noCR,1500Mt-noCostDecrease,GA,missing,coal_base_conv pul,missing,missing,missing,missing,missing,missing,missing,missing,EJ
915,0.0,0.0,0.0,0.0,0.0,0.0,0.0,0.0,0.0,CDRIA-2050-noCR,1500Mt-noCostDecrease,GA,missing,coal_base_conv pul 1951-1955,missing,missing,missing,missing,missing,missing,missing,missing,EJ
916,0.0,0.0,0.0,0.0,0.0,0.0,0.0,0.0,0.0,CDRIA-2050-noCR,1500Mt-noCostDecrease,GA,missing,coal_base_conv pul 1966-1970,missing,missing,missing,missing,missing,missing,missing,missing,EJ
917,0.0,0.0,0.04538341,0.04534274,0.03319619,0.00787,0.0083871,0.0005101862,0.0001355999,CDRIA-2050-noCR,1500Mt-noCostDecrease,GA,missing,coal_base_conv pul 1971-1975,missing,missing,missing,missing,missing,missing,missing,missing,EJ
918,0.0,0.0,0.00938006,0.00937357,0.00686875,0.001634927,0.001771579,0.0001139808,3.3657250000000004e-05,CDRIA-2050-noCR,1500Mt-noCostDecrease,GA,missing,coal_base_conv pul 1976-1980,missing,missing,missing,missing,missing,missing,missing,missing,EJ
919,0.0,0.0,0.02360499,0.0236011,0.01733525,0.004169701,0.004728253,0.0003632445,0.0001772893,CDRIA-2050-noCR,1500Mt-noCostDecrease,GA,missing,coal_base_conv pul 1981-1985,missing,missing,missing,missing,missing,missing,missing,missing,EJ
920,0.0,0.0,0.02778908,0.02778545,0.02041203,0.004913394,0.00558995,0.0004357241,0.0002259373,CDRIA-2050-noCR,1500Mt-noCostDecrease,GA,missing,coal_base_conv pul 1986-1990,missing,missing,missing,missing,missing,missing,missing,missing,EJ
921,0.0,0.0,0.0,1.983166e-05,0.00128517045,0.00408473667,0.00590121709,0.00820104294,0.00939868368,CDRIA-2050-noCR,1500Mt-noCostDecrease,GA,missing,coal_base_conv pul_CCS,missing,missing,missing,missing,missing,missing,missing,missing,EJ
922,0.01459258,0.02274491,0.0,0.0,0.0,0.0,0.0,0.0,0.0,CDRIA-2050-noCR,1500Mt-noCostDecrease,GA,missing,coal_base_conv pul_retire_2020,missing,missing,missing,missing,missing,missing,missing,missing,EJ
923,0.0,0.0,0.0,5.00855e-05,0.000182949,0.0004226993,0.0006064644000000001,0.0010752139,0.0014972773,CDRIA-2050-noCR,1500Mt-noCostDecrease,GA,missing,coal_int_IGCC_CCS,missing,missing,missing,missing,missing,missing,missing,missing,EJ
924,0.1093267,0.1273075,0.0,0.0,0.0,0.0,0.0,0.0,0.0,CDRIA-2050-noCR,1500Mt-noCostDecrease,GA,missing,coal_int_conv pul,missing,missing,missing,missing,missing,missing,missing,missing,EJ
925,0.0,0.0,0.0,0.0,0.0,0.0,0.0,0.0,0.0,CDRIA-2050-noCR,1500Mt-noCostDecrease,GA,missing,coal_int_conv pul 1951-1955,missing,missing,missing,missing,missing,missing,missing,missing,EJ
926,0.0,0.0,0.0,0.0,0.0,0.0,0.0,0.0,0.0,CDRIA-2050-noCR,1500Mt-noCostDecrease,GA,missing,coal_int_conv pul 1966-1970,missing,missing,missing,missing,missing,missing,missing,missing,EJ
927,0.0,0.0,0.0067075,0.00670062,0.00552467,0.002750247,0.003446139,0.001052863,0.0004988399,CDRIA-2050-noCR,1500Mt-noCostDecrease,GA,missing,coal_int_conv pul 1971-1975,missing,missing,missing,missing,missing,missing,missing,missing,EJ
928,0.0,0.0,0.001386336,0.001385196,0.001143133,0.00057134,0.000727915,0.0002352201,0.0001238162,CDRIA-2050-noCR,1500Mt-noCostDecrease,GA,missing,coal_int_conv pul 1976-1980,missing,missing,missing,missing,missing,missing,missing,missing,EJ
929,0.0,0.0,0.0034887349999999,0.003487703,0.002885016,0.00145714,0.001942776,0.000749622,0.000652204,CDRIA-2050-noCR,1500Mt-noCostDecrease,GA,missing,coal_int_conv pul 1981-1985,missing,missing,missing,missing,missing,missing,missing,missing,EJ
930,0.0,0.0,0.0041071169999999,0.004106058,0.003397076,0.001717034,0.002296832,0.000899196,0.0008311649999999999,CDRIA-2050-noCR,1500Mt-noCostDecrease,GA,missing,coal_int_conv pul 1986-1990,missing,missing,missing,missing,missing,missing,missing,missing,EJ
931,0.0,0.0,0.0,6.3447e-05,0.000218881,0.0004822883,0.0006754616999999999,0.0011463505,0.0015582602,CDRIA-2050-noCR,1500Mt-noCostDecrease,GA,missing,coal_int_conv pul_CCS,missing,missing,missing,missing,missing,missing,missing,missing,EJ
932,0.01685892,0.01963166,0.0,0.0,0.0,0.0,0.0,0.0,0.0,CDRIA-2050-noCR,1500Mt-noCostDecrease,GA,missing,coal_int_conv pul_retire_2020,missing,missing,missing,missing,missing,missing,missing,missing,EJ
933,0.000861166,0.0,0.0,0.0,0.0,0.0,0.0,0.0,0.0,CDRIA-2050-noCR,1500Mt-noCostDecrease,GA,missing,coal_peak_conv pul,missing,missing,missing,missing,missing,missing,missing,missing,EJ
934,0.0001327981,0.0,0.0,0.0,0.0,0.0,0.0,0.0,0.0,CDRIA-2050-noCR,1500Mt-noCostDecrease,GA,missing,coal_peak_conv pul_retire_2020,missing,missing,missing,missing,missing,missing,missing,missing,EJ
935,0.00639992,0.0,0.0,0.0,0.0,0.0,0.0,0.0,0.0,CDRIA-2050-noCR,1500Mt-noCostDecrease,GA,missing,coal_subpeak_conv pul,missing,missing,missing,missing,missing,missing,missing,missing,EJ
936,0.000986913,0.0,0.0,0.0,0.0,0.0,0.0,0.0,0.0,CDRIA-2050-noCR,1500Mt-noCostDecrease,GA,missing,coal_subpeak_conv pul_retire_2020,missing,missing,missing,missing,missing,missing,missing,missing,EJ
937,0.0,0.0,0.02782296,0.0273204509999999,0.0348736559999999,0.042040282,0.0483263179999999,0.034545722,0.0257969993,CDRIA-2050-noCR,1500Mt-noCostDecrease,GA,missing,gas_base_CC,missing,missing,missing,missing,missing,missing,missing,missing,EJ
938,0.0,0.0,0.0,6.32922e-05,0.0056022981,0.0182600274,0.026448405,0.0377988632,0.043135913,CDRIA-2050-noCR,1500Mt-noCostDecrease,GA,missing,gas_base_CC_CCS,missing,missing,missing,missing,missing,missing,missing,missing,EJ
939,0.000400523,0.0211458,0.1418868,0.13497154,0.12123853,0.10720946,0.09900003,0.0867195699999999,0.07983202,CDRIA-2050-noCR,1500Mt-noCostDecrease,GA,missing,gas_int_CC,missing,missing,missing,missing,missing,missing,missing,missing,EJ
940,0.0,0.0,0.0,0.000634948,0.00228352,0.005001884,0.007051642,0.011946114,0.016138502,CDRIA-2050-noCR,1500Mt-noCostDecrease,GA,missing,gas_int_CC_CCS,missing,missing,missing,missing,missing,missing,missing,missing,EJ
941,1.5701e-05,0.0010652,0.00138385997,0.00125917263,0.0010460755299999,0.0008268609699999999,0.0006835505999999999,0.00047825186,0.0003458261300000001,CDRIA-2050-noCR,1500Mt-noCostDecrease,GA,missing,gas_peak_CC,missing,missing,missing,missing,missing,missing,missing,missing,EJ
942,0.0,0.0,0.0,1.39222e-07,4.12182e-07,7.44865e-07,9.91142e-07,1.727627e-06,2.846094e-06,CDRIA-2050-noCR,1500Mt-noCostDecrease,GA,missing,gas_peak_CC_CCS,missing,missing,missing,missing,missing,missing,missing,missing,EJ
943,1.16007e-05,0.000374699,0.0006918,0.000593706,0.000309007,0.000185943,0.000201338,9.78457e-05,6.58765e-05,CDRIA-2050-noCR,1500Mt-noCostDecrease,GA,missing,gas_peak_steam/CT,missing,missing,missing,missing,missing,missing,missing,missing,EJ
944,0.000104306,0.00708963,0.009671826,0.0089028785,0.0076574447,0.0063340010999999,0.0053623173999999,0.0042293177,0.0035005638,CDRIA-2050-noCR,1500Mt-noCostDecrease,GA,missing,gas_subpeak_CC,missing,missing,missing,missing,missing,missing,missing,missing,EJ
945,0.0,0.0,0.0,7.48016e-06,2.235289e-05,4.084196e-05,5.564016e-05,0.000107608,0.00016257783,CDRIA-2050-noCR,1500Mt-noCostDecrease,GA,missing,gas_subpeak_CC_CCS,missing,missing,missing,missing,missing,missing,missing,missing,EJ
946,7.72046e-05,0.00249371,0.00480092,0.00418079,0.00241812,0.00155713,0.0016103,0.000846865,0.000574645,CDRIA-2050-noCR,1500Mt-noCostDecrease,GA,missing,gas_subpeak_steam/CT,missing,missing,missing,missing,missing,missing,missing,missing,EJ
947,0.0154506,0.0147517,0.0127107,0.0126912,0.0126774,0.0126793,0.0126509,0.0125448,0.0125587,CDRIA-2050-noCR,1500Mt-noCostDecrease,GA,missing,hydro_base,missing,missing,missing,missing,missing,missing,missing,missing,EJ
948,0.094631,0.117696,0.125486,0.123205,0.117454,0.104338,0.0802147,0.0494337,0.0,CDRIA-2050-noCR,1500Mt-noCostDecrease,GA,missing,nuc_base_Gen II,missing,missing,missing,missing,missing,missing,missing,missing,EJ
949,0.0,0.0,0.0,0.0,0.00593508,0.02043287,0.02932129,0.04253804,0.0497715799999999,CDRIA-2050-noCR,1500Mt-noCostDecrease,GA,missing,nuc_base_Gen III,missing,missing,missing,missing,missing,missing,missing,missing,EJ
950,0.0,0.0,8.7283345e-05,0.000153841095,0.000111181481,6.5499948e-05,5.2037569e-05,1.08127478e-05,4.6252294e-06,CDRIA-2050-noCR,1500Mt-noCostDecrease,GA,missing,refined liquids_base_steam/CT,missing,missing,missing,missing,missing,missing,missing,missing,EJ
951,0.00055743152,0.0008411045,0.0,0.0,0.0,0.0,0.0,0.0,0.0,CDRIA-2050-noCR,1500Mt-noCostDecrease,GA,missing,refined liquids_int_steam/CT,missing,missing,missing,missing,missing,missing,missing,missing,EJ
952,0.0,0.0,0.0,0.0,0.0,0.0,0.0,0.0,0.0,CDRIA-2050-noCR,1500Mt-noCostDecrease,GA,missing,refined liquids_peak_steam/CT,missing,missing,missing,missing,missing,missing,missing,missing,EJ
953,0.00013930826699999998,0.00021030093,0.0,0.0,0.0,0.0,0.0,0.0,0.0,CDRIA-2050-noCR,1500Mt-noCostDecrease,GA,missing,refined liquids_subpeak_steam/CT,missing,missing,missing,missing,missing,missing,missing,missing,EJ
954,0.0,0.0,0.000555293,0.00825552,0.0222968,0.0267339,0.0309331,0.0316024,0.0367139,CDRIA-2050-noCR,1500Mt-noCostDecrease,GA,missing,rooftop_pv,missing,missing,missing,missing,missing,missing,missing,missing,EJ
955,0.0,0.0,0.003527,0.0035954718,0.0086175918,0.0204080918,0.0277614818,0.0381795818,0.0408993218,CDRIA-2050-noCR,1500Mt-noCostDecrease,GA,missing,wind_base,missing,missing,missing,missing,missing,missing,missing,missing,EJ
956,0.0,0.0,0.0,1.79134e-05,0.0036769534,0.0152830534,0.0241537134,0.0388879134,0.0489417,CDRIA-2050-noCR,1500Mt-noCostDecrease,GA,missing,wind_base_offshore,missing,missing,missing,missing,missing,missing,missing,missing,EJ
957,0.0,0.0,0.000198335,0.00020165312,0.00043300412,0.00098424812,0.00132339212,0.00182563812,0.00190597912,CDRIA-2050-noCR,1500Mt-noCostDecrease,GA,missing,wind_base_storage,missing,missing,missing,missing,missing,missing,missing,missing,EJ
958,0.0,0.0,0.000497658,0.000405323,0.000447407,0.0005959754,0.0007454764,0.0013485974,0.0013373494,CDRIA-2050-noCR,1500Mt-noCostDecrease,HI,missing,CSP_base_storage,missing,missing,missing,missing,missing,missing,missing,missing,EJ
959,0.0,0.0,0.00060069,0.000474814,0.00050737,0.0006888237999999999,0.0013132518,0.0022484958,0.0030516198,CDRIA-2050-noCR,1500Mt-noCostDecrease,HI,missing,CSP_int,missing,missing,missing,missing,missing,missing,missing,missing,EJ
960,0.0,0.0,2.15024e-05,1.513408e-05,1.64723e-05,2.03252e-05,3.013072e-05,4.566942e-05,6.810302e-05,CDRIA-2050-noCR,1500Mt-noCostDecrease,HI,missing,CSP_peak,missing,missing,missing,missing,missing,missing,missing,missing,EJ
961,3.00006e-07,3.00014e-07,9.7275574e-05,7.4027292e-05,7.8289782e-05,9.3010032e-05,0.000153987574,0.000351112,0.0004749984000000001,CDRIA-2050-noCR,1500Mt-noCostDecrease,HI,missing,CSP_subpeak,missing,missing,missing,missing,missing,missing,missing,missing,EJ
962,0.0,0.0,4.62835e-05,3.7696e-05,4.16099e-05,5.6943e-05,7.34132e-05,0.000140565,0.000148819,CDRIA-2050-noCR,1500Mt-noCostDecrease,HI,missing,PV_base_storage,missing,missing,missing,missing,missing,missing,missing,missing,EJ
963,0.0,0.0,0.00164163,0.00129762,0.0013866,0.001776781,0.002709045,0.004019175,0.004286335,CDRIA-2050-noCR,1500Mt-noCostDecrease,HI,missing,PV_int,missing,missing,missing,missing,missing,missing,missing,missing,EJ
964,0.0,0.0,5.87642e-05,4.13601e-05,4.50173e-05,5.5547e-05,7.16462e-05,9.34134e-05,9.43897e-05,CDRIA-2050-noCR,1500Mt-noCostDecrease,HI,missing,PV_peak,missing,missing,missing,missing,missing,missing,missing,missing,EJ
965,0.0,0.0,0.0005181949999999999,0.00039435,0.000417057,0.000495473,0.0006028655999999999,0.0006243906,0.0006615986,CDRIA-2050-noCR,1500Mt-noCostDecrease,HI,missing,PV_subpeak,missing,missing,missing,missing,missing,missing,missing,missing,EJ
966,0.0,0.0,8.726e-05,1.29288e-06,1.55124e-06,2.546863e-05,4.0431378e-05,0.000155399686,0.000132423617,CDRIA-2050-noCR,1500Mt-noCostDecrease,HI,missing,biogas_base_CC,missing,missing,missing,missing,missing,missing,missing,missing,EJ
967,0.0,0.0,0.0,0.0,0.0,1.62829e-05,2.7246161e-05,0.00013596243600000002,0.000123018043,CDRIA-2050-noCR,1500Mt-noCostDecrease,HI,missing,biogas_base_CC_CCS,missing,missing,missing,missing,missing,missing,missing,missing,EJ
968,0.0,0.0,6.76375e-05,8.06143e-06,8.17407e-06,2.072825e-05,8.482986e-05,0.00013315444,0.00019950123,CDRIA-2050-noCR,1500Mt-noCostDecrease,HI,missing,biogas_int_CC,missing,missing,missing,missing,missing,missing,missing,missing,EJ
969,0.0,0.0,0.0,0.0,0.0,6.13384e-06,4.1566123e-05,8.0046584e-05,0.0001309949,CDRIA-2050-noCR,1500Mt-noCostDecrease,HI,missing,biogas_int_CC_CCS,missing,missing,missing,missing,missing,missing,missing,missing,EJ
970,0.0,0.0,1.12741e-07,6.55746e-09,5.5019e-09,5.957e-09,7.738515e-08,1.391401e-07,3.6925749e-07,CDRIA-2050-noCR,1500Mt-noCostDecrease,HI,missing,biogas_peak_CC,missing,missing,missing,missing,missing,missing,missing,missing,EJ
971,0.0,0.0,0.0,0.0,0.0,0.0,1.34974e-08,2.6959971e-08,7.6077854e-08,CDRIA-2050-noCR,1500Mt-noCostDecrease,HI,missing,biogas_peak_CC_CCS,missing,missing,missing,missing,missing,missing,missing,missing,EJ
972,0.0,0.0,8.97976e-08,5.29623e-10,4.36324e-10,4.68849e-10,5.3417074e-08,9.5484353e-08,2.59425287e-07,CDRIA-2050-noCR,1500Mt-noCostDecrease,HI,missing,biogas_peak_steam/CT,missing,missing,missing,missing,missing,missing,missing,missing,EJ
973,0.0,0.0,1.75501e-06,1.6572e-07,1.26131e-07,1.30162e-07,1.714006e-06,5.808507e-06,6.611726e-06,CDRIA-2050-noCR,1500Mt-noCostDecrease,HI,missing,biogas_subpeak_CC,missing,missing,missing,missing,missing,missing,missing,missing,EJ
974,0.0,0.0,0.0,0.0,0.0,0.0,4.55866e-07,1.8051767e-06,2.1740028e-06,CDRIA-2050-noCR,1500Mt-noCostDecrease,HI,missing,biogas_subpeak_CC_CCS,missing,missing,missing,missing,missing,missing,missing,missing,EJ
975,0.0,0.0,1.018371e-06,1.182083e-08,8.69149e-09,8.866279999999998e-09,8.9220621e-07,3.0840336599999997e-06,3.31870963e-06,CDRIA-2050-noCR,1500Mt-noCostDecrease,HI,missing,biogas_subpeak_steam/CT,missing,missing,missing,missing,missing,missing,missing,missing,EJ
976,0.0,0.0,4.33845e-05,3.4801e-05,3.83372e-05,5.658402e-05,8.385478e-05,0.00021670006,0.00034059038,CDRIA-2050-noCR,1500Mt-noCostDecrease,HI,missing,biomass_base_IGCC,missing,missing,missing,missing,missing,missing,missing,missing,EJ
977,0.0,0.0,0.0,0.0,0.0,1.060788e-05,3.088419e-05,0.00025828754,0.00050603446,CDRIA-2050-noCR,1500Mt-noCostDecrease,HI,missing,biomass_base_IGCC_CCS,missing,missing,missing,missing,missing,missing,missing,missing,EJ
978,0.000970725,0.0,0.0001674395,0.0001355953,0.0001431717,0.0001740632,0.0002008521,0.0003634097,0.000500283,CDRIA-2050-noCR,1500Mt-noCostDecrease,HI,missing,biomass_base_conv,missing,missing,missing,missing,missing,missing,missing,missing,EJ
979,0.0,0.0,0.0,0.0,0.0,1.32044e-05,3.70743e-05,0.0004003162,0.0007963832,CDRIA-2050-noCR,1500Mt-noCostDecrease,HI,missing,biomass_base_conv_CCS,missing,missing,missing,missing,missing,missing,missing,missing,EJ
980,0.0,0.0,5.91347e-06,4.6668200000000005e-06,4.9843100000000006e-06,6.987744e-06,1.5824493e-05,3.094973e-05,5.6525323999999984e-05,CDRIA-2050-noCR,1500Mt-noCostDecrease,HI,missing,biomass_int_IGCC,missing,missing,missing,missing,missing,missing,missing,missing,EJ
981,0.0,0.0,0.0,0.0,0.0,5.80614e-07,5.301958e-06,1.6849984000000003e-05,3.7914004e-05,CDRIA-2050-noCR,1500Mt-noCostDecrease,HI,missing,biomass_int_IGCC_CCS,missing,missing,missing,missing,missing,missing,missing,missing,EJ
982,0.000970727,0.0,0.0001038414,8.279460000000001e-05,8.28389e-05,9.147004e-05,9.857788e-05,0.00011579436,0.00015167438999999998,CDRIA-2050-noCR,1500Mt-noCostDecrease,HI,missing,biomass_int_conv,missing,missing,missing,missing,missing,missing,missing,missing,EJ
983,0.0,0.0,0.0,0.0,0.0,8.97954e-07,7.913246e-06,2.7397614e-05,6.2484914e-05,CDRIA-2050-noCR,1500Mt-noCostDecrease,HI,missing,biomass_int_conv_CCS,missing,missing,missing,missing,missing,missing,missing,missing,EJ
984,0.0,0.0,0.0,0.0,0.0,6.48212e-05,0.00017100980000000002,0.0006067062,0.0009498378999999998,CDRIA-2050-noCR,1500Mt-noCostDecrease,HI,missing,coal_base_IGCC_CCS,missing,missing,missing,missing,missing,missing,missing,missing,EJ
985,8.40021e-06,0.00487249,0.0,0.0,0.0,0.0,0.0,0.0,0.0,CDRIA-2050-noCR,1500Mt-noCostDecrease,HI,missing,coal_base_conv pul,missing,missing,missing,missing,missing,missing,missing,missing,EJ
986,0.0,0.0,0.00467965,0.00381118,0.00403698,0.0031571,0.00338397,0.00109456,0.000722697,CDRIA-2050-noCR,1500Mt-noCostDecrease,HI,missing,coal_base_conv pul 1991-1995,missing,missing,missing,missing,missing,missing,missing,missing,EJ
987,0.0,0.0,0.0,0.0,0.0,6.02279e-05,0.0001541036,0.0005346386,0.0008119373999999999,CDRIA-2050-noCR,1500Mt-noCostDecrease,HI,missing,coal_base_conv pul_CCS,missing,missing,missing,missing,missing,missing,missing,missing,EJ
988,0.0,0.0,0.0,0.0,0.0,5.931450000000001e-06,4.647024e-05,0.00010759375,0.00020084424,CDRIA-2050-noCR,1500Mt-noCostDecrease,HI,missing,coal_int_IGCC_CCS,missing,missing,missing,missing,missing,missing,missing,missing,EJ
989,1.20003e-06,0.000718916,0.0,0.0,0.0,0.0,0.0,0.0,0.0,CDRIA-2050-noCR,1500Mt-noCostDecrease,HI,missing,coal_int_conv pul,missing,missing,missing,missing,missing,missing,missing,missing,EJ
990,0.0,0.0,0.000690473,0.000545791,0.000580252,0.000631452,0.000633407,0.000401917,0.000353135,CDRIA-2050-noCR,1500Mt-noCostDecrease,HI,missing,coal_int_conv pul 1991-1995,missing,missing,missing,missing,missing,missing,missing,missing,EJ
991,0.0,0.0,0.0,0.0,0.0,6.090190000000001e-06,4.6104210000000006e-05,0.00010389934,0.00019003237,CDRIA-2050-noCR,1500Mt-noCostDecrease,HI,missing,coal_int_conv pul_CCS,missing,missing,missing,missing,missing,missing,missing,missing,EJ
992,0.0,0.000911117,0.001697996,0.001382966,0.00152656,0.001939428,0.0024185739999999,0.003818266,0.005365809,CDRIA-2050-noCR,1500Mt-noCostDecrease,HI,missing,geo_base,missing,missing,missing,missing,missing,missing,missing,missing,EJ
993,7.73e-05,0.0002291,0.0002689,0.000218683,0.000241118,0.0002683,0.0002677,0.0002654,0.0002657,CDRIA-2050-noCR,1500Mt-noCostDecrease,HI,missing,hydro_base,missing,missing,missing,missing,missing,missing,missing,missing,EJ
994,0.0,0.0,0.002073987,0.000942947,0.000639123,0.0006513601,0.00077047326,0.0007643365300000001,0.00065663913,CDRIA-2050-noCR,1500Mt-noCostDecrease,HI,missing,refined liquids_base_CC,missing,missing,missing,missing,missing,missing,missing,missing,EJ
995,0.0,0.0,0.0,0.0,0.0,4.68142e-05,9.319432e-05,0.00037652568,0.00042492407,CDRIA-2050-noCR,1500Mt-noCostDecrease,HI,missing,refined liquids_base_CC_CCS,missing,missing,missing,missing,missing,missing,missing,missing,EJ
996,0.02163045,0.01836844,0.008780561,0.0073583439999999,0.005575281,0.004538936,0.003666995,0.001819639,0.0009940507,CDRIA-2050-noCR,1500Mt-noCostDecrease,HI,missing,refined liquids_base_steam/CT,missing,missing,missing,missing,missing,missing,missing,missing,EJ
997,0.0,0.0,0.001283016,0.000936576,0.0008790759999999999,0.0008877426999999999,0.00110059344,0.0010408733299999,0.00125487157,CDRIA-2050-noCR,1500Mt-noCostDecrease,HI,missing,refined liquids_int_CC,missing,missing,missing,missing,missing,missing,missing,missing,EJ
998,0.0,0.0,0.0,0.0,0.0,1.368531e-05,0.00010252294,0.00021419329,0.0003856825800000001,CDRIA-2050-noCR,1500Mt-noCostDecrease,HI,missing,refined liquids_int_CC_CCS,missing,missing,missing,missing,missing,missing,missing,missing,EJ
999,0.011002201,0.012097567,0.008282257,0.006652493,0.00595077,0.005415433,0.004156802,0.002662954,0.0017841399999999,CDRIA-2050-noCR,1500Mt-noCostDecrease,HI,missing,refined liquids_int_steam/CT,missing,missing,missing,missing,missing,missing,missing,missing,EJ
1000,0.0,0.0,1.818464e-06,1.102399e-06,8.91658e-07,7.36174e-07,1.0133432e-06,9.781937999999998e-07,1.8246112e-06,CDRIA-2050-noCR,1500Mt-noCostDecrease,HI,missing,refined liquids_peak_CC,missing,missing,missing,missing,missing,missing,missing,missing,EJ
1001,0.0,0.0,0.0,0.0,0.0,0.0,2.602333e-08,5.901308e-08,1.6737040999999997e-07,CDRIA-2050-noCR,1500Mt-noCostDecrease,HI,missing,refined liquids_peak_CC_CCS,missing,missing,missing,missing,missing,missing,missing,missing,EJ
1002,0.00018131,0.0001940647,0.0001096413,9.385685e-05,7.994645999999999e-05,6.803047e-05,5.394165e-05,2.925586e-05,1.871861e-05,CDRIA-2050-noCR,1500Mt-noCostDecrease,HI,missing,refined liquids_peak_steam/CT,missing,missing,missing,missing,missing,missing,missing,missing,EJ
1003,0.0,0.0,3.895522e-05,2.687848e-05,2.251593e-05,1.914754e-05,2.596669e-05,3.4623074999999995e-05,4.161382999999999e-05,CDRIA-2050-noCR,1500Mt-noCostDecrease,HI,missing,refined liquids_subpeak_CC,missing,missing,missing,missing,missing,missing,missing,missing,EJ
1004,0.0,0.0,0.0,0.0,0.0,0.0,1.062963e-06,4.290226e-06,6.660495e-06,CDRIA-2050-noCR,1500Mt-noCostDecrease,HI,missing,refined liquids_subpeak_CC_CCS,missing,missing,missing,missing,missing,missing,missing,missing,EJ
1005,0.0013051306,0.001396962,0.0007246897000000001,0.0005950824000000001,0.0005068061,0.0004336773,0.00034275090000000005,0.0001962776,0.00012716276,CDRIA-2050-noCR,1500Mt-noCostDecrease,HI,missing,refined liquids_subpeak_steam/CT,missing,missing,missing,missing,missing,missing,missing,missing,EJ
1006,0.0,0.0,0.00153306,0.00670965,0.0119163,0.014306,0.0151446,0.0155048,0.0156654,CDRIA-2050-noCR,1500Mt-noCostDecrease,HI,missing,rooftop_pv,missing,missing,missing,missing,missing,missing,missing,missing,EJ
1007,0.000114203,2.39005e-05,0.00571288,0.00465292,0.00513602,0.006404948,0.0074134479999999,0.008707718,0.008661658,CDRIA-2050-noCR,1500Mt-noCostDecrease,HI,missing,wind_base,missing,missing,missing,missing,missing,missing,missing,missing,EJ
1008,0.0,0.0,8.05112e-05,6.55731e-05,7.23815e-05,0.0001091908,0.000152953,0.00032620100000000003,0.0003896918,CDRIA-2050-noCR,1500Mt-noCostDecrease,HI,missing,wind_base_storage,missing,missing,missing,missing,missing,missing,missing,missing,EJ
1009,0.0,0.0,8.79093e-06,2.446983e-05,6.682943e-05,0.00011036803,0.00013577003,0.00018610933,0.0002104728,CDRIA-2050-noCR,1500Mt-noCostDecrease,ID,missing,CSP_base_storage,missing,missing,missing,missing,missing,missing,missing,missing,EJ
1010,0.0,0.0,3.23934e-05,6.43614e-05,0.00013489600000000002,0.0002406096,0.00029400060000000003,0.00038981,0.0005020364,CDRIA-2050-noCR,1500Mt-noCostDecrease,ID,missing,CSP_int,missing,missing,missing,missing,missing,missing,missing,missing,EJ
1011,0.0,0.0,5.9715e-06,9.33998e-06,1.7075819999999998e-05,2.49488e-05,2.975102e-05,3.719086e-05,4.756609999999999e-05,CDRIA-2050-noCR,1500Mt-noCostDecrease,ID,missing,CSP_peak,missing,missing,missing,missing,missing,missing,missing,missing,EJ
1012,7.20014e-05,6.47006e-05,0.0004393268,0.0004694328,0.0005330186,0.0006009295999999999,0.0006454437999999999,0.00039670640000000006,0.000478604,CDRIA-2050-noCR,1500Mt-noCostDecrease,ID,missing,CSP_subpeak,missing,missing,missing,missing,missing,missing,missing,missing,EJ
1013,0.0,0.0,1.49889e-06,4.41533e-06,1.25841e-05,2.11842e-05,2.628268e-05,3.649378e-05,4.176731e-05,CDRIA-2050-noCR,1500Mt-noCostDecrease,ID,missing,PV_base_storage,missing,missing,missing,missing,missing,missing,missing,missing,EJ
1014,0.0,0.0,0.000271848,0.000530949,0.000936136,0.00135476,0.001550474,0.001870063,0.002066041,CDRIA-2050-noCR,1500Mt-noCostDecrease,ID,missing,PV_int,missing,missing,missing,missing,missing,missing,missing,missing,EJ
1015,0.0,0.0,5.01135e-05,7.7415e-05,0.0001218537,0.0001530305,0.0001706339,0.0001954507,0.0001982167,CDRIA-2050-noCR,1500Mt-noCostDecrease,ID,missing,PV_peak,missing,missing,missing,missing,missing,missing,missing,missing,EJ
1016,0.0,0.0,0.000457646,0.000701655,0.001066925,0.001335852,0.001499027,0.001952867,0.001936555,CDRIA-2050-noCR,1500Mt-noCostDecrease,ID,missing,PV_subpeak,missing,missing,missing,missing,missing,missing,missing,missing,EJ
1017,0.0,0.0,7.65255e-06,1.6011411500000002e-05,4.68106564e-05,5.25227959e-05,3.37739369e-05,6.59458057e-05,4.47990409e-05,CDRIA-2050-noCR,1500Mt-noCostDecrease,ID,missing,biogas_base_CC,missing,missing,missing,missing,missing,missing,missing,missing,EJ
1018,0.0,0.0,0.0,8.56322e-06,3.3065086e-05,4.9527028e-05,3.257696e-05,8.7935228e-05,6.6118988e-05,CDRIA-2050-noCR,1500Mt-noCostDecrease,ID,missing,biogas_base_CC_CCS,missing,missing,missing,missing,missing,missing,missing,missing,EJ
1019,0.0,0.0,1.39033e-05,1.0403149e-05,2.1688387e-05,4.134816e-05,2.852151e-05,5.256106000000001e-05,7.408301e-05,CDRIA-2050-noCR,1500Mt-noCostDecrease,ID,missing,biogas_int_CC,missing,missing,missing,missing,missing,missing,missing,missing,EJ
1020,0.0,0.0,0.0,3.8121e-06,9.948179e-06,2.3710992e-05,1.7785813e-05,4.616115e-05,7.374224e-05,CDRIA-2050-noCR,1500Mt-noCostDecrease,ID,missing,biogas_int_CC_CCS,missing,missing,missing,missing,missing,missing,missing,missing,EJ
1021,0.0,0.0,6.55223e-08,3.981787e-08,8.7938347e-08,1.1187704e-07,7.562667e-08,1.2631186e-07,2.4916263e-07,CDRIA-2050-noCR,1500Mt-noCostDecrease,ID,missing,biogas_peak_CC,missing,missing,missing,missing,missing,missing,missing,missing,EJ
1022,0.0,0.0,0.0,5.80805e-09,1.35112e-08,1.8374090000000002e-08,1.3020779e-08,2.7220065e-08,5.3942228e-08,CDRIA-2050-noCR,1500Mt-noCostDecrease,ID,missing,biogas_peak_CC_CCS,missing,missing,missing,missing,missing,missing,missing,missing,EJ
1023,0.0,0.0,6.09715e-08,3.4671200000000004e-08,7.4732e-08,8.95404e-08,5.4480546000000004e-08,9.0924113e-08,1.9085155e-07,CDRIA-2050-noCR,1500Mt-noCostDecrease,ID,missing,biogas_peak_steam/CT,missing,missing,missing,missing,missing,missing,missing,missing,EJ
1024,0.0,0.0,1.60125e-06,1.3171964e-06,3.1297985e-06,4.2243746e-06,3.1636768e-06,9.3712447e-06,9.7256273e-06,CDRIA-2050-noCR,1500Mt-noCostDecrease,ID,missing,biogas_subpeak_CC,missing,missing,missing,missing,missing,missing,missing,missing,EJ
1025,0.0,0.0,0.0,2.66559e-07,7.091164200000001e-07,1.0706523e-06,8.485399e-07,3.0481526e-06,3.7828335e-06,CDRIA-2050-noCR,1500Mt-noCostDecrease,ID,missing,biogas_subpeak_CC_CCS,missing,missing,missing,missing,missing,missing,missing,missing,EJ
1026,0.0,0.0,1.083894e-06,8.43762481e-07,1.980514814e-06,2.516109098e-06,1.6652065160000003e-06,5.362877160000002e-06,5.225047250999998e-06,CDRIA-2050-noCR,1500Mt-noCostDecrease,ID,missing,biogas_subpeak_steam/CT,missing,missing,missing,missing,missing,missing,missing,missing,EJ
1027,0.0,0.0,4.5958900000000005e-05,7.33326e-05,0.0001397126,0.00021488120000000003,0.0002344636,0.00032123507000000006,0.00030241182,CDRIA-2050-noCR,1500Mt-noCostDecrease,ID,missing,biomass_base_IGCC,missing,missing,missing,missing,missing,missing,missing,missing,EJ
1028,0.0,0.0,0.0,2.20574e-05,0.0001021956,0.0003414056,0.0004662573,0.0017253,0.0027045064,CDRIA-2050-noCR,1500Mt-noCostDecrease,ID,missing,biomass_base_IGCC_CCS,missing,missing,missing,missing,missing,missing,missing,missing,EJ
1029,0.00014921,0.000208804,0.0002107667,0.0002596045,0.0003459571,0.0004163181,0.0003697039,0.0004020081,0.0003109671,CDRIA-2050-noCR,1500Mt-noCostDecrease,ID,missing,biomass_base_conv,missing,missing,missing,missing,missing,missing,missing,missing,EJ
1030,0.0,0.0,0.0,2.51892e-05,0.0001439523,0.000715493,0.0009779322,0.0079157455,0.0135420578,CDRIA-2050-noCR,1500Mt-noCostDecrease,ID,missing,biomass_base_conv_CCS,missing,missing,missing,missing,missing,missing,missing,missing,EJ
1031,0.0,0.0,1.6666159999999997e-05,2.080279e-05,2.727513e-05,3.965818e-05,4.473689e-05,5.524484e-05,6.910749e-05,CDRIA-2050-noCR,1500Mt-noCostDecrease,ID,missing,biomass_int_IGCC,missing,missing,missing,missing,missing,missing,missing,missing,EJ
1032,0.0,0.0,0.0,2.33458e-06,6.452030000000001e-06,1.610361e-05,2.073827e-05,3.380642e-05,5.38229e-05,CDRIA-2050-noCR,1500Mt-noCostDecrease,ID,missing,biomass_int_IGCC_CCS,missing,missing,missing,missing,missing,missing,missing,missing,EJ
1033,0.000149205,0.000208801,0.0004800523,0.0005642786,0.0005131653999999999,0.0005994220999999999,0.0005131125,0.0004506553,0.0003613327,CDRIA-2050-noCR,1500Mt-noCostDecrease,ID,missing,biomass_int_conv,missing,missing,missing,missing,missing,missing,missing,missing,EJ
1034,0.0,0.0,0.0,3.54686e-06,1.061564e-05,2.995723e-05,3.875997e-05,6.862671e-05,0.00011375312,CDRIA-2050-noCR,1500Mt-noCostDecrease,ID,missing,biomass_int_conv_CCS,missing,missing,missing,missing,missing,missing,missing,missing,EJ
1035,0.0,0.0,0.0,4.99273e-05,0.00018008960000000002,0.00031015700000000003,0.0003963118000000001,0.0005472718000000001,0.0006522968999999999,CDRIA-2050-noCR,1500Mt-noCostDecrease,ID,missing,coal_base_IGCC_CCS,missing,missing,missing,missing,missing,missing,missing,missing,EJ
1036,0.0,0.0,0.0,6.06723e-05,0.0002063421,0.0003423057,0.000429949,0.0005693810999999999,0.0006640403000000002,CDRIA-2050-noCR,1500Mt-noCostDecrease,ID,missing,coal_base_conv pul_CCS,missing,missing,missing,missing,missing,missing,missing,missing,EJ
1037,0.0,0.0,0.0,3.02308e-06,9.23622e-06,2.01592e-05,2.589544e-05,3.7142390000000005e-05,5.445733000000001e-05,CDRIA-2050-noCR,1500Mt-noCostDecrease,ID,missing,coal_int_IGCC_CCS,missing,missing,missing,missing,missing,missing,missing,missing,EJ
1038,0.0,0.0,0.0,3.86029e-06,1.117806e-05,2.324566e-05,2.93032e-05,4.063911e-05,5.759869e-05,CDRIA-2050-noCR,1500Mt-noCostDecrease,ID,missing,coal_int_conv pul_CCS,missing,missing,missing,missing,missing,missing,missing,missing,EJ
1039,0.0,0.0,0.002030569,0.00256139,0.002732311,0.002063454,0.002195193,0.0010939198,0.0008058319,CDRIA-2050-noCR,1500Mt-noCostDecrease,ID,missing,gas_base_CC,missing,missing,missing,missing,missing,missing,missing,missing,EJ
1040,0.0,0.0,0.0,0.000212857,0.000704244,0.001171404,0.001463141,0.001978681,0.002232495,CDRIA-2050-noCR,1500Mt-noCostDecrease,ID,missing,gas_base_CC_CCS,missing,missing,missing,missing,missing,missing,missing,missing,EJ
1041,0.0,0.00359871,0.008675636,0.008294326,0.007159447,0.005951468,0.005214113,0.003866567,0.00325065,CDRIA-2050-noCR,1500Mt-noCostDecrease,ID,missing,gas_int_CC,missing,missing,missing,missing,missing,missing,missing,missing,EJ
1042,0.0,0.0,0.0,5.3046e-05,0.0001220937,0.0002345907,0.0002923179,0.0003997391,0.0005566351,CDRIA-2050-noCR,1500Mt-noCostDecrease,ID,missing,gas_int_CC_CCS,missing,missing,missing,missing,missing,missing,missing,missing,EJ
1043,0.0,0.000126704,0.000155856263,0.000141579453,0.000113776322,8.366378900000001e-05,6.7791652e-05,3.8765593000000015e-05,2.4767128e-05,CDRIA-2050-noCR,1500Mt-noCostDecrease,ID,missing,gas_peak_CC,missing,missing,missing,missing,missing,missing,missing,missing,EJ
1044,0.0,0.0,0.0,1.79787e-08,4.36634e-08,7.49325e-08,9.395470000000001e-08,1.271248e-07,1.988542e-07,CDRIA-2050-noCR,1500Mt-noCostDecrease,ID,missing,gas_peak_CC_CCS,missing,missing,missing,missing,missing,missing,missing,missing,EJ
1045,0.0,4.460126000000001e-05,7.203214e-05,6.135118429999999e-05,2.73787826e-05,1.3215777000000002e-05,1.1780836800000002e-05,4.13155017e-06,2.5431375399999992e-06,CDRIA-2050-noCR,1500Mt-noCostDecrease,ID,missing,gas_peak_steam/CT,missing,missing,missing,missing,missing,missing,missing,missing,EJ
1046,0.0,0.000885409,0.0008544047,0.0007905421999999999,0.0006711964,0.0005355503000000001,0.0004514081,0.00032030756,0.00025177385,CDRIA-2050-noCR,1500Mt-noCostDecrease,ID,missing,gas_subpeak_CC,missing,missing,missing,missing,missing,missing,missing,missing,EJ
1047,0.0,0.0,0.0,1.23763e-06,3.15812e-06,5.55265e-06,7.133419999999999e-06,1.243098e-05,1.759025e-05,CDRIA-2050-noCR,1500Mt-noCostDecrease,ID,missing,gas_subpeak_CC_CCS,missing,missing,missing,missing,missing,missing,missing,missing,EJ
1048,0.0,0.000311403,0.00042598475,0.00037516791,0.00020238705,0.000115057361,0.00010671418,5.5178684e-05,4.137214599999999e-05,CDRIA-2050-noCR,1500Mt-noCostDecrease,ID,missing,gas_subpeak_steam/CT,missing,missing,missing,missing,missing,missing,missing,missing,EJ
1049,0.0,0.0,0.0003985838,0.000501126,0.0007265029,0.0010016964,0.0011877374999999,0.0012912953,0.001520883,CDRIA-2050-noCR,1500Mt-noCostDecrease,ID,missing,geo_base,missing,missing,missing,missing,missing,missing,missing,missing,EJ
1050,0.0233259,0.0314062,0.0375729,0.0375153,0.0374744,0.0374799,0.0373959,0.0370823,0.0371236,CDRIA-2050-noCR,1500Mt-noCostDecrease,ID,missing,hydro_base,missing,missing,missing,missing,missing,missing,missing,missing,EJ
1051,0.00760799,0.0,0.0,0.0,0.0,0.0,0.0,0.0,0.0,CDRIA-2050-noCR,1500Mt-noCostDecrease,ID,missing,hydro_int,missing,missing,missing,missing,missing,missing,missing,missing,EJ
1052,2.50008e-06,0.0,0.0,0.0,0.0,0.0,0.0,0.0,0.0,CDRIA-2050-noCR,1500Mt-noCostDecrease,ID,missing,refined liquids_int_steam/CT,missing,missing,missing,missing,missing,missing,missing,missing,EJ
1053,0.0,0.0,0.0,0.0,0.0,0.0,0.0,0.0,0.0,CDRIA-2050-noCR,1500Mt-noCostDecrease,ID,missing,refined liquids_peak_steam/CT,missing,missing,missing,missing,missing,missing,missing,missing,EJ
1054,6.000115000000001e-07,0.0,0.0,0.0,0.0,0.0,0.0,0.0,0.0,CDRIA-2050-noCR,1500Mt-noCostDecrease,ID,missing,refined liquids_subpeak_steam/CT,missing,missing,missing,missing,missing,missing,missing,missing,EJ
1055,0.0,0.0,7.95311e-05,0.000541716,0.000884508,0.00141055,0.00190779,0.00216468,0.00239284,CDRIA-2050-noCR,1500Mt-noCostDecrease,ID,missing,rooftop_pv,missing,missing,missing,missing,missing,missing,missing,missing,EJ
1056,0.0,0.0,0.009203122,0.011274312,0.015324232,0.0194767819999999,0.0220143319999999,0.018968382,0.0215543,CDRIA-2050-noCR,1500Mt-noCostDecrease,ID,missing,wind_base,missing,missing,missing,missing,missing,missing,missing,missing,EJ
1057,0.0,0.0,2.19559e-05,6.45257e-05,0.0001447905,0.0002293892,0.0002798812,0.0003823022,0.0004283301,CDRIA-2050-noCR,1500Mt-noCostDecrease,ID,missing,wind_base_storage,missing,missing,missing,missing,missing,missing,missing,missing,EJ
1058,0.0,0.0,0.000394613,0.0004902096999999999,0.0007508367,0.0011191986999999,0.0012985676999999,0.0016457086999999,0.0016633967,CDRIA-2050-noCR,1500Mt-noCostDecrease,IL,missing,PV_base_storage,missing,missing,missing,missing,missing,missing,missing,missing,EJ
1059,0.0,0.0,0.0254354,0.03372965,0.05325295,0.07871695,0.08985035,0.12022465,0.1331806499999999,CDRIA-2050-noCR,1500Mt-noCostDecrease,IL,missing,PV_int,missing,missing,missing,missing,missing,missing,missing,missing,EJ
1060,0.0,0.0,0.00078883,0.001131426,0.001764607,0.002056118,0.002395748,0.002806834,0.003376564,CDRIA-2050-noCR,1500Mt-noCostDecrease,IL,missing,PV_peak,missing,missing,missing,missing,missing,missing,missing,missing,EJ
1061,0.0,0.0,0.0037243149999999,0.005464755,0.0086008849999999,0.0101988049999999,0.0121092249999999,0.0160201099999999,0.01895564,CDRIA-2050-noCR,1500Mt-noCostDecrease,IL,missing,PV_subpeak,missing,missing,missing,missing,missing,missing,missing,missing,EJ
1062,0.0,0.0,0.00199963,0.00051954222,0.00146635802,0.0022172919,0.0012314079999999,0.0022008388499999,0.0026031935,CDRIA-2050-noCR,1500Mt-noCostDecrease,IL,missing,biogas_base_CC,missing,missing,missing,missing,missing,missing,missing,missing,EJ
1063,0.0,0.0,0.0,0.00027696,0.00102908827,0.0020587668,0.0011726115899999,0.00293025549,0.00373544804,CDRIA-2050-noCR,1500Mt-noCostDecrease,IL,missing,biogas_base_CC_CCS,missing,missing,missing,missing,missing,missing,missing,missing,EJ
1064,0.0,0.0,0.00132336,0.0003456695,0.000749492,0.0019273672,0.0015651935,0.0046031856,0.0064073857,CDRIA-2050-noCR,1500Mt-noCostDecrease,IL,missing,biogas_int_CC,missing,missing,missing,missing,missing,missing,missing,missing,EJ
1065,0.0,0.0,0.0,0.000106392,0.00031851767,0.0010179581999999,0.0008855454999999999,0.0034246751,0.0057438001,CDRIA-2050-noCR,1500Mt-noCostDecrease,IL,missing,biogas_int_CC_CCS,missing,missing,missing,missing,missing,missing,missing,missing,EJ
1066,0.0,0.0,1.09893e-06,4.769821e-07,8.913307e-07,9.577794e-07,1.3375508e-06,2.6533170000000003e-06,6.6026698e-06,CDRIA-2050-noCR,1500Mt-noCostDecrease,IL,missing,biogas_peak_CC,missing,missing,missing,missing,missing,missing,missing,missing,EJ
1067,0.0,0.0,0.0,6.63432e-08,1.3530457e-07,1.5022688999999998e-07,2.206131e-07,5.523338e-07,1.4157962999999998e-06,CDRIA-2050-noCR,1500Mt-noCostDecrease,IL,missing,biogas_peak_CC_CCS,missing,missing,missing,missing,missing,missing,missing,missing,EJ
1068,0.0,0.0,1.011148e-06,3.91076084e-07,7.261909940000001e-07,6.22470675e-07,8.21576997e-07,1.48653877e-06,4.521630650000001e-06,CDRIA-2050-noCR,1500Mt-noCostDecrease,IL,missing,biogas_peak_steam/CT,missing,missing,missing,missing,missing,missing,missing,missing,EJ
1069,0.0,0.0,2.17146e-05,1.072416e-05,1.9118123e-05,2.376515e-05,3.456259e-05,9.932303e-05,0.00015708725,CDRIA-2050-noCR,1500Mt-noCostDecrease,IL,missing,biogas_subpeak_CC,missing,missing,missing,missing,missing,missing,missing,missing,EJ
1070,0.0,0.0,0.0,2.00763e-06,4.2099469e-06,5.60837e-06,8.670008e-06,3.0713800000000004e-05,5.645571e-05,CDRIA-2050-noCR,1500Mt-noCostDecrease,IL,missing,biogas_subpeak_CC_CCS,missing,missing,missing,missing,missing,missing,missing,missing,EJ
1071,0.0,0.0,1.452312e-05,6.2493904e-06,1.1375225540000002e-05,1.09370713e-05,1.49765007e-05,4.64479438e-05,7.061690109999999e-05,CDRIA-2050-noCR,1500Mt-noCostDecrease,IL,missing,biogas_subpeak_steam/CT,missing,missing,missing,missing,missing,missing,missing,missing,EJ
1072,0.0,0.0,0.000364585,0.0003020758,0.0005486121,0.0010431426,0.0012529078,0.0020164054999999,0.0028170027,CDRIA-2050-noCR,1500Mt-noCostDecrease,IL,missing,biomass_base_IGCC,missing,missing,missing,missing,missing,missing,missing,missing,EJ
1073,0.0,0.0,0.0,4.18006e-05,0.0002663535,0.0015083656,0.0021950006,0.0107306959,0.0252725080999999,CDRIA-2050-noCR,1500Mt-noCostDecrease,IL,missing,biomass_base_IGCC_CCS,missing,missing,missing,missing,missing,missing,missing,missing,EJ
1074,0.00029540800000000004,0.0011225,0.0008622079,0.0005691486,0.0010172901,0.0017861767,0.0019018032,0.0025616804,0.00316173568,CDRIA-2050-noCR,1500Mt-noCostDecrease,IL,missing,biomass_base_conv,missing,missing,missing,missing,missing,missing,missing,missing,EJ
1075,0.0,0.0,0.0,4.79421e-05,0.0003834409,0.0033977138,0.0048617651,0.0539995173,0.1418850368,CDRIA-2050-noCR,1500Mt-noCostDecrease,IL,missing,biomass_base_conv_CCS,missing,missing,missing,missing,missing,missing,missing,missing,EJ
1076,0.0,0.0,4.76999e-05,5.349425e-05,7.043236999999999e-05,0.00012445523,0.00015565582,0.00031035033,0.00053207565,CDRIA-2050-noCR,1500Mt-noCostDecrease,IL,missing,biomass_int_IGCC,missing,missing,missing,missing,missing,missing,missing,missing,EJ
1077,0.0,0.0,0.0,3.45505e-06,1.378292e-05,5.727856e-05,8.375296e-05,0.00027436375000000005,0.0005750932300000001,CDRIA-2050-noCR,1500Mt-noCostDecrease,IL,missing,biomass_int_IGCC_CCS,missing,missing,missing,missing,missing,missing,missing,missing,EJ
1078,0.000295407,0.001122499,0.000615649,0.0006746510999999999,0.0006537199000000001,0.0008251609999999999,0.0008050396000000001,0.0010523069,0.0013718283,CDRIA-2050-noCR,1500Mt-noCostDecrease,IL,missing,biomass_int_conv,missing,missing,missing,missing,missing,missing,missing,missing,EJ
1079,0.0,0.0,0.0,5.26296e-06,2.305944e-05,0.00011059175,0.00016109466,0.00059942682,0.0012819328899999,CDRIA-2050-noCR,1500Mt-noCostDecrease,IL,missing,biomass_int_conv_CCS,missing,missing,missing,missing,missing,missing,missing,missing,EJ
1080,0.0,0.0,0.0,0.002028979,0.00682027,0.013289788,0.016787108,0.022964758,0.0308048859999999,CDRIA-2050-noCR,1500Mt-noCostDecrease,IL,missing,coal_base_IGCC_CCS,missing,missing,missing,missing,missing,missing,missing,missing,EJ
1081,0.06833401,0.13556591,0.0,0.0,0.0,0.0,0.0,0.0,0.0,CDRIA-2050-noCR,1500Mt-noCostDecrease,IL,missing,coal_base_conv pul,missing,missing,missing,missing,missing,missing,missing,missing,EJ
1082,0.0,0.0,0.008649046,0.007692357,0.003664827,0.0,0.0,0.0,0.0,CDRIA-2050-noCR,1500Mt-noCostDecrease,IL,missing,coal_base_conv pul 1951-1955,missing,missing,missing,missing,missing,missing,missing,missing,EJ
1083,0.0,0.0,0.003620934,0.002806538,0.0,0.0,0.0,0.0,0.0,CDRIA-2050-noCR,1500Mt-noCostDecrease,IL,missing,coal_base_conv pul 1956-1960,missing,missing,missing,missing,missing,missing,missing,missing,EJ
1084,0.0,0.0,0.006186021,0.004138984,0.0,0.0,0.0,0.0,0.0,CDRIA-2050-noCR,1500Mt-noCostDecrease,IL,missing,coal_base_conv pul 1961-1965,missing,missing,missing,missing,missing,missing,missing,missing,EJ
1085,0.0,0.0,0.016985261,0.016933392,0.0119135289999999,0.002589265,0.002631672,9.920378e-05,0.0,CDRIA-2050-noCR,1500Mt-noCostDecrease,IL,missing,coal_base_conv pul 1966-1970,missing,missing,missing,missing,missing,missing,missing,missing,EJ
1086,0.0,0.0,0.02434124,0.02426687,0.01707306,0.003710617,0.003771409,0.00014216704,0.0,CDRIA-2050-noCR,1500Mt-noCostDecrease,IL,missing,coal_base_conv pul 1971-1975,missing,missing,missing,missing,missing,missing,missing,missing,EJ
1087,0.0,0.0,0.016903557,0.0164288049999999,0.010404205,0.0015915175,0.0,0.0,0.0,CDRIA-2050-noCR,1500Mt-noCostDecrease,IL,missing,coal_base_conv pul 1976-1980,missing,missing,missing,missing,missing,missing,missing,missing,EJ
1088,0.0,0.0,0.0010246708,0.0010241786,0.0007288786000000001,0.00016650824000000002,0.0002060475,1.3938001e-05,6.654988e-06,CDRIA-2050-noCR,1500Mt-noCostDecrease,IL,missing,coal_base_conv pul 1986-1990,missing,missing,missing,missing,missing,missing,missing,missing,EJ
1089,0.0,0.0,0.0005794373,0.0005791657,0.0004121964,9.418484e-05,0.00011666627,7.926944e-06,3.859229e-06,CDRIA-2050-noCR,1500Mt-noCostDecrease,IL,missing,coal_base_conv pul 1991-1995,missing,missing,missing,missing,missing,missing,missing,missing,EJ
1090,0.0,0.0,0.0007049379,0.0007046091,0.0005014827,0.00011459403,0.00014198972,9.660528e-06,4.731411e-06,CDRIA-2050-noCR,1500Mt-noCostDecrease,IL,missing,coal_base_conv pul 1996-2000,missing,missing,missing,missing,missing,missing,missing,missing,EJ
1091,0.0,0.0,0.0008443774,0.0008439849,0.0006006815,0.0001372656,0.00017010062,1.1578983e-05,5.683937e-06,CDRIA-2050-noCR,1500Mt-noCostDecrease,IL,missing,coal_base_conv pul 2001-2005,missing,missing,missing,missing,missing,missing,missing,missing,EJ
1092,0.0,0.0,0.001944148,0.001943245,0.0013830495,0.0003160498,0.000391656,2.666197e-05,1.3090794e-05,CDRIA-2050-noCR,1500Mt-noCostDecrease,IL,missing,coal_base_conv pul 2006-2010,missing,missing,missing,missing,missing,missing,missing,missing,EJ
1093,0.0,0.0,0.0199665399999999,0.01995724,0.014204029,0.003245863,0.004022348,0.0002738236,0.00013445101000000002,CDRIA-2050-noCR,1500Mt-noCostDecrease,IL,missing,coal_base_conv pul 2011-2015,missing,missing,missing,missing,missing,missing,missing,missing,EJ
1094,0.0,0.0,0.0,0.0025113699999999,0.00795486,0.01485198,0.01846146,0.02444489,0.03187295,CDRIA-2050-noCR,1500Mt-noCostDecrease,IL,missing,coal_base_conv pul_CCS,missing,missing,missing,missing,missing,missing,missing,missing,EJ
1095,0.016837268,0.03340301,0.0,0.0,0.0,0.0,0.0,0.0,0.0,CDRIA-2050-noCR,1500Mt-noCostDecrease,IL,missing,coal_base_conv pul_retire_2020,missing,missing,missing,missing,missing,missing,missing,missing,EJ
1096,0.0,0.0,0.0,0.0001393061,0.000357911,0.0008675092000000001,0.0011312063,0.0021883879,0.0035620361,CDRIA-2050-noCR,1500Mt-noCostDecrease,IL,missing,coal_int_IGCC_CCS,missing,missing,missing,missing,missing,missing,missing,missing,EJ
1097,0.09830645,0.14724505,0.0,0.0,0.0,0.0,0.0,0.0,0.0,CDRIA-2050-noCR,1500Mt-noCostDecrease,IL,missing,coal_int_conv pul,missing,missing,missing,missing,missing,missing,missing,missing,EJ
1098,0.0,0.0,0.010249349,0.0091195659999999,0.005747068,0.0,0.0,0.0,0.0,CDRIA-2050-noCR,1500Mt-noCostDecrease,IL,missing,coal_int_conv pul 1951-1955,missing,missing,missing,missing,missing,missing,missing,missing,EJ
1099,0.0,0.0,0.004290901,0.003327242,0.0,0.0,0.0,0.0,0.0,CDRIA-2050-noCR,1500Mt-noCostDecrease,IL,missing,coal_int_conv pul 1956-1960,missing,missing,missing,missing,missing,missing,missing,missing,EJ
1100,0.0,0.0,0.007330594,0.00490691,0.0,0.0,0.0,0.0,0.0,CDRIA-2050-noCR,1500Mt-noCostDecrease,IL,missing,coal_int_conv pul 1961-1965,missing,missing,missing,missing,missing,missing,missing,missing,EJ
1101,0.0,0.0,0.020128,0.0200751399999999,0.01868247,0.0126428669999999,0.011527687,0.003314145,0.0,CDRIA-2050-noCR,1500Mt-noCostDecrease,IL,missing,coal_int_conv pul 1966-1970,missing,missing,missing,missing,missing,missing,missing,missing,EJ
1102,0.0,0.0,0.0288449699999999,0.02876932,0.02677353,0.01811825,0.016520116,0.004749446,0.0,CDRIA-2050-noCR,1500Mt-noCostDecrease,IL,missing,coal_int_conv pul 1971-1975,missing,missing,missing,missing,missing,missing,missing,missing,EJ
1103,0.0,0.0,0.02003114,0.01947696,0.016315576,0.007771083,0.0,0.0,0.0,CDRIA-2050-noCR,1500Mt-noCostDecrease,IL,missing,coal_int_conv pul 1976-1980,missing,missing,missing,missing,missing,missing,missing,missing,EJ
1104,0.0,0.0,0.0012142623,0.0012142018,0.0011430065,0.0008130279999999999,0.0009025631,0.0004656337,0.0003839084,CDRIA-2050-noCR,1500Mt-noCostDecrease,IL,missing,coal_int_conv pul 1986-1990,missing,missing,missing,missing,missing,missing,missing,missing,EJ
1105,0.0,0.0,0.0006866492,0.0006866227,0.0006463942000000001,0.0004598864,0.0005110408,0.0002648195,0.0002226287,CDRIA-2050-noCR,1500Mt-noCostDecrease,IL,missing,coal_int_conv pul 1991-1995,missing,missing,missing,missing,missing,missing,missing,missing,EJ
1106,0.0,0.0,0.0008353699,0.0008353412,0.0007864111,0.0005595417,0.0006219666,0.0003227338,0.0002729431,CDRIA-2050-noCR,1500Mt-noCostDecrease,IL,missing,coal_int_conv pul 1996-2000,missing,missing,missing,missing,missing,missing,missing,missing,EJ
1107,0.0,0.0,0.0010006094,0.0010005754999999,0.0009419721,0.0006702427,0.0007451018,0.000386825,0.0003278911,CDRIA-2050-noCR,1500Mt-noCostDecrease,IL,missing,coal_int_conv pul 2001-2005,missing,missing,missing,missing,missing,missing,missing,missing,EJ
1108,0.0,0.0,0.002303871,0.002303797,0.002168854,0.0015432135,0.0017155946,0.0008907071,0.0007551734,CDRIA-2050-noCR,1500Mt-noCostDecrease,IL,missing,coal_int_conv pul 2006-2010,missing,missing,missing,missing,missing,missing,missing,missing,EJ
1109,0.0,0.0,0.0236609599999999,0.0236601099999999,0.0222744,0.015848941,0.01761935,0.009147749,0.007756126,CDRIA-2050-noCR,1500Mt-noCostDecrease,IL,missing,coal_int_conv pul 2011-2015,missing,missing,missing,missing,missing,missing,missing,missing,EJ
1110,0.0,0.0,0.0,0.0001792908,0.0004384559,0.0010046738,0.0012845769,0.0023558725,0.0037071901999999,CDRIA-2050-noCR,1500Mt-noCostDecrease,IL,missing,coal_int_conv pul_CCS,missing,missing,missing,missing,missing,missing,missing,missing,EJ
1111,0.02422231,0.0362806299999999,0.0,0.0,0.0,0.0,0.0,0.0,0.0,CDRIA-2050-noCR,1500Mt-noCostDecrease,IL,missing,coal_int_conv pul_retire_2020,missing,missing,missing,missing,missing,missing,missing,missing,EJ
1112,0.0013296903,0.0,0.0,0.0,0.0,0.0,0.0,0.0,0.0,CDRIA-2050-noCR,1500Mt-noCostDecrease,IL,missing,coal_peak_conv pul,missing,missing,missing,missing,missing,missing,missing,missing,EJ
1113,0.0003276316,0.0,0.0,0.0,0.0,0.0,0.0,0.0,0.0,CDRIA-2050-noCR,1500Mt-noCostDecrease,IL,missing,coal_peak_conv pul_retire_2020,missing,missing,missing,missing,missing,missing,missing,missing,EJ
1114,0.007968892,0.0,0.0,0.0,0.0,0.0,0.0,0.0,0.0,CDRIA-2050-noCR,1500Mt-noCostDecrease,IL,missing,coal_subpeak_conv pul,missing,missing,missing,missing,missing,missing,missing,missing,EJ
1115,0.001963509,0.0,0.0,0.0,0.0,0.0,0.0,0.0,0.0,CDRIA-2050-noCR,1500Mt-noCostDecrease,IL,missing,coal_subpeak_conv pul_retire_2020,missing,missing,missing,missing,missing,missing,missing,missing,EJ
1116,0.0004368122,0.003818304,0.0768939,0.086115296,0.0986116213,0.0959919754,0.1037517879,0.0521600254,0.03894266223,CDRIA-2050-noCR,1500Mt-noCostDecrease,IL,missing,gas_base_CC,missing,missing,missing,missing,missing,missing,missing,missing,EJ
1117,0.0,0.0,0.0,0.00528592,0.01894349,0.0373922,0.04653501,0.0618702,0.07762343,CDRIA-2050-noCR,1500Mt-noCostDecrease,IL,missing,gas_base_CC_CCS,missing,missing,missing,missing,missing,missing,missing,missing,EJ
1118,0.00022970606,0.0020086008,0.039665169,0.043184332,0.0470591589999999,0.05435807,0.0578412159999999,0.067820255,0.080168567,CDRIA-2050-noCR,1500Mt-noCostDecrease,IL,missing,gas_int_CC,missing,missing,missing,missing,missing,missing,missing,missing,EJ
1119,0.0,0.0,0.0,0.000936261,0.003032447,0.007579969,0.009881838,0.018681062,0.029570093,CDRIA-2050-noCR,1500Mt-noCostDecrease,IL,missing,gas_int_CC_CCS,missing,missing,missing,missing,missing,missing,missing,missing,EJ
1120,0.00017170264,0.0019327815,0.0012283128,0.00111700435,0.00092397015,0.0007529691800000001,0.00060735177,0.00043809058,0.0003139166899999999,CDRIA-2050-noCR,1500Mt-noCostDecrease,IL,missing,gas_peak_CC,missing,missing,missing,missing,missing,missing,missing,missing,EJ
1121,0.0,0.0,0.0,2.04645e-07,4.58485e-07,6.74668e-07,9.63143e-07,1.483846e-06,3.195968e-06,CDRIA-2050-noCR,1500Mt-noCostDecrease,IL,missing,gas_peak_CC_CCS,missing,missing,missing,missing,missing,missing,missing,missing,EJ
1122,0.0001272018,0.0006798956999999999,0.00060108189,0.0005109473580000001,0.000268010471,0.000197094409,0.000182962221,0.000111141512,7.3962997e-05,CDRIA-2050-noCR,1500Mt-noCostDecrease,IL,missing,gas_peak_steam/CT,missing,missing,missing,missing,missing,missing,missing,missing,EJ
1123,0.0011125195,0.01252548,0.008352633,0.0077054867,0.0066000333,0.0055481074,0.0046169437999999,0.0037087415,0.0031088017,CDRIA-2050-noCR,1500Mt-noCostDecrease,IL,missing,gas_subpeak_CC,missing,missing,missing,missing,missing,missing,missing,missing,EJ
1124,0.0,0.0,0.0,9.20731e-06,2.035719e-05,3.0600850000000004e-05,4.468503e-05,8.923663e-05,0.00015771296999999998,CDRIA-2050-noCR,1500Mt-noCostDecrease,IL,missing,gas_subpeak_CC_CCS,missing,missing,missing,missing,missing,missing,missing,missing,EJ
1125,0.000824216,0.00440569,0.004327215,0.0037912139999999,0.0022713706,0.0017838374,0.00168354751,0.00121515298,0.00096205437,CDRIA-2050-noCR,1500Mt-noCostDecrease,IL,missing,gas_subpeak_steam/CT,missing,missing,missing,missing,missing,missing,missing,missing,EJ
1126,0.0004884,0.0004743,0.0005277,0.0005269,0.0005263,0.0005264,0.0005252,0.0005208,0.0005214,CDRIA-2050-noCR,1500Mt-noCostDecrease,IL,missing,hydro_base,missing,missing,missing,missing,missing,missing,missing,missing,EJ
1127,0.2743289,0.3480862999999999,0.3162069,0.2869274,0.2465883,0.1975254,0.1461507,0.1001364,0.0,CDRIA-2050-noCR,1500Mt-noCostDecrease,IL,missing,nuc_base_Gen II,missing,missing,missing,missing,missing,missing,missing,missing,EJ
1128,0.0,0.0,0.0,0.0,0.02107958,0.05099032,0.06570433,0.09452196,0.12917009,CDRIA-2050-noCR,1500Mt-noCostDecrease,IL,missing,nuc_base_Gen III,missing,missing,missing,missing,missing,missing,missing,missing,EJ
1129,0.0,0.0,7.59323e-05,6.18275e-05,2.87504e-05,2.96782e-05,2.70796e-05,1.94412e-05,1.22299e-05,CDRIA-2050-noCR,1500Mt-noCostDecrease,IL,missing,refined liquids_peak_steam/CT,missing,missing,missing,missing,missing,missing,missing,missing,EJ
1130,0.00456449,0.0014661,8.90378e-05,7.18783e-05,3.61344e-05,3.67043e-05,3.2642e-05,2.35898e-05,1.51222e-05,CDRIA-2050-noCR,1500Mt-noCostDecrease,IL,missing,refined liquids_subpeak_steam/CT,missing,missing,missing,missing,missing,missing,missing,missing,EJ
1131,0.0,0.0,0.00025282,0.00225799,0.00648538,0.010397,0.0134856,0.0145128,0.0156276,CDRIA-2050-noCR,1500Mt-noCostDecrease,IL,missing,rooftop_pv,missing,missing,missing,missing,missing,missing,missing,missing,EJ
1132,0.0,0.000306,0.1177998,0.1578836,0.2341354,0.3088356,0.3438927,0.3832472999999999,0.3817033999999999,CDRIA-2050-noCR,1500Mt-noCostDecrease,IL,missing,wind_base,missing,missing,missing,missing,missing,missing,missing,missing,EJ
1133,0.0,0.0,0.0,0.00229775,0.0140948499999999,0.02939575,0.03760466,0.05268436,0.06814851,CDRIA-2050-noCR,1500Mt-noCostDecrease,IL,missing,wind_base_offshore,missing,missing,missing,missing,missing,missing,missing,missing,EJ
1134,0.0,0.0,0.00201616,0.002782341,0.004423391,0.0065918109999999,0.007627251,0.009615141,0.010078931,CDRIA-2050-noCR,1500Mt-noCostDecrease,IL,missing,wind_base_storage,missing,missing,missing,missing,missing,missing,missing,missing,EJ
1135,0.0,0.0001275,0.00979182,0.00979182,0.00979182,0.00979182,0.00979182,0.0,0.0,CDRIA-2050-noCR,1500Mt-noCostDecrease,IL,missing,wind_int,missing,missing,missing,missing,missing,missing,missing,missing,EJ
1136,0.0,7.64999e-05,0.00587508,0.00587508,0.00587508,0.00587508,0.00587508,0.0,0.0,CDRIA-2050-noCR,1500Mt-noCostDecrease,IL,missing,wind_subpeak,missing,missing,missing,missing,missing,missing,missing,missing,EJ
1137,0.0,0.0,5.24772e-05,6.44644e-05,0.0001862394,0.0003805254,0.0004438722,0.0005733912,0.0006052806,CDRIA-2050-noCR,1500Mt-noCostDecrease,IN,missing,PV_base_storage,missing,missing,missing,missing,missing,missing,missing,missing,EJ
1138,0.0,0.0,0.00922912,0.01347637,0.02966747,0.04748937,0.05542311,0.07679591,0.08634249,CDRIA-2050-noCR,1500Mt-noCostDecrease,IN,missing,PV_int,missing,missing,missing,missing,missing,missing,missing,missing,EJ
1139,0.0,0.0,0.000945761,0.001163992,0.0018903,0.0019303244,0.0021215414,0.0024611574,0.0027838164,CDRIA-2050-noCR,1500Mt-noCostDecrease,IN,missing,PV_peak,missing,missing,missing,missing,missing,missing,missing,missing,EJ
1140,0.0,0.0,0.002660096,0.003921376,0.007094066,0.008489586,0.010210866,0.01308629,0.0152740999999999,CDRIA-2050-noCR,1500Mt-noCostDecrease,IN,missing,PV_subpeak,missing,missing,missing,missing,missing,missing,missing,missing,EJ
1141,0.0,0.0,0.000340335,8.446769e-05,0.00086995374,0.00149023433,0.00059282059,0.00106288371,0.000706459406,CDRIA-2050-noCR,1500Mt-noCostDecrease,IN,missing,biogas_base_CC,missing,missing,missing,missing,missing,missing,missing,missing,EJ
1142,0.0,0.0,0.0,4.43153e-05,0.000616585892,0.00141275656,0.0006003847500000001,0.0014750809399999,0.00109477567,CDRIA-2050-noCR,1500Mt-noCostDecrease,IN,missing,biogas_base_CC_CCS,missing,missing,missing,missing,missing,missing,missing,missing,EJ
1143,0.0,0.0,0.000571081,0.0001935062,0.0006434451,0.0015194749,0.0013031289,0.0038490625,0.0047859824,CDRIA-2050-noCR,1500Mt-noCostDecrease,IN,missing,biogas_int_CC,missing,missing,missing,missing,missing,missing,missing,missing,EJ
1144,0.0,0.0,0.0,6.13088e-05,0.00028642595,0.0008402968,0.0007952585,0.0029457399,0.0043816696,CDRIA-2050-noCR,1500Mt-noCostDecrease,IN,missing,biogas_int_CC_CCS,missing,missing,missing,missing,missing,missing,missing,missing,EJ
1145,0.0,0.0,1.49726e-06,3.628729e-07,1.0757216e-06,4.4351660000000004e-07,1.036487e-06,2.5708361e-06,7.4178706e-06,CDRIA-2050-noCR,1500Mt-noCostDecrease,IN,missing,biogas_peak_CC,missing,missing,missing,missing,missing,missing,missing,missing,EJ
1146,0.0,0.0,0.0,4.54481e-08,1.6030779e-07,5.764403e-08,1.506704e-07,4.711931e-07,1.4869906e-06,CDRIA-2050-noCR,1500Mt-noCostDecrease,IN,missing,biogas_peak_CC_CCS,missing,missing,missing,missing,missing,missing,missing,missing,EJ
1147,0.0,0.0,1.393007e-06,2.77135966e-07,8.838685159999998e-07,1.28043148e-07,5.52033605e-07,1.435513287e-06,5.138015899e-06,CDRIA-2050-noCR,1500Mt-noCostDecrease,IN,missing,biogas_peak_steam/CT,missing,missing,missing,missing,missing,missing,missing,missing,EJ
1148,0.0,0.0,1.3219e-05,8.451174e-06,2.017661e-05,2.323964e-05,3.622948e-05,0.00010334935,0.00014676821,CDRIA-2050-noCR,1500Mt-noCostDecrease,IN,missing,biogas_subpeak_CC,missing,missing,missing,missing,missing,missing,missing,missing,EJ
1149,0.0,0.0,0.0,1.56911e-06,4.4729129e-06,5.708441e-06,9.375968e-06,3.1933876000000004e-05,5.257123e-05,CDRIA-2050-noCR,1500Mt-noCostDecrease,IN,missing,biogas_subpeak_CC_CCS,missing,missing,missing,missing,missing,missing,missing,missing,EJ
1150,0.0,0.0,8.94624e-06,5.0094271e-06,1.240159087e-05,1.08724405e-05,1.58520997e-05,4.83169446e-05,5.9171522e-05,CDRIA-2050-noCR,1500Mt-noCostDecrease,IN,missing,biogas_subpeak_steam/CT,missing,missing,missing,missing,missing,missing,missing,missing,EJ
1151,0.0,0.0,6.83706e-05,5.8205050000000006e-05,0.00019072921,0.0005028688700000001,0.0005872718099999999,0.00092673066,0.00097425172,CDRIA-2050-noCR,1500Mt-noCostDecrease,IN,missing,biomass_base_IGCC,missing,missing,missing,missing,missing,missing,missing,missing,EJ
1152,0.0,0.0,0.0,6.81968e-06,0.00013922627,0.00095610988,0.00125502298,0.0051994415,0.00888115913,CDRIA-2050-noCR,1500Mt-noCostDecrease,IN,missing,biomass_base_IGCC_CCS,missing,missing,missing,missing,missing,missing,missing,missing,EJ
1153,0.0,3.32999e-05,0.0001971046,0.0001729247,0.0004099763,0.0008932867,0.0009048712,0.0011626513,0.00101820714,CDRIA-2050-noCR,1500Mt-noCostDecrease,IN,missing,biomass_base_conv,missing,missing,missing,missing,missing,missing,missing,missing,EJ
1154,0.0,0.0,0.0,7.83952e-06,0.00020649517,0.00220529448,0.00284734652,0.02607932668,0.04895422772,CDRIA-2050-noCR,1500Mt-noCostDecrease,IN,missing,biomass_base_conv_CCS,missing,missing,missing,missing,missing,missing,missing,missing,EJ
1155,0.0,0.0,1.844445e-05,2.177185e-05,3.614119e-05,7.574394000000001e-05,0.00010015515,0.00022039689,0.00034621961,CDRIA-2050-noCR,1500Mt-noCostDecrease,IN,missing,biomass_int_IGCC,missing,missing,missing,missing,missing,missing,missing,missing,EJ
1156,0.0,0.0,0.0,1.834182e-06,1.0468266e-05,4.2906662e-05,6.3621532e-05,0.000212616282,0.000384293358,CDRIA-2050-noCR,1500Mt-noCostDecrease,IN,missing,biomass_int_IGCC_CCS,missing,missing,missing,missing,missing,missing,missing,missing,EJ
1157,0.0,3.32999e-05,0.0003199955,0.0003592391,0.00036024461,0.0004824645,0.0004845508,0.0006896261000000001,0.0008711516999999999,CDRIA-2050-noCR,1500Mt-noCostDecrease,IN,missing,biomass_int_conv,missing,missing,missing,missing,missing,missing,missing,missing,EJ
1158,0.0,0.0,0.0,2.79781e-06,1.770198e-05,8.31294e-05,0.00012273331,0.00046643357,0.00085744116,CDRIA-2050-noCR,1500Mt-noCostDecrease,IN,missing,biomass_int_conv_CCS,missing,missing,missing,missing,missing,missing,missing,missing,EJ
1159,0.0,0.0,0.0,0.000399582,0.002904709,0.006734848,0.008116127,0.0106684839999999,0.012377024,CDRIA-2050-noCR,1500Mt-noCostDecrease,IN,missing,coal_base_IGCC_CCS,missing,missing,missing,missing,missing,missing,missing,missing,EJ
1160,0.2239717,0.2901996,0.0,0.0,0.0,0.0,0.0,0.0,0.0,CDRIA-2050-noCR,1500Mt-noCostDecrease,IN,missing,coal_base_conv pul,missing,missing,missing,missing,missing,missing,missing,missing,EJ
1161,0.0,0.0,0.0145832299999999,0.0136336799999999,0.0073484,0.0,0.0,0.0,0.0,CDRIA-2050-noCR,1500Mt-noCostDecrease,IN,missing,coal_base_conv pul 1951-1955,missing,missing,missing,missing,missing,missing,missing,missing,EJ
1162,0.0,0.0,0.00462585,0.004113889,0.001914106,0.0,0.0,0.0,0.0,CDRIA-2050-noCR,1500Mt-noCostDecrease,IN,missing,coal_base_conv pul 1956-1960,missing,missing,missing,missing,missing,missing,missing,missing,EJ
1163,0.0,0.0,0.00474502,0.00456776,0.002724963,0.000428187,0.0,0.0,0.0,CDRIA-2050-noCR,1500Mt-noCostDecrease,IN,missing,coal_base_conv pul 1961-1965,missing,missing,missing,missing,missing,missing,missing,missing,EJ
1164,0.0,0.0,0.0226362,0.02256554,0.01550462,0.003788844,0.003640512,0.0001178421,0.0,CDRIA-2050-noCR,1500Mt-noCostDecrease,IN,missing,coal_base_conv pul 1966-1970,missing,missing,missing,missing,missing,missing,missing,missing,EJ
1165,0.0,0.0,0.02725231,0.02722201,0.01887219,0.00479335,0.00534077,0.0002560642,6.94903e-05,CDRIA-2050-noCR,1500Mt-noCostDecrease,IN,missing,coal_base_conv pul 1971-1975,missing,missing,missing,missing,missing,missing,missing,missing,EJ
1166,0.0,0.0,0.0476416,0.0475958,0.03301884,0.00841141,0.0094910599999999,0.000476191,0.000142725,CDRIA-2050-noCR,1500Mt-noCostDecrease,IN,missing,coal_base_conv pul 1976-1980,missing,missing,missing,missing,missing,missing,missing,missing,EJ
1167,0.0,0.0,0.0458231,0.0457334999999999,0.03158648,0.00789151,0.00822624,0.00032190180000000004,0.0,CDRIA-2050-noCR,1500Mt-noCostDecrease,IN,missing,coal_base_conv pul 1981-1985,missing,missing,missing,missing,missing,missing,missing,missing,EJ
1168,0.0,0.0,0.03145327,0.03143485,0.02184427,0.00560672,0.0065374499999999,0.0003742652,0.00016787760000000002,CDRIA-2050-noCR,1500Mt-noCostDecrease,IN,missing,coal_base_conv pul 1986-1990,missing,missing,missing,missing,missing,missing,missing,missing,EJ
1169,0.0,0.0,5.8077000000000007e-05,5.80461e-05,4.0345940000000006e-05,1.036633e-05,1.21437e-05,7.097209999999999e-07,3.474601e-07,CDRIA-2050-noCR,1500Mt-noCostDecrease,IN,missing,coal_base_conv pul 1996-2000,missing,missing,missing,missing,missing,missing,missing,missing,EJ
1170,0.0,0.0,0.01056192,0.01055631,0.00733738,0.001885257,0.002208607,0.000129108,6.32721e-05,CDRIA-2050-noCR,1500Mt-noCostDecrease,IN,missing,coal_base_conv pul 2011-2015,missing,missing,missing,missing,missing,missing,missing,missing,EJ
1171,0.0,0.0,0.0,0.000489051,0.003311541,0.0073685969999999,0.008783493,0.011220467,0.012780726,CDRIA-2050-noCR,1500Mt-noCostDecrease,IN,missing,coal_base_conv pul_CCS,missing,missing,missing,missing,missing,missing,missing,missing,EJ
1172,0.002245011,0.0029088639999999,0.0,0.0,0.0,0.0,0.0,0.0,0.0,CDRIA-2050-noCR,1500Mt-noCostDecrease,IN,missing,coal_base_conv pul_retire_2020,missing,missing,missing,missing,missing,missing,missing,missing,EJ
1173,0.0,0.0,0.0,7.37181e-05,0.00025472120000000003,0.0006297289000000001,0.000832885,0.0016447700999999,0.0024140866,CDRIA-2050-noCR,1500Mt-noCostDecrease,IN,missing,coal_int_IGCC_CCS,missing,missing,missing,missing,missing,missing,missing,missing,EJ
1174,0.1346257,0.1761567,0.0,0.0,0.0,0.0,0.0,0.0,0.0,CDRIA-2050-noCR,1500Mt-noCostDecrease,IN,missing,coal_int_conv pul,missing,missing,missing,missing,missing,missing,missing,missing,EJ
1175,0.0,0.0,0.00672646,0.00629144,0.00450557,0.0,0.0,0.0,0.0,CDRIA-2050-noCR,1500Mt-noCostDecrease,IN,missing,coal_int_conv pul 1951-1955,missing,missing,missing,missing,missing,missing,missing,missing,EJ
1176,0.0,0.0,0.002133659,0.001898409,0.0011736049999999,0.0,0.0,0.0,0.0,CDRIA-2050-noCR,1500Mt-noCostDecrease,IN,missing,coal_int_conv pul 1956-1960,missing,missing,missing,missing,missing,missing,missing,missing,EJ
1177,0.0,0.0,0.002188622,0.002107851,0.001670771,0.0007074150000000001,0.0,0.0,0.0,CDRIA-2050-noCR,1500Mt-noCostDecrease,IN,missing,coal_int_conv pul 1961-1965,missing,missing,missing,missing,missing,missing,missing,missing,EJ
1178,0.0,0.0,0.01044087,0.01041315,0.00950643,0.00625961,0.0057792,0.001642782,0.0,CDRIA-2050-noCR,1500Mt-noCostDecrease,IN,missing,coal_int_conv pul 1966-1970,missing,missing,missing,missing,missing,missing,missing,missing,EJ
1179,0.0,0.0,0.01257002,0.01256194,0.0115712,0.00791917,0.00847832,0.003569664,0.001759572,CDRIA-2050-noCR,1500Mt-noCostDecrease,IN,missing,coal_int_conv pul 1971-1975,missing,missing,missing,missing,missing,missing,missing,missing,EJ
1180,0.0,0.0,0.0219745,0.02196366,0.02024501,0.01389664,0.01506678,0.00663836,0.003613958,CDRIA-2050-noCR,1500Mt-noCostDecrease,IN,missing,coal_int_conv pul 1976-1980,missing,missing,missing,missing,missing,missing,missing,missing,EJ
1181,0.0,0.0,0.02113573,0.0211043,0.01936673,0.01303769,0.01305892,0.00448748,0.0,CDRIA-2050-noCR,1500Mt-noCostDecrease,IN,missing,coal_int_conv pul 1981-1985,missing,missing,missing,missing,missing,missing,missing,missing,EJ
1182,0.0,0.0,0.01450769,0.0145059999999999,0.01339348,0.0092629499999999,0.0103780199999999,0.00521745,0.004250837,CDRIA-2050-noCR,1500Mt-noCostDecrease,IN,missing,coal_int_conv pul 1986-1990,missing,missing,missing,missing,missing,missing,missing,missing,EJ
1183,0.0,0.0,2.67878e-05,2.67861e-05,2.473754e-05,1.71264e-05,1.927779e-05,9.89388e-06,8.79806e-06,CDRIA-2050-noCR,1500Mt-noCostDecrease,IN,missing,coal_int_conv pul 1996-2000,missing,missing,missing,missing,missing,missing,missing,missing,EJ
1184,0.0,0.0,0.00487165,0.00487134,0.0044988,0.003114672,0.0035060969999999,0.001799834,0.001602119,CDRIA-2050-noCR,1500Mt-noCostDecrease,IN,missing,coal_int_conv pul 2011-2015,missing,missing,missing,missing,missing,missing,missing,missing,EJ
1185,0.0,0.0,0.0,9.44248e-05,0.0003081915,0.0007235617,0.0009386097,0.001759475,0.0025147840999999,CDRIA-2050-noCR,1500Mt-noCostDecrease,IN,missing,coal_int_conv pul_CCS,missing,missing,missing,missing,missing,missing,missing,missing,EJ
1186,0.001349439,0.001765732,0.0,0.0,0.0,0.0,0.0,0.0,0.0,CDRIA-2050-noCR,1500Mt-noCostDecrease,IN,missing,coal_int_conv pul_retire_2020,missing,missing,missing,missing,missing,missing,missing,missing,EJ
1187,0.001383392,0.0,0.0,0.0,0.0,0.0,0.0,0.0,0.0,CDRIA-2050-noCR,1500Mt-noCostDecrease,IN,missing,coal_peak_conv pul,missing,missing,missing,missing,missing,missing,missing,missing,EJ
1188,1.386661e-05,0.0,0.0,0.0,0.0,0.0,0.0,0.0,0.0,CDRIA-2050-noCR,1500Mt-noCostDecrease,IN,missing,coal_peak_conv pul_retire_2020,missing,missing,missing,missing,missing,missing,missing,missing,EJ
1189,0.0095972,0.0,0.0,0.0,0.0,0.0,0.0,0.0,0.0,CDRIA-2050-noCR,1500Mt-noCostDecrease,IN,missing,coal_subpeak_conv pul,missing,missing,missing,missing,missing,missing,missing,missing,EJ
1190,9.61989e-05,0.0,0.0,0.0,0.0,0.0,0.0,0.0,0.0,CDRIA-2050-noCR,1500Mt-noCostDecrease,IN,missing,coal_subpeak_conv pul_retire_2020,missing,missing,missing,missing,missing,missing,missing,missing,EJ
1191,0.00030811,0.0023066,0.02270247,0.0247785599999999,0.03718795,0.04425809,0.04679889,0.025954701,0.017270435,CDRIA-2050-noCR,1500Mt-noCostDecrease,IN,missing,gas_base_CC,missing,missing,missing,missing,missing,missing,missing,missing,EJ
1192,0.0,0.0,0.0,0.000976732,0.01049645,0.02478562,0.029564171,0.038261447,0.042238704,CDRIA-2050-noCR,1500Mt-noCostDecrease,IN,missing,gas_base_CC_CCS,missing,missing,missing,missing,missing,missing,missing,missing,EJ
1193,0.000296709,0.00222099,0.0484005,0.04858701,0.05002371,0.05316506,0.05336357,0.05922891,0.06452763,CDRIA-2050-noCR,1500Mt-noCostDecrease,IN,missing,gas_int_CC,missing,missing,missing,missing,missing,missing,missing,missing,EJ
1194,0.0,0.0,0.0,0.000587769,0.002601377,0.006438264,0.008480119,0.016180226,0.02312985,CDRIA-2050-noCR,1500Mt-noCostDecrease,IN,missing,gas_int_CC_CCS,missing,missing,missing,missing,missing,missing,missing,missing,EJ
1195,0.000142706,0.00137599,4.64594e-06,5.599714999999999e-06,8.378140999999999e-06,8.4152021e-06,1.01386207e-05,1.3508186400000004e-05,2.6828207e-05,CDRIA-2050-noCR,1500Mt-noCostDecrease,IN,missing,gas_peak_CC,missing,missing,missing,missing,missing,missing,missing,missing,EJ
1196,0.0,0.0,0.0,8.33977e-08,3.57612e-07,3.852002e-07,5.475251e-07,9.774290999999998e-07,2.6550085e-06,CDRIA-2050-noCR,1500Mt-noCostDecrease,IN,missing,gas_peak_CC_CCS,missing,missing,missing,missing,missing,missing,missing,missing,EJ
1197,0.0001057044,0.000483998,4.018683e-06,4.442921e-06,5.111021000000001e-06,4.092458599999999e-06,5.686563599999999e-06,6.795627600000002e-06,1.38853533e-05,CDRIA-2050-noCR,1500Mt-noCostDecrease,IN,missing,gas_peak_steam/CT,missing,missing,missing,missing,missing,missing,missing,missing,EJ
1198,0.000685921,0.00661289,0.006505329,0.0060136196,0.005244015,0.0044291853999999,0.003696339,0.0030455187,0.0025911738,CDRIA-2050-noCR,1500Mt-noCostDecrease,IN,missing,gas_subpeak_CC,missing,missing,missing,missing,missing,missing,missing,missing,EJ
1199,0.0,0.0,0.0,7.28963e-06,1.944488e-05,2.944157e-05,4.4071380000000005e-05,8.912427e-05,0.00014247618,CDRIA-2050-noCR,1500Mt-noCostDecrease,IN,missing,gas_subpeak_CC_CCS,missing,missing,missing,missing,missing,missing,missing,missing,EJ
1200,0.000508116,0.002325992,0.003433141,0.0030901288,0.0020585374,0.0016296459999999,0.0015331008,0.001156627,0.0009588999,CDRIA-2050-noCR,1500Mt-noCostDecrease,IN,missing,gas_subpeak_steam/CT,missing,missing,missing,missing,missing,missing,missing,missing,EJ
1201,0.0014969,0.0016113,0.0016359,0.0016334,0.0016317,0.0016319,0.0016282,0.0016146,0.0016164,CDRIA-2050-noCR,1500Mt-noCostDecrease,IN,missing,hydro_base,missing,missing,missing,missing,missing,missing,missing,missing,EJ
1202,0.0,0.0,0.00130593039,0.00111390828,0.000495164574,0.000534745733,0.000505057677,0.000371392283,0.000248577247,CDRIA-2050-noCR,1500Mt-noCostDecrease,IN,missing,refined liquids_peak_steam/CT,missing,missing,missing,missing,missing,missing,missing,missing,EJ
1203,0.0028752847,0.00110459537,0.00184712747,0.00147514025,0.000698221303,0.00073996154,0.0006755462809999999,0.000496956223,0.000335288127,CDRIA-2050-noCR,1500Mt-noCostDecrease,IN,missing,refined liquids_subpeak_steam/CT,missing,missing,missing,missing,missing,missing,missing,missing,EJ
1204,0.0,0.0,0.000134743,0.00147301,0.00469357,0.00795121,0.00975323,0.00908661,0.00974177,CDRIA-2050-noCR,1500Mt-noCostDecrease,IN,missing,rooftop_pv,missing,missing,missing,missing,missing,missing,missing,missing,EJ
1205,0.0,0.0,0.02580856,0.03259424,0.08311504,0.13574074,0.15348884,0.1870044799999999,0.20448608,CDRIA-2050-noCR,1500Mt-noCostDecrease,IN,missing,wind_base,missing,missing,missing,missing,missing,missing,missing,missing,EJ
1206,0.0,0.0,0.0,0.000371791,0.008057401,0.018971701,0.022060631,0.023057854,0.023110632,CDRIA-2050-noCR,1500Mt-noCostDecrease,IN,missing,wind_base_offshore,missing,missing,missing,missing,missing,missing,missing,missing,EJ
1207,0.0,0.0,0.000321374,0.00043614,0.001343043,0.002680483,0.003129304,0.004322924,0.0048267899999999,CDRIA-2050-noCR,1500Mt-noCostDecrease,IN,missing,wind_base_storage,missing,missing,missing,missing,missing,missing,missing,missing,EJ
1208,0.0,0.0,0.00411476,0.00411476,0.00411476,0.00411476,0.00411476,0.0,0.0,CDRIA-2050-noCR,1500Mt-noCostDecrease,IN,missing,wind_int,missing,missing,missing,missing,missing,missing,missing,missing,EJ
1209,0.0,0.0,0.00246892,0.00246892,0.00246892,0.00246892,0.00246892,0.0,0.0,CDRIA-2050-noCR,1500Mt-noCostDecrease,IN,missing,wind_subpeak,missing,missing,missing,missing,missing,missing,missing,missing,EJ
1210,0.0,0.0,6.76558e-06,1.366068e-05,5.867968e-05,0.00014831778,0.00017194248,0.00022829898,0.0002444418,CDRIA-2050-noCR,1500Mt-noCostDecrease,IA,missing,PV_base_storage,missing,missing,missing,missing,missing,missing,missing,missing,EJ
1211,0.0,0.0,0.0020021,0.00430077,0.01235507,0.02092856,0.0236659499999999,0.03304954,0.03657267,CDRIA-2050-noCR,1500Mt-noCostDecrease,IA,missing,PV_int,missing,missing,missing,missing,missing,missing,missing,missing,EJ
1212,0.0,0.0,0.000162049,0.000275861,0.0005253479999999999,0.0006085441,0.0007348611,0.0008600341,0.0009869171,CDRIA-2050-noCR,1500Mt-noCostDecrease,IA,missing,PV_peak,missing,missing,missing,missing,missing,missing,missing,missing,EJ
1213,0.0,0.0,7.98451e-05,0.0003045351,0.0008575721000000001,0.0009543532,0.0013337272,0.0044370472,0.0050441661,CDRIA-2050-noCR,1500Mt-noCostDecrease,IA,missing,PV_subpeak,missing,missing,missing,missing,missing,missing,missing,missing,EJ
1214,0.0,0.0,3.90457e-05,4.2261313e-05,0.000285512662,0.0006060280600000001,0.000192684978,0.000403622654,0.000172925965,CDRIA-2050-noCR,1500Mt-noCostDecrease,IA,missing,biogas_base_CC,missing,missing,missing,missing,missing,missing,missing,missing,EJ
1215,0.0,0.0,0.0,2.23677e-05,0.000200328717,0.000569339429,0.000194011736,0.000545224038,0.000271689534,CDRIA-2050-noCR,1500Mt-noCostDecrease,IA,missing,biogas_base_CC_CCS,missing,missing,missing,missing,missing,missing,missing,missing,EJ
1216,0.0,0.0,0.000108363,7.890434e-05,0.0002278627,0.0005325801,0.00030540630000000003,0.0014433943,0.0014833387,CDRIA-2050-noCR,1500Mt-noCostDecrease,IA,missing,biogas_int_CC,missing,missing,missing,missing,missing,missing,missing,missing,EJ
1217,0.0,0.0,0.0,2.79828e-05,0.00010441955,0.00030500776,0.00019719508,0.0011248445,0.0014510229,CDRIA-2050-noCR,1500Mt-noCostDecrease,IA,missing,biogas_int_CC_CCS,missing,missing,missing,missing,missing,missing,missing,missing,EJ
1218,0.0,0.0,2.19393e-07,1.4072182e-07,2.6213703e-07,2.265385e-07,3.6489410000000003e-07,8.567481e-07,1.7509876e-06,CDRIA-2050-noCR,1500Mt-noCostDecrease,IA,missing,biogas_peak_CC,missing,missing,missing,missing,missing,missing,missing,missing,EJ
1219,0.0,0.0,0.0,1.96683e-08,3.9861075e-08,3.650435e-08,6.10052e-08,1.771589e-07,3.807339e-07,CDRIA-2050-noCR,1500Mt-noCostDecrease,IA,missing,biogas_peak_CC_CCS,missing,missing,missing,missing,missing,missing,missing,missing,EJ
1220,0.0,0.0,2.052294e-07,1.19694609e-07,2.2140691900000002e-07,1.5500571399999997e-07,2.5380694e-07,4.920635250000001e-07,1.117979987e-06,CDRIA-2050-noCR,1500Mt-noCostDecrease,IA,missing,biogas_peak_steam/CT,missing,missing,missing,missing,missing,missing,missing,missing,EJ
1221,0.0,0.0,5.00515e-07,1.1756347e-06,2.4967639e-06,1.2800848e-06,4.3155355e-06,5.984943e-05,3.8665197e-05,CDRIA-2050-noCR,1500Mt-noCostDecrease,IA,missing,biogas_subpeak_CC,missing,missing,missing,missing,missing,missing,missing,missing,EJ
1222,0.0,0.0,0.0,2.36438e-07,5.6324944e-07,3.388245e-07,1.1188604e-06,1.7556072000000003e-05,1.7332949999999998e-05,CDRIA-2050-noCR,1500Mt-noCostDecrease,IA,missing,biogas_subpeak_CC_CCS,missing,missing,missing,missing,missing,missing,missing,missing,EJ
1223,0.0,0.0,3.407198e-07,7.594899139999999e-07,1.5917021570000002e-06,5.973231619999999e-07,2.4615662860000006e-06,3.652791057e-05,1.0945010730000004e-05,CDRIA-2050-noCR,1500Mt-noCostDecrease,IA,missing,biogas_subpeak_steam/CT,missing,missing,missing,missing,missing,missing,missing,missing,EJ
1224,0.0,0.0,9.42292e-06,1.245561e-05,5.593039e-05,0.00018391191000000003,0.00020280008,0.00030853552,0.00027298006,CDRIA-2050-noCR,1500Mt-noCostDecrease,IA,missing,biomass_base_IGCC,missing,missing,missing,missing,missing,missing,missing,missing,EJ
1225,0.0,0.0,0.0,3.69997e-06,4.730492e-05,0.00036448447,0.00045723757,0.0017900516899999,0.0025528048399999,CDRIA-2050-noCR,1500Mt-noCostDecrease,IA,missing,biomass_base_IGCC_CCS,missing,missing,missing,missing,missing,missing,missing,missing,EJ
1226,2.27007e-05,0.0001394015,3.665586e-05,4.0869020000000006e-05,0.00012004479,0.00032478325,0.00029860536000000004,0.00037291069,0.00026484086,CDRIA-2050-noCR,1500Mt-noCostDecrease,IA,missing,biomass_base_conv,missing,missing,missing,missing,missing,missing,missing,missing,EJ
1227,0.0,0.0,0.0,4.19987e-06,6.824631e-05,0.00081156456,0.00100336467,0.00802978565,0.01222065215,CDRIA-2050-noCR,1500Mt-noCostDecrease,IA,missing,biomass_base_conv_CCS,missing,missing,missing,missing,missing,missing,missing,missing,EJ
1228,0.0,0.0,3.39088e-06,5.093936000000001e-06,1.0096863e-05,2.475305e-05,3.0562634000000004e-05,7.9242806e-05,0.00011276766599999998,CDRIA-2050-noCR,1500Mt-noCostDecrease,IA,missing,biomass_int_IGCC,missing,missing,missing,missing,missing,missing,missing,missing,EJ
1229,0.0,0.0,0.0,8.09994e-07,3.853129e-06,1.5698323999999997e-05,2.0798134e-05,7.9405843e-05,0.000124495132,CDRIA-2050-noCR,1500Mt-noCostDecrease,IA,missing,biomass_int_IGCC_CCS,missing,missing,missing,missing,missing,missing,missing,missing,EJ
1230,2.27006e-05,0.00013940129999999998,0.0001202625,0.00013704101,0.00012069245,0.00017569605,0.00016396334,0.00026055839,0.00029749388,CDRIA-2050-noCR,1500Mt-noCostDecrease,IA,missing,biomass_int_conv,missing,missing,missing,missing,missing,missing,missing,missing,EJ
1231,0.0,0.0,0.0,1.22608e-06,6.42871e-06,3.003453e-05,3.967182e-05,0.00017277744,0.0002738144,CDRIA-2050-noCR,1500Mt-noCostDecrease,IA,missing,biomass_int_conv_CCS,missing,missing,missing,missing,missing,missing,missing,missing,EJ
1232,0.0,0.0,0.0,0.0002071931,0.001037948,0.0026181942,0.0030763761,0.0040461175,0.0044446459,CDRIA-2050-noCR,1500Mt-noCostDecrease,IA,missing,coal_base_IGCC_CCS,missing,missing,missing,missing,missing,missing,missing,missing,EJ
1233,0.0521515,0.0739178,0.0,0.0,0.0,0.0,0.0,0.0,0.0,CDRIA-2050-noCR,1500Mt-noCostDecrease,IA,missing,coal_base_conv pul,missing,missing,missing,missing,missing,missing,missing,missing,EJ
1234,0.0,0.0,0.0001003314,7.776549999999999e-05,0.0,0.0,0.0,0.0,0.0,CDRIA-2050-noCR,1500Mt-noCostDecrease,IA,missing,coal_base_conv pul 1956-1960,missing,missing,missing,missing,missing,missing,missing,missing,EJ
1235,0.0,0.0,0.00244396,0.0017703649999999,0.0,0.0,0.0,0.0,0.0,CDRIA-2050-noCR,1500Mt-noCostDecrease,IA,missing,coal_base_conv pul 1966-1970,missing,missing,missing,missing,missing,missing,missing,missing,EJ
1236,0.0,0.0,0.00476249,0.00475824,0.0032181099999999,0.0008497019999999999,0.0008865679999999999,3.2487800000000004e-05,1.23055e-05,CDRIA-2050-noCR,1500Mt-noCostDecrease,IA,missing,coal_base_conv pul 1971-1975,missing,missing,missing,missing,missing,missing,missing,missing,EJ
1237,0.0,0.0,0.0169552499999999,0.0169444399999999,0.011473,0.00304471,0.0032475,0.0001296935,6.228829999999999e-05,CDRIA-2050-noCR,1500Mt-noCostDecrease,IA,missing,coal_base_conv pul 1976-1980,missing,missing,missing,missing,missing,missing,missing,missing,EJ
1238,0.0,0.0,0.01913612,0.0191259,0.01295607,0.00344542,0.00370877,0.0001539707,8.4853e-05,CDRIA-2050-noCR,1500Mt-noCostDecrease,IA,missing,coal_base_conv pul 1981-1985,missing,missing,missing,missing,missing,missing,missing,missing,EJ
1239,0.0,0.0,0.000738197,0.0007378440000000001,0.000499946,0.0001330986,0.0001439805,6.1083000000000005e-06,3.67863e-06,CDRIA-2050-noCR,1500Mt-noCostDecrease,IA,missing,coal_base_conv pul 1986-1990,missing,missing,missing,missing,missing,missing,missing,missing,EJ
1240,0.0,0.0,0.0002302663,0.0002301596,0.00015595989999999998,4.15316e-05,4.49806e-05,1.918428e-06,1.1825870000000002e-06,CDRIA-2050-noCR,1500Mt-noCostDecrease,IA,missing,coal_base_conv pul 1991-1995,missing,missing,missing,missing,missing,missing,missing,missing,EJ
1241,0.0,0.0,0.000844923,0.000844529,0.0005722679999999999,0.000152393,0.0001650485,7.03934e-06,4.3393e-06,CDRIA-2050-noCR,1500Mt-noCostDecrease,IA,missing,coal_base_conv pul 1996-2000,missing,missing,missing,missing,missing,missing,missing,missing,EJ
1242,0.0,0.0,4.63895e-05,4.6368e-05,3.14201e-05,8.36748e-06,9.06436e-06,3.86977e-07,2.39598e-07,CDRIA-2050-noCR,1500Mt-noCostDecrease,IA,missing,coal_base_conv pul 2001-2005,missing,missing,missing,missing,missing,missing,missing,missing,EJ
1243,0.0,0.0,0.01351001,0.01350374,0.0091504799999999,0.00243687,0.00263984,0.0001127039,6.9791e-05,CDRIA-2050-noCR,1500Mt-noCostDecrease,IA,missing,coal_base_conv pul 2006-2010,missing,missing,missing,missing,missing,missing,missing,missing,EJ
1244,0.0,0.0,5.41117e-06,3.30775e-06,0.0,0.0,0.0,0.0,0.0,CDRIA-2050-noCR,1500Mt-noCostDecrease,IA,missing,coal_base_conv pul before 1950,missing,missing,missing,missing,missing,missing,missing,missing,EJ
1245,0.0,0.0,0.0,0.000256511,0.001200486,0.002886258,0.0033580079999999,0.004279904,0.004639977,CDRIA-2050-noCR,1500Mt-noCostDecrease,IA,missing,coal_base_conv pul_CCS,missing,missing,missing,missing,missing,missing,missing,missing,EJ
1246,0.001761658,0.0024969099999999,0.0,0.0,0.0,0.0,0.0,0.0,0.0,CDRIA-2050-noCR,1500Mt-noCostDecrease,IA,missing,coal_base_conv pul_retire_2020,missing,missing,missing,missing,missing,missing,missing,missing,EJ
1247,0.0,0.0,0.0,3.3615e-05,9.96064e-05,0.0002416418,0.0002934698,0.0006264490000000001,0.0008372701999999999,CDRIA-2050-noCR,1500Mt-noCostDecrease,IA,missing,coal_int_IGCC_CCS,missing,missing,missing,missing,missing,missing,missing,missing,EJ
1248,0.0429453999999999,0.0565715,0.0,0.0,0.0,0.0,0.0,0.0,0.0,CDRIA-2050-noCR,1500Mt-noCostDecrease,IA,missing,coal_int_conv pul,missing,missing,missing,missing,missing,missing,missing,missing,EJ
1249,0.0,0.0,7.72468e-05,5.98986e-05,0.0,0.0,0.0,0.0,0.0,CDRIA-2050-noCR,1500Mt-noCostDecrease,IA,missing,coal_int_conv pul 1956-1960,missing,missing,missing,missing,missing,missing,missing,missing,EJ
1250,0.0,0.0,0.001881645,0.00136362,0.0,0.0,0.0,0.0,0.0,CDRIA-2050-noCR,1500Mt-noCostDecrease,IA,missing,coal_int_conv pul 1966-1970,missing,missing,missing,missing,missing,missing,missing,missing,EJ
1251,0.0,0.0,0.00366671,0.0036650199999999,0.00332247,0.001954095,0.002124176,0.00103049,0.0005584780000000001,CDRIA-2050-noCR,1500Mt-noCostDecrease,IA,missing,coal_int_conv pul 1971-1975,missing,missing,missing,missing,missing,missing,missing,missing,EJ
1252,0.0,0.0,0.0130541199999999,0.0130514,0.01184506,0.00700206,0.00778086,0.00411379,0.00282692,CDRIA-2050-noCR,1500Mt-noCostDecrease,IA,missing,coal_int_conv pul 1976-1980,missing,missing,missing,missing,missing,missing,missing,missing,EJ
1253,0.0,0.0,0.01473321,0.0147316699999999,0.01337623,0.0079236,0.00888604,0.00488384,0.003851,CDRIA-2050-noCR,1500Mt-noCostDecrease,IA,missing,coal_int_conv pul 1981-1985,missing,missing,missing,missing,missing,missing,missing,missing,EJ
1254,0.0,0.0,0.00056835,0.000568322,0.000516159,0.000306092,0.000344971,0.0001937508,0.00016695259999999998,CDRIA-2050-noCR,1500Mt-noCostDecrease,IA,missing,coal_int_conv pul 1986-1990,missing,missing,missing,missing,missing,missing,missing,missing,EJ
1255,0.0,0.0,0.00017728539999999998,0.0001772799,0.0001610177,9.55121e-05,0.0001077715,6.08512e-05,5.36711e-05,CDRIA-2050-noCR,1500Mt-noCostDecrease,IA,missing,coal_int_conv pul 1991-1995,missing,missing,missing,missing,missing,missing,missing,missing,EJ
1256,0.0,0.0,0.000650519,0.000650496,0.000590826,0.000350465,0.000395448,0.00022328290000000003,0.0001969369,CDRIA-2050-noCR,1500Mt-noCostDecrease,IA,missing,coal_int_conv pul 1996-2000,missing,missing,missing,missing,missing,missing,missing,missing,EJ
1257,0.0,0.0,3.57161e-05,3.57148e-05,3.2439e-05,1.924309e-05,2.171776e-05,1.227463e-05,1.087402e-05,CDRIA-2050-noCR,1500Mt-noCostDecrease,IA,missing,coal_int_conv pul 2001-2005,missing,missing,missing,missing,missing,missing,missing,missing,EJ
1258,0.0,0.0,0.01040157,0.01040123,0.00944723,0.00560417,0.0063249199999999,0.00357489,0.00316742,CDRIA-2050-noCR,1500Mt-noCostDecrease,IA,missing,coal_int_conv pul 2006-2010,missing,missing,missing,missing,missing,missing,missing,missing,EJ
1259,0.0,0.0,4.16614e-06,2.54778e-06,0.0,0.0,0.0,0.0,0.0,CDRIA-2050-noCR,1500Mt-noCostDecrease,IA,missing,coal_int_conv pul before 1950,missing,missing,missing,missing,missing,missing,missing,missing,EJ
1260,0.0,0.0,0.0,4.32676e-05,0.0001215017,0.0002793029,0.0003342992,0.0006716997,0.00087904,CDRIA-2050-noCR,1500Mt-noCostDecrease,IA,missing,coal_int_conv pul_CCS,missing,missing,missing,missing,missing,missing,missing,missing,EJ
1261,0.001450678,0.0019109609999999,0.0,0.0,0.0,0.0,0.0,0.0,0.0,CDRIA-2050-noCR,1500Mt-noCostDecrease,IA,missing,coal_int_conv pul_retire_2020,missing,missing,missing,missing,missing,missing,missing,missing,EJ
1262,0.0005160060000000001,0.0,0.0,0.0,0.0,0.0,0.0,0.0,0.0,CDRIA-2050-noCR,1500Mt-noCostDecrease,IA,missing,coal_peak_conv pul,missing,missing,missing,missing,missing,missing,missing,missing,EJ
1263,1.743045e-05,0.0,0.0,0.0,0.0,0.0,0.0,0.0,0.0,CDRIA-2050-noCR,1500Mt-noCostDecrease,IA,missing,coal_peak_conv pul_retire_2020,missing,missing,missing,missing,missing,missing,missing,missing,EJ
1264,0.00337604,0.0,0.0,0.0,0.0,0.0,0.0,0.0,0.0,CDRIA-2050-noCR,1500Mt-noCostDecrease,IA,missing,coal_subpeak_conv pul,missing,missing,missing,missing,missing,missing,missing,missing,EJ
1265,0.000114041,0.0,0.0,0.0,0.0,0.0,0.0,0.0,0.0,CDRIA-2050-noCR,1500Mt-noCostDecrease,IA,missing,coal_subpeak_conv pul_retire_2020,missing,missing,missing,missing,missing,missing,missing,missing,EJ
1266,0.000194606,0.00136821,0.002837507,0.004417171,0.009293748,0.013586203,0.014180666,0.0073280381,0.0049606677,CDRIA-2050-noCR,1500Mt-noCostDecrease,IA,missing,gas_base_CC,missing,missing,missing,missing,missing,missing,missing,missing,EJ
1267,0.0,0.0,0.0,0.000515518,0.003728349,0.00976,0.011325762,0.014483237,0.0151693879999999,CDRIA-2050-noCR,1500Mt-noCostDecrease,IA,missing,gas_base_CC_CCS,missing,missing,missing,missing,missing,missing,missing,missing,EJ
1268,5.33014e-05,0.000374803,0.00693481,0.00811993,0.01001254,0.01258601,0.0132404899999999,0.01755783,0.0196076299999999,CDRIA-2050-noCR,1500Mt-noCostDecrease,IA,missing,gas_int_CC,missing,missing,missing,missing,missing,missing,missing,missing,EJ
1269,0.0,0.0,0.0,0.000269199,0.001020399,0.002505129,0.00303436,0.006259618,0.00819963,CDRIA-2050-noCR,1500Mt-noCostDecrease,IA,missing,gas_int_CC_CCS,missing,missing,missing,missing,missing,missing,missing,missing,EJ
1270,9.60066e-05,0.000869425,0.00036696971,0.00033533649,0.00027977634,0.000227226566,0.00018294876,0.00013902350800000003,0.00010383890199999998,CDRIA-2050-noCR,1500Mt-noCostDecrease,IA,missing,gas_peak_CC,missing,missing,missing,missing,missing,missing,missing,missing,EJ
1271,0.0,0.0,0.0,1.03371e-07,2.3127700000000001e-07,3.192113e-07,4.668833e-07,7.427852999999999e-07,1.4028445e-06,CDRIA-2050-noCR,1500Mt-noCostDecrease,IA,missing,gas_peak_CC_CCS,missing,missing,missing,missing,missing,missing,missing,missing,EJ
1272,7.11049e-05,0.000305809,0.000185662,0.000161665,8.26124e-05,5.80423e-05,5.02148e-05,3.77457e-05,2.35956e-05,CDRIA-2050-noCR,1500Mt-noCostDecrease,IA,missing,gas_peak_steam/CT,missing,missing,missing,missing,missing,missing,missing,missing,EJ
1273,0.000504312,0.00456686,0.0005119715,0.0005161152,0.0004659325,0.00040153834000000005,0.00037201141,0.00062163836,0.0006244442799999999,CDRIA-2050-noCR,1500Mt-noCostDecrease,IA,missing,gas_subpeak_CC,missing,missing,missing,missing,missing,missing,missing,missing,EJ
1274,0.0,0.0,0.0,4.31571e-06,6.7959e-06,7.700464e-06,1.1553448000000002e-05,6.8909573e-05,8.195983700000001e-05,CDRIA-2050-noCR,1500Mt-noCostDecrease,IA,missing,gas_subpeak_CC_CCS,missing,missing,missing,missing,missing,missing,missing,missing,EJ
1275,0.000373609,0.00160632,0.000229729,0.000204908,0.000109685,7.46469e-05,6.39776e-05,5.03614e-05,3.19243e-05,CDRIA-2050-noCR,1500Mt-noCostDecrease,IA,missing,gas_subpeak_steam/CT,missing,missing,missing,missing,missing,missing,missing,missing,EJ
1276,0.0029699,0.0035277,0.00412,0.0041137,0.0041092,0.0041098,0.0041006,0.0040662,0.0040707,CDRIA-2050-noCR,1500Mt-noCostDecrease,IA,missing,hydro_base,missing,missing,missing,missing,missing,missing,missing,missing,EJ
1277,0.0114923,0.0169386,0.0196596,0.0196596,0.0196597,0.0,0.0,0.0,0.0,CDRIA-2050-noCR,1500Mt-noCostDecrease,IA,missing,nuc_base_Gen II,missing,missing,missing,missing,missing,missing,missing,missing,EJ
1278,0.0,0.0,0.0,0.0,0.00364423,0.01093168,0.01287192,0.01755591,0.0194832499999999,CDRIA-2050-noCR,1500Mt-noCostDecrease,IA,missing,nuc_base_Gen III,missing,missing,missing,missing,missing,missing,missing,missing,EJ
1279,0.0,0.0,6.815645000000001e-05,5.234186e-05,1.745909e-05,1.9420280000000003e-05,1.707711e-05,1.716369e-05,1.148532e-05,CDRIA-2050-noCR,1500Mt-noCostDecrease,IA,missing,refined liquids_peak_steam/CT,missing,missing,missing,missing,missing,missing,missing,missing,EJ
1280,0.00025130570000000003,0.0007680089999999999,7.468916e-05,6.301688e-05,2.006176e-05,2.067987e-05,1.800369e-05,1.881098e-05,1.268144e-05,CDRIA-2050-noCR,1500Mt-noCostDecrease,IA,missing,refined liquids_subpeak_steam/CT,missing,missing,missing,missing,missing,missing,missing,missing,EJ
1281,0.0,0.0,5.93035e-05,0.000620206,0.00209079,0.00311555,0.0037017,0.0031879,0.00372104,CDRIA-2050-noCR,1500Mt-noCostDecrease,IA,missing,rooftop_pv,missing,missing,missing,missing,missing,missing,missing,missing,EJ
1282,0.0,0.00357194,0.04193766,0.04650572,0.06679842,0.09135472,0.09849902,0.08519882,0.09327316,CDRIA-2050-noCR,1500Mt-noCostDecrease,IA,missing,wind_base,missing,missing,missing,missing,missing,missing,missing,missing,EJ
1283,0.0,0.0,6.88289e-05,0.000165961,0.0007022739999999999,0.001716994,0.001988161,0.00266568,0.0028736481,CDRIA-2050-noCR,1500Mt-noCostDecrease,IA,missing,wind_base_storage,missing,missing,missing,missing,missing,missing,missing,missing,EJ
1284,0.0,0.00148831,0.0162889,0.0162889,0.0162889,0.0162889,0.0162889,0.0,0.0,CDRIA-2050-noCR,1500Mt-noCostDecrease,IA,missing,wind_int,missing,missing,missing,missing,missing,missing,missing,missing,EJ
1285,0.0,0.000893011,0.00977339,0.00977339,0.00977339,0.00977339,0.00977339,0.0,0.0,CDRIA-2050-noCR,1500Mt-noCostDecrease,IA,missing,wind_subpeak,missing,missing,missing,missing,missing,missing,missing,missing,EJ
1286,0.0,0.0,0.0,1.36735e-06,0.00029564935,0.0007997093499999999,0.00092829235,0.00146959435,0.00163172735,CDRIA-2050-noCR,1500Mt-noCostDecrease,KS,missing,CSP_base_storage,missing,missing,missing,missing,missing,missing,missing,missing,EJ
1287,0.0,0.0,0.0,8.04182e-06,0.00021845582,0.00047893782,0.00063772862,0.00109901062,0.00140372662,CDRIA-2050-noCR,1500Mt-noCostDecrease,KS,missing,CSP_int,missing,missing,missing,missing,missing,missing,missing,missing,EJ
1288,0.0,0.0,0.0,9.4527e-07,4.52413e-06,7.557029999999999e-06,9.234012e-06,1.2572332e-05,1.6779472e-05,CDRIA-2050-noCR,1500Mt-noCostDecrease,KS,missing,CSP_peak,missing,missing,missing,missing,missing,missing,missing,missing,EJ
1289,0.0001636404,0.0001458618,0.000719388,0.00073446,0.000824772,0.0008809736599999999,0.00093310366,0.00095846566,0.00110316046,CDRIA-2050-noCR,1500Mt-noCostDecrease,KS,missing,CSP_subpeak,missing,missing,missing,missing,missing,missing,missing,missing,EJ
1290,0.0,0.0,0.0,3.25501e-07,7.295520099999999e-05,0.000200370201,0.000233397701,0.000373914701,0.000416299101,CDRIA-2050-noCR,1500Mt-noCostDecrease,KS,missing,PV_base_storage,missing,missing,missing,missing,missing,missing,missing,missing,EJ
1291,0.0,0.0,0.0,0.000109198,0.002852538,0.005249968,0.0064571379999999,0.008726768,0.0101325079999999,CDRIA-2050-noCR,1500Mt-noCostDecrease,KS,missing,PV_int,missing,missing,missing,missing,missing,missing,missing,missing,EJ
1292,0.0,0.0,0.0,1.28356e-05,5.94959e-05,8.74103e-05,0.0001001592,0.0001165847,0.0001359934,CDRIA-2050-noCR,1500Mt-noCostDecrease,KS,missing,PV_peak,missing,missing,missing,missing,missing,missing,missing,missing,EJ
1293,0.0,0.0,7.06248e-06,7.21045e-06,8.09707e-06,5.479986e-05,0.00045110586,0.0048772263,0.0055447433,CDRIA-2050-noCR,1500Mt-noCostDecrease,KS,missing,PV_subpeak,missing,missing,missing,missing,missing,missing,missing,missing,EJ
1294,0.0,0.0,0.0,1.52382e-06,0.0003543962261,0.0006658869978999999,0.0002069629358,0.0007745078521000001,0.0002492315177,CDRIA-2050-noCR,1500Mt-noCostDecrease,KS,missing,biogas_base_CC,missing,missing,missing,missing,missing,missing,missing,missing,EJ
1295,0.0,0.0,0.0,8.1487e-07,0.00025108981586,0.0006331816703,0.0002121877478,0.0010458518907,0.0004048293467,CDRIA-2050-noCR,1500Mt-noCostDecrease,KS,missing,biogas_base_CC_CCS,missing,missing,missing,missing,missing,missing,missing,missing,EJ
1296,0.0,0.0,0.0,2.14325e-06,4.50514307e-05,6.1257311e-05,4.52007e-05,0.000193766905,0.000192531492,CDRIA-2050-noCR,1500Mt-noCostDecrease,KS,missing,biogas_int_CC,missing,missing,missing,missing,missing,missing,missing,missing,EJ
1297,0.0,0.0,0.0,8.24086e-07,2.13240307e-05,3.62311147e-05,2.88345188e-05,0.00016139049,0.000209915654,CDRIA-2050-noCR,1500Mt-noCostDecrease,KS,missing,biogas_int_CC_CCS,missing,missing,missing,missing,missing,missing,missing,missing,EJ
1298,0.0,0.0,0.0,9.15143e-09,2.84575e-08,2.6494538e-08,1.652627e-08,5.2598589e-08,7.2840447e-08,CDRIA-2050-noCR,1500Mt-noCostDecrease,KS,missing,biogas_peak_CC,missing,missing,missing,missing,missing,missing,missing,missing,EJ
1299,0.0,0.0,0.0,1.36495e-09,4.43228e-09,4.350045e-09,2.850157e-09,1.1649823000000002e-08,1.8263498e-08,CDRIA-2050-noCR,1500Mt-noCostDecrease,KS,missing,biogas_peak_CC_CCS,missing,missing,missing,missing,missing,missing,missing,missing,EJ
1300,0.0,0.0,0.0,8.24619e-09,2.481007e-08,2.206521e-08,1.247474e-08,3.701014e-08,4.9094613e-08,CDRIA-2050-noCR,1500Mt-noCostDecrease,KS,missing,biogas_peak_steam/CT,missing,missing,missing,missing,missing,missing,missing,missing,EJ
1301,0.0,0.0,0.0,0.0,0.0,1.85124e-07,1.99422962e-06,5.13295846e-05,1.95008589e-05,CDRIA-2050-noCR,1500Mt-noCostDecrease,KS,missing,biogas_subpeak_CC,missing,missing,missing,missing,missing,missing,missing,missing,EJ
1302,0.0,0.0,0.0,0.0,0.0,4.64185e-08,5.0700429e-07,1.48820859e-05,1.08480639e-05,CDRIA-2050-noCR,1500Mt-noCostDecrease,KS,missing,biogas_subpeak_CC_CCS,missing,missing,missing,missing,missing,missing,missing,missing,EJ
1303,0.0,0.0,0.0,0.0,0.0,1.1908870000000001e-07,1.273741233e-06,3.2582448669e-05,6.336324141e-06,CDRIA-2050-noCR,1500Mt-noCostDecrease,KS,missing,biogas_subpeak_steam/CT,missing,missing,missing,missing,missing,missing,missing,missing,EJ
1304,0.0,0.0,0.0,2.232e-07,4.7425665400000006e-05,0.000171577882,0.0001900244527,0.0004567967041,0.0003861814407,CDRIA-2050-noCR,1500Mt-noCostDecrease,KS,missing,biomass_base_IGCC,missing,missing,missing,missing,missing,missing,missing,missing,EJ
1305,0.0,0.0,0.0,1.089031e-07,4.79804064e-05,0.0003747978031,0.0004712328031,0.0030743477749,0.0042002996704,CDRIA-2050-noCR,1500Mt-noCostDecrease,KS,missing,biomass_base_IGCC_CCS,missing,missing,missing,missing,missing,missing,missing,missing,EJ
1306,0.0,0.0,7.17013e-06,9.555538e-06,8.7535646e-05,0.000269161657,0.000253877842,0.0005723771192,0.0003691564229,CDRIA-2050-noCR,1500Mt-noCostDecrease,KS,missing,biomass_base_conv,missing,missing,missing,missing,missing,missing,missing,missing,EJ
1307,0.0,0.0,0.0,1.24465e-07,7.1255673e-05,0.000855725664,0.001059298865,0.015630815495,0.022232708986,CDRIA-2050-noCR,1500Mt-noCostDecrease,KS,missing,biomass_base_conv_CCS,missing,missing,missing,missing,missing,missing,missing,missing,EJ
1308,0.0,0.0,0.0,4.99968e-07,7.032004000000001e-06,1.488377e-05,1.964742e-05,4.3251836e-05,5.853863299999999e-05,CDRIA-2050-noCR,1500Mt-noCostDecrease,KS,missing,biomass_int_IGCC,missing,missing,missing,missing,missing,missing,missing,missing,EJ
1309,0.0,0.0,0.0,2.11225e-07,4.076074e-06,1.0978515e-05,1.5287785000000002e-05,4.3645365e-05,6.4880275e-05,CDRIA-2050-noCR,1500Mt-noCostDecrease,KS,missing,biomass_int_IGCC_CCS,missing,missing,missing,missing,missing,missing,missing,missing,EJ
1310,0.0,0.0,3.14867e-05,3.669971e-05,3.9202489e-05,6.1209438e-05,6.6865126e-05,0.00012113677,0.00014001311999999998,CDRIA-2050-noCR,1500Mt-noCostDecrease,KS,missing,biomass_int_conv,missing,missing,missing,missing,missing,missing,missing,missing,EJ
1311,0.0,0.0,0.0,3.2109e-07,6.963671e-06,2.0811929e-05,2.900718e-05,9.3954657e-05,0.000141947968,CDRIA-2050-noCR,1500Mt-noCostDecrease,KS,missing,biomass_int_conv_CCS,missing,missing,missing,missing,missing,missing,missing,missing,EJ
1312,0.0,0.0,0.0,7.622020000000001e-06,0.00105779681,0.00282322934,0.00332888881,0.00530946029,0.00591214626,CDRIA-2050-noCR,1500Mt-noCostDecrease,KS,missing,coal_base_IGCC_CCS,missing,missing,missing,missing,missing,missing,missing,missing,EJ
1313,0.06238962,0.09389485,0.0,0.0,0.0,0.0,0.0,0.0,0.0,CDRIA-2050-noCR,1500Mt-noCostDecrease,KS,missing,coal_base_conv pul,missing,missing,missing,missing,missing,missing,missing,missing,EJ
1314,0.0,0.0,0.003003586,0.002969889,0.001834771,0.0003205281,0.0,0.0,0.0,CDRIA-2050-noCR,1500Mt-noCostDecrease,KS,missing,coal_base_conv pul 1956-1960,missing,missing,missing,missing,missing,missing,missing,missing,EJ
1315,0.0,0.0,0.01735575,0.01750464,0.011759972,0.0027762119999999,0.002749144,9.370375e-05,2.653766e-05,CDRIA-2050-noCR,1500Mt-noCostDecrease,KS,missing,coal_base_conv pul 1971-1975,missing,missing,missing,missing,missing,missing,missing,missing,EJ
1316,0.0,0.0,0.0416121599999999,0.04200602,0.02833182,0.006805638,0.007249866,0.0003189404,0.0001564568,CDRIA-2050-noCR,1500Mt-noCostDecrease,KS,missing,coal_base_conv pul 1976-1980,missing,missing,missing,missing,missing,missing,missing,missing,EJ
1317,0.0,0.0,0.01918236,0.01936629,0.01306915,0.003147036,0.003388911,0.0001560924,9.037593e-05,CDRIA-2050-noCR,1500Mt-noCostDecrease,KS,missing,coal_base_conv pul 1981-1985,missing,missing,missing,missing,missing,missing,missing,missing,EJ
1318,0.0,0.0,0.0,9.47913e-06,0.00120707417,0.00309586332,0.00361803855,0.00554679176,0.0061056774999999,CDRIA-2050-noCR,1500Mt-noCostDecrease,KS,missing,coal_base_conv pul_CCS,missing,missing,missing,missing,missing,missing,missing,missing,EJ
1319,0.0125516799999999,0.01889,0.0,0.0,0.0,0.0,0.0,0.0,0.0,CDRIA-2050-noCR,1500Mt-noCostDecrease,KS,missing,coal_base_conv pul_retire_2020,missing,missing,missing,missing,missing,missing,missing,missing,EJ
1320,0.0,0.0,0.0,2.4936e-06,1.6077809999999998e-05,3.362593e-05,4.519771e-05,9.611208e-05,0.000132837,CDRIA-2050-noCR,1500Mt-noCostDecrease,KS,missing,coal_int_IGCC_CCS,missing,missing,missing,missing,missing,missing,missing,missing,EJ
1321,0.01846831,0.02052129,0.0,0.0,0.0,0.0,0.0,0.0,0.0,CDRIA-2050-noCR,1500Mt-noCostDecrease,KS,missing,coal_int_conv pul,missing,missing,missing,missing,missing,missing,missing,missing,EJ
1322,0.0,0.0,5.077095e-05,5.293884e-05,3.89184e-05,9.156274e-06,0.0,0.0,0.0,CDRIA-2050-noCR,1500Mt-noCostDecrease,KS,missing,coal_int_conv pul 1956-1960,missing,missing,missing,missing,missing,missing,missing,missing,EJ
1323,0.0,0.0,0.0002933718,0.0003120229,0.0002494473,7.930593e-05,0.00010595691,4.0037520000000006e-05,1.6556290000000002e-05,CDRIA-2050-noCR,1500Mt-noCostDecrease,KS,missing,coal_int_conv pul 1971-1975,missing,missing,missing,missing,missing,missing,missing,missing,EJ
1324,0.0,0.0,0.0007033877,0.0007487653000000001,0.0006009637,0.0001944117,0.0002794227,0.0001362762,9.760987e-05,CDRIA-2050-noCR,1500Mt-noCostDecrease,KS,missing,coal_int_conv pul 1976-1980,missing,missing,missing,missing,missing,missing,missing,missing,EJ
1325,0.0,0.0,0.0003242469,0.000345208,0.0002772168,8.989915000000001e-05,0.0001306148,6.669478e-05,5.638341e-05,CDRIA-2050-noCR,1500Mt-noCostDecrease,KS,missing,coal_int_conv pul 1981-1985,missing,missing,missing,missing,missing,missing,missing,missing,EJ
1326,0.0,0.0,0.0,3.21574e-06,1.934437e-05,3.88558e-05,5.115272e-05,0.00010279326999999998,0.00013894248,CDRIA-2050-noCR,1500Mt-noCostDecrease,KS,missing,coal_int_conv pul_CCS,missing,missing,missing,missing,missing,missing,missing,missing,EJ
1327,0.003715489,0.004128526,0.0,0.0,0.0,0.0,0.0,0.0,0.0,CDRIA-2050-noCR,1500Mt-noCostDecrease,KS,missing,coal_int_conv pul_retire_2020,missing,missing,missing,missing,missing,missing,missing,missing,EJ
1328,9.201724e-05,0.0,0.0,0.0,0.0,0.0,0.0,0.0,0.0,CDRIA-2050-noCR,1500Mt-noCostDecrease,KS,missing,coal_peak_conv pul,missing,missing,missing,missing,missing,missing,missing,missing,EJ
1329,1.851224e-05,0.0,0.0,0.0,0.0,0.0,0.0,0.0,0.0,CDRIA-2050-noCR,1500Mt-noCostDecrease,KS,missing,coal_peak_conv pul_retire_2020,missing,missing,missing,missing,missing,missing,missing,missing,EJ
1330,0.001623238,0.0,0.0,0.0,0.0,0.0,0.0,0.0,0.0,CDRIA-2050-noCR,1500Mt-noCostDecrease,KS,missing,coal_subpeak_conv pul,missing,missing,missing,missing,missing,missing,missing,missing,EJ
1331,0.0003265666,0.0,0.0,0.0,0.0,0.0,0.0,0.0,0.0,CDRIA-2050-noCR,1500Mt-noCostDecrease,KS,missing,coal_subpeak_conv pul_retire_2020,missing,missing,missing,missing,missing,missing,missing,missing,EJ
1332,0.00017700487,0.00012719954,0.0,5.91539e-05,0.0063614765,0.0110673639,0.0116376656,0.0084444044599999,0.0052505578,CDRIA-2050-noCR,1500Mt-noCostDecrease,KS,missing,gas_base_CC,missing,missing,missing,missing,missing,missing,missing,missing,EJ
1333,0.0,0.0,0.0,1.7475060000000002e-05,0.00381616495,0.0100307300099999,0.0116112837799999,0.01811254331,0.01908728635,CDRIA-2050-noCR,1500Mt-noCostDecrease,KS,missing,gas_base_CC_CCS,missing,missing,missing,missing,missing,missing,missing,missing,EJ
1334,0.0071919889999999,0.0051710722,0.0054419719,0.00538014245,0.0046422743399999,0.00371563315,0.00361970187,0.00370457192,0.00355128977,CDRIA-2050-noCR,1500Mt-noCostDecrease,KS,missing,gas_int_CC,missing,missing,missing,missing,missing,missing,missing,missing,EJ
1335,0.0,0.0,0.0,1.971652e-05,0.00017068517,0.0003480443,0.00046358731000000007,0.00094618415,0.00127572131,CDRIA-2050-noCR,1500Mt-noCostDecrease,KS,missing,gas_int_CC_CCS,missing,missing,missing,missing,missing,missing,missing,missing,EJ
1336,9.575226e-05,8.872443999999999e-05,6.844444e-05,6.334270122e-05,4.829137500999999e-05,3.262847353e-05,2.8553887439999995e-05,2.146117731e-05,1.480437867e-05,CDRIA-2050-noCR,1500Mt-noCostDecrease,KS,missing,gas_peak_CC,missing,missing,missing,missing,missing,missing,missing,missing,EJ
1337,0.0,0.0,0.0,4.071976e-09,1.2171395e-08,1.9319021e-08,2.3591961e-08,3.7020276e-08,5.4450872e-08,CDRIA-2050-noCR,1500Mt-noCostDecrease,KS,missing,gas_peak_CC_CCS,missing,missing,missing,missing,missing,missing,missing,missing,EJ
1338,7.09905e-05,3.11922e-05,3.35827e-05,2.79178553e-05,9.3206925e-06,3.82122038e-06,4.2569726e-06,3.4744758e-06,2.32647856e-06,CDRIA-2050-noCR,1500Mt-noCostDecrease,KS,missing,gas_peak_steam/CT,missing,missing,missing,missing,missing,missing,missing,missing,EJ
1339,0.00046296531,0.00042867308,4.1262553000000005e-05,3.8177175e-05,3.3470011e-05,2.56722182e-05,2.99606831e-05,0.000183389349,0.0001881448715,CDRIA-2050-noCR,1500Mt-noCostDecrease,KS,missing,gas_subpeak_CC,missing,missing,missing,missing,missing,missing,missing,missing,EJ
1340,0.0,0.0,0.0,0.0,0.0,1.097631e-07,1.308784e-06,3.23736764e-05,3.75219624e-05,CDRIA-2050-noCR,1500Mt-noCostDecrease,KS,missing,gas_subpeak_CC_CCS,missing,missing,missing,missing,missing,missing,missing,missing,EJ
1341,0.000342956,0.000150813,2.03647e-05,1.74456e-05,7.24644e-06,3.752483e-06,8.571603e-06,9.5068133e-05,5.8009059e-05,CDRIA-2050-noCR,1500Mt-noCostDecrease,KS,missing,gas_subpeak_steam/CT,missing,missing,missing,missing,missing,missing,missing,missing,EJ
1342,4.5e-05,4.15e-05,8.06806e-05,8.14e-05,8.13e-05,8.13e-05,8.11e-05,8.04e-05,8.05e-05,CDRIA-2050-noCR,1500Mt-noCostDecrease,KS,missing,hydro_base,missing,missing,missing,missing,missing,missing,missing,missing,EJ
1343,0.0299991,0.0325891,0.0320317,0.0323571,0.0323572,0.0323573,0.0323573,0.0,0.0,CDRIA-2050-noCR,1500Mt-noCostDecrease,KS,missing,nuc_base_Gen II,missing,missing,missing,missing,missing,missing,missing,missing,EJ
1344,0.0,0.0,0.0,0.0,0.00442503,0.01230103,0.01436293,0.02324879,0.0259585,CDRIA-2050-noCR,1500Mt-noCostDecrease,KS,missing,nuc_base_Gen III,missing,missing,missing,missing,missing,missing,missing,missing,EJ
1345,0.0003119801,0.004280034,5.8327620000000005e-06,6.752779e-06,4.467170999999999e-06,3.725054e-06,2.745527e-06,3.7744260000000003e-07,1.90782e-07,CDRIA-2050-noCR,1500Mt-noCostDecrease,KS,missing,refined liquids_base_steam/CT,missing,missing,missing,missing,missing,missing,missing,missing,EJ
1346,0.0,0.0,8.609669999999999e-05,8.892470000000001e-05,3.124523e-05,2.44419e-05,2.56249e-05,2.683432e-05,1.905427e-05,CDRIA-2050-noCR,1500Mt-noCostDecrease,KS,missing,refined liquids_int_steam/CT,missing,missing,missing,missing,missing,missing,missing,missing,EJ
1347,0.0003120053,0.004281578,0.0,0.0,0.0,0.0,0.0,0.0,0.0,CDRIA-2050-noCR,1500Mt-noCostDecrease,KS,missing,refined liquids_subpeak_steam/CT,missing,missing,missing,missing,missing,missing,missing,missing,EJ
1348,0.0,0.0,0.000254168,0.0025468,0.00530949,0.00532621,0.00568766,0.00530479,0.00593888,CDRIA-2050-noCR,1500Mt-noCostDecrease,KS,missing,rooftop_pv,missing,missing,missing,missing,missing,missing,missing,missing,EJ
1349,0.0,0.000914154,0.0238186,0.0241979009999999,0.046252001,0.072467801,0.079947531,0.100588831,0.114152131,CDRIA-2050-noCR,1500Mt-noCostDecrease,KS,missing,wind_base,missing,missing,missing,missing,missing,missing,missing,missing,EJ
1350,0.0,0.0,0.0,3.15998e-06,0.00065720398,0.0017634039799999,0.0020547939799999,0.0033457139799999,0.0037361559799999,CDRIA-2050-noCR,1500Mt-noCostDecrease,KS,missing,wind_base_storage,missing,missing,missing,missing,missing,missing,missing,missing,EJ
1351,0.0,0.00038104,0.00941526,0.0100253,0.0100253,0.0100253,0.0100253,0.0,0.0,CDRIA-2050-noCR,1500Mt-noCostDecrease,KS,missing,wind_int,missing,missing,missing,missing,missing,missing,missing,missing,EJ
1352,0.0,0.000228646,0.00493996,0.00504346,0.00566362,0.00601509,0.00601509,0.0,0.0,CDRIA-2050-noCR,1500Mt-noCostDecrease,KS,missing,wind_subpeak,missing,missing,missing,missing,missing,missing,missing,missing,EJ
1353,0.0,0.0,5.75393e-05,6.88152e-05,0.0001788432,0.0003526342,0.0004098643,0.0005433313,0.0005756413999999999,CDRIA-2050-noCR,1500Mt-noCostDecrease,KY,missing,PV_base_storage,missing,missing,missing,missing,missing,missing,missing,missing,EJ
1354,0.0,0.0,0.0109802,0.01603427,0.0368682699999999,0.0616149699999999,0.07249937,0.1003318699999999,0.1136663699999999,CDRIA-2050-noCR,1500Mt-noCostDecrease,KY,missing,PV_int,missing,missing,missing,missing,missing,missing,missing,missing,EJ
1355,0.0,0.0,0.0011141,0.001372509,0.002286482,0.0023412271,0.0026030491,0.0030487311,0.0035887511,CDRIA-2050-noCR,1500Mt-noCostDecrease,KY,missing,PV_peak,missing,missing,missing,missing,missing,missing,missing,missing,EJ
1356,0.0,0.0,0.00179584,0.00299681,0.00621153,0.0077626699999999,0.00967823,0.01350732,0.0160375099999999,CDRIA-2050-noCR,1500Mt-noCostDecrease,KY,missing,PV_subpeak,missing,missing,missing,missing,missing,missing,missing,missing,EJ
1357,0.0,0.0,0.00031769,6.794192e-05,0.00066986373,0.00113666635,0.00045710543,0.000927276659,0.000636230708,CDRIA-2050-noCR,1500Mt-noCostDecrease,KY,missing,biogas_base_CC,missing,missing,missing,missing,missing,missing,missing,missing,EJ
1358,0.0,0.0,0.0,3.54805e-05,0.000474196074,0.00107597044,0.00046105156,0.00127816072,0.000977703215,CDRIA-2050-noCR,1500Mt-noCostDecrease,KY,missing,biogas_base_CC_CCS,missing,missing,missing,missing,missing,missing,missing,missing,EJ
1359,0.0,0.0,0.000578736,0.0001952823,0.0006617419000000001,0.0015708438,0.0013389984,0.0039278059,0.0048801231,CDRIA-2050-noCR,1500Mt-noCostDecrease,KY,missing,biogas_int_CC,missing,missing,missing,missing,missing,missing,missing,missing,EJ
1360,0.0,0.0,0.0,6.18125e-05,0.0002949033,0.0008700757,0.0008191387000000001,0.0030097392,0.0044693931999999,CDRIA-2050-noCR,1500Mt-noCostDecrease,KY,missing,biogas_int_CC_CCS,missing,missing,missing,missing,missing,missing,missing,missing,EJ
1361,0.0,0.0,1.50236e-06,3.640631e-07,1.0832159e-06,4.474504e-07,1.0531322e-06,2.6173832e-06,7.5773984e-06,CDRIA-2050-noCR,1500Mt-noCostDecrease,KY,missing,biogas_peak_CC,missing,missing,missing,missing,missing,missing,missing,missing,EJ
1362,0.0,0.0,0.0,4.5596e-08,1.6145339e-07,5.827696e-08,1.5343506e-07,4.804255000000001e-07,1.5198803000000002e-06,CDRIA-2050-noCR,1500Mt-noCostDecrease,KY,missing,biogas_peak_CC_CCS,missing,missing,missing,missing,missing,missing,missing,missing,EJ
1363,0.0,0.0,1.39776e-06,2.780382670000001e-07,8.90194516e-07,1.30169157e-07,5.643074e-07,1.468022013e-06,5.256364416000001e-06,CDRIA-2050-noCR,1500Mt-noCostDecrease,KY,missing,biogas_peak_steam/CT,missing,missing,missing,missing,missing,missing,missing,missing,EJ
1364,0.0,0.0,1.11192e-05,6.937719e-06,1.6386217e-05,1.922647e-05,3.004342e-05,8.546162e-05,0.0001212834,CDRIA-2050-noCR,1500Mt-noCostDecrease,KY,missing,biogas_subpeak_CC,missing,missing,missing,missing,missing,missing,missing,missing,EJ
1365,0.0,0.0,0.0,1.28397e-06,3.6279831e-06,4.709457e-06,7.761731e-06,2.6384375000000003e-05,4.3424988000000006e-05,CDRIA-2050-noCR,1500Mt-noCostDecrease,KY,missing,biogas_subpeak_CC_CCS,missing,missing,missing,missing,missing,missing,missing,missing,EJ
1366,0.0,0.0,7.52514e-06,4.10085848e-06,1.005924641e-05,9.018521e-06,1.31823379e-05,3.995725559999999e-05,4.887944059999999e-05,CDRIA-2050-noCR,1500Mt-noCostDecrease,KY,missing,biogas_subpeak_steam/CT,missing,missing,missing,missing,missing,missing,missing,missing,EJ
1367,0.0,0.0,5.11686e-05,4.307652e-05,0.00013788696,0.00036348735,0.00042654876,0.00073309564,0.0008021446299999999,CDRIA-2050-noCR,1500Mt-noCostDecrease,KY,missing,biomass_base_IGCC,missing,missing,missing,missing,missing,missing,missing,missing,EJ
1368,0.0,0.0,0.0,4.86434e-06,9.935076e-05,0.00068907354,0.0009099625400000002,0.00426508827,0.0075231074399999,CDRIA-2050-noCR,1500Mt-noCostDecrease,KY,missing,biomass_base_IGCC_CCS,missing,missing,missing,missing,missing,missing,missing,missing,EJ
1369,0.0,0.0001105,0.0001223634,8.83099e-05,0.0002454876,0.0005818968,0.0006111512,0.0009131838,0.00084249889,CDRIA-2050-noCR,1500Mt-noCostDecrease,KY,missing,biomass_base_conv,missing,missing,missing,missing,missing,missing,missing,missing,EJ
1370,0.0,0.0,0.0,5.59172e-06,0.00014735193,0.00159029069,0.00206473672,0.0218247249799999,0.04206600029,CDRIA-2050-noCR,1500Mt-noCostDecrease,KY,missing,biomass_base_conv_CCS,missing,missing,missing,missing,missing,missing,missing,missing,EJ
1371,0.0,0.0,1.538036e-05,1.8490770000000004e-05,3.238527e-05,7.149565e-05,9.570123e-05,0.00021467926,0.00033995831,CDRIA-2050-noCR,1500Mt-noCostDecrease,KY,missing,biomass_int_IGCC,missing,missing,missing,missing,missing,missing,missing,missing,EJ
1372,0.0,0.0,0.0,1.672217e-06,1.0006322e-05,4.2128657e-05,6.266326699999998e-05,0.00021012222,0.000381020498,CDRIA-2050-noCR,1500Mt-noCostDecrease,KY,missing,biomass_int_IGCC_CCS,missing,missing,missing,missing,missing,missing,missing,missing,EJ
1373,0.0,0.0001105,0.0001156071,0.0001295886,0.0001527548,0.00025014368000000003,0.00028730868,0.0005188936,0.0007426575700000001,CDRIA-2050-noCR,1500Mt-noCostDecrease,KY,missing,biomass_int_conv,missing,missing,missing,missing,missing,missing,missing,missing,EJ
1374,0.0,0.0,0.0,2.55074e-06,1.693705e-05,8.172643999999999e-05,0.00012098523999999998,0.00046114062,0.00085036941,CDRIA-2050-noCR,1500Mt-noCostDecrease,KY,missing,biomass_int_conv_CCS,missing,missing,missing,missing,missing,missing,missing,missing,EJ
1375,0.0,0.0,0.0,0.000319918,0.002246395,0.005162381,0.006224604,0.00847665,0.010043095,CDRIA-2050-noCR,1500Mt-noCostDecrease,KY,missing,coal_base_IGCC_CCS,missing,missing,missing,missing,missing,missing,missing,missing,EJ
1376,0.1304997,0.1729318,0.0,0.0,0.0,0.0,0.0,0.0,0.0,CDRIA-2050-noCR,1500Mt-noCostDecrease,KY,missing,coal_base_conv pul,missing,missing,missing,missing,missing,missing,missing,missing,EJ
1377,0.0,0.0,0.01638048,0.01498418,0.00754694,0.0,0.0,0.0,0.0,CDRIA-2050-noCR,1500Mt-noCostDecrease,KY,missing,coal_base_conv pul 1951-1955,missing,missing,missing,missing,missing,missing,missing,missing,EJ
1378,0.0,0.0,0.0,0.0,0.0,0.0,0.0,0.0,0.0,CDRIA-2050-noCR,1500Mt-noCostDecrease,KY,missing,coal_base_conv pul 1956-1960,missing,missing,missing,missing,missing,missing,missing,missing,EJ
1379,0.0,0.0,0.003090062,0.001888771,0.0,0.0,0.0,0.0,0.0,CDRIA-2050-noCR,1500Mt-noCostDecrease,KY,missing,coal_base_conv pul 1961-1965,missing,missing,missing,missing,missing,missing,missing,missing,EJ
1380,0.0,0.0,0.01059046,0.00868139,0.003340844,0.0,0.0,0.0,0.0,CDRIA-2050-noCR,1500Mt-noCostDecrease,KY,missing,coal_base_conv pul 1966-1970,missing,missing,missing,missing,missing,missing,missing,missing,EJ
1381,0.0,0.0,0.0264816999999999,0.0262417299999999,0.01756528,0.00387308,0.00277482,0.0,0.0,CDRIA-2050-noCR,1500Mt-noCostDecrease,KY,missing,coal_base_conv pul 1971-1975,missing,missing,missing,missing,missing,missing,missing,missing,EJ
1382,0.0,0.0,0.02350699,0.02349035,0.01631235,0.00417608,0.0048167999999999,0.0002633904,0.0001000975,CDRIA-2050-noCR,1500Mt-noCostDecrease,KY,missing,coal_base_conv pul 1976-1980,missing,missing,missing,missing,missing,missing,missing,missing,EJ
1383,0.0,0.0,0.0466687,0.0466406,0.0324035,0.00831278,0.00967653,0.000550047,0.0002398639,CDRIA-2050-noCR,1500Mt-noCostDecrease,KY,missing,coal_base_conv pul 1981-1985,missing,missing,missing,missing,missing,missing,missing,missing,EJ
1384,0.0,0.0,0.00950032,0.00949518,0.0065986199999999,0.001694918,0.001984022,0.0001155784,5.57702e-05,CDRIA-2050-noCR,1500Mt-noCostDecrease,KY,missing,coal_base_conv pul 1986-1990,missing,missing,missing,missing,missing,missing,missing,missing,EJ
1385,0.0,0.0,0.00437497,0.00437263,0.003038847,0.000780694,0.000914554,5.346e-05,2.619166e-05,CDRIA-2050-noCR,1500Mt-noCostDecrease,KY,missing,coal_base_conv pul 2001-2005,missing,missing,missing,missing,missing,missing,missing,missing,EJ
1386,0.0,0.0,0.00390736,0.0039052699999999,0.002714049,0.000697253,0.0008168159999999999,4.77491e-05,2.339895e-05,CDRIA-2050-noCR,1500Mt-noCostDecrease,KY,missing,coal_base_conv pul 2006-2010,missing,missing,missing,missing,missing,missing,missing,missing,EJ
1387,0.0,0.0,0.01196709,0.01196071,0.00831233,0.002135482,0.0025016689999999,0.0001462428,7.166630000000001e-05,CDRIA-2050-noCR,1500Mt-noCostDecrease,KY,missing,coal_base_conv pul 2011-2015,missing,missing,missing,missing,missing,missing,missing,missing,EJ
1388,0.0,0.0,0.0,0.000391547,0.002562052,0.0056507059999999,0.0067388149999999,0.008896659,0.010337556,CDRIA-2050-noCR,1500Mt-noCostDecrease,KY,missing,coal_base_conv pul_CCS,missing,missing,missing,missing,missing,missing,missing,missing,EJ
1389,0.02966946,0.0393165,0.0,0.0,0.0,0.0,0.0,0.0,0.0,CDRIA-2050-noCR,1500Mt-noCostDecrease,KY,missing,coal_base_conv pul_retire_2020,missing,missing,missing,missing,missing,missing,missing,missing,EJ
1390,0.0,0.0,0.0,7.432350000000001e-05,0.0002607379,0.000649557,0.0008579734999999999,0.0016829853,0.0024648144,CDRIA-2050-noCR,1500Mt-noCostDecrease,KY,missing,coal_int_IGCC_CCS,missing,missing,missing,missing,missing,missing,missing,missing,EJ
1391,0.0784412999999999,0.1049729,0.0,0.0,0.0,0.0,0.0,0.0,0.0,CDRIA-2050-noCR,1500Mt-noCostDecrease,KY,missing,coal_int_conv pul,missing,missing,missing,missing,missing,missing,missing,missing,EJ
1392,0.0,0.0,0.00755546,0.00691467,0.0046278,0.0,0.0,0.0,0.0,CDRIA-2050-noCR,1500Mt-noCostDecrease,KY,missing,coal_int_conv pul 1951-1955,missing,missing,missing,missing,missing,missing,missing,missing,EJ
1393,0.0,0.0,0.0,0.0,0.0,0.0,0.0,0.0,0.0,CDRIA-2050-noCR,1500Mt-noCostDecrease,KY,missing,coal_int_conv pul 1956-1960,missing,missing,missing,missing,missing,missing,missing,missing,EJ
1394,0.0,0.0,0.001425283,0.000871598,0.0,0.0,0.0,0.0,0.0,CDRIA-2050-noCR,1500Mt-noCostDecrease,KY,missing,coal_int_conv pul 1961-1965,missing,missing,missing,missing,missing,missing,missing,missing,EJ
1395,0.0,0.0,0.00488482,0.00400614,0.002048609,0.0,0.0,0.0,0.0,CDRIA-2050-noCR,1500Mt-noCostDecrease,KY,missing,coal_int_conv pul 1966-1970,missing,missing,missing,missing,missing,missing,missing,missing,EJ
1396,0.0,0.0,0.01221463,0.01210959,0.01077107,0.00639978,0.00440582,0.0,0.0,CDRIA-2050-noCR,1500Mt-noCostDecrease,KY,missing,coal_int_conv pul 1971-1975,missing,missing,missing,missing,missing,missing,missing,missing,EJ
1397,0.0,0.0,0.0108425,0.01083992,0.01000273,0.00690045,0.00764805,0.003672173,0.002534818,CDRIA-2050-noCR,1500Mt-noCostDecrease,KY,missing,coal_int_conv pul 1976-1980,missing,missing,missing,missing,missing,missing,missing,missing,EJ
1398,0.0,0.0,0.02152582,0.02152296,0.01986986,0.01373585,0.01536429,0.00766872,0.00607418,CDRIA-2050-noCR,1500Mt-noCostDecrease,KY,missing,coal_int_conv pul 1981-1985,missing,missing,missing,missing,missing,missing,missing,missing,EJ
1399,0.0,0.0,0.004382,0.00438168,0.00404628,0.002800644,0.003150201,0.001611392,0.001412295,CDRIA-2050-noCR,1500Mt-noCostDecrease,KY,missing,coal_int_conv pul 1986-1990,missing,missing,missing,missing,missing,missing,missing,missing,EJ
1400,0.0,0.0,0.002017938,0.002017814,0.001863426,0.001289997,0.001452119,0.000745337,0.000663263,CDRIA-2050-noCR,1500Mt-noCostDecrease,KY,missing,coal_int_conv pul 2001-2005,missing,missing,missing,missing,missing,missing,missing,missing,EJ
1401,0.0,0.0,0.001802253,0.001802143,0.001664261,0.001152123,0.001296929,0.000665716,0.000592542,CDRIA-2050-noCR,1500Mt-noCostDecrease,KY,missing,coal_int_conv pul 2006-2010,missing,missing,missing,missing,missing,missing,missing,missing,EJ
1402,0.0,0.0,0.00551978,0.00551943,0.00509714,0.003528618,0.00397212,0.002038901,0.001814837,CDRIA-2050-noCR,1500Mt-noCostDecrease,KY,missing,coal_int_conv pul 2011-2015,missing,missing,missing,missing,missing,missing,missing,missing,EJ
1403,0.0,0.0,0.0,9.52e-05,0.0003153571,0.0007460241999999999,0.0009666393,0.0018007734999999,0.0025683674,CDRIA-2050-noCR,1500Mt-noCostDecrease,KY,missing,coal_int_conv pul_CCS,missing,missing,missing,missing,missing,missing,missing,missing,EJ
1404,0.01783381,0.02386586,0.0,0.0,0.0,0.0,0.0,0.0,0.0,CDRIA-2050-noCR,1500Mt-noCostDecrease,KY,missing,coal_int_conv pul_retire_2020,missing,missing,missing,missing,missing,missing,missing,missing,EJ
1405,0.000806077,0.0,0.0,0.0,0.0,0.0,0.0,0.0,0.0,CDRIA-2050-noCR,1500Mt-noCostDecrease,KY,missing,coal_peak_conv pul,missing,missing,missing,missing,missing,missing,missing,missing,EJ
1406,0.0001832635,0.0,0.0,0.0,0.0,0.0,0.0,0.0,0.0,CDRIA-2050-noCR,1500Mt-noCostDecrease,KY,missing,coal_peak_conv pul_retire_2020,missing,missing,missing,missing,missing,missing,missing,missing,EJ
1407,0.00559197,0.0,0.0,0.0,0.0,0.0,0.0,0.0,0.0,CDRIA-2050-noCR,1500Mt-noCostDecrease,KY,missing,coal_subpeak_conv pul,missing,missing,missing,missing,missing,missing,missing,missing,EJ
1408,0.001271348,0.0,0.0,0.0,0.0,0.0,0.0,0.0,0.0,CDRIA-2050-noCR,1500Mt-noCostDecrease,KY,missing,coal_subpeak_conv pul_retire_2020,missing,missing,missing,missing,missing,missing,missing,missing,EJ
1409,1.3400419e-05,0.0011363978,0.0164718452,0.0181413242999999,0.0277719055,0.0332234676,0.0353105467,0.02003248256,0.01350394735,CDRIA-2050-noCR,1500Mt-noCostDecrease,KY,missing,gas_base_CC,missing,missing,missing,missing,missing,missing,missing,missing,EJ
1410,0.0,0.0,0.0,0.0007540800000000001,0.0078695008,0.018442487,0.022006959,0.0295471668999999,0.0332538634999999,CDRIA-2050-noCR,1500Mt-noCostDecrease,KY,missing,gas_base_CC_CCS,missing,missing,missing,missing,missing,missing,missing,missing,EJ
1411,1.2900387999999998e-05,0.0010941971,0.0258376809999999,0.027659713,0.0321473159999999,0.038318907,0.041096542,0.0497171361,0.057028847,CDRIA-2050-noCR,1500Mt-noCostDecrease,KY,missing,gas_int_CC,missing,missing,missing,missing,missing,missing,missing,missing,EJ
1412,0.0,0.0,0.0,0.0005624816000000001,0.0025647918999999,0.0064085001,0.0084309506,0.0159943715,0.0228200283999999,CDRIA-2050-noCR,1500Mt-noCostDecrease,KY,missing,gas_int_CC_CCS,missing,missing,missing,missing,missing,missing,missing,missing,EJ
1413,6.200259e-06,0.0006778969,4.66174e-06,5.618577e-06,8.417714000000002e-06,8.459345e-06,1.02210495e-05,1.36755014e-05,2.73087558e-05,CDRIA-2050-noCR,1500Mt-noCostDecrease,KY,missing,gas_peak_CC,missing,missing,missing,missing,missing,missing,missing,missing,EJ
1414,0.0,0.0,0.0,8.36689e-08,3.598602e-07,3.8804870000000003e-07,5.5424e-07,9.94458e-07,2.7112693e-06,CDRIA-2050-noCR,1500Mt-noCostDecrease,KY,missing,gas_peak_CC_CCS,missing,missing,missing,missing,missing,missing,missing,missing,EJ
1415,4.6001860000000005e-06,0.000238499,4.032396e-06,4.457934e-06,5.136423e-06,4.114469600000001e-06,5.7348966e-06,6.885582100000001e-06,1.4147042599999998e-05,CDRIA-2050-noCR,1500Mt-noCostDecrease,KY,missing,gas_peak_steam/CT,missing,missing,missing,missing,missing,missing,missing,missing,EJ
1416,2.9800932e-05,0.0032579983,0.0026737715,0.0025042336599999,0.00223062296,0.00192942695,0.00167602539,0.0015003541599999,0.0014114849899999,CDRIA-2050-noCR,1500Mt-noCostDecrease,KY,missing,gas_subpeak_CC,missing,missing,missing,missing,missing,missing,missing,missing,EJ
1417,0.0,0.0,0.0,5.733689e-06,1.5186356e-05,2.3136141e-05,3.4790917e-05,7.044246800000001e-05,0.000112586651,CDRIA-2050-noCR,1500Mt-noCostDecrease,KY,missing,gas_subpeak_CC_CCS,missing,missing,missing,missing,missing,missing,missing,missing,EJ
1418,2.210073e-05,0.001145999,0.0014420968999999,0.001322902,0.00091417575,0.0007473501000000002,0.0007387051200000002,0.0006223276199999999,0.0005787746500000001,CDRIA-2050-noCR,1500Mt-noCostDecrease,KY,missing,gas_subpeak_steam/CT,missing,missing,missing,missing,missing,missing,missing,missing,EJ
1419,0.0107254,0.0108872,0.0146036,0.0145812,0.0145653,0.0145674,0.0145348,0.0144129,0.0144289,CDRIA-2050-noCR,1500Mt-noCostDecrease,KY,missing,hydro_base,missing,missing,missing,missing,missing,missing,missing,missing,EJ
1420,0.0,0.0,0.0012403709999999,0.00105794,0.0004702236,0.0005078762000000001,0.0004796916,0.0003527534,0.0002360986,CDRIA-2050-noCR,1500Mt-noCostDecrease,KY,missing,refined liquids_peak_steam/CT,missing,missing,missing,missing,missing,missing,missing,missing,EJ
1421,0.0004321135,0.01571307,0.001754666,0.00140118,0.0006630916999999999,0.0007028224,0.0006416593,0.0004720423,0.000318474,CDRIA-2050-noCR,1500Mt-noCostDecrease,KY,missing,refined liquids_subpeak_steam/CT,missing,missing,missing,missing,missing,missing,missing,missing,EJ
1422,0.0,0.0,8.32801e-05,0.00100169,0.00339811,0.0058869,0.00724168,0.00664009,0.00707238,CDRIA-2050-noCR,1500Mt-noCostDecrease,KY,missing,rooftop_pv,missing,missing,missing,missing,missing,missing,missing,missing,EJ
1423,0.0,0.0,0.00564418,0.00815835,0.02720505,0.04399485,0.04948153,0.06098053,0.06395447,CDRIA-2050-noCR,1500Mt-noCostDecrease,KY,missing,wind_base,missing,missing,missing,missing,missing,missing,missing,missing,EJ
1424,0.0,0.0,0.000133967,0.0001854402,0.0006660252000000001,0.0013742962,0.0016079022,0.0021447632,0.0023775692,CDRIA-2050-noCR,1500Mt-noCostDecrease,KY,missing,wind_base_storage,missing,missing,missing,missing,missing,missing,missing,missing,EJ
1425,0.0,0.0,6.99901e-05,7.084113200000001e-05,0.000151968232,0.00034987223200000004,0.000467696232,0.0006376012320000001,0.000659373532,CDRIA-2050-noCR,1500Mt-noCostDecrease,LA,missing,PV_base_storage,missing,missing,missing,missing,missing,missing,missing,missing,EJ
1426,0.0,0.0,0.00585588,0.00958888,0.02609998,0.04551278,0.05637028,0.07616168,0.0853401,CDRIA-2050-noCR,1500Mt-noCostDecrease,LA,missing,PV_int,missing,missing,missing,missing,missing,missing,missing,missing,EJ
1427,0.0,0.0,0.000418365,0.0006195020000000001,0.001248255,0.001743717,0.002022935,0.002622206,0.003002912,CDRIA-2050-noCR,1500Mt-noCostDecrease,LA,missing,PV_peak,missing,missing,missing,missing,missing,missing,missing,missing,EJ
1428,0.0,0.0,0.00230674,0.003536,0.00747981,0.01077422,0.0127795499999999,0.01796559,0.0204971399999999,CDRIA-2050-noCR,1500Mt-noCostDecrease,LA,missing,PV_subpeak,missing,missing,missing,missing,missing,missing,missing,missing,EJ
1429,0.0,0.0,0.00027293,6.72219e-06,0.000352658531,0.000912069499,0.000625653998,0.0008526028087,0.0004864829318,CDRIA-2050-noCR,1500Mt-noCostDecrease,LA,missing,biogas_base_CC,missing,missing,missing,missing,missing,missing,missing,missing,EJ
1430,0.0,0.0,0.0,1.85846e-06,0.000243327286,0.000853192811,0.000617401853,0.001205170726,0.0008159659556,CDRIA-2050-noCR,1500Mt-noCostDecrease,LA,missing,biogas_base_CC_CCS,missing,missing,missing,missing,missing,missing,missing,missing,EJ
1431,0.0,0.0,0.000235167,9.95963e-05,0.00038966312,0.0007886487999999999,0.0007832375,0.0018632806,0.0022150801,CDRIA-2050-noCR,1500Mt-noCostDecrease,LA,missing,biogas_int_CC,missing,missing,missing,missing,missing,missing,missing,missing,EJ
1432,0.0,0.0,0.0,3.4208e-05,0.00017764925999999998,0.00044846842,0.00048415119,0.0015138265,0.0021502294,CDRIA-2050-noCR,1500Mt-noCostDecrease,LA,missing,biogas_int_CC_CCS,missing,missing,missing,missing,missing,missing,missing,missing,EJ
1433,0.0,0.0,4.16577e-07,1.843025e-07,5.3928002e-07,7.296786e-07,6.67434e-07,1.8227705e-06,2.8955481e-06,CDRIA-2050-noCR,1500Mt-noCostDecrease,LA,missing,biogas_peak_CC,missing,missing,missing,missing,missing,missing,missing,missing,EJ
1434,0.0,0.0,0.0,2.59032e-08,8.231374e-08,1.1856932e-07,1.1570646e-07,3.8386864e-07,6.842772e-07,CDRIA-2050-noCR,1500Mt-noCostDecrease,LA,missing,biogas_peak_CC_CCS,missing,missing,missing,missing,missing,missing,missing,missing,EJ
1435,0.0,0.0,3.904919e-07,1.5803496800000001e-07,4.60718877e-07,5.732361680000001e-07,4.27819149e-07,1.2497513710000002e-06,1.872949176e-06,CDRIA-2050-noCR,1500Mt-noCostDecrease,LA,missing,biogas_peak_steam/CT,missing,missing,missing,missing,missing,missing,missing,missing,EJ
1436,0.0,0.0,1.06696e-05,5.093781e-06,1.4897431e-05,2.1777332e-05,2.2515361e-05,6.922571e-05,9.027143e-05,CDRIA-2050-noCR,1500Mt-noCostDecrease,LA,missing,biogas_subpeak_CC,missing,missing,missing,missing,missing,missing,missing,missing,EJ
1437,0.0,0.0,0.0,9.67019e-07,3.3073407e-06,5.396016e-06,5.957934e-06,2.2329893e-05,3.4725825e-05,CDRIA-2050-noCR,1500Mt-noCostDecrease,LA,missing,biogas_subpeak_CC_CCS,missing,missing,missing,missing,missing,missing,missing,missing,EJ
1438,0.0,0.0,7.279439999999999e-06,3.13893265e-06,9.42117511e-06,1.250494161e-05,1.025058378e-05,3.54659079e-05,3.86218873e-05,CDRIA-2050-noCR,1500Mt-noCostDecrease,LA,missing,biogas_subpeak_steam/CT,missing,missing,missing,missing,missing,missing,missing,missing,EJ
1439,0.0,0.0,4.55507e-05,3.4434925e-05,8.576891500000001e-05,0.00026058729800000006,0.000372190916,0.000656031333,0.0007169397031000001,CDRIA-2050-noCR,1500Mt-noCostDecrease,LA,missing,biomass_base_IGCC,missing,missing,missing,missing,missing,missing,missing,missing,EJ
1440,0.0,0.0,0.0,2.511716e-07,4.67091805e-05,0.0004791215716000001,0.0007720601715999999,0.0033890199327999,0.0054064852217,CDRIA-2050-noCR,1500Mt-noCostDecrease,LA,missing,biomass_base_IGCC_CCS,missing,missing,missing,missing,missing,missing,missing,missing,EJ
1441,0.0001684107,0.0001564009,0.00011363139,9.3170684e-05,0.000194272157,0.0004444572020000001,0.000551226447,0.0008251214349999999,0.0007457042010000001,CDRIA-2050-noCR,1500Mt-noCostDecrease,LA,missing,biomass_base_conv,missing,missing,missing,missing,missing,missing,missing,missing,EJ
1442,0.0,0.0,0.0,2.81197e-07,6.7859881e-05,0.001079140997,0.001682180097,0.0157349745909999,0.0270101564669999,CDRIA-2050-noCR,1500Mt-noCostDecrease,LA,missing,biomass_base_conv_CCS,missing,missing,missing,missing,missing,missing,missing,missing,EJ
1443,0.0,0.0,9.16152e-06,1.1082376e-05,2.0544862e-05,4.3296646e-05,6.269433599999999e-05,0.000122494471,0.000180921378,CDRIA-2050-noCR,1500Mt-noCostDecrease,LA,missing,biomass_int_IGCC,missing,missing,missing,missing,missing,missing,missing,missing,EJ
1444,0.0,0.0,0.0,1.122389e-06,6.769302e-06,2.5041229e-05,4.1094139e-05,0.000113632902,0.000191900703,CDRIA-2050-noCR,1500Mt-noCostDecrease,LA,missing,biomass_int_IGCC_CCS,missing,missing,missing,missing,missing,missing,missing,missing,EJ
1445,0.0001684097,0.0001564008,9.90972e-05,0.00011446741000000002,0.00012353141,0.00019027841,0.00021888034,0.00032534464,0.00041393783,CDRIA-2050-noCR,1500Mt-noCostDecrease,LA,missing,biomass_int_conv,missing,missing,missing,missing,missing,missing,missing,missing,EJ
1446,0.0,0.0,0.0,1.67684e-06,1.121486e-05,4.722764e-05,7.720454e-05,0.00024026581,0.00041367294000000006,CDRIA-2050-noCR,1500Mt-noCostDecrease,LA,missing,biomass_int_conv_CCS,missing,missing,missing,missing,missing,missing,missing,missing,EJ
1447,0.0,0.0,0.0,1.155775e-05,0.0008503961299999999,0.00282323382,0.0041211327199999,0.0058348455599999,0.00677101254,CDRIA-2050-noCR,1500Mt-noCostDecrease,LA,missing,coal_base_IGCC_CCS,missing,missing,missing,missing,missing,missing,missing,missing,EJ
1448,0.02491007,0.03892746,0.0,0.0,0.0,0.0,0.0,0.0,0.0,CDRIA-2050-noCR,1500Mt-noCostDecrease,LA,missing,coal_base_conv pul,missing,missing,missing,missing,missing,missing,missing,missing,EJ
1449,0.0,0.0,0.03687504,0.03686809,0.02686209,0.006402042,0.007229299,0.0005522755,0.0002580365,CDRIA-2050-noCR,1500Mt-noCostDecrease,LA,missing,coal_base_conv pul 1981-1985,missing,missing,missing,missing,missing,missing,missing,missing,EJ
1450,0.0,0.0,0.0058151359999999,0.005814334,0.004237259,0.001010872,0.001146572,8.93118e-05,4.516878e-05,CDRIA-2050-noCR,1500Mt-noCostDecrease,LA,missing,coal_base_conv pul 1986-1990,missing,missing,missing,missing,missing,missing,missing,missing,EJ
1451,0.0,0.0,0.0,1.376326e-05,0.00093934702,0.0029929997,0.00430003913,0.0059209973999999,0.00676127791,CDRIA-2050-noCR,1500Mt-noCostDecrease,LA,missing,coal_base_conv pul_CCS,missing,missing,missing,missing,missing,missing,missing,missing,EJ
1452,0.007138896,0.0111561,0.0,0.0,0.0,0.0,0.0,0.0,0.0,CDRIA-2050-noCR,1500Mt-noCostDecrease,LA,missing,coal_base_conv pul_retire_2020,missing,missing,missing,missing,missing,missing,missing,missing,EJ
1453,0.0,0.0,0.0,3.184801e-05,0.00013651355,0.00032858077,0.00047392318,0.00084506899,0.00117718059,CDRIA-2050-noCR,1500Mt-noCostDecrease,LA,missing,coal_int_IGCC_CCS,missing,missing,missing,missing,missing,missing,missing,missing,EJ
1454,0.02877886,0.03359927,0.0,0.0,0.0,0.0,0.0,0.0,0.0,CDRIA-2050-noCR,1500Mt-noCostDecrease,LA,missing,coal_int_conv pul,missing,missing,missing,missing,missing,missing,missing,missing,EJ
1455,0.0,0.0,0.0054508049999999,0.005448998,0.00448317,0.002248012,0.0029957309999999,0.001143827,0.000955215,CDRIA-2050-noCR,1500Mt-noCostDecrease,LA,missing,coal_int_conv pul 1981-1985,missing,missing,missing,missing,missing,missing,missing,missing,EJ
1456,0.0,0.0,0.0008595854999999999,0.0008593423,0.000707182,0.0003549583,0.0004751261,0.0001849756,0.0001672084,CDRIA-2050-noCR,1500Mt-noCostDecrease,LA,missing,coal_int_conv pul 1986-1990,missing,missing,missing,missing,missing,missing,missing,missing,EJ
1457,0.0,0.0,0.0,4.03406e-05,0.0001627882,0.000373786,0.0005265421999999999,0.0008993336000000001,0.0012233678,CDRIA-2050-noCR,1500Mt-noCostDecrease,LA,missing,coal_int_conv pul_CCS,missing,missing,missing,missing,missing,missing,missing,missing,EJ
1458,0.008247645,0.00962912,0.0,0.0,0.0,0.0,0.0,0.0,0.0,CDRIA-2050-noCR,1500Mt-noCostDecrease,LA,missing,coal_int_conv pul_retire_2020,missing,missing,missing,missing,missing,missing,missing,missing,EJ
1459,0.0002266606,0.0,0.0,0.0,0.0,0.0,0.0,0.0,0.0,CDRIA-2050-noCR,1500Mt-noCostDecrease,LA,missing,coal_peak_conv pul,missing,missing,missing,missing,missing,missing,missing,missing,EJ
1460,6.495802e-05,0.0,0.0,0.0,0.0,0.0,0.0,0.0,0.0,CDRIA-2050-noCR,1500Mt-noCostDecrease,LA,missing,coal_peak_conv pul_retire_2020,missing,missing,missing,missing,missing,missing,missing,missing,EJ
1461,0.001684713,0.0,0.0,0.0,0.0,0.0,0.0,0.0,0.0,CDRIA-2050-noCR,1500Mt-noCostDecrease,LA,missing,coal_subpeak_conv pul,missing,missing,missing,missing,missing,missing,missing,missing,EJ
1462,0.0004828164,0.0,0.0,0.0,0.0,0.0,0.0,0.0,0.0,CDRIA-2050-noCR,1500Mt-noCostDecrease,LA,missing,coal_subpeak_conv pul_retire_2020,missing,missing,missing,missing,missing,missing,missing,missing,EJ
1463,0.0,0.0,0.02040093,0.0199597278,0.0252838322999999,0.0303049751,0.0346609260999999,0.0245465838,0.01827880272,CDRIA-2050-noCR,1500Mt-noCostDecrease,LA,missing,gas_base_CC,missing,missing,missing,missing,missing,missing,missing,missing,EJ
1464,0.0,0.0,0.0,4.454419e-05,0.0041026343199999,0.0134017284699999,0.0193013370299999,0.02731706129,0.0310624306399999,CDRIA-2050-noCR,1500Mt-noCostDecrease,LA,missing,gas_base_CC_CCS,missing,missing,missing,missing,missing,missing,missing,missing,EJ
1465,0.060443,0.0821213,0.13236586,0.125068567,0.110925703,0.096556648,0.0877816509999999,0.0749084399999999,0.0673259369999999,CDRIA-2050-noCR,1500Mt-noCostDecrease,LA,missing,gas_int_CC,missing,missing,missing,missing,missing,missing,missing,missing,EJ
1466,0.0,0.0,0.0,0.0004982775,0.0018001328,0.0039833767,0.0056087291,0.0094936135,0.0127996658,CDRIA-2050-noCR,1500Mt-noCostDecrease,LA,missing,gas_int_CC_CCS,missing,missing,missing,missing,missing,missing,missing,missing,EJ
1467,0.002364249,0.004136688,0.0013267229069999,0.0012062109809999,0.001000321593,0.000788585711,0.0006497361919999999,0.0004505039430000001,0.000320109453,CDRIA-2050-noCR,1500Mt-noCostDecrease,LA,missing,gas_peak_CC,missing,missing,missing,missing,missing,missing,missing,missing,EJ
1468,0.0,0.0,0.0,8.06827e-08,2.400095e-07,4.3796140000000003e-07,5.852198e-07,1.0312473e-06,1.7108751000000003e-06,CDRIA-2050-noCR,1500Mt-noCostDecrease,LA,missing,gas_peak_CC_CCS,missing,missing,missing,missing,missing,missing,missing,missing,EJ
1469,0.0017514156,0.0014549945,0.0006659841100000001,0.0005690510669999998,0.000289400385,0.00017448684060000002,0.000190884432,9.53390016e-05,6.54999335e-05,CDRIA-2050-noCR,1500Mt-noCostDecrease,LA,missing,gas_peak_steam/CT,missing,missing,missing,missing,missing,missing,missing,missing,EJ
1470,0.0157357399999999,0.02753308,0.0091447339,0.00837907848,0.00714431292,0.0058390342699999,0.00486712829,0.0037037388,0.00292344411,CDRIA-2050-noCR,1500Mt-noCostDecrease,LA,missing,gas_subpeak_CC,missing,missing,missing,missing,missing,missing,missing,missing,EJ
1471,0.0,0.0,0.0,4.543614e-06,1.3696811e-05,2.5497785e-05,3.4996977e-05,6.8935163e-05,0.000104916612,CDRIA-2050-noCR,1500Mt-noCostDecrease,LA,missing,gas_subpeak_CC_CCS,missing,missing,missing,missing,missing,missing,missing,missing,EJ
1472,0.0116572909999999,0.009684543,0.004757817,0.00416670029,0.00241639608,0.00160461181,0.00172248381,0.00103737663,0.0008178268700000001,CDRIA-2050-noCR,1500Mt-noCostDecrease,LA,missing,gas_subpeak_steam/CT,missing,missing,missing,missing,missing,missing,missing,missing,EJ
1473,0.002228,0.0029817,0.0042866,0.00428,0.0042754,0.004276,0.0042664,0.0042306,0.0042354,CDRIA-2050-noCR,1500Mt-noCostDecrease,LA,missing,hydro_base,missing,missing,missing,missing,missing,missing,missing,missing,EJ
1474,0.0541781999999999,0.0585090999999999,0.0573676,0.0573681,0.0573683,0.0573683,0.0573625,0.0267823999999999,0.0,CDRIA-2050-noCR,1500Mt-noCostDecrease,LA,missing,nuc_base_Gen II,missing,missing,missing,missing,missing,missing,missing,missing,EJ
1475,0.0,0.0,0.0,0.0,0.00433779,0.01496228,0.02135239,0.03067725,0.03576624,CDRIA-2050-noCR,1500Mt-noCostDecrease,LA,missing,nuc_base_Gen III,missing,missing,missing,missing,missing,missing,missing,missing,EJ
1476,0.0,0.0,0.002639693,0.004656227,0.003364758,0.001981346,0.0015726499999999,0.0003265277,0.0001385243,CDRIA-2050-noCR,1500Mt-noCostDecrease,LA,missing,refined liquids_base_steam/CT,missing,missing,missing,missing,missing,missing,missing,missing,EJ
1477,0.0006018348,0.01157846,0.0,0.0,0.0,0.0,0.0,0.0,0.0,CDRIA-2050-noCR,1500Mt-noCostDecrease,LA,missing,refined liquids_int_steam/CT,missing,missing,missing,missing,missing,missing,missing,missing,EJ
1478,0.0,0.0,0.0,0.0,0.0,0.0,0.0,0.0,0.0,CDRIA-2050-noCR,1500Mt-noCostDecrease,LA,missing,refined liquids_peak_steam/CT,missing,missing,missing,missing,missing,missing,missing,missing,EJ
1479,0.0001505084,0.00289461,0.0,0.0,0.0,0.0,0.0,0.0,0.0,CDRIA-2050-noCR,1500Mt-noCostDecrease,LA,missing,refined liquids_subpeak_steam/CT,missing,missing,missing,missing,missing,missing,missing,missing,EJ
1480,0.0,0.0,0.000185158,0.00305797,0.00908269,0.0113432,0.0134475,0.0139379,0.0165088,CDRIA-2050-noCR,1500Mt-noCostDecrease,LA,missing,rooftop_pv,missing,missing,missing,missing,missing,missing,missing,missing,EJ
1481,0.0,0.0,0.00473532,0.00484555,0.01374134,0.03257354,0.0428120399999999,0.05471964,0.0573778599999999,CDRIA-2050-noCR,1500Mt-noCostDecrease,LA,missing,wind_base,missing,missing,missing,missing,missing,missing,missing,missing,EJ
1482,0.0,0.0,0.0,6.99226e-06,0.0014853622599999,0.00580633226,0.00878088226,0.0131151722599999,0.0160637,CDRIA-2050-noCR,1500Mt-noCostDecrease,LA,missing,wind_base_offshore,missing,missing,missing,missing,missing,missing,missing,missing,EJ
1483,0.0,0.0,0.000115753,0.00011799662,0.00028582562,0.00066517262,0.00088191362,0.00118066462,0.00122634162,CDRIA-2050-noCR,1500Mt-noCostDecrease,LA,missing,wind_base_storage,missing,missing,missing,missing,missing,missing,missing,missing,EJ
1484,0.0,0.0,5.49823e-07,1.188333e-06,3.9530230000000005e-06,8.580793000000002e-06,1.1276543000000002e-05,1.5610823000000003e-05,1.914338e-05,CDRIA-2050-noCR,1500Mt-noCostDecrease,ME,missing,PV_base_storage,missing,missing,missing,missing,missing,missing,missing,missing,EJ
1485,0.0,0.0,0.000261943,0.0008103850000000001,0.0022302249999999,0.003428815,0.004313644,0.005630074,0.006034631,CDRIA-2050-noCR,1500Mt-noCostDecrease,ME,missing,PV_int,missing,missing,missing,missing,missing,missing,missing,missing,EJ
1486,0.0,0.0,1.00243e-05,2.00178e-05,3.94994e-05,5.39207e-05,6.199057e-05,8.019796999999999e-05,8.471197e-05,CDRIA-2050-noCR,1500Mt-noCostDecrease,ME,missing,PV_peak,missing,missing,missing,missing,missing,missing,missing,missing,EJ
1487,0.0,0.0,3.7103e-05,9.34113e-05,0.0002064983,0.0002946261,0.0003473478,0.0005413238000000001,0.0005705265999999999,CDRIA-2050-noCR,1500Mt-noCostDecrease,ME,missing,PV_subpeak,missing,missing,missing,missing,missing,missing,missing,missing,EJ
1488,0.0,0.0,2.7215e-06,3.3372186e-06,1.49276649e-05,2.66867995e-05,1.77898222e-05,2.68871668e-05,2.60952566e-05,CDRIA-2050-noCR,1500Mt-noCostDecrease,ME,missing,biogas_base_CC,missing,missing,missing,missing,missing,missing,missing,missing,EJ
1489,0.0,0.0,0.0,1.73331e-06,1.01141453e-05,2.36060059e-05,1.6143242099999998e-05,3.32404971e-05,3.53636037e-05,CDRIA-2050-noCR,1500Mt-noCostDecrease,ME,missing,biogas_base_CC_CCS,missing,missing,missing,missing,missing,missing,missing,missing,EJ
1490,0.0,0.0,1.463e-05,2.016121e-05,5.7744250000000005e-05,0.00010002058,0.00013258326000000002,0.00024647297,0.00025815276,CDRIA-2050-noCR,1500Mt-noCostDecrease,ME,missing,biogas_int_CC,missing,missing,missing,missing,missing,missing,missing,missing,EJ
1491,0.0,0.0,0.0,7.29413e-06,2.6034215e-05,5.45252e-05,7.551075e-05,0.00017857938,0.00021311048000000003,CDRIA-2050-noCR,1500Mt-noCostDecrease,ME,missing,biogas_int_CC_CCS,missing,missing,missing,missing,missing,missing,missing,missing,EJ
1492,0.0,0.0,1.56144e-08,1.4481488e-08,3.1895566999999994e-08,4.436106e-08,4.449388e-08,1.0755704e-07,1.1919822e-07,CDRIA-2050-noCR,1500Mt-noCostDecrease,ME,missing,biogas_peak_CC,missing,missing,missing,missing,missing,missing,missing,missing,EJ
1493,0.0,0.0,0.0,2.12879e-09,4.90191e-09,7.293611e-09,7.580289999999999e-09,2.2145216e-08,2.8714419e-08,CDRIA-2050-noCR,1500Mt-noCostDecrease,ME,missing,biogas_peak_CC_CCS,missing,missing,missing,missing,missing,missing,missing,missing,EJ
1494,0.0,0.0,1.422408e-08,1.227839e-08,2.620703e-08,3.1994479e-08,2.4197847e-08,6.734316299999999e-08,6.011265100000002e-08,CDRIA-2050-noCR,1500Mt-noCostDecrease,ME,missing,biogas_peak_steam/CT,missing,missing,missing,missing,missing,missing,missing,missing,EJ
1495,0.0,0.0,2.56904e-07,3.434598e-07,7.769821e-07,1.1674548e-06,1.3145921e-06,4.4149436e-06,3.6028314e-06,CDRIA-2050-noCR,1500Mt-noCostDecrease,ME,missing,biogas_subpeak_CC,missing,missing,missing,missing,missing,missing,missing,missing,EJ
1496,0.0,0.0,0.0,7.02896e-08,1.768209e-07,2.942836e-07,3.43742e-07,1.3742395e-06,1.4347055e-06,CDRIA-2050-noCR,1500Mt-noCostDecrease,ME,missing,biogas_subpeak_CC_CCS,missing,missing,missing,missing,missing,missing,missing,missing,EJ
1497,0.0,0.0,1.700157e-07,2.1458716200000002e-07,4.74425219e-07,6.22696299e-07,5.18775189e-07,2.2159661500000003e-06,1.0066464600000002e-06,CDRIA-2050-noCR,1500Mt-noCostDecrease,ME,missing,biogas_subpeak_steam/CT,missing,missing,missing,missing,missing,missing,missing,missing,EJ
1498,0.0,0.0,0.00014687739999999998,0.000205887,0.0004218435,0.0007937661999999999,0.0009691609,0.0012683955,0.0014913489999999,CDRIA-2050-noCR,1500Mt-noCostDecrease,ME,missing,biomass_base_IGCC,missing,missing,missing,missing,missing,missing,missing,missing,EJ
1499,0.0,0.0,0.0,3.64919e-05,0.0002253239,0.0009894478,0.0013668987,0.0036288828999999,0.0058125367,CDRIA-2050-noCR,1500Mt-noCostDecrease,ME,missing,biomass_base_IGCC_CCS,missing,missing,missing,missing,missing,missing,missing,missing,EJ
1500,0.00268766,0.00580435,0.001309052,0.001553692,0.00204512,0.0025506249999999,0.002427009,0.0020269284,0.0019364518,CDRIA-2050-noCR,1500Mt-noCostDecrease,ME,missing,biomass_base_conv,missing,missing,missing,missing,missing,missing,missing,missing,EJ
1501,0.0,0.0,0.0,3.94075e-05,0.0002973254,0.0018583895,0.0025414585,0.0108236455,0.0185702608,CDRIA-2050-noCR,1500Mt-noCostDecrease,ME,missing,biomass_base_conv_CCS,missing,missing,missing,missing,missing,missing,missing,missing,EJ
1502,0.0,0.0,8.931939999999999e-05,0.0001409093,0.0002320254,0.0003508208,0.0004557853000000001,0.0006372048999999999,0.00072642,CDRIA-2050-noCR,1500Mt-noCostDecrease,ME,missing,biomass_int_IGCC,missing,missing,missing,missing,missing,missing,missing,missing,EJ
1503,0.0,0.0,0.0,2.153652e-05,7.209755e-05,0.00016173252,0.00024142372,0.00044220343,0.0005493825499999999,CDRIA-2050-noCR,1500Mt-noCostDecrease,ME,missing,biomass_int_IGCC_CCS,missing,missing,missing,missing,missing,missing,missing,missing,EJ
1504,0.0026876499999999,0.00580433,0.002964833,0.0030328689999999,0.003032843,0.003289,0.003162869,0.003113569,0.002832503,CDRIA-2050-noCR,1500Mt-noCostDecrease,ME,missing,biomass_int_conv,missing,missing,missing,missing,missing,missing,missing,missing,EJ
1505,0.0,0.0,0.0,3.14572e-05,0.0001144071,0.0002840936,0.0004267536,0.0008506507999999999,0.001071573,CDRIA-2050-noCR,1500Mt-noCostDecrease,ME,missing,biomass_int_conv_CCS,missing,missing,missing,missing,missing,missing,missing,missing,EJ
1506,0.0,0.0,0.0,9.26143e-06,3.807417e-05,8.382273000000001e-05,0.000111868,0.00014496813999999997,0.00017962409,CDRIA-2050-noCR,1500Mt-noCostDecrease,ME,missing,coal_base_IGCC_CCS,missing,missing,missing,missing,missing,missing,missing,missing,EJ
1507,0.000973215,0.000960967,0.000507494,0.000505818,0.000282068,6.33724e-05,7.72856e-05,7.13822e-06,5.34728e-06,CDRIA-2050-noCR,1500Mt-noCostDecrease,ME,missing,coal_base_conv pul,missing,missing,missing,missing,missing,missing,missing,missing,EJ
1508,0.0,0.0,0.0,1.0534e-05,4.113791e-05,8.700791e-05,0.00011395031,0.00013999831000000002,0.00016876927,CDRIA-2050-noCR,1500Mt-noCostDecrease,ME,missing,coal_base_conv pul_CCS,missing,missing,missing,missing,missing,missing,missing,missing,EJ
1509,0.00015641,0.000154441,0.0,0.0,0.0,0.0,0.0,0.0,0.0,CDRIA-2050-noCR,1500Mt-noCostDecrease,ME,missing,coal_base_conv pul_retire_2020,missing,missing,missing,missing,missing,missing,missing,missing,EJ
1510,0.0,0.0,0.0,5.67236e-06,2.086854e-05,4.189675e-05,6.286173e-05,0.00010172516,0.00012326349,CDRIA-2050-noCR,1500Mt-noCostDecrease,ME,missing,coal_int_IGCC_CCS,missing,missing,missing,missing,missing,missing,missing,missing,EJ
1511,0.000243303,0.000240198,7.56323e-05,7.55791e-05,6.56219e-05,4.45841e-05,5.35577e-05,2.68189e-05,2.43129e-05,CDRIA-2050-noCR,1500Mt-noCostDecrease,ME,missing,coal_int_conv pul,missing,missing,missing,missing,missing,missing,missing,missing,EJ
1512,0.0,0.0,0.0,7.12537e-06,2.485919e-05,4.803558e-05,7.021016e-05,0.00010958916,0.00013075984000000002,CDRIA-2050-noCR,1500Mt-noCostDecrease,ME,missing,coal_int_conv pul_CCS,missing,missing,missing,missing,missing,missing,missing,missing,EJ
1513,3.91023e-05,3.86033e-05,0.0,0.0,0.0,0.0,0.0,0.0,0.0,CDRIA-2050-noCR,1500Mt-noCostDecrease,ME,missing,coal_int_conv pul_retire_2020,missing,missing,missing,missing,missing,missing,missing,missing,EJ
1514,0.0,0.00752406,0.0022911819,0.0022658243,0.001944251,0.0014641072,0.0014335665,0.0006646321,0.00056963364,CDRIA-2050-noCR,1500Mt-noCostDecrease,ME,missing,gas_base_CC,missing,missing,missing,missing,missing,missing,missing,missing,EJ
1515,0.0,0.0,0.0,4.755598e-05,0.00015997908999999997,0.00033784724,0.00044198987,0.0005796388800000001,0.0007067886699999999,CDRIA-2050-noCR,1500Mt-noCostDecrease,ME,missing,gas_base_CC_CCS,missing,missing,missing,missing,missing,missing,missing,missing,EJ
1516,5.440116e-05,0.01225338,0.00510169,0.0051392585,0.0049624331,0.0047471372,0.0046728325,0.0044899697,0.0042544359999999,CDRIA-2050-noCR,1500Mt-noCostDecrease,ME,missing,gas_int_CC,missing,missing,missing,missing,missing,missing,missing,missing,EJ
1517,0.0,0.0,0.0,8.51146e-05,0.0002382343,0.0004357147,0.0006291159000000001,0.0009682910999999998,0.0011479927,CDRIA-2050-noCR,1500Mt-noCostDecrease,ME,missing,gas_int_CC_CCS,missing,missing,missing,missing,missing,missing,missing,missing,EJ
1518,0.0,0.0002392155,4.9283219500000006e-05,4.457530539999999e-05,3.653836970000001e-05,2.9488591480000008e-05,2.43773443e-05,1.6975192459999996e-05,1.1934917320000004e-05,CDRIA-2050-noCR,1500Mt-noCostDecrease,ME,missing,gas_peak_CC,missing,missing,missing,missing,missing,missing,missing,missing,EJ
1519,0.0,0.0,0.0,6.26992e-09,1.499795e-08,2.6045496000000005e-08,3.4233385e-08,5.7487477e-08,7.7344148e-08,CDRIA-2050-noCR,1500Mt-noCostDecrease,ME,missing,gas_peak_CC_CCS,missing,missing,missing,missing,missing,missing,missing,missing,EJ
1520,0.0,8.4105522e-05,2.2631531746e-05,1.8481302205e-05,9.622494403e-06,6.839427533000001e-06,7.476981199e-06,3.831265975e-06,2.606274874999999e-06,CDRIA-2050-noCR,1500Mt-noCostDecrease,ME,missing,gas_peak_steam/CT,missing,missing,missing,missing,missing,missing,missing,missing,EJ
1521,3.5000830000000003e-06,0.0012468169999999,0.000296358231,0.00027131162,0.000229996964,0.000191885358,0.000160669644,0.00012662677599999998,9.7773015e-05,CDRIA-2050-noCR,1500Mt-noCostDecrease,ME,missing,gas_subpeak_CC,missing,missing,missing,missing,missing,missing,missing,missing,EJ
1522,0.0,0.0,0.0,3.039964e-07,7.423532000000001e-07,1.3094464e-06,1.7586642e-06,3.7996976e-06,4.5358482e-06,CDRIA-2050-noCR,1500Mt-noCostDecrease,ME,missing,gas_subpeak_CC_CCS,missing,missing,missing,missing,missing,missing,missing,missing,EJ
1523,2.6000632e-06,0.00043850572,0.0001460398342,0.0001233182901,7.238380512000001e-05,5.541857616e-05,5.909995694e-05,3.843007152999999e-05,2.8417494580000004e-05,CDRIA-2050-noCR,1500Mt-noCostDecrease,ME,missing,gas_subpeak_steam/CT,missing,missing,missing,missing,missing,missing,missing,missing,EJ
1524,0.0093206,0.0127426,0.0127467,0.0127272,0.0127133,0.0127151,0.0126867,0.0125803,0.0125943,CDRIA-2050-noCR,1500Mt-noCostDecrease,ME,missing,hydro_base,missing,missing,missing,missing,missing,missing,missing,missing,EJ
1525,0.0185489,0.0,0.0,0.0,0.0,0.0,0.0,0.0,0.0,CDRIA-2050-noCR,1500Mt-noCostDecrease,ME,missing,nuc_base_Gen II,missing,missing,missing,missing,missing,missing,missing,missing,EJ
1526,0.000705015,0.000361403,0.000663441,0.000732228,0.000456336,0.000278558,0.000238061,5.29674e-05,3.13662e-05,CDRIA-2050-noCR,1500Mt-noCostDecrease,ME,missing,refined liquids_base_steam/CT,missing,missing,missing,missing,missing,missing,missing,missing,EJ
1527,0.00614823,0.00289142,0.0,0.0,0.0,0.0,0.0,0.0,0.0,CDRIA-2050-noCR,1500Mt-noCostDecrease,ME,missing,refined liquids_int_steam/CT,missing,missing,missing,missing,missing,missing,missing,missing,EJ
1528,0.000148902,0.0,0.0,0.0,0.0,0.0,0.0,0.0,0.0,CDRIA-2050-noCR,1500Mt-noCostDecrease,ME,missing,refined liquids_peak_steam/CT,missing,missing,missing,missing,missing,missing,missing,missing,EJ
1529,0.000864421,0.000361405,0.0,0.0,0.0,0.0,0.0,0.0,0.0,CDRIA-2050-noCR,1500Mt-noCostDecrease,ME,missing,refined liquids_subpeak_steam/CT,missing,missing,missing,missing,missing,missing,missing,missing,EJ
1530,0.0,0.0,2.31199e-05,0.00021437,0.00060262,0.00102828,0.00130277,0.00148425,0.00154428,CDRIA-2050-noCR,1500Mt-noCostDecrease,ME,missing,rooftop_pv,missing,missing,missing,missing,missing,missing,missing,missing,EJ
1531,0.0,0.0,0.005168558,0.005640966,0.006837816,0.0087991359999999,0.0099670659999999,0.007275426,0.008628568,CDRIA-2050-noCR,1500Mt-noCostDecrease,ME,missing,wind_base,missing,missing,missing,missing,missing,missing,missing,missing,EJ
1532,0.0,0.0,0.0,3.83232e-05,0.0002800052,0.0007758082,0.0011299252,0.0017995431999999,0.002448727,CDRIA-2050-noCR,1500Mt-noCostDecrease,ME,missing,wind_base_offshore,missing,missing,missing,missing,missing,missing,missing,missing,EJ
1533,0.0,0.0,1.21605e-05,2.31299e-05,4.84613e-05,8.94813e-05,0.0001129042,0.0001510096,0.000173916,CDRIA-2050-noCR,1500Mt-noCostDecrease,ME,missing,wind_base_storage,missing,missing,missing,missing,missing,missing,missing,missing,EJ
1534,0.0,0.0,3.83967e-05,4.418537e-05,8.436597e-05,0.00016755866999999998,0.00024033767,0.00033472696999999995,0.00036714787000000006,CDRIA-2050-noCR,1500Mt-noCostDecrease,MD,missing,PV_base_storage,missing,missing,missing,missing,missing,missing,missing,missing,EJ
1535,0.0,0.0,0.00678471,0.00964997,0.02129107,0.03442637,0.04217149,0.05646409,0.06291758,CDRIA-2050-noCR,1500Mt-noCostDecrease,MD,missing,PV_int,missing,missing,missing,missing,missing,missing,missing,missing,EJ
1536,0.0,0.0,6.10041e-05,9.6545e-05,0.000203541,0.0002882042,0.0003520066,0.0004615206,0.0005567485,CDRIA-2050-noCR,1500Mt-noCostDecrease,MD,missing,PV_peak,missing,missing,missing,missing,missing,missing,missing,missing,EJ
1537,0.0,0.0,0.0008873519999999999,0.0011134019999999,0.0018093189999999,0.002389582,0.002849523,0.003274712,0.003887435,CDRIA-2050-noCR,1500Mt-noCostDecrease,MD,missing,PV_subpeak,missing,missing,missing,missing,missing,missing,missing,missing,EJ
1538,0.0,0.0,0.000175445,3.007086e-05,0.000205793901,0.00045185631,0.00044034349,0.0005469739240000001,0.000420573825,CDRIA-2050-noCR,1500Mt-noCostDecrease,MD,missing,biogas_base_CC,missing,missing,missing,missing,missing,missing,missing,missing,EJ
1539,0.0,0.0,0.0,1.4993e-05,0.00014219777400000002,0.00041968142,0.000425850003,0.0007482554910000001,0.000647880553,CDRIA-2050-noCR,1500Mt-noCostDecrease,MD,missing,biogas_base_CC_CCS,missing,missing,missing,missing,missing,missing,missing,missing,EJ
1540,0.0,0.0,0.000305343,9.78986e-05,0.00031832656,0.0006585127,0.0007210571,0.001633321,0.0021011038,CDRIA-2050-noCR,1500Mt-noCostDecrease,MD,missing,biogas_int_CC,missing,missing,missing,missing,missing,missing,missing,missing,EJ
1541,0.0,0.0,0.0,2.98207e-05,0.00014035002,0.00035726293000000003,0.00042160649,0.001242017,0.0018742233,CDRIA-2050-noCR,1500Mt-noCostDecrease,MD,missing,biogas_int_CC_CCS,missing,missing,missing,missing,missing,missing,missing,missing,EJ
1542,0.0,0.0,7.19975e-08,3.921332e-08,1.0805817000000001e-07,1.5591253e-07,1.8821551000000002e-07,4.3206807e-07,6.927757699999999e-07,CDRIA-2050-noCR,1500Mt-noCostDecrease,MD,missing,biogas_peak_CC,missing,missing,missing,missing,missing,missing,missing,missing,EJ
1543,0.0,0.0,0.0,5.48418e-09,1.6590889e-08,2.5605898e-08,3.2786800000000003e-08,9.138945e-08,1.6137497e-07,CDRIA-2050-noCR,1500Mt-noCostDecrease,MD,missing,biogas_peak_CC_CCS,missing,missing,missing,missing,missing,missing,missing,missing,EJ
1544,0.0,0.0,6.65836e-08,3.234311e-08,8.97369e-08,1.14708119e-07,1.1394311100000001e-07,2.6888686800000004e-07,4.13146514e-07,CDRIA-2050-noCR,1500Mt-noCostDecrease,MD,missing,biogas_peak_steam/CT,missing,missing,missing,missing,missing,missing,missing,missing,EJ
1545,0.0,0.0,1.65617e-06,1.061273e-06,3.0297768e-06,4.738192e-06,6.263401e-06,1.6089801e-05,2.1973492e-05,CDRIA-2050-noCR,1500Mt-noCostDecrease,MD,missing,biogas_subpeak_CC,missing,missing,missing,missing,missing,missing,missing,missing,EJ
1546,0.0,0.0,0.0,2.01418e-07,6.8007267e-07,1.1915528e-06,1.6711993000000002e-06,5.170062e-06,8.137977e-06,CDRIA-2050-noCR,1500Mt-noCostDecrease,MD,missing,biogas_subpeak_CC_CCS,missing,missing,missing,missing,missing,missing,missing,missing,EJ
1547,0.0,0.0,1.113662e-06,6.340343500000001e-07,1.867369239e-06,2.52759298e-06,2.6935917699999995e-06,7.538758210000001e-06,8.69155048e-06,CDRIA-2050-noCR,1500Mt-noCostDecrease,MD,missing,biogas_subpeak_steam/CT,missing,missing,missing,missing,missing,missing,missing,missing,EJ
1548,0.0,0.0,5.80081e-05,5.275259e-05,9.449737e-05,0.00020848519,0.00031873566,0.00054409328,0.00066593471,CDRIA-2050-noCR,1500Mt-noCostDecrease,MD,missing,biomass_base_IGCC,missing,missing,missing,missing,missing,missing,missing,missing,EJ
1549,0.0,0.0,0.0,3.145678e-06,4.1234759e-05,0.000325588777,0.000597235578,0.00274003199,0.0049912596649999,CDRIA-2050-noCR,1500Mt-noCostDecrease,MD,missing,biomass_base_IGCC_CCS,missing,missing,missing,missing,missing,missing,missing,missing,EJ
1550,0.000917922,0.0010074049999999,0.0002848341,0.00035316317000000006,0.00049946427,0.0006471355700000001,0.00071058741,0.00077073485,0.00075444955,CDRIA-2050-noCR,1500Mt-noCostDecrease,MD,missing,biomass_base_conv,missing,missing,missing,missing,missing,missing,missing,missing,EJ
1551,0.0,0.0,0.0,3.53605e-06,5.9285080000000005e-05,0.00073210645,0.00129733555,0.01311028784,0.02609599955,CDRIA-2050-noCR,1500Mt-noCostDecrease,MD,missing,biomass_base_conv_CCS,missing,missing,missing,missing,missing,missing,missing,missing,EJ
1552,0.0,0.0,2.9458230000000004e-05,3.265162e-05,4.484237e-05,7.107153e-05,9.277459e-05,0.00015657277,0.00022699763000000005,CDRIA-2050-noCR,1500Mt-noCostDecrease,MD,missing,biomass_int_IGCC,missing,missing,missing,missing,missing,missing,missing,missing,EJ
1553,0.0,0.0,0.0,1.852572e-06,9.137460999999998e-06,2.9949592e-05,4.7809292e-05,0.000125374518,0.00021944117799999995,CDRIA-2050-noCR,1500Mt-noCostDecrease,MD,missing,biomass_int_IGCC_CCS,missing,missing,missing,missing,missing,missing,missing,missing,EJ
1554,0.000917922,0.0010074049999999,0.0006055031000000001,0.00068904202,0.0006460389599999999,0.0007461424499999999,0.00071016722,0.0007496269300000001,0.00077222958,CDRIA-2050-noCR,1500Mt-noCostDecrease,MD,missing,biomass_int_conv,missing,missing,missing,missing,missing,missing,missing,missing,EJ
1555,0.0,0.0,0.0,2.77827e-06,1.514103e-05,5.639485e-05,8.993624999999999e-05,0.00026554711000000003,0.00047562711,CDRIA-2050-noCR,1500Mt-noCostDecrease,MD,missing,biomass_int_conv_CCS,missing,missing,missing,missing,missing,missing,missing,missing,EJ
1556,0.0,0.0,0.0,9.88998e-05,0.000655501,0.001766005,0.0028447796,0.0041293775,0.0051427183,CDRIA-2050-noCR,1500Mt-noCostDecrease,MD,missing,coal_base_IGCC_CCS,missing,missing,missing,missing,missing,missing,missing,missing,EJ
1557,0.0307242,0.0397184,0.0,0.0,0.0,0.0,0.0,0.0,0.0,CDRIA-2050-noCR,1500Mt-noCostDecrease,MD,missing,coal_base_conv pul,missing,missing,missing,missing,missing,missing,missing,missing,EJ
1558,0.0,0.0,0.000712857,0.000652197,0.000370432,0.0,0.0,0.0,0.0,CDRIA-2050-noCR,1500Mt-noCostDecrease,MD,missing,coal_base_conv pul 1956-1960,missing,missing,missing,missing,missing,missing,missing,missing,EJ
1559,0.0,0.0,0.002407093,0.0023856619999999,0.001800793,0.000409015,0.00030876600000000003,0.0,0.0,CDRIA-2050-noCR,1500Mt-noCostDecrease,MD,missing,coal_base_conv pul 1961-1965,missing,missing,missing,missing,missing,missing,missing,missing,EJ
1560,0.0,0.0,0.00400148,0.00399231,0.00310212,0.0007906839999999999,0.000837682,3.55752e-05,0.0,CDRIA-2050-noCR,1500Mt-noCostDecrease,MD,missing,coal_base_conv pul 1966-1970,missing,missing,missing,missing,missing,missing,missing,missing,EJ
1561,0.0,0.0,0.0033416599999999,0.0033369,0.00260286,0.000674575,0.0007621069999999999,3.83543e-05,9.33776e-06,CDRIA-2050-noCR,1500Mt-noCostDecrease,MD,missing,coal_base_conv pul 1971-1975,missing,missing,missing,missing,missing,missing,missing,missing,EJ
1562,0.0,0.0,0.0,0.0,0.0,0.0,0.0,0.0,0.0,CDRIA-2050-noCR,1500Mt-noCostDecrease,MD,missing,coal_base_conv pul 1976-1980,missing,missing,missing,missing,missing,missing,missing,missing,EJ
1563,0.0,0.0,0.00547845,0.00547621,0.0042910299999999,0.001134667,0.001395714,9.54283e-05,4.85428e-05,CDRIA-2050-noCR,1500Mt-noCostDecrease,MD,missing,coal_base_conv pul 1981-1985,missing,missing,missing,missing,missing,missing,missing,missing,EJ
1564,0.0,0.0,0.00642811,0.0064256899999999,0.00503575,0.0013324629999999,0.001643806,0.0001138547,6.12061e-05,CDRIA-2050-noCR,1500Mt-noCostDecrease,MD,missing,coal_base_conv pul 1991-1995,missing,missing,missing,missing,missing,missing,missing,missing,EJ
1565,0.0,0.0,0.00287349,0.0028724099999999,0.002251141,0.000595722,0.0007352929999999999,5.10444e-05,2.77196e-05,CDRIA-2050-noCR,1500Mt-noCostDecrease,MD,missing,coal_base_conv pul 1996-2000,missing,missing,missing,missing,missing,missing,missing,missing,EJ
1566,0.0,0.0,0.0,0.0001184414,0.0007351511999999999,0.0018954107,0.0029877997,0.0042127248999999,0.0051506148999999,CDRIA-2050-noCR,1500Mt-noCostDecrease,MD,missing,coal_base_conv pul_CCS,missing,missing,missing,missing,missing,missing,missing,missing,EJ
1567,0.01167621,0.01509436,0.0,0.0,0.0,0.0,0.0,0.0,0.0,CDRIA-2050-noCR,1500Mt-noCostDecrease,MD,missing,coal_base_conv pul_retire_2020,missing,missing,missing,missing,missing,missing,missing,missing,EJ
1568,0.0,0.0,0.0,3.62231e-05,0.0001261954,0.0002864624,0.0004131233999999999,0.0007395543999999999,0.0010808307,CDRIA-2050-noCR,1500Mt-noCostDecrease,MD,missing,coal_int_IGCC_CCS,missing,missing,missing,missing,missing,missing,missing,missing,EJ
1569,0.0289321999999999,0.0396075,0.0,0.0,0.0,0.0,0.0,0.0,0.0,CDRIA-2050-noCR,1500Mt-noCostDecrease,MD,missing,coal_int_conv pul,missing,missing,missing,missing,missing,missing,missing,missing,EJ
1570,0.0,0.0,0.000421121,0.000385398,0.00025485600000000003,0.0,0.0,0.0,0.0,CDRIA-2050-noCR,1500Mt-noCostDecrease,MD,missing,coal_int_conv pul 1956-1960,missing,missing,missing,missing,missing,missing,missing,missing,EJ
1571,0.0,0.0,0.0014219929999999,0.00140974,0.00123894,0.0007117569999999999,0.000514664,0.0,0.0,CDRIA-2050-noCR,1500Mt-noCostDecrease,MD,missing,coal_int_conv pul 1961-1965,missing,missing,missing,missing,missing,missing,missing,missing,EJ
1572,0.0,0.0,0.00236388,0.002359148,0.002134254,0.001375929,0.001396284,0.000412942,0.0,CDRIA-2050-noCR,1500Mt-noCostDecrease,MD,missing,coal_int_conv pul 1966-1970,missing,missing,missing,missing,missing,missing,missing,missing,EJ
1573,0.0,0.0,0.0019740879999999,0.001971846,0.001790759,0.001173879,0.001270313,0.000445199,0.00018154850000000005,CDRIA-2050-noCR,1500Mt-noCostDecrease,MD,missing,coal_int_conv pul 1971-1975,missing,missing,missing,missing,missing,missing,missing,missing,EJ
1574,0.0,0.0,0.0,0.0,0.0,0.0,0.0,0.0,0.0,CDRIA-2050-noCR,1500Mt-noCostDecrease,MD,missing,coal_int_conv pul 1976-1980,missing,missing,missing,missing,missing,missing,missing,missing,EJ
1575,0.0,0.0,0.00323641,0.00323601,0.00295222,0.001974517,0.002326439,0.001107688,0.000943788,CDRIA-2050-noCR,1500Mt-noCostDecrease,MD,missing,coal_int_conv pul 1981-1985,missing,missing,missing,missing,missing,missing,missing,missing,EJ
1576,0.0,0.0,0.00379742,0.00379708,0.00346459,0.002318716,0.002739972,0.0013215739999999,0.001189991,CDRIA-2050-noCR,1500Mt-noCostDecrease,MD,missing,coal_int_conv pul 1991-1995,missing,missing,missing,missing,missing,missing,missing,missing,EJ
1577,0.0,0.0,0.001697511,0.001697372,0.001548784,0.00103666,0.001225618,0.000592501,0.0005389349999999999,CDRIA-2050-noCR,1500Mt-noCostDecrease,MD,missing,coal_int_conv pul 1996-2000,missing,missing,missing,missing,missing,missing,missing,missing,EJ
1578,0.0,0.0,0.0,4.60006e-05,0.0001515038,0.0003279434,0.0004612865,0.0007896747999999999,0.001123154,CDRIA-2050-noCR,1500Mt-noCostDecrease,MD,missing,coal_int_conv pul_CCS,missing,missing,missing,missing,missing,missing,missing,missing,EJ
1579,0.0109952,0.01505219,0.0,0.0,0.0,0.0,0.0,0.0,0.0,CDRIA-2050-noCR,1500Mt-noCostDecrease,MD,missing,coal_int_conv pul_retire_2020,missing,missing,missing,missing,missing,missing,missing,missing,EJ
1580,0.000307752,0.0,0.0,0.0,0.0,0.0,0.0,0.0,0.0,CDRIA-2050-noCR,1500Mt-noCostDecrease,MD,missing,coal_peak_conv pul,missing,missing,missing,missing,missing,missing,missing,missing,EJ
1581,0.0001169564,0.0,0.0,0.0,0.0,0.0,0.0,0.0,0.0,CDRIA-2050-noCR,1500Mt-noCostDecrease,MD,missing,coal_peak_conv pul_retire_2020,missing,missing,missing,missing,missing,missing,missing,missing,EJ
1582,0.00127224,0.0,0.0,0.0,0.0,0.0,0.0,0.0,0.0,CDRIA-2050-noCR,1500Mt-noCostDecrease,MD,missing,coal_subpeak_conv pul,missing,missing,missing,missing,missing,missing,missing,missing,EJ
1583,0.000483494,0.0,0.0,0.0,0.0,0.0,0.0,0.0,0.0,CDRIA-2050-noCR,1500Mt-noCostDecrease,MD,missing,coal_subpeak_conv pul_retire_2020,missing,missing,missing,missing,missing,missing,missing,missing,EJ
1584,0.0,0.0,0.00935764,0.009984628,0.0125529129999999,0.014309127,0.017553999,0.011643703,0.0090623142,CDRIA-2050-noCR,1500Mt-noCostDecrease,MD,missing,gas_base_CC,missing,missing,missing,missing,missing,missing,missing,missing,EJ
1585,0.0,0.0,0.0,0.000303166,0.002342791,0.00634045,0.010088645,0.014490386,0.017399819,CDRIA-2050-noCR,1500Mt-noCostDecrease,MD,missing,gas_base_CC_CCS,missing,missing,missing,missing,missing,missing,missing,missing,EJ
1586,0.00393419,0.00539423,0.01900857,0.01950298,0.02077311,0.0223048,0.02371475,0.02600315,0.02862557,CDRIA-2050-noCR,1500Mt-noCostDecrease,MD,missing,gas_int_CC,missing,missing,missing,missing,missing,missing,missing,missing,EJ
1587,0.0,0.0,0.0,0.000280566,0.0012336,0.0027974339999999,0.004012721,0.006966573,0.0099089449999999,CDRIA-2050-noCR,1500Mt-noCostDecrease,MD,missing,gas_int_CC_CCS,missing,missing,missing,missing,missing,missing,missing,missing,EJ
1588,0.000229205,0.000404609,0.00017232414,0.000156872302,0.000131455404,0.000106968902,8.762485399999998e-05,6.3536915e-05,4.691875499999999e-05,CDRIA-2050-noCR,1500Mt-noCostDecrease,MD,missing,gas_peak_CC,missing,missing,missing,missing,missing,missing,missing,missing,EJ
1589,0.0,0.0,0.0,2.86822e-08,8.19892e-08,1.48974e-07,2.148138e-07,3.72221e-07,6.172676999999999e-07,CDRIA-2050-noCR,1500Mt-noCostDecrease,MD,missing,gas_peak_CC_CCS,missing,missing,missing,missing,missing,missing,missing,missing,EJ
1590,0.000169803,0.000142303,8.5335e-05,7.2898e-05,4.04079e-05,2.81298e-05,2.85294e-05,1.51913e-05,9.79717e-06,CDRIA-2050-noCR,1500Mt-noCostDecrease,MD,missing,gas_peak_steam/CT,missing,missing,missing,missing,missing,missing,missing,missing,EJ
1591,0.00134043,0.00236692,0.0011999724999999,0.0011109814,0.0009718567,0.0008321951999999999,0.0007166943,0.0006064166,0.0005381976000000001,CDRIA-2050-noCR,1500Mt-noCostDecrease,MD,missing,gas_subpeak_CC,missing,missing,missing,missing,missing,missing,missing,missing,EJ
1592,0.0,0.0,0.0,1.55032e-06,4.57195e-06,8.451340000000001e-06,1.247348e-05,2.3783150000000003e-05,3.626195e-05,CDRIA-2050-noCR,1500Mt-noCostDecrease,MD,missing,gas_subpeak_CC_CCS,missing,missing,missing,missing,missing,missing,missing,missing,EJ
1593,0.00099302,0.000832508,0.000586316,0.000509348,0.000311865,0.000227529,0.000219651,0.000125519,8.21133e-05,CDRIA-2050-noCR,1500Mt-noCostDecrease,MD,missing,gas_subpeak_steam/CT,missing,missing,missing,missing,missing,missing,missing,missing,EJ
1594,0.0078018,0.0062637,0.006965,0.0069543,0.0069467,0.0069477,0.0069322,0.006874,0.0068817,CDRIA-2050-noCR,1500Mt-noCostDecrease,MD,missing,hydro_base,missing,missing,missing,missing,missing,missing,missing,missing,EJ
1595,0.00477532,0.0548773,0.0549039,0.054904,0.0549041,0.0280705,0.0,0.0,0.0,CDRIA-2050-noCR,1500Mt-noCostDecrease,MD,missing,nuc_base_Gen II,missing,missing,missing,missing,missing,missing,missing,missing,EJ
1596,0.0,0.0,0.0,0.0,0.00282886,0.00871017,0.01390879,0.02073286,0.02591631,CDRIA-2050-noCR,1500Mt-noCostDecrease,MD,missing,nuc_base_Gen III,missing,missing,missing,missing,missing,missing,missing,missing,EJ
1597,0.0,0.0,0.0001906618,0.0002828721,0.0001983607,0.0001145669,9.89601e-05,1.800429e-05,7.854254e-06,CDRIA-2050-noCR,1500Mt-noCostDecrease,MD,missing,refined liquids_base_steam/CT,missing,missing,missing,missing,missing,missing,missing,missing,EJ
1598,0.01318596,0.0120494,0.0,0.0,0.0,0.0,0.0,0.0,0.0,CDRIA-2050-noCR,1500Mt-noCostDecrease,MD,missing,refined liquids_int_steam/CT,missing,missing,missing,missing,missing,missing,missing,missing,EJ
1599,0.0,0.0,0.0,0.0,0.0,0.0,0.0,0.0,0.0,CDRIA-2050-noCR,1500Mt-noCostDecrease,MD,missing,refined liquids_peak_steam/CT,missing,missing,missing,missing,missing,missing,missing,missing,EJ
1600,0.003296469,0.003012329,0.0,0.0,0.0,0.0,0.0,0.0,0.0,CDRIA-2050-noCR,1500Mt-noCostDecrease,MD,missing,refined liquids_subpeak_steam/CT,missing,missing,missing,missing,missing,missing,missing,missing,EJ
1601,0.0,0.0,9.64021e-05,0.00127491,0.0043748,0.0068614,0.00879429,0.00874006,0.00974944,CDRIA-2050-noCR,1500Mt-noCostDecrease,MD,missing,rooftop_pv,missing,missing,missing,missing,missing,missing,missing,missing,EJ
1602,0.0,0.0,0.00490029,0.005746503,0.0100294829999999,0.017275993,0.0227969729999999,0.0274887529999999,0.028965703,CDRIA-2050-noCR,1500Mt-noCostDecrease,MD,missing,wind_base,missing,missing,missing,missing,missing,missing,missing,missing,EJ
1603,0.0,0.0,0.0,0.000114984,0.001852694,0.006345594,0.011065964,0.018025004,0.0241240699999999,CDRIA-2050-noCR,1500Mt-noCostDecrease,MD,missing,wind_base_offshore,missing,missing,missing,missing,missing,missing,missing,missing,EJ
1604,0.0,0.0,0.000120594,0.00014735560000000002,0.0002827366,0.0005374116,0.0007494716,0.0010155676,0.0010957306,CDRIA-2050-noCR,1500Mt-noCostDecrease,MD,missing,wind_base_storage,missing,missing,missing,missing,missing,missing,missing,missing,EJ
1605,0.0,0.0,1.04748e-05,1.760488e-05,3.832438e-05,7.724028e-05,9.722288e-05,0.00013616098,0.00016002628,CDRIA-2050-noCR,1500Mt-noCostDecrease,MA,missing,PV_base_storage,missing,missing,missing,missing,missing,missing,missing,missing,EJ
1606,0.0,0.0,0.00196134,0.0048653199999999,0.01156679,0.01756059,0.02171883,0.02806924,0.029151,CDRIA-2050-noCR,1500Mt-noCostDecrease,MA,missing,PV_int,missing,missing,missing,missing,missing,missing,missing,missing,EJ
1607,0.0,0.0,0.000123777,0.000244904,0.000477375,0.000646885,0.0007413556000000001,0.0009529306,0.0009979166,CDRIA-2050-noCR,1500Mt-noCostDecrease,MA,missing,PV_peak,missing,missing,missing,missing,missing,missing,missing,missing,EJ
1608,0.0,0.0,0.00266062,0.0033892659999999,0.004779746,0.005841186,0.006472422,0.006650382,0.006891736,CDRIA-2050-noCR,1500Mt-noCostDecrease,MA,missing,PV_subpeak,missing,missing,missing,missing,missing,missing,missing,missing,EJ
1609,0.0,0.0,5.01803e-05,3.6528383e-05,0.000109829594,0.0002191137,0.00013094854,0.000234201664,0.00021395158,CDRIA-2050-noCR,1500Mt-noCostDecrease,MA,missing,biogas_base_CC,missing,missing,missing,missing,missing,missing,missing,missing,EJ
1610,0.0,0.0,0.0,1.88443e-05,7.3886989e-05,0.000192930225,0.000118124148,0.000287627567,0.000289590258,CDRIA-2050-noCR,1500Mt-noCostDecrease,MA,missing,biogas_base_CC_CCS,missing,missing,missing,missing,missing,missing,missing,missing,EJ
1611,0.0,0.0,9.64819e-05,9.656971e-05,0.0002456256,0.0004532479,0.0005832522,0.0010925842,0.0011280056,CDRIA-2050-noCR,1500Mt-noCostDecrease,MA,missing,biogas_int_CC,missing,missing,missing,missing,missing,missing,missing,missing,EJ
1612,0.0,0.0,0.0,3.40603e-05,0.00010888501,0.0002426078,0.0003265122,0.0007814821,0.0009212299,CDRIA-2050-noCR,1500Mt-noCostDecrease,MA,missing,biogas_int_CC_CCS,missing,missing,missing,missing,missing,missing,missing,missing,EJ
1613,0.0,0.0,1.69811e-07,1.5488218e-07,3.3657492e-07,4.694389e-07,4.720689e-07,1.1403896e-06,1.2638849000000002e-06,CDRIA-2050-noCR,1500Mt-noCostDecrease,MA,missing,biogas_peak_CC,missing,missing,missing,missing,missing,missing,missing,missing,EJ
1614,0.0,0.0,0.0,2.27545e-08,5.2284513e-08,7.710979e-08,8.030156e-08,2.3458365000000003e-07,3.0421642e-07,CDRIA-2050-noCR,1500Mt-noCostDecrease,MA,missing,biogas_peak_CC_CCS,missing,missing,missing,missing,missing,missing,missing,missing,EJ
1615,0.0,0.0,1.54691e-07,1.31702999e-07,2.77313989e-07,3.44040371e-07,2.62801171e-07,7.148184809999999e-07,6.38338512e-07,CDRIA-2050-noCR,1500Mt-noCostDecrease,MA,missing,biogas_peak_steam/CT,missing,missing,missing,missing,missing,missing,missing,missing,EJ
1616,0.0,0.0,2.63227e-06,3.677536e-06,8.432081e-06,1.262474e-05,1.4216883e-05,4.7660878e-05,3.8885895e-05,CDRIA-2050-noCR,1500Mt-noCostDecrease,MA,missing,biogas_subpeak_CC,missing,missing,missing,missing,missing,missing,missing,missing,EJ
1617,0.0,0.0,0.0,7.53839e-07,1.920845e-06,3.187526e-06,3.725881e-06,1.4851679e-05,1.5502998999999998e-05,CDRIA-2050-noCR,1500Mt-noCostDecrease,MA,missing,biogas_subpeak_CC_CCS,missing,missing,missing,missing,missing,missing,missing,missing,EJ
1618,0.0,0.0,1.742005e-06,2.30094791e-06,5.15400916e-06,6.7431908500000006e-06,5.62288644e-06,2.39241475e-05,1.0863506899999998e-05,CDRIA-2050-noCR,1500Mt-noCostDecrease,MA,missing,biogas_subpeak_steam/CT,missing,missing,missing,missing,missing,missing,missing,missing,EJ
1619,0.0,0.0,0.0001414542,0.00016829739999999998,0.00026462279999999995,0.0004637242,0.0005499369000000001,0.0007580152999999999,0.0009169598,CDRIA-2050-noCR,1500Mt-noCostDecrease,MA,missing,biomass_base_IGCC,missing,missing,missing,missing,missing,missing,missing,missing,EJ
1620,0.0,0.0,0.0,2.215705e-05,0.00010458374,0.00050799225,0.0006975060500000001,0.00220171941,0.0036872370699999,CDRIA-2050-noCR,1500Mt-noCostDecrease,MA,missing,biomass_base_IGCC_CCS,missing,missing,missing,missing,missing,missing,missing,missing,EJ
1621,0.003048664,0.002907426,0.0009124561,0.0010233285,0.001262035,0.0015013937,0.0013667193999999,0.00109648748,0.00102715928,CDRIA-2050-noCR,1500Mt-noCostDecrease,MA,missing,biomass_base_conv,missing,missing,missing,missing,missing,missing,missing,missing,EJ
1622,0.0,0.0,0.0,2.1854170000000003e-05,0.00012559744,0.00090085127,0.00122117077,0.0065730456199999,0.01167830985,CDRIA-2050-noCR,1500Mt-noCostDecrease,MA,missing,biomass_base_conv_CCS,missing,missing,missing,missing,missing,missing,missing,missing,EJ
1623,0.0,0.0,4.34736e-05,6.211527e-05,9.40372e-05,0.00014246769999999998,0.00018605265,0.00027075249,0.00031391616,CDRIA-2050-noCR,1500Mt-noCostDecrease,MA,missing,biomass_int_IGCC,missing,missing,missing,missing,missing,missing,missing,missing,EJ
1624,0.0,0.0,0.0,7.89876e-06,2.562605e-05,6.207744e-05,9.516333999999998e-05,0.00018888574,0.00024065895,CDRIA-2050-noCR,1500Mt-noCostDecrease,MA,missing,biomass_int_IGCC_CCS,missing,missing,missing,missing,missing,missing,missing,missing,EJ
1625,0.003048664,0.002907415,0.0018717177,0.0018757294699999,0.00180597452,0.00189756025,0.00175390912,0.00163712566,0.0014175751699999,CDRIA-2050-noCR,1500Mt-noCostDecrease,MA,missing,biomass_int_conv,missing,missing,missing,missing,missing,missing,missing,missing,EJ
1626,0.0,0.0,0.0,1.066767e-05,3.768157e-05,0.00010219162,0.00015735701999999998,0.0003429736,0.00044286755,CDRIA-2050-noCR,1500Mt-noCostDecrease,MA,missing,biomass_int_conv_CCS,missing,missing,missing,missing,missing,missing,missing,missing,EJ
1627,0.0,0.0,0.0,9.83656e-05,0.000306709,0.0006822288000000001,0.0008823843,0.0011818700999999,0.0014635942,CDRIA-2050-noCR,1500Mt-noCostDecrease,MA,missing,coal_base_IGCC_CCS,missing,missing,missing,missing,missing,missing,missing,missing,EJ
1628,0.0,0.0,0.0,0.000108092,0.00032001670000000003,0.0006819526,0.0008642987,0.0010881735999999,0.0013059399999999,CDRIA-2050-noCR,1500Mt-noCostDecrease,MA,missing,coal_base_conv pul_CCS,missing,missing,missing,missing,missing,missing,missing,missing,EJ
1629,0.032811672,0.034489465,0.0,0.0,0.0,0.0,0.0,0.0,0.0,CDRIA-2050-noCR,1500Mt-noCostDecrease,MA,missing,coal_base_conv pul_retire_2020,missing,missing,missing,missing,missing,missing,missing,missing,EJ
1630,0.0,0.0,0.0,2.6779100000000003e-05,9.007512e-05,0.00018463633,0.00027384942,0.0004448366999999999,0.00053460815,CDRIA-2050-noCR,1500Mt-noCostDecrease,MA,missing,coal_int_IGCC_CCS,missing,missing,missing,missing,missing,missing,missing,missing,EJ
1631,0.0,0.0,0.0,3.25783e-05,0.00010400428,0.00020481328000000005,0.00029606668,0.00046352418,0.0005487021600000001,CDRIA-2050-noCR,1500Mt-noCostDecrease,MA,missing,coal_int_conv pul_CCS,missing,missing,missing,missing,missing,missing,missing,missing,EJ
1632,0.0082029631,0.0086223612,0.0,0.0,0.0,0.0,0.0,0.0,0.0,CDRIA-2050-noCR,1500Mt-noCostDecrease,MA,missing,coal_int_conv pul_retire_2020,missing,missing,missing,missing,missing,missing,missing,missing,EJ
1633,0.0,0.02314681,0.02130414,0.020932819,0.017545154,0.012911274,0.012410886,0.005449285,0.004519066,CDRIA-2050-noCR,1500Mt-noCostDecrease,MA,missing,gas_base_CC,missing,missing,missing,missing,missing,missing,missing,missing,EJ
1634,0.0,0.0,0.0,0.000410781,0.00115129,0.002491671,0.003161002,0.004273023,0.005191038,CDRIA-2050-noCR,1500Mt-noCostDecrease,MA,missing,gas_base_CC_CCS,missing,missing,missing,missing,missing,missing,missing,missing,EJ
1635,0.017672,0.0376959,0.04257555,0.0408073869999999,0.036632013,0.032649484,0.029688652,0.025637266,0.022312073,CDRIA-2050-noCR,1500Mt-noCostDecrease,MA,missing,gas_int_CC,missing,missing,missing,missing,missing,missing,missing,missing,EJ
1636,0.0,0.0,0.0,0.000357575,0.000930893,0.001732187,0.002472949,0.003819009,0.00449344,CDRIA-2050-noCR,1500Mt-noCostDecrease,MA,missing,gas_int_CC_CCS,missing,missing,missing,missing,missing,missing,missing,missing,EJ
1637,0.0,0.000736049,0.00043356611,0.000392581123,0.000322389072,0.00026092047800000003,0.000216514086,0.00015221929400000006,0.000108561282,CDRIA-2050-noCR,1500Mt-noCostDecrease,MA,missing,gas_peak_CC,missing,missing,missing,missing,missing,missing,missing,missing,EJ
1638,0.0,0.0,0.0,9.855960000000001e-08,2.319909e-07,4.00849e-07,5.261243e-07,8.776249e-07,1.175902e-06,CDRIA-2050-noCR,1500Mt-noCostDecrease,MA,missing,gas_peak_CC_CCS,missing,missing,missing,missing,missing,missing,missing,missing,EJ
1639,0.0,0.000258917,0.00019703,0.000160408,8.27994e-05,5.82499e-05,6.32514e-05,3.09857e-05,2.00203e-05,CDRIA-2050-noCR,1500Mt-noCostDecrease,MA,missing,gas_peak_steam/CT,missing,missing,missing,missing,missing,missing,missing,missing,EJ
1640,0.001127927,0.00383565,0.0026296126,0.0024240549,0.0020770982,0.0017585929,0.0015009916999999,0.0012475261,0.0010068658999999,CDRIA-2050-noCR,1500Mt-noCostDecrease,MA,missing,gas_subpeak_CC,missing,missing,missing,missing,missing,missing,missing,missing,EJ
1641,0.0,0.0,0.0,4.76967e-06,1.159746e-05,2.029424e-05,2.71803e-05,5.781246e-05,6.877332000000001e-05,CDRIA-2050-noCR,1500Mt-noCostDecrease,MA,missing,gas_subpeak_CC_CCS,missing,missing,missing,missing,missing,missing,missing,missing,EJ
1642,0.00083562,0.00134912,0.0012523,0.00104001,0.000589181,0.000433404,0.00044677,0.000236216,0.000154459,CDRIA-2050-noCR,1500Mt-noCostDecrease,MA,missing,gas_subpeak_steam/CT,missing,missing,missing,missing,missing,missing,missing,missing,EJ
1643,0.0042016,0.0038292,0.0035053,0.0034999,0.0034961,0.0034966,0.0034888,0.0034595,0.0034634,CDRIA-2050-noCR,1500Mt-noCostDecrease,MA,missing,hydro_base,missing,missing,missing,missing,missing,missing,missing,missing,EJ
1644,0.0193462,0.0204349,0.018728,0.018728,0.0181065,0.0,0.0,0.0,0.0,CDRIA-2050-noCR,1500Mt-noCostDecrease,MA,missing,nuc_base_Gen II,missing,missing,missing,missing,missing,missing,missing,missing,EJ
1645,0.0,0.0,0.0,0.0,0.00171391,0.00494648,0.00662367,0.00993152,0.01288494,CDRIA-2050-noCR,1500Mt-noCostDecrease,MA,missing,nuc_base_Gen III,missing,missing,missing,missing,missing,missing,missing,missing,EJ
1646,0.004742003,0.002494321,0.0009088057,0.0010030193,0.0006250974,0.000381573,0.0003261,7.255607e-05,4.296615e-05,CDRIA-2050-noCR,1500Mt-noCostDecrease,MA,missing,refined liquids_base_steam/CT,missing,missing,missing,missing,missing,missing,missing,missing,EJ
1647,0.04135356,0.019954549,0.0,0.0,0.0,0.0,0.0,0.0,0.0,CDRIA-2050-noCR,1500Mt-noCostDecrease,MA,missing,refined liquids_int_steam/CT,missing,missing,missing,missing,missing,missing,missing,missing,EJ
1648,0.0010014109,0.0,0.0,0.0,0.0,0.0,0.0,0.0,0.0,CDRIA-2050-noCR,1500Mt-noCostDecrease,MA,missing,refined liquids_peak_steam/CT,missing,missing,missing,missing,missing,missing,missing,missing,EJ
1649,0.0058139419999999,0.0024943325,0.0,0.0,0.0,0.0,0.0,0.0,0.0,CDRIA-2050-noCR,1500Mt-noCostDecrease,MA,missing,refined liquids_subpeak_steam/CT,missing,missing,missing,missing,missing,missing,missing,missing,EJ
1650,0.0,0.0,0.000118215,0.00111502,0.0031858,0.00554207,0.00709682,0.00820552,0.0086408,CDRIA-2050-noCR,1500Mt-noCostDecrease,MA,missing,rooftop_pv,missing,missing,missing,missing,missing,missing,missing,missing,EJ
1651,0.0,0.0,0.00248129,0.00437354,0.00818677,0.0137213799999999,0.01636555,0.02018189,0.02193496,CDRIA-2050-noCR,1500Mt-noCostDecrease,MA,missing,wind_base,missing,missing,missing,missing,missing,missing,missing,missing,EJ
1652,0.0,0.0,0.0,0.000191908,0.001355128,0.003932888,0.005542948,0.009166138,0.01243969,CDRIA-2050-noCR,1500Mt-noCostDecrease,MA,missing,wind_base_offshore,missing,missing,missing,missing,missing,missing,missing,missing,EJ
1653,0.0,0.0,5.17107e-05,0.0001021887,0.0002079157,0.0003844767,0.0004713668,0.0006313838,0.0007173851,CDRIA-2050-noCR,1500Mt-noCostDecrease,MA,missing,wind_base_storage,missing,missing,missing,missing,missing,missing,missing,missing,EJ
1654,0.0,0.0,0.000100072,0.0001238154,0.0003111674,0.0006130814,0.0007129746000000001,0.0009226016,0.0009607656,CDRIA-2050-noCR,1500Mt-noCostDecrease,MI,missing,PV_base_storage,missing,missing,missing,missing,missing,missing,missing,missing,EJ
1655,0.0,0.0,0.00690223,0.01032858,0.02466718,0.04171888,0.04924299,0.06847859,0.07839846,CDRIA-2050-noCR,1500Mt-noCostDecrease,MI,missing,PV_int,missing,missing,missing,missing,missing,missing,missing,missing,EJ
1656,0.0,0.0,0.000857584,0.001056486,0.0017594999999999,0.0018016742999999,0.0020034193,0.0023471932999999,0.0027654393,CDRIA-2050-noCR,1500Mt-noCostDecrease,MI,missing,PV_peak,missing,missing,missing,missing,missing,missing,missing,missing,EJ
1657,0.0,0.0,0.00248732982,0.00415661982,0.00863866982,0.01080329982,0.01347581982,0.01881877,0.0223796099999999,CDRIA-2050-noCR,1500Mt-noCostDecrease,MI,missing,PV_subpeak,missing,missing,missing,missing,missing,missing,missing,missing,EJ
1658,0.0,0.0,0.000553973,0.00014256401,0.00114374449,0.00197912389,0.00079904731,0.00146647315,0.00098616778,CDRIA-2050-noCR,1500Mt-noCostDecrease,MI,missing,biogas_base_CC,missing,missing,missing,missing,missing,missing,missing,missing,EJ
1659,0.0,0.0,0.0,7.48715e-05,0.0008094210849999999,0.00187310811,0.00080548504,0.00202992866,0.00152329328,CDRIA-2050-noCR,1500Mt-noCostDecrease,MI,missing,biogas_base_CC_CCS,missing,missing,missing,missing,missing,missing,missing,missing,EJ
1660,0.0,0.0,0.000367638,0.0001319827,0.00045796173,0.0010855907,0.0009248394,0.0027226787,0.0033879793,CDRIA-2050-noCR,1500Mt-noCostDecrease,MI,missing,biogas_int_CC,missing,missing,missing,missing,missing,missing,missing,missing,EJ
1661,0.0,0.0,0.0,4.23507e-05,0.00020522062,0.00060517,0.0005705319000000001,0.0020963622,0.0031148636999999,CDRIA-2050-noCR,1500Mt-noCostDecrease,MI,missing,biogas_int_CC_CCS,missing,missing,missing,missing,missing,missing,missing,missing,EJ
1662,0.0,0.0,1.16865e-06,2.832042e-07,8.426406500000001e-07,3.480616e-07,8.191577999999999e-07,2.0357802e-06,5.8933444e-06,CDRIA-2050-noCR,1500Mt-noCostDecrease,MI,missing,biogas_peak_CC,missing,missing,missing,missing,missing,missing,missing,missing,EJ
1663,0.0,0.0,0.0,3.54692e-08,1.2559615e-07,4.5332790000000006e-08,1.1934594e-07,3.7367124e-07,1.18209201e-06,CDRIA-2050-noCR,1500Mt-noCostDecrease,MI,missing,biogas_peak_CC_CCS,missing,missing,missing,missing,missing,missing,missing,missing,EJ
1664,0.0,0.0,1.087283e-06,2.16286496e-07,6.92492219e-07,1.01252168e-07,4.38916083e-07,1.1417629419999996e-06,4.088070856e-06,CDRIA-2050-noCR,1500Mt-noCostDecrease,MI,missing,biogas_peak_steam/CT,missing,missing,missing,missing,missing,missing,missing,missing,EJ
1665,0.0,0.0,1.55235e-05,9.737919999999998e-06,2.3095643e-05,2.706522e-05,4.228587e-05,0.00012031916,0.00017077305,CDRIA-2050-noCR,1500Mt-noCostDecrease,MI,missing,biogas_subpeak_CC,missing,missing,missing,missing,missing,missing,missing,missing,EJ
1666,0.0,0.0,0.0,1.8035e-06,5.1153132e-06,6.635388e-06,1.0932424e-05,3.716192e-05,6.116267e-05,CDRIA-2050-noCR,1500Mt-noCostDecrease,MI,missing,biogas_subpeak_CC_CCS,missing,missing,missing,missing,missing,missing,missing,missing,EJ
1667,0.0,0.0,1.05059e-05,5.7596253e-06,1.418327866e-05,1.27051003e-05,1.8562362400000003e-05,5.62715299e-05,6.883864529999999e-05,CDRIA-2050-noCR,1500Mt-noCostDecrease,MI,missing,biogas_subpeak_steam/CT,missing,missing,missing,missing,missing,missing,missing,missing,EJ
1668,0.0,0.0,0.00032255,0.0002571844,0.0005648525,0.0011979226,0.0013396176,0.0018583649,0.00184959639,CDRIA-2050-noCR,1500Mt-noCostDecrease,MI,missing,biomass_base_IGCC,missing,missing,missing,missing,missing,missing,missing,missing,EJ
1669,0.0,0.0,0.0,2.35596e-05,0.0003172352,0.0019371636,0.0024894006,0.0095093184999999,0.0158255278999999,CDRIA-2050-noCR,1500Mt-noCostDecrease,MI,missing,biomass_base_IGCC_CCS,missing,missing,missing,missing,missing,missing,missing,missing,EJ
1670,0.00112633,0.00319699,0.000952053,0.0008231068,0.0014638691,0.0025546627,0.0024020636,0.002420219,0.0019559291,CDRIA-2050-noCR,1500Mt-noCostDecrease,MI,missing,biomass_base_conv,missing,missing,missing,missing,missing,missing,missing,missing,EJ
1671,0.0,0.0,0.0,2.70828e-05,0.0004676744,0.0044314217,0.0056176038,0.0469639965,0.0862068052,CDRIA-2050-noCR,1500Mt-noCostDecrease,MI,missing,biomass_base_conv_CCS,missing,missing,missing,missing,missing,missing,missing,missing,EJ
1672,0.0,0.0,3.2077100000000005e-05,3.608111e-05,5.249366999999999e-05,9.385817e-05,0.00011691711,0.00022352291,0.00033008068000000006,CDRIA-2050-noCR,1500Mt-noCostDecrease,MI,missing,biomass_int_IGCC,missing,missing,missing,missing,missing,missing,missing,missing,EJ
1673,0.0,0.0,0.0,2.43198e-06,1.235217e-05,4.58458e-05,6.547777e-05,0.00019738759,0.0003430280700000001,CDRIA-2050-noCR,1500Mt-noCostDecrease,MI,missing,biomass_int_IGCC_CCS,missing,missing,missing,missing,missing,missing,missing,missing,EJ
1674,0.00112633,0.00319699,0.0014635912999999,0.0016447227,0.0015192285,0.0017787788,0.0015774977999999,0.0015906098,0.0014908757999999,CDRIA-2050-noCR,1500Mt-noCostDecrease,MI,missing,biomass_int_conv,missing,missing,missing,missing,missing,missing,missing,missing,EJ
1675,0.0,0.0,0.0,3.70967e-06,2.083366e-05,8.838986999999999e-05,0.00012592337,0.00043021236,0.00076191805,CDRIA-2050-noCR,1500Mt-noCostDecrease,MI,missing,biomass_int_conv_CCS,missing,missing,missing,missing,missing,missing,missing,missing,EJ
1676,0.0,0.0,0.0,0.000675102,0.003962283,0.009039614,0.0108980289999999,0.0144257899999999,0.016820329,CDRIA-2050-noCR,1500Mt-noCostDecrease,MI,missing,coal_base_IGCC_CCS,missing,missing,missing,missing,missing,missing,missing,missing,EJ
1677,0.1195830299999999,0.13277233,0.0,0.0,0.0,0.0,0.0,0.0,0.0,CDRIA-2050-noCR,1500Mt-noCostDecrease,MI,missing,coal_base_conv pul,missing,missing,missing,missing,missing,missing,missing,missing,EJ
1678,0.0,0.0,0.002597505,0.0,0.0,0.0,0.0,0.0,0.0,CDRIA-2050-noCR,1500Mt-noCostDecrease,MI,missing,coal_base_conv pul 1951-1955,missing,missing,missing,missing,missing,missing,missing,missing,EJ
1679,0.0,0.0,0.002943159,0.0,0.0,0.0,0.0,0.0,0.0,CDRIA-2050-noCR,1500Mt-noCostDecrease,MI,missing,coal_base_conv pul 1956-1960,missing,missing,missing,missing,missing,missing,missing,missing,EJ
1680,0.0,0.0,0.0075370709999999,0.005042612,0.0,0.0,0.0,0.0,0.0,CDRIA-2050-noCR,1500Mt-noCostDecrease,MI,missing,coal_base_conv pul 1961-1965,missing,missing,missing,missing,missing,missing,missing,missing,EJ
1681,0.0,0.0,0.008948585,0.005986967,0.0,0.0,0.0,0.0,0.0,CDRIA-2050-noCR,1500Mt-noCostDecrease,MI,missing,coal_base_conv pul 1966-1970,missing,missing,missing,missing,missing,missing,missing,missing,EJ
1682,0.0,0.0,0.04467631,0.04458898,0.03079522,0.00769341,0.008019788,0.00031382400000000004,0.0,CDRIA-2050-noCR,1500Mt-noCostDecrease,MI,missing,coal_base_conv pul 1971-1975,missing,missing,missing,missing,missing,missing,missing,missing,EJ
1683,0.0,0.0,0.016864724,0.0168379549999999,0.0116481909999999,0.00293087,0.003142575,0.00013313586000000002,2.9210773e-05,CDRIA-2050-noCR,1500Mt-noCostDecrease,MI,missing,coal_base_conv pul 1976-1980,missing,missing,missing,missing,missing,missing,missing,missing,EJ
1684,0.0,0.0,0.0181064469999999,0.013115171,0.0,0.0,0.0,0.0,0.0,CDRIA-2050-noCR,1500Mt-noCostDecrease,MI,missing,coal_base_conv pul 1981-1985,missing,missing,missing,missing,missing,missing,missing,missing,EJ
1685,0.0,0.0,0.0013021219,0.0013014191,0.0009045175,0.00023235245,0.00027199387000000004,1.5844481000000002e-05,7.645542e-06,CDRIA-2050-noCR,1500Mt-noCostDecrease,MI,missing,coal_base_conv pul 1986-1990,missing,missing,missing,missing,missing,missing,missing,missing,EJ
1686,0.0,0.0,0.0,0.0,0.0,0.0,0.0,0.0,0.0,CDRIA-2050-noCR,1500Mt-noCostDecrease,MI,missing,coal_base_conv pul before 1950,missing,missing,missing,missing,missing,missing,missing,missing,EJ
1687,0.0,0.0,0.0,0.000826264,0.004529641,0.009907625,0.011811358,0.015180737,0.017370294,CDRIA-2050-noCR,1500Mt-noCostDecrease,MI,missing,coal_base_conv pul_CCS,missing,missing,missing,missing,missing,missing,missing,missing,EJ
1688,0.029521406,0.0327775399999999,0.0,0.0,0.0,0.0,0.0,0.0,0.0,CDRIA-2050-noCR,1500Mt-noCostDecrease,MI,missing,coal_base_conv pul_retire_2020,missing,missing,missing,missing,missing,missing,missing,missing,EJ
1689,0.0,0.0,0.0,5.09228e-05,0.0001806754,0.0004511837,0.0005966103999999999,0.001171524,0.001716939,CDRIA-2050-noCR,1500Mt-noCostDecrease,MI,missing,coal_int_IGCC_CCS,missing,missing,missing,missing,missing,missing,missing,missing,EJ
1690,0.07187913,0.08059526,0.0,0.0,0.0,0.0,0.0,0.0,0.0,CDRIA-2050-noCR,1500Mt-noCostDecrease,MI,missing,coal_int_conv pul,missing,missing,missing,missing,missing,missing,missing,missing,EJ
1691,0.0,0.0,0.0011980837,0.0,0.0,0.0,0.0,0.0,0.0,CDRIA-2050-noCR,1500Mt-noCostDecrease,MI,missing,coal_int_conv pul 1951-1955,missing,missing,missing,missing,missing,missing,missing,missing,EJ
1692,0.0,0.0,0.0013575206999999,0.0,0.0,0.0,0.0,0.0,0.0,CDRIA-2050-noCR,1500Mt-noCostDecrease,MI,missing,coal_int_conv pul 1956-1960,missing,missing,missing,missing,missing,missing,missing,missing,EJ
1693,0.0,0.0,0.003476446,0.0023269705,0.0,0.0,0.0,0.0,0.0,CDRIA-2050-noCR,1500Mt-noCostDecrease,MI,missing,coal_int_conv pul 1961-1965,missing,missing,missing,missing,missing,missing,missing,missing,EJ
1694,0.0,0.0,0.004127496,0.0027627612,0.0,0.0,0.0,0.0,0.0,CDRIA-2050-noCR,1500Mt-noCostDecrease,MI,missing,coal_int_conv pul 1966-1970,missing,missing,missing,missing,missing,missing,missing,missing,EJ
1695,0.0,0.0,0.020606734,0.020576139,0.018881949,0.012710983,0.01273175,0.004374978,0.0,CDRIA-2050-noCR,1500Mt-noCostDecrease,MI,missing,coal_int_conv pul 1971-1975,missing,missing,missing,missing,missing,missing,missing,missing,EJ
1696,0.0,0.0,0.007778769,0.007770066,0.007142021,0.004842343,0.0049889719999999,0.0018560347,0.0007396667,CDRIA-2050-noCR,1500Mt-noCostDecrease,MI,missing,coal_int_conv pul 1976-1980,missing,missing,missing,missing,missing,missing,missing,missing,EJ
1697,0.0,0.0,0.008351538,0.0060521529999999,0.0,0.0,0.0,0.0,0.0,CDRIA-2050-noCR,1500Mt-noCostDecrease,MI,missing,coal_int_conv pul 1981-1985,missing,missing,missing,missing,missing,missing,missing,missing,EJ
1698,0.0,0.0,0.0006005973,0.0006005539,0.0005546004,0.0003838897,0.0004318023,0.00022088628,0.0001935981,CDRIA-2050-noCR,1500Mt-noCostDecrease,MI,missing,coal_int_conv pul 1986-1990,missing,missing,missing,missing,missing,missing,missing,missing,EJ
1699,0.0,0.0,0.0,0.0,0.0,0.0,0.0,0.0,0.0,CDRIA-2050-noCR,1500Mt-noCostDecrease,MI,missing,coal_int_conv pul before 1950,missing,missing,missing,missing,missing,missing,missing,missing,EJ
1700,0.0,0.0,0.0,6.52265e-05,0.0002184667,0.0005180909,0.0006720292,0.0012533041999999,0.0017887896999999,CDRIA-2050-noCR,1500Mt-noCostDecrease,MI,missing,coal_int_conv pul_CCS,missing,missing,missing,missing,missing,missing,missing,missing,EJ
1701,0.017744802,0.019896573,0.0,0.0,0.0,0.0,0.0,0.0,0.0,CDRIA-2050-noCR,1500Mt-noCostDecrease,MI,missing,coal_int_conv pul_retire_2020,missing,missing,missing,missing,missing,missing,missing,missing,EJ
1702,0.0007385994999999999,0.0,0.0,0.0,0.0,0.0,0.0,0.0,0.0,CDRIA-2050-noCR,1500Mt-noCostDecrease,MI,missing,coal_peak_conv pul,missing,missing,missing,missing,missing,missing,missing,missing,EJ
1703,0.00018233881,0.0,0.0,0.0,0.0,0.0,0.0,0.0,0.0,CDRIA-2050-noCR,1500Mt-noCostDecrease,MI,missing,coal_peak_conv pul_retire_2020,missing,missing,missing,missing,missing,missing,missing,missing,EJ
1704,0.005124108,0.0,0.0,0.0,0.0,0.0,0.0,0.0,0.0,CDRIA-2050-noCR,1500Mt-noCostDecrease,MI,missing,coal_subpeak_conv pul,missing,missing,missing,missing,missing,missing,missing,missing,EJ
1705,0.0012649862,0.0,0.0,0.0,0.0,0.0,0.0,0.0,0.0,CDRIA-2050-noCR,1500Mt-noCostDecrease,MI,missing,coal_subpeak_conv pul_retire_2020,missing,missing,missing,missing,missing,missing,missing,missing,EJ
1706,0.003204,0.00849698,0.03578929,0.03955151,0.0554335999999999,0.06421683,0.06778721,0.037155824,0.0246813888,CDRIA-2050-noCR,1500Mt-noCostDecrease,MI,missing,gas_base_CC,missing,missing,missing,missing,missing,missing,missing,missing,EJ
1707,0.0,0.0,0.0,0.00167166,0.01414872,0.03309916,0.03953386,0.0516023999999999,0.05728321,CDRIA-2050-noCR,1500Mt-noCostDecrease,MI,missing,gas_base_CC_CCS,missing,missing,missing,missing,missing,missing,missing,missing,EJ
1708,0.003085,0.00818148,0.0544252,0.052832261,0.050895365,0.050273988,0.047901423,0.0491284649999999,0.050716113,CDRIA-2050-noCR,1500Mt-noCostDecrease,MI,missing,gas_int_CC,missing,missing,missing,missing,missing,missing,missing,missing,EJ
1709,0.0,0.0,0.0,0.000417698,0.001861936,0.004630581,0.006092714,0.011546319,0.0164739959999999,CDRIA-2050-noCR,1500Mt-noCostDecrease,MI,missing,gas_int_CC_CCS,missing,missing,missing,missing,missing,missing,missing,missing,EJ
1710,0.001484062,0.00506867,3.626307e-06,4.370661e-06,6.548233e-06,6.5806054e-06,7.950868400000001e-06,1.06375718e-05,2.1240878799999994e-05,CDRIA-2050-noCR,1500Mt-noCostDecrease,MI,missing,gas_peak_CC,missing,missing,missing,missing,missing,missing,missing,missing,EJ
1711,0.0,0.0,0.0,6.508630000000002e-08,2.7993940000000005e-07,3.0186493e-07,4.3112745e-07,7.7350521e-07,2.10873192e-06,CDRIA-2050-noCR,1500Mt-noCostDecrease,MI,missing,gas_peak_CC_CCS,missing,missing,missing,missing,missing,missing,missing,missing,EJ
1712,0.001099446,0.001782892,3.136697e-06,3.467755e-06,3.995624500000001e-06,3.2006305e-06,4.4610415e-06,5.3558582e-06,1.10033232e-05,CDRIA-2050-noCR,1500Mt-noCostDecrease,MI,missing,gas_peak_steam/CT,missing,missing,missing,missing,missing,missing,missing,missing,EJ
1713,0.00713242,0.0243598999999999,0.008289144,0.0076521596,0.0066568818,0.0056096558999999,0.0046632783,0.0038076092999999,0.0031999595,CDRIA-2050-noCR,1500Mt-noCostDecrease,MI,missing,gas_subpeak_CC,missing,missing,missing,missing,missing,missing,missing,missing,EJ
1714,0.0,0.0,0.0,8.38372e-06,2.229169e-05,3.398948e-05,5.114515e-05,0.00010365103,0.00016575032,CDRIA-2050-noCR,1500Mt-noCostDecrease,MI,missing,gas_subpeak_CC_CCS,missing,missing,missing,missing,missing,missing,missing,missing,EJ
1715,0.005283863,0.00856838,0.004369754,0.0039264279,0.0026063249,0.0020578258,0.00192754493,0.00143802764,0.00117636711,CDRIA-2050-noCR,1500Mt-noCostDecrease,MI,missing,gas_subpeak_steam/CT,missing,missing,missing,missing,missing,missing,missing,missing,EJ
1716,0.0054462,0.0052676,0.0063038,0.0062941,0.0062873,0.0062882,0.0062741,0.0062215,0.0062284,CDRIA-2050-noCR,1500Mt-noCostDecrease,MI,missing,hydro_base,missing,missing,missing,missing,missing,missing,missing,missing,EJ
1717,0.0824680999999999,0.1226866,0.1083957,0.1052265,0.0965148,0.0768696,0.0472077,0.0215447,0.0,CDRIA-2050-noCR,1500Mt-noCostDecrease,MI,missing,nuc_base_Gen II,missing,missing,missing,missing,missing,missing,missing,missing,EJ
1718,0.0,0.0,0.0,0.0,0.015178,0.0397336,0.04794156,0.06537261,0.07700885,CDRIA-2050-noCR,1500Mt-noCostDecrease,MI,missing,nuc_base_Gen III,missing,missing,missing,missing,missing,missing,missing,missing,EJ
1719,0.0,0.0,0.00100504,0.000857257,0.000381077,0.000411537,0.00038869,0.000285822,0.000191304,CDRIA-2050-noCR,1500Mt-noCostDecrease,MI,missing,refined liquids_peak_steam/CT,missing,missing,missing,missing,missing,missing,missing,missing,EJ
1720,0.0032204,0.00373929,0.00142154,0.00113526,0.000537349,0.000569471,0.000519897,0.000382455,0.000258036,CDRIA-2050-noCR,1500Mt-noCostDecrease,MI,missing,refined liquids_subpeak_steam/CT,missing,missing,missing,missing,missing,missing,missing,missing,EJ
1721,0.0,0.0,5.64368e-05,0.000641516,0.00229286,0.00457782,0.00599748,0.00607035,0.00680768,CDRIA-2050-noCR,1500Mt-noCostDecrease,MI,missing,rooftop_pv,missing,missing,missing,missing,missing,missing,missing,missing,EJ
1722,0.0,3.89999e-06,0.0325337,0.04170905,0.09358575,0.1522117499999999,0.1714578499999999,0.1981264499999999,0.20317635,CDRIA-2050-noCR,1500Mt-noCostDecrease,MI,missing,wind_base,missing,missing,missing,missing,missing,missing,missing,missing,EJ
1723,0.0,0.0,0.0,0.0006301,0.00983701,0.02432591,0.02999675,0.04272755,0.05214705,CDRIA-2050-noCR,1500Mt-noCostDecrease,MI,missing,wind_base_offshore,missing,missing,missing,missing,missing,missing,missing,missing,EJ
1724,0.0,0.0,0.000573771,0.0007780510000000001,0.002004881,0.003820391,0.004408432,0.005613812,0.005836211,CDRIA-2050-noCR,1500Mt-noCostDecrease,MI,missing,wind_base_storage,missing,missing,missing,missing,missing,missing,missing,missing,EJ
1725,0.0,1.6e-06,0.00437245,0.00437245,0.00437245,0.00437245,0.00437245,0.0,0.0,CDRIA-2050-noCR,1500Mt-noCostDecrease,MI,missing,wind_int,missing,missing,missing,missing,missing,missing,missing,missing,EJ
1726,0.0,9.99998e-07,0.00262342,0.00262342,0.00262342,0.00262342,0.00262342,0.0,0.0,CDRIA-2050-noCR,1500Mt-noCostDecrease,MI,missing,wind_subpeak,missing,missing,missing,missing,missing,missing,missing,missing,EJ
1727,0.0,0.0,8.96574e-06,1.853119e-05,7.912429e-05,0.00019715529,0.00022857309,0.00030356489,0.00032565215,CDRIA-2050-noCR,1500Mt-noCostDecrease,MN,missing,PV_base_storage,missing,missing,missing,missing,missing,missing,missing,missing,EJ
1728,0.0,0.0,0.0017406,0.00385687,0.0112552,0.01930564,0.02188909,0.03088756,0.0344546899999999,CDRIA-2050-noCR,1500Mt-noCostDecrease,MN,missing,PV_int,missing,missing,missing,missing,missing,missing,missing,missing,EJ
1729,0.0,0.0,0.00037818,0.0006459619999999999,0.001230278,0.001429052,0.00173103,0.002034833,0.002357928,CDRIA-2050-noCR,1500Mt-noCostDecrease,MN,missing,PV_peak,missing,missing,missing,missing,missing,missing,missing,missing,EJ
1730,0.0,0.0,4.5593e-05,0.000174194,0.001550514,0.00179669,0.002762385,0.0107912254,0.012539102,CDRIA-2050-noCR,1500Mt-noCostDecrease,MN,missing,PV_subpeak,missing,missing,missing,missing,missing,missing,missing,missing,EJ
1731,0.0,0.0,5.30726e-05,5.9850814000000005e-05,0.000392469534,0.00081546206,0.00026171058,0.0005486726470000001,0.000239152892,CDRIA-2050-noCR,1500Mt-noCostDecrease,MN,missing,biogas_base_CC,missing,missing,missing,missing,missing,missing,missing,missing,EJ
1732,0.0,0.0,0.0,3.16825e-05,0.000275377653,0.0007661178,0.00026336122,0.000741025777,0.000374915708,CDRIA-2050-noCR,1500Mt-noCostDecrease,MN,missing,biogas_base_CC_CCS,missing,missing,missing,missing,missing,missing,missing,missing,EJ
1733,0.0,0.0,0.000104205,8.009820999999999e-05,0.0002332161,0.0005453789,0.00031300710000000005,0.001483062,0.0015252715,CDRIA-2050-noCR,1500Mt-noCostDecrease,MN,missing,biogas_int_CC,missing,missing,missing,missing,missing,missing,missing,missing,EJ
1734,0.0,0.0,0.0,2.85255e-05,0.00010702142,0.00031283456000000005,0.0002026508,0.0011574621,0.0014943228,CDRIA-2050-noCR,1500Mt-noCostDecrease,MN,missing,biogas_int_CC_CCS,missing,missing,missing,missing,missing,missing,missing,missing,EJ
1735,0.0,0.0,5.66331e-07,3.6639480000000004e-07,6.8486439e-07,5.908378e-07,9.516314e-07,2.2331558e-06,4.5647865000000005e-06,CDRIA-2050-noCR,1500Mt-noCostDecrease,MN,missing,biogas_peak_CC,missing,missing,missing,missing,missing,missing,missing,missing,EJ
1736,0.0,0.0,0.0,5.12394e-08,1.0416832e-07,9.528997e-08,1.5919361e-07,4.621535e-07,9.929612e-07,CDRIA-2050-noCR,1500Mt-noCostDecrease,MN,missing,biogas_peak_CC_CCS,missing,missing,missing,missing,missing,missing,missing,missing,EJ
1737,0.0,0.0,5.297765999999999e-07,3.11809687e-07,5.791935110000001e-07,4.04544081e-07,6.62182963e-07,1.28295261e-06,2.9149523699999994e-06,CDRIA-2050-noCR,1500Mt-noCostDecrease,MN,missing,biogas_peak_steam/CT,missing,missing,missing,missing,missing,missing,missing,missing,EJ
1738,0.0,0.0,1.97771e-07,7.129155e-07,6.82068447e-06,3.2251316e-06,1.1630259e-05,0.0001654512278,0.0001064849521,CDRIA-2050-noCR,1500Mt-noCostDecrease,MN,missing,biogas_subpeak_CC,missing,missing,missing,missing,missing,missing,missing,missing,EJ
1739,0.0,0.0,0.0,1.44923e-07,1.55125255e-06,8.755263e-07,3.0411918e-06,4.8579909e-05,4.79509768e-05,CDRIA-2050-noCR,1500Mt-noCostDecrease,MN,missing,biogas_subpeak_CC_CCS,missing,missing,missing,missing,missing,missing,missing,missing,EJ
1740,0.0,0.0,1.3463330000000001e-07,4.64936751e-07,4.411798703e-06,1.633868994e-06,6.810400616000001e-06,0.000101579181262,3.0355450918e-05,CDRIA-2050-noCR,1500Mt-noCostDecrease,MN,missing,biogas_subpeak_steam/CT,missing,missing,missing,missing,missing,missing,missing,missing,EJ
1741,0.0,0.0,8.303830000000001e-05,8.89024e-05,0.00028820630000000005,0.0007543764999999999,0.0007956001000000001,0.00099305824,0.0008354208099999999,CDRIA-2050-noCR,1500Mt-noCostDecrease,MN,missing,biomass_base_IGCC,missing,missing,missing,missing,missing,missing,missing,missing,EJ
1742,0.0,0.0,0.0,2.26356e-05,0.0002196528,0.0013644303,0.0016526183,0.0052888716999999,0.007188524,CDRIA-2050-noCR,1500Mt-noCostDecrease,MN,missing,biomass_base_IGCC_CCS,missing,missing,missing,missing,missing,missing,missing,missing,EJ
1743,0.000965628,0.001280812,0.0003793647,0.000401529,0.0008659199,0.0017760781,0.0014752113999999,0.0012400347,0.0008232951500000001,CDRIA-2050-noCR,1500Mt-noCostDecrease,MN,missing,biomass_base_conv,missing,missing,missing,missing,missing,missing,missing,missing,EJ
1744,0.0,0.0,0.0,2.56977e-05,0.0003151027,0.0029981466,0.0035941417,0.0227670021,0.0332055732,CDRIA-2050-noCR,1500Mt-noCostDecrease,MN,missing,biomass_base_conv_CCS,missing,missing,missing,missing,missing,missing,missing,missing,EJ
1745,0.0,0.0,1.387054e-05,1.836922e-05,2.913249e-05,5.705426e-05,6.6583e-05,0.00014125257000000002,0.00018871832,CDRIA-2050-noCR,1500Mt-noCostDecrease,MN,missing,biomass_int_IGCC,missing,missing,missing,missing,missing,missing,missing,missing,EJ
1746,0.0,0.0,0.0,2.2802800000000003e-06,9.00412e-06,3.121075999999999e-05,3.972845e-05,0.00012910458000000002,0.00019319318,CDRIA-2050-noCR,1500Mt-noCostDecrease,MN,missing,biomass_int_IGCC_CCS,missing,missing,missing,missing,missing,missing,missing,missing,EJ
1747,0.000965625,0.001280812,0.0013800933,0.0015511422,0.0012451871,0.0015666442,0.0013098744999999,0.001421302,0.0011944664999999,CDRIA-2050-noCR,1500Mt-noCostDecrease,MN,missing,biomass_int_conv,missing,missing,missing,missing,missing,missing,missing,missing,EJ
1748,0.0,0.0,0.0,3.4519e-06,1.494721e-05,5.92046e-05,7.53013e-05,0.00027829182,0.00042190561,CDRIA-2050-noCR,1500Mt-noCostDecrease,MN,missing,biomass_int_conv_CCS,missing,missing,missing,missing,missing,missing,missing,missing,EJ
1749,0.0,0.0,0.0,0.000293512,0.001435583,0.003560916,0.0041834409999999,0.0055014569999999,0.006054557,CDRIA-2050-noCR,1500Mt-noCostDecrease,MN,missing,coal_base_IGCC_CCS,missing,missing,missing,missing,missing,missing,missing,missing,EJ
1750,0.0557834,0.0708680999999999,0.0,0.0,0.0,0.0,0.0,0.0,0.0,CDRIA-2050-noCR,1500Mt-noCostDecrease,MN,missing,coal_base_conv pul,missing,missing,missing,missing,missing,missing,missing,missing,EJ
1751,0.0,0.0,0.000508412,0.00047536,0.0002521589,0.0,0.0,0.0,0.0,CDRIA-2050-noCR,1500Mt-noCostDecrease,MN,missing,coal_base_conv pul 1951-1955,missing,missing,missing,missing,missing,missing,missing,missing,EJ
1752,0.0,0.0,0.00646971,0.00615061,0.0034508299999999,0.000505255,0.0,0.0,0.0,CDRIA-2050-noCR,1500Mt-noCostDecrease,MN,missing,coal_base_conv pul 1956-1960,missing,missing,missing,missing,missing,missing,missing,missing,EJ
1753,0.0,0.0,0.000961974,0.000855603,0.000391793,0.0,0.0,0.0,0.0,CDRIA-2050-noCR,1500Mt-noCostDecrease,MN,missing,coal_base_conv pul 1961-1965,missing,missing,missing,missing,missing,missing,missing,missing,EJ
1754,0.0,0.0,0.00515786,0.00515165,0.00351179,0.000914255,0.000927826,3.06622e-05,9.46371e-06,CDRIA-2050-noCR,1500Mt-noCostDecrease,MN,missing,coal_base_conv pul 1971-1975,missing,missing,missing,missing,missing,missing,missing,missing,EJ
1755,0.0,0.0,0.02467633,0.02194769,0.01005018,0.0,0.0,0.0,0.0,CDRIA-2050-noCR,1500Mt-noCostDecrease,MN,missing,coal_base_conv pul 1976-1980,missing,missing,missing,missing,missing,missing,missing,missing,EJ
1756,0.0,0.0,9.12796e-05,9.12384e-05,6.24054e-05,1.649132e-05,1.7845899999999998e-05,7.518149999999999e-07,4.42791e-07,CDRIA-2050-noCR,1500Mt-noCostDecrease,MN,missing,coal_base_conv pul 1981-1985,missing,missing,missing,missing,missing,missing,missing,missing,EJ
1757,0.0,0.0,0.01158624,0.01059978,0.0052549499999999,0.0,0.0,0.0,0.0,CDRIA-2050-noCR,1500Mt-noCostDecrease,MN,missing,coal_base_conv pul 1986-1990,missing,missing,missing,missing,missing,missing,missing,missing,EJ
1758,0.0,0.0,3.1895e-05,3.18815e-05,2.180903e-05,5.7663900000000005e-06,6.25514e-06,2.663692e-07,1.6437490000000002e-07,CDRIA-2050-noCR,1500Mt-noCostDecrease,MN,missing,coal_base_conv pul 1996-2000,missing,missing,missing,missing,missing,missing,missing,missing,EJ
1759,0.0,0.0,0.0,0.000363423,0.00166131,0.003928565,0.004569552,0.0058222259999999,0.006322493,CDRIA-2050-noCR,1500Mt-noCostDecrease,MN,missing,coal_base_conv pul_CCS,missing,missing,missing,missing,missing,missing,missing,missing,EJ
1760,0.002522196,0.0032042399999999,0.0,0.0,0.0,0.0,0.0,0.0,0.0,CDRIA-2050-noCR,1500Mt-noCostDecrease,MN,missing,coal_base_conv pul_retire_2020,missing,missing,missing,missing,missing,missing,missing,missing,EJ
1761,0.0,0.0,0.0,3.42685e-05,0.000101911,0.0002476171,0.0003010027,0.0006440542,0.0008616235999999999,CDRIA-2050-noCR,1500Mt-noCostDecrease,MN,missing,coal_int_IGCC_CCS,missing,missing,missing,missing,missing,missing,missing,missing,EJ
1762,0.0459361999999999,0.0542375,0.0,0.0,0.0,0.0,0.0,0.0,0.0,CDRIA-2050-noCR,1500Mt-noCostDecrease,MN,missing,coal_int_conv pul,missing,missing,missing,missing,missing,missing,missing,missing,EJ
1763,0.0,0.0,0.000391429,0.000366127,0.0002585695,0.0,0.0,0.0,0.0,CDRIA-2050-noCR,1500Mt-noCostDecrease,MN,missing,coal_int_conv pul 1951-1955,missing,missing,missing,missing,missing,missing,missing,missing,EJ
1764,0.0,0.0,0.00498107,0.00473725,0.00353857,0.001160752,0.0,0.0,0.0,CDRIA-2050-noCR,1500Mt-noCostDecrease,MN,missing,coal_int_conv pul 1956-1960,missing,missing,missing,missing,missing,missing,missing,missing,EJ
1765,0.0,0.0,0.0007406299999999999,0.0006589930000000001,0.000401754,0.0,0.0,0.0,0.0,CDRIA-2050-noCR,1500Mt-noCostDecrease,MN,missing,coal_int_conv pul 1961-1965,missing,missing,missing,missing,missing,missing,missing,missing,EJ
1766,0.0,0.0,0.00397108,0.00396784,0.0036010599999999,0.002100375,0.002218596,0.000971906,0.00042925700000000005,CDRIA-2050-noCR,1500Mt-noCostDecrease,MN,missing,coal_int_conv pul 1971-1975,missing,missing,missing,missing,missing,missing,missing,missing,EJ
1767,0.0,0.0,0.01899845,0.01690433,0.01030568,0.0,0.0,0.0,0.0,CDRIA-2050-noCR,1500Mt-noCostDecrease,MN,missing,coal_int_conv pul 1976-1980,missing,missing,missing,missing,missing,missing,missing,missing,EJ
1768,0.0,0.0,7.02768e-05,7.02726e-05,6.3992e-05,3.78865e-05,4.26727e-05,2.383039e-05,2.008424e-05,CDRIA-2050-noCR,1500Mt-noCostDecrease,MN,missing,coal_int_conv pul 1981-1985,missing,missing,missing,missing,missing,missing,missing,missing,EJ
1769,0.0,0.0,0.0089203199999999,0.00816404,0.00538854,0.0,0.0,0.0,0.0,CDRIA-2050-noCR,1500Mt-noCostDecrease,MN,missing,coal_int_conv pul 1986-1990,missing,missing,missing,missing,missing,missing,missing,missing,EJ
1770,0.0,0.0,2.455623e-05,2.4555370000000003e-05,2.236348e-05,1.324749e-05,1.495716e-05,8.44314e-06,7.45576e-06,CDRIA-2050-noCR,1500Mt-noCostDecrease,MN,missing,coal_int_conv pul 1996-2000,missing,missing,missing,missing,missing,missing,missing,missing,EJ
1771,0.0,0.0,0.0,4.4111e-05,0.00012430729999999998,0.000286188,0.00034283800000000004,0.0006904494999999998,0.0009044277,CDRIA-2050-noCR,1500Mt-noCostDecrease,MN,missing,coal_int_conv pul_CCS,missing,missing,missing,missing,missing,missing,missing,missing,EJ
1772,0.002076969,0.002452302,0.0,0.0,0.0,0.0,0.0,0.0,0.0,CDRIA-2050-noCR,1500Mt-noCostDecrease,MN,missing,coal_int_conv pul_retire_2020,missing,missing,missing,missing,missing,missing,missing,missing,EJ
1773,0.000551982,0.0,0.0,0.0,0.0,0.0,0.0,0.0,0.0,CDRIA-2050-noCR,1500Mt-noCostDecrease,MN,missing,coal_peak_conv pul,missing,missing,missing,missing,missing,missing,missing,missing,EJ
1774,2.495745e-05,0.0,0.0,0.0,0.0,0.0,0.0,0.0,0.0,CDRIA-2050-noCR,1500Mt-noCostDecrease,MN,missing,coal_peak_conv pul_retire_2020,missing,missing,missing,missing,missing,missing,missing,missing,EJ
1775,0.0036112,0.0,0.0,0.0,0.0,0.0,0.0,0.0,0.0,CDRIA-2050-noCR,1500Mt-noCostDecrease,MN,missing,coal_subpeak_conv pul,missing,missing,missing,missing,missing,missing,missing,missing,EJ
1776,0.0001632776,0.0,0.0,0.0,0.0,0.0,0.0,0.0,0.0,CDRIA-2050-noCR,1500Mt-noCostDecrease,MN,missing,coal_subpeak_conv pul_retire_2020,missing,missing,missing,missing,missing,missing,missing,missing,EJ
1777,0.0002497071,0.00168192,0.00575703,0.00787825,0.014138244,0.019462444,0.020107496,0.0101247387,0.0068589631,CDRIA-2050-noCR,1500Mt-noCostDecrease,MN,missing,gas_base_CC,missing,missing,missing,missing,missing,missing,missing,missing,EJ
1778,0.0,0.0,0.0,0.000743156,0.005158579,0.013269784,0.0153987789999999,0.019689089,0.020662967,CDRIA-2050-noCR,1500Mt-noCostDecrease,MN,missing,gas_base_CC_CCS,missing,missing,missing,missing,missing,missing,missing,missing,EJ
1779,6.840169999999999e-05,0.000460704,0.01722761,0.01758373,0.0178518199999999,0.01887921,0.01832924,0.02147835,0.02251116,CDRIA-2050-noCR,1500Mt-noCostDecrease,MN,missing,gas_int_CC,missing,missing,missing,missing,missing,missing,missing,missing,EJ
1780,0.0,0.0,0.0,0.000280421,0.001050419,0.002573567,0.003118734,0.006441588,0.008443726,CDRIA-2050-noCR,1500Mt-noCostDecrease,MN,missing,gas_int_CC_CCS,missing,missing,missing,missing,missing,missing,missing,missing,EJ
1781,0.00012320849999999998,0.001068731,0.0011928029999999,0.00108891,0.00090709998,0.0007354155500000001,0.0005901227100000001,0.0004454648600000001,0.00032740992,CDRIA-2050-noCR,1500Mt-noCostDecrease,MN,missing,gas_peak_CC,missing,missing,missing,missing,missing,missing,missing,missing,EJ
1782,0.0,0.0,0.0,2.69304e-07,6.036029999999999e-07,8.33112e-07,1.218417e-06,1.93783e-06,3.658883e-06,CDRIA-2050-noCR,1500Mt-noCostDecrease,MN,missing,gas_peak_CC_CCS,missing,missing,missing,missing,missing,missing,missing,missing,EJ
1783,9.13063e-05,0.000375911,0.00060574,0.000528609,0.000273925,0.000189659,0.000164292,0.000123254,7.70528e-05,CDRIA-2050-noCR,1500Mt-noCostDecrease,MN,missing,gas_peak_steam/CT,missing,missing,missing,missing,missing,missing,missing,missing,EJ
1784,0.000647115,0.00561376,0.001605392,0.0016067759999999,0.0014359686,0.0012257232999999,0.0011160923,0.0017843845,0.0017688640999999,CDRIA-2050-noCR,1500Mt-noCostDecrease,MN,missing,gas_subpeak_CC,missing,missing,missing,missing,missing,missing,missing,missing,EJ
1785,0.0,0.0,0.0,1.28544e-05,1.972461e-05,2.224698e-05,3.295206e-05,0.0001926418,0.00022897338,CDRIA-2050-noCR,1500Mt-noCostDecrease,MN,missing,gas_subpeak_CC_CCS,missing,missing,missing,missing,missing,missing,missing,missing,EJ
1786,0.000479411,0.00197462,0.000749122,0.000668948,0.000362996,0.000243845,0.000209248,0.000164389,0.000104213,CDRIA-2050-noCR,1500Mt-noCostDecrease,MN,missing,gas_subpeak_steam/CT,missing,missing,missing,missing,missing,missing,missing,missing,EJ
1787,0.0023259,0.002372,0.0031485,0.0031436,0.0031402,0.0031407,0.0031336,0.0031074,0.0031108,CDRIA-2050-noCR,1500Mt-noCostDecrease,MN,missing,hydro_base,missing,missing,missing,missing,missing,missing,missing,missing,EJ
1788,0.0463248,0.0479054,0.0451371,0.0451371,0.0421876,0.0,0.0,0.0,0.0,CDRIA-2050-noCR,1500Mt-noCostDecrease,MN,missing,nuc_base_Gen II,missing,missing,missing,missing,missing,missing,missing,missing,EJ
1789,0.0,0.0,0.0,0.0,0.00501158,0.01481373,0.01744994,0.02381807,0.02648747,CDRIA-2050-noCR,1500Mt-noCostDecrease,MN,missing,nuc_base_Gen III,missing,missing,missing,missing,missing,missing,missing,missing,EJ
1790,0.0,0.0,4.206563e-05,3.236519e-05,1.083432e-05,1.197577e-05,1.053614e-05,1.058101e-05,7.080358e-06,CDRIA-2050-noCR,1500Mt-noCostDecrease,MN,missing,refined liquids_peak_steam/CT,missing,missing,missing,missing,missing,missing,missing,missing,EJ
1791,0.00171994,0.003047234,4.60753e-05,3.891831e-05,1.244526e-05,1.275215e-05,1.110733e-05,1.159589e-05,7.81727e-06,CDRIA-2050-noCR,1500Mt-noCostDecrease,MN,missing,refined liquids_subpeak_steam/CT,missing,missing,missing,missing,missing,missing,missing,missing,EJ
1792,0.0,0.0,4.88328e-05,0.000523633,0.0018913,0.00315817,0.0038724,0.00354711,0.00426296,CDRIA-2050-noCR,1500Mt-noCostDecrease,MN,missing,rooftop_pv,missing,missing,missing,missing,missing,missing,missing,missing,EJ
1793,7.0002e-07,0.00343164,0.02484342,0.03046838,0.05189478,0.07602398,0.0829676,0.0867461,0.09388438,CDRIA-2050-noCR,1500Mt-noCostDecrease,MN,missing,wind_base,missing,missing,missing,missing,missing,missing,missing,missing,EJ
1794,0.0,0.0,0.0,0.000216117,0.002482777,0.006330597,0.007587357,0.011940907,0.01376942,CDRIA-2050-noCR,1500Mt-noCostDecrease,MN,missing,wind_base_offshore,missing,missing,missing,missing,missing,missing,missing,missing,EJ
1795,0.0,0.0,8.35426e-05,0.0002006246,0.0007481936000000001,0.0017118796,0.0019663316,0.0025994556,0.002774997,CDRIA-2050-noCR,1500Mt-noCostDecrease,MN,missing,wind_base_storage,missing,missing,missing,missing,missing,missing,missing,missing,EJ
1796,3.00008e-07,0.00142991,0.00888714,0.00888714,0.00888714,0.00888714,0.00888714,0.0,0.0,CDRIA-2050-noCR,1500Mt-noCostDecrease,MN,missing,wind_int,missing,missing,missing,missing,missing,missing,missing,missing,EJ
1797,2.00005e-07,0.00085791,0.00533223,0.00533223,0.00533223,0.00533223,0.00533223,0.0,0.0,CDRIA-2050-noCR,1500Mt-noCostDecrease,MN,missing,wind_subpeak,missing,missing,missing,missing,missing,missing,missing,missing,EJ
1798,0.0,0.0,2.3509e-05,2.3786155000000003e-05,4.8759955e-05,0.000108837255,0.000144759155,0.000199060155,0.000205007555,CDRIA-2050-noCR,1500Mt-noCostDecrease,MS,missing,PV_base_storage,missing,missing,missing,missing,missing,missing,missing,missing,EJ
1799,0.0,0.0,0.00431789,0.00702941,0.0173666099999999,0.0276838099999999,0.0335438999999999,0.0447539999999999,0.0492561599999999,CDRIA-2050-noCR,1500Mt-noCostDecrease,MS,missing,PV_int,missing,missing,missing,missing,missing,missing,missing,missing,EJ
1800,0.0,0.0,0.00034283,0.0005079710000000001,0.000972176,0.001285974,0.001461742,0.001856072,0.00205488,CDRIA-2050-noCR,1500Mt-noCostDecrease,MS,missing,PV_peak,missing,missing,missing,missing,missing,missing,missing,missing,EJ
1801,0.0,0.0,0.00184288,0.002830865,0.005664475,0.007663545,0.008871565,0.012155255,0.0134781649999999,CDRIA-2050-noCR,1500Mt-noCostDecrease,MS,missing,PV_subpeak,missing,missing,missing,missing,missing,missing,missing,missing,EJ
1802,0.0,0.0,0.000117682,2.86225e-06,0.0001404714113,0.0003580397287,0.000246638089,0.0003508533019,0.0002009128487,CDRIA-2050-noCR,1500Mt-noCostDecrease,MS,missing,biogas_base_CC,missing,missing,missing,missing,missing,missing,missing,missing,EJ
1803,0.0,0.0,0.0,7.82049e-07,9.67481796e-05,0.0003345500094,0.0002429713961,0.000494158302,0.00033563517130000004,CDRIA-2050-noCR,1500Mt-noCostDecrease,MS,missing,biogas_base_CC_CCS,missing,missing,missing,missing,missing,missing,missing,missing,EJ
1804,0.0,0.0,0.000200321,8.430219e-05,0.00031544493,0.0006230009000000001,0.0006264611000000001,0.0014931912,0.0017811939999999,CDRIA-2050-noCR,1500Mt-noCostDecrease,MS,missing,biogas_int_CC,missing,missing,missing,missing,missing,missing,missing,missing,EJ
1805,0.0,0.0,0.0,2.89344e-05,0.00014356504,0.00035331736,0.00038537459,0.0012091444,0.0017236457,CDRIA-2050-noCR,1500Mt-noCostDecrease,MS,missing,biogas_int_CC_CCS,missing,missing,missing,missing,missing,missing,missing,missing,EJ
1806,0.0,0.0,3.94355e-07,1.7610747e-07,5.1367573e-07,6.835867e-07,6.235489e-07,1.7002624e-06,2.7025238e-06,CDRIA-2050-noCR,1500Mt-noCostDecrease,MS,missing,biogas_peak_CC,missing,missing,missing,missing,missing,missing,missing,missing,EJ
1807,0.0,0.0,0.0,2.47651e-08,7.841348599999999e-08,1.1110242e-07,1.0811394e-07,3.5836613e-07,6.3873553e-07,CDRIA-2050-noCR,1500Mt-noCostDecrease,MS,missing,biogas_peak_CC_CCS,missing,missing,missing,missing,missing,missing,missing,missing,EJ
1808,0.0,0.0,3.696753e-07,1.51088422e-07,4.38898243e-07,5.362949139999999e-07,3.98250113e-07,1.1633602929999998e-06,1.7465783929999998e-06,CDRIA-2050-noCR,1500Mt-noCostDecrease,MS,missing,biogas_peak_steam/CT,missing,missing,missing,missing,missing,missing,missing,missing,EJ
1809,0.0,0.0,9.84728e-06,4.761786e-06,1.3810687e-05,1.9598053000000003e-05,2.0218506e-05,6.217505099999999e-05,8.128835e-05,CDRIA-2050-noCR,1500Mt-noCostDecrease,MS,missing,biogas_subpeak_CC,missing,missing,missing,missing,missing,missing,missing,missing,EJ
1810,0.0,0.0,0.0,9.05037e-07,3.066314e-06,4.855879e-06,5.34616e-06,2.0053234e-05,3.1234533000000004e-05,CDRIA-2050-noCR,1500Mt-noCostDecrease,MS,missing,biogas_subpeak_CC_CCS,missing,missing,missing,missing,missing,missing,missing,missing,EJ
1811,0.0,0.0,6.71873e-06,2.93750524e-06,8.734563720000002e-06,1.1213301339999998e-05,9.13955622e-06,3.17736287e-05,3.476750190000001e-05,CDRIA-2050-noCR,1500Mt-noCostDecrease,MS,missing,biogas_subpeak_steam/CT,missing,missing,missing,missing,missing,missing,missing,missing,EJ
1812,0.0,0.0,1.6579640000000002e-05,1.25465337e-05,3.1814845099999994e-05,9.79107704e-05,0.00014075774819999998,0.0002584205174,0.0002860830538,CDRIA-2050-noCR,1500Mt-noCostDecrease,MS,missing,biomass_base_IGCC,missing,missing,missing,missing,missing,missing,missing,missing,EJ
1813,0.0,0.0,0.0,9.70272e-08,1.75895463e-05,0.0001811192972,0.00029329249720000004,0.0013611983822,0.0021931038178,CDRIA-2050-noCR,1500Mt-noCostDecrease,MS,missing,biomass_base_IGCC_CCS,missing,missing,missing,missing,missing,missing,missing,missing,EJ
1814,0.0,0.0,3.2846398e-05,1.98397216e-05,5.02911458e-05,0.0001357573149,0.0001740171478,0.0002823466293,0.000252766197,CDRIA-2050-noCR,1500Mt-noCostDecrease,MS,missing,biomass_base_conv,missing,missing,missing,missing,missing,missing,missing,missing,EJ
1815,0.0,0.0,0.0,1.0102070000000001e-07,2.39929518e-05,0.0003904084605,0.0006102610707,0.0063600704488999,0.0110512521196,CDRIA-2050-noCR,1500Mt-noCostDecrease,MS,missing,biomass_base_conv_CCS,missing,missing,missing,missing,missing,missing,missing,missing,EJ
1816,0.0,0.0,4.92237e-06,6.271508e-06,1.2738183e-05,2.8452022e-05,4.2527665e-05,8.707520600000002e-05,0.000131632318,CDRIA-2050-noCR,1500Mt-noCostDecrease,MS,missing,biomass_int_IGCC,missing,missing,missing,missing,missing,missing,missing,missing,EJ
1817,0.0,0.0,0.0,7.35683e-07,4.582574e-06,1.7262433e-05,2.8909153e-05,8.297327e-05,0.00014262269100000002,CDRIA-2050-noCR,1500Mt-noCostDecrease,MS,missing,biomass_int_IGCC_CCS,missing,missing,missing,missing,missing,missing,missing,missing,EJ
1818,0.0,0.0,1.916536e-05,2.1633990000000003e-05,3.3402490000000003e-05,6.640212e-05,9.120015e-05,0.00017016651,0.00024244532,CDRIA-2050-noCR,1500Mt-noCostDecrease,MS,missing,biomass_int_conv,missing,missing,missing,missing,missing,missing,missing,missing,EJ
1819,0.0,0.0,0.0,1.031681e-06,7.156675e-06,3.0848749e-05,5.1407161000000005e-05,0.00016708869300000002,0.000292808526,CDRIA-2050-noCR,1500Mt-noCostDecrease,MS,missing,biomass_int_conv_CCS,missing,missing,missing,missing,missing,missing,missing,missing,EJ
1820,0.0,0.0,0.0,4.44545e-06,0.00033802101,0.00111143144,0.0016224166599999,0.00233092398,0.0027205293,CDRIA-2050-noCR,1500Mt-noCostDecrease,MS,missing,coal_base_IGCC_CCS,missing,missing,missing,missing,missing,missing,missing,missing,EJ
1821,0.01338276,0.02844299,0.0,0.0,0.0,0.0,0.0,0.0,0.0,CDRIA-2050-noCR,1500Mt-noCostDecrease,MS,missing,coal_base_conv pul,missing,missing,missing,missing,missing,missing,missing,missing,EJ
1822,0.0,0.0,0.00396785,0.003966482,0.002905455,0.0006948605,0.0007749389000000001,5.566428e-05,2.151049e-05,CDRIA-2050-noCR,1500Mt-noCostDecrease,MS,missing,coal_base_conv pul 1976-1980,missing,missing,missing,missing,missing,missing,missing,missing,EJ
1823,0.0,0.0,0.004348932,0.0043480379999999,0.003186936,0.0007643152,0.0008629512,6.523105e-05,2.985276e-05,CDRIA-2050-noCR,1500Mt-noCostDecrease,MS,missing,coal_base_conv pul 1981-1985,missing,missing,missing,missing,missing,missing,missing,missing,EJ
1824,0.0,0.0,0.010040396,0.010039282,0.007361537,0.001768879,0.0020142759999999,0.0001580569,8.42125e-05,CDRIA-2050-noCR,1500Mt-noCostDecrease,MS,missing,coal_base_conv pul 2001-2005,missing,missing,missing,missing,missing,missing,missing,missing,EJ
1825,0.0,0.0,0.0,5.29459e-06,0.0003734302,0.00117866852,0.0016933875699999,0.00236451955,0.0027154880999999,CDRIA-2050-noCR,1500Mt-noCostDecrease,MS,missing,coal_base_conv pul_CCS,missing,missing,missing,missing,missing,missing,missing,missing,EJ
1826,0.002838772,0.006033373,0.0,0.0,0.0,0.0,0.0,0.0,0.0,CDRIA-2050-noCR,1500Mt-noCostDecrease,MS,missing,coal_base_conv pul_retire_2020,missing,missing,missing,missing,missing,missing,missing,missing,EJ
1827,0.0,0.0,0.0,2.37504e-05,0.00010831257,0.00025906349,0.00037498385,0.0006722597099999999,0.00094025826,CDRIA-2050-noCR,1500Mt-noCostDecrease,MS,missing,coal_int_IGCC_CCS,missing,missing,missing,missing,missing,missing,missing,missing,EJ
1828,0.01546122,0.02454992,0.0,0.0,0.0,0.0,0.0,0.0,0.0,CDRIA-2050-noCR,1500Mt-noCostDecrease,MS,missing,coal_int_conv pul,missing,missing,missing,missing,missing,missing,missing,missing,EJ
1829,0.0,0.0,0.0005864660999999999,0.0005861832,0.0004838802,0.0002431149,0.0003190592,0.0001149713,7.919911e-05,CDRIA-2050-noCR,1500Mt-noCostDecrease,MS,missing,coal_int_conv pul 1976-1980,missing,missing,missing,missing,missing,missing,missing,missing,EJ
1830,0.0,0.0,0.0006427903,0.0006425700000000001,0.0005307597,0.0002674146,0.0003552955,0.0001347308,0.00010991464,CDRIA-2050-noCR,1500Mt-noCostDecrease,MS,missing,coal_int_conv pul 1981-1985,missing,missing,missing,missing,missing,missing,missing,missing,EJ
1831,0.0,0.0,0.0014840119999999,0.001483645,0.001226006,0.0006188882,0.0008293197999999999,0.0003264576,0.0003100603,CDRIA-2050-noCR,1500Mt-noCostDecrease,MS,missing,coal_int_conv pul 2001-2005,missing,missing,missing,missing,missing,missing,missing,missing,EJ
1832,0.0,0.0,0.0,3.008574e-05,0.00012902589,0.00029464704000000004,0.00041649311,0.00071511978,0.00097666567,CDRIA-2050-noCR,1500Mt-noCostDecrease,MS,missing,coal_int_conv pul_CCS,missing,missing,missing,missing,missing,missing,missing,missing,EJ
1833,0.00327966,0.005207553,0.0,0.0,0.0,0.0,0.0,0.0,0.0,CDRIA-2050-noCR,1500Mt-noCostDecrease,MS,missing,coal_int_conv pul_retire_2020,missing,missing,missing,missing,missing,missing,missing,missing,EJ
1834,0.0001217779,0.0,0.0,0.0,0.0,0.0,0.0,0.0,0.0,CDRIA-2050-noCR,1500Mt-noCostDecrease,MS,missing,coal_peak_conv pul,missing,missing,missing,missing,missing,missing,missing,missing,EJ
1835,2.583161e-05,0.0,0.0,0.0,0.0,0.0,0.0,0.0,0.0,CDRIA-2050-noCR,1500Mt-noCostDecrease,MS,missing,coal_peak_conv pul_retire_2020,missing,missing,missing,missing,missing,missing,missing,missing,EJ
1836,0.0009050776,0.0,0.0,0.0,0.0,0.0,0.0,0.0,0.0,CDRIA-2050-noCR,1500Mt-noCostDecrease,MS,missing,coal_subpeak_conv pul,missing,missing,missing,missing,missing,missing,missing,missing,EJ
1837,0.000191986,0.0,0.0,0.0,0.0,0.0,0.0,0.0,0.0,CDRIA-2050-noCR,1500Mt-noCostDecrease,MS,missing,coal_subpeak_conv pul_retire_2020,missing,missing,missing,missing,missing,missing,missing,missing,EJ
1838,0.0,0.0,0.0120684268,0.011676085196,0.013176828904,0.014156968713,0.015519209764,0.0104026379987,0.0076366039446999,CDRIA-2050-noCR,1500Mt-noCostDecrease,MS,missing,gas_base_CC,missing,missing,missing,missing,missing,missing,missing,missing,EJ
1839,0.0,0.0,0.0,1.8782281e-05,0.0016294956177,0.0052683784933,0.0075870725598,0.0108973989195,0.0124614527831,CDRIA-2050-noCR,1500Mt-noCostDecrease,MS,missing,gas_base_CC_CCS,missing,missing,missing,missing,missing,missing,missing,missing,EJ
1840,0.013638832,0.0391368944,0.1263346429,0.1188929355,0.1044535664199999,0.0896482681499999,0.08044509141,0.06707303392,0.05900771004,CDRIA-2050-noCR,1500Mt-noCostDecrease,MS,missing,gas_int_CC,missing,missing,missing,missing,missing,missing,missing,missing,EJ
1841,0.0,0.0,0.0,0.00042007876,0.0014681932779999,0.0031765171389999,0.0044688388799999,0.0075709564339999,0.010231407661,CDRIA-2050-noCR,1500Mt-noCostDecrease,MS,missing,gas_int_CC_CCS,missing,missing,missing,missing,missing,missing,missing,missing,EJ
1842,0.0005334343,0.0019713957099999,0.00128528332307,0.0011685113836699,0.00096901876897,0.00076380970582,0.0006291867820900002,0.00043599998437,0.0003094427709900001,CDRIA-2050-noCR,1500Mt-noCostDecrease,MS,missing,gas_peak_CC,missing,missing,missing,missing,missing,missing,missing,missing,EJ
1843,0.0,0.0,0.0,7.6790572e-08,2.27827254e-07,4.1203080799999993e-07,5.48313651e-07,9.611220069999997e-07,1.591279776e-06,CDRIA-2050-noCR,1500Mt-noCostDecrease,MS,missing,gas_peak_CC_CCS,missing,missing,missing,missing,missing,missing,missing,missing,EJ
1844,0.0003952249,0.0006933981,0.0006472940000000001,0.0005555732480000001,0.000288525815,0.00017476488200000002,0.00019052750600000005,9.551000799999998e-05,6.808432500000002e-05,CDRIA-2050-noCR,1500Mt-noCostDecrease,MS,missing,gas_peak_steam/CT,missing,missing,missing,missing,missing,missing,missing,missing,EJ
1845,0.00355071171,0.0131215526,0.008848906382,0.0081052729273,0.0069057286534999,0.0056353303949,0.0046877067400999,0.00354706761,0.0027782232231,CDRIA-2050-noCR,1500Mt-noCostDecrease,MS,missing,gas_subpeak_CC,missing,missing,missing,missing,missing,missing,missing,missing,EJ
1846,0.0,0.0,0.0,4.2336006e-06,1.267894134e-05,2.320280593e-05,3.161821893e-05,6.185403752999999e-05,9.407430950000002e-05,CDRIA-2050-noCR,1500Mt-noCostDecrease,MS,missing,gas_subpeak_CC_CCS,missing,missing,missing,missing,missing,missing,missing,missing,EJ
1847,0.0026304595,0.004615423,0.0046101339,0.0040494113999999,0.00238760258,0.0015881944999999,0.0016937404,0.00101451817,0.00081073174,CDRIA-2050-noCR,1500Mt-noCostDecrease,MS,missing,gas_subpeak_steam/CT,missing,missing,missing,missing,missing,missing,missing,missing,EJ
1848,0.0283246,0.0376137,0.0439223,0.0439225,0.0439226,0.0439226,0.0439226,0.0,0.0,CDRIA-2050-noCR,1500Mt-noCostDecrease,MS,missing,nuc_base_Gen II,missing,missing,missing,missing,missing,missing,missing,missing,EJ
1849,0.0,0.0,0.0,0.0,0.00172638,0.00589566,0.00841409,0.01226654,0.01438201,CDRIA-2050-noCR,1500Mt-noCostDecrease,MS,missing,nuc_base_Gen III,missing,missing,missing,missing,missing,missing,missing,missing,EJ
1850,0.0,0.0,1.0244621e-05,1.8077688e-05,1.3070797e-05,7.7034286e-06,6.1193046e-06,1.2714409e-06,5.4374636e-07,CDRIA-2050-noCR,1500Mt-noCostDecrease,MS,missing,refined liquids_base_steam/CT,missing,missing,missing,missing,missing,missing,missing,missing,EJ
1851,0.0021535243,0.0046274239,0.0,0.0,0.0,0.0,0.0,0.0,0.0,CDRIA-2050-noCR,1500Mt-noCostDecrease,MS,missing,refined liquids_int_steam/CT,missing,missing,missing,missing,missing,missing,missing,missing,EJ
1852,0.0,0.0,0.0,0.0,0.0,0.0,0.0,0.0,0.0,CDRIA-2050-noCR,1500Mt-noCostDecrease,MS,missing,refined liquids_peak_steam/CT,missing,missing,missing,missing,missing,missing,missing,missing,EJ
1853,0.0005383318,0.0011569048,0.0,0.0,0.0,0.0,0.0,0.0,0.0,CDRIA-2050-noCR,1500Mt-noCostDecrease,MS,missing,refined liquids_subpeak_steam/CT,missing,missing,missing,missing,missing,missing,missing,missing,EJ
1854,0.0,0.0,0.000121187,0.00184036,0.00525291,0.00651234,0.00767795,0.00794475,0.00935198,CDRIA-2050-noCR,1500Mt-noCostDecrease,MS,missing,rooftop_pv,missing,missing,missing,missing,missing,missing,missing,missing,EJ
1855,0.0,0.0,0.00130489,0.0013348855,0.0037277055,0.0085362755,0.0109247055,0.0134528755,0.0138212955,CDRIA-2050-noCR,1500Mt-noCostDecrease,MS,missing,wind_base,missing,missing,missing,missing,missing,missing,missing,missing,EJ
1856,0.0,0.0,0.0,1.75823e-06,0.00036919523,0.00138867523,0.00204474823,0.0029386302299999,0.0035717119999999,CDRIA-2050-noCR,1500Mt-noCostDecrease,MS,missing,wind_base_offshore,missing,missing,missing,missing,missing,missing,missing,missing,EJ
1857,0.0,0.0,2.79193e-05,2.8449351e-05,6.6602051e-05,0.000152525051,0.000201539651,0.000271723651,0.000282164751,CDRIA-2050-noCR,1500Mt-noCostDecrease,MS,missing,wind_base_storage,missing,missing,missing,missing,missing,missing,missing,missing,EJ
1858,0.0,0.0,8.88073e-05,0.0001099062,0.0001763655,0.0002706945,0.0003164625,0.0004000124,0.0004095824000000001,CDRIA-2050-noCR,1500Mt-noCostDecrease,MO,missing,PV_base_storage,missing,missing,missing,missing,missing,missing,missing,missing,EJ
1859,0.0,0.0,0.0269439,0.03585158,0.05836748,0.0897552799999999,0.10334488,0.13864908,0.15655318,CDRIA-2050-noCR,1500Mt-noCostDecrease,MO,missing,PV_int,missing,missing,missing,missing,missing,missing,missing,missing,EJ
1860,0.0,0.0,0.000497808,0.000715078,0.0011398559999999,0.001349054,0.001592217,0.00187469,0.002312569,CDRIA-2050-noCR,1500Mt-noCostDecrease,MO,missing,PV_peak,missing,missing,missing,missing,missing,missing,missing,missing,EJ
1861,0.0,0.0,0.0026912984,0.0040022784,0.0065088084,0.0078839584,0.0095237884,0.01284253,0.01551021,CDRIA-2050-noCR,1500Mt-noCostDecrease,MO,missing,PV_subpeak,missing,missing,missing,missing,missing,missing,missing,missing,EJ
1862,0.0,0.0,0.000391605,9.955497e-05,0.00032386486,0.00049151161,0.00027147947,0.00046031956,0.00053966128,CDRIA-2050-noCR,1500Mt-noCostDecrease,MO,missing,biogas_base_CC,missing,missing,missing,missing,missing,missing,missing,missing,EJ
1863,0.0,0.0,0.0,5.30487e-05,0.000227689616,0.00045734838,0.00025956177,0.0006144594000000001,0.000775606294,CDRIA-2050-noCR,1500Mt-noCostDecrease,MO,missing,biogas_base_CC_CCS,missing,missing,missing,missing,missing,missing,missing,missing,EJ
1864,0.0,0.0,0.00126152,0.0003299775,0.0007256293,0.0018805,0.0015201009999999,0.00445072,0.006201307,CDRIA-2050-noCR,1500Mt-noCostDecrease,MO,missing,biogas_int_CC,missing,missing,missing,missing,missing,missing,missing,missing,EJ
1865,0.0,0.0,0.0,0.0001016,0.00030900642,0.0009961709,0.0008635749000000001,0.0033184771,0.0055645723,CDRIA-2050-noCR,1500Mt-noCostDecrease,MO,missing,biogas_int_CC_CCS,missing,missing,missing,missing,missing,missing,missing,missing,EJ
1866,0.0,0.0,6.24087e-07,2.691437e-07,5.0328089e-07,5.453178e-07,7.624707e-07,1.511846e-06,3.7658769e-06,CDRIA-2050-noCR,1500Mt-noCostDecrease,MO,missing,biogas_peak_CC,missing,missing,missing,missing,missing,missing,missing,missing,EJ
1867,0.0,0.0,0.0,3.74127e-08,7.637993000000001e-08,8.551375e-08,1.2576502e-07,3.146762e-07,8.074502999999999e-07,CDRIA-2050-noCR,1500Mt-noCostDecrease,MO,missing,biogas_peak_CC_CCS,missing,missing,missing,missing,missing,missing,missing,missing,EJ
1868,0.0,0.0,5.74213e-07,2.2054248900000002e-07,4.0992663e-07,3.55046294e-07,4.69200355e-07,8.481208950000002e-07,2.580043116e-06,CDRIA-2050-noCR,1500Mt-noCostDecrease,MO,missing,biogas_peak_steam/CT,missing,missing,missing,missing,missing,missing,missing,missing,EJ
1869,0.0,0.0,1.4689e-05,7.198051e-06,1.2860646e-05,1.6183774999999997e-05,2.357231e-05,6.756541e-05,0.0001069125,CDRIA-2050-noCR,1500Mt-noCostDecrease,MO,missing,biogas_subpeak_CC,missing,missing,missing,missing,missing,missing,missing,missing,EJ
1870,0.0,0.0,0.0,1.34607e-06,2.8311689e-06,3.820263e-06,5.9170540000000005e-06,2.0903698e-05,3.8433283e-05,CDRIA-2050-noCR,1500Mt-noCostDecrease,MO,missing,biogas_subpeak_CC_CCS,missing,missing,missing,missing,missing,missing,missing,missing,EJ
1871,0.0,0.0,9.82362e-06,4.190301660000001e-06,7.64973271e-06,7.477166e-06,1.02493093e-05,3.16135967e-05,4.807660250000001e-05,CDRIA-2050-noCR,1500Mt-noCostDecrease,MO,missing,biogas_subpeak_steam/CT,missing,missing,missing,missing,missing,missing,missing,missing,EJ
1872,0.0,0.0,7.34492e-05,6.023398e-05,0.00011484409,0.00022470513,0.00027161197,0.00042980596,0.0005927633700000001,CDRIA-2050-noCR,1500Mt-noCostDecrease,MO,missing,biomass_base_IGCC,missing,missing,missing,missing,missing,missing,missing,missing,EJ
1873,0.0,0.0,0.0,8.12139e-06,5.82689e-05,0.00033605758,0.0004888283899999999,0.00227718219,0.00529469286,CDRIA-2050-noCR,1500Mt-noCostDecrease,MO,missing,biomass_base_IGCC_CCS,missing,missing,missing,missing,missing,missing,missing,missing,EJ
1874,0.0,0.0,0.0001677884,0.00010566907,0.000200135,0.0003675189,0.00039829673,0.00053955753,0.0006610556199999999,CDRIA-2050-noCR,1500Mt-noCostDecrease,MO,missing,biomass_base_conv,missing,missing,missing,missing,missing,missing,missing,missing,EJ
1875,0.0,0.0,0.0,9.31054e-06,8.417978000000001e-05,0.00075786499,0.00108333034,0.01135851983,0.02955251095,CDRIA-2050-noCR,1500Mt-noCostDecrease,MO,missing,biomass_base_conv_CCS,missing,missing,missing,missing,missing,missing,missing,missing,EJ
1876,0.0,0.0,3.48522e-05,3.991363e-05,5.502572999999999e-05,0.0001044479,0.00013347512,0.00027744584,0.00048616461,CDRIA-2050-noCR,1500Mt-noCostDecrease,MO,missing,biomass_int_IGCC,missing,missing,missing,missing,missing,missing,missing,missing,EJ
1877,0.0,0.0,0.0,2.8757500000000004e-06,1.2048e-05,5.208013e-05,7.668453e-05,0.00025416786,0.0005370956400000001,CDRIA-2050-noCR,1500Mt-noCostDecrease,MO,missing,biomass_int_IGCC_CCS,missing,missing,missing,missing,missing,missing,missing,missing,EJ
1878,0.0,0.0,0.0001667743,0.0001804943,0.0002058019,0.0003269306,0.0003748512,0.000658876,0.0010437421,CDRIA-2050-noCR,1500Mt-noCostDecrease,MO,missing,biomass_int_conv,missing,missing,missing,missing,missing,missing,missing,missing,EJ
1879,0.0,0.0,0.0,4.37955e-06,2.017978e-05,0.00010072464,0.00014764785,0.00055565578,0.00119751606,CDRIA-2050-noCR,1500Mt-noCostDecrease,MO,missing,biomass_int_conv_CCS,missing,missing,missing,missing,missing,missing,missing,missing,EJ
1880,0.0,0.0,0.0,0.000547794,0.001607519,0.003045133,0.003819616,0.005105725,0.006724301,CDRIA-2050-noCR,1500Mt-noCostDecrease,MO,missing,coal_base_IGCC_CCS,missing,missing,missing,missing,missing,missing,missing,missing,EJ
1881,0.06641256,0.13131716,0.0,0.0,0.0,0.0,0.0,0.0,0.0,CDRIA-2050-noCR,1500Mt-noCostDecrease,MO,missing,coal_base_conv pul,missing,missing,missing,missing,missing,missing,missing,missing,EJ
1882,0.0,0.0,0.02853576,0.02838253,0.019023974,0.00399738,0.003559699,0.00010926864,0.0,CDRIA-2050-noCR,1500Mt-noCostDecrease,MO,missing,coal_base_conv pul 1966-1970,missing,missing,missing,missing,missing,missing,missing,missing,EJ
1883,0.0,0.0,0.02640665,0.0263611999999999,0.017957008,0.004037417,0.0045405379999999,0.0002256259,4.945204e-05,CDRIA-2050-noCR,1500Mt-noCostDecrease,MO,missing,coal_base_conv pul 1971-1975,missing,missing,missing,missing,missing,missing,missing,missing,EJ
1884,0.0,0.0,0.02870936,0.02868339,0.019610586,0.004481026,0.005392323,0.0003383948,0.00012006592,CDRIA-2050-noCR,1500Mt-noCostDecrease,MO,missing,coal_base_conv pul 1976-1980,missing,missing,missing,missing,missing,missing,missing,missing,EJ
1885,0.0,0.0,0.0115520869999999,0.011543647,0.007898079,0.0018106678,0.0022107679999999,0.00014739446999999998,6.420943000000001e-05,CDRIA-2050-noCR,1500Mt-noCostDecrease,MO,missing,coal_base_conv pul 1981-1985,missing,missing,missing,missing,missing,missing,missing,missing,EJ
1886,0.0,0.0,0.0065730829999999,0.006568694,0.004495704,0.0010321287999999,0.0012682353,8.695644e-05,4.256916e-05,CDRIA-2050-noCR,1500Mt-noCostDecrease,MO,missing,coal_base_conv pul 2006-2010,missing,missing,missing,missing,missing,missing,missing,missing,EJ
1887,0.0,0.0,0.002888793,0.0028868609999999,0.0019758086999999,0.0004536079,0.0005573726999999999,3.821626e-05,1.870866e-05,CDRIA-2050-noCR,1500Mt-noCostDecrease,MO,missing,coal_base_conv pul 2011-2015,missing,missing,missing,missing,missing,missing,missing,missing,EJ
1888,0.0,0.0,0.0,0.000677784,0.001881145,0.003413301,0.004212426,0.0054547279999999,0.00698431,CDRIA-2050-noCR,1500Mt-noCostDecrease,MO,missing,coal_base_conv pul_CCS,missing,missing,missing,missing,missing,missing,missing,missing,EJ
1889,0.0060250869999999,0.0119133649999999,0.0,0.0,0.0,0.0,0.0,0.0,0.0,CDRIA-2050-noCR,1500Mt-noCostDecrease,MO,missing,coal_base_conv pul_retire_2020,missing,missing,missing,missing,missing,missing,missing,missing,EJ
1890,0.0,0.0,0.0,0.00013301490000000002,0.0003451253,0.00084454,0.0011013754999999,0.0021219549,0.0034514166,CDRIA-2050-noCR,1500Mt-noCostDecrease,MO,missing,coal_int_IGCC_CCS,missing,missing,missing,missing,missing,missing,missing,missing,EJ
1891,0.09554225,0.1426299,0.0,0.0,0.0,0.0,0.0,0.0,0.0,CDRIA-2050-noCR,1500Mt-noCostDecrease,MO,missing,coal_int_conv pul,missing,missing,missing,missing,missing,missing,missing,missing,EJ
1892,0.0,0.0,0.0338187,0.0336578,0.03078054,0.0199305509999999,0.016054551,0.003699875,0.0,CDRIA-2050-noCR,1500Mt-noCostDecrease,MO,missing,coal_int_conv pul 1966-1970,missing,missing,missing,missing,missing,missing,missing,missing,EJ
1893,0.0,0.0,0.03129536,0.03126079,0.0290542,0.020130159,0.0204781939999999,0.007639757,0.002888445,CDRIA-2050-noCR,1500Mt-noCostDecrease,MO,missing,coal_int_conv pul 1971-1975,missing,missing,missing,missing,missing,missing,missing,missing,EJ
1894,0.0,0.0,0.03402434,0.03401469,0.03172959,0.02234199,0.0243199,0.011458191,0.0070129189999999,CDRIA-2050-noCR,1500Mt-noCostDecrease,MO,missing,coal_int_conv pul 1976-1980,missing,missing,missing,missing,missing,missing,missing,missing,EJ
1895,0.0,0.0,0.013690772,0.013689106,0.012779011,0.00902784,0.009970751,0.00499084,0.003750411,CDRIA-2050-noCR,1500Mt-noCostDecrease,MO,missing,coal_int_conv pul 1981-1985,missing,missing,missing,missing,missing,missing,missing,missing,EJ
1896,0.0,0.0,0.007789972,0.007789591,0.007273977,0.005146103,0.005719834,0.0029443749999999,0.002486417,CDRIA-2050-noCR,1500Mt-noCostDecrease,MO,missing,coal_int_conv pul 2006-2010,missing,missing,missing,missing,missing,missing,missing,missing,EJ
1897,0.0,0.0,0.003423595,0.0034234319999999,0.003196826,0.0022616509999999,0.002513795,0.0012940179,0.0010927513,CDRIA-2050-noCR,1500Mt-noCostDecrease,MO,missing,coal_int_conv pul 2011-2015,missing,missing,missing,missing,missing,missing,missing,missing,EJ
1898,0.0,0.0,0.0,0.0001711688,0.0004225907,0.0009774467,0.0012500358,0.0022841302999999,0.0035918229999999,CDRIA-2050-noCR,1500Mt-noCostDecrease,MO,missing,coal_int_conv pul_CCS,missing,missing,missing,missing,missing,missing,missing,missing,EJ
1899,0.008667798,0.01293963,0.0,0.0,0.0,0.0,0.0,0.0,0.0,CDRIA-2050-noCR,1500Mt-noCostDecrease,MO,missing,coal_int_conv pul_retire_2020,missing,missing,missing,missing,missing,missing,missing,missing,EJ
1900,0.0012922814,0.0,0.0,0.0,0.0,0.0,0.0,0.0,0.0,CDRIA-2050-noCR,1500Mt-noCostDecrease,MO,missing,coal_peak_conv pul,missing,missing,missing,missing,missing,missing,missing,missing,EJ
1901,0.00011723864,0.0,0.0,0.0,0.0,0.0,0.0,0.0,0.0,CDRIA-2050-noCR,1500Mt-noCostDecrease,MO,missing,coal_peak_conv pul_retire_2020,missing,missing,missing,missing,missing,missing,missing,missing,EJ
1902,0.007744846,0.0,0.0,0.0,0.0,0.0,0.0,0.0,0.0,CDRIA-2050-noCR,1500Mt-noCostDecrease,MO,missing,coal_subpeak_conv pul,missing,missing,missing,missing,missing,missing,missing,missing,EJ
1903,0.0007026287,0.0,0.0,0.0,0.0,0.0,0.0,0.0,0.0,CDRIA-2050-noCR,1500Mt-noCostDecrease,MO,missing,coal_subpeak_conv pul_retire_2020,missing,missing,missing,missing,missing,missing,missing,missing,EJ
1904,0.00016670438,0.0020832,0.0166001221,0.0182352869,0.0209163804999999,0.0203532159,0.0219635441,0.01095610437,0.00813823321,CDRIA-2050-noCR,1500Mt-noCostDecrease,MO,missing,gas_base_CC,missing,missing,missing,missing,missing,missing,missing,missing,EJ
1905,0.0,0.0,0.0,0.00102043,0.004055819,0.008152862,0.010175966,0.01334285,0.01654945,CDRIA-2050-noCR,1500Mt-noCostDecrease,MO,missing,gas_base_CC_CCS,missing,missing,missing,missing,missing,missing,missing,missing,EJ
1906,8.770229e-05,0.0010957954,0.030295707,0.034237593,0.0392499819999999,0.047536974,0.051807054,0.06251338,0.0752693596,CDRIA-2050-noCR,1500Mt-noCostDecrease,MO,missing,gas_int_CC,missing,missing,missing,missing,missing,missing,missing,missing,EJ
1907,0.0,0.0,0.0,0.000889393,0.002923162,0.007379236,0.009620707,0.018114162,0.028651188,CDRIA-2050-noCR,1500Mt-noCostDecrease,MO,missing,gas_int_CC_CCS,missing,missing,missing,missing,missing,missing,missing,missing,EJ
1908,6.550086e-05,0.0010544946,0.00057320893,0.0005215762700000001,0.00043180449,0.00035239729000000004,0.00028490717,0.00020646534999999995,0.00014998074000000002,CDRIA-2050-noCR,1500Mt-noCostDecrease,MO,missing,gas_peak_CC,missing,missing,missing,missing,missing,missing,missing,missing,EJ
1909,0.0,0.0,0.0,1.15397e-07,2.58685e-07,3.82044e-07,5.468640000000001e-07,8.44075e-07,1.821216e-06,CDRIA-2050-noCR,1500Mt-noCostDecrease,MO,missing,gas_peak_CC_CCS,missing,missing,missing,missing,missing,missing,missing,missing,EJ
1910,4.85007e-05,0.000370897,0.00028088309,0.00023891076,0.00012550668299999998,9.2542799e-05,8.619628999999999e-05,5.2799495e-05,3.6087695e-05,CDRIA-2050-noCR,1500Mt-noCostDecrease,MO,missing,gas_peak_steam/CT,missing,missing,missing,missing,missing,missing,missing,missing,EJ
1911,0.000424609,0.006833492,0.003971499,0.0036875103,0.003187099,0.0027099129,0.0022974524,0.0019198856,0.0017061204,CDRIA-2050-noCR,1500Mt-noCostDecrease,MO,missing,gas_subpeak_CC,missing,missing,missing,missing,missing,missing,missing,missing,EJ
1912,0.0,0.0,0.0,6.17294e-06,1.367146e-05,2.068085e-05,3.032817e-05,6.065856e-05,0.00010728765,CDRIA-2050-noCR,1500Mt-noCostDecrease,MO,missing,gas_subpeak_CC_CCS,missing,missing,missing,missing,missing,missing,missing,missing,EJ
1913,0.000314506,0.0024037,0.002073558,0.0018303858,0.0011119571,0.0008857273,0.0008535574,0.0006478005,0.0005480994,CDRIA-2050-noCR,1500Mt-noCostDecrease,MO,missing,gas_subpeak_steam/CT,missing,missing,missing,missing,missing,missing,missing,missing,EJ
1914,0.0074394,0.0042624,0.0068439,0.0068334,0.0068259,0.0068269,0.0068116,0.0067545,0.006762,CDRIA-2050-noCR,1500Mt-noCostDecrease,MO,missing,hydro_base,missing,missing,missing,missing,missing,missing,missing,missing,EJ
1915,0.0305212,0.0299725,0.0391442,0.0391443,0.0391443,0.0391444,0.0391444,0.0,0.0,CDRIA-2050-noCR,1500Mt-noCostDecrease,MO,missing,nuc_base_Gen II,missing,missing,missing,missing,missing,missing,missing,missing,EJ
1916,0.0,0.0,0.0,0.0,0.00465344,0.01128905,0.01454117,0.02054916,0.02770974,CDRIA-2050-noCR,1500Mt-noCostDecrease,MO,missing,nuc_base_Gen III,missing,missing,missing,missing,missing,missing,missing,missing,EJ
1917,0.0,0.0,0.0001118544,9.07007e-05,4.181864e-05,4.363457e-05,3.978203e-05,2.858795e-05,1.7957439999999998e-05,CDRIA-2050-noCR,1500Mt-noCostDecrease,MO,missing,refined liquids_peak_steam/CT,missing,missing,missing,missing,missing,missing,missing,missing,EJ
1918,0.0004384095,0.000765099,0.0001314934,0.0001057507,5.268629e-05,5.403607e-05,4.80358e-05,3.47408e-05,2.224131e-05,CDRIA-2050-noCR,1500Mt-noCostDecrease,MO,missing,refined liquids_subpeak_steam/CT,missing,missing,missing,missing,missing,missing,missing,missing,EJ
1919,0.0,0.0,0.000204301,0.00215874,0.00648248,0.00989767,0.0125466,0.0127122,0.013318,CDRIA-2050-noCR,1500Mt-noCostDecrease,MO,missing,rooftop_pv,missing,missing,missing,missing,missing,missing,missing,missing,EJ
1920,0.0,0.0,0.0229875599999999,0.03363916,0.06374626,0.09595976,0.11144026,0.1354853,0.1516098,CDRIA-2050-noCR,1500Mt-noCostDecrease,MO,missing,wind_base,missing,missing,missing,missing,missing,missing,missing,missing,EJ
1921,0.0,0.0,0.000464444,0.00067698,0.001335118,0.00224171,0.002681672,0.003478139,0.003967931,CDRIA-2050-noCR,1500Mt-noCostDecrease,MO,missing,wind_base_storage,missing,missing,missing,missing,missing,missing,missing,missing,EJ
1922,0.0,0.0,0.000941682,0.000941682,0.000941682,0.000941682,0.000941682,0.0,0.0,CDRIA-2050-noCR,1500Mt-noCostDecrease,MO,missing,wind_int,missing,missing,missing,missing,missing,missing,missing,missing,EJ
1923,0.0,0.0,0.000564988,0.000564988,0.000564988,0.000564988,0.000564988,0.0,0.0,CDRIA-2050-noCR,1500Mt-noCostDecrease,MO,missing,wind_subpeak,missing,missing,missing,missing,missing,missing,missing,missing,EJ
1924,0.0,0.0,0.000101351,0.0002009392,0.0004567692,0.0007542772,0.0009189322,0.0012542732,0.0013608161999999,CDRIA-2050-noCR,1500Mt-noCostDecrease,MT,missing,CSP_base_storage,missing,missing,missing,missing,missing,missing,missing,missing,EJ
1925,0.0,0.0,0.00158361,0.00240398,0.00390674,0.00631394,0.0075174299999999,0.00974451,0.0114516,CDRIA-2050-noCR,1500Mt-noCostDecrease,MT,missing,CSP_int,missing,missing,missing,missing,missing,missing,missing,missing,EJ
1926,0.0,0.0,1.324844e-06,2.072344e-06,3.760556e-06,5.5086e-06,6.585045999999999e-06,8.274725999999998e-06,1.0670882e-05,CDRIA-2050-noCR,1500Mt-noCostDecrease,MT,missing,CSP_peak,missing,missing,missing,missing,missing,missing,missing,missing,EJ
1927,3.17006e-05,2.85002e-05,0.00018540398,0.00019348438,0.0002092483,0.00022655902,0.00023805562,0.00010461682,0.00012435263999999998,CDRIA-2050-noCR,1500Mt-noCostDecrease,MT,missing,CSP_subpeak,missing,missing,missing,missing,missing,missing,missing,missing,EJ
1928,0.0,0.0,1.30266e-05,2.7016e-05,6.42707e-05,0.0001086404,0.00013359180000000002,0.0001849469,0.0002039807,CDRIA-2050-noCR,1500Mt-noCostDecrease,MT,missing,PV_base_storage,missing,missing,missing,missing,missing,missing,missing,missing,EJ
1929,0.0,0.0,0.00949045,0.01393678,0.01914859,0.02515984,0.0280144599999999,0.03301147,0.0306814999999999,CDRIA-2050-noCR,1500Mt-noCostDecrease,MT,missing,PV_int,missing,missing,missing,missing,missing,missing,missing,missing,EJ
1930,0.0,0.0,7.93969e-06,1.199108e-05,1.784607e-05,2.221129e-05,2.476457e-05,2.855578e-05,2.871289e-05,CDRIA-2050-noCR,1500Mt-noCostDecrease,MT,missing,PV_peak,missing,missing,missing,missing,missing,missing,missing,missing,EJ
1931,0.0,0.0,9.71236e-05,0.0001409187,0.0001955905,0.0002388189,0.0002660883,0.0003463219,0.0003274078,CDRIA-2050-noCR,1500Mt-noCostDecrease,MT,missing,PV_subpeak,missing,missing,missing,missing,missing,missing,missing,missing,EJ
1932,0.0,0.0,8.37564e-05,9.682846e-05,0.000268941264,0.000340765599,0.000208305198,0.0004173456690000001,0.000267419898,CDRIA-2050-noCR,1500Mt-noCostDecrease,MT,missing,biogas_base_CC,missing,missing,missing,missing,missing,missing,missing,missing,EJ
1933,0.0,0.0,0.0,5.16671e-05,0.0001897221,0.000320929896,0.000200698907,0.0005560548139999999,0.000395595293,CDRIA-2050-noCR,1500Mt-noCostDecrease,MT,missing,biogas_base_CC_CCS,missing,missing,missing,missing,missing,missing,missing,missing,EJ
1934,0.0,0.0,0.000720822,0.0002999677,0.000522851,0.0010459939,0.000728156,0.0013409495,0.0018376867999999,CDRIA-2050-noCR,1500Mt-noCostDecrease,MT,missing,biogas_int_CC,missing,missing,missing,missing,missing,missing,missing,missing,EJ
1935,0.0,0.0,0.0,0.000104987,0.00023145376,0.0005779406,0.0004291264,0.0011271305,0.0017819243,CDRIA-2050-noCR,1500Mt-noCostDecrease,MT,missing,biogas_int_CC_CCS,missing,missing,missing,missing,missing,missing,missing,missing,EJ
1936,0.0,0.0,1.54167e-08,9.479794e-09,2.0897221e-08,2.6599074e-08,1.8029254e-08,3.0240841e-08,5.9758205e-08,CDRIA-2050-noCR,1500Mt-noCostDecrease,MT,missing,biogas_peak_CC,missing,missing,missing,missing,missing,missing,missing,missing,EJ
1937,0.0,0.0,0.0,1.38323e-09,3.21103e-09,4.299404e-09,3.034769e-09,6.511932e-09,1.2930075e-08,CDRIA-2050-noCR,1500Mt-noCostDecrease,MT,missing,biogas_peak_CC_CCS,missing,missing,missing,missing,missing,missing,missing,missing,EJ
1938,0.0,0.0,1.434532e-08,8.256729999999999e-09,1.775932e-08,2.129235e-08,1.282824e-08,2.148783e-08,4.539356e-08,CDRIA-2050-noCR,1500Mt-noCostDecrease,MT,missing,biogas_peak_steam/CT,missing,missing,missing,missing,missing,missing,missing,missing,EJ
1939,0.0,0.0,3.83076e-07,3.393031e-07,8.4345471e-07,1.1490975e-06,8.640517e-07,2.5900598000000003e-06,2.6921227e-06,CDRIA-2050-noCR,1500Mt-noCostDecrease,MT,missing,biogas_subpeak_CC,missing,missing,missing,missing,missing,missing,missing,missing,EJ
1940,0.0,0.0,0.0,6.88312e-08,1.9138224e-07,2.9179699e-07,2.323901e-07,8.42056e-07,1.0468279e-06,CDRIA-2050-noCR,1500Mt-noCostDecrease,MT,missing,biogas_subpeak_CC_CCS,missing,missing,missing,missing,missing,missing,missing,missing,EJ
1941,0.0,0.0,2.592905e-07,2.1779803e-07,5.34341879e-07,6.86582194e-07,4.5734138700000005e-07,1.487165794e-06,1.450685856e-06,CDRIA-2050-noCR,1500Mt-noCostDecrease,MT,missing,biogas_subpeak_steam/CT,missing,missing,missing,missing,missing,missing,missing,missing,EJ
1942,0.0,0.0,1.204917e-05,2.098572e-05,5.248995e-05,0.00011062203,0.00013647143,0.00027427195999999994,0.0002942717,CDRIA-2050-noCR,1500Mt-noCostDecrease,MT,missing,biomass_base_IGCC,missing,missing,missing,missing,missing,missing,missing,missing,EJ
1943,0.0,0.0,0.0,6.63848e-06,4.239968e-05,0.00021001728,0.00031823588000000005,0.0017348057,0.00300213534,CDRIA-2050-noCR,1500Mt-noCostDecrease,MT,missing,biomass_base_IGCC_CCS,missing,missing,missing,missing,missing,missing,missing,missing,EJ
1944,9.82062e-05,0.0,2.438441e-05,3.087323e-05,7.290453e-05,0.00014412237,0.00015526097,0.00031447492000000004,0.000282892026,CDRIA-2050-noCR,1500Mt-noCostDecrease,MT,missing,biomass_base_conv,missing,missing,missing,missing,missing,missing,missing,missing,EJ
1945,0.0,0.0,0.0,7.19053e-06,5.779399e-05,0.00044561237,0.00066487063,0.00846683638,0.01575367567,CDRIA-2050-noCR,1500Mt-noCostDecrease,MT,missing,biomass_base_conv_CCS,missing,missing,missing,missing,missing,missing,missing,missing,EJ
1946,0.0,0.0,1.7339859999999997e-05,2.227194e-05,3.237205e-05,5.919624e-05,7.443898000000001e-05,0.00011373793999999998,0.00017864622,CDRIA-2050-noCR,1500Mt-noCostDecrease,MT,missing,biomass_int_IGCC,missing,missing,missing,missing,missing,missing,missing,missing,EJ
1947,0.0,0.0,0.0,2.69419e-06,8.96835e-06,3.054683999999999e-05,4.391891999999999e-05,9.260106e-05,0.00018229317,CDRIA-2050-noCR,1500Mt-noCostDecrease,MT,missing,biomass_int_IGCC_CCS,missing,missing,missing,missing,missing,missing,missing,missing,EJ
1948,9.8203e-05,0.0,4.80506e-05,5.445311000000001e-05,7.495069e-05,0.00013407045,0.00016167236999999998,0.00023626476,0.00034843618,CDRIA-2050-noCR,1500Mt-noCostDecrease,MT,missing,biomass_int_conv,missing,missing,missing,missing,missing,missing,missing,missing,EJ
1949,0.0,0.0,0.0,3.90905e-06,1.422675e-05,5.581204e-05,8.018596e-05,0.00018748532,0.00038229357,CDRIA-2050-noCR,1500Mt-noCostDecrease,MT,missing,biomass_int_conv_CCS,missing,missing,missing,missing,missing,missing,missing,missing,EJ
1950,0.0,0.0,0.0,0.000451704,0.001196794,0.00204109,0.002571145,0.0035222199999999,0.004141069,CDRIA-2050-noCR,1500Mt-noCostDecrease,MT,missing,coal_base_IGCC_CCS,missing,missing,missing,missing,missing,missing,missing,missing,EJ
1951,0.0180701999999999,0.02155755,0.0,0.0,0.0,0.0,0.0,0.0,0.0,CDRIA-2050-noCR,1500Mt-noCostDecrease,MT,missing,coal_base_conv pul,missing,missing,missing,missing,missing,missing,missing,missing,EJ
1952,0.0,0.0,0.0,0.0,0.0,0.0,0.0,0.0,0.0,CDRIA-2050-noCR,1500Mt-noCostDecrease,MT,missing,coal_base_conv pul 1956-1960,missing,missing,missing,missing,missing,missing,missing,missing,EJ
1953,0.0,0.0,0.0,0.0,0.0,0.0,0.0,0.0,0.0,CDRIA-2050-noCR,1500Mt-noCostDecrease,MT,missing,coal_base_conv pul 1971-1975,missing,missing,missing,missing,missing,missing,missing,missing,EJ
1954,0.0,0.0,0.0,0.0,0.0,0.0,0.0,0.0,0.0,CDRIA-2050-noCR,1500Mt-noCostDecrease,MT,missing,coal_base_conv pul 1976-1980,missing,missing,missing,missing,missing,missing,missing,missing,EJ
1955,0.0,0.0,0.004304585,0.004300571,0.002371605,0.00028401010000000005,0.000344919,2.598789e-05,1.573783e-05,CDRIA-2050-noCR,1500Mt-noCostDecrease,MT,missing,coal_base_conv pul 1981-1985,missing,missing,missing,missing,missing,missing,missing,missing,EJ
1956,0.0,0.0,0.0042959029999999,0.0042919759999999,0.002367048,0.0002835646,0.0003449212,2.616959e-05,1.631836e-05,CDRIA-2050-noCR,1500Mt-noCostDecrease,MT,missing,coal_base_conv pul 1986-1990,missing,missing,missing,missing,missing,missing,missing,missing,EJ
1957,0.0,0.0,0.00013102098,0.00013090377,7.220096e-05,8.653123e-06,1.0545577e-05,8.069517e-07,5.223092e-07,CDRIA-2050-noCR,1500Mt-noCostDecrease,MT,missing,coal_base_conv pul 2006-2010,missing,missing,missing,missing,missing,missing,missing,missing,EJ
1958,0.0,0.0,4.838887e-06,4.834556e-06,2.666544e-06,3.195796e-07,3.894765e-07,2.980391e-08,1.92941e-08,CDRIA-2050-noCR,1500Mt-noCostDecrease,MT,missing,coal_base_conv pul 2011-2015,missing,missing,missing,missing,missing,missing,missing,missing,EJ
1959,0.0,0.0,7.255745e-06,5.62141e-06,0.0,0.0,0.0,0.0,0.0,CDRIA-2050-noCR,1500Mt-noCostDecrease,MT,missing,coal_base_conv pul before 1950,missing,missing,missing,missing,missing,missing,missing,missing,EJ
1960,0.0,0.0,0.0,0.000548715,0.00138156,0.002263722,0.002802765,0.0036770179999999,0.004230303,CDRIA-2050-noCR,1500Mt-noCostDecrease,MT,missing,coal_base_conv pul_CCS,missing,missing,missing,missing,missing,missing,missing,missing,EJ
1961,0.003596449,0.004290519,0.0,0.0,0.0,0.0,0.0,0.0,0.0,CDRIA-2050-noCR,1500Mt-noCostDecrease,MT,missing,coal_base_conv pul_retire_2020,missing,missing,missing,missing,missing,missing,missing,missing,EJ
1962,0.0,0.0,0.0,0.00012487000000000002,0.0002689185,0.0005352916,0.0006729241,0.0009488568,0.0013642353,CDRIA-2050-noCR,1500Mt-noCostDecrease,MT,missing,coal_int_IGCC_CCS,missing,missing,missing,missing,missing,missing,missing,missing,EJ
1963,0.0267685,0.03885299,0.0,0.0,0.0,0.0,0.0,0.0,0.0,CDRIA-2050-noCR,1500Mt-noCostDecrease,MT,missing,coal_int_conv pul,missing,missing,missing,missing,missing,missing,missing,missing,EJ
1964,0.0,0.0,0.0,0.0,0.0,0.0,0.0,0.0,0.0,CDRIA-2050-noCR,1500Mt-noCostDecrease,MT,missing,coal_int_conv pul 1956-1960,missing,missing,missing,missing,missing,missing,missing,missing,EJ
1965,0.0,0.0,0.0,0.0,0.0,0.0,0.0,0.0,0.0,CDRIA-2050-noCR,1500Mt-noCostDecrease,MT,missing,coal_int_conv pul 1971-1975,missing,missing,missing,missing,missing,missing,missing,missing,EJ
1966,0.0,0.0,0.0,0.0,0.0,0.0,0.0,0.0,0.0,CDRIA-2050-noCR,1500Mt-noCostDecrease,MT,missing,coal_int_conv pul 1976-1980,missing,missing,missing,missing,missing,missing,missing,missing,EJ
1967,0.0,0.0,0.0150789699999999,0.01507665,0.0131900719999999,0.006490473,0.007586777,0.00209873,0.001556117,CDRIA-2050-noCR,1500Mt-noCostDecrease,MT,missing,coal_int_conv pul 1981-1985,missing,missing,missing,missing,missing,missing,missing,missing,EJ
1968,0.0,0.0,0.01504853,0.01504652,0.01316473,0.006480296,0.0075868299999999,0.002113406,0.001613527,CDRIA-2050-noCR,1500Mt-noCostDecrease,MT,missing,coal_int_conv pul 1986-1990,missing,missing,missing,missing,missing,missing,missing,missing,EJ
1969,0.0,0.0,0.0004589647,0.0004589111,0.0004015567,0.0001977498,0.0002319585,6.516793e-05,5.164485e-05,CDRIA-2050-noCR,1500Mt-noCostDecrease,MT,missing,coal_int_conv pul 2006-2010,missing,missing,missing,missing,missing,missing,missing,missing,EJ
1970,0.0,0.0,1.69506e-05,1.69486e-05,1.483038e-05,7.303353e-06,8.566852000000001e-06,2.406914e-06,1.907766e-06,CDRIA-2050-noCR,1500Mt-noCostDecrease,MT,missing,coal_int_conv pul 2011-2015,missing,missing,missing,missing,missing,missing,missing,missing,EJ
1971,0.0,0.0,2.541684e-05,1.970706e-05,0.0,0.0,0.0,0.0,0.0,CDRIA-2050-noCR,1500Mt-noCostDecrease,MT,missing,coal_int_conv pul before 1950,missing,missing,missing,missing,missing,missing,missing,missing,EJ
1972,0.0,0.0,0.0,0.0001594274,0.00032901550000000006,0.0006232766,0.0007686187999999999,0.0010466673,0.0014534797,CDRIA-2050-noCR,1500Mt-noCostDecrease,MT,missing,coal_int_conv pul_CCS,missing,missing,missing,missing,missing,missing,missing,missing,EJ
1973,0.005327623,0.007732771,0.0,0.0,0.0,0.0,0.0,0.0,0.0,CDRIA-2050-noCR,1500Mt-noCostDecrease,MT,missing,coal_int_conv pul_retire_2020,missing,missing,missing,missing,missing,missing,missing,missing,EJ
1974,0.0007228899,0.0,0.0,0.0,0.0,0.0,0.0,0.0,0.0,CDRIA-2050-noCR,1500Mt-noCostDecrease,MT,missing,coal_peak_conv pul,missing,missing,missing,missing,missing,missing,missing,missing,EJ
1975,0.000143874,0.0,0.0,0.0,0.0,0.0,0.0,0.0,0.0,CDRIA-2050-noCR,1500Mt-noCostDecrease,MT,missing,coal_peak_conv pul_retire_2020,missing,missing,missing,missing,missing,missing,missing,missing,EJ
1976,0.005075714,0.0,0.0,0.0,0.0,0.0,0.0,0.0,0.0,CDRIA-2050-noCR,1500Mt-noCostDecrease,MT,missing,coal_subpeak_conv pul,missing,missing,missing,missing,missing,missing,missing,missing,EJ
1977,0.0010102005,0.0,0.0,0.0,0.0,0.0,0.0,0.0,0.0,CDRIA-2050-noCR,1500Mt-noCostDecrease,MT,missing,coal_subpeak_conv pul_retire_2020,missing,missing,missing,missing,missing,missing,missing,missing,EJ
1978,0.0,0.0,0.00403281873,0.0073574946299999,0.0108417432499999,0.01001679574,0.01106003061,0.006088350051,0.0044750397219999,CDRIA-2050-noCR,1500Mt-noCostDecrease,MT,missing,gas_base_CC,missing,missing,missing,missing,missing,missing,missing,missing,EJ
1979,0.0,0.0,0.0,0.001095758,0.003838832,0.006812973,0.008540006,0.011731768,0.013135891,CDRIA-2050-noCR,1500Mt-noCostDecrease,MT,missing,gas_base_CC_CCS,missing,missing,missing,missing,missing,missing,missing,missing,EJ
1980,0.00010800338,6.630022e-05,0.0160496281,0.0210137090999999,0.025531956,0.03021954,0.03307393,0.03420897122,0.03767684245,CDRIA-2050-noCR,1500Mt-noCostDecrease,MT,missing,gas_int_CC,missing,missing,missing,missing,missing,missing,missing,missing,EJ
1981,0.0,0.0,0.0,0.000942889,0.0024922029999999,0.005141719,0.0064780719999999,0.009025608,0.01266308,CDRIA-2050-noCR,1500Mt-noCostDecrease,MT,missing,gas_int_CC_CCS,missing,missing,missing,missing,missing,missing,missing,missing,EJ
1982,2.9998758e-06,2.3000657e-06,3.72128013e-05,3.379709778000001e-05,2.714296216e-05,1.9953136990000005e-05,1.6157500600000002e-05,9.224109679999998e-06,5.872384229999999e-06,CDRIA-2050-noCR,1500Mt-noCostDecrease,MT,missing,gas_peak_CC,missing,missing,missing,missing,missing,missing,missing,missing,EJ
1983,0.0,0.0,0.0,4.118242e-09,9.967748e-09,1.7088018e-08,2.1427823e-08,2.9031125e-08,4.547644199999999e-08,CDRIA-2050-noCR,1500Mt-noCostDecrease,MT,missing,gas_peak_CC_CCS,missing,missing,missing,missing,missing,missing,missing,missing,EJ
1984,2.199905e-06,8.00023e-07,1.71393841e-05,1.4571704900000002e-05,6.46462788e-06,3.14510677e-06,2.8010238700000004e-06,9.8320559e-07,6.0529645e-07,CDRIA-2050-noCR,1500Mt-noCostDecrease,MT,missing,gas_peak_steam/CT,missing,missing,missing,missing,missing,missing,missing,missing,EJ
1985,2.0600353e-05,1.6300136000000002e-05,0.000203586074,0.000188319215,0.00015994184099999998,0.00012775272100000004,0.000107774391,7.685482500000002e-05,6.075668100000001e-05,CDRIA-2050-noCR,1500Mt-noCostDecrease,MT,missing,gas_subpeak_CC,missing,missing,missing,missing,missing,missing,missing,missing,EJ
1986,0.0,0.0,0.0,3.0716970000000004e-07,8.045426000000001e-07,1.4306352999999998e-06,1.8464079e-06,3.2528197e-06,4.6229352e-06,CDRIA-2050-noCR,1500Mt-noCostDecrease,MT,missing,gas_subpeak_CC_CCS,missing,missing,missing,missing,missing,missing,missing,missing,EJ
1987,1.530029e-05,5.700053e-06,0.00010165875,8.9566281e-05,4.837007e-05,2.7908833000000003e-05,2.5968153999999997e-05,1.3921724e-05,1.0662563e-05,CDRIA-2050-noCR,1500Mt-noCostDecrease,MT,missing,gas_subpeak_steam/CT,missing,missing,missing,missing,missing,missing,missing,missing,EJ
1988,0.0,0.0,0.0001576535,0.0003486323,0.0008746261,0.0017204962,0.0023194771999999,0.0037719805,0.0046335594999999,CDRIA-2050-noCR,1500Mt-noCostDecrease,MT,missing,geo_base,missing,missing,missing,missing,missing,missing,missing,missing,EJ
1989,0.027425,0.035249,0.0424263,0.0423612,0.0423151,0.0423213,0.0422265,0.0418723,0.0419189,CDRIA-2050-noCR,1500Mt-noCostDecrease,MT,missing,hydro_base,missing,missing,missing,missing,missing,missing,missing,missing,EJ
1990,0.00894496,0.0,0.0,0.0,0.0,0.0,0.0,0.0,0.0,CDRIA-2050-noCR,1500Mt-noCostDecrease,MT,missing,hydro_int,missing,missing,missing,missing,missing,missing,missing,missing,EJ
1991,0.0,0.0,0.000312902,0.000373593,0.000168249,8.11566e-05,6.69007e-05,1.52069e-05,7.86565e-06,CDRIA-2050-noCR,1500Mt-noCostDecrease,MT,missing,refined liquids_base_steam/CT,missing,missing,missing,missing,missing,missing,missing,missing,EJ
1992,0.000102903,0.00217391,0.0,0.0,0.0,0.0,0.0,0.0,0.0,CDRIA-2050-noCR,1500Mt-noCostDecrease,MT,missing,refined liquids_int_steam/CT,missing,missing,missing,missing,missing,missing,missing,missing,EJ
1993,0.0,0.0,0.0,0.0,0.0,0.0,0.0,0.0,0.0,CDRIA-2050-noCR,1500Mt-noCostDecrease,MT,missing,refined liquids_peak_steam/CT,missing,missing,missing,missing,missing,missing,missing,missing,EJ
1994,2.57005e-05,0.000543505,0.0,0.0,0.0,0.0,0.0,0.0,0.0,CDRIA-2050-noCR,1500Mt-noCostDecrease,MT,missing,refined liquids_subpeak_steam/CT,missing,missing,missing,missing,missing,missing,missing,missing,EJ
1995,0.0,0.0,2.41072e-05,0.00014423,0.000249281,0.000422375,0.000585179,0.000698417,0.000796533,CDRIA-2050-noCR,1500Mt-noCostDecrease,MT,missing,rooftop_pv,missing,missing,missing,missing,missing,missing,missing,missing,EJ
1996,0.0,0.0,0.0136835899999999,0.0268241899999999,0.06114939,0.10147719,0.1250434899999999,0.1663035699999999,0.1907351,CDRIA-2050-noCR,1500Mt-noCostDecrease,MT,missing,wind_base,missing,missing,missing,missing,missing,missing,missing,missing,EJ
1997,0.0,0.0,0.000127325,0.000346546,0.000890565,0.001541298,0.001910006,0.002670261,0.003019235,CDRIA-2050-noCR,1500Mt-noCostDecrease,MT,missing,wind_base_storage,missing,missing,missing,missing,missing,missing,missing,missing,EJ
1998,0.0,0.0,6.25994e-05,0.0001121584,0.0004076884000000001,0.0009805384,0.0011288214,0.0014797914,0.001559455,CDRIA-2050-noCR,1500Mt-noCostDecrease,NE,missing,CSP_base_storage,missing,missing,missing,missing,missing,missing,missing,missing,EJ
1999,0.0,0.0,0.000270036,0.0005529619999999999,0.001708404,0.004286944,0.005236078,0.009287498,0.011461282,CDRIA-2050-noCR,1500Mt-noCostDecrease,NE,missing,CSP_int,missing,missing,missing,missing,missing,missing,missing,missing,EJ
2000,0.0,0.0,5.25846e-06,8.50742e-06,1.643048e-05,2.180968e-05,3.128972e-05,4.372544e-05,6.784578e-05,CDRIA-2050-noCR,1500Mt-noCostDecrease,NE,missing,CSP_peak,missing,missing,missing,missing,missing,missing,missing,missing,EJ
2001,9.96022e-05,8.9501e-05,0.0006061615999999999,0.0006668997999999999,0.0007402652,0.0007672963999999999,0.0008909197999999998,0.0016749298,0.0018988021999999,CDRIA-2050-noCR,1500Mt-noCostDecrease,NE,missing,CSP_subpeak,missing,missing,missing,missing,missing,missing,missing,missing,EJ
2002,0.0,0.0,1.05705e-05,1.97174e-05,7.626369999999999e-05,0.0001885127,0.0002180365,0.0002886561,0.000306911,CDRIA-2050-noCR,1500Mt-noCostDecrease,NE,missing,PV_base_storage,missing,missing,missing,missing,missing,missing,missing,missing,EJ
2003,0.0,0.0,0.00240596,0.00531855,0.01724325,0.03461045,0.04028037,0.05491997,0.06087372,CDRIA-2050-noCR,1500Mt-noCostDecrease,NE,missing,PV_int,missing,missing,missing,missing,missing,missing,missing,missing,EJ
2004,0.0,0.0,4.68516e-05,8.02982e-05,0.0001620677,0.0001982981,0.0002549298,0.0002998655,0.0003535119,CDRIA-2050-noCR,1500Mt-noCostDecrease,NE,missing,PV_peak,missing,missing,missing,missing,missing,missing,missing,missing,EJ
2005,0.0,0.0,0.00065736,0.001282631,0.002039795,0.002221857,0.002960356,0.007717046,0.008077876,CDRIA-2050-noCR,1500Mt-noCostDecrease,NE,missing,PV_subpeak,missing,missing,missing,missing,missing,missing,missing,missing,EJ
2006,0.0,0.0,5.64116e-05,5.2635438e-05,0.00033880400200000005,0.00072008645,0.00022928364,0.000481999248,0.00020754828,CDRIA-2050-noCR,1500Mt-noCostDecrease,NE,missing,biogas_base_CC,missing,missing,missing,missing,missing,missing,missing,missing,EJ
2007,0.0,0.0,0.0,2.78402e-05,0.000237627803,0.00067622164,0.000230599176,0.000650869883,0.000325722054,CDRIA-2050-noCR,1500Mt-noCostDecrease,NE,missing,biogas_base_CC_CCS,missing,missing,missing,missing,missing,missing,missing,missing,EJ
2008,0.0,0.0,0.000114404,8.473225e-05,0.00025580491000000004,0.0006340522,0.0003608967,0.0016524245,0.0016972771,CDRIA-2050-noCR,1500Mt-noCostDecrease,NE,missing,biogas_int_CC,missing,missing,missing,missing,missing,missing,missing,missing,EJ
2009,0.0,0.0,0.0,3.00891e-05,0.00011740499,0.00036397626,0.00023447321,0.0012942205,0.0016649685,CDRIA-2050-noCR,1500Mt-noCostDecrease,NE,missing,biogas_int_CC_CCS,missing,missing,missing,missing,missing,missing,missing,missing,EJ
2010,0.0,0.0,5.57267e-08,3.5135960000000005e-08,6.5307835e-08,5.811229e-08,9.429259e-08,2.2193828e-07,4.5536142e-07,CDRIA-2050-noCR,1500Mt-noCostDecrease,NE,missing,biogas_peak_CC,missing,missing,missing,missing,missing,missing,missing,missing,EJ
2011,0.0,0.0,0.0,4.90519e-09,9.926737e-09,9.353693e-09,1.5759221e-08,4.582553000000001e-08,9.896963e-08,CDRIA-2050-noCR,1500Mt-noCostDecrease,NE,missing,biogas_peak_CC_CCS,missing,missing,missing,missing,missing,missing,missing,missing,EJ
2012,0.0,0.0,5.212636e-08,2.96204e-08,5.496678e-08,3.9541832e-08,6.5350203e-08,1.2845200499999998e-07,2.9172565e-07,CDRIA-2050-noCR,1500Mt-noCostDecrease,NE,missing,biogas_peak_steam/CT,missing,missing,missing,missing,missing,missing,missing,missing,EJ
2013,0.0,0.0,7.1595e-08,2.0615676000000001e-07,2.5531110200000003e-06,1.26799953e-06,4.69044004e-06,6.631971289999999e-05,4.26057758e-05,CDRIA-2050-noCR,1500Mt-noCostDecrease,NE,missing,biogas_subpeak_CC,missing,missing,missing,missing,missing,missing,missing,missing,EJ
2014,0.0,0.0,0.0,4.16969e-08,5.8078979e-07,3.4280789e-07,1.22479123e-06,1.94678451e-05,1.91985903e-05,CDRIA-2050-noCR,1500Mt-noCostDecrease,NE,missing,biogas_subpeak_CC_CCS,missing,missing,missing,missing,missing,missing,missing,missing,EJ
2015,0.0,0.0,4.8733940000000006e-08,1.33776028e-07,1.6520923019999996e-06,6.53748531e-07,2.7638356859999998e-06,4.0751882222e-05,1.2138806092e-05,CDRIA-2050-noCR,1500Mt-noCostDecrease,NE,missing,biogas_subpeak_steam/CT,missing,missing,missing,missing,missing,missing,missing,missing,EJ
2016,0.0,0.0,1.042517e-05,1.348181e-05,6.005984e-05,0.00020128609,0.00022305171000000005,0.00034694923,0.00030918949,CDRIA-2050-noCR,1500Mt-noCostDecrease,NE,missing,biomass_base_IGCC,missing,missing,missing,missing,missing,missing,missing,missing,EJ
2017,0.0,0.0,0.0,3.9517e-06,5.060431e-05,0.0004001902,0.0005043626,0.00202706586,0.00291134759,CDRIA-2050-noCR,1500Mt-noCostDecrease,NE,missing,biomass_base_IGCC_CCS,missing,missing,missing,missing,missing,missing,missing,missing,EJ
2018,0.0,6.54007e-05,2.832002e-05,2.849727e-05,0.00010391292,0.00031633689,0.0003024166,0.00041454962,0.000298319222,CDRIA-2050-noCR,1500Mt-noCostDecrease,NE,missing,biomass_base_conv,missing,missing,missing,missing,missing,missing,missing,missing,EJ
2019,0.0,0.0,0.0,4.4833e-06,7.294446e-05,0.0008920050899999999,0.0011073381999999,0.00913055503,0.0139864832,CDRIA-2050-noCR,1500Mt-noCostDecrease,NE,missing,biomass_base_conv_CCS,missing,missing,missing,missing,missing,missing,missing,missing,EJ
2020,0.0,0.0,3.08762e-06,4.801916e-06,1.0182388e-05,2.712571e-05,3.3934734e-05,8.814094999999999e-05,0.000125625633,CDRIA-2050-noCR,1500Mt-noCostDecrease,NE,missing,biomass_int_IGCC,missing,missing,missing,missing,missing,missing,missing,missing,EJ
2021,0.0,0.0,0.0,8.06057e-07,4.061723e-06,1.7793237e-05,2.3756557e-05,8.9043296e-05,0.00013944927500000005,CDRIA-2050-noCR,1500Mt-noCostDecrease,NE,missing,biomass_int_IGCC_CCS,missing,missing,missing,missing,missing,missing,missing,missing,EJ
2022,0.0,6.54006e-05,5.081191e-05,5.927162999999999e-05,6.051230999999999e-05,0.0001078786,0.00011203217,0.00022218159,0.00028265119000000003,CDRIA-2050-noCR,1500Mt-noCostDecrease,NE,missing,biomass_int_conv,missing,missing,missing,missing,missing,missing,missing,missing,EJ
2023,0.0,0.0,0.0,1.2198e-06,6.7838e-06,3.414654e-05,4.541424e-05,0.00019367448,0.00030661447,CDRIA-2050-noCR,1500Mt-noCostDecrease,NE,missing,biomass_int_conv_CCS,missing,missing,missing,missing,missing,missing,missing,missing,EJ
2024,0.0,0.0,0.0,0.000257777,0.001242654,0.003119324,0.0036638589999999,0.004821767,0.005300524,CDRIA-2050-noCR,1500Mt-noCostDecrease,NE,missing,coal_base_IGCC_CCS,missing,missing,missing,missing,missing,missing,missing,missing,EJ
2025,0.0258685899999999,0.04462245,0.0,0.0,0.0,0.0,0.0,0.0,0.0,CDRIA-2050-noCR,1500Mt-noCostDecrease,NE,missing,coal_base_conv pul,missing,missing,missing,missing,missing,missing,missing,missing,EJ
2026,0.0,0.0,7.026485e-05,6.677671000000001e-05,3.513641e-05,5.4050310000000006e-06,0.0,0.0,0.0,CDRIA-2050-noCR,1500Mt-noCostDecrease,NE,missing,coal_base_conv pul 1956-1960,missing,missing,missing,missing,missing,missing,missing,missing,EJ
2027,0.0,0.0,0.003578103,0.003534353,0.002156515,0.0004913599,0.00029226940000000003,0.0,0.0,CDRIA-2050-noCR,1500Mt-noCostDecrease,NE,missing,coal_base_conv pul 1961-1965,missing,missing,missing,missing,missing,missing,missing,missing,EJ
2028,0.0,0.0,0.002197736,0.002190377,0.001389099,0.0003670198,0.0003233547,7.72188e-06,0.0,CDRIA-2050-noCR,1500Mt-noCostDecrease,NE,missing,coal_base_conv pul 1966-1970,missing,missing,missing,missing,missing,missing,missing,missing,EJ
2029,0.0,0.0,0.01952462,0.01950635,0.0125043599999999,0.003461655,0.00366119,0.0001476921,7.09891e-05,CDRIA-2050-noCR,1500Mt-noCostDecrease,NE,missing,coal_base_conv pul 1976-1980,missing,missing,missing,missing,missing,missing,missing,missing,EJ
2030,0.0,0.0,0.0106872799999999,0.01067842,0.0068485,0.001899839,0.002027859,8.50377e-05,4.690169e-05,CDRIA-2050-noCR,1500Mt-noCostDecrease,NE,missing,coal_base_conv pul 1981-1985,missing,missing,missing,missing,missing,missing,missing,missing,EJ
2031,0.0,0.0,0.0001076061,0.0001075229,6.89758e-05,1.915571e-05,2.054775e-05,8.8053e-07,5.307121e-07,CDRIA-2050-noCR,1500Mt-noCostDecrease,NE,missing,coal_base_conv pul 1986-1990,missing,missing,missing,missing,missing,missing,missing,missing,EJ
2032,0.0,0.0,0.01100811,0.01099976,0.00705684,0.001960427,0.00210587,9.08167e-05,5.628712000000001e-05,CDRIA-2050-noCR,1500Mt-noCostDecrease,NE,missing,coal_base_conv pul 2006-2010,missing,missing,missing,missing,missing,missing,missing,missing,EJ
2033,0.0,0.0,0.002235494,0.002233808,0.001433083,0.0003981175,0.0004276557,1.844293e-05,1.143101e-05,CDRIA-2050-noCR,1500Mt-noCostDecrease,NE,missing,coal_base_conv pul 2011-2015,missing,missing,missing,missing,missing,missing,missing,missing,EJ
2034,0.0,0.0,0.0,0.000318995,0.001437537,0.003439371,0.003999948,0.005100542,0.005533188,CDRIA-2050-noCR,1500Mt-noCostDecrease,NE,missing,coal_base_conv pul_CCS,missing,missing,missing,missing,missing,missing,missing,missing,EJ
2035,0.000984838,0.001698814,0.0,0.0,0.0,0.0,0.0,0.0,0.0,CDRIA-2050-noCR,1500Mt-noCostDecrease,NE,missing,coal_base_conv pul_retire_2020,missing,missing,missing,missing,missing,missing,missing,missing,EJ
2036,0.0,0.0,0.0,3.614e-05,0.0001103623,0.0002809857,0.0003432225,0.0007218312999999999,0.0009613324,CDRIA-2050-noCR,1500Mt-noCostDecrease,NE,missing,coal_int_IGCC_CCS,missing,missing,missing,missing,missing,missing,missing,missing,EJ
2037,0.0213022,0.03415092,0.0,0.0,0.0,0.0,0.0,0.0,0.0,CDRIA-2050-noCR,1500Mt-noCostDecrease,NE,missing,coal_int_conv pul,missing,missing,missing,missing,missing,missing,missing,missing,EJ
2038,0.0,0.0,5.410314e-05,5.145353e-05,3.771897e-05,1.249993e-05,0.0,0.0,0.0,CDRIA-2050-noCR,1500Mt-noCostDecrease,NE,missing,coal_int_conv pul 1956-1960,missing,missing,missing,missing,missing,missing,missing,missing,EJ
2039,0.0,0.0,0.002755104,0.002723335,0.002315022,0.00113634,0.0007078999999999999,0.0,0.0,CDRIA-2050-noCR,1500Mt-noCostDecrease,NE,missing,coal_int_conv pul 1961-1965,missing,missing,missing,missing,missing,missing,missing,missing,EJ
2040,0.0,0.0,0.0016922349999999,0.001687757,0.001491196,0.0008487859999999999,0.00078319,0.0002458614,0.0,CDRIA-2050-noCR,1500Mt-noCostDecrease,NE,missing,coal_int_conv pul 1966-1970,missing,missing,missing,missing,missing,missing,missing,missing,EJ
2041,0.0,0.0,0.01503373,0.01503029,0.01342349,0.00800558,0.00886768,0.004702431,0.00323189,CDRIA-2050-noCR,1500Mt-noCostDecrease,NE,missing,coal_int_conv pul 1976-1980,missing,missing,missing,missing,missing,missing,missing,missing,EJ
2042,0.0,0.0,0.00822908,0.00822805,0.00735187,0.004393654,0.00491163,0.00270756,0.002135271,CDRIA-2050-noCR,1500Mt-noCostDecrease,NE,missing,coal_int_conv pul 1981-1985,missing,missing,missing,missing,missing,missing,missing,missing,EJ
2043,0.0,0.0,8.28555e-05,8.28496e-05,7.404550000000001e-05,4.43004e-05,4.976822e-05,2.803573e-05,2.416151e-05,CDRIA-2050-noCR,1500Mt-noCostDecrease,NE,missing,coal_int_conv pul 1986-1990,missing,missing,missing,missing,missing,missing,missing,missing,EJ
2044,0.0,0.0,0.00847612,0.00847566,0.00757552,0.004533761,0.0051005789999999,0.002891561,0.002562558,CDRIA-2050-noCR,1500Mt-noCostDecrease,NE,missing,coal_int_conv pul 2006-2010,missing,missing,missing,missing,missing,missing,missing,missing,EJ
2045,0.0,0.0,0.001721312,0.001721215,0.001538416,0.000920706,0.001035815,0.0005872147,0.0005204141,CDRIA-2050-noCR,1500Mt-noCostDecrease,NE,missing,coal_int_conv pul 2011-2015,missing,missing,missing,missing,missing,missing,missing,missing,EJ
2046,0.0,0.0,0.0,4.65095e-05,0.0001344842,0.0003240432,0.0003900806,0.0007737056000000001,0.0010092415,CDRIA-2050-noCR,1500Mt-noCostDecrease,NE,missing,coal_int_conv pul_CCS,missing,missing,missing,missing,missing,missing,missing,missing,EJ
2047,0.0008109899999999999,0.0013001459999999,0.0,0.0,0.0,0.0,0.0,0.0,0.0,CDRIA-2050-noCR,1500Mt-noCostDecrease,NE,missing,coal_int_conv pul_retire_2020,missing,missing,missing,missing,missing,missing,missing,missing,EJ
2048,0.0002559737,0.0,0.0,0.0,0.0,0.0,0.0,0.0,0.0,CDRIA-2050-noCR,1500Mt-noCostDecrease,NE,missing,coal_peak_conv pul,missing,missing,missing,missing,missing,missing,missing,missing,EJ
2049,9.74509e-06,0.0,0.0,0.0,0.0,0.0,0.0,0.0,0.0,CDRIA-2050-noCR,1500Mt-noCostDecrease,NE,missing,coal_peak_conv pul_retire_2020,missing,missing,missing,missing,missing,missing,missing,missing,EJ
2050,0.001674584,0.0,0.0,0.0,0.0,0.0,0.0,0.0,0.0,CDRIA-2050-noCR,1500Mt-noCostDecrease,NE,missing,coal_subpeak_conv pul,missing,missing,missing,missing,missing,missing,missing,missing,EJ
2051,6.375272e-05,0.0,0.0,0.0,0.0,0.0,0.0,0.0,0.0,CDRIA-2050-noCR,1500Mt-noCostDecrease,NE,missing,coal_subpeak_conv pul_retire_2020,missing,missing,missing,missing,missing,missing,missing,missing,EJ
2052,0.000167405,0.000515606,0.0029805699999999,0.005003121,0.010950421,0.016192896,0.0169811936999999,0.008815488,0.0059824849299999,CDRIA-2050-noCR,1500Mt-noCostDecrease,NE,missing,gas_base_CC,missing,missing,missing,missing,missing,missing,missing,missing,EJ
2053,0.0,0.0,0.0,0.000638374,0.004444568,0.01160807,0.0134686429999999,0.017241679,0.018073498,CDRIA-2050-noCR,1500Mt-noCostDecrease,NE,missing,gas_base_CC_CCS,missing,missing,missing,missing,missing,missing,missing,missing,EJ
2054,4.59012e-05,0.000141201,0.00369178,0.00527809,0.008057541,0.011844751,0.0131410089999999,0.018557743,0.02131168,CDRIA-2050-noCR,1500Mt-noCostDecrease,NE,missing,gas_int_CC,missing,missing,missing,missing,missing,missing,missing,missing,EJ
2055,0.0,0.0,0.0,0.000287756,0.001132592,0.002916142,0.003551601,0.007218767,0.009422557,CDRIA-2050-noCR,1500Mt-noCostDecrease,NE,missing,gas_int_CC_CCS,missing,missing,missing,missing,missing,missing,missing,missing,EJ
2056,8.26057e-05,0.00032761,9.662667e-05,8.8275643e-05,7.3616965e-05,5.9776636000000005e-05,4.8106381000000006e-05,3.6531511e-05,2.7251981e-05,CDRIA-2050-noCR,1500Mt-noCostDecrease,NE,missing,gas_peak_CC,missing,missing,missing,missing,missing,missing,missing,missing,EJ
2057,0.0,0.0,0.0,2.57788e-08,5.76264e-08,8.03353e-08,1.187191e-07,1.908892e-07,3.6327690000000004e-07,CDRIA-2050-noCR,1500Mt-noCostDecrease,NE,missing,gas_peak_CC_CCS,missing,missing,missing,missing,missing,missing,missing,missing,EJ
2058,6.12042e-05,0.000115203,4.87635e-05,4.21122e-05,2.04804e-05,1.51665e-05,1.30623e-05,9.88626e-06,6.17902e-06,CDRIA-2050-noCR,1500Mt-noCostDecrease,NE,missing,gas_peak_steam/CT,missing,missing,missing,missing,missing,missing,missing,missing,EJ
2059,0.00043391,0.00172072,0.0001297593,0.00012898434,0.00013266092,0.00012000811,0.00013470716,0.00046063475,0.00050695655,CDRIA-2050-noCR,1500Mt-noCostDecrease,NE,missing,gas_subpeak_CC,missing,missing,missing,missing,missing,missing,missing,missing,EJ
2060,0.0,0.0,0.0,9.5182e-07,3.603108e-06,4.574136e-06,8.919706e-06,7.2967744e-05,8.7492873e-05,CDRIA-2050-noCR,1500Mt-noCostDecrease,NE,missing,gas_subpeak_CC_CCS,missing,missing,missing,missing,missing,missing,missing,missing,EJ
2061,0.000321407,0.000605307,6.03402e-05,5.35876e-05,2.73215e-05,1.94892e-05,1.66318e-05,1.31831e-05,8.35524e-06,CDRIA-2050-noCR,1500Mt-noCostDecrease,NE,missing,gas_subpeak_steam/CT,missing,missing,missing,missing,missing,missing,missing,missing,EJ
2062,0.0038691,0.0032041,0.0072298,0.0072187,0.0072108,0.0072119,0.0071957,0.0071354,0.0071433,CDRIA-2050-noCR,1500Mt-noCostDecrease,NE,missing,hydro_base,missing,missing,missing,missing,missing,missing,missing,missing,EJ
2063,0.0286641,0.0328516,0.0387099,0.0386272,0.027285,0.0,0.0,0.0,0.0,CDRIA-2050-noCR,1500Mt-noCostDecrease,NE,missing,nuc_base_Gen II,missing,missing,missing,missing,missing,missing,missing,missing,EJ
2064,0.0,0.0,0.0,0.0,0.00429029,0.01294075,0.0152438199999999,0.02083388,0.02314658,CDRIA-2050-noCR,1500Mt-noCostDecrease,NE,missing,nuc_base_Gen III,missing,missing,missing,missing,missing,missing,missing,missing,EJ
2065,0.0,0.0,1.14664e-05,8.74868e-06,2.883283e-06,3.277152e-06,2.876709e-06,2.899381e-06,1.940243e-06,CDRIA-2050-noCR,1500Mt-noCostDecrease,NE,missing,refined liquids_peak_steam/CT,missing,missing,missing,missing,missing,missing,missing,missing,EJ
2066,6.400154e-05,0.0001400017,1.258663e-05,1.05776e-05,3.316771e-06,3.490037e-06,3.033243e-06,3.178295e-06,2.142724e-06,CDRIA-2050-noCR,1500Mt-noCostDecrease,NE,missing,refined liquids_subpeak_steam/CT,missing,missing,missing,missing,missing,missing,missing,missing,EJ
2067,0.0,0.0,9.03251e-05,0.000978017,0.00309623,0.00406207,0.00464646,0.00372515,0.00422082,CDRIA-2050-noCR,1500Mt-noCostDecrease,NE,missing,rooftop_pv,missing,missing,missing,missing,missing,missing,missing,missing,EJ
2068,0.0,0.000209502,0.00954149,0.01410397,0.03540427,0.06125297,0.06876907,0.0887882899999999,0.09767488,CDRIA-2050-noCR,1500Mt-noCostDecrease,NE,missing,wind_base,missing,missing,missing,missing,missing,missing,missing,missing,EJ
2069,0.0,0.0,6.42883e-05,0.0001644743,0.0007539743,0.0018697243,0.0021681653,0.0029167713,0.003159991,CDRIA-2050-noCR,1500Mt-noCostDecrease,NE,missing,wind_base_storage,missing,missing,missing,missing,missing,missing,missing,missing,EJ
2070,0.0,8.73008e-05,0.00289911,0.00289911,0.00289911,0.00289911,0.00289911,0.0,0.0,CDRIA-2050-noCR,1500Mt-noCostDecrease,NE,missing,wind_int,missing,missing,missing,missing,missing,missing,missing,missing,EJ
2071,0.0,5.24006e-05,0.00173944,0.00173944,0.00173944,0.00173944,0.00173944,0.0,0.0,CDRIA-2050-noCR,1500Mt-noCostDecrease,NE,missing,wind_subpeak,missing,missing,missing,missing,missing,missing,missing,missing,EJ
2072,0.0,0.0,4.97895e-05,0.0001373224,0.0003888844,0.0006785783999999999,0.0008437333999999999,0.0012105863999999,0.0014020268999999,CDRIA-2050-noCR,1500Mt-noCostDecrease,NV,missing,CSP_base_storage,missing,missing,missing,missing,missing,missing,missing,missing,EJ
2073,0.0,0.0,0.001003132,0.0019603019999999,0.0046473619999999,0.009736982,0.012319402,0.017355902,0.02399671,CDRIA-2050-noCR,1500Mt-noCostDecrease,NV,missing,CSP_int,missing,missing,missing,missing,missing,missing,missing,missing,EJ
2074,0.0,0.0,0.0001844312,0.0002902146,0.0005708146,0.0009156186,0.0011357466,0.0014899466,0.0020938474,CDRIA-2050-noCR,1500Mt-noCostDecrease,NV,missing,CSP_peak,missing,missing,missing,missing,missing,missing,missing,missing,EJ
2075,0.0001705032,0.0001532016,0.001816378,0.002406518,0.00393516,0.005934012,0.007307778,0.010728772,0.01422378,CDRIA-2050-noCR,1500Mt-noCostDecrease,NV,missing,CSP_subpeak,missing,missing,missing,missing,missing,missing,missing,missing,EJ
2076,0.0,0.0,7.8101e-06,2.29143e-05,6.791149999999999e-05,0.00012098679999999998,0.0001517324,0.0002207578,0.0002586601,CDRIA-2050-noCR,1500Mt-noCostDecrease,NV,missing,PV_base_storage,missing,missing,missing,missing,missing,missing,missing,missing,EJ
2077,0.0,0.0,0.00502958,0.00999541,0.0210610099999999,0.0342856099999999,0.0400511399999999,0.0491571899999999,0.05736221,CDRIA-2050-noCR,1500Mt-noCostDecrease,NV,missing,PV_int,missing,missing,missing,missing,missing,missing,missing,missing,EJ
2078,0.0,0.0,0.000924715,0.001473523,0.002629063,0.003524984,0.004016444,0.004656842,0.005097037,CDRIA-2050-noCR,1500Mt-noCostDecrease,NV,missing,PV_peak,missing,missing,missing,missing,missing,missing,missing,missing,EJ
2079,0.0,0.0,0.01214371,0.01520537,0.02150048,0.0266941999999999,0.02976127,0.02998842,0.0330687,CDRIA-2050-noCR,1500Mt-noCostDecrease,NV,missing,PV_subpeak,missing,missing,missing,missing,missing,missing,missing,missing,EJ
2080,0.0,0.0,2.21883e-05,4.6058555e-05,0.000143214219,0.0001797567,0.000112951273,0.00024708786,0.000167560527,CDRIA-2050-noCR,1500Mt-noCostDecrease,NV,missing,biogas_base_CC,missing,missing,missing,missing,missing,missing,missing,missing,EJ
2081,0.0,0.0,0.0,2.46314e-05,0.000101168524,0.000169498557,0.000109003365,0.000328728326,0.000246697639,CDRIA-2050-noCR,1500Mt-noCostDecrease,NV,missing,biogas_base_CC_CCS,missing,missing,missing,missing,missing,missing,missing,missing,EJ
2082,0.0,0.0,0.000160647,0.00011124092,0.00025414108,0.0005171244,0.00034600349999999995,0.0006590305000000001,0.0009294678,CDRIA-2050-noCR,1500Mt-noCostDecrease,NV,missing,biogas_int_CC,missing,missing,missing,missing,missing,missing,missing,missing,EJ
2083,0.0,0.0,0.0,4.0577e-05,0.00011670018,0.00029713114,0.00021711617,0.0005785616,0.0009266145,CDRIA-2050-noCR,1500Mt-noCostDecrease,NV,missing,biogas_int_CC_CCS,missing,missing,missing,missing,missing,missing,missing,missing,EJ
2084,0.0,0.0,7.55085e-07,4.44947e-07,9.8399925e-07,1.2855035e-06,8.709969e-07,1.4580172e-06,2.8775892e-06,CDRIA-2050-noCR,1500Mt-noCostDecrease,NV,missing,biogas_peak_CC,missing,missing,missing,missing,missing,missing,missing,missing,EJ
2085,0.0,0.0,0.0,6.48437e-08,1.52040856e-07,2.1099457e-07,1.4984180999999997e-07,3.1352584e-07,6.2230919e-07,CDRIA-2050-noCR,1500Mt-noCostDecrease,NV,missing,biogas_peak_CC_CCS,missing,missing,missing,missing,missing,missing,missing,missing,EJ
2086,0.0,0.0,7.02594e-07,3.88357637e-07,8.37824786e-07,1.037721129e-06,6.34373758e-07,1.059543586e-06,2.213721273e-06,CDRIA-2050-noCR,1500Mt-noCostDecrease,NV,missing,biogas_peak_steam/CT,missing,missing,missing,missing,missing,missing,missing,missing,EJ
2087,0.0,0.0,1.45748e-05,1.0440515e-05,2.3282197e-05,3.2718944e-05,2.4628386e-05,7.259656e-05,7.5274759e-05,CDRIA-2050-noCR,1500Mt-noCostDecrease,NV,missing,biogas_subpeak_CC,missing,missing,missing,missing,missing,missing,missing,missing,EJ
2088,0.0,0.0,0.0,2.10208e-06,5.2596639e-06,8.259319e-06,6.56863e-06,2.3545381e-05,2.9212232e-05,CDRIA-2050-noCR,1500Mt-noCostDecrease,NV,missing,biogas_subpeak_CC_CCS,missing,missing,missing,missing,missing,missing,missing,missing,EJ
2089,0.0,0.0,9.8648e-06,6.65714569e-06,1.468662025e-05,1.945359542e-05,1.2943271780000002e-05,4.149032911e-05,4.038665496e-05,CDRIA-2050-noCR,1500Mt-noCostDecrease,NV,missing,biogas_subpeak_steam/CT,missing,missing,missing,missing,missing,missing,missing,missing,EJ
2090,0.0,0.0,4.89085e-06,1.110587e-05,3.057495e-05,6.433581e-05,7.965383e-05,0.000167777688,0.00018522266,CDRIA-2050-noCR,1500Mt-noCostDecrease,NV,missing,biomass_base_IGCC,missing,missing,missing,missing,missing,missing,missing,missing,EJ
2091,0.0,0.0,0.0,3.95165e-06,2.600469e-05,0.00012417704,0.00018784065,0.00107308119,0.0019018870299999,CDRIA-2050-noCR,1500Mt-noCostDecrease,NV,missing,biomass_base_IGCC_CCS,missing,missing,missing,missing,missing,missing,missing,missing,EJ
2092,0.0,0.0,1.404863e-05,2.221429e-05,4.963679e-05,9.250302e-05,9.955515e-05,0.000205575318,0.000192488389,CDRIA-2050-noCR,1500Mt-noCostDecrease,NV,missing,biomass_base_conv,missing,missing,missing,missing,missing,missing,missing,missing,EJ
2093,0.0,0.0,0.0,4.51019e-06,3.71739e-05,0.00027121686,0.00040471509,0.00525039516,0.00997176186,CDRIA-2050-noCR,1500Mt-noCostDecrease,NV,missing,biomass_base_conv_CCS,missing,missing,missing,missing,missing,missing,missing,missing,EJ
2094,0.0,0.0,4.53815e-06,6.83295e-06,1.232801e-05,2.655058e-05,3.4543829999999995e-05,5.548039e-05,9.053758e-05,CDRIA-2050-noCR,1500Mt-noCostDecrease,NV,missing,biomass_int_IGCC,missing,missing,missing,missing,missing,missing,missing,missing,EJ
2095,0.0,0.0,0.0,1.128473e-06,4.4767e-06,1.6097903e-05,2.3087303e-05,4.9010925e-05,9.7250551e-05,CDRIA-2050-noCR,1500Mt-noCostDecrease,NV,missing,biomass_int_IGCC_CCS,missing,missing,missing,missing,missing,missing,missing,missing,EJ
2096,0.0,0.0,2.740068e-05,3.441487e-05,4.430394e-05,7.822735999999999e-05,9.044615e-05,0.00012933498,0.00018990876,CDRIA-2050-noCR,1500Mt-noCostDecrease,NV,missing,biomass_int_conv,missing,missing,missing,missing,missing,missing,missing,missing,EJ
2097,0.0,0.0,0.0,1.71397e-06,7.46114e-06,3.073215e-05,4.399716e-05,0.00010317764,0.00021177447,CDRIA-2050-noCR,1500Mt-noCostDecrease,NV,missing,biomass_int_conv_CCS,missing,missing,missing,missing,missing,missing,missing,missing,EJ
2098,0.0,0.0,0.0,0.000160122,0.0005581528,0.001004684,0.0012929791,0.0018665671,0.0022633276999999,CDRIA-2050-noCR,1500Mt-noCostDecrease,NV,missing,coal_base_IGCC_CCS,missing,missing,missing,missing,missing,missing,missing,missing,EJ
2099,0.0199647,0.0238826,0.0,0.0,0.0,0.0,0.0,0.0,0.0,CDRIA-2050-noCR,1500Mt-noCostDecrease,NV,missing,coal_base_conv pul,missing,missing,missing,missing,missing,missing,missing,missing,EJ
2100,0.0,0.0,0.00102441,0.0,0.0,0.0,0.0,0.0,0.0,CDRIA-2050-noCR,1500Mt-noCostDecrease,NV,missing,coal_base_conv pul 1981-1985,missing,missing,missing,missing,missing,missing,missing,missing,EJ
2101,0.0,0.0,0.000961035,0.000960204,0.000531804,6.33583e-05,7.72211e-05,5.905e-06,3.82009e-06,CDRIA-2050-noCR,1500Mt-noCostDecrease,NV,missing,coal_base_conv pul 2006-2010,missing,missing,missing,missing,missing,missing,missing,missing,EJ
2102,0.0,0.0,0.0,0.000194493,0.0006396799,0.0011065549,0.0013995091,0.00193325,0.0022923432,CDRIA-2050-noCR,1500Mt-noCostDecrease,NV,missing,coal_base_conv pul_CCS,missing,missing,missing,missing,missing,missing,missing,missing,EJ
2103,0.00138186,0.00165304,0.0,0.0,0.0,0.0,0.0,0.0,0.0,CDRIA-2050-noCR,1500Mt-noCostDecrease,NV,missing,coal_base_conv pul_retire_2020,missing,missing,missing,missing,missing,missing,missing,missing,EJ
2104,0.0,0.0,0.0,4.26222e-05,0.0001155863,0.000253687,0.0003235372,0.0004671456,0.0006863981,CDRIA-2050-noCR,1500Mt-noCostDecrease,NV,missing,coal_int_IGCC_CCS,missing,missing,missing,missing,missing,missing,missing,missing,EJ
2105,0.0295748,0.0430432,0.0,0.0,0.0,0.0,0.0,0.0,0.0,CDRIA-2050-noCR,1500Mt-noCostDecrease,NV,missing,coal_int_conv pul,missing,missing,missing,missing,missing,missing,missing,missing,EJ
2106,0.0,0.0,0.00358851,0.0,0.0,0.0,0.0,0.0,0.0,CDRIA-2050-noCR,1500Mt-noCostDecrease,NV,missing,coal_int_conv pul 1981-1985,missing,missing,missing,missing,missing,missing,missing,missing,EJ
2107,0.0,0.0,0.0033665,0.00336613,0.002949,0.00144894,0.0016999,0.000477039,0.000377851,CDRIA-2050-noCR,1500Mt-noCostDecrease,NV,missing,coal_int_conv pul 2006-2010,missing,missing,missing,missing,missing,missing,missing,missing,EJ
2108,0.0,0.0,0.0,5.44157e-05,0.0001403274,0.000292861,0.0003665983,0.0005112872,0.0007259389000000001,CDRIA-2050-noCR,1500Mt-noCostDecrease,NV,missing,coal_int_conv pul_CCS,missing,missing,missing,missing,missing,missing,missing,missing,EJ
2109,0.00204703,0.00297925,0.0,0.0,0.0,0.0,0.0,0.0,0.0,CDRIA-2050-noCR,1500Mt-noCostDecrease,NV,missing,coal_int_conv pul_retire_2020,missing,missing,missing,missing,missing,missing,missing,missing,EJ
2110,0.000798684,0.0,0.0,0.0,0.0,0.0,0.0,0.0,0.0,CDRIA-2050-noCR,1500Mt-noCostDecrease,NV,missing,coal_peak_conv pul,missing,missing,missing,missing,missing,missing,missing,missing,EJ
2111,5.52811e-05,0.0,0.0,0.0,0.0,0.0,0.0,0.0,0.0,CDRIA-2050-noCR,1500Mt-noCostDecrease,NV,missing,coal_peak_conv pul_retire_2020,missing,missing,missing,missing,missing,missing,missing,missing,EJ
2112,0.00560786,0.0,0.0,0.0,0.0,0.0,0.0,0.0,0.0,CDRIA-2050-noCR,1500Mt-noCostDecrease,NV,missing,coal_subpeak_conv pul,missing,missing,missing,missing,missing,missing,missing,missing,EJ
2113,0.00038815,0.0,0.0,0.0,0.0,0.0,0.0,0.0,0.0,CDRIA-2050-noCR,1500Mt-noCostDecrease,NV,missing,coal_subpeak_conv pul_retire_2020,missing,missing,missing,missing,missing,missing,missing,missing,EJ
2114,0.0,0.0,0.0139587117999999,0.0148111531,0.0122936315,0.0074790714,0.0074564327,0.00317682199,0.00221919939,CDRIA-2050-noCR,1500Mt-noCostDecrease,NV,missing,gas_base_CC,missing,missing,missing,missing,missing,missing,missing,missing,EJ
2115,0.0,0.0,0.0,0.0006594016,0.0018778573999999,0.0031837682,0.0039590556,0.0055171737,0.0062149002,CDRIA-2050-noCR,1500Mt-noCostDecrease,NV,missing,gas_base_CC_CCS,missing,missing,missing,missing,missing,missing,missing,missing,EJ
2116,0.005600472,0.0472369699999999,0.068098655,0.0650481816,0.0563038626,0.0471773598999999,0.0415930293,0.0310689776,0.0264766876999999,CDRIA-2050-noCR,1500Mt-noCostDecrease,NV,missing,gas_int_CC,missing,missing,missing,missing,missing,missing,missing,missing,EJ
2117,0.0,0.0,0.0,0.0004455561,0.0010847358,0.0022102133,0.0027621299,0.0038462341,0.005411672,CDRIA-2050-noCR,1500Mt-noCostDecrease,NV,missing,gas_int_CC_CCS,missing,missing,missing,missing,missing,missing,missing,missing,EJ
2118,0.00015309414,0.0016629475,0.001213413005,0.0011020090104999,0.0008848814886,0.0006498843271000002,0.0005261676389,0.0002997367055,0.0001903104038,CDRIA-2050-noCR,1500Mt-noCostDecrease,NV,missing,gas_peak_CC,missing,missing,missing,missing,missing,missing,missing,missing,EJ
2119,0.0,0.0,0.0,1.5609268e-07,3.7408915e-07,6.453497100000001e-07,8.090272399999999e-07,1.09475383e-06,1.70779378e-06,CDRIA-2050-noCR,1500Mt-noCostDecrease,NV,missing,gas_peak_CC_CCS,missing,missing,missing,missing,missing,missing,missing,missing,EJ
2120,0.00011339511,0.0005849162,0.000563533062,0.0004804511882,0.0002151842026,0.0001045963193,9.35096765e-05,3.35339015e-05,2.179478566e-05,CDRIA-2050-noCR,1500Mt-noCostDecrease,NV,missing,gas_peak_steam/CT,missing,missing,missing,missing,missing,missing,missing,missing,EJ
2121,0.0010699204,0.011621844,0.0066008502199999,0.0060696866099999,0.00509159097,0.00399441129,0.00330971828,0.002227569917,0.001640693851,CDRIA-2050-noCR,1500Mt-noCostDecrease,NV,missing,gas_subpeak_CC,missing,missing,missing,missing,missing,missing,missing,missing,EJ
2122,0.0,0.0,0.0,7.557883e-06,1.8348507e-05,3.2326714e-05,4.1516433e-05,7.2157378e-05,0.000101715781,CDRIA-2050-noCR,1500Mt-noCostDecrease,NV,missing,gas_subpeak_CC_CCS,missing,missing,missing,missing,missing,missing,missing,missing,EJ
2123,0.0007926157,0.004087841,0.00334693804,0.00294802315,0.00158688419,0.00090216594,0.0008381266499999999,0.0004305554829999999,0.00032165814100000004,CDRIA-2050-noCR,1500Mt-noCostDecrease,NV,missing,gas_subpeak_steam/CT,missing,missing,missing,missing,missing,missing,missing,missing,EJ
2124,0.00284308,0.00519139,0.0164686699999999,0.01954222,0.0254334999999999,0.0320305299999999,0.0357267499999999,0.0312197499999999,0.03343461,CDRIA-2050-noCR,1500Mt-noCostDecrease,NV,missing,geo_base,missing,missing,missing,missing,missing,missing,missing,missing,EJ
2125,0.00444011,0.006259,0.0097148,0.0096999,0.0096893,0.0096907,0.009669,0.0095879,0.0095986,CDRIA-2050-noCR,1500Mt-noCostDecrease,NV,missing,hydro_base,missing,missing,missing,missing,missing,missing,missing,missing,EJ
2126,0.00144819,0.0,0.0,0.0,0.0,0.0,0.0,0.0,0.0,CDRIA-2050-noCR,1500Mt-noCostDecrease,NV,missing,hydro_int,missing,missing,missing,missing,missing,missing,missing,missing,EJ
2127,0.0,0.0,6.482557e-06,7.72336e-06,3.468765e-06,1.66679e-06,1.3630359999999998e-06,3.087019e-07,1.582524e-07,CDRIA-2050-noCR,1500Mt-noCostDecrease,NV,missing,refined liquids_base_steam/CT,missing,missing,missing,missing,missing,missing,missing,missing,EJ
2128,0.000929029,7.59002e-05,0.0,0.0,0.0,0.0,0.0,0.0,0.0,CDRIA-2050-noCR,1500Mt-noCostDecrease,NV,missing,refined liquids_int_steam/CT,missing,missing,missing,missing,missing,missing,missing,missing,EJ
2129,0.0,0.0,0.0,0.0,0.0,0.0,0.0,0.0,0.0,CDRIA-2050-noCR,1500Mt-noCostDecrease,NV,missing,refined liquids_peak_steam/CT,missing,missing,missing,missing,missing,missing,missing,missing,EJ
2130,0.0002323047,1.900015e-05,0.0,0.0,0.0,0.0,0.0,0.0,0.0,CDRIA-2050-noCR,1500Mt-noCostDecrease,NV,missing,refined liquids_subpeak_steam/CT,missing,missing,missing,missing,missing,missing,missing,missing,EJ
2131,0.0,0.0,0.00161212,0.0119908,0.0140935,0.0170342,0.0206249,0.0205111,0.0208503,CDRIA-2050-noCR,1500Mt-noCostDecrease,NV,missing,rooftop_pv,missing,missing,missing,missing,missing,missing,missing,missing,EJ
2132,0.0,0.0,0.002060069,0.0055821989999999,0.015153639,0.025430239,0.031400489,0.042977829,0.05040814,CDRIA-2050-noCR,1500Mt-noCostDecrease,NV,missing,wind_base,missing,missing,missing,missing,missing,missing,missing,missing,EJ
2133,0.0,0.0,2.10831e-05,9.42237e-05,0.0003012127,0.0005408957,0.0006797147,0.0009872027,0.0011688716,CDRIA-2050-noCR,1500Mt-noCostDecrease,NV,missing,wind_base_storage,missing,missing,missing,missing,missing,missing,missing,missing,EJ
2134,0.0,0.0,2.04019e-05,3.05264e-05,5.53413e-05,0.0001015379,0.0001245095,0.0001677092,0.000184577,CDRIA-2050-noCR,1500Mt-noCostDecrease,NH,missing,PV_base_storage,missing,missing,missing,missing,missing,missing,missing,missing,EJ
2135,0.0,0.0,0.000601784,0.001634694,0.004128964,0.006279514,0.007808114,0.0100868939999999,0.01060168,CDRIA-2050-noCR,1500Mt-noCostDecrease,NH,missing,PV_int,missing,missing,missing,missing,missing,missing,missing,missing,EJ
2136,0.0,0.0,2.65936e-05,5.29018e-05,0.000103993,0.0001411769,0.0001618405,0.0002081451,0.0002184806,CDRIA-2050-noCR,1500Mt-noCostDecrease,NH,missing,PV_peak,missing,missing,missing,missing,missing,missing,missing,missing,EJ
2137,0.0,0.0,0.000100065,0.000250523,0.000551083,0.000781054,0.000917575,0.001416219,0.001486383,CDRIA-2050-noCR,1500Mt-noCostDecrease,NH,missing,PV_subpeak,missing,missing,missing,missing,missing,missing,missing,missing,EJ
2138,0.0,0.0,9.78433e-05,5.223212e-05,0.00013264615,0.0002618836,0.00015289771,0.0002617834,0.000234340974,CDRIA-2050-noCR,1500Mt-noCostDecrease,NH,missing,biogas_base_CC,missing,missing,missing,missing,missing,missing,missing,missing,EJ
2139,0.0,0.0,0.0,2.67817e-05,8.863544e-05,0.00022943543,0.00013672137,0.00032114127,0.00031722813000000004,CDRIA-2050-noCR,1500Mt-noCostDecrease,NH,missing,biogas_base_CC_CCS,missing,missing,missing,missing,missing,missing,missing,missing,EJ
2140,0.0,0.0,2.97299e-05,3.408479e-05,9.095287e-05,0.00016273474000000002,0.00021210736,0.0003938681000000001,0.0004089768,CDRIA-2050-noCR,1500Mt-noCostDecrease,NH,missing,biogas_int_CC,missing,missing,missing,missing,missing,missing,missing,missing,EJ
2141,0.0,0.0,0.0,1.21655e-05,4.063924e-05,8.782509e-05,0.00011966666,0.00028335376,0.00033545136000000004,CDRIA-2050-noCR,1500Mt-noCostDecrease,NH,missing,biogas_int_CC_CCS,missing,missing,missing,missing,missing,missing,missing,missing,EJ
2142,0.0,0.0,3.66406e-08,3.376798e-08,7.421915e-08,1.0323662000000001e-07,1.0356955e-07,2.5025384e-07,2.7732794e-07,CDRIA-2050-noCR,1500Mt-noCostDecrease,NH,missing,biogas_peak_CC,missing,missing,missing,missing,missing,missing,missing,missing,EJ
2143,0.0,0.0,0.0,4.96283e-09,1.1534427e-08,1.6969059e-08,1.7637009e-08,5.151445e-08,6.679300999999999e-08,CDRIA-2050-noCR,1500Mt-noCostDecrease,NH,missing,biogas_peak_CC_CCS,missing,missing,missing,missing,missing,missing,missing,missing,EJ
2144,0.0,0.0,3.3378059999999995e-08,2.8624470000000003e-08,6.09715e-08,7.5413661e-08,5.7492523e-08,1.56875721e-07,1.40068041e-07,CDRIA-2050-noCR,1500Mt-noCostDecrease,NH,missing,biogas_peak_steam/CT,missing,missing,missing,missing,missing,missing,missing,missing,EJ
2145,0.0,0.0,6.12857e-07,8.129615000000001e-07,1.8324595e-06,2.7507152000000003e-06,3.096971e-06,1.03865e-05,8.477227e-06,CDRIA-2050-noCR,1500Mt-noCostDecrease,NH,missing,biogas_subpeak_CC,missing,missing,missing,missing,missing,missing,missing,missing,EJ
2146,0.0,0.0,0.0,1.66325e-07,4.1693107e-07,6.931316e-07,8.093557000000001e-07,3.2325893e-06,3.3747136e-06,CDRIA-2050-noCR,1500Mt-noCostDecrease,NH,missing,biogas_subpeak_CC_CCS,missing,missing,missing,missing,missing,missing,missing,missing,EJ
2147,0.0,0.0,4.055812e-07,5.077919260000001e-07,1.118633872e-06,1.466274378e-06,1.2208904299999998e-06,5.21029544e-06,2.36708168e-06,CDRIA-2050-noCR,1500Mt-noCostDecrease,NH,missing,biogas_subpeak_steam/CT,missing,missing,missing,missing,missing,missing,missing,missing,EJ
2148,0.0,0.0,0.0001113021,0.00012422924,0.00018057279,0.00030327458,0.0003582695,0.0004934156100000001,0.00060373212,CDRIA-2050-noCR,1500Mt-noCostDecrease,NH,missing,biomass_base_IGCC,missing,missing,missing,missing,missing,missing,missing,missing,EJ
2149,0.0,0.0,0.0,1.388516e-05,6.116982e-05,0.00030823986,0.00042905155,0.0014121044,0.0024238395399999,CDRIA-2050-noCR,1500Mt-noCostDecrease,NH,missing,biomass_base_IGCC_CCS,missing,missing,missing,missing,missing,missing,missing,missing,EJ
2150,0.001915337,0.001736313,0.001026225,0.0011681867,0.0013884943,0.0015512526,0.0013620032,0.0009807183,0.0008897544000000001,CDRIA-2050-noCR,1500Mt-noCostDecrease,NH,missing,biomass_base_conv,missing,missing,missing,missing,missing,missing,missing,missing,EJ
2151,0.0,0.0,0.0,1.49945e-05,7.95355e-05,0.0005842991,0.0008029310999999999,0.004402358,0.0079915526,CDRIA-2050-noCR,1500Mt-noCostDecrease,NH,missing,biomass_base_conv_CCS,missing,missing,missing,missing,missing,missing,missing,missing,EJ
2152,0.0,0.0,6.23004e-05,9.185108e-05,0.00014158472,0.00021003363,0.00026935917,0.00037446631,0.0004254571400000001,CDRIA-2050-noCR,1500Mt-noCostDecrease,NH,missing,biomass_int_IGCC,missing,missing,missing,missing,missing,missing,missing,missing,EJ
2153,0.0,0.0,0.0,1.245212e-05,4.007316e-05,9.158003e-05,0.00013661462999999997,0.00025292548,0.00031422419,CDRIA-2050-noCR,1500Mt-noCostDecrease,NH,missing,biomass_int_IGCC_CCS,missing,missing,missing,missing,missing,missing,missing,missing,EJ
2154,0.001915336,0.001736311,0.002323882,0.0023514839999999,0.0023009792,0.0024473787,0.0022978755,0.0021824537,0.0019236365,CDRIA-2050-noCR,1500Mt-noCostDecrease,NH,missing,biomass_int_conv,missing,missing,missing,missing,missing,missing,missing,missing,EJ
2155,0.0,0.0,0.0,1.81881e-05,6.35012e-05,0.000161008,0.0002416272,0.0004871898,0.0006135413,CDRIA-2050-noCR,1500Mt-noCostDecrease,NH,missing,biomass_int_conv_CCS,missing,missing,missing,missing,missing,missing,missing,missing,EJ
2156,0.0,0.0,0.0,0.00011410269999999998,0.0003640562,0.0008101134,0.001039704,0.0013653874999999,0.0016666743,CDRIA-2050-noCR,1500Mt-noCostDecrease,NH,missing,coal_base_IGCC_CCS,missing,missing,missing,missing,missing,missing,missing,missing,EJ
2157,0.0063822,0.0091983,0.0,0.0,0.0,0.0,0.0,0.0,0.0,CDRIA-2050-noCR,1500Mt-noCostDecrease,NH,missing,coal_base_conv pul,missing,missing,missing,missing,missing,missing,missing,missing,EJ
2158,0.0,0.0,0.000163903,0.00014021,4.78119e-05,0.0,0.0,0.0,0.0,CDRIA-2050-noCR,1500Mt-noCostDecrease,NH,missing,coal_base_conv pul 1951-1955,missing,missing,missing,missing,missing,missing,missing,missing,EJ
2159,0.0,0.0,0.000841612,0.000815655,0.000404681,6.0865e-05,0.0,0.0,0.0,CDRIA-2050-noCR,1500Mt-noCostDecrease,NH,missing,coal_base_conv pul 1956-1960,missing,missing,missing,missing,missing,missing,missing,missing,EJ
2160,0.0,0.0,0.00144796,0.00143945,0.000793407,0.000169544,0.000169658,8.69387e-06,0.0,CDRIA-2050-noCR,1500Mt-noCostDecrease,NH,missing,coal_base_conv pul 1966-1970,missing,missing,missing,missing,missing,missing,missing,missing,EJ
2161,0.0,0.0,0.0,0.0001253853,0.0003797872,0.0008096698999999999,0.0010184284,0.0012570267,0.0014871702999999,CDRIA-2050-noCR,1500Mt-noCostDecrease,NH,missing,coal_base_conv pul_CCS,missing,missing,missing,missing,missing,missing,missing,missing,EJ
2162,0.00267859,0.0038605,0.0,0.0,0.0,0.0,0.0,0.0,0.0,CDRIA-2050-noCR,1500Mt-noCostDecrease,NH,missing,coal_base_conv pul_retire_2020,missing,missing,missing,missing,missing,missing,missing,missing,EJ
2163,0.0,0.0,0.0,1.018014e-05,3.382928e-05,6.786459e-05,0.00010076275000000002,0.00016228644,0.00019532004,CDRIA-2050-noCR,1500Mt-noCostDecrease,NH,missing,coal_int_IGCC_CCS,missing,missing,missing,missing,missing,missing,missing,missing,EJ
2164,0.00159551,0.00229959,0.0,0.0,0.0,0.0,0.0,0.0,0.0,CDRIA-2050-noCR,1500Mt-noCostDecrease,NH,missing,coal_int_conv pul,missing,missing,missing,missing,missing,missing,missing,missing,EJ
2165,0.0,0.0,2.44409e-05,2.09624e-05,1.11307e-05,0.0,0.0,0.0,0.0,CDRIA-2050-noCR,1500Mt-noCostDecrease,NH,missing,coal_int_conv pul 1951-1955,missing,missing,missing,missing,missing,missing,missing,missing,EJ
2166,0.0,0.0,0.0001255,0.000121946,9.42107e-05,4.28488e-05,0.0,0.0,0.0,CDRIA-2050-noCR,1500Mt-noCostDecrease,NH,missing,coal_int_conv pul 1956-1960,missing,missing,missing,missing,missing,missing,missing,missing,EJ
2167,0.0,0.0,0.000215918,0.000215208,0.000184707,0.000119359,0.000117652,3.26841e-05,0.0,CDRIA-2050-noCR,1500Mt-noCostDecrease,NH,missing,coal_int_conv pul 1966-1970,missing,missing,missing,missing,missing,missing,missing,missing,EJ
2168,0.0,0.0,0.0,1.2384719999999998e-05,3.906987e-05,7.535126999999998e-05,0.00010900428,0.00016925474,0.00020059989,CDRIA-2050-noCR,1500Mt-noCostDecrease,NH,missing,coal_int_conv pul_CCS,missing,missing,missing,missing,missing,missing,missing,missing,EJ
2169,0.000669632,0.000965131,0.0,0.0,0.0,0.0,0.0,0.0,0.0,CDRIA-2050-noCR,1500Mt-noCostDecrease,NH,missing,coal_int_conv pul_retire_2020,missing,missing,missing,missing,missing,missing,missing,missing,EJ
2170,0.0,0.00705215,0.00820421,0.00908754,0.00938426,0.00894544,0.00948833,0.005594798,0.0050699809999999,CDRIA-2050-noCR,1500Mt-noCostDecrease,NH,missing,gas_base_CC,missing,missing,missing,missing,missing,missing,missing,missing,EJ
2171,0.0,0.0,0.0,0.000453773,0.001465287,0.0032569219999999,0.004134634,0.005554146,0.006708109,CDRIA-2050-noCR,1500Mt-noCostDecrease,NH,missing,gas_base_CC_CCS,missing,missing,missing,missing,missing,missing,missing,missing,EJ
2172,0.0,0.0114848,0.01202416,0.011845411,0.0110513359999999,0.010247793,0.009738988,0.008948296,0.008198438,CDRIA-2050-noCR,1500Mt-noCostDecrease,NH,missing,gas_int_CC,missing,missing,missing,missing,missing,missing,missing,missing,EJ
2173,0.0,0.0,0.0,0.000147275,0.0003947,0.000726156,0.001040933,0.001597196,0.0018827829999999,CDRIA-2050-noCR,1500Mt-noCostDecrease,NH,missing,gas_int_CC_CCS,missing,missing,missing,missing,missing,missing,missing,missing,EJ
2174,0.0,0.000224215,0.000117833747,0.000106591896,8.7396403e-05,7.0561814e-05,5.8357959e-05,4.06955e-05,2.8673623e-05,CDRIA-2050-noCR,1500Mt-noCostDecrease,NH,missing,gas_peak_CC,missing,missing,missing,missing,missing,missing,missing,missing,EJ
2175,0.0,0.0,0.0,1.52365e-08,3.64932e-08,6.34008e-08,8.33566e-08,1.400793e-07,1.885685e-07,CDRIA-2050-noCR,1500Mt-noCostDecrease,NH,missing,gas_peak_CC_CCS,missing,missing,missing,missing,missing,missing,missing,missing,EJ
2176,0.0,7.890531100000001e-05,5.4046914850000006e-05,4.4133060441e-05,2.2974519132e-05,1.6326567973000005e-05,1.7846335415e-05,9.137291331e-06,6.210382984000001e-06,CDRIA-2050-noCR,1500Mt-noCostDecrease,NH,missing,gas_peak_steam/CT,missing,missing,missing,missing,missing,missing,missing,missing,EJ
2177,0.0,0.00116862,0.0007090019,0.0006496877299999999,0.00055158036,0.00046112916,0.00038706789,0.00030746360999999995,0.00023910162,CDRIA-2050-noCR,1500Mt-noCostDecrease,NH,missing,gas_subpeak_CC,missing,missing,missing,missing,missing,missing,missing,missing,EJ
2178,0.0,0.0,0.0,7.50328e-07,1.831876e-06,3.2292530000000003e-06,4.336091e-06,9.36391e-06,1.1179282e-05,CDRIA-2050-noCR,1500Mt-noCostDecrease,NH,missing,gas_subpeak_CC_CCS,missing,missing,missing,missing,missing,missing,missing,missing,EJ
2179,0.0,0.00041100634,0.0003489921093,0.00029467660560000006,0.00017293377339999997,0.00013237324469999998,0.00014114515689999998,9.166480540000002e-05,6.774857500000001e-05,CDRIA-2050-noCR,1500Mt-noCostDecrease,NH,missing,gas_subpeak_steam/CT,missing,missing,missing,missing,missing,missing,missing,missing,EJ
2180,0.0057891,0.0065836,0.0054502,0.0054419,0.0054359,0.0054367,0.0054246,0.0053791,0.0053851,CDRIA-2050-noCR,1500Mt-noCostDecrease,NH,missing,hydro_base,missing,missing,missing,missing,missing,missing,missing,missing,EJ
2181,0.0155723,0.0352927,0.0355607,0.0355607,0.0355607,0.0355607,0.0355607,0.0355607,0.0,CDRIA-2050-noCR,1500Mt-noCostDecrease,NH,missing,nuc_base_Gen II,missing,missing,missing,missing,missing,missing,missing,missing,EJ
2182,0.0,0.0,0.0,0.0,0.0020544,0.00589486,0.00782446,0.01149727,0.01470521,CDRIA-2050-noCR,1500Mt-noCostDecrease,NH,missing,nuc_base_Gen III,missing,missing,missing,missing,missing,missing,missing,missing,EJ
2183,0.000791717,0.000514104,0.000196546,0.000216924,0.00013519,8.2523e-05,7.05257e-05,1.56916e-05,9.29225e-06,CDRIA-2050-noCR,1500Mt-noCostDecrease,NH,missing,refined liquids_base_steam/CT,missing,missing,missing,missing,missing,missing,missing,missing,EJ
2184,0.00690394,0.00411253,0.0,0.0,0.0,0.0,0.0,0.0,0.0,CDRIA-2050-noCR,1500Mt-noCostDecrease,NH,missing,refined liquids_int_steam/CT,missing,missing,missing,missing,missing,missing,missing,missing,EJ
2185,0.000167202,0.0,0.0,0.0,0.0,0.0,0.0,0.0,0.0,CDRIA-2050-noCR,1500Mt-noCostDecrease,NH,missing,refined liquids_peak_steam/CT,missing,missing,missing,missing,missing,missing,missing,missing,EJ
2186,0.000970623,0.000514107,0.0,0.0,0.0,0.0,0.0,0.0,0.0,CDRIA-2050-noCR,1500Mt-noCostDecrease,NH,missing,refined liquids_subpeak_steam/CT,missing,missing,missing,missing,missing,missing,missing,missing,EJ
2187,0.0,0.0,1.79328e-05,0.000174735,0.000515417,0.000915843,0.0011823,0.00136679,0.00143345,CDRIA-2050-noCR,1500Mt-noCostDecrease,NH,missing,rooftop_pv,missing,missing,missing,missing,missing,missing,missing,missing,EJ
2188,0.0,0.0,0.0056897,0.00976784,0.01859052,0.0314785199999999,0.0375137599999999,0.04588863,0.04950384,CDRIA-2050-noCR,1500Mt-noCostDecrease,NH,missing,wind_base,missing,missing,missing,missing,missing,missing,missing,missing,EJ
2189,0.0,0.0,0.000119923,0.000230269,0.000482808,0.000911655,0.001118514,0.0014860519999999,0.001674158,CDRIA-2050-noCR,1500Mt-noCostDecrease,NH,missing,wind_base_storage,missing,missing,missing,missing,missing,missing,missing,missing,EJ
2190,0.0,0.0,6.13502e-05,7.036572e-05,0.00012920862,0.00024946062,0.00035497462,0.00050103862,0.00055204842,CDRIA-2050-noCR,1500Mt-noCostDecrease,NJ,missing,PV_base_storage,missing,missing,missing,missing,missing,missing,missing,missing,EJ
2191,0.0,0.0,0.00327548,0.00530449,0.01396815,0.022947,0.02827822,0.03837812,0.04457763,CDRIA-2050-noCR,1500Mt-noCostDecrease,NJ,missing,PV_int,missing,missing,missing,missing,missing,missing,missing,missing,EJ
2192,0.0,0.0,0.000406913,0.000642656,0.001311299,0.001803491,0.002173441,0.002825096,0.0033573279999999,CDRIA-2050-noCR,1500Mt-noCostDecrease,NJ,missing,PV_peak,missing,missing,missing,missing,missing,missing,missing,missing,EJ
2193,0.0,0.0,0.0045916299999999,0.0060452499999999,0.01025693,0.0134940799999999,0.0160515099999999,0.0191716899999999,0.02252214,CDRIA-2050-noCR,1500Mt-noCostDecrease,NJ,missing,PV_subpeak,missing,missing,missing,missing,missing,missing,missing,missing,EJ
2194,0.0,0.0,0.000327998,5.487555e-05,0.00035337049,0.00076567453,0.0007483508699999999,0.00098774622,0.000777860985,CDRIA-2050-noCR,1500Mt-noCostDecrease,NJ,missing,biogas_base_CC,missing,missing,missing,missing,missing,missing,missing,missing,EJ
2195,0.0,0.0,0.0,2.73072e-05,0.000243627624,0.0007100568300000001,0.00072245817,0.00134626887,0.001192016078,CDRIA-2050-noCR,1500Mt-noCostDecrease,NJ,missing,biogas_base_CC_CCS,missing,missing,missing,missing,missing,missing,missing,missing,EJ
2196,0.0,0.0,0.000174476,7.66463e-05,0.00028859553,0.0005822716000000001,0.000637339,0.0014651653,0.0018982814,CDRIA-2050-noCR,1500Mt-noCostDecrease,NJ,missing,biogas_int_CC,missing,missing,missing,missing,missing,missing,missing,missing,EJ
2197,0.0,0.0,0.0,2.51098e-05,0.00013096743999999998,0.00032701286,0.000387481,0.001142877,0.0017278763,CDRIA-2050-noCR,1500Mt-noCostDecrease,NJ,missing,biogas_int_CC_CCS,missing,missing,missing,missing,missing,missing,missing,missing,EJ
2198,0.0,0.0,5.68414e-07,3.093006e-07,8.480595e-07,1.2147495e-06,1.4649216000000002e-06,3.3598644000000003e-06,5.3860803e-06,CDRIA-2050-noCR,1500Mt-noCostDecrease,NJ,missing,biogas_peak_CC,missing,missing,missing,missing,missing,missing,missing,missing,EJ
2199,0.0,0.0,0.0,4.3254e-08,1.3018715000000001e-07,1.9944121e-07,2.5504667e-07,7.105718999999999e-07,1.2543096e-06,CDRIA-2050-noCR,1500Mt-noCostDecrease,NJ,missing,biogas_peak_CC_CCS,missing,missing,missing,missing,missing,missing,missing,missing,EJ
2200,0.0,0.0,5.256716999999999e-07,2.57447947e-07,7.07272534e-07,8.928289119999998e-07,8.854856299999998e-07,2.087793e-06,3.20959606e-06,CDRIA-2050-noCR,1500Mt-noCostDecrease,NJ,missing,biogas_peak_steam/CT,missing,missing,missing,missing,missing,missing,missing,missing,EJ
2201,0.0,0.0,1.29643e-05,8.230356e-06,2.3049329e-05,3.555708e-05,4.69526e-05,0.00012036363,0.00016436323,CDRIA-2050-noCR,1500Mt-noCostDecrease,NJ,missing,biogas_subpeak_CC,missing,missing,missing,missing,missing,missing,missing,missing,EJ
2202,0.0,0.0,0.0,1.5604e-06,5.169046e-06,8.927189e-06,1.2498063e-05,3.8628317e-05,6.079409000000001e-05,CDRIA-2050-noCR,1500Mt-noCostDecrease,NJ,missing,biogas_subpeak_CC_CCS,missing,missing,missing,missing,missing,missing,missing,missing,EJ
2203,0.0,0.0,8.71763e-06,4.91255198e-06,1.419178278e-05,1.8880500800000003e-05,2.0076387199999997e-05,5.623408699999999e-05,6.491210490000001e-05,CDRIA-2050-noCR,1500Mt-noCostDecrease,NJ,missing,biogas_subpeak_steam/CT,missing,missing,missing,missing,missing,missing,missing,missing,EJ
2204,0.0,0.0,9.20666e-05,8.407679e-05,0.00015046533,0.00033295033,0.00051242995,0.00091507292,0.00114942713,CDRIA-2050-noCR,1500Mt-noCostDecrease,NJ,missing,biomass_base_IGCC,missing,missing,missing,missing,missing,missing,missing,missing,EJ
2205,0.0,0.0,0.0,5.16234e-06,6.578384e-05,0.00052096694,0.00096254394,0.00471607367,0.0087863122599999,CDRIA-2050-noCR,1500Mt-noCostDecrease,NJ,missing,biomass_base_IGCC_CCS,missing,missing,missing,missing,missing,missing,missing,missing,EJ
2206,0.00053511285,0.0018063131,0.0004545379,0.0005674341530000001,0.0008011156239999999,0.00103136571,0.001128606961,0.001262853522,0.0012646596585999,CDRIA-2050-noCR,1500Mt-noCostDecrease,NJ,missing,biomass_base_conv,missing,missing,missing,missing,missing,missing,missing,missing,EJ
2207,0.0,0.0,0.0,5.7108991e-06,9.31223323e-05,0.0011566405568,0.0020630008691,0.0226020290434999,0.0459017748595,CDRIA-2050-noCR,1500Mt-noCostDecrease,NJ,missing,biomass_base_conv_CCS,missing,missing,missing,missing,missing,missing,missing,missing,EJ
2208,0.0,0.0,2.97702e-05,3.444642e-05,5.1232360000000005e-05,8.402283000000001e-05,0.00011011690999999998,0.00018370205,0.00026226882,CDRIA-2050-noCR,1500Mt-noCostDecrease,NJ,missing,biomass_int_IGCC,missing,missing,missing,missing,missing,missing,missing,missing,EJ
2209,0.0,0.0,0.0,2.479925e-06,1.2461828e-05,3.8648105e-05,6.0137035e-05,0.00014961263799999995,0.000254593116,CDRIA-2050-noCR,1500Mt-noCostDecrease,NJ,missing,biomass_int_IGCC_CCS,missing,missing,missing,missing,missing,missing,missing,missing,EJ
2210,0.00053511285,0.0018063131,0.00093303724,0.001070684276,0.0009932151539999998,0.0011315859449999,0.001052231122,0.001052219181,0.001017263115,CDRIA-2050-noCR,1500Mt-noCostDecrease,NJ,missing,biomass_int_conv,missing,missing,missing,missing,missing,missing,missing,missing,EJ
2211,0.0,0.0,0.0,3.6641291e-06,2.03591141e-05,7.154011500000001e-05,0.0001113105051,0.0003110460553,0.0005421176642999999,CDRIA-2050-noCR,1500Mt-noCostDecrease,NJ,missing,biomass_int_conv_CCS,missing,missing,missing,missing,missing,missing,missing,missing,EJ
2212,0.0,0.0,0.0,0.0001579738,0.0011114919,0.0029894153,0.0048193481,0.0071504762,0.0090384117,CDRIA-2050-noCR,1500Mt-noCostDecrease,NJ,missing,coal_base_IGCC_CCS,missing,missing,missing,missing,missing,missing,missing,missing,EJ
2213,0.00927523,0.0157368999999999,0.0,0.0,0.0,0.0,0.0,0.0,0.0,CDRIA-2050-noCR,1500Mt-noCostDecrease,NJ,missing,coal_base_conv pul,missing,missing,missing,missing,missing,missing,missing,missing,EJ
2214,0.0,0.0,0.0,0.0,0.0,0.0,0.0,0.0,0.0,CDRIA-2050-noCR,1500Mt-noCostDecrease,NJ,missing,coal_base_conv pul 1961-1965,missing,missing,missing,missing,missing,missing,missing,missing,EJ
2215,0.0,0.0,0.003576602,0.003575262,0.002802306,0.000741572,0.000915107,6.34788e-05,3.435839e-05,CDRIA-2050-noCR,1500Mt-noCostDecrease,NJ,missing,coal_base_conv pul 1991-1995,missing,missing,missing,missing,missing,missing,missing,missing,EJ
2216,0.0,0.0,0.0,0.0001891877,0.0012456987,0.0032077524999999,0.0050607832,0.0072864663,0.0090373576999999,CDRIA-2050-noCR,1500Mt-noCostDecrease,NJ,missing,coal_base_conv pul_CCS,missing,missing,missing,missing,missing,missing,missing,missing,EJ
2217,0.004400495,0.00746612,0.0,0.0,0.0,0.0,0.0,0.0,0.0,CDRIA-2050-noCR,1500Mt-noCostDecrease,NJ,missing,coal_base_conv pul_retire_2020,missing,missing,missing,missing,missing,missing,missing,missing,EJ
2218,0.0,0.0,0.0,2.224863e-05,0.00010633769,0.00025289803,0.00036958572,0.00067047452,0.00098608688,CDRIA-2050-noCR,1500Mt-noCostDecrease,NJ,missing,coal_int_IGCC_CCS,missing,missing,missing,missing,missing,missing,missing,missing,EJ
2219,0.00873427,0.01569301,0.0,0.0,0.0,0.0,0.0,0.0,0.0,CDRIA-2050-noCR,1500Mt-noCostDecrease,NJ,missing,coal_int_conv pul,missing,missing,missing,missing,missing,missing,missing,missing,EJ
2220,0.0,0.0,0.0,0.0,0.0,0.0,0.0,0.0,0.0,CDRIA-2050-noCR,1500Mt-noCostDecrease,NJ,missing,coal_int_conv pul 1961-1965,missing,missing,missing,missing,missing,missing,missing,missing,EJ
2221,0.0,0.0,0.002112907,0.002112728,0.001927861,0.001290379,0.0015252669999999,0.000736826,0.0006680060000000001,CDRIA-2050-noCR,1500Mt-noCostDecrease,NJ,missing,coal_int_conv pul 1991-1995,missing,missing,missing,missing,missing,missing,missing,missing,EJ
2222,0.0,0.0,0.0,2.825402e-05,0.00012686687999999998,0.00028821652000000003,0.0004110574299999999,0.00071375588,0.00102215603,CDRIA-2050-noCR,1500Mt-noCostDecrease,NJ,missing,coal_int_conv pul_CCS,missing,missing,missing,missing,missing,missing,missing,missing,EJ
2223,0.004143838,0.0074452999999999,0.0,0.0,0.0,0.0,0.0,0.0,0.0,CDRIA-2050-noCR,1500Mt-noCostDecrease,NJ,missing,coal_int_conv pul_retire_2020,missing,missing,missing,missing,missing,missing,missing,missing,EJ
2224,9.29189e-05,0.0,0.0,0.0,0.0,0.0,0.0,0.0,0.0,CDRIA-2050-noCR,1500Mt-noCostDecrease,NJ,missing,coal_peak_conv pul,missing,missing,missing,missing,missing,missing,missing,missing,EJ
2225,4.40839e-05,0.0,0.0,0.0,0.0,0.0,0.0,0.0,0.0,CDRIA-2050-noCR,1500Mt-noCostDecrease,NJ,missing,coal_peak_conv pul_retire_2020,missing,missing,missing,missing,missing,missing,missing,missing,EJ
2226,0.0003840868,0.0,0.0,0.0,0.0,0.0,0.0,0.0,0.0,CDRIA-2050-noCR,1500Mt-noCostDecrease,NJ,missing,coal_subpeak_conv pul,missing,missing,missing,missing,missing,missing,missing,missing,EJ
2227,0.0001822242,0.0,0.0,0.0,0.0,0.0,0.0,0.0,0.0,CDRIA-2050-noCR,1500Mt-noCostDecrease,NJ,missing,coal_subpeak_conv pul_retire_2020,missing,missing,missing,missing,missing,missing,missing,missing,EJ
2228,0.0,0.0,0.028894106,0.029179752,0.030667094,0.0293857776999999,0.0334809029,0.0196687254,0.01488248718,CDRIA-2050-noCR,1500Mt-noCostDecrease,NJ,missing,gas_base_CC,missing,missing,missing,missing,missing,missing,missing,missing,EJ
2229,0.0,0.0,0.0,0.000526735,0.003803901,0.01014854,0.016107539,0.023579185,0.02862179,CDRIA-2050-noCR,1500Mt-noCostDecrease,NJ,missing,gas_base_CC_CCS,missing,missing,missing,missing,missing,missing,missing,missing,EJ
2230,0.012454897,0.032515637,0.09291328,0.0873865879999999,0.076792129,0.0666908209999999,0.058966843,0.049478706,0.043674347,CDRIA-2050-noCR,1500Mt-noCostDecrease,NJ,missing,gas_int_CC,missing,missing,missing,missing,missing,missing,missing,missing,EJ
2231,0.0,0.0,0.0,0.0003108981,0.0011323658999999,0.0024559292,0.0034905205,0.006012341,0.008531592,CDRIA-2050-noCR,1500Mt-noCostDecrease,NJ,missing,gas_int_CC_CCS,missing,missing,missing,missing,missing,missing,missing,missing,EJ
2232,0.00072541529,0.0024391554,0.0012143985699999,0.0011052116439999,0.000925541635,0.0007523642159999999,0.0006154489359999999,0.000444545659,0.00032582462,CDRIA-2050-noCR,1500Mt-noCostDecrease,NJ,missing,gas_peak_CC,missing,missing,missing,missing,missing,missing,missing,missing,EJ
2233,0.0,0.0,0.0,2.047147e-07,5.818903e-07,1.0515037999999998e-06,1.5114116e-06,2.6101680999999995e-06,4.3196623e-06,CDRIA-2050-noCR,1500Mt-noCostDecrease,NJ,missing,gas_peak_CC_CCS,missing,missing,missing,missing,missing,missing,missing,missing,EJ
2234,0.000537411,0.00085792,0.000601422,0.000513762,0.000284771,0.000198248,0.000201069,0.000107065,6.90484e-05,CDRIA-2050-noCR,1500Mt-noCostDecrease,NJ,missing,gas_peak_steam/CT,missing,missing,missing,missing,missing,missing,missing,missing,EJ
2235,0.0042435793,0.014267528,0.00843445,0.0077968415,0.0067963862999999,0.0057896403,0.0049520618999999,0.0041249945,0.0035935893,CDRIA-2050-noCR,1500Mt-noCostDecrease,NJ,missing,gas_subpeak_CC,missing,missing,missing,missing,missing,missing,missing,missing,EJ
2236,0.0,0.0,0.0,1.091654e-05,3.173181e-05,5.798948e-05,8.509473999999999e-05,0.0001614501,0.00024575097,CDRIA-2050-noCR,1500Mt-noCostDecrease,NJ,missing,gas_subpeak_CC_CCS,missing,missing,missing,missing,missing,missing,missing,missing,EJ
2237,0.00314376,0.00501845,0.0041342,0.00359144,0.0021989,0.0016043,0.00154878,0.000885046,0.00057899,CDRIA-2050-noCR,1500Mt-noCostDecrease,NJ,missing,gas_subpeak_steam/CT,missing,missing,missing,missing,missing,missing,missing,missing,EJ
2238,0.0001064,0.0001081,4.1e-05,4.09e-05,4.09e-05,4.09e-05,4.08e-05,4.05e-05,4.05e-05,CDRIA-2050-noCR,1500Mt-noCostDecrease,NJ,missing,hydro_base,missing,missing,missing,missing,missing,missing,missing,missing,EJ
2239,0.0907099,0.117164,0.1236062,0.1212507999999999,0.1143048,0.0966444,0.0647393,0.03153345,0.0,CDRIA-2050-noCR,1500Mt-noCostDecrease,NJ,missing,nuc_base_Gen II,missing,missing,missing,missing,missing,missing,missing,missing,EJ
2240,0.0,0.0,0.0,0.0,0.004817482,0.0147049909999999,0.0234715109999999,0.035755759,0.045323827,CDRIA-2050-noCR,1500Mt-noCostDecrease,NJ,missing,nuc_base_Gen III,missing,missing,missing,missing,missing,missing,missing,missing,EJ
2241,0.0,0.0,5.89021e-05,8.73758e-05,6.12625e-05,3.53759e-05,3.05539e-05,5.55871e-06,2.42492e-06,CDRIA-2050-noCR,1500Mt-noCostDecrease,NJ,missing,refined liquids_base_steam/CT,missing,missing,missing,missing,missing,missing,missing,missing,EJ
2242,0.00610895,0.00237821,0.0,0.0,0.0,0.0,0.0,0.0,0.0,CDRIA-2050-noCR,1500Mt-noCostDecrease,NJ,missing,refined liquids_int_steam/CT,missing,missing,missing,missing,missing,missing,missing,missing,EJ
2243,0.0,0.0,0.0,0.0,0.0,0.0,0.0,0.0,0.0,CDRIA-2050-noCR,1500Mt-noCostDecrease,NJ,missing,refined liquids_peak_steam/CT,missing,missing,missing,missing,missing,missing,missing,missing,EJ
2244,0.00152723,0.000594605,0.0,0.0,0.0,0.0,0.0,0.0,0.0,CDRIA-2050-noCR,1500Mt-noCostDecrease,NJ,missing,refined liquids_subpeak_steam/CT,missing,missing,missing,missing,missing,missing,missing,missing,EJ
2245,0.0,0.0,0.000118821,0.00148137,0.00500977,0.00804805,0.0104883,0.0107376,0.012179,CDRIA-2050-noCR,1500Mt-noCostDecrease,NJ,missing,rooftop_pv,missing,missing,missing,missing,missing,missing,missing,missing,EJ
2246,0.0,0.0,0.0030505481,0.0037594931,0.0059749831,0.0063157061,0.0063638627,0.0063584715,0.0061683315,CDRIA-2050-noCR,1500Mt-noCostDecrease,NJ,missing,wind_base,missing,missing,missing,missing,missing,missing,missing,missing,EJ
2247,0.0,0.0,0.0,0.00011158,0.00161587,0.00732603,0.01491488,0.02603138,0.03099126,CDRIA-2050-noCR,1500Mt-noCostDecrease,NJ,missing,wind_base_offshore,missing,missing,missing,missing,missing,missing,missing,missing,EJ
2248,0.0,0.0,0.000115759,0.0001404974,0.0002398911,0.00030970490000000004,0.00032843970000000005,0.00035643060000000007,0.0004148396,CDRIA-2050-noCR,1500Mt-noCostDecrease,NJ,missing,wind_base_storage,missing,missing,missing,missing,missing,missing,missing,missing,EJ
2249,0.0,0.0,0.000200995,0.0002352125,0.0005552885,0.0008674365,0.0009851665,0.0012833075,0.0018472135,CDRIA-2050-noCR,1500Mt-noCostDecrease,NM,missing,CSP_base_storage,missing,missing,missing,missing,missing,missing,missing,missing,EJ
2250,0.0,0.0,0.000579904,0.000962062,0.003098142,0.005415862,0.007243948,0.011753528,0.0211277439999999,CDRIA-2050-noCR,1500Mt-noCostDecrease,NM,missing,CSP_int,missing,missing,missing,missing,missing,missing,missing,missing,EJ
2251,0.0,0.0,3.00084e-05,4.753538e-05,0.00011237018,0.00015116117999999998,0.00020011698,0.00028947718,0.0005241687799999999,CDRIA-2050-noCR,1500Mt-noCostDecrease,NM,missing,CSP_peak,missing,missing,missing,missing,missing,missing,missing,missing,EJ
2252,0.000345506,0.000310598,0.0019437724,0.0020165464,0.0023229303999999,0.0024286261999999,0.0027210001999999,0.0031783102,0.0048270097999999,CDRIA-2050-noCR,1500Mt-noCostDecrease,NM,missing,CSP_subpeak,missing,missing,missing,missing,missing,missing,missing,missing,EJ
2253,0.0,0.0,3.09379e-05,3.674902e-05,9.309552e-05,0.00014937902,0.00017095001999999998,0.00022616282,0.00034018892,CDRIA-2050-noCR,1500Mt-noCostDecrease,NM,missing,PV_base_storage,missing,missing,missing,missing,missing,missing,missing,missing,EJ
2254,0.0,0.0,0.00300888,0.00497624,0.01313185,0.01833164,0.02190634,0.02974371,0.04423303,CDRIA-2050-noCR,1500Mt-noCostDecrease,NM,missing,PV_int,missing,missing,missing,missing,missing,missing,missing,missing,EJ
2255,0.0,0.0,0.000155702,0.0002459316,0.0004934726,0.0005805001,0.0006762296,0.0008315315999999999,0.0011411416,CDRIA-2050-noCR,1500Mt-noCostDecrease,NM,missing,PV_peak,missing,missing,missing,missing,missing,missing,missing,missing,EJ
2256,0.0,0.0,0.0034079289999999,0.0037825729999999,0.004952353,0.0051894809999999,0.0057611969999999,0.0068609969999999,0.009426358,CDRIA-2050-noCR,1500Mt-noCostDecrease,NM,missing,PV_subpeak,missing,missing,missing,missing,missing,missing,missing,missing,EJ
2257,0.0,0.0,0.000103434,2.1360979e-05,0.000211508627,0.00022889119,0.000101629818,0.000238085935,0.0006124647923,CDRIA-2050-noCR,1500Mt-noCostDecrease,NM,missing,biogas_base_CC,missing,missing,missing,missing,missing,missing,missing,missing,EJ
2258,0.0,0.0,0.0,1.11732e-05,0.0001498857487,0.000217350015,0.000100511461,0.000327757753,0.000873884089,CDRIA-2050-noCR,1500Mt-noCostDecrease,NM,missing,biogas_base_CC_CCS,missing,missing,missing,missing,missing,missing,missing,missing,EJ
2259,0.0,0.0,0.000112018,5.62622e-05,0.0002530653,0.00034942979,0.00034369121,0.0008023876499999999,0.00146160691,CDRIA-2050-noCR,1500Mt-noCostDecrease,NM,missing,biogas_int_CC,missing,missing,missing,missing,missing,missing,missing,missing,EJ
2260,0.0,0.0,0.0,1.99043e-05,0.000117441544,0.00020214037,0.00021497563,0.0006810392100000001,0.00138238133,CDRIA-2050-noCR,1500Mt-noCostDecrease,NM,missing,biogas_int_CC_CCS,missing,missing,missing,missing,missing,missing,missing,missing,EJ
2261,0.0,0.0,1.4425e-07,8.80745e-08,2.8043862e-07,2.0883633e-07,2.721943e-07,5.2088513e-07,1.27349212e-06,CDRIA-2050-noCR,1500Mt-noCostDecrease,NM,missing,biogas_peak_CC,missing,missing,missing,missing,missing,missing,missing,missing,EJ
2262,0.0,0.0,0.0,1.28215e-08,4.3312989e-08,3.4641515e-08,4.6607417000000006e-08,1.0928262e-07,2.6269282e-07,CDRIA-2050-noCR,1500Mt-noCostDecrease,NM,missing,biogas_peak_CC_CCS,missing,missing,missing,missing,missing,missing,missing,missing,EJ
2263,0.0,0.0,1.3508449999999998e-07,7.74129e-08,2.412925e-07,1.610094e-07,2.02402909e-07,3.91779909e-07,1.0114390300000003e-06,CDRIA-2050-noCR,1500Mt-noCostDecrease,NM,missing,biogas_peak_steam/CT,missing,missing,missing,missing,missing,missing,missing,missing,EJ
2264,0.0,0.0,7.21194e-07,1.05923e-06,5.7473501e-06,2.7296276e-06,6.9089981e-06,5.23640783e-05,3.99860644e-05,CDRIA-2050-noCR,1500Mt-noCostDecrease,NM,missing,biogas_subpeak_CC,missing,missing,missing,missing,missing,missing,missing,missing,EJ
2265,0.0,0.0,0.0,2.1685e-07,1.30809844e-06,7.286164000000001e-07,1.8240589e-06,1.56989706e-05,1.57423501e-05,CDRIA-2050-noCR,1500Mt-noCostDecrease,NM,missing,biogas_subpeak_CC_CCS,missing,missing,missing,missing,missing,missing,missing,missing,EJ
2266,0.0,0.0,4.914933e-07,6.9399324e-07,3.710138128e-06,1.451349512e-06,3.958690980999999e-06,3.2479637988999994e-05,2.1951396633999997e-05,CDRIA-2050-noCR,1500Mt-noCostDecrease,NM,missing,biogas_subpeak_steam/CT,missing,missing,missing,missing,missing,missing,missing,missing,EJ
2267,0.0,0.0,1.684309e-05,1.253678e-05,4.0831025e-05,8.244128e-05,9.26756e-05,0.000169564274,0.00034810025799999995,CDRIA-2050-noCR,1500Mt-noCostDecrease,NM,missing,biomass_base_IGCC,missing,missing,missing,missing,missing,missing,missing,missing,EJ
2268,0.0,0.0,0.0,1.505312e-06,3.039599e-05,0.000143933911,0.000193331612,0.0010078404499999,0.003575966881,CDRIA-2050-noCR,1500Mt-noCostDecrease,NM,missing,biomass_base_IGCC_CCS,missing,missing,missing,missing,missing,missing,missing,missing,EJ
2269,1.950035e-05,5.99993e-06,4.0892930000000005e-05,2.46516e-05,6.921362e-05,0.00012819918,0.00012493699,0.000208945533,0.000389523271406,CDRIA-2050-noCR,1500Mt-noCostDecrease,NM,missing,biomass_base_conv,missing,missing,missing,missing,missing,missing,missing,missing,EJ
2270,0.0,0.0,0.0,1.72772e-06,4.49388e-05,0.0003208315,0.00042606271,0.0051047024,0.016207873,CDRIA-2050-noCR,1500Mt-noCostDecrease,NM,missing,biomass_base_conv_CCS,missing,missing,missing,missing,missing,missing,missing,missing,EJ
2271,0.0,0.0,4.6886400000000006e-06,5.876486e-06,1.2234816e-05,2.2055297e-05,3.099656e-05,5.999298399999999e-05,0.00012420022100000002,CDRIA-2050-noCR,1500Mt-noCostDecrease,NM,missing,biomass_int_IGCC,missing,missing,missing,missing,missing,missing,missing,missing,EJ
2272,0.0,0.0,0.0,6.83005e-07,4.537187e-06,1.2583475e-05,2.0260655e-05,5.6515648e-05,0.000144788626,CDRIA-2050-noCR,1500Mt-noCostDecrease,NM,missing,biomass_int_IGCC_CCS,missing,missing,missing,missing,missing,missing,missing,missing,EJ
2273,1.950033e-05,5.99993e-06,3.4661070000000004e-05,4.218047e-05,5.228128e-05,7.991749e-05,9.249705e-05,0.00014526232,0.0002446240607,CDRIA-2050-noCR,1500Mt-noCostDecrease,NM,missing,biomass_int_conv,missing,missing,missing,missing,missing,missing,missing,missing,EJ
2274,0.0,0.0,0.0,1.04101e-06,7.68534e-06,2.388213e-05,3.852184e-05,0.00012180999,0.00031062623,CDRIA-2050-noCR,1500Mt-noCostDecrease,NM,missing,biomass_int_conv_CCS,missing,missing,missing,missing,missing,missing,missing,missing,EJ
2275,0.0,0.0,0.0,0.0001045609,0.0007301863,0.0013274653,0.0015817262,0.002176535,0.0037223012,CDRIA-2050-noCR,1500Mt-noCostDecrease,NM,missing,coal_base_IGCC_CCS,missing,missing,missing,missing,missing,missing,missing,missing,EJ
2276,0.0378721999999999,0.0517985,0.0,0.0,0.0,0.0,0.0,0.0,0.0,CDRIA-2050-noCR,1500Mt-noCostDecrease,NM,missing,coal_base_conv pul,missing,missing,missing,missing,missing,missing,missing,missing,EJ
2277,0.0,0.0,0.0220969,0.0220416,0.01346485,0.00253818,0.00248606,0.0001118367,0.0,CDRIA-2050-noCR,1500Mt-noCostDecrease,NM,missing,coal_base_conv pul 1966-1970,missing,missing,missing,missing,missing,missing,missing,missing,EJ
2278,0.0,0.0,0.00425548,0.00425164,0.00261589,0.000508722,0.000564509,3.69482e-05,3.357069e-06,CDRIA-2050-noCR,1500Mt-noCostDecrease,NM,missing,coal_base_conv pul 1976-1980,missing,missing,missing,missing,missing,missing,missing,missing,EJ
2279,0.0,0.0,0.01330488,0.01329637,0.00819056,0.001601319,0.00181882,0.0001310245,1.627698e-05,CDRIA-2050-noCR,1500Mt-noCostDecrease,NM,missing,coal_base_conv pul 1981-1985,missing,missing,missing,missing,missing,missing,missing,missing,EJ
2280,0.0,0.0,0.0,0.000130151,0.0008437531999999999,0.0014817457999999,0.001744296,0.0023200525,0.0036598979,CDRIA-2050-noCR,1500Mt-noCostDecrease,NM,missing,coal_base_conv pul_CCS,missing,missing,missing,missing,missing,missing,missing,missing,EJ
2281,0.01988841,0.0272017999999999,0.0,0.0,0.0,0.0,0.0,0.0,0.0,CDRIA-2050-noCR,1500Mt-noCostDecrease,NM,missing,coal_base_conv pul_retire_2020,missing,missing,missing,missing,missing,missing,missing,missing,EJ
2282,0.0,0.0,0.0,4.55208e-05,0.0001196738,0.0002077295,0.0002805143,0.000474098,0.0008684913999999999,CDRIA-2050-noCR,1500Mt-noCostDecrease,NM,missing,coal_int_IGCC_CCS,missing,missing,missing,missing,missing,missing,missing,missing,EJ
2283,0.0262576,0.0249254,0.0,0.0,0.0,0.0,0.0,0.0,0.0,CDRIA-2050-noCR,1500Mt-noCostDecrease,NM,missing,coal_int_conv pul,missing,missing,missing,missing,missing,missing,missing,missing,EJ
2284,0.0,0.0,0.0068571,0.00684349,0.00604027,0.00318853,0.00318385,0.000560077,0.0,CDRIA-2050-noCR,1500Mt-noCostDecrease,NM,missing,coal_int_conv pul 1966-1970,missing,missing,missing,missing,missing,missing,missing,missing,EJ
2285,0.0,0.0,0.00132056,0.001320056,0.001173475,0.0006390689999999999,0.000722957,0.0001850364,4.217865e-05,CDRIA-2050-noCR,1500Mt-noCostDecrease,NM,missing,coal_int_conv pul 1976-1980,missing,missing,missing,missing,missing,missing,missing,missing,EJ
2286,0.0,0.0,0.00412876,0.00412829,0.0036742399999999,0.002011616,0.00232934,0.0006561690000000001,0.0002045059,CDRIA-2050-noCR,1500Mt-noCostDecrease,NM,missing,coal_int_conv pul 1981-1985,missing,missing,missing,missing,missing,missing,missing,missing,EJ
2287,0.0,0.0,0.0,5.87257e-05,0.0001467812,0.0002447116,0.0003220282,0.0005181811,0.0008990232000000001,CDRIA-2050-noCR,1500Mt-noCostDecrease,NM,missing,coal_int_conv pul_CCS,missing,missing,missing,missing,missing,missing,missing,missing,EJ
2288,0.01378907,0.0130895,0.0,0.0,0.0,0.0,0.0,0.0,0.0,CDRIA-2050-noCR,1500Mt-noCostDecrease,NM,missing,coal_int_conv pul_retire_2020,missing,missing,missing,missing,missing,missing,missing,missing,EJ
2289,0.00034732,0.0,0.0,0.0,0.0,0.0,0.0,0.0,0.0,CDRIA-2050-noCR,1500Mt-noCostDecrease,NM,missing,coal_peak_conv pul,missing,missing,missing,missing,missing,missing,missing,missing,EJ
2290,0.0001823938,0.0,0.0,0.0,0.0,0.0,0.0,0.0,0.0,CDRIA-2050-noCR,1500Mt-noCostDecrease,NM,missing,coal_peak_conv pul_retire_2020,missing,missing,missing,missing,missing,missing,missing,missing,EJ
2291,0.0023082099999999,0.0,0.0,0.0,0.0,0.0,0.0,0.0,0.0,CDRIA-2050-noCR,1500Mt-noCostDecrease,NM,missing,coal_subpeak_conv pul,missing,missing,missing,missing,missing,missing,missing,missing,EJ
2292,0.001212147,0.0,0.0,0.0,0.0,0.0,0.0,0.0,0.0,CDRIA-2050-noCR,1500Mt-noCostDecrease,NM,missing,coal_subpeak_conv pul_retire_2020,missing,missing,missing,missing,missing,missing,missing,missing,EJ
2293,0.001220324,0.0026544719999999,0.00467332,0.005290809,0.008465051,0.0087681569999999,0.00922678,0.0052410065,0.00368565229,CDRIA-2050-noCR,1500Mt-noCostDecrease,NM,missing,gas_base_CC,missing,missing,missing,missing,missing,missing,missing,missing,EJ
2294,0.0,0.0,0.0,0.000241431,0.002511911,0.004600607,0.005423648,0.0074206903999999,0.0117540431,CDRIA-2050-noCR,1500Mt-noCostDecrease,NM,missing,gas_base_CC_CCS,missing,missing,missing,missing,missing,missing,missing,missing,EJ
2295,0.0051422889999999,0.01118547,0.03655746,0.035548968,0.033395127,0.030233419,0.028414633,0.025025136,0.02532371,CDRIA-2050-noCR,1500Mt-noCostDecrease,NM,missing,gas_int_CC,missing,missing,missing,missing,missing,missing,missing,missing,EJ
2296,0.0,0.0,0.0,0.0002766381,0.0010995853,0.001995867,0.0027244924,0.0045492425,0.0080056939,CDRIA-2050-noCR,1500Mt-noCostDecrease,NM,missing,gas_int_CC_CCS,missing,missing,missing,missing,missing,missing,missing,missing,EJ
2297,0.0001322038,0.0003702927,0.000486296707,0.0004420240292,0.0003597552802,0.00027771247700000005,0.0002252330094,0.00013451606719999998,7.87311255e-05,CDRIA-2050-noCR,1500Mt-noCostDecrease,NM,missing,gas_peak_CC,missing,missing,missing,missing,missing,missing,missing,missing,EJ
2298,0.0,0.0,0.0,3.798341e-08,1.1732084e-07,1.6959156e-07,2.3731052000000003e-07,3.7155713e-07,7.3039117e-07,CDRIA-2050-noCR,1500Mt-noCostDecrease,NM,missing,gas_peak_CC_CCS,missing,missing,missing,missing,missing,missing,missing,missing,EJ
2299,9.79027e-05,0.000130197,0.00022883084,0.000197214943,9.3543498e-05,5.3524226e-05,5.003187400000001e-05,1.7105917199999998e-05,8.187349599999999e-06,CDRIA-2050-noCR,1500Mt-noCostDecrease,NM,missing,gas_peak_steam/CT,missing,missing,missing,missing,missing,missing,missing,missing,EJ
2300,0.000870814,0.002439385,0.00095071902,0.0008769403,0.00075801083,0.0006137306,0.0005257937300000001,0.00050443577,0.00044343179,CDRIA-2050-noCR,1500Mt-noCostDecrease,NM,missing,gas_subpeak_CC,missing,missing,missing,missing,missing,missing,missing,missing,EJ
2301,0.0,0.0,0.0,1.089444e-06,4.539396999999999e-06,5.807038e-06,9.455327999999996e-06,4.0098458e-05,6.0531854e-05,CDRIA-2050-noCR,1500Mt-noCostDecrease,NM,missing,gas_subpeak_CC_CCS,missing,missing,missing,missing,missing,missing,missing,missing,EJ
2302,0.000645111,0.000857995,0.0004642645,0.00041891534,0.00024468347,0.00015429479,0.00015708077,0.00014777954,9.816907e-05,CDRIA-2050-noCR,1500Mt-noCostDecrease,NM,missing,gas_subpeak_steam/CT,missing,missing,missing,missing,missing,missing,missing,missing,EJ
2303,0.0,0.0,0.0002480278,0.0002895026,0.0007216543,0.0013128192,0.0016025293,0.0024691239,0.0042919611,CDRIA-2050-noCR,1500Mt-noCostDecrease,NM,missing,geo_base,missing,missing,missing,missing,missing,missing,missing,missing,EJ
2304,0.0006972,0.0006067,0.0004268,0.0004261,0.0004257,0.0004257,0.0004248,0.0004212,0.0004217,CDRIA-2050-noCR,1500Mt-noCostDecrease,NM,missing,hydro_base,missing,missing,missing,missing,missing,missing,missing,missing,EJ
2305,0.0,0.0,6.434946000000001e-06,7.24107e-06,3.750566000000001e-06,2.801625e-06,2.159176e-06,4.60378e-07,4.9174640000000006e-08,CDRIA-2050-noCR,1500Mt-noCostDecrease,NM,missing,refined liquids_base_steam/CT,missing,missing,missing,missing,missing,missing,missing,missing,EJ
2306,0.0,0.0,9.36306e-05,0.0001083992,5.465732e-05,5.142142e-05,4.388838e-05,2.41833e-05,6.514005e-06,CDRIA-2050-noCR,1500Mt-noCostDecrease,NM,missing,refined liquids_int_steam/CT,missing,missing,missing,missing,missing,missing,missing,missing,EJ
2307,0.0,0.0,0.0,0.0,0.0,0.0,0.0,0.0,0.0,CDRIA-2050-noCR,1500Mt-noCostDecrease,NM,missing,refined liquids_peak_steam/CT,missing,missing,missing,missing,missing,missing,missing,missing,EJ
2308,0.0001458024,0.0001391992,0.0,0.0,0.0,0.0,0.0,0.0,0.0,CDRIA-2050-noCR,1500Mt-noCostDecrease,NM,missing,refined liquids_subpeak_steam/CT,missing,missing,missing,missing,missing,missing,missing,missing,EJ
2309,0.0,0.0,0.000991371,0.00675758,0.0080893,0.0125561,0.0151844,0.0147182,0.0106011,CDRIA-2050-noCR,1500Mt-noCostDecrease,NM,missing,rooftop_pv,missing,missing,missing,missing,missing,missing,missing,missing,EJ
2310,0.0,0.00172328,0.01359554,0.01607722,0.0369228199999999,0.0522085199999999,0.0584206999999999,0.06681149,0.24226986,CDRIA-2050-noCR,1500Mt-noCostDecrease,NM,missing,wind_base,missing,missing,missing,missing,missing,missing,missing,missing,EJ
2311,0.0,0.0,0.000116065,0.0001564954,0.0005384054,0.0009116924,0.0010562663999999,0.0014275914,0.0029409364,CDRIA-2050-noCR,1500Mt-noCostDecrease,NM,missing,wind_base_storage,missing,missing,missing,missing,missing,missing,missing,missing,EJ
2312,0.0,0.000717992,0.0,0.0,0.0,0.0,0.0,0.0,0.0,CDRIA-2050-noCR,1500Mt-noCostDecrease,NM,missing,wind_int,missing,missing,missing,missing,missing,missing,missing,missing,EJ
2313,0.0,0.000430798,0.0,0.0,0.0,0.0,0.0,0.0,0.0,CDRIA-2050-noCR,1500Mt-noCostDecrease,NM,missing,wind_subpeak,missing,missing,missing,missing,missing,missing,missing,missing,EJ
2314,0.0,0.0,6.17401e-05,0.000106444,0.000241627,0.000458646,0.000598736,0.000734782,0.0007413936000000001,CDRIA-2050-noCR,1500Mt-noCostDecrease,NY,missing,PV_base_storage,missing,missing,missing,missing,missing,missing,missing,missing,EJ
2315,0.0,0.0,0.0113583,0.0221898,0.0484807,0.073351,0.0897513,0.1151256,0.1248493,CDRIA-2050-noCR,1500Mt-noCostDecrease,NY,missing,PV_int,missing,missing,missing,missing,missing,missing,missing,missing,EJ
2316,0.0,0.0,0.000595388,0.000964147,0.001678275,0.002234658,0.002563677,0.003230463,0.003568928,CDRIA-2050-noCR,1500Mt-noCostDecrease,NY,missing,PV_peak,missing,missing,missing,missing,missing,missing,missing,missing,EJ
2317,0.0,0.0,0.003774886,0.006253076,0.011057226,0.014872356,0.017205476,0.02168792,0.02388889,CDRIA-2050-noCR,1500Mt-noCostDecrease,NY,missing,PV_subpeak,missing,missing,missing,missing,missing,missing,missing,missing,EJ
2318,0.0,0.0,0.000296881,0.00022781612,0.0007134967,0.00121156944,0.0008563788400000001,0.0008201776799999999,0.00042981892,CDRIA-2050-noCR,1500Mt-noCostDecrease,NY,missing,biogas_base_CC,missing,missing,missing,missing,missing,missing,missing,missing,EJ
2319,0.0,0.0,0.0,0.000121832,0.0004992830100000001,0.0011179183,0.00081044272,0.00107951129,0.0006362029899999999,CDRIA-2050-noCR,1500Mt-noCostDecrease,NY,missing,biogas_base_CC_CCS,missing,missing,missing,missing,missing,missing,missing,missing,EJ
2320,0.0,0.0,0.000531888,0.0003440349,0.0009142197,0.0016991833,0.0020001329,0.003877443,0.004602235,CDRIA-2050-noCR,1500Mt-noCostDecrease,NY,missing,biogas_int_CC,missing,missing,missing,missing,missing,missing,missing,missing,EJ
2321,0.0,0.0,0.0,0.000123224,0.00041629519,0.0009477201,0.0011882215,0.0030167101,0.0041736087,CDRIA-2050-noCR,1500Mt-noCostDecrease,NY,missing,biogas_int_CC_CCS,missing,missing,missing,missing,missing,missing,missing,missing,EJ
2322,0.0,0.0,7.68302e-07,4.520357e-07,9.904109e-07,1.4684570999999998e-06,1.495005e-06,3.4560957e-06,5.2759341e-06,CDRIA-2050-noCR,1500Mt-noCostDecrease,NY,missing,biogas_peak_CC,missing,missing,missing,missing,missing,missing,missing,missing,EJ
2323,0.0,0.0,0.0,6.55404e-08,1.5333949e-07,2.4132139e-07,2.585451e-07,7.314667e-07,1.2401046e-06,CDRIA-2050-noCR,1500Mt-noCostDecrease,NY,missing,biogas_peak_CC_CCS,missing,missing,missing,missing,missing,missing,missing,missing,EJ
2324,0.0,0.0,7.019609999999999e-07,3.80253183e-07,8.13878252e-07,1.078774261e-06,8.55408564e-07,2.1542177000000003e-06,3.16667741e-06,CDRIA-2050-noCR,1500Mt-noCostDecrease,NY,missing,biogas_peak_steam/CT,missing,missing,missing,missing,missing,missing,missing,missing,EJ
2325,0.0,0.0,1.88023e-05,1.2995302e-05,2.8255218e-05,4.407803e-05,4.9409260000000005e-05,0.00011400065,0.0001545108,CDRIA-2050-noCR,1500Mt-noCostDecrease,NY,missing,biogas_subpeak_CC,missing,missing,missing,missing,missing,missing,missing,missing,EJ
2326,0.0,0.0,0.0,2.59248e-06,6.3970173e-06,1.1075787e-05,1.3056745e-05,3.735289e-05,5.798536e-05,CDRIA-2050-noCR,1500Mt-noCostDecrease,NY,missing,biogas_subpeak_CC_CCS,missing,missing,missing,missing,missing,missing,missing,missing,EJ
2327,0.0,0.0,1.248174e-05,7.91455526e-06,1.709457346e-05,2.33031948e-05,1.9596209500000003e-05,5.08924778e-05,6.14046843e-05,CDRIA-2050-noCR,1500Mt-noCostDecrease,NY,missing,biogas_subpeak_steam/CT,missing,missing,missing,missing,missing,missing,missing,missing,EJ
2328,0.0,0.0,0.0001223272,0.0001426251,0.0003000469,0.0006446605999999999,0.0008659771,0.0011324670999999,0.00107806005,CDRIA-2050-noCR,1500Mt-noCostDecrease,NY,missing,biomass_base_IGCC,missing,missing,missing,missing,missing,missing,missing,missing,EJ
2329,0.0,0.0,0.0,2.995429e-05,0.00018261985,0.00103292899,0.00162778009,0.0049665810199999,0.0072861205,CDRIA-2050-noCR,1500Mt-noCostDecrease,NY,missing,biomass_base_IGCC_CCS,missing,missing,missing,missing,missing,missing,missing,missing,EJ
2330,0.00354767,0.00375579,0.000717504,0.00078961,0.0012265143,0.0017129831,0.0017724785,0.0015290109999999,0.001128042,CDRIA-2050-noCR,1500Mt-noCostDecrease,NY,missing,biomass_base_conv,missing,missing,missing,missing,missing,missing,missing,missing,EJ
2331,0.0,0.0,0.0,3.33098e-05,0.0002527349,0.0021957247,0.0033955848,0.0202856760999999,0.0324590475,CDRIA-2050-noCR,1500Mt-noCostDecrease,NY,missing,biomass_base_conv_CCS,missing,missing,missing,missing,missing,missing,missing,missing,EJ
2332,0.0,0.0,0.0001108725,0.0001409976,0.0002045544,0.00031453430000000004,0.0004116995,0.0006188571,0.000810298,CDRIA-2050-noCR,1500Mt-noCostDecrease,NY,missing,biomass_int_IGCC,missing,missing,missing,missing,missing,missing,missing,missing,EJ
2333,0.0,0.0,0.0,1.442153e-05,5.135382e-05,0.00013799673,0.00021653593,0.00046474518,0.00071672736,CDRIA-2050-noCR,1500Mt-noCostDecrease,NY,missing,biomass_int_IGCC_CCS,missing,missing,missing,missing,missing,missing,missing,missing,EJ
2334,0.00354764,0.0037558,0.002548285,0.0026784291,0.0026669619,0.0030114481,0.0029044699999999,0.0029467553,0.0028772464999999,CDRIA-2050-noCR,1500Mt-noCostDecrease,NY,missing,biomass_int_conv,missing,missing,missing,missing,missing,missing,missing,missing,EJ
2335,0.0,0.0,0.0,2.14554e-05,8.352e-05,0.0002531688,0.0003989068,0.0009521045,0.0015057565,CDRIA-2050-noCR,1500Mt-noCostDecrease,NY,missing,biomass_int_conv_CCS,missing,missing,missing,missing,missing,missing,missing,missing,EJ
2336,0.0,0.0,0.0,0.0006353789999999999,0.002411218,0.005146164,0.00710642,0.00852377,0.009102329,CDRIA-2050-noCR,1500Mt-noCostDecrease,NY,missing,coal_base_IGCC_CCS,missing,missing,missing,missing,missing,missing,missing,missing,EJ
2337,0.02527612,0.02065634,0.0,0.0,0.0,0.0,0.0,0.0,0.0,CDRIA-2050-noCR,1500Mt-noCostDecrease,NY,missing,coal_base_conv pul,missing,missing,missing,missing,missing,missing,missing,missing,EJ
2338,0.0,0.0,0.000175881,0.0001637824,6.100724e-05,0.0,0.0,0.0,0.0,CDRIA-2050-noCR,1500Mt-noCostDecrease,NY,missing,coal_base_conv pul 1951-1955,missing,missing,missing,missing,missing,missing,missing,missing,EJ
2339,0.0,0.0,2.778485e-05,2.689645e-05,1.1496141e-05,1.281106e-06,0.0,0.0,0.0,CDRIA-2050-noCR,1500Mt-noCostDecrease,NY,missing,coal_base_conv pul 1956-1960,missing,missing,missing,missing,missing,missing,missing,missing,EJ
2340,0.0,0.0,2.119358e-06,2.091884e-06,9.678267e-07,1.3828533e-07,1.1395882e-07,0.0,0.0,CDRIA-2050-noCR,1500Mt-noCostDecrease,NY,missing,coal_base_conv pul 1961-1965,missing,missing,missing,missing,missing,missing,missing,missing,EJ
2341,0.0,0.0,0.0004210213,0.0004180559,0.0001985106,3.143032e-05,3.473637e-05,1.5076488e-06,0.0,CDRIA-2050-noCR,1500Mt-noCostDecrease,NY,missing,coal_base_conv pul 1966-1970,missing,missing,missing,missing,missing,missing,missing,missing,EJ
2342,0.0,0.0,0.0012894519,0.0012836397,0.0006164973,0.00010255122,0.00013770508,1.062724e-05,5.673429e-06,CDRIA-2050-noCR,1500Mt-noCostDecrease,NY,missing,coal_base_conv pul 1981-1985,missing,missing,missing,missing,missing,missing,missing,missing,EJ
2343,0.0,0.0,0.0003626429,0.0003610188,0.0001734054,2.885839e-05,3.883139e-05,3.0243810000000003e-06,1.6784250000000002e-06,CDRIA-2050-noCR,1500Mt-noCostDecrease,NY,missing,coal_base_conv pul 1986-1990,missing,missing,missing,missing,missing,missing,missing,missing,EJ
2344,0.0,0.0,1.874745e-05,1.866378e-05,8.965246e-06,1.4924875e-06,2.011122e-06,1.576352e-07,8.996618e-08,CDRIA-2050-noCR,1500Mt-noCostDecrease,NY,missing,coal_base_conv pul 2011-2015,missing,missing,missing,missing,missing,missing,missing,missing,EJ
2345,0.0,0.0,0.0,0.000732323,0.002631574,0.0053838509999999,0.0073073009999999,0.0084096999999999,0.008749972,CDRIA-2050-noCR,1500Mt-noCostDecrease,NY,missing,coal_base_conv pul_CCS,missing,missing,missing,missing,missing,missing,missing,missing,EJ
2346,0.05196684,0.04246869,0.0,0.0,0.0,0.0,0.0,0.0,0.0,CDRIA-2050-noCR,1500Mt-noCostDecrease,NY,missing,coal_base_conv pul_retire_2020,missing,missing,missing,missing,missing,missing,missing,missing,EJ
2347,0.0,0.0,0.0,0.0001005764,0.0003653832,0.0007853525000000001,0.0011588666,0.0019013281,0.0025813239,CDRIA-2050-noCR,1500Mt-noCostDecrease,NY,missing,coal_int_IGCC_CCS,missing,missing,missing,missing,missing,missing,missing,missing,EJ
2348,0.006318998,0.005164095,0.0,0.0,0.0,0.0,0.0,0.0,0.0,CDRIA-2050-noCR,1500Mt-noCostDecrease,NY,missing,coal_int_conv pul,missing,missing,missing,missing,missing,missing,missing,missing,EJ
2349,0.0,0.0,2.613816e-05,2.443994e-05,1.6637810000000003e-05,0.0,0.0,0.0,0.0,CDRIA-2050-noCR,1500Mt-noCostDecrease,NY,missing,coal_int_conv pul 1951-1955,missing,missing,missing,missing,missing,missing,missing,missing,EJ
2350,0.0,0.0,4.129176e-06,4.013545e-06,3.135191e-06,1.3492148e-06,0.0,0.0,0.0,CDRIA-2050-noCR,1500Mt-noCostDecrease,NY,missing,coal_int_conv pul 1956-1960,missing,missing,missing,missing,missing,missing,missing,missing,EJ
2351,0.0,0.0,3.149628e-07,3.121556000000001e-07,2.639439e-07,1.4563752e-07,1.0877864000000002e-07,0.0,0.0,CDRIA-2050-noCR,1500Mt-noCostDecrease,NY,missing,coal_int_conv pul 1961-1965,missing,missing,missing,missing,missing,missing,missing,missing,EJ
2352,0.0,0.0,6.256909e-05,6.238329e-05,5.413747999999999e-05,3.310148e-05,3.315743e-05,8.496456e-06,0.0,CDRIA-2050-noCR,1500Mt-noCostDecrease,NY,missing,coal_int_conv pul 1966-1970,missing,missing,missing,missing,missing,missing,missing,missing,EJ
2353,0.0,0.0,0.000191628,0.0001915479,0.00016812969999999998,0.00010800354,0.00013144534,5.989042e-05,5.061108e-05,CDRIA-2050-noCR,1500Mt-noCostDecrease,NY,missing,coal_int_conv pul 1981-1985,missing,missing,missing,missing,missing,missing,missing,missing,EJ
2354,0.0,0.0,5.389335e-05,5.387199e-05,4.729071e-05,3.039278e-05,3.706625e-05,1.704404e-05,1.4972764e-05,CDRIA-2050-noCR,1500Mt-noCostDecrease,NY,missing,coal_int_conv pul 1986-1990,missing,missing,missing,missing,missing,missing,missing,missing,EJ
2355,0.0,0.0,2.786101e-06,2.785043e-06,2.444982e-06,1.5718390000000002e-06,1.919708e-06,8.88364e-07,8.025628e-07,CDRIA-2050-noCR,1500Mt-noCostDecrease,NY,missing,coal_int_conv pul 2011-2015,missing,missing,missing,missing,missing,missing,missing,missing,EJ
2356,0.0,0.0,0.0,0.0001254351,0.0004312735,0.0008878329000000001,0.001276809,0.00201657,0.00267522,CDRIA-2050-noCR,1500Mt-noCostDecrease,NY,missing,coal_int_conv pul_CCS,missing,missing,missing,missing,missing,missing,missing,missing,EJ
2357,0.0129916559999999,0.0106171999999999,0.0,0.0,0.0,0.0,0.0,0.0,0.0,CDRIA-2050-noCR,1500Mt-noCostDecrease,NY,missing,coal_int_conv pul_retire_2020,missing,missing,missing,missing,missing,missing,missing,missing,EJ
2358,0.0,0.02429069,0.03355663,0.03656648,0.0368389399999999,0.031206467,0.03523748,0.0152303569999999,0.00964378,CDRIA-2050-noCR,1500Mt-noCostDecrease,NY,missing,gas_base_CC,missing,missing,missing,missing,missing,missing,missing,missing,EJ
2359,0.0,0.0,0.0,0.002099436,0.007807983,0.016419803,0.0221568979999999,0.0254776109999999,0.0251292479999999,CDRIA-2050-noCR,1500Mt-noCostDecrease,NY,missing,gas_base_CC_CCS,missing,missing,missing,missing,missing,missing,missing,missing,EJ
2360,0.0656147,0.0939015999999999,0.16517016,0.1596953599999999,0.14365581,0.12965778,0.12131365,0.1067513799999999,0.09833454,CDRIA-2050-noCR,1500Mt-noCostDecrease,NY,missing,gas_int_CC,missing,missing,missing,missing,missing,missing,missing,missing,EJ
2361,0.0,0.0,0.0,0.0014455989999999,0.003909436,0.007563403,0.0107504859999999,0.016756091,0.0219910899999999,CDRIA-2050-noCR,1500Mt-noCostDecrease,NY,missing,gas_int_CC_CCS,missing,missing,missing,missing,missing,missing,missing,missing,EJ
2362,0.0,0.002079816,0.00145623547,0.001317856263,0.001081708336,0.000871696358,0.0007198882399999998,0.0005018185129999999,0.000355255824,CDRIA-2050-noCR,1500Mt-noCostDecrease,NY,missing,gas_peak_CC,missing,missing,missing,missing,missing,missing,missing,missing,EJ
2363,0.0,0.0,0.0,1.88746e-07,4.5444240000000006e-07,8.122731000000001e-07,1.0897305e-06,1.8152181e-06,2.898299e-06,CDRIA-2050-noCR,1500Mt-noCostDecrease,NY,missing,gas_peak_CC_CCS,missing,missing,missing,missing,missing,missing,missing,missing,EJ
2364,0.0,0.000731506,0.00067334694,0.0005517340700000001,0.000288242885,0.000202820504,0.00021919126000000003,0.00011335616300000002,7.8588306e-05,CDRIA-2050-noCR,1500Mt-noCostDecrease,NY,missing,gas_peak_steam/CT,missing,missing,missing,missing,missing,missing,missing,missing,EJ
2365,0.00418797,0.00829527,0.0105303343,0.0096506088,0.008195374,0.0068456208,0.0057540965,0.0044146783,0.0035177204,CDRIA-2050-noCR,1500Mt-noCostDecrease,NY,missing,gas_subpeak_CC,missing,missing,missing,missing,missing,missing,missing,missing,EJ
2366,0.0,0.0,0.0,1.099648e-05,2.6590170000000003e-05,4.745366000000001e-05,6.422244e-05,0.00010922549000000002,0.00016248036000000003,CDRIA-2050-noCR,1500Mt-noCostDecrease,NY,missing,gas_subpeak_CC_CCS,missing,missing,missing,missing,missing,missing,missing,missing,EJ
2367,0.003102553,0.0029177839999999,0.005293881,0.0044725521999999,0.0026336587,0.0020081096,0.0021406209999999,0.0013332338,0.0010675378,CDRIA-2050-noCR,1500Mt-noCostDecrease,NY,missing,gas_subpeak_steam/CT,missing,missing,missing,missing,missing,missing,missing,missing,EJ
2368,0.0952017,0.0945621,0.111338,0.111168,0.111046,0.111063,0.110814,0.109885,0.110007,CDRIA-2050-noCR,1500Mt-noCostDecrease,NY,missing,hydro_base,missing,missing,missing,missing,missing,missing,missing,missing,EJ
2369,0.0901483,0.1584107,0.1639170999999999,0.15128,0.1079357,0.0433057,0.0,0.0,0.0,CDRIA-2050-noCR,1500Mt-noCostDecrease,NY,missing,nuc_base_Gen II,missing,missing,missing,missing,missing,missing,missing,missing,EJ
2370,0.0,0.0,0.0,0.0,0.0109339,0.0285576,0.0400515,0.0513478,0.0570930999999999,CDRIA-2050-noCR,1500Mt-noCostDecrease,NY,missing,nuc_base_Gen III,missing,missing,missing,missing,missing,missing,missing,missing,EJ
2371,0.0371706699999999,0.00902848,0.000840299,0.000962571,0.000624343,0.000362298,0.0003375256,6.745650000000001e-05,3.047822e-05,CDRIA-2050-noCR,1500Mt-noCostDecrease,NY,missing,refined liquids_base_steam/CT,missing,missing,missing,missing,missing,missing,missing,missing,EJ
2372,0.0708129,0.0722278,0.0,0.0,0.0,0.0,0.0,0.0,0.0,CDRIA-2050-noCR,1500Mt-noCostDecrease,NY,missing,refined liquids_int_steam/CT,missing,missing,missing,missing,missing,missing,missing,missing,EJ
2373,0.00241187,0.0,0.0,0.0,0.0,0.0,0.0,0.0,0.0,CDRIA-2050-noCR,1500Mt-noCostDecrease,NY,missing,refined liquids_peak_steam/CT,missing,missing,missing,missing,missing,missing,missing,missing,EJ
2374,0.0100749599999999,0.00902847,0.0,0.0,0.0,0.0,0.0,0.0,0.0,CDRIA-2050-noCR,1500Mt-noCostDecrease,NY,missing,refined liquids_subpeak_steam/CT,missing,missing,missing,missing,missing,missing,missing,missing,EJ
2375,0.0,0.0,0.000319443,0.00267053,0.00723106,0.0115695,0.0152554,0.0172133,0.0185449,CDRIA-2050-noCR,1500Mt-noCostDecrease,NY,missing,rooftop_pv,missing,missing,missing,missing,missing,missing,missing,missing,EJ
2376,0.0,0.000372299,0.0292921999999999,0.0467111,0.0847202,0.1327156,0.1601049,0.1722978,0.1718768,CDRIA-2050-noCR,1500Mt-noCostDecrease,NY,missing,wind_base,missing,missing,missing,missing,missing,missing,missing,missing,EJ
2377,0.0,0.0,0.0,0.00173326,0.01228816,0.03045726,0.04330016,0.05751166,0.06419651,CDRIA-2050-noCR,1500Mt-noCostDecrease,NY,missing,wind_base_offshore,missing,missing,missing,missing,missing,missing,missing,missing,EJ
2378,0.0,0.0,0.00043005,0.000886804,0.0019153339999999,0.0034490939999999,0.004406398,0.005329568,0.005365803,CDRIA-2050-noCR,1500Mt-noCostDecrease,NY,missing,wind_base_storage,missing,missing,missing,missing,missing,missing,missing,missing,EJ
2379,0.0,0.0,9.71997e-05,9.832163e-05,0.00020046363,0.00044881163,0.00059953463,0.0008211816299999999,0.00084383693,CDRIA-2050-noCR,1500Mt-noCostDecrease,NC,missing,PV_base_storage,missing,missing,missing,missing,missing,missing,missing,missing,EJ
2380,0.0,0.0,0.00550678,0.00890132,0.02240982,0.03586942,0.04357005,0.05822355,0.06429537,CDRIA-2050-noCR,1500Mt-noCostDecrease,NC,missing,PV_int,missing,missing,missing,missing,missing,missing,missing,missing,EJ
2381,0.0,0.0,0.00026474,0.00039280300000000005,0.0007531980000000001,0.000998588,0.001136346,0.001446383,0.001607785,CDRIA-2050-noCR,1500Mt-noCostDecrease,NC,missing,PV_peak,missing,missing,missing,missing,missing,missing,missing,missing,EJ
2382,0.0,0.0,0.0079654699999999,0.0088234539999999,0.0112061939999999,0.0129006439999999,0.0139271939999999,0.010606724,0.011465024,CDRIA-2050-noCR,1500Mt-noCostDecrease,NC,missing,PV_subpeak,missing,missing,missing,missing,missing,missing,missing,missing,EJ
2383,0.0,0.0,0.000492376,1.183392e-05,0.000580384822,0.001494579913,0.001043164201,0.001448020276,0.0008269665302,CDRIA-2050-noCR,1500Mt-noCostDecrease,NC,missing,biogas_base_CC,missing,missing,missing,missing,missing,missing,missing,missing,EJ
2384,0.0,0.0,0.0,3.19671e-06,0.0003996166276,0.001396440547,0.001027170838,0.002041831412,0.001383686719,CDRIA-2050-noCR,1500Mt-noCostDecrease,NC,missing,biogas_base_CC_CCS,missing,missing,missing,missing,missing,missing,missing,missing,EJ
2385,0.0,0.0,0.000267945,0.0001109156,0.00043200544,0.0008459187,0.0008530095,0.0020233125,0.0024172849,CDRIA-2050-noCR,1500Mt-noCostDecrease,NC,missing,biogas_int_CC,missing,missing,missing,missing,missing,missing,missing,missing,EJ
2386,0.0,0.0,0.0,3.79959e-05,0.00019679563,0.00048015023,0.00052523288,0.0016402127,0.002339926,CDRIA-2050-noCR,1500Mt-noCostDecrease,NC,missing,biogas_int_CC_CCS,missing,missing,missing,missing,missing,missing,missing,missing,EJ
2387,0.0,0.0,3.19388e-07,1.4321774e-07,4.184368e-07,5.565568e-07,5.07481e-07,1.3838411e-06,2.1995461e-06,CDRIA-2050-noCR,1500Mt-noCostDecrease,NC,missing,biogas_peak_CC,missing,missing,missing,missing,missing,missing,missing,missing,EJ
2388,0.0,0.0,0.0,2.01448e-08,6.3881491e-08,9.047373e-08,8.801969e-08,2.9174152e-07,5.1994838e-07,CDRIA-2050-noCR,1500Mt-noCostDecrease,NC,missing,biogas_peak_CC_CCS,missing,missing,missing,missing,missing,missing,missing,missing,EJ
2389,0.0,0.0,2.994047e-07,1.22898508e-07,3.57193956e-07,4.36710223e-07,3.24178308e-07,9.46967017e-07,1.4216323219999998e-06,CDRIA-2050-noCR,1500Mt-noCostDecrease,NC,missing,biogas_peak_steam/CT,missing,missing,missing,missing,missing,missing,missing,missing,EJ
2390,0.0,0.0,7.75885e-06,3.984457e-06,1.2152816e-05,1.720635e-05,1.7697973e-05,5.4661465e-05,7.1514581e-05,CDRIA-2050-noCR,1500Mt-noCostDecrease,NC,missing,biogas_subpeak_CC,missing,missing,missing,missing,missing,missing,missing,missing,EJ
2391,0.0,0.0,0.0,7.61234e-07,2.7046740000000003e-06,4.2812116e-06,4.711536e-06,1.768821e-05,2.7560781e-05,CDRIA-2050-noCR,1500Mt-noCostDecrease,NC,missing,biogas_subpeak_CC_CCS,missing,missing,missing,missing,missing,missing,missing,missing,EJ
2392,0.0,0.0,5.29392e-06,2.46924298e-06,7.704912350000002e-06,9.89042582e-06,8.054725480000001e-06,2.80371787e-05,3.06802751e-05,CDRIA-2050-noCR,1500Mt-noCostDecrease,NC,missing,biogas_subpeak_steam/CT,missing,missing,missing,missing,missing,missing,missing,missing,EJ
2393,0.0,0.0,0.00012607329999999998,9.5019084e-05,0.000198072125,0.0005206505769999999,0.000722369632,0.001231432825,0.0013291335129999,CDRIA-2050-noCR,1500Mt-noCostDecrease,NC,missing,biomass_base_IGCC,missing,missing,missing,missing,missing,missing,missing,missing,EJ
2394,0.0,0.0,0.0,5.50783e-07,9.0343627e-05,0.000887016482,0.001421592483,0.0062006281969999,0.009842657672,CDRIA-2050-noCR,1500Mt-noCostDecrease,NC,missing,biomass_base_IGCC_CCS,missing,missing,missing,missing,missing,missing,missing,missing,EJ
2395,0.0002205142,0.0009970055,0.0004834381,0.0006045953399999999,0.00096971723,0.00142690603,0.00146573727,0.0017013369449999,0.001446383686,CDRIA-2050-noCR,1500Mt-noCostDecrease,NC,missing,biomass_base_conv,missing,missing,missing,missing,missing,missing,missing,missing,EJ
2396,0.0,0.0,0.0,6.1694e-07,0.000131343291,0.001997575938,0.0030999759399999,0.028869053706,0.049401623652,CDRIA-2050-noCR,1500Mt-noCostDecrease,NC,missing,biomass_base_conv_CCS,missing,missing,missing,missing,missing,missing,missing,missing,EJ
2397,0.0,0.0,6.54714e-05,7.235063999999999e-05,0.00010467291,0.00016906372,0.00021555738,0.00034133432,0.00045211489,CDRIA-2050-noCR,1500Mt-noCostDecrease,NC,missing,biomass_int_IGCC,missing,missing,missing,missing,missing,missing,missing,missing,EJ
2398,0.0,0.0,0.0,5.15456e-06,2.48088e-05,7.486112e-05,0.00011322792000000002,0.00026524445,0.00041440728,CDRIA-2050-noCR,1500Mt-noCostDecrease,NC,missing,biomass_int_IGCC_CCS,missing,missing,missing,missing,missing,missing,missing,missing,EJ
2399,0.0002205131,0.0009970054,0.0010288133,0.0011803357999999,0.0011181728,0.0014488976999999,0.0014189003999999,0.0015278130999999,0.0015166622,CDRIA-2050-noCR,1500Mt-noCostDecrease,NC,missing,biomass_int_conv,missing,missing,missing,missing,missing,missing,missing,missing,EJ
2400,0.0,0.0,0.0,7.70285e-06,4.090941e-05,0.00013961194,0.00021129795,0.0005532769699999999,0.0008842653899999999,CDRIA-2050-noCR,1500Mt-noCostDecrease,NC,missing,biomass_int_conv_CCS,missing,missing,missing,missing,missing,missing,missing,missing,EJ
2401,0.0,0.0,0.0,1.9279880000000004e-05,0.00139717394,0.00462656247,0.0067925590399999,0.00971237762,0.0113121498199999,CDRIA-2050-noCR,1500Mt-noCostDecrease,NC,missing,coal_base_IGCC_CCS,missing,missing,missing,missing,missing,missing,missing,missing,EJ
2402,0.0646108,0.1217424,0.0,0.0,0.0,0.0,0.0,0.0,0.0,CDRIA-2050-noCR,1500Mt-noCostDecrease,NC,missing,coal_base_conv pul,missing,missing,missing,missing,missing,missing,missing,missing,EJ
2403,0.0,0.0,0.0001752383,0.0001503873,6.74508e-05,0.0,0.0,0.0,0.0,CDRIA-2050-noCR,1500Mt-noCostDecrease,NC,missing,coal_base_conv pul 1951-1955,missing,missing,missing,missing,missing,missing,missing,missing,EJ
2404,0.0,0.0,0.001365611,0.000989582,0.0,0.0,0.0,0.0,0.0,CDRIA-2050-noCR,1500Mt-noCostDecrease,NC,missing,coal_base_conv pul 1956-1960,missing,missing,missing,missing,missing,missing,missing,missing,EJ
2405,0.0,0.0,0.005976998,0.005683985,0.003418944,0.0004557598,0.0,0.0,0.0,CDRIA-2050-noCR,1500Mt-noCostDecrease,NC,missing,coal_base_conv pul 1961-1965,missing,missing,missing,missing,missing,missing,missing,missing,EJ
2406,0.0,0.0,0.0317947,0.03170896,0.02298807,0.0052633379999999,0.004921823,0.0002139425,0.0,CDRIA-2050-noCR,1500Mt-noCostDecrease,NC,missing,coal_base_conv pul 1966-1970,missing,missing,missing,missing,missing,missing,missing,missing,EJ
2407,0.0,0.0,0.0352733999999999,0.03523234,0.02571732,0.006063185,0.0063269899999999,0.00035994660000000003,8.59426e-05,CDRIA-2050-noCR,1500Mt-noCostDecrease,NC,missing,coal_base_conv pul 1971-1975,missing,missing,missing,missing,missing,missing,missing,missing,EJ
2408,0.0,0.0,0.005401388,0.005400121,0.003958086,0.00095039,0.001071141,7.9971e-05,3.498142e-05,CDRIA-2050-noCR,1500Mt-noCostDecrease,NC,missing,coal_base_conv pul 1976-1980,missing,missing,missing,missing,missing,missing,missing,missing,EJ
2409,0.0,0.0,0.004630622,0.00462988,0.0033946899999999,0.000816368,0.000926392,7.12192e-05,3.476423e-05,CDRIA-2050-noCR,1500Mt-noCostDecrease,NC,missing,coal_base_conv pul 1981-1985,missing,missing,missing,missing,missing,missing,missing,missing,EJ
2410,0.0,0.0,0.0,0.0,0.0,0.0,0.0,0.0,0.0,CDRIA-2050-noCR,1500Mt-noCostDecrease,NC,missing,coal_base_conv pul 1986-1990,missing,missing,missing,missing,missing,missing,missing,missing,EJ
2411,0.0,0.0,0.0001574454,0.0001574275,0.0001154519,2.778999e-05,3.166616e-05,2.479352e-06,1.307143e-06,CDRIA-2050-noCR,1500Mt-noCostDecrease,NC,missing,coal_base_conv pul 1991-1995,missing,missing,missing,missing,missing,missing,missing,missing,EJ
2412,0.0,0.0,0.0133870999999999,0.01338567,0.00981687,0.00236329,0.002694474,0.0002115133,0.0001128013,CDRIA-2050-noCR,1500Mt-noCostDecrease,NC,missing,coal_base_conv pul 2011-2015,missing,missing,missing,missing,missing,missing,missing,missing,EJ
2413,0.0,0.0,0.0003792392,0.0,0.0,0.0,0.0,0.0,0.0,CDRIA-2050-noCR,1500Mt-noCostDecrease,NC,missing,coal_base_conv pul before 1950,missing,missing,missing,missing,missing,missing,missing,missing,EJ
2414,0.0,0.0,0.0,2.29639e-05,0.00154369981,0.0049062475299999,0.0070883313999999,0.00985357602,0.0112939455,CDRIA-2050-noCR,1500Mt-noCostDecrease,NC,missing,coal_base_conv pul_CCS,missing,missing,missing,missing,missing,missing,missing,missing,EJ
2415,0.01676475,0.03158895,0.0,0.0,0.0,0.0,0.0,0.0,0.0,CDRIA-2050-noCR,1500Mt-noCostDecrease,NC,missing,coal_base_conv pul_retire_2020,missing,missing,missing,missing,missing,missing,missing,missing,EJ
2416,0.0,0.0,0.0,4.8562e-05,0.0001644716,0.0003692717,0.0005275045999999999,0.0009298106,0.0012937949,CDRIA-2050-noCR,1500Mt-noCostDecrease,NC,missing,coal_int_IGCC_CCS,missing,missing,missing,missing,missing,missing,missing,missing,EJ
2417,0.0746456,0.1050791,0.0,0.0,0.0,0.0,0.0,0.0,0.0,CDRIA-2050-noCR,1500Mt-noCostDecrease,NC,missing,coal_int_conv pul,missing,missing,missing,missing,missing,missing,missing,missing,EJ
2418,0.0,0.0,2.590075e-05,2.222463e-05,1.123265e-05,0.0,0.0,0.0,0.0,CDRIA-2050-noCR,1500Mt-noCostDecrease,NC,missing,coal_int_conv pul 1951-1955,missing,missing,missing,missing,missing,missing,missing,missing,EJ
2419,0.0,0.0,0.000201841,0.0001462426,0.0,0.0,0.0,0.0,0.0,CDRIA-2050-noCR,1500Mt-noCostDecrease,NC,missing,coal_int_conv pul 1956-1960,missing,missing,missing,missing,missing,missing,missing,missing,EJ
2420,0.0,0.0,0.000883418,0.0008399919999999999,0.0005693606000000001,0.00015936390000000002,0.0,0.0,0.0,CDRIA-2050-noCR,1500Mt-noCostDecrease,NC,missing,coal_int_conv pul 1961-1965,missing,missing,missing,missing,missing,missing,missing,missing,EJ
2421,0.0,0.0,0.004699357,0.004686026,0.003828225,0.001840418,0.002023487,0.000441564,0.0,CDRIA-2050-noCR,1500Mt-noCostDecrease,NC,missing,coal_int_conv pul 1966-1970,missing,missing,missing,missing,missing,missing,missing,missing,EJ
2422,0.0,0.0,0.005213506,0.005206708,0.004282734,0.002120096,0.002601186,0.000742909,0.0003161918,CDRIA-2050-noCR,1500Mt-noCostDecrease,NC,missing,coal_int_conv pul 1971-1975,missing,missing,missing,missing,missing,missing,missing,missing,EJ
2423,0.0,0.0,0.0007983420000000001,0.0007980419999999999,0.0006591430000000001,0.0003323192,0.0004403733,0.0001650554,0.0001287002,CDRIA-2050-noCR,1500Mt-noCostDecrease,NC,missing,coal_int_conv pul 1976-1980,missing,missing,missing,missing,missing,missing,missing,missing,EJ
2424,0.0,0.0,0.0006844199999999999,0.000684214,0.0005653216999999999,0.000285456,0.0003808632,0.0001469922,0.0001279015,CDRIA-2050-noCR,1500Mt-noCostDecrease,NC,missing,coal_int_conv pul 1981-1985,missing,missing,missing,missing,missing,missing,missing,missing,EJ
2425,0.0,0.0,0.0,0.0,0.0,0.0,0.0,0.0,0.0,CDRIA-2050-noCR,1500Mt-noCostDecrease,NC,missing,coal_int_conv pul 1986-1990,missing,missing,missing,missing,missing,missing,missing,missing,EJ
2426,0.0,0.0,2.327089e-05,2.326497e-05,1.922633e-05,9.71723e-06,1.3018749999999998e-05,5.117231e-06,4.809119999999999e-06,CDRIA-2050-noCR,1500Mt-noCostDecrease,NC,missing,coal_int_conv pul 1991-1995,missing,missing,missing,missing,missing,missing,missing,missing,EJ
2427,0.0,0.0,0.001978648,0.001978162,0.001634814,0.000826361,0.001107766,0.0004365513,0.0004150076,CDRIA-2050-noCR,1500Mt-noCostDecrease,NC,missing,coal_int_conv pul 2011-2015,missing,missing,missing,missing,missing,missing,missing,missing,EJ
2428,0.0,0.0,5.605278e-05,0.0,0.0,0.0,0.0,0.0,0.0,CDRIA-2050-noCR,1500Mt-noCostDecrease,NC,missing,coal_int_conv pul before 1950,missing,missing,missing,missing,missing,missing,missing,missing,EJ
2429,0.0,0.0,0.0,6.15172e-05,0.0001971083,0.0004221131,0.0005884527,0.0009925895,0.0013478206,CDRIA-2050-noCR,1500Mt-noCostDecrease,NC,missing,coal_int_conv pul_CCS,missing,missing,missing,missing,missing,missing,missing,missing,EJ
2430,0.0193685,0.02726526,0.0,0.0,0.0,0.0,0.0,0.0,0.0,CDRIA-2050-noCR,1500Mt-noCostDecrease,NC,missing,coal_int_conv pul_retire_2020,missing,missing,missing,missing,missing,missing,missing,missing,EJ
2431,0.0005879819,0.0,0.0,0.0,0.0,0.0,0.0,0.0,0.0,CDRIA-2050-noCR,1500Mt-noCostDecrease,NC,missing,coal_peak_conv pul,missing,missing,missing,missing,missing,missing,missing,missing,EJ
2432,0.00015256550000000002,0.0,0.0,0.0,0.0,0.0,0.0,0.0,0.0,CDRIA-2050-noCR,1500Mt-noCostDecrease,NC,missing,coal_peak_conv pul_retire_2020,missing,missing,missing,missing,missing,missing,missing,missing,EJ
2433,0.004369704,0.0,0.0,0.0,0.0,0.0,0.0,0.0,0.0,CDRIA-2050-noCR,1500Mt-noCostDecrease,NC,missing,coal_subpeak_conv pul,missing,missing,missing,missing,missing,missing,missing,missing,EJ
2434,0.001133821,0.0,0.0,0.0,0.0,0.0,0.0,0.0,0.0,CDRIA-2050-noCR,1500Mt-noCostDecrease,NC,missing,coal_subpeak_conv pul_retire_2020,missing,missing,missing,missing,missing,missing,missing,missing,EJ
2435,0.0,0.0,0.02982506,0.029404105,0.038983344,0.048399384,0.056227722,0.040797601,0.030588343,CDRIA-2050-noCR,1500Mt-noCostDecrease,NC,missing,gas_base_CC,missing,missing,missing,missing,missing,missing,missing,missing,EJ
2436,0.0,0.0,0.0,7.58341e-05,0.0067328312,0.0219360225,0.0317724317,0.0454196791,0.0518384436,CDRIA-2050-noCR,1500Mt-noCostDecrease,NC,missing,gas_base_CC_CCS,missing,missing,missing,missing,missing,missing,missing,missing,EJ
2437,0.000587634,0.00766204,0.1100913999999999,0.10523447,0.09541244,0.08526527,0.07954683,0.0708295099999999,0.06615642,CDRIA-2050-noCR,1500Mt-noCostDecrease,NC,missing,gas_int_CC,missing,missing,missing,missing,missing,missing,missing,missing,EJ
2438,0.0,0.0,0.0,0.00055198,0.001990399,0.00431245,0.006077404,0.010278136,0.013893657,CDRIA-2050-noCR,1500Mt-noCostDecrease,NC,missing,gas_int_CC_CCS,missing,missing,missing,missing,missing,missing,missing,missing,EJ
2439,2.30015e-05,0.000385999,0.00104920485,0.000953875548,0.000791035275,0.000623517759,0.0005136105879999999,0.000355902525,0.000252579212,CDRIA-2050-noCR,1500Mt-noCostDecrease,NC,missing,gas_peak_CC,missing,missing,missing,missing,missing,missing,missing,missing,EJ
2440,0.0,0.0,0.0,6.25132e-08,1.856355e-07,3.357017e-07,4.466866e-07,7.828392e-07,1.2959469e-06,CDRIA-2050-noCR,1500Mt-noCostDecrease,NC,missing,gas_peak_CC_CCS,missing,missing,missing,missing,missing,missing,missing,missing,EJ
2441,1.7001082299999998e-05,0.00013579975,0.0005296555536000001,0.00045569447659,0.00023921932114,0.00014485463101000004,0.00015745447838999994,7.902342213000001e-05,5.633581362000001e-05,CDRIA-2050-noCR,1500Mt-noCostDecrease,NC,missing,gas_peak_steam/CT,missing,missing,missing,missing,missing,missing,missing,missing,EJ
2442,0.000153009,0.00256881,0.007218704,0.0066127799999999,0.0056384922,0.0046060745,0.0038361412,0.0029155487,0.0022982961,CDRIA-2050-noCR,1500Mt-noCostDecrease,NC,missing,gas_subpeak_CC,missing,missing,missing,missing,missing,missing,missing,missing,EJ
2443,0.0,0.0,0.0,3.5627e-06,1.102045e-05,2.03107e-05,2.773946e-05,5.444669e-05,8.290922e-05,CDRIA-2050-noCR,1500Mt-noCostDecrease,NC,missing,gas_subpeak_CC_CCS,missing,missing,missing,missing,missing,missing,missing,missing,EJ
2444,0.000113306775,0.00090360416,0.0037649509449999,0.0033139823169999,0.001974920647,0.0013159942476,0.0014004862394,0.0008461501737,0.0006812162836999998,CDRIA-2050-noCR,1500Mt-noCostDecrease,NC,missing,gas_subpeak_steam/CT,missing,missing,missing,missing,missing,missing,missing,missing,EJ
2445,0.0230515,0.01712,0.0203001,0.0202689,0.0202468,0.0202498,0.0202045,0.020035,0.0200573,CDRIA-2050-noCR,1500Mt-noCostDecrease,NC,missing,hydro_base,missing,missing,missing,missing,missing,missing,missing,missing,EJ
2446,0.0988609,0.1492248,0.1578238,0.1577303,0.1568938999999999,0.1498596999999999,0.1072607,0.03048913,0.0,CDRIA-2050-noCR,1500Mt-noCostDecrease,NC,missing,nuc_base_Gen II,missing,missing,missing,missing,missing,missing,missing,missing,EJ
2447,0.0,0.0,0.0,0.0,0.00713304,0.02454643,0.03522382,0.0511143099999999,0.05981276,CDRIA-2050-noCR,1500Mt-noCostDecrease,NC,missing,nuc_base_Gen III,missing,missing,missing,missing,missing,missing,missing,missing,EJ
2448,0.0,0.0,0.00027885281,0.00049176141,0.00035556983,0.00020961237,0.00016658218,3.4622433e-05,1.4810767e-05,CDRIA-2050-noCR,1500Mt-noCostDecrease,NC,missing,refined liquids_base_steam/CT,missing,missing,missing,missing,missing,missing,missing,missing,EJ
2449,0.00063513687,0.0009504054,0.0,0.0,0.0,0.0,0.0,0.0,0.0,CDRIA-2050-noCR,1500Mt-noCostDecrease,NC,missing,refined liquids_int_steam/CT,missing,missing,missing,missing,missing,missing,missing,missing,EJ
2450,0.0,0.0,0.0,0.0,0.0,0.0,0.0,0.0,0.0,CDRIA-2050-noCR,1500Mt-noCostDecrease,NC,missing,refined liquids_peak_steam/CT,missing,missing,missing,missing,missing,missing,missing,missing,EJ
2451,0.00015880937,0.000237601,0.0,0.0,0.0,0.0,0.0,0.0,0.0,CDRIA-2050-noCR,1500Mt-noCostDecrease,NC,missing,refined liquids_subpeak_steam/CT,missing,missing,missing,missing,missing,missing,missing,missing,EJ
2452,0.0,0.0,0.000448448,0.00638989,0.0175028,0.0216065,0.025309,0.0261608,0.0306013,CDRIA-2050-noCR,1500Mt-noCostDecrease,NC,missing,rooftop_pv,missing,missing,missing,missing,missing,missing,missing,missing,EJ
2453,0.0,0.0,0.00486965,0.0049669095,0.0114887595,0.0254892595,0.0339539395,0.0455922395,0.0476872695,CDRIA-2050-noCR,1500Mt-noCostDecrease,NC,missing,wind_base,missing,missing,missing,missing,missing,missing,missing,missing,EJ
2454,0.0,0.0,0.0,2.19124e-05,0.0045461824,0.0191410824,0.0304514824,0.0495772824,0.06281537,CDRIA-2050-noCR,1500Mt-noCostDecrease,NC,missing,wind_base_offshore,missing,missing,missing,missing,missing,missing,missing,missing,EJ
2455,0.0,0.0,0.000250169,0.00025446375,0.00054149775,0.00120147175,0.00160382275,0.00219529375,0.00227436575,CDRIA-2050-noCR,1500Mt-noCostDecrease,NC,missing,wind_base_storage,missing,missing,missing,missing,missing,missing,missing,missing,EJ
2456,0.0,0.0,2.92616e-05,5.33245e-05,0.0002384675,0.0005972235,0.0006898021,0.0009071121,0.0009649485,CDRIA-2050-noCR,1500Mt-noCostDecrease,ND,missing,CSP_base_storage,missing,missing,missing,missing,missing,missing,missing,missing,EJ
2457,0.0,0.0,0.000298346,0.000597352,0.0017485,0.00418992,0.005089144,0.0092273839999999,0.011438138,CDRIA-2050-noCR,1500Mt-noCostDecrease,ND,missing,CSP_int,missing,missing,missing,missing,missing,missing,missing,missing,EJ
2458,0.0,0.0,8.62048e-06,1.404762e-05,2.73209e-05,3.59975e-05,5.121874e-05,7.171394000000001e-05,0.00011179846,CDRIA-2050-noCR,1500Mt-noCostDecrease,ND,missing,CSP_peak,missing,missing,missing,missing,missing,missing,missing,missing,EJ
2459,7.00016e-07,7.00008e-07,8.031960000000001e-06,1.712408e-05,4.396947999999999e-05,5.338468e-05,9.616408e-05,0.0005662541999999999,0.0006702453199999999,CDRIA-2050-noCR,1500Mt-noCostDecrease,ND,missing,CSP_subpeak,missing,missing,missing,missing,missing,missing,missing,missing,EJ
2460,0.0,0.0,3.65579e-06,6.95816e-06,3.329056e-05,8.553795999999999e-05,9.923576e-05,0.00013172626,0.00014118307,CDRIA-2050-noCR,1500Mt-noCostDecrease,ND,missing,PV_base_storage,missing,missing,missing,missing,missing,missing,missing,missing,EJ
2461,0.0,0.0,0.00179435,0.00385984,0.0113798399999999,0.02053416,0.02344562,0.03210862,0.03533761,CDRIA-2050-noCR,1500Mt-noCostDecrease,ND,missing,PV_int,missing,missing,missing,missing,missing,missing,missing,missing,EJ
2462,0.0,0.0,5.18461e-05,8.933589999999999e-05,0.00017604509999999998,0.0002085789,0.0002578615,0.0003007664,0.0003464303,CDRIA-2050-noCR,1500Mt-noCostDecrease,ND,missing,PV_peak,missing,missing,missing,missing,missing,missing,missing,missing,EJ
2463,0.0,0.0,2.42501e-05,8.7057e-05,0.000262428,0.0002977312,0.0004362402,0.0014287001999999,0.0016207180999999,CDRIA-2050-noCR,1500Mt-noCostDecrease,ND,missing,PV_subpeak,missing,missing,missing,missing,missing,missing,missing,missing,EJ
2464,0.0,0.0,2.506e-05,2.4289382e-05,0.000201592928,0.000428286416,0.00013578085,0.000283684471,0.000120871889,CDRIA-2050-noCR,1500Mt-noCostDecrease,ND,missing,biogas_base_CC,missing,missing,missing,missing,missing,missing,missing,missing,EJ
2465,0.0,0.0,0.0,1.28498e-05,0.000141480005,0.00040244765,0.00013682957,0.000383295326,0.000190095289,CDRIA-2050-noCR,1500Mt-noCostDecrease,ND,missing,biogas_base_CC_CCS,missing,missing,missing,missing,missing,missing,missing,missing,EJ
2466,0.0,0.0,0.000136016,9.668977e-05,0.00027801618,0.0006715533,0.0003846854,0.0018138498,0.0018643779999999,CDRIA-2050-noCR,1500Mt-noCostDecrease,ND,missing,biogas_int_CC,missing,missing,missing,missing,missing,missing,missing,missing,EJ
2467,0.0,0.0,0.0,3.42236e-05,0.00012731828,0.00038449358,0.00024846813,0.0014140809,0.001824665,CDRIA-2050-noCR,1500Mt-noCostDecrease,ND,missing,biogas_int_CC_CCS,missing,missing,missing,missing,missing,missing,missing,missing,EJ
2468,0.0,0.0,9.83064e-08,6.309023e-08,1.1892546e-07,1.0428686000000001e-07,1.6885792000000004e-07,3.969929e-07,8.148974e-07,CDRIA-2050-noCR,1500Mt-noCostDecrease,ND,missing,biogas_peak_CC,missing,missing,missing,missing,missing,missing,missing,missing,EJ
2469,0.0,0.0,0.0,8.81829e-09,1.80892e-08,1.682081e-08,2.825699e-08,8.213057e-08,1.7723626e-07,CDRIA-2050-noCR,1500Mt-noCostDecrease,ND,missing,biogas_peak_CC_CCS,missing,missing,missing,missing,missing,missing,missing,missing,EJ
2470,0.0,0.0,9.19584e-08,5.360684899999999e-08,1.001842e-07,7.165706300000002e-08,1.17871144e-07,2.2944599300000003e-07,5.21938019e-07,CDRIA-2050-noCR,1500Mt-noCostDecrease,ND,missing,biogas_peak_steam/CT,missing,missing,missing,missing,missing,missing,missing,missing,EJ
2471,0.0,0.0,1.77221e-07,4.255708e-07,1.0311809e-06,5.37865e-07,1.8600645e-06,2.60265191e-05,1.67934698e-05,CDRIA-2050-noCR,1500Mt-noCostDecrease,ND,missing,biogas_subpeak_CC,missing,missing,missing,missing,missing,missing,missing,missing,EJ
2472,0.0,0.0,0.0,8.56463e-08,2.3293645e-07,1.426964e-07,4.826734e-07,7.6337191e-06,7.5359734e-06,CDRIA-2050-noCR,1500Mt-noCostDecrease,ND,missing,biogas_subpeak_CC_CCS,missing,missing,missing,missing,missing,missing,missing,missing,EJ
2473,0.0,0.0,1.2063880000000001e-07,2.75083838e-07,6.5884946e-07,2.5690080800000005e-07,1.069904227e-06,1.5915210313e-05,4.764460215000002e-06,CDRIA-2050-noCR,1500Mt-noCostDecrease,ND,missing,biogas_subpeak_steam/CT,missing,missing,missing,missing,missing,missing,missing,missing,EJ
2474,0.0,0.0,3.46199e-06,5.02863e-06,3.02494e-05,0.00010838,0.00012108572,0.000193894261,0.000173213171,CDRIA-2050-noCR,1500Mt-noCostDecrease,ND,missing,biomass_base_IGCC,missing,missing,missing,missing,missing,missing,missing,missing,EJ
2475,0.0,0.0,0.0,1.575629e-06,2.6849919e-05,0.000221279529,0.000279994929,0.001146400155,0.00164798859,CDRIA-2050-noCR,1500Mt-noCostDecrease,ND,missing,biomass_base_IGCC_CCS,missing,missing,missing,missing,missing,missing,missing,missing,EJ
2476,0.0,0.0,7.00679e-06,7.2050990000000005e-06,4.3852341000000006e-05,0.000151008615,0.000146262755,0.00021687784000000004,0.00015393532400000002,CDRIA-2050-noCR,1500Mt-noCostDecrease,ND,missing,biomass_base_conv,missing,missing,missing,missing,missing,missing,missing,missing,EJ
2477,0.0,0.0,0.0,1.696499e-06,3.7140929e-05,0.000478165794,0.000595154499,0.005152232946,0.007904872618,CDRIA-2050-noCR,1500Mt-noCostDecrease,ND,missing,biomass_base_conv_CCS,missing,missing,missing,missing,missing,missing,missing,missing,EJ
2478,0.0,0.0,3.16114e-06,4.977469e-06,1.0528843e-05,2.7745712e-05,3.4744744e-05,9.3411639e-05,0.000134220698,CDRIA-2050-noCR,1500Mt-noCostDecrease,ND,missing,biomass_int_IGCC,missing,missing,missing,missing,missing,missing,missing,missing,EJ
2479,0.0,0.0,0.0,8.50838e-07,4.211529e-06,1.8163368e-05,2.4288988e-05,9.4978026e-05,0.000149837895,CDRIA-2050-noCR,1500Mt-noCostDecrease,ND,missing,biomass_int_IGCC_CCS,missing,missing,missing,missing,missing,missing,missing,missing,EJ
2480,0.0,0.0,8.76029e-06,1.22265e-05,2.383851e-05,6.093814e-05,7.345374e-05,0.00018893994,0.00026201954,CDRIA-2050-noCR,1500Mt-noCostDecrease,ND,missing,biomass_int_conv,missing,missing,missing,missing,missing,missing,missing,missing,EJ
2481,0.0,0.0,0.0,1.229978e-06,6.733135e-06,3.3470077e-05,4.4578088000000007e-05,0.000199377568,0.000317792144,CDRIA-2050-noCR,1500Mt-noCostDecrease,ND,missing,biomass_int_conv_CCS,missing,missing,missing,missing,missing,missing,missing,missing,EJ
2482,0.0,0.0,0.0,0.0001190139,0.0007058551000000001,0.001823246,0.0021464831,0.0028288152,0.003107453,CDRIA-2050-noCR,1500Mt-noCostDecrease,ND,missing,coal_base_IGCC_CCS,missing,missing,missing,missing,missing,missing,missing,missing,EJ
2483,0.0557491,0.0698692,0.0,0.0,0.0,0.0,0.0,0.0,0.0,CDRIA-2050-noCR,1500Mt-noCostDecrease,ND,missing,coal_base_conv pul,missing,missing,missing,missing,missing,missing,missing,missing,EJ
2484,0.0,0.0,9.10036e-05,0.0,0.0,0.0,0.0,0.0,0.0,CDRIA-2050-noCR,1500Mt-noCostDecrease,ND,missing,coal_base_conv pul 1951-1955,missing,missing,missing,missing,missing,missing,missing,missing,EJ
2485,0.0,0.0,0.00064784,0.0,0.0,0.0,0.0,0.0,0.0,CDRIA-2050-noCR,1500Mt-noCostDecrease,ND,missing,coal_base_conv pul 1961-1965,missing,missing,missing,missing,missing,missing,missing,missing,EJ
2486,0.0,0.0,0.00639981,0.0063802699999999,0.0042741079999999,0.00108259,0.000961873,2.273955e-05,0.0,CDRIA-2050-noCR,1500Mt-noCostDecrease,ND,missing,coal_base_conv pul 1966-1970,missing,missing,missing,missing,missing,missing,missing,missing,EJ
2487,0.0,0.0,0.004954222,0.004949792,0.0033478899999999,0.000883997,0.000922349,3.379787e-05,1.280161e-05,CDRIA-2050-noCR,1500Mt-noCostDecrease,ND,missing,coal_base_conv pul 1971-1975,missing,missing,missing,missing,missing,missing,missing,missing,EJ
2488,0.0,0.0,0.0295325099999999,0.02951363,0.01998493,0.005303769,0.005657,0.0002259139,0.0001084992,CDRIA-2050-noCR,1500Mt-noCostDecrease,ND,missing,coal_base_conv pul 1976-1980,missing,missing,missing,missing,missing,missing,missing,missing,EJ
2489,0.0,0.0,0.0148766099999999,0.0148689299999999,0.01007386,0.002680029,0.002889609,0.0001208193,6.84868e-05,CDRIA-2050-noCR,1500Mt-noCostDecrease,ND,missing,coal_base_conv pul 1981-1985,missing,missing,missing,missing,missing,missing,missing,missing,EJ
2490,0.0,0.0,0.00748141,0.00747778,0.00506699,0.001348857,0.001458407,6.17335e-05,3.682564e-05,CDRIA-2050-noCR,1500Mt-noCostDecrease,ND,missing,coal_base_conv pul 1986-1990,missing,missing,missing,missing,missing,missing,missing,missing,EJ
2491,0.0,0.0,0.0004848268000000001,0.00048460149999999993,0.0003284003,8.74594e-05,9.47444e-05,4.044978e-06,2.505169e-06,CDRIA-2050-noCR,1500Mt-noCostDecrease,ND,missing,coal_base_conv pul 2011-2015,missing,missing,missing,missing,missing,missing,missing,missing,EJ
2492,0.0,0.0,0.0,0.00014732409999999998,0.0008140915,0.0020061053,0.0023389046,0.0029882125,0.0032401901,CDRIA-2050-noCR,1500Mt-noCostDecrease,ND,missing,coal_base_conv pul_CCS,missing,missing,missing,missing,missing,missing,missing,missing,EJ
2493,0.0001842042,0.0002308592,0.0,0.0,0.0,0.0,0.0,0.0,0.0,CDRIA-2050-noCR,1500Mt-noCostDecrease,ND,missing,coal_base_conv pul_retire_2020,missing,missing,missing,missing,missing,missing,missing,missing,EJ
2494,0.0,0.0,0.0,4.1110200000000005e-05,0.0001215665,0.0003012093,0.0003669206,0.0007858867,0.0010512466999999,CDRIA-2050-noCR,1500Mt-noCostDecrease,ND,missing,coal_int_IGCC_CCS,missing,missing,missing,missing,missing,missing,missing,missing,EJ
2495,0.04590811,0.05347289,0.0,0.0,0.0,0.0,0.0,0.0,0.0,CDRIA-2050-noCR,1500Mt-noCostDecrease,ND,missing,coal_int_conv pul,missing,missing,missing,missing,missing,missing,missing,missing,EJ
2496,0.0,0.0,7.00654e-05,0.0,0.0,0.0,0.0,0.0,0.0,CDRIA-2050-noCR,1500Mt-noCostDecrease,ND,missing,coal_int_conv pul 1951-1955,missing,missing,missing,missing,missing,missing,missing,missing,EJ
2497,0.0,0.0,0.0004987839,0.0,0.0,0.0,0.0,0.0,0.0,CDRIA-2050-noCR,1500Mt-noCostDecrease,ND,missing,coal_int_conv pul 1961-1965,missing,missing,missing,missing,missing,missing,missing,missing,EJ
2498,0.0,0.0,0.004927335,0.004914409,0.004412415,0.0024895689999999,0.002304485,0.00072127,0.0,CDRIA-2050-noCR,1500Mt-noCostDecrease,ND,missing,coal_int_conv pul 1966-1970,missing,missing,missing,missing,missing,missing,missing,missing,EJ
2499,0.0,0.0,0.003814341,0.003812575,0.003456227,0.002032881,0.002209793,0.001072023,0.000580985,CDRIA-2050-noCR,1500Mt-noCostDecrease,ND,missing,coal_int_conv pul 1971-1975,missing,missing,missing,missing,missing,missing,missing,missing,EJ
2500,0.0,0.0,0.0227376,0.02273287,0.02063168,0.0121968099999999,0.0135532399999999,0.00716568,0.004924103,CDRIA-2050-noCR,1500Mt-noCostDecrease,ND,missing,coal_int_conv pul 1976-1980,missing,missing,missing,missing,missing,missing,missing,missing,EJ
2501,0.0,0.0,0.0114537699999999,0.01145279,0.01039987,0.00616314,0.0069230099999999,0.003832224,0.003108189,CDRIA-2050-noCR,1500Mt-noCostDecrease,ND,missing,coal_int_conv pul 1981-1985,missing,missing,missing,missing,missing,missing,missing,missing,EJ
2502,0.0,0.0,0.00576007,0.00575976,0.005230962,0.0031018989999999,0.003494098,0.001958105,0.001671291,CDRIA-2050-noCR,1500Mt-noCostDecrease,ND,missing,coal_int_conv pul 1986-1990,missing,missing,missing,missing,missing,missing,missing,missing,EJ
2503,0.0,0.0,0.0003732767,0.0003732641,0.000339028,0.0002011262,0.0002269918,0.0001283013,0.0001136939,CDRIA-2050-noCR,1500Mt-noCostDecrease,ND,missing,coal_int_conv pul 2011-2015,missing,missing,missing,missing,missing,missing,missing,missing,EJ
2504,0.0,0.0,0.0,5.29125e-05,0.00014828919999999998,0.00034787139999999995,0.0004175987,0.0008421235,0.0011031018,CDRIA-2050-noCR,1500Mt-noCostDecrease,ND,missing,coal_int_conv pul_CCS,missing,missing,missing,missing,missing,missing,missing,missing,EJ
2505,0.00015168799999999995,0.0001766835,0.0,0.0,0.0,0.0,0.0,0.0,0.0,CDRIA-2050-noCR,1500Mt-noCostDecrease,ND,missing,coal_int_conv pul_retire_2020,missing,missing,missing,missing,missing,missing,missing,missing,EJ
2506,0.000551616,0.0,0.0,0.0,0.0,0.0,0.0,0.0,0.0,CDRIA-2050-noCR,1500Mt-noCostDecrease,ND,missing,coal_peak_conv pul,missing,missing,missing,missing,missing,missing,missing,missing,EJ
2507,1.822625e-06,0.0,0.0,0.0,0.0,0.0,0.0,0.0,0.0,CDRIA-2050-noCR,1500Mt-noCostDecrease,ND,missing,coal_peak_conv pul_retire_2020,missing,missing,missing,missing,missing,missing,missing,missing,EJ
2508,0.003608961,0.0,0.0,0.0,0.0,0.0,0.0,0.0,0.0,CDRIA-2050-noCR,1500Mt-noCostDecrease,ND,missing,coal_subpeak_conv pul,missing,missing,missing,missing,missing,missing,missing,missing,EJ
2509,1.192459e-05,0.0,0.0,0.0,0.0,0.0,0.0,0.0,0.0,CDRIA-2050-noCR,1500Mt-noCostDecrease,ND,missing,coal_subpeak_conv pul_retire_2020,missing,missing,missing,missing,missing,missing,missing,missing,EJ
2510,1.0000287e-07,1.0000102e-07,0.00154753667,0.00241989414,0.0058273264599999,0.00882252387,0.00922683947,0.004792661264,0.003221894007,CDRIA-2050-noCR,1500Mt-noCostDecrease,ND,missing,gas_base_CC,missing,missing,missing,missing,missing,missing,missing,missing,EJ
2511,0.0,0.0,0.0,0.00028652290000000003,0.0024952854,0.0066394932,0.0077085287,0.0098485963,0.0102908032,CDRIA-2050-noCR,1500Mt-noCostDecrease,ND,missing,gas_base_CC_CCS,missing,missing,missing,missing,missing,missing,missing,missing,EJ
2512,0.0,0.0,0.0046806254,0.0063303902,0.0090607071,0.0127197206,0.0139362495999999,0.0195644145,0.0223937920299999,CDRIA-2050-noCR,1500Mt-noCostDecrease,ND,missing,gas_int_CC,missing,missing,missing,missing,missing,missing,missing,missing,EJ
2513,0.0,0.0,0.0,0.0003161279,0.0011999062,0.0030138835,0.0036613940999999,0.0075833112,0.009942698,CDRIA-2050-noCR,1500Mt-noCostDecrease,ND,missing,gas_int_CC_CCS,missing,missing,missing,missing,missing,missing,missing,missing,EJ
2514,1.0000689e-07,0.0,0.0001499531481,0.00013673821620000003,0.00011369197339999996,9.19957681e-05,7.354548399999999e-05,5.51294721e-05,3.987075129999999e-05,CDRIA-2050-noCR,1500Mt-noCostDecrease,ND,missing,gas_peak_CC,missing,missing,missing,missing,missing,missing,missing,missing,EJ
2515,0.0,0.0,0.0,2.629529e-08,5.933222e-08,8.266765e-08,1.220022e-07,1.9655384000000003e-07,3.7546479e-07,CDRIA-2050-noCR,1500Mt-noCostDecrease,ND,missing,gas_peak_CC_CCS,missing,missing,missing,missing,missing,missing,missing,missing,EJ
2516,0.0,0.0,7.727842e-05,6.77171322e-05,3.5347970800000005e-05,2.47975995e-05,2.1872617899999995e-05,1.70528637e-05,1.1922790099999998e-05,CDRIA-2050-noCR,1500Mt-noCostDecrease,ND,missing,gas_peak_steam/CT,missing,missing,missing,missing,missing,missing,missing,missing,EJ
2517,3.0000693e-07,2.0000275000000001e-07,0.000195633301,0.00018931197800000005,0.000165695331,0.0001389984826,0.0001223385877,0.00017656884789999996,0.00016938913689999998,CDRIA-2050-noCR,1500Mt-noCostDecrease,ND,missing,gas_subpeak_CC,missing,missing,missing,missing,missing,missing,missing,missing,EJ
2518,0.0,0.0,0.0,1.022442e-06,1.6195914e-06,1.8503712e-06,2.8410234e-06,1.7876366700000002e-05,2.1310199700000003e-05,CDRIA-2050-noCR,1500Mt-noCostDecrease,ND,missing,gas_subpeak_CC_CCS,missing,missing,missing,missing,missing,missing,missing,missing,EJ
2519,2.00005e-07,1.000012e-07,0.00010520884000000002,0.00010205963,6.034800999999999e-05,4.298348e-05,4.3186721e-05,8.0664422e-05,6.6668695e-05,CDRIA-2050-noCR,1500Mt-noCostDecrease,ND,missing,gas_subpeak_steam/CT,missing,missing,missing,missing,missing,missing,missing,missing,EJ
2520,0.0058071,0.0049334,0.0089859,0.0089721,0.0089623,0.0089637,0.0089436,0.0088686,0.0088784,CDRIA-2050-noCR,1500Mt-noCostDecrease,ND,missing,hydro_base,missing,missing,missing,missing,missing,missing,missing,missing,EJ
2521,0.0,0.0,3.518263e-05,2.696861e-05,8.96365e-06,1.003328e-05,8.81823e-06,8.87008e-06,5.935596e-06,CDRIA-2050-noCR,1500Mt-noCostDecrease,ND,missing,refined liquids_peak_steam/CT,missing,missing,missing,missing,missing,missing,missing,missing,EJ
2522,0.0001154027,0.0001523018,3.857321e-05,3.2508230000000004e-05,1.030327e-05,1.068432e-05,9.29708e-06,9.72197e-06,6.554132e-06,CDRIA-2050-noCR,1500Mt-noCostDecrease,ND,missing,refined liquids_subpeak_steam/CT,missing,missing,missing,missing,missing,missing,missing,missing,EJ
2523,0.0,0.0,1.55752e-05,0.000144235,0.000462365,0.000725232,0.000866426,0.000788695,0.000925592,CDRIA-2050-noCR,1500Mt-noCostDecrease,ND,missing,rooftop_pv,missing,missing,missing,missing,missing,missing,missing,missing,EJ
2524,0.0,0.000477805,0.01559045,0.01798756,0.03240626,0.04986326,0.05493258,0.05893528,0.0652526,CDRIA-2050-noCR,1500Mt-noCostDecrease,ND,missing,wind_base,missing,missing,missing,missing,missing,missing,missing,missing,EJ
2525,0.0,0.0,3.27494e-05,8.35049e-05,0.0004630859,0.0011820429,0.0013737579,0.0018508929,0.0020119465,CDRIA-2050-noCR,1500Mt-noCostDecrease,ND,missing,wind_base_storage,missing,missing,missing,missing,missing,missing,missing,missing,EJ
2526,0.0,0.000199102,0.00593013,0.00593013,0.00593013,0.00593013,0.00593013,0.0,0.0,CDRIA-2050-noCR,1500Mt-noCostDecrease,ND,missing,wind_int,missing,missing,missing,missing,missing,missing,missing,missing,EJ
2527,0.0,0.000119401,0.00355809,0.00355809,0.00355809,0.00355809,0.00355809,0.0,0.0,CDRIA-2050-noCR,1500Mt-noCostDecrease,ND,missing,wind_subpeak,missing,missing,missing,missing,missing,missing,missing,missing,EJ
2528,0.0,0.0,7.89709e-05,9.64302e-05,0.0002312472,0.0004472842,0.0005185081,0.0006724321,0.0006955522000000001,CDRIA-2050-noCR,1500Mt-noCostDecrease,OH,missing,PV_base_storage,missing,missing,missing,missing,missing,missing,missing,missing,EJ
2529,0.0,0.0,0.00796344,0.0117492,0.0263287,0.0423277,0.0494524,0.0685485,0.07735026,CDRIA-2050-noCR,1500Mt-noCostDecrease,OH,missing,PV_int,missing,missing,missing,missing,missing,missing,missing,missing,EJ
2530,0.0,0.0,0.00116878,0.0014384659999999,0.0023362359999999,0.0023856182999999,0.0026214863,0.0030399832999999,0.0034341933,CDRIA-2050-noCR,1500Mt-noCostDecrease,OH,missing,PV_peak,missing,missing,missing,missing,missing,missing,missing,missing,EJ
2531,0.0,0.0,0.003568022,0.005807652,0.0114710919999999,0.013957072,0.017022472,0.02320935,0.0271922499999999,CDRIA-2050-noCR,1500Mt-noCostDecrease,OH,missing,PV_subpeak,missing,missing,missing,missing,missing,missing,missing,missing,EJ
2532,0.0,0.0,0.000510803,0.00012287337,0.00096339315,0.00165813803,0.0006683837299999999,0.00125855033,0.000851021121,CDRIA-2050-noCR,1500Mt-noCostDecrease,OH,missing,biogas_base_CC,missing,missing,missing,missing,missing,missing,missing,missing,EJ
2533,0.0,0.0,0.0,6.44054e-05,0.0006813314360000001,0.00156802069,0.0006725071299999999,0.00173935545,0.00131215116,CDRIA-2050-noCR,1500Mt-noCostDecrease,OH,missing,biogas_base_CC_CCS,missing,missing,missing,missing,missing,missing,missing,missing,EJ
2534,0.0,0.0,0.000487548,0.00016964299999999995,0.0005715024,0.0013476641,0.001155077,0.0034093582999999,0.0042389055,CDRIA-2050-noCR,1500Mt-noCostDecrease,OH,missing,biogas_int_CC,missing,missing,missing,missing,missing,missing,missing,missing,EJ
2535,0.0,0.0,0.0,5.40683e-05,0.00025508264,0.0007475663,0.0007077119000000001,0.0026151945999999,0.0038875168,CDRIA-2050-noCR,1500Mt-noCostDecrease,OH,missing,biogas_int_CC_CCS,missing,missing,missing,missing,missing,missing,missing,missing,EJ
2536,0.0,0.0,1.83075e-06,4.436829e-07,1.3152518e-06,5.422988e-07,1.2674022e-06,3.1436782e-06,9.0710072e-06,CDRIA-2050-noCR,1500Mt-noCostDecrease,OH,missing,biogas_peak_CC,missing,missing,missing,missing,missing,missing,missing,missing,EJ
2537,0.0,0.0,0.0,5.55688e-08,1.9600184e-07,7.048149e-08,1.8423838000000001e-07,5.761848e-07,1.8183759e-06,CDRIA-2050-noCR,1500Mt-noCostDecrease,OH,missing,biogas_peak_CC_CCS,missing,missing,missing,missing,missing,missing,missing,missing,EJ
2538,0.0,0.0,1.70328e-06,3.3885056e-07,1.080671925e-06,1.56566531e-07,6.75047389e-07,1.7554408129999997e-06,6.283158439e-06,CDRIA-2050-noCR,1500Mt-noCostDecrease,OH,missing,biogas_peak_steam/CT,missing,missing,missing,missing,missing,missing,missing,missing,EJ
2539,0.0,0.0,2.36737e-05,1.503146e-05,3.56473e-05,4.110028e-05,6.405222e-05,0.00018260011,0.00025924096,CDRIA-2050-noCR,1500Mt-noCostDecrease,OH,missing,biogas_subpeak_CC,missing,missing,missing,missing,missing,missing,missing,missing,EJ
2540,0.0,0.0,0.0,2.78835e-06,7.898595e-06,1.0082827e-05,1.6558605999999997e-05,5.638558e-05,9.281528e-05,CDRIA-2050-noCR,1500Mt-noCostDecrease,OH,missing,biogas_subpeak_CC_CCS,missing,missing,missing,missing,missing,missing,missing,missing,EJ
2541,0.0,0.0,1.602167e-05,8.902947e-06,2.189898748e-05,1.92012576e-05,2.7994712100000003e-05,8.53079365e-05,0.000104467852,CDRIA-2050-noCR,1500Mt-noCostDecrease,OH,missing,biogas_subpeak_steam/CT,missing,missing,missing,missing,missing,missing,missing,missing,EJ
2542,0.0,0.0,0.000243013,0.0001868987,0.0004102638,0.0009083798,0.0010343322999999,0.00146103336,0.00147913598,CDRIA-2050-noCR,1500Mt-noCostDecrease,OH,missing,biomass_base_IGCC,missing,missing,missing,missing,missing,missing,missing,missing,EJ
2543,0.0,0.0,0.0,1.435205e-05,0.00022548319,0.00149863704,0.00196426505,0.00759382091,0.01280942993,CDRIA-2050-noCR,1500Mt-noCostDecrease,OH,missing,biomass_base_IGCC_CCS,missing,missing,missing,missing,missing,missing,missing,missing,EJ
2544,0.000455314,0.0001524,8.50285e-05,0.000136327,0.000182192,0.00022981,0.000165804,4.95274e-05,1.75727e-05,CDRIA-2050-noCR,1500Mt-noCostDecrease,OH,missing,biomass_base_conv,missing,missing,missing,missing,missing,missing,missing,missing,EJ
2545,0.0,0.0,0.0,1.56542e-05,0.00031824442,0.0033378141099999,0.0043026412,0.0375565280399999,0.07011325707,CDRIA-2050-noCR,1500Mt-noCostDecrease,OH,missing,biomass_base_conv_CCS,missing,missing,missing,missing,missing,missing,missing,missing,EJ
2546,0.0,0.0,3.50498e-05,3.825232e-05,5.530669e-05,0.00010410446,0.00013351239,0.00028209375,0.0004366005,CDRIA-2050-noCR,1500Mt-noCostDecrease,OH,missing,biomass_int_IGCC,missing,missing,missing,missing,missing,missing,missing,missing,EJ
2547,0.0,0.0,0.0,2.15895e-06,1.244957e-05,5.205369e-05,7.703529e-05,0.0002610363,0.0004719482,CDRIA-2050-noCR,1500Mt-noCostDecrease,OH,missing,biomass_int_IGCC_CCS,missing,missing,missing,missing,missing,missing,missing,missing,EJ
2548,0.000455314,0.0001524,0.000434307,0.0004905,0.000439068,0.000490952,0.000412146,0.000347337,0.000251434,CDRIA-2050-noCR,1500Mt-noCostDecrease,OH,missing,biomass_int_conv,missing,missing,missing,missing,missing,missing,missing,missing,EJ
2549,0.0,0.0,0.0,3.14571e-06,2.016528e-05,9.700675e-05,0.00014285308,0.0005523132300000001,0.00101525985,CDRIA-2050-noCR,1500Mt-noCostDecrease,OH,missing,biomass_int_conv_CCS,missing,missing,missing,missing,missing,missing,missing,missing,EJ
2550,0.0,0.0,0.0,0.00058073,0.003347603,0.007597028,0.009146789,0.012179439,0.014251695,CDRIA-2050-noCR,1500Mt-noCostDecrease,OH,missing,coal_base_IGCC_CCS,missing,missing,missing,missing,missing,missing,missing,missing,EJ
2551,0.2143440999999999,0.259915,0.0,0.0,0.0,0.0,0.0,0.0,0.0,CDRIA-2050-noCR,1500Mt-noCostDecrease,OH,missing,coal_base_conv pul,missing,missing,missing,missing,missing,missing,missing,missing,EJ
2552,0.0,0.0,0.01569095,0.01466927,0.00790654,0.0,0.0,0.0,0.0,CDRIA-2050-noCR,1500Mt-noCostDecrease,OH,missing,coal_base_conv pul 1951-1955,missing,missing,missing,missing,missing,missing,missing,missing,EJ
2553,0.0,0.0,0.0,0.0,0.0,0.0,0.0,0.0,0.0,CDRIA-2050-noCR,1500Mt-noCostDecrease,OH,missing,coal_base_conv pul 1956-1960,missing,missing,missing,missing,missing,missing,missing,missing,EJ
2554,0.0,0.0,0.000225561,0.0,0.0,0.0,0.0,0.0,0.0,CDRIA-2050-noCR,1500Mt-noCostDecrease,OH,missing,coal_base_conv pul 1961-1965,missing,missing,missing,missing,missing,missing,missing,missing,EJ
2555,0.0,0.0,0.0278634,0.0277764,0.01908491,0.00466372,0.00448112,0.0001450529,0.0,CDRIA-2050-noCR,1500Mt-noCostDecrease,OH,missing,coal_base_conv pul 1966-1970,missing,missing,missing,missing,missing,missing,missing,missing,EJ
2556,0.0,0.0,0.0646299999999999,0.0644282,0.0442679,0.01081764,0.01039411,0.00033645500000000004,0.0,CDRIA-2050-noCR,1500Mt-noCostDecrease,OH,missing,coal_base_conv pul 1971-1975,missing,missing,missing,missing,missing,missing,missing,missing,EJ
2557,0.0,0.0,0.02131966,0.02097996,0.01364022,0.00271769,0.001586843,0.0,0.0,CDRIA-2050-noCR,1500Mt-noCostDecrease,OH,missing,coal_base_conv pul 1976-1980,missing,missing,missing,missing,missing,missing,missing,missing,EJ
2558,0.0,0.0,2.32494e-05,2.32368e-05,1.615025e-05,4.14862e-06,4.85505e-06,2.82477e-07,1.355787e-07,CDRIA-2050-noCR,1500Mt-noCostDecrease,OH,missing,coal_base_conv pul 1986-1990,missing,missing,missing,missing,missing,missing,missing,missing,EJ
2559,0.0,0.0,0.0223500999999999,0.0223381,0.01552605,0.00398871,0.00467013,0.000272296,0.0001319178,CDRIA-2050-noCR,1500Mt-noCostDecrease,OH,missing,coal_base_conv pul 1991-1995,missing,missing,missing,missing,missing,missing,missing,missing,EJ
2560,0.0,0.0,0.0,0.00071076,0.0038279259999999,0.0083289359999999,0.0099164799999999,0.012814587,0.014711715,CDRIA-2050-noCR,1500Mt-noCostDecrease,OH,missing,coal_base_conv pul_CCS,missing,missing,missing,missing,missing,missing,missing,missing,EJ
2561,0.0466351,0.0565499,0.0,0.0,0.0,0.0,0.0,0.0,0.0,CDRIA-2050-noCR,1500Mt-noCostDecrease,OH,missing,coal_base_conv pul_retire_2020,missing,missing,missing,missing,missing,missing,missing,missing,EJ
2562,0.0,0.0,0.0,6.50119e-05,0.0002262304,0.0005598735,0.0007407364,0.0014606128,0.0021423323,CDRIA-2050-noCR,1500Mt-noCostDecrease,OH,missing,coal_int_IGCC_CCS,missing,missing,missing,missing,missing,missing,missing,missing,EJ
2563,0.1288386,0.157773,0.0,0.0,0.0,0.0,0.0,0.0,0.0,CDRIA-2050-noCR,1500Mt-noCostDecrease,OH,missing,coal_int_conv pul,missing,missing,missing,missing,missing,missing,missing,missing,EJ
2564,0.0,0.0,0.00723738,0.00676931,0.00484779,0.0,0.0,0.0,0.0,CDRIA-2050-noCR,1500Mt-noCostDecrease,OH,missing,coal_int_conv pul 1951-1955,missing,missing,missing,missing,missing,missing,missing,missing,EJ
2565,0.0,0.0,0.0,0.0,0.0,0.0,0.0,0.0,0.0,CDRIA-2050-noCR,1500Mt-noCostDecrease,OH,missing,coal_int_conv pul 1956-1960,missing,missing,missing,missing,missing,missing,missing,missing,EJ
2566,0.0,0.0,0.0001040391,0.0,0.0,0.0,0.0,0.0,0.0,CDRIA-2050-noCR,1500Mt-noCostDecrease,OH,missing,coal_int_conv pul 1961-1965,missing,missing,missing,missing,missing,missing,missing,missing,EJ
2567,0.0,0.0,0.01285187,0.01281776,0.01170163,0.00770506,0.00711371,0.002022124,0.0,CDRIA-2050-noCR,1500Mt-noCostDecrease,OH,missing,coal_int_conv pul 1966-1970,missing,missing,missing,missing,missing,missing,missing,missing,EJ
2568,0.0,0.0,0.0298102999999999,0.0297312,0.0271423,0.01787211,0.01650046,0.00469037,0.0,CDRIA-2050-noCR,1500Mt-noCostDecrease,OH,missing,coal_int_conv pul 1971-1975,missing,missing,missing,missing,missing,missing,missing,missing,EJ
2569,0.0,0.0,0.00983362,0.00968144,0.0083633099999999,0.0044899599999999,0.00251908,0.0,0.0,CDRIA-2050-noCR,1500Mt-noCostDecrease,OH,missing,coal_int_conv pul 1976-1980,missing,missing,missing,missing,missing,missing,missing,missing,EJ
2570,0.0,0.0,1.072369e-05,1.072287e-05,9.902299999999998e-06,6.85404e-06,7.70731e-06,3.93789e-06,3.43301e-06,CDRIA-2050-noCR,1500Mt-noCostDecrease,OH,missing,coal_int_conv pul 1986-1990,missing,missing,missing,missing,missing,missing,missing,missing,EJ
2571,0.0,0.0,0.01030893,0.0103082,0.00951959,0.0065898499999999,0.00741374,0.00379596,0.00334031,CDRIA-2050-noCR,1500Mt-noCostDecrease,OH,missing,coal_int_conv pul 1991-1995,missing,missing,missing,missing,missing,missing,missing,missing,EJ
2572,0.0,0.0,0.0,8.32732e-05,0.0002736743,0.0006432285,0.0008346769,0.0015625191,0.0022318271,CDRIA-2050-noCR,1500Mt-noCostDecrease,OH,missing,coal_int_conv pul_CCS,missing,missing,missing,missing,missing,missing,missing,missing,EJ
2573,0.0280315,0.0343269,0.0,0.0,0.0,0.0,0.0,0.0,0.0,CDRIA-2050-noCR,1500Mt-noCostDecrease,OH,missing,coal_int_conv pul_retire_2020,missing,missing,missing,missing,missing,missing,missing,missing,EJ
2574,0.00132392,0.0,0.0,0.0,0.0,0.0,0.0,0.0,0.0,CDRIA-2050-noCR,1500Mt-noCostDecrease,OH,missing,coal_peak_conv pul,missing,missing,missing,missing,missing,missing,missing,missing,EJ
2575,0.00028804700000000004,0.0,0.0,0.0,0.0,0.0,0.0,0.0,0.0,CDRIA-2050-noCR,1500Mt-noCostDecrease,OH,missing,coal_peak_conv pul_retire_2020,missing,missing,missing,missing,missing,missing,missing,missing,EJ
2576,0.00918472,0.0,0.0,0.0,0.0,0.0,0.0,0.0,0.0,CDRIA-2050-noCR,1500Mt-noCostDecrease,OH,missing,coal_subpeak_conv pul,missing,missing,missing,missing,missing,missing,missing,missing,EJ
2577,0.001998331,0.0,0.0,0.0,0.0,0.0,0.0,0.0,0.0,CDRIA-2050-noCR,1500Mt-noCostDecrease,OH,missing,coal_subpeak_conv pul_retire_2020,missing,missing,missing,missing,missing,missing,missing,missing,EJ
2578,5.88018e-05,0.0018422,0.0362215,0.03913383,0.0513529599999999,0.05740368,0.06003728,0.032303682,0.021386109,CDRIA-2050-noCR,1500Mt-noCostDecrease,OH,missing,gas_base_CC,missing,missing,missing,missing,missing,missing,missing,missing,EJ
2579,0.0,0.0,0.0,0.00143663,0.01193636,0.0277962,0.0331609,0.0435672099999999,0.04854097,CDRIA-2050-noCR,1500Mt-noCostDecrease,OH,missing,gas_base_CC_CCS,missing,missing,missing,missing,missing,missing,missing,missing,EJ
2580,5.66017e-05,0.0017738,0.0705518,0.06843792,0.06565593,0.06446186,0.06122322,0.06245891,0.0642083899999999,CDRIA-2050-noCR,1500Mt-noCostDecrease,OH,missing,gas_int_CC,missing,missing,missing,missing,missing,missing,missing,missing,EJ
2581,0.0,0.0,0.0,0.000532168,0.002325589,0.005739288,0.0075570959999999,0.014384601,0.020542925,CDRIA-2050-noCR,1500Mt-noCostDecrease,OH,missing,gas_int_CC_CCS,missing,missing,missing,missing,missing,missing,missing,missing,EJ
2582,2.72011e-05,0.00109889,5.68077e-06,6.846935e-06,1.0244006e-05,1.0289349e-05,1.23967929e-05,1.6517422000000002e-05,3.28062218e-05,CDRIA-2050-noCR,1500Mt-noCostDecrease,OH,missing,gas_peak_CC,missing,missing,missing,missing,missing,missing,missing,missing,EJ
2583,0.0,0.0,0.0,1.0196930000000001e-07,4.3724e-07,4.7097490000000003e-07,6.694734000000001e-07,1.1951944e-06,3.2466722e-06,CDRIA-2050-noCR,1500Mt-noCostDecrease,OH,missing,gas_peak_CC_CCS,missing,missing,missing,missing,missing,missing,missing,missing,EJ
2584,2.02008e-05,0.0003864985,4.9138e-06,5.432480000000001e-06,6.249248999999999e-06,5.0038863e-06,6.953159900000001e-06,8.309549999999999e-06,1.69794925e-05,CDRIA-2050-noCR,1500Mt-noCostDecrease,OH,missing,gas_peak_steam/CT,missing,missing,missing,missing,missing,missing,missing,missing,EJ
2585,0.000130804,0.00528119,0.0107775889999999,0.009974429,0.0087137119999999,0.007374827,0.006176076,0.0051268219999999,0.004404946,CDRIA-2050-noCR,1500Mt-noCostDecrease,OH,missing,gas_subpeak_CC,missing,missing,missing,missing,missing,missing,missing,missing,EJ
2586,0.0,0.0,0.0,1.29539e-05,3.44152e-05,5.20648e-05,7.78939e-05,0.0001574224,0.0002515998,CDRIA-2050-noCR,1500Mt-noCostDecrease,OH,missing,gas_subpeak_CC_CCS,missing,missing,missing,missing,missing,missing,missing,missing,EJ
2587,9.69031e-05,0.0018576,0.005695052,0.0051336603,0.0034295417,0.0027215761,0.0025703034,0.0019568854,0.0016394384,CDRIA-2050-noCR,1500Mt-noCostDecrease,OH,missing,gas_subpeak_steam/CT,missing,missing,missing,missing,missing,missing,missing,missing,EJ
2588,0.0006157,0.0018962,0.0019596,0.0019566,0.0019545,0.0019548,0.0019504,0.001934,0.0019362,CDRIA-2050-noCR,1500Mt-noCostDecrease,OH,missing,hydro_base,missing,missing,missing,missing,missing,missing,missing,missing,EJ
2589,0.0406946,0.0552481,0.0650273,0.0646545,0.0631979,0.0579509,0.0434523,0.0216671,0.0,CDRIA-2050-noCR,1500Mt-noCostDecrease,OH,missing,nuc_base_Gen II,missing,missing,missing,missing,missing,missing,missing,missing,EJ
2590,0.0,0.0,0.0,0.0,0.0127757,0.0333277,0.04017263,0.05514259,0.06519324,CDRIA-2050-noCR,1500Mt-noCostDecrease,OH,missing,nuc_base_Gen III,missing,missing,missing,missing,missing,missing,missing,missing,EJ
2591,0.0,0.0,0.0016505,0.00140778,0.000625786,0.000675868,0.000638355,0.000469422,0.00031419,CDRIA-2050-noCR,1500Mt-noCostDecrease,OH,missing,refined liquids_peak_steam/CT,missing,missing,missing,missing,missing,missing,missing,missing,EJ
2592,0.00121834,0.00549659,0.00233468,0.00186443,0.00088243,0.00093526,0.000853856,0.000628138,0.000423794,CDRIA-2050-noCR,1500Mt-noCostDecrease,OH,missing,refined liquids_subpeak_steam/CT,missing,missing,missing,missing,missing,missing,missing,missing,EJ
2593,0.0,0.0,0.000126679,0.00135382,0.00450665,0.00833365,0.0105975,0.0103856,0.0114188,CDRIA-2050-noCR,1500Mt-noCostDecrease,OH,missing,rooftop_pv,missing,missing,missing,missing,missing,missing,missing,missing,EJ
2594,0.0,2.88999e-05,0.0211172099999999,0.0286175399999999,0.0688814399999999,0.1110257399999999,0.1246837399999999,0.14861273,0.14963733,CDRIA-2050-noCR,1500Mt-noCostDecrease,OH,missing,wind_base,missing,missing,missing,missing,missing,missing,missing,missing,EJ
2595,0.0,0.0,0.0,0.000499912,0.008104522,0.019706622,0.024227162,0.034618862,0.04247531,CDRIA-2050-noCR,1500Mt-noCostDecrease,OH,missing,wind_base_offshore,missing,missing,missing,missing,missing,missing,missing,missing,EJ
2596,0.0,0.0,0.000434754,0.000585066,0.001466727,0.002753777,0.003168907,0.004041039,0.004186555,CDRIA-2050-noCR,1500Mt-noCostDecrease,OH,missing,wind_base_storage,missing,missing,missing,missing,missing,missing,missing,missing,EJ
2597,0.0,1.2e-05,0.00106566,0.00106566,0.00106566,0.00106566,0.00106566,0.0,0.0,CDRIA-2050-noCR,1500Mt-noCostDecrease,OH,missing,wind_int,missing,missing,missing,missing,missing,missing,missing,missing,EJ
2598,0.0,7.19999e-06,0.000639379,0.000639379,0.000639379,0.000639379,0.000639379,0.0,0.0,CDRIA-2050-noCR,1500Mt-noCostDecrease,OH,missing,wind_subpeak,missing,missing,missing,missing,missing,missing,missing,missing,EJ
2599,0.0,0.0,0.0,1.14243e-06,0.00031435743,0.00085130443,0.00098775243,0.00155653443,0.00172570543,CDRIA-2050-noCR,1500Mt-noCostDecrease,OK,missing,CSP_base_storage,missing,missing,missing,missing,missing,missing,missing,missing,EJ
2600,0.0,0.0,0.0,0.0001744616,0.0031361416,0.0071098216,0.0096389216,0.0179571415999999,0.0234224016,CDRIA-2050-noCR,1500Mt-noCostDecrease,OK,missing,CSP_int,missing,missing,missing,missing,missing,missing,missing,missing,EJ
2601,0.0,0.0,0.0,2.32748e-05,0.0001136524,0.0001950212,0.0002418438,0.00034253839999999995,0.0004692806,CDRIA-2050-noCR,1500Mt-noCostDecrease,OK,missing,CSP_peak,missing,missing,missing,missing,missing,missing,missing,missing,EJ
2602,0.000103935,9.2686e-05,0.000457172,0.000466752,0.000524144,0.00057193238,0.0007370573800000001,0.00328922538,0.00378834138,CDRIA-2050-noCR,1500Mt-noCostDecrease,OK,missing,CSP_subpeak,missing,missing,missing,missing,missing,missing,missing,missing,EJ
2603,0.0,0.0,0.0,2.00491e-07,5.7182691e-05,0.00015723769100000002,0.000183073191,0.00029191719100000004,0.00032451949100000004,CDRIA-2050-noCR,1500Mt-noCostDecrease,OK,missing,PV_base_storage,missing,missing,missing,missing,missing,missing,missing,missing,EJ
2604,0.0,0.0,0.0,0.00136837,0.02296027,0.04199587,0.05157677,0.07085917,0.08282947,CDRIA-2050-noCR,1500Mt-noCostDecrease,OK,missing,PV_int,missing,missing,missing,missing,missing,missing,missing,missing,EJ
2605,0.0,0.0,0.0,0.000182552,0.000841445,0.001231236,0.001408612,0.001642031,0.001919628,CDRIA-2050-noCR,1500Mt-noCostDecrease,OK,missing,PV_peak,missing,missing,missing,missing,missing,missing,missing,missing,EJ
2606,0.0,0.0,6.24126e-06,6.37203e-06,7.15555e-06,8.070340999999999e-05,0.00070623941,0.0079052298,0.0089984198,CDRIA-2050-noCR,1500Mt-noCostDecrease,OK,missing,PV_subpeak,missing,missing,missing,missing,missing,missing,missing,missing,EJ
2607,0.0,0.0,0.0,8.9859e-07,0.0002663147475,0.0005009957094999999,0.0001552141349,0.00057516669344,0.00018395531621,CDRIA-2050-noCR,1500Mt-noCostDecrease,OK,missing,biogas_base_CC,missing,missing,missing,missing,missing,missing,missing,missing,EJ
2608,0.0,0.0,0.0,4.80516e-07,0.00018867860842,0.0004763379847,0.00015914067269999998,0.0007767479161999999,0.00029912241008,CDRIA-2050-noCR,1500Mt-noCostDecrease,OK,missing,biogas_base_CC_CCS,missing,missing,missing,missing,missing,missing,missing,missing,EJ
2609,0.0,0.0,0.0,3.09888e-05,0.000413913918,0.00057387888,0.00042481791,0.0019015978,0.0018849016899999,CDRIA-2050-noCR,1500Mt-noCostDecrease,OK,missing,biogas_int_CC,missing,missing,missing,missing,missing,missing,missing,missing,EJ
2610,0.0,0.0,0.0,1.19151e-05,0.000195869083,0.000339298684,0.00027076688000000004,0.0015762010799999,0.00205255148,CDRIA-2050-noCR,1500Mt-noCostDecrease,OK,missing,biogas_int_CC_CCS,missing,missing,missing,missing,missing,missing,missing,missing,EJ
2611,0.0,0.0,0.0,1.50177e-07,4.7025408e-07,4.3644697e-07,2.7235929e-07,8.707842e-07,1.2073227e-06,CDRIA-2050-noCR,1500Mt-noCostDecrease,OK,missing,biogas_peak_CC,missing,missing,missing,missing,missing,missing,missing,missing,EJ
2612,0.0,0.0,0.0,2.23991e-08,7.3189002e-08,7.2283132e-08,4.7777706e-08,1.9265312e-07,3.0240192e-07,CDRIA-2050-noCR,1500Mt-noCostDecrease,OK,missing,biogas_peak_CC_CCS,missing,missing,missing,missing,missing,missing,missing,missing,EJ
2613,0.0,0.0,0.0,1.3531740000000001e-07,4.086842e-07,3.6439967200000004e-07,2.08562705e-07,6.28830254e-07,8.244937559999999e-07,CDRIA-2050-noCR,1500Mt-noCostDecrease,OK,missing,biogas_peak_steam/CT,missing,missing,missing,missing,missing,missing,missing,missing,EJ
2614,0.0,0.0,0.0,0.0,0.0,3.45575e-07,3.729008e-06,9.72702215e-05,3.69859451e-05,CDRIA-2050-noCR,1500Mt-noCostDecrease,OK,missing,biogas_subpeak_CC,missing,missing,missing,missing,missing,missing,missing,missing,EJ
2615,0.0,0.0,0.0,0.0,0.0,8.66481e-08,9.4800932e-07,2.81969076e-05,2.05590655e-05,CDRIA-2050-noCR,1500Mt-noCostDecrease,OK,missing,biogas_subpeak_CC_CCS,missing,missing,missing,missing,missing,missing,missing,missing,EJ
2616,0.0,0.0,0.0,0.0,0.0,2.222604e-07,2.381388052e-06,6.1732681409e-05,1.2027776284e-05,CDRIA-2050-noCR,1500Mt-noCostDecrease,OK,missing,biogas_subpeak_steam/CT,missing,missing,missing,missing,missing,missing,missing,missing,EJ
2617,0.0,0.0,0.0,1.236103e-07,3.4218372e-05,0.0001250326283,0.0001386241244,0.00033299844010000005,0.00028100353270000004,CDRIA-2050-noCR,1500Mt-noCostDecrease,OK,missing,biomass_base_IGCC,missing,missing,missing,missing,missing,missing,missing,missing,EJ
2618,0.0,0.0,0.0,6.03095e-08,3.46244893e-05,0.0002734357095,0.00034414960950000003,0.0022394883939999,0.0030558126915,CDRIA-2050-noCR,1500Mt-noCostDecrease,OK,missing,biomass_base_IGCC_CCS,missing,missing,missing,missing,missing,missing,missing,missing,EJ
2619,0.0,0.0,1.474693e-06,2.089685e-06,5.5995654e-05,0.000185420474,0.000177992809,0.0004147696018,0.0002668231875,CDRIA-2050-noCR,1500Mt-noCostDecrease,OK,missing,biomass_base_conv,missing,missing,missing,missing,missing,missing,missing,missing,EJ
2620,0.0,0.0,0.0,6.89119e-08,5.1400548e-05,0.0006232640116,0.0007721712119,0.0113102194732,0.0160560221683,CDRIA-2050-noCR,1500Mt-noCostDecrease,OK,missing,biomass_base_conv_CCS,missing,missing,missing,missing,missing,missing,missing,missing,EJ
2621,0.0,0.0,0.0,7.28473e-07,9.771048e-06,2.4902231e-05,3.6515392e-05,0.000107793361,0.000163138547,CDRIA-2050-noCR,1500Mt-noCostDecrease,OK,missing,biomass_int_IGCC,missing,missing,missing,missing,missing,missing,missing,missing,EJ
2622,0.0,0.0,0.0,3.0776e-07,5.6613080000000005e-06,1.872846e-05,2.90443e-05,0.00011567672499999998,0.000191907545,CDRIA-2050-noCR,1500Mt-noCostDecrease,OK,missing,biomass_int_IGCC_CCS,missing,missing,missing,missing,missing,missing,missing,missing,EJ
2623,0.0,0.0,6.50879e-06,9.11256e-06,2.729324e-05,6.009166e-05,8.158916999999999e-05,0.00022939542,0.00032975824,CDRIA-2050-noCR,1500Mt-noCostDecrease,OK,missing,biomass_int_conv,missing,missing,missing,missing,missing,missing,missing,missing,EJ
2624,0.0,0.0,0.0,4.6778e-07,9.666972e-06,3.5864549e-05,5.546737e-05,0.000253649939,0.00042569605,CDRIA-2050-noCR,1500Mt-noCostDecrease,OK,missing,biomass_int_conv_CCS,missing,missing,missing,missing,missing,missing,missing,missing,EJ
2625,0.0,0.0,0.0,4.49375e-06,0.00079343262,0.00212069339,0.00249938887,0.00396760192,0.00441054311,CDRIA-2050-noCR,1500Mt-noCostDecrease,OK,missing,coal_base_IGCC_CCS,missing,missing,missing,missing,missing,missing,missing,missing,EJ
2626,0.04467603,0.0689912,0.0,0.0,0.0,0.0,0.0,0.0,0.0,CDRIA-2050-noCR,1500Mt-noCostDecrease,OK,missing,coal_base_conv pul,missing,missing,missing,missing,missing,missing,missing,missing,EJ
2627,0.0,0.0,0.03572957,0.03606933,0.0245019299999999,0.00583524,0.00622068,0.0002732825,0.0001339828,CDRIA-2050-noCR,1500Mt-noCostDecrease,OK,missing,coal_base_conv pul 1976-1980,missing,missing,missing,missing,missing,missing,missing,missing,EJ
2628,0.0,0.0,0.01532058,0.0154683199999999,0.01051406,0.002510776,0.002709022,0.0001252713,7.408439999999999e-05,CDRIA-2050-noCR,1500Mt-noCostDecrease,OK,missing,coal_base_conv pul 1981-1985,missing,missing,missing,missing,missing,missing,missing,missing,EJ
2629,0.0,0.0,0.0071685599999999,0.00723793,0.0049204,0.001175714,0.001271993,5.9532e-05,3.70587e-05,CDRIA-2050-noCR,1500Mt-noCostDecrease,OK,missing,coal_base_conv pul 1986-1990,missing,missing,missing,missing,missing,missing,missing,missing,EJ
2630,0.0,0.0,0.0,5.58757e-06,0.00090502947,0.00232402498,0.00271474571,0.00414259805,0.0045521120399999,CDRIA-2050-noCR,1500Mt-noCostDecrease,OK,missing,coal_base_conv pul_CCS,missing,missing,missing,missing,missing,missing,missing,missing,EJ
2631,0.02975561,0.04595033,0.0,0.0,0.0,0.0,0.0,0.0,0.0,CDRIA-2050-noCR,1500Mt-noCostDecrease,OK,missing,coal_base_conv pul_retire_2020,missing,missing,missing,missing,missing,missing,missing,missing,EJ
2632,0.0,0.0,0.0,1.003054e-05,0.00013476155,0.0002990979,0.0004078475,0.00091208795,0.00127470668,CDRIA-2050-noCR,1500Mt-noCostDecrease,OK,missing,coal_int_IGCC_CCS,missing,missing,missing,missing,missing,missing,missing,missing,EJ
2633,0.01322485,0.01507843,0.0,0.0,0.0,0.0,0.0,0.0,0.0,CDRIA-2050-noCR,1500Mt-noCostDecrease,OK,missing,coal_int_conv pul,missing,missing,missing,missing,missing,missing,missing,missing,EJ
2634,0.0,0.0,0.000603938,0.000642904,0.000518296,0.0001667146,0.0002397907,0.0001168094,8.36243e-05,CDRIA-2050-noCR,1500Mt-noCostDecrease,OK,missing,coal_int_conv pul 1976-1980,missing,missing,missing,missing,missing,missing,missing,missing,EJ
2635,0.0,0.0,0.000258964,0.0002757092,0.000222406,7.17337e-05,0.0001044261,5.35448e-05,4.623929e-05,CDRIA-2050-noCR,1500Mt-noCostDecrease,OK,missing,coal_int_conv pul 1981-1985,missing,missing,missing,missing,missing,missing,missing,missing,EJ
2636,0.0,0.0,0.0001211704,0.0001290095,0.0001040823,3.3590520000000004e-05,4.903233e-05,2.544587e-05,2.312989e-05,CDRIA-2050-noCR,1500Mt-noCostDecrease,OK,missing,coal_int_conv pul 1986-1990,missing,missing,missing,missing,missing,missing,missing,missing,EJ
2637,0.0,0.0,0.0,1.293442e-05,0.00016101906000000002,0.00034369817,0.0004592164599999999,0.00097045148,0.00132722604,CDRIA-2050-noCR,1500Mt-noCostDecrease,OK,missing,coal_int_conv pul_CCS,missing,missing,missing,missing,missing,missing,missing,missing,EJ
2638,0.00880814,0.01004274,0.0,0.0,0.0,0.0,0.0,0.0,0.0,CDRIA-2050-noCR,1500Mt-noCostDecrease,OK,missing,coal_int_conv pul_retire_2020,missing,missing,missing,missing,missing,missing,missing,missing,EJ
2639,6.58635e-05,0.0,0.0,0.0,0.0,0.0,0.0,0.0,0.0,CDRIA-2050-noCR,1500Mt-noCostDecrease,OK,missing,coal_peak_conv pul,missing,missing,missing,missing,missing,missing,missing,missing,EJ
2640,4.38672e-05,0.0,0.0,0.0,0.0,0.0,0.0,0.0,0.0,CDRIA-2050-noCR,1500Mt-noCostDecrease,OK,missing,coal_peak_conv pul_retire_2020,missing,missing,missing,missing,missing,missing,missing,missing,EJ
2641,0.001162359,0.0,0.0,0.0,0.0,0.0,0.0,0.0,0.0,CDRIA-2050-noCR,1500Mt-noCostDecrease,OK,missing,coal_subpeak_conv pul,missing,missing,missing,missing,missing,missing,missing,missing,EJ
2642,0.000774168,0.0,0.0,0.0,0.0,0.0,0.0,0.0,0.0,CDRIA-2050-noCR,1500Mt-noCostDecrease,OK,missing,coal_subpeak_conv pul_retire_2020,missing,missing,missing,missing,missing,missing,missing,missing,EJ
2643,0.0011975032,0.002230788,0.0,3.478019e-05,0.00475573905,0.00826014997,0.00866637476,0.00622745481,0.00384649714,CDRIA-2050-noCR,1500Mt-noCostDecrease,OK,missing,gas_base_CC,missing,missing,missing,missing,missing,missing,missing,missing,EJ
2644,0.0,0.0,0.0,1.029892e-05,0.00286344843,0.00753530784,0.00871808055,0.0135327034,0.01423620533,CDRIA-2050-noCR,1500Mt-noCostDecrease,OK,missing,gas_base_CC_CCS,missing,missing,missing,missing,missing,missing,missing,missing,EJ
2645,0.0486628199999999,0.09067593,0.09511111,0.0930645567,0.0760646866,0.057273619,0.0536031706,0.0500705342,0.044520852,CDRIA-2050-noCR,1500Mt-noCostDecrease,OK,missing,gas_int_CC,missing,missing,missing,missing,missing,missing,missing,missing,EJ
2646,0.0,0.0,0.0,0.000172144,0.001608355,0.003327776,0.004452113,0.009392583,0.012757786,CDRIA-2050-noCR,1500Mt-noCostDecrease,OK,missing,gas_int_CC_CCS,missing,missing,missing,missing,missing,missing,missing,missing,EJ
2647,0.0006480997,0.001555253,0.001195993,0.0011068615942,0.000843827602,0.0005696626547000001,0.0004986578034000001,0.0003749316851,0.0002587538555,CDRIA-2050-noCR,1500Mt-noCostDecrease,OK,missing,gas_peak_CC,missing,missing,missing,missing,missing,missing,missing,missing,EJ
2648,0.0,0.0,0.0,6.9476e-08,2.086777e-07,3.317076e-07,4.0527930000000004e-07,6.376913e-07,9.40284e-07,CDRIA-2050-noCR,1500Mt-noCostDecrease,OK,missing,gas_peak_CC_CCS,missing,missing,missing,missing,missing,missing,missing,missing,EJ
2649,0.00048015877,0.0005470017,0.0005867144,0.0004873550829999999,0.00016220855099999997,6.634385600000002e-05,7.38800392e-05,6.02882378e-05,4.0285506600000005e-05,CDRIA-2050-noCR,1500Mt-noCostDecrease,OK,missing,gas_peak_steam/CT,missing,missing,missing,missing,missing,missing,missing,missing,EJ
2650,0.003132428,0.007516984,0.0007214309999999999,0.0006674859,0.0005851392,0.0004374542853,0.0003930342502,0.0006271692767999999,0.0005592485573000001,CDRIA-2050-noCR,1500Mt-noCostDecrease,OK,missing,gas_subpeak_CC,missing,missing,missing,missing,missing,missing,missing,missing,EJ
2651,0.0,0.0,0.0,0.0,0.0,2.13781e-07,2.554953e-06,6.4055813e-05,7.428553399999999e-05,CDRIA-2050-noCR,1500Mt-noCostDecrease,OK,missing,gas_subpeak_CC_CCS,missing,missing,missing,missing,missing,missing,missing,missing,EJ
2652,0.0023206197,0.0026440277,0.00035526533,0.00030417221000000004,0.00012600398,5.8494016e-05,7.4191563e-05,0.000231528742,0.000143387137,CDRIA-2050-noCR,1500Mt-noCostDecrease,OK,missing,gas_subpeak_steam/CT,missing,missing,missing,missing,missing,missing,missing,missing,EJ
2653,0.0092671,0.0096708,0.0113155,0.0114128,0.0114004,0.0114021,0.0113765,0.0112811,0.0112937,CDRIA-2050-noCR,1500Mt-noCostDecrease,OK,missing,hydro_base,missing,missing,missing,missing,missing,missing,missing,missing,EJ
2654,0.0001849915,5.523527e-05,8.924819999999999e-07,1.0327289999999998e-06,6.804641999999999e-07,5.554154000000001e-07,4.071524e-07,5.565246e-08,2.793145e-08,CDRIA-2050-noCR,1500Mt-noCostDecrease,OK,missing,refined liquids_base_steam/CT,missing,missing,missing,missing,missing,missing,missing,missing,EJ
2655,0.0,0.0,1.319793e-05,1.362979e-05,4.751957e-06,3.644763e-06,3.816e-06,4.015815e-06,2.840326e-06,CDRIA-2050-noCR,1500Mt-noCostDecrease,OK,missing,refined liquids_int_steam/CT,missing,missing,missing,missing,missing,missing,missing,missing,EJ
2656,0.000185006,5.52552e-05,0.0,0.0,0.0,0.0,0.0,0.0,0.0,CDRIA-2050-noCR,1500Mt-noCostDecrease,OK,missing,refined liquids_subpeak_steam/CT,missing,missing,missing,missing,missing,missing,missing,missing,EJ
2657,0.0,0.0,0.000241922,0.00277757,0.00641214,0.00669289,0.00727873,0.00687402,0.0078079,CDRIA-2050-noCR,1500Mt-noCostDecrease,OK,missing,rooftop_pv,missing,missing,missing,missing,missing,missing,missing,missing,EJ
2658,0.0,0.00181989,0.0303856,0.0307772452,0.0474818452,0.0673342452,0.0729769552,0.0757342552,0.0858103552,CDRIA-2050-noCR,1500Mt-noCostDecrease,OK,missing,wind_base,missing,missing,missing,missing,missing,missing,missing,missing,EJ
2659,0.0,0.0,0.0,1.89862e-06,0.00049486962,0.00132947062,0.00154849162,0.00250983862,0.00279856462,CDRIA-2050-noCR,1500Mt-noCostDecrease,OK,missing,wind_base_storage,missing,missing,missing,missing,missing,missing,missing,missing,EJ
2660,0.0,0.000758515,0.0120111,0.0127892,0.0127892,0.0127892,0.0127892,0.0,0.0,CDRIA-2050-noCR,1500Mt-noCostDecrease,OK,missing,wind_int,missing,missing,missing,missing,missing,missing,missing,missing,EJ
2661,0.0,0.000455112,0.00630195,0.00643399,0.00722513,0.0076735,0.0076735,0.0,0.0,CDRIA-2050-noCR,1500Mt-noCostDecrease,OK,missing,wind_subpeak,missing,missing,missing,missing,missing,missing,missing,missing,EJ
2662,0.0,0.0,2.58693e-05,6.73429e-05,0.0001778879,0.0002991479,0.0003679146,0.0005143946,0.0005830038,CDRIA-2050-noCR,1500Mt-noCostDecrease,OR,missing,CSP_base_storage,missing,missing,missing,missing,missing,missing,missing,missing,EJ
2663,0.0,0.0,0.0001876988,0.00034826560000000004,0.0007119196,0.0012752236,0.0015544556,0.0020665635999999,0.0026400728,CDRIA-2050-noCR,1500Mt-noCostDecrease,OR,missing,CSP_int,missing,missing,missing,missing,missing,missing,missing,missing,EJ
2664,0.0,0.0,2.49562e-05,3.904242e-05,7.139922e-05,0.00010432902,0.00012441402,0.00015553222000000002,0.00019894802000000004,CDRIA-2050-noCR,1500Mt-noCostDecrease,OR,missing,CSP_peak,missing,missing,missing,missing,missing,missing,missing,missing,EJ
2665,5.78012e-05,5.19006e-05,0.0004511478,0.0005446358000000001,0.0007541978,0.0009780397999999998,0.0011247573999999,0.0012643494,0.0015718136,CDRIA-2050-noCR,1500Mt-noCostDecrease,OR,missing,CSP_subpeak,missing,missing,missing,missing,missing,missing,missing,missing,EJ
2666,0.0,0.0,4.41374e-06,1.213228e-05,3.346128e-05,5.742608000000001e-05,7.123568000000001e-05,0.00010096448,0.00011586034,CDRIA-2050-noCR,1500Mt-noCostDecrease,OR,missing,PV_base_storage,missing,missing,missing,missing,missing,missing,missing,missing,EJ
2667,0.0,0.0,0.00157564,0.0028773899999999,0.00496713,0.00719871,0.00822273,0.00993171,0.01081963,CDRIA-2050-noCR,1500Mt-noCostDecrease,OR,missing,PV_int,missing,missing,missing,missing,missing,missing,missing,missing,EJ
2668,0.0,0.0,0.000209495,0.000323695,0.000509633,0.000640087,0.0007137441,0.0008175901,0.0008293720999999999,CDRIA-2050-noCR,1500Mt-noCostDecrease,OR,missing,PV_peak,missing,missing,missing,missing,missing,missing,missing,missing,EJ
2669,0.0,0.0,0.001308728,0.002066654,0.003270904,0.004157673,0.004695727,0.006077799,0.006339119,CDRIA-2050-noCR,1500Mt-noCostDecrease,OR,missing,PV_subpeak,missing,missing,missing,missing,missing,missing,missing,missing,EJ
2670,0.0,0.0,2.25401e-05,4.2401306e-05,0.000122283288,0.000146279038,9.1505683e-05,0.000191776977,0.000127644885,CDRIA-2050-noCR,1500Mt-noCostDecrease,OR,missing,biogas_base_CC,missing,missing,missing,missing,missing,missing,missing,missing,EJ
2671,0.0,0.0,0.0,2.26485e-05,8.6270104e-05,0.00013774259399999998,8.8158812e-05,0.00025503717000000003,0.000188029037,CDRIA-2050-noCR,1500Mt-noCostDecrease,OR,missing,biogas_base_CC_CCS,missing,missing,missing,missing,missing,missing,missing,missing,EJ
2672,0.0,0.0,8.06247e-05,5.272427e-05,0.00011224448,0.00022040427,0.00015017133,0.00028037609,0.000391416,CDRIA-2050-noCR,1500Mt-noCostDecrease,OR,missing,biogas_int_CC,missing,missing,missing,missing,missing,missing,missing,missing,EJ
2673,0.0,0.0,0.0,1.91497e-05,5.1273672e-05,0.00012584665,9.314158e-05,0.00024463834,0.00038865043,CDRIA-2050-noCR,1500Mt-noCostDecrease,OR,missing,biogas_int_CC_CCS,missing,missing,missing,missing,missing,missing,missing,missing,EJ
2674,0.0,0.0,2.7405e-07,1.6663596999999998e-07,3.6811778e-07,4.6831392e-07,3.1656107e-07,5.2874661e-07,1.04303311e-06,CDRIA-2050-noCR,1500Mt-noCostDecrease,OR,missing,biogas_peak_CC,missing,missing,missing,missing,missing,missing,missing,missing,EJ
2675,0.0,0.0,0.0,2.43021e-08,5.6888067e-08,7.688608e-08,5.446565e-08,1.1383053e-07,2.2562396e-07,CDRIA-2050-noCR,1500Mt-noCostDecrease,OR,missing,biogas_peak_CC_CCS,missing,missing,missing,missing,missing,missing,missing,missing,EJ
2676,0.0,0.0,2.550152e-07,1.45505972e-07,3.13215198e-07,3.77625021e-07,2.3002947999999994e-07,3.83577971e-07,8.019232530000001e-07,CDRIA-2050-noCR,1500Mt-noCostDecrease,OR,missing,biogas_peak_steam/CT,missing,missing,missing,missing,missing,missing,missing,missing,EJ
2677,0.0,0.0,6.37408e-06,4.6983040000000005e-06,1.0357665e-05,1.400574e-05,1.0511781e-05,3.1014814e-05,3.2173586e-05,CDRIA-2050-noCR,1500Mt-noCostDecrease,OR,missing,biogas_subpeak_CC,missing,missing,missing,missing,missing,missing,missing,missing,EJ
2678,0.0,0.0,0.0,9.46671e-07,2.339503e-06,3.534867e-06,2.8014848e-06,1.005892e-05,1.2475529e-05,CDRIA-2050-noCR,1500Mt-noCostDecrease,OR,missing,biogas_subpeak_CC_CCS,missing,missing,missing,missing,missing,missing,missing,missing,EJ
2679,0.0,0.0,4.3146260000000005e-06,2.99903174e-06,6.535173189999999e-06,8.305393709999999e-06,5.498734359999999e-06,1.769982561e-05,1.724435318e-05,CDRIA-2050-noCR,1500Mt-noCostDecrease,OR,missing,biogas_subpeak_steam/CT,missing,missing,missing,missing,missing,missing,missing,missing,EJ
2680,0.0,0.0,4.492979999999999e-05,7.001780999999999e-05,0.00013536948,0.00022094744,0.00024638658,0.0003776798500000001,0.00037159124,CDRIA-2050-noCR,1500Mt-noCostDecrease,OR,missing,biomass_base_IGCC,missing,missing,missing,missing,missing,missing,missing,missing,EJ
2681,0.0,0.0,0.0,2.038222e-05,9.739923e-05,0.00035561472,0.0004945084199999999,0.00208467925,0.00337112048,CDRIA-2050-noCR,1500Mt-noCostDecrease,OR,missing,biomass_base_IGCC_CCS,missing,missing,missing,missing,missing,missing,missing,missing,EJ
2682,0.000895257,0.000981918,0.0001814482,0.00021773170000000003,0.00029529165,0.00037356187,0.00033449979,0.00042359967,0.00033741749,CDRIA-2050-noCR,1500Mt-noCostDecrease,OR,missing,biomass_base_conv,missing,missing,missing,missing,missing,missing,missing,missing,EJ
2683,0.0,0.0,0.0,2.19616e-05,0.00013026754,0.00072270313,0.0010018528,0.00960573624,0.01686177406,CDRIA-2050-noCR,1500Mt-noCostDecrease,OR,missing,biomass_base_conv_CCS,missing,missing,missing,missing,missing,missing,missing,missing,EJ
2684,0.0,0.0,2.125903e-05,2.616983e-05,3.486583e-05,5.310457e-05,6.127974999999999e-05,7.980257000000002e-05,0.00010648361,CDRIA-2050-noCR,1500Mt-noCostDecrease,OR,missing,biomass_int_IGCC,missing,missing,missing,missing,missing,missing,missing,missing,EJ
2685,0.0,0.0,0.0,2.775997e-06,8.211284e-06,2.2463527e-05,2.9746117e-05,5.2521951e-05,8.987498999999999e-05,CDRIA-2050-noCR,1500Mt-noCostDecrease,OR,missing,biomass_int_IGCC_CCS,missing,missing,missing,missing,missing,missing,missing,missing,EJ
2686,0.000895228,0.000981904,0.0004121921,0.00048153367,0.0004450074099999999,0.00053191445,0.00046684951,0.00043221772,0.00038166165,CDRIA-2050-noCR,1500Mt-noCostDecrease,OR,missing,biomass_int_conv,missing,missing,missing,missing,missing,missing,missing,missing,EJ
2687,0.0,0.0,0.0,4.00858e-06,1.2899950000000002e-05,4.020736e-05,5.340155e-05,0.00010325397,0.00018379803,CDRIA-2050-noCR,1500Mt-noCostDecrease,OR,missing,biomass_int_conv_CCS,missing,missing,missing,missing,missing,missing,missing,missing,EJ
2688,0.0,0.0,0.0,0.0001462398,0.000491131,0.0008597314999999999,0.0010967682,0.0015470231999999,0.0018526739,CDRIA-2050-noCR,1500Mt-noCostDecrease,OR,missing,coal_base_IGCC_CCS,missing,missing,missing,missing,missing,missing,missing,missing,EJ
2689,0.00116591,0.00290685,0.0,0.0,0.0,0.0,0.0,0.0,0.0,CDRIA-2050-noCR,1500Mt-noCostDecrease,OR,missing,coal_base_conv pul,missing,missing,missing,missing,missing,missing,missing,missing,EJ
2690,0.0,0.0,0.000616845,0.0,0.0,0.0,0.0,0.0,0.0,CDRIA-2050-noCR,1500Mt-noCostDecrease,OR,missing,coal_base_conv pul 1976-1980,missing,missing,missing,missing,missing,missing,missing,missing,EJ
2691,0.0,0.0,0.0,0.0001778558,0.0005640255,0.0009496814,0.0011908307999999,0.0016088056,0.0018849477,CDRIA-2050-noCR,1500Mt-noCostDecrease,OR,missing,coal_base_conv pul_CCS,missing,missing,missing,missing,missing,missing,missing,missing,EJ
2692,0.00071171,0.00177444,0.0,0.0,0.0,0.0,0.0,0.0,0.0,CDRIA-2050-noCR,1500Mt-noCostDecrease,OR,missing,coal_base_conv pul_retire_2020,missing,missing,missing,missing,missing,missing,missing,missing,EJ
2693,0.0,0.0,0.0,2.4936530000000003e-05,5.75415e-05,0.00011684531,0.00014742776,0.00020873588,0.00030171883,CDRIA-2050-noCR,1500Mt-noCostDecrease,OR,missing,coal_int_IGCC_CCS,missing,missing,missing,missing,missing,missing,missing,missing,EJ
2694,0.0017271,0.00523904,0.0,0.0,0.0,0.0,0.0,0.0,0.0,CDRIA-2050-noCR,1500Mt-noCostDecrease,OR,missing,coal_int_conv pul,missing,missing,missing,missing,missing,missing,missing,missing,EJ
2695,0.0,0.0,0.00216076,0.0,0.0,0.0,0.0,0.0,0.0,CDRIA-2050-noCR,1500Mt-noCostDecrease,OR,missing,coal_int_conv pul 1976-1980,missing,missing,missing,missing,missing,missing,missing,missing,EJ
2696,0.0,0.0,0.0,3.188527e-05,7.03182e-05,0.00013587757,0.00016818622,0.00022998002000000005,0.00032104405,CDRIA-2050-noCR,1500Mt-noCostDecrease,OR,missing,coal_int_conv pul_CCS,missing,missing,missing,missing,missing,missing,missing,missing,EJ
2697,0.00105428,0.00319809,0.0,0.0,0.0,0.0,0.0,0.0,0.0,CDRIA-2050-noCR,1500Mt-noCostDecrease,OR,missing,coal_int_conv pul_retire_2020,missing,missing,missing,missing,missing,missing,missing,missing,EJ
2698,4.66315e-05,0.0,0.0,0.0,0.0,0.0,0.0,0.0,0.0,CDRIA-2050-noCR,1500Mt-noCostDecrease,OR,missing,coal_peak_conv pul,missing,missing,missing,missing,missing,missing,missing,missing,EJ
2699,2.84654e-05,0.0,0.0,0.0,0.0,0.0,0.0,0.0,0.0,CDRIA-2050-noCR,1500Mt-noCostDecrease,OR,missing,coal_peak_conv pul_retire_2020,missing,missing,missing,missing,missing,missing,missing,missing,EJ
2700,0.000327496,0.0,0.0,0.0,0.0,0.0,0.0,0.0,0.0,CDRIA-2050-noCR,1500Mt-noCostDecrease,OR,missing,coal_subpeak_conv pul,missing,missing,missing,missing,missing,missing,missing,missing,EJ
2701,0.000199914,0.0,0.0,0.0,0.0,0.0,0.0,0.0,0.0,CDRIA-2050-noCR,1500Mt-noCostDecrease,OR,missing,coal_subpeak_conv pul_retire_2020,missing,missing,missing,missing,missing,missing,missing,missing,EJ
2702,0.0,0.0,0.00821194,0.0095144499999999,0.00908373,0.00642299,0.0066850009999999,0.003220444,0.002339843,CDRIA-2050-noCR,1500Mt-noCostDecrease,OR,missing,gas_base_CC,missing,missing,missing,missing,missing,missing,missing,missing,EJ
2703,0.0,0.0,0.0,0.000603559,0.001879431,0.003184325,0.003969093,0.005488402,0.006213073,CDRIA-2050-noCR,1500Mt-noCostDecrease,OR,missing,gas_base_CC_CCS,missing,missing,missing,missing,missing,missing,missing,missing,EJ
2704,0.00169245,0.0276863,0.03792278,0.03655106,0.03195653,0.02708866,0.024124209,0.018475319,0.016025745,CDRIA-2050-noCR,1500Mt-noCostDecrease,OR,missing,gas_int_CC,missing,missing,missing,missing,missing,missing,missing,missing,EJ
2705,0.0,0.0,0.0,0.000266326,0.000622246,0.001221406,0.0015230629999999,0.002096907,0.002922153,CDRIA-2050-noCR,1500Mt-noCostDecrease,OR,missing,gas_int_CC_CCS,missing,missing,missing,missing,missing,missing,missing,missing,EJ
2706,4.62981e-05,0.000974728,0.00065673779,0.000596570521,0.000479399406,0.00035249998,0.00028561257699999995,0.00016329841499999998,0.00010430000799999998,CDRIA-2050-noCR,1500Mt-noCostDecrease,OR,missing,gas_peak_CC,missing,missing,missing,missing,missing,missing,missing,missing,EJ
2707,0.0,0.0,0.0,7.52367e-08,1.826948e-07,3.135070000000001e-07,3.930688e-07,5.318265e-07,8.318653e-07,CDRIA-2050-noCR,1500Mt-noCostDecrease,OR,missing,gas_peak_CC_CCS,missing,missing,missing,missing,missing,missing,missing,missing,EJ
2708,3.4298576e-05,0.00034281013,0.00030360793089999994,0.00025848399968,0.00011513361703000002,5.5522164293e-05,4.945054089000001e-05,1.733742243799999e-05,1.0677429442999998e-05,CDRIA-2050-noCR,1500Mt-noCostDecrease,OR,missing,gas_peak_steam/CT,missing,missing,missing,missing,missing,missing,missing,missing,EJ
2709,0.000323306,0.00681167,0.0035944659999999,0.0033171672,0.0028002082,0.0022162561,0.0018524521,0.0012815496,0.0009775067000000002,CDRIA-2050-noCR,1500Mt-noCostDecrease,OR,missing,gas_subpeak_CC,missing,missing,missing,missing,missing,missing,missing,missing,EJ
2710,0.0,0.0,0.0,4.39403e-06,1.071292e-05,1.86067e-05,2.381566e-05,4.12747e-05,5.827368e-05,CDRIA-2050-noCR,1500Mt-noCostDecrease,OR,missing,gas_subpeak_CC_CCS,missing,missing,missing,missing,missing,missing,missing,missing,EJ
2711,0.000239504622,0.00239592387,0.001791235817,0.001571931256,0.0008377878471999999,0.0004691199161999999,0.0004321131047,0.0002120073913,0.0001536808079,CDRIA-2050-noCR,1500Mt-noCostDecrease,OR,missing,gas_subpeak_steam/CT,missing,missing,missing,missing,missing,missing,missing,missing,EJ
2712,0.0,0.0,0.00097067,0.0012230729999999,0.001780195,0.002513447,0.00299954,0.003438797,0.004080438,CDRIA-2050-noCR,1500Mt-noCostDecrease,OR,missing,geo_base,missing,missing,missing,missing,missing,missing,missing,missing,EJ
2713,0.105537,0.113785,0.134104,0.133898,0.133752,0.133772,0.133472,0.132353,0.1325,CDRIA-2050-noCR,1500Mt-noCostDecrease,OR,missing,hydro_base,missing,missing,missing,missing,missing,missing,missing,missing,EJ
2714,0.034422,0.0,0.0,0.0,0.0,0.0,0.0,0.0,0.0,CDRIA-2050-noCR,1500Mt-noCostDecrease,OR,missing,hydro_int,missing,missing,missing,missing,missing,missing,missing,missing,EJ
2715,0.02317908,0.0,0.0,0.0,0.0,0.0,0.0,0.0,0.0,CDRIA-2050-noCR,1500Mt-noCostDecrease,OR,missing,nuc_base_Gen II,missing,missing,missing,missing,missing,missing,missing,missing,EJ
2716,0.0,0.0,2.2633737e-06,2.7012468e-06,1.2159721999999998e-06,5.862007699999999e-07,4.8282766e-07,1.0970024e-07,5.6684193e-08,CDRIA-2050-noCR,1500Mt-noCostDecrease,OR,missing,refined liquids_base_steam/CT,missing,missing,missing,missing,missing,missing,missing,missing,EJ
2717,9.1202826e-05,0.00016180061,0.0,0.0,0.0,0.0,0.0,0.0,0.0,CDRIA-2050-noCR,1500Mt-noCostDecrease,OR,missing,refined liquids_int_steam/CT,missing,missing,missing,missing,missing,missing,missing,missing,EJ
2718,0.0,0.0,0.0,0.0,0.0,0.0,0.0,0.0,0.0,CDRIA-2050-noCR,1500Mt-noCostDecrease,OR,missing,refined liquids_peak_steam/CT,missing,missing,missing,missing,missing,missing,missing,missing,EJ
2719,2.2800444000000003e-05,4.0400392e-05,0.0,0.0,0.0,0.0,0.0,0.0,0.0,CDRIA-2050-noCR,1500Mt-noCostDecrease,OR,missing,refined liquids_subpeak_steam/CT,missing,missing,missing,missing,missing,missing,missing,missing,EJ
2720,0.0,0.0,7.3015e-05,0.000402325,0.000685339,0.00113788,0.00153784,0.00181236,0.00204851,CDRIA-2050-noCR,1500Mt-noCostDecrease,OR,missing,rooftop_pv,missing,missing,missing,missing,missing,missing,missing,missing,EJ
2721,2.30015e-06,0.00265385,0.02710509,0.03182269,0.0391506,0.04701444,0.05159846,0.03793406,0.04183281,CDRIA-2050-noCR,1500Mt-noCostDecrease,OR,missing,wind_base,missing,missing,missing,missing,missing,missing,missing,missing,EJ
2722,0.0,0.0,0.0,0.000327618,0.001601508,0.003304068,0.004484918,0.007362448,0.00913519,CDRIA-2050-noCR,1500Mt-noCostDecrease,OR,missing,wind_base_offshore,missing,missing,missing,missing,missing,missing,missing,missing,EJ
2723,0.0,0.0,7.19662e-05,0.0001725582,0.0003217492,0.0004841722,0.0005759934,0.0007767224,0.0008331342,CDRIA-2050-noCR,1500Mt-noCostDecrease,OR,missing,wind_base_storage,missing,missing,missing,missing,missing,missing,missing,missing,EJ
2724,0.0,0.0,0.000144363,0.0001669111,0.0003242211,0.0006509451,0.0009320891,0.0012913021,0.0014160441,CDRIA-2050-noCR,1500Mt-noCostDecrease,PA,missing,PV_base_storage,missing,missing,missing,missing,missing,missing,missing,missing,EJ
2725,0.0,0.0,0.0131435,0.02016182,0.05158482,0.08166942,0.09997532,0.13570312,0.15654662,CDRIA-2050-noCR,1500Mt-noCostDecrease,PA,missing,PV_int,missing,missing,missing,missing,missing,missing,missing,missing,EJ
2726,0.0,0.0,0.00049534,0.0007834770000000001,0.001556402,0.002080673,0.002475808,0.0031933179999999,0.003743788,CDRIA-2050-noCR,1500Mt-noCostDecrease,PA,missing,PV_peak,missing,missing,missing,missing,missing,missing,missing,missing,EJ
2727,0.0,0.0,0.002798604,0.004506424,0.009239484,0.012576114,0.0152240439999999,0.02083461,0.0243851699999999,CDRIA-2050-noCR,1500Mt-noCostDecrease,PA,missing,PV_subpeak,missing,missing,missing,missing,missing,missing,missing,missing,EJ
2728,0.0,0.0,0.000896698,0.0001590517,0.00109592025,0.00241437844,0.0023177084,0.00283739879,0.00217838242,CDRIA-2050-noCR,1500Mt-noCostDecrease,PA,missing,biogas_base_CC,missing,missing,missing,missing,missing,missing,missing,missing,EJ
2729,0.0,0.0,0.0,7.9588e-05,0.0007587447199999999,0.00224655586,0.00224675659,0.0038926296,0.00336561504,CDRIA-2050-noCR,1500Mt-noCostDecrease,PA,missing,biogas_base_CC_CCS,missing,missing,missing,missing,missing,missing,missing,missing,EJ
2730,0.0,0.0,0.000786227,0.0003065425,0.0012564497,0.0025130578,0.0027793024999999,0.0064060227,0.008320903,CDRIA-2050-noCR,1500Mt-noCostDecrease,PA,missing,biogas_int_CC,missing,missing,missing,missing,missing,missing,missing,missing,EJ
2731,0.0,0.0,0.0,9.80817e-05,0.0005700881300000001,0.0014098399,0.0016879552,0.0049955686999999,0.0075775737,CDRIA-2050-noCR,1500Mt-noCostDecrease,PA,missing,biogas_int_CC_CCS,missing,missing,missing,missing,missing,missing,missing,missing,EJ
2732,0.0,0.0,7.77037e-07,4.26358e-07,1.1767e-06,1.6660855e-06,2.0043543e-06,4.5968587e-06,7.37035e-06,CDRIA-2050-noCR,1500Mt-noCostDecrease,PA,missing,biogas_peak_CC,missing,missing,missing,missing,missing,missing,missing,missing,EJ
2733,0.0,0.0,0.0,5.96749e-08,1.8074518e-07,2.7385703e-07,3.494854e-07,9.73463e-07,1.7179319e-06,CDRIA-2050-noCR,1500Mt-noCostDecrease,PA,missing,biogas_peak_CC_CCS,missing,missing,missing,missing,missing,missing,missing,missing,EJ
2734,0.0,0.0,7.186099999999998e-07,3.55087973e-07,9.81737442e-07,1.223365194e-06,1.20885835e-06,2.8532392500000003e-06,4.39011645e-06,CDRIA-2050-noCR,1500Mt-noCostDecrease,PA,missing,biogas_peak_steam/CT,missing,missing,missing,missing,missing,missing,missing,missing,EJ
2735,0.0,0.0,1.80476e-05,1.120747e-05,3.1135805e-05,4.738477e-05,6.252828999999999e-05,0.00016065665,0.00021961313,CDRIA-2050-noCR,1500Mt-noCostDecrease,PA,missing,biogas_subpeak_CC,missing,missing,missing,missing,missing,missing,missing,missing,EJ
2736,0.0,0.0,0.0,2.12024e-06,6.9789129e-06,1.1883728e-05,1.6619302e-05,5.150827e-05,8.11733e-05,CDRIA-2050-noCR,1500Mt-noCostDecrease,PA,missing,biogas_subpeak_CC_CCS,missing,missing,missing,missing,missing,missing,missing,missing,EJ
2737,0.0,0.0,1.2135899999999998e-05,6.6748795e-06,1.915397901e-05,2.5049606200000005e-05,2.65932354e-05,7.49697526e-05,8.673121859999999e-05,CDRIA-2050-noCR,1500Mt-noCostDecrease,PA,missing,biogas_subpeak_steam/CT,missing,missing,missing,missing,missing,missing,missing,missing,EJ
2738,0.0,0.0,0.000234504,0.0002146966,0.00041049460000000006,0.0009672261,0.0015048581,0.00260502332,0.00319924843,CDRIA-2050-noCR,1500Mt-noCostDecrease,PA,missing,biomass_base_IGCC,missing,missing,missing,missing,missing,missing,missing,missing,EJ
2739,0.0,0.0,0.0,1.436525e-05,0.00019693952,0.00160622454,0.00295002855,0.01359793768,0.02486608436,CDRIA-2050-noCR,1500Mt-noCostDecrease,PA,missing,biomass_base_IGCC_CCS,missing,missing,missing,missing,missing,missing,missing,missing,EJ
2740,0.00110403,0.00343992,0.001072277,0.0012967428,0.0018932748,0.0026523032999999,0.0030800589,0.0036508888999999,0.0036771317,CDRIA-2050-noCR,1500Mt-noCostDecrease,PA,missing,biomass_base_conv,missing,missing,missing,missing,missing,missing,missing,missing,EJ
2741,0.0,0.0,0.0,1.64088e-05,0.00028748070000000003,0.0036615008,0.0064933018,0.0657480896,0.1313790293,CDRIA-2050-noCR,1500Mt-noCostDecrease,PA,missing,biomass_base_conv_CCS,missing,missing,missing,missing,missing,missing,missing,missing,EJ
2742,0.0,0.0,0.0001869513,0.0002095898,0.0003031468,0.0004791324000000001,0.0006167102999999999,0.0009947855,0.0013895754999999,CDRIA-2050-noCR,1500Mt-noCostDecrease,PA,missing,biomass_int_IGCC,missing,missing,missing,missing,missing,missing,missing,missing,EJ
2743,0.0,0.0,0.0,1.297624e-05,6.909829999999999e-05,0.00021004574,0.00032425844,0.0007879698300000001,0.00132091271,CDRIA-2050-noCR,1500Mt-noCostDecrease,PA,missing,biomass_int_IGCC_CCS,missing,missing,missing,missing,missing,missing,missing,missing,EJ
2744,0.00110403,0.00343992,0.0023704349999999,0.0026794552,0.0026448273,0.0031939686,0.0031999822,0.0036600741,0.0040281384,CDRIA-2050-noCR,1500Mt-noCostDecrease,PA,missing,biomass_int_conv,missing,missing,missing,missing,missing,missing,missing,missing,EJ
2745,0.0,0.0,0.0,1.97174e-05,0.0001161421,0.0003987214,0.0006158164,0.0016771532,0.0028808311,CDRIA-2050-noCR,1500Mt-noCostDecrease,PA,missing,biomass_int_conv_CCS,missing,missing,missing,missing,missing,missing,missing,missing,EJ
2746,0.0,0.0,0.0,0.000503506,0.003426219,0.009270825,0.014853552,0.021389481,0.026534424,CDRIA-2050-noCR,1500Mt-noCostDecrease,PA,missing,coal_base_IGCC_CCS,missing,missing,missing,missing,missing,missing,missing,missing,EJ
2747,0.1344839,0.1556968,0.0,0.0,0.0,0.0,0.0,0.0,0.0,CDRIA-2050-noCR,1500Mt-noCostDecrease,PA,missing,coal_base_conv pul,missing,missing,missing,missing,missing,missing,missing,missing,EJ
2748,0.0,0.0,0.001466689,0.0014435519999999,0.00105993,0.0002175909,0.0001337602,0.0,0.0,CDRIA-2050-noCR,1500Mt-noCostDecrease,PA,missing,coal_base_conv pul 1961-1965,missing,missing,missing,missing,missing,missing,missing,missing,EJ
2749,0.0,0.0,0.0536053,0.0534826999999999,0.0416241,0.0106133699999999,0.01123524,0.000476996,0.0,CDRIA-2050-noCR,1500Mt-noCostDecrease,PA,missing,coal_base_conv pul 1966-1970,missing,missing,missing,missing,missing,missing,missing,missing,EJ
2750,0.0,0.0,0.0217799999999999,0.02174912,0.0169920299999999,0.00440545,0.0049731199999999,0.000250201,6.0909e-05,CDRIA-2050-noCR,1500Mt-noCostDecrease,PA,missing,coal_base_conv pul 1971-1975,missing,missing,missing,missing,missing,missing,missing,missing,EJ
2751,0.0,0.0,0.00984761,0.0060202499999999,0.0,0.0,0.0,0.0,0.0,CDRIA-2050-noCR,1500Mt-noCostDecrease,PA,missing,coal_base_conv pul 1976-1980,missing,missing,missing,missing,missing,missing,missing,missing,EJ
2752,0.0,0.0,0.00607718,0.0060748799999999,0.00476837,0.001262057,0.001554964,0.0001074389,5.72156e-05,CDRIA-2050-noCR,1500Mt-noCostDecrease,PA,missing,coal_base_conv pul 1986-1990,missing,missing,missing,missing,missing,missing,missing,missing,EJ
2753,0.0,0.0,0.00548166,0.00547913,0.00429911,0.001135941,0.001389099,9.28796e-05,4.33479e-05,CDRIA-2050-noCR,1500Mt-noCostDecrease,PA,missing,coal_base_conv pul 1991-1995,missing,missing,missing,missing,missing,missing,missing,missing,EJ
2754,0.0,0.0,0.00626356,0.0062612599999999,0.00491491,0.001301145,0.001604788,0.0001113948,6.05478e-05,CDRIA-2050-noCR,1500Mt-noCostDecrease,PA,missing,coal_base_conv pul 2001-2005,missing,missing,missing,missing,missing,missing,missing,missing,EJ
2755,0.0,0.0,0.0,0.000602472,0.003838644,0.009942006,0.0155933639999999,0.021819162,0.026575449,CDRIA-2050-noCR,1500Mt-noCostDecrease,PA,missing,coal_base_conv pul_CCS,missing,missing,missing,missing,missing,missing,missing,missing,EJ
2756,0.0617398,0.0714783,0.0,0.0,0.0,0.0,0.0,0.0,0.0,CDRIA-2050-noCR,1500Mt-noCostDecrease,PA,missing,coal_base_conv pul_retire_2020,missing,missing,missing,missing,missing,missing,missing,missing,EJ
2757,0.0,0.0,0.0,0.000228366,0.000588127,0.0012084379999999,0.001710994,0.003006807,0.004370542,CDRIA-2050-noCR,1500Mt-noCostDecrease,PA,missing,coal_int_IGCC_CCS,missing,missing,missing,missing,missing,missing,missing,missing,EJ
2758,0.1266408,0.1552624,0.0,0.0,0.0,0.0,0.0,0.0,0.0,CDRIA-2050-noCR,1500Mt-noCostDecrease,PA,missing,coal_int_conv pul,missing,missing,missing,missing,missing,missing,missing,missing,EJ
2759,0.0,0.0,0.0008664219999999999,0.000852999,0.000728515,0.0003782558,0.0002227858,0.0,0.0,CDRIA-2050-noCR,1500Mt-noCostDecrease,PA,missing,coal_int_conv pul 1961-1965,missing,missing,missing,missing,missing,missing,missing,missing,EJ
2760,0.0,0.0,0.03166647,0.03160306,0.02860927,0.01845011,0.01871306,0.00553505,0.0,CDRIA-2050-noCR,1500Mt-noCostDecrease,PA,missing,coal_int_conv pul 1966-1970,missing,missing,missing,missing,missing,missing,missing,missing,EJ
2761,0.0,0.0,0.01286624,0.01285162,0.01167905,0.00765836,0.00828305,0.002903329,0.001183911,CDRIA-2050-noCR,1500Mt-noCostDecrease,PA,missing,coal_int_conv pul 1971-1975,missing,missing,missing,missing,missing,missing,missing,missing,EJ
2762,0.0,0.0,0.00581733,0.003557393,0.0,0.0,0.0,0.0,0.0,CDRIA-2050-noCR,1500Mt-noCostDecrease,PA,missing,coal_int_conv pul 1976-1980,missing,missing,missing,missing,missing,missing,missing,missing,EJ
2763,0.0,0.0,0.003590007,0.003589671,0.0032774099999999,0.002193938,0.002589901,0.001246718,0.001112119,CDRIA-2050-noCR,1500Mt-noCostDecrease,PA,missing,coal_int_conv pul 1986-1990,missing,missing,missing,missing,missing,missing,missing,missing,EJ
2764,0.0,0.0,0.003238209,0.003237633,0.002954881,0.0019747009999999,0.00231364,0.001077772,0.0008425700000000001,CDRIA-2050-noCR,1500Mt-noCostDecrease,PA,missing,coal_int_conv pul 1991-1995,missing,missing,missing,missing,missing,missing,missing,missing,EJ
2765,0.0,0.0,0.003700106,0.003699798,0.00337814,0.002261885,0.002672872,0.001292623,0.0011768899999999,CDRIA-2050-noCR,1500Mt-noCostDecrease,PA,missing,coal_int_conv pul 2001-2005,missing,missing,missing,missing,missing,missing,missing,missing,EJ
2766,0.0,0.0,0.0,0.000289613,0.0007109900000000001,0.001393411,0.001922292,0.003225613,0.004558202,CDRIA-2050-noCR,1500Mt-noCostDecrease,PA,missing,coal_int_conv pul_CCS,missing,missing,missing,missing,missing,missing,missing,missing,EJ
2767,0.0581389999999999,0.0712787,0.0,0.0,0.0,0.0,0.0,0.0,0.0,CDRIA-2050-noCR,1500Mt-noCostDecrease,PA,missing,coal_int_conv pul_retire_2020,missing,missing,missing,missing,missing,missing,missing,missing,EJ
2768,0.00134717,0.0,0.0,0.0,0.0,0.0,0.0,0.0,0.0,CDRIA-2050-noCR,1500Mt-noCostDecrease,PA,missing,coal_peak_conv pul,missing,missing,missing,missing,missing,missing,missing,missing,EJ
2769,0.0006184680000000001,0.0,0.0,0.0,0.0,0.0,0.0,0.0,0.0,CDRIA-2050-noCR,1500Mt-noCostDecrease,PA,missing,coal_peak_conv pul_retire_2020,missing,missing,missing,missing,missing,missing,missing,missing,EJ
2770,0.00556873,0.0,0.0,0.0,0.0,0.0,0.0,0.0,0.0,CDRIA-2050-noCR,1500Mt-noCostDecrease,PA,missing,coal_subpeak_conv pul,missing,missing,missing,missing,missing,missing,missing,missing,EJ
2771,0.002556522,0.0,0.0,0.0,0.0,0.0,0.0,0.0,0.0,CDRIA-2050-noCR,1500Mt-noCostDecrease,PA,missing,coal_subpeak_conv pul_retire_2020,missing,missing,missing,missing,missing,missing,missing,missing,EJ
2772,0.0,0.0,0.06141207,0.063955597,0.074923615,0.08048356,0.0962181689999999,0.0611372419999999,0.0470157583,CDRIA-2050-noCR,1500Mt-noCostDecrease,PA,missing,gas_base_CC,missing,missing,missing,missing,missing,missing,missing,missing,EJ
2773,0.0,0.0,0.0,0.0016058637,0.0123848069,0.0335842009,0.0531226945,0.0756685830999999,0.0905043221999999,CDRIA-2050-noCR,1500Mt-noCostDecrease,PA,missing,gas_base_CC_CCS,missing,missing,missing,missing,missing,missing,missing,missing,EJ
2774,0.002538863,0.0209848199999999,0.17433153,0.1701689509999999,0.162037451,0.154957651,0.150784949,0.1469058219999999,0.1484498499999999,CDRIA-2050-noCR,1500Mt-noCostDecrease,PA,missing,gas_int_CC,missing,missing,missing,missing,missing,missing,missing,missing,EJ
2775,0.0,0.0,0.0,0.0012985022,0.0051273103,0.0112170458,0.0160692985,0.0278806230999999,0.0397282038,CDRIA-2050-noCR,1500Mt-noCostDecrease,PA,missing,gas_int_CC_CCS,missing,missing,missing,missing,missing,missing,missing,missing,EJ
2776,0.00014790331,0.001574137,0.001870933632,0.001700893607,0.0014213593159999,0.0011515550469999,0.00093722596,0.0006689615120000002,0.000478965673,CDRIA-2050-noCR,1500Mt-noCostDecrease,PA,missing,gas_peak_CC,missing,missing,missing,missing,missing,missing,missing,missing,EJ
2777,0.0,0.0,0.0,1.8155771e-07,5.2110401e-07,9.4157676e-07,1.35245942e-06,2.34632002e-06,3.90122992e-06,CDRIA-2050-noCR,1500Mt-noCostDecrease,PA,missing,gas_peak_CC_CCS,missing,missing,missing,missing,missing,missing,missing,missing,EJ
2778,0.0001096022,0.0005537126,0.00093832141,0.000804316081,0.00045054604200000007,0.00031609249,0.000323433934,0.00017972322000000003,0.00012582456799999997,CDRIA-2050-noCR,1500Mt-noCostDecrease,PA,missing,gas_peak_steam/CT,missing,missing,missing,missing,missing,missing,missing,missing,EJ
2779,0.000865017,0.009207986,0.0127550503,0.01171343453,0.01008873024,0.00844930517,0.00704939202,0.00558276487,0.0045615021299999,CDRIA-2050-noCR,1500Mt-noCostDecrease,PA,missing,gas_subpeak_CC,missing,missing,missing,missing,missing,missing,missing,missing,EJ
2780,0.0,0.0,0.0,9.624788e-06,2.8179932e-05,5.1548387e-05,7.565311299999998e-05,0.00014527118700000002,0.000222719367,CDRIA-2050-noCR,1500Mt-noCostDecrease,PA,missing,gas_subpeak_CC_CCS,missing,missing,missing,missing,missing,missing,missing,missing,EJ
2781,0.0006408124000000001,0.003238829,0.0066363199,0.0058484242,0.0037116772,0.0028145292999999,0.0028451089999999,0.0019089436,0.0015511960999999,CDRIA-2050-noCR,1500Mt-noCostDecrease,PA,missing,gas_subpeak_steam/CT,missing,missing,missing,missing,missing,missing,missing,missing,EJ
2782,0.0097372,0.008207,0.011172,0.0111548,0.0111427,0.0111443,0.0111193,0.0110261,0.0110383,CDRIA-2050-noCR,1500Mt-noCostDecrease,PA,missing,hydro_base,missing,missing,missing,missing,missing,missing,missing,missing,EJ
2783,0.2205209,0.2847377,0.2998052,0.2951204,0.2806573,0.2416065,0.1656125,0.0812898,0.0,CDRIA-2050-noCR,1500Mt-noCostDecrease,PA,missing,nuc_base_Gen II,missing,missing,missing,missing,missing,missing,missing,missing,EJ
2784,0.0,0.0,0.0,0.0,0.0149772,0.046211,0.0733654,0.10848,0.1351119,CDRIA-2050-noCR,1500Mt-noCostDecrease,PA,missing,nuc_base_Gen III,missing,missing,missing,missing,missing,missing,missing,missing,EJ
2785,0.0,0.0,0.000429988,0.000637991,0.000447416,0.0002584395,0.0002232432,4.06163e-05,1.771857e-05,CDRIA-2050-noCR,1500Mt-noCostDecrease,PA,missing,refined liquids_base_steam/CT,missing,missing,missing,missing,missing,missing,missing,missing,EJ
2786,0.01687099,0.01633231,0.0,0.0,0.0,0.0,0.0,0.0,0.0,CDRIA-2050-noCR,1500Mt-noCostDecrease,PA,missing,refined liquids_int_steam/CT,missing,missing,missing,missing,missing,missing,missing,missing,EJ
2787,0.0,0.0,0.0,0.0,0.0,0.0,0.0,0.0,0.0,CDRIA-2050-noCR,1500Mt-noCostDecrease,PA,missing,refined liquids_peak_steam/CT,missing,missing,missing,missing,missing,missing,missing,missing,EJ
2788,0.00421778,0.00408304,0.0,0.0,0.0,0.0,0.0,0.0,0.0,CDRIA-2050-noCR,1500Mt-noCostDecrease,PA,missing,refined liquids_subpeak_steam/CT,missing,missing,missing,missing,missing,missing,missing,missing,EJ
2789,0.0,0.0,0.000213217,0.00237572,0.00747107,0.0116278,0.0148932,0.0150872,0.0169002,CDRIA-2050-noCR,1500Mt-noCostDecrease,PA,missing,rooftop_pv,missing,missing,missing,missing,missing,missing,missing,missing,EJ
2790,0.0,0.00102731,0.0339931,0.0398768,0.0702414,0.1225671999999999,0.1633287,0.2191575,0.2478709999999999,CDRIA-2050-noCR,1500Mt-noCostDecrease,PA,missing,wind_base,missing,missing,missing,missing,missing,missing,missing,missing,EJ
2791,0.0,0.0,0.0,0.00063258,0.01002196,0.03372186,0.0526340599999999,0.05372998,0.053807815,CDRIA-2050-noCR,1500Mt-noCostDecrease,PA,missing,wind_base_offshore,missing,missing,missing,missing,missing,missing,missing,missing,EJ
2792,0.0,0.0,0.000738488,0.000911444,0.001799289,0.003471229,0.004861379,0.007434939,0.008613241,CDRIA-2050-noCR,1500Mt-noCostDecrease,PA,missing,wind_base_storage,missing,missing,missing,missing,missing,missing,missing,missing,EJ
2793,0.0,0.0,1.15441e-06,1.89341e-06,4.49942e-06,9.42264e-06,1.188441e-05,1.66445e-05,1.970178e-05,CDRIA-2050-noCR,1500Mt-noCostDecrease,RI,missing,PV_base_storage,missing,missing,missing,missing,missing,missing,missing,missing,EJ
2794,0.0,0.0,0.000502222,0.00121992,0.00284855,0.00431785,0.00533609,0.0068971599999999,0.0071393979999999,CDRIA-2050-noCR,1500Mt-noCostDecrease,RI,missing,PV_int,missing,missing,missing,missing,missing,missing,missing,missing,EJ
2795,0.0,0.0,3.48889e-05,6.91334e-05,0.0001354573,0.0001835747,0.0002102958,0.0002700965,0.0002828942,CDRIA-2050-noCR,1500Mt-noCostDecrease,RI,missing,PV_peak,missing,missing,missing,missing,missing,missing,missing,missing,EJ
2796,0.0,0.0,0.0002028473,0.0004003763,0.0007914833,0.0010895453,0.0012662933,0.0018424959999999,0.001927359,CDRIA-2050-noCR,1500Mt-noCostDecrease,RI,missing,PV_subpeak,missing,missing,missing,missing,missing,missing,missing,missing,EJ
2797,0.0,0.0,5.48712e-06,3.7653355e-06,1.36859438e-05,2.7472404e-05,1.6016173e-05,2.84391828e-05,2.60576267e-05,CDRIA-2050-noCR,1500Mt-noCostDecrease,RI,missing,biogas_base_CC,missing,missing,missing,missing,missing,missing,missing,missing,EJ
2798,0.0,0.0,0.0,1.94049e-06,9.2240951e-06,2.42200669e-05,1.44850833e-05,3.4971500200000005e-05,3.53030446e-05,CDRIA-2050-noCR,1500Mt-noCostDecrease,RI,missing,biogas_base_CC_CCS,missing,missing,missing,missing,missing,missing,missing,missing,EJ
2799,0.0,0.0,2.395e-05,2.32075e-05,5.801824e-05,0.00010818304,0.00013926458,0.00026161128,0.00026978979,CDRIA-2050-noCR,1500Mt-noCostDecrease,RI,missing,biogas_int_CC,missing,missing,missing,missing,missing,missing,missing,missing,EJ
2800,0.0,0.0,0.0,8.15995e-06,2.5655678e-05,5.776997e-05,7.779693000000001e-05,0.00018685119,0.00022014035,CDRIA-2050-noCR,1500Mt-noCostDecrease,RI,missing,biogas_int_CC_CCS,missing,missing,missing,missing,missing,missing,missing,missing,EJ
2801,0.0,0.0,4.64012e-08,4.2442310000000003e-08,9.302560000000001e-08,1.2960806e-07,1.3014631e-07,3.145947200000001e-07,3.4867465e-07,CDRIA-2050-noCR,1500Mt-noCostDecrease,RI,missing,biogas_peak_CC,missing,missing,missing,missing,missing,missing,missing,missing,EJ
2802,0.0,0.0,0.0,6.23605e-09,1.445436e-08,2.1296845e-08,2.215187e-08,6.473354e-08,8.394997e-08,CDRIA-2050-noCR,1500Mt-noCostDecrease,RI,missing,biogas_peak_CC_CCS,missing,missing,missing,missing,missing,missing,missing,missing,EJ
2803,0.0,0.0,4.2269600000000005e-08,3.596808e-08,7.64043e-08,9.490755e-08,7.2461561e-08,1.97244729e-07,1.7614368e-07,CDRIA-2050-noCR,1500Mt-noCostDecrease,RI,missing,biogas_peak_steam/CT,missing,missing,missing,missing,missing,missing,missing,missing,EJ
2804,0.0,0.0,7.7579e-07,1.0232666e-06,2.3021642e-06,3.458688e-06,3.896311e-06,1.3063144e-05,1.0661976e-05,CDRIA-2050-noCR,1500Mt-noCostDecrease,RI,missing,biogas_subpeak_CC,missing,missing,missing,missing,missing,missing,missing,missing,EJ
2805,0.0,0.0,0.0,2.09306e-07,5.2373021e-07,8.713379e-07,1.0179437e-06,4.0651553000000005e-06,4.243888e-06,CDRIA-2050-noCR,1500Mt-noCostDecrease,RI,missing,biogas_subpeak_CC_CCS,missing,missing,missing,missing,missing,missing,missing,missing,EJ
2806,0.0,0.0,5.134081e-07,6.39029405e-07,1.405165966e-06,1.84341122e-06,1.5361979599999998e-06,6.55264772e-06,2.9769569300000003e-06,CDRIA-2050-noCR,1500Mt-noCostDecrease,RI,missing,biogas_subpeak_steam/CT,missing,missing,missing,missing,missing,missing,missing,missing,EJ
2807,0.0,0.0,5.770900000000001e-06,6.952943e-06,1.2370367e-05,2.462568e-05,3.037089e-05,4.585201500000001e-05,5.8750275e-05,CDRIA-2050-noCR,1500Mt-noCostDecrease,RI,missing,biomass_base_IGCC,missing,missing,missing,missing,missing,missing,missing,missing,EJ
2808,0.0,0.0,0.0,9.41583e-07,5.602547e-06,3.0516643e-05,4.2850463e-05,0.00014675855900000002,0.00025697746200000003,CDRIA-2050-noCR,1500Mt-noCostDecrease,RI,missing,biomass_base_IGCC_CCS,missing,missing,missing,missing,missing,missing,missing,missing,EJ
2809,0.00012440265999999998,0.0,7.926642699999998e-05,9.28020492e-05,0.0001121193516,0.0001280096003,0.0001131242457,8.606175160000001e-05,8.164938229999998e-05,CDRIA-2050-noCR,1500Mt-noCostDecrease,RI,missing,biomass_base_conv,missing,missing,missing,missing,missing,missing,missing,missing,EJ
2810,0.0,0.0,0.0,1.0021583e-06,7.2854665e-06,5.76794533e-05,7.97547863e-05,0.0004584612697,0.0008474798609000002,CDRIA-2050-noCR,1500Mt-noCostDecrease,RI,missing,biomass_base_conv_CCS,missing,missing,missing,missing,missing,missing,missing,missing,EJ
2811,0.0,0.0,4.1432e-06,6.049277e-06,9.55141e-06,1.5366473e-05,2.1036257e-05,3.28943e-05,3.9332494e-05,CDRIA-2050-noCR,1500Mt-noCostDecrease,RI,missing,biomass_int_IGCC,missing,missing,missing,missing,missing,missing,missing,missing,EJ
2812,0.0,0.0,0.0,8.044859999999999e-07,2.747439e-06,7.1377010000000005e-06,1.1442121e-05,2.4563792e-05,3.2265914000000004e-05,CDRIA-2050-noCR,1500Mt-noCostDecrease,RI,missing,biomass_int_IGCC_CCS,missing,missing,missing,missing,missing,missing,missing,missing,EJ
2813,0.00012440256,0.0,0.000193854233,0.0001947588652,0.0001887058192,0.0002008309351,0.0001892170177,0.00018476897190000004,0.00016652857619999995,CDRIA-2050-noCR,1500Mt-noCostDecrease,RI,missing,biomass_int_conv,missing,missing,missing,missing,missing,missing,missing,missing,EJ
2814,0.0,0.0,0.0,1.1603202e-06,4.310239699999999e-06,1.25307659e-05,2.01484969e-05,4.75669687e-05,6.3274585e-05,CDRIA-2050-noCR,1500Mt-noCostDecrease,RI,missing,biomass_int_conv_CCS,missing,missing,missing,missing,missing,missing,missing,missing,EJ
2815,0.0,0.0,0.0,7.943879999999999e-06,3.422468e-05,8.150456e-05,0.00010594235000000002,0.00014264224999999998,0.00017710567,CDRIA-2050-noCR,1500Mt-noCostDecrease,RI,missing,coal_base_IGCC_CCS,missing,missing,missing,missing,missing,missing,missing,missing,EJ
2816,0.0,0.0,0.0,8.72939e-06,3.563483e-05,8.128298000000001e-05,0.00010351868,0.00013124831,0.00015798015999999996,CDRIA-2050-noCR,1500Mt-noCostDecrease,RI,missing,coal_base_conv pul_CCS,missing,missing,missing,missing,missing,missing,missing,missing,EJ
2817,0.0,0.0,0.0,6.01918e-06,2.092975e-05,4.348784e-05,6.478355e-05,0.00010582198,0.00012727047,CDRIA-2050-noCR,1500Mt-noCostDecrease,RI,missing,coal_int_IGCC_CCS,missing,missing,missing,missing,missing,missing,missing,missing,EJ
2818,0.0,0.0,0.0,7.32268e-06,2.415111e-05,4.819964e-05,6.998147999999999e-05,0.00011017423,0.00013052564,CDRIA-2050-noCR,1500Mt-noCostDecrease,RI,missing,coal_int_conv pul_CCS,missing,missing,missing,missing,missing,missing,missing,missing,EJ
2819,0.0,0.0065933499999999,0.005993419,0.0056689451,0.0044439582,0.0029317141999999,0.0026484743999999,0.00096588777,0.00073921432,CDRIA-2050-noCR,1500Mt-noCostDecrease,RI,missing,gas_base_CC,missing,missing,missing,missing,missing,missing,missing,missing,EJ
2820,0.0,0.0,0.0,4.541613e-05,0.00014611546999999998,0.00032736755000000004,0.00041610518,0.0005642238700000001,0.00068777257,CDRIA-2050-noCR,1500Mt-noCostDecrease,RI,missing,gas_base_CC_CCS,missing,missing,missing,missing,missing,missing,missing,missing,EJ
2821,0.002587956,0.0107377699999999,0.013426661,0.012788429,0.0113712709999999,0.010022567,0.008993984,0.007617547,0.0065173489999999,CDRIA-2050-noCR,1500Mt-noCostDecrease,RI,missing,gas_int_CC,missing,missing,missing,missing,missing,missing,missing,missing,EJ
2822,0.0,0.0,0.0,9.35581e-05,0.0002411037,0.0004495156,0.0006426113,0.0009947241,0.0011705793999999,CDRIA-2050-noCR,1500Mt-noCostDecrease,RI,missing,gas_int_CC_CCS,missing,missing,missing,missing,missing,missing,missing,missing,EJ
2823,0.0,0.0002096141,0.000137815267,0.00012465102090000003,0.0001021758539,8.246126649999997e-05,6.81695848e-05,4.74690223e-05,3.337355569999999e-05,CDRIA-2050-noCR,1500Mt-noCostDecrease,RI,missing,gas_peak_CC,missing,missing,missing,missing,missing,missing,missing,missing,EJ
2824,0.0,0.0,0.0,1.801293e-08,4.291033e-08,7.448466e-08,9.790835e-08,1.6440466e-07,2.2116401e-07,CDRIA-2050-noCR,1500Mt-noCostDecrease,RI,missing,gas_peak_CC_CCS,missing,missing,missing,missing,missing,missing,missing,missing,EJ
2825,0.0,7.3704899e-05,6.323164453000001e-05,5.164317395e-05,2.6898606216999995e-05,1.9127857681e-05,2.0917997886999997e-05,1.0739297920999997e-05,7.321205752000002e-06,CDRIA-2050-noCR,1500Mt-noCostDecrease,RI,missing,gas_peak_steam/CT,missing,missing,missing,missing,missing,missing,missing,missing,EJ
2826,0.000165204,0.001092615,0.0008285057999999999,0.0007586922799999999,0.0006433728200000001,0.0005370165599999999,0.0004499623699999999,0.00035523225,0.00027469388,CDRIA-2050-noCR,1500Mt-noCostDecrease,RI,missing,gas_subpeak_CC,missing,missing,missing,missing,missing,missing,missing,missing,EJ
2827,0.0,0.0,0.0,8.87445e-07,2.157929e-06,3.800988e-06,5.102259000000001e-06,1.1004908999999998e-05,1.3132256000000004e-05,CDRIA-2050-noCR,1500Mt-noCostDecrease,RI,missing,gas_subpeak_CC_CCS,missing,missing,missing,missing,missing,missing,missing,missing,EJ
2828,0.000122402976,0.00038430598,0.0004087327561,0.00034549283180000006,0.0002031927708,0.0001559034907,0.00016656649299999997,0.0001092762358,8.118814859999998e-05,CDRIA-2050-noCR,1500Mt-noCostDecrease,RI,missing,gas_subpeak_steam/CT,missing,missing,missing,missing,missing,missing,missing,missing,EJ
2829,3.36e-05,2.46e-05,1.33e-05,1.33e-05,1.33e-05,1.33e-05,1.32e-05,1.31e-05,1.32e-05,CDRIA-2050-noCR,1500Mt-noCostDecrease,RI,missing,hydro_base,missing,missing,missing,missing,missing,missing,missing,missing,EJ
2830,7.03015e-05,5.90005e-06,9.60831e-05,0.000106044,6.6088e-05,4.03415e-05,3.44766e-05,7.67091e-06,4.54255e-06,CDRIA-2050-noCR,1500Mt-noCostDecrease,RI,missing,refined liquids_base_steam/CT,missing,missing,missing,missing,missing,missing,missing,missing,EJ
2831,0.000613112,4.74003e-05,0.0,0.0,0.0,0.0,0.0,0.0,0.0,CDRIA-2050-noCR,1500Mt-noCostDecrease,RI,missing,refined liquids_int_steam/CT,missing,missing,missing,missing,missing,missing,missing,missing,EJ
2832,1.48002e-05,0.0,0.0,0.0,0.0,0.0,0.0,0.0,0.0,CDRIA-2050-noCR,1500Mt-noCostDecrease,RI,missing,refined liquids_peak_steam/CT,missing,missing,missing,missing,missing,missing,missing,missing,EJ
2833,8.62021e-05,5.90008e-06,0.0,0.0,0.0,0.0,0.0,0.0,0.0,CDRIA-2050-noCR,1500Mt-noCostDecrease,RI,missing,refined liquids_subpeak_steam/CT,missing,missing,missing,missing,missing,missing,missing,missing,EJ
2834,0.0,0.0,1.5687e-05,0.000155542,0.000459512,0.000812947,0.00104879,0.00121498,0.0012823,CDRIA-2050-noCR,1500Mt-noCostDecrease,RI,missing,rooftop_pv,missing,missing,missing,missing,missing,missing,missing,missing,EJ
2835,0.0,0.0,0.00015101079999999998,0.0002974228,0.0006743847999999999,0.0012196218,0.0014475438,0.001577366,0.001567472,CDRIA-2050-noCR,1500Mt-noCostDecrease,RI,missing,wind_base,missing,missing,missing,missing,missing,missing,missing,missing,EJ
2836,0.0,0.0,0.0,1.62901e-05,0.0001399321,0.0004184401,0.0005872081,0.0010045491,0.001391218,CDRIA-2050-noCR,1500Mt-noCostDecrease,RI,missing,wind_base_offshore,missing,missing,missing,missing,missing,missing,missing,missing,EJ
2837,0.0,0.0,4.31563e-06,8.40148e-06,1.903718e-05,3.695078e-05,4.522866e-05,5.595076e-05,6.150644e-05,CDRIA-2050-noCR,1500Mt-noCostDecrease,RI,missing,wind_base_storage,missing,missing,missing,missing,missing,missing,missing,missing,EJ
2838,0.0,0.0,0.00014609,0.00014776925000000002,0.00029274125,0.00063839725,0.0008467882500000001,0.00116332425,0.00118900325,CDRIA-2050-noCR,1500Mt-noCostDecrease,SC,missing,PV_base_storage,missing,missing,missing,missing,missing,missing,missing,missing,EJ
2839,0.0,0.0,0.00403233,0.00667571,0.0191677099999999,0.03340941,0.04132679,0.05539109,0.06206386,CDRIA-2050-noCR,1500Mt-noCostDecrease,SC,missing,PV_int,missing,missing,missing,missing,missing,missing,missing,missing,EJ
2840,0.0,0.0,0.000183022,0.000270538,0.0005446299999999999,0.0007583169999999999,0.0008781759999999999,0.0011335849999999,0.001290482,CDRIA-2050-noCR,1500Mt-noCostDecrease,SC,missing,PV_peak,missing,missing,missing,missing,missing,missing,missing,missing,EJ
2841,0.0,0.0,0.0010433894,0.0015834264,0.0033146964,0.0047446364,0.0056108984,0.007813569,0.008859029,CDRIA-2050-noCR,1500Mt-noCostDecrease,SC,missing,PV_subpeak,missing,missing,missing,missing,missing,missing,missing,missing,EJ
2842,0.0,0.0,0.000557182,1.336071e-05,0.00062088083,0.001568001026,0.001088593825,0.001554917033,0.000890704863,CDRIA-2050-noCR,1500Mt-noCostDecrease,SC,missing,biogas_base_CC,missing,missing,missing,missing,missing,missing,missing,missing,EJ
2843,0.0,0.0,0.0,3.60107e-06,0.0004268956999,0.001463569289,0.001070576345,0.00218765205,0.001486246542,CDRIA-2050-noCR,1500Mt-noCostDecrease,SC,missing,biogas_base_CC_CCS,missing,missing,missing,missing,missing,missing,missing,missing,EJ
2844,0.0,0.0,0.000148368,6.440197e-05,0.00026803234,0.00053273685,0.0005284739,0.0012427779,0.0014795808,CDRIA-2050-noCR,1500Mt-noCostDecrease,SC,missing,biogas_int_CC,missing,missing,missing,missing,missing,missing,missing,missing,EJ
2845,0.0,0.0,0.0,2.2182e-05,0.000122533788,0.00030385667,0.00032794252,0.0010133996,0.0014387901,CDRIA-2050-noCR,1500Mt-noCostDecrease,SC,missing,biogas_int_CC_CCS,missing,missing,missing,missing,missing,missing,missing,missing,EJ
2846,0.0,0.0,1.6697e-07,7.345708999999999e-08,2.1445134e-07,2.903562700000001e-07,2.6573918e-07,7.258e-07,1.1530722e-06,CDRIA-2050-noCR,1500Mt-noCostDecrease,SC,missing,biogas_peak_CC,missing,missing,missing,missing,missing,missing,missing,missing,EJ
2847,0.0,0.0,0.0,1.03208e-08,3.2728846e-08,4.7170741e-08,4.605047e-08,1.5280844e-07,2.724584e-07,CDRIA-2050-noCR,1500Mt-noCostDecrease,SC,missing,biogas_peak_CC_CCS,missing,missing,missing,missing,missing,missing,missing,missing,EJ
2848,0.0,0.0,1.565229e-07,6.2914279e-08,1.83009838e-07,2.28015639e-07,1.7031912099999997e-07,4.97648756e-07,7.46010638e-07,CDRIA-2050-noCR,1500Mt-noCostDecrease,SC,missing,biogas_peak_steam/CT,missing,missing,missing,missing,missing,missing,missing,missing,EJ
2849,0.0,0.0,4.33076e-06,2.049938e-06,5.9667845e-06,8.724664e-06,9.026285e-06,2.7729199000000003e-05,3.6155618e-05,CDRIA-2050-noCR,1500Mt-noCostDecrease,SC,missing,biogas_subpeak_CC,missing,missing,missing,missing,missing,missing,missing,missing,EJ
2850,0.0,0.0,0.0,3.88869e-07,1.3242839e-06,2.1607333e-06,2.3866114e-06,8.941462e-06,1.390502e-05,CDRIA-2050-noCR,1500Mt-noCostDecrease,SC,missing,biogas_subpeak_CC_CCS,missing,missing,missing,missing,missing,missing,missing,missing,EJ
2851,0.0,0.0,2.954906e-06,1.26248684e-06,3.772693142e-06,5.00777741e-06,4.107268879999999e-06,1.4202140989999998e-05,1.546828129e-05,CDRIA-2050-noCR,1500Mt-noCostDecrease,SC,missing,biogas_subpeak_steam/CT,missing,missing,missing,missing,missing,missing,missing,missing,EJ
2852,0.0,0.0,0.000130879,9.8676109e-05,0.00020493631,0.0005339120630000001,0.0007394615419999999,0.001282053424,0.001392275846,CDRIA-2050-noCR,1500Mt-noCostDecrease,SC,missing,biomass_base_IGCC,missing,missing,missing,missing,missing,missing,missing,missing,EJ
2853,0.0,0.0,0.0,5.88718e-07,9.3092003e-05,0.000905636918,0.001450673918,0.0065060851279999,0.0103851845009999,CDRIA-2050-noCR,1500Mt-noCostDecrease,SC,missing,biomass_base_IGCC_CCS,missing,missing,missing,missing,missing,missing,missing,missing,EJ
2854,0.0,0.000952006,0.0005026526999999999,0.00062881835,0.00100597432,0.00147093272,0.00150675915,0.001773003446,0.001516701243,CDRIA-2050-noCR,1500Mt-noCostDecrease,SC,missing,biomass_base_conv,missing,missing,missing,missing,missing,missing,missing,missing,EJ
2855,0.0,0.0,0.0,6.59427e-07,0.000135330596,0.002038722425,0.003162683427,0.030421850177,0.05229090912,CDRIA-2050-noCR,1500Mt-noCostDecrease,SC,missing,biomass_base_conv_CCS,missing,missing,missing,missing,missing,missing,missing,missing,EJ
2856,0.0,0.0,7.16804e-05,7.925542e-05,0.00011538325,0.0001852781,0.00023240585000000003,0.00035278754000000003,0.00045325381,CDRIA-2050-noCR,1500Mt-noCostDecrease,SC,missing,biomass_int_IGCC,missing,missing,missing,missing,missing,missing,missing,missing,EJ
2857,0.0,0.0,0.0,5.66154e-06,2.760958e-05,8.193284e-05,0.00012085744,0.00026622251,0.0004017880299999999,CDRIA-2050-noCR,1500Mt-noCostDecrease,SC,missing,biomass_int_IGCC_CCS,missing,missing,missing,missing,missing,missing,missing,missing,EJ
2858,0.0,0.000952005,0.001079373,0.0012359552,0.0011766614999999,0.0015251187999999,0.0014913942,0.0015845780999999,0.0015461909,CDRIA-2050-noCR,1500Mt-noCostDecrease,SC,missing,biomass_int_conv,missing,missing,missing,missing,missing,missing,missing,missing,EJ
2859,0.0,0.0,0.0,8.46045e-06,4.554244e-05,0.00015266735,0.00022539545,0.0005524084,0.00085322462,CDRIA-2050-noCR,1500Mt-noCostDecrease,SC,missing,biomass_int_conv_CCS,missing,missing,missing,missing,missing,missing,missing,missing,EJ
2860,0.0,0.0,0.0,1.986109e-05,0.0014917979699999,0.00487460907,0.00712855154,0.01026991515,0.0119984507699999,CDRIA-2050-noCR,1500Mt-noCostDecrease,SC,missing,coal_base_IGCC_CCS,missing,missing,missing,missing,missing,missing,missing,missing,EJ
2861,0.03325058,0.0675564,0.0,0.0,0.0,0.0,0.0,0.0,0.0,CDRIA-2050-noCR,1500Mt-noCostDecrease,SC,missing,coal_base_conv pul,missing,missing,missing,missing,missing,missing,missing,missing,EJ
2862,0.0,0.0,0.0002752174,0.0002617245,0.0001576203,2.101443e-05,0.0,0.0,0.0,CDRIA-2050-noCR,1500Mt-noCostDecrease,SC,missing,coal_base_conv pul 1956-1960,missing,missing,missing,missing,missing,missing,missing,missing,EJ
2863,0.0,0.0,0.00577248,0.00576361,0.004205268,0.000984529,0.000998308,5.243368e-05,0.0,CDRIA-2050-noCR,1500Mt-noCostDecrease,SC,missing,coal_base_conv pul 1966-1970,missing,missing,missing,missing,missing,missing,missing,missing,EJ
2864,0.0,0.0,0.01787867,0.01786273,0.01307042,0.003098473,0.0033028009999999,0.0002009535,5.341259e-05,CDRIA-2050-noCR,1500Mt-noCostDecrease,SC,missing,coal_base_conv pul 1971-1975,missing,missing,missing,missing,missing,missing,missing,missing,EJ
2865,0.0,0.0,0.00250844,0.002507722,0.001839926,0.0004414552,0.0004953178,3.63526e-05,1.503313e-05,CDRIA-2050-noCR,1500Mt-noCostDecrease,SC,missing,coal_base_conv pul 1976-1980,missing,missing,missing,missing,missing,missing,missing,missing,EJ
2866,0.0,0.0,0.001370021,0.001369797,0.001005577,0.0002418588,0.0002743189,2.1079e-05,1.028843e-05,CDRIA-2050-noCR,1500Mt-noCostDecrease,SC,missing,coal_base_conv pul 1981-1985,missing,missing,missing,missing,missing,missing,missing,missing,EJ
2867,0.0,0.0,0.00917358,0.00917254,0.00673514,0.001621543,0.001847431,0.0001448012,7.685730000000001e-05,CDRIA-2050-noCR,1500Mt-noCostDecrease,SC,missing,coal_base_conv pul 1991-1995,missing,missing,missing,missing,missing,missing,missing,missing,EJ
2868,0.0,0.0,0.00560149,0.00560085,0.004112564,0.000990149,0.001128153,8.84483e-05,4.700367e-05,CDRIA-2050-noCR,1500Mt-noCostDecrease,SC,missing,coal_base_conv pul 1996-2000,missing,missing,missing,missing,missing,missing,missing,missing,EJ
2869,0.0,0.0,0.02157694,0.02157454,0.0158418,0.003814244,0.004346591,0.00034103400000000004,0.0001818464,CDRIA-2050-noCR,1500Mt-noCostDecrease,SC,missing,coal_base_conv pul 2006-2010,missing,missing,missing,missing,missing,missing,missing,missing,EJ
2870,0.0,0.0,0.0,2.36561e-05,0.0016481827299999,0.00517037091,0.0074409976599999,0.0104174997399999,0.01197541,CDRIA-2050-noCR,1500Mt-noCostDecrease,SC,missing,coal_base_conv pul_CCS,missing,missing,missing,missing,missing,missing,missing,missing,EJ
2871,0.0051324189999999,0.0104277,0.0,0.0,0.0,0.0,0.0,0.0,0.0,CDRIA-2050-noCR,1500Mt-noCostDecrease,SC,missing,coal_base_conv pul_retire_2020,missing,missing,missing,missing,missing,missing,missing,missing,EJ
2872,0.0,0.0,0.0,3.064512e-05,0.00010285141,0.00023283992,0.0003311396,0.0005775523200000001,0.0007989872200000001,CDRIA-2050-noCR,1500Mt-noCostDecrease,SC,missing,coal_int_IGCC_CCS,missing,missing,missing,missing,missing,missing,missing,missing,EJ
2873,0.03841484,0.0583097,0.0,0.0,0.0,0.0,0.0,0.0,0.0,CDRIA-2050-noCR,1500Mt-noCostDecrease,SC,missing,coal_int_conv pul,missing,missing,missing,missing,missing,missing,missing,missing,EJ
2874,0.0,0.0,4.067687e-05,3.867738e-05,2.6237290000000003e-05,7.34506e-06,0.0,0.0,0.0,CDRIA-2050-noCR,1500Mt-noCostDecrease,SC,missing,coal_int_conv pul 1956-1960,missing,missing,missing,missing,missing,missing,missing,missing,EJ
2875,0.0,0.0,0.000853165,0.000851743,0.0007000029999999999,0.0003441169,0.0004102652,0.0001082108,0.0,CDRIA-2050-noCR,1500Mt-noCostDecrease,SC,missing,coal_int_conv pul 1966-1970,missing,missing,missing,missing,missing,missing,missing,missing,EJ
2876,0.0,0.0,0.002642443,0.002639734,0.002175679,0.001082995,0.001357324,0.0004147213000000001,0.0001964975,CDRIA-2050-noCR,1500Mt-noCostDecrease,SC,missing,coal_int_conv pul 1971-1975,missing,missing,missing,missing,missing,missing,missing,missing,EJ
2877,0.0,0.0,0.0003707443,0.0003705888,0.0003062722,0.0001542996,0.0002035564,7.50234e-05,5.53049e-05,CDRIA-2050-noCR,1500Mt-noCostDecrease,SC,missing,coal_int_conv pul 1976-1980,missing,missing,missing,missing,missing,missing,missing,missing,EJ
2878,0.0,0.0,0.000202487,0.0002024275,0.00016738689999999998,8.45356e-05,0.0001127345,4.3502100000000005e-05,3.784979e-05,CDRIA-2050-noCR,1500Mt-noCostDecrease,SC,missing,coal_int_conv pul 1981-1985,missing,missing,missing,missing,missing,missing,missing,missing,EJ
2879,0.0,0.0,0.0013558449999999,0.0013555099999999,0.0011211209999999,0.00056677,0.0007592240000000001,0.00029883570000000003,0.000282748,CDRIA-2050-noCR,1500Mt-noCostDecrease,SC,missing,coal_int_conv pul 1991-1995,missing,missing,missing,missing,missing,missing,missing,missing,EJ
2880,0.0,0.0,0.000827894,0.00082769,0.0006845709999999999,0.00034608200000000005,0.0004636273,0.0001825371,0.0001729205,CDRIA-2050-noCR,1500Mt-noCostDecrease,SC,missing,coal_int_conv pul 1996-2000,missing,missing,missing,missing,missing,missing,missing,missing,EJ
2881,0.0,0.0,0.003189058,0.0031882729999999,0.002637004,0.001333174,0.001786279,0.000703815,0.000668989,CDRIA-2050-noCR,1500Mt-noCostDecrease,SC,missing,coal_int_conv pul 2006-2010,missing,missing,missing,missing,missing,missing,missing,missing,EJ
2882,0.0,0.0,0.0,3.88206e-05,0.0001232866,0.0002661009,0.0003694357,0.0006169674999999999,0.0008330771,CDRIA-2050-noCR,1500Mt-noCostDecrease,SC,missing,coal_int_conv pul_CCS,missing,missing,missing,missing,missing,missing,missing,missing,EJ
2883,0.00592954,0.00900043,0.0,0.0,0.0,0.0,0.0,0.0,0.0,CDRIA-2050-noCR,1500Mt-noCostDecrease,SC,missing,coal_int_conv pul_retire_2020,missing,missing,missing,missing,missing,missing,missing,missing,EJ
2884,0.0003026129,0.0,0.0,0.0,0.0,0.0,0.0,0.0,0.0,CDRIA-2050-noCR,1500Mt-noCostDecrease,SC,missing,coal_peak_conv pul,missing,missing,missing,missing,missing,missing,missing,missing,EJ
2885,4.670998e-05,0.0,0.0,0.0,0.0,0.0,0.0,0.0,0.0,CDRIA-2050-noCR,1500Mt-noCostDecrease,SC,missing,coal_peak_conv pul_retire_2020,missing,missing,missing,missing,missing,missing,missing,missing,EJ
2886,0.0022488359999999,0.0,0.0,0.0,0.0,0.0,0.0,0.0,0.0,CDRIA-2050-noCR,1500Mt-noCostDecrease,SC,missing,coal_subpeak_conv pul,missing,missing,missing,missing,missing,missing,missing,missing,EJ
2887,0.0003471201,0.0,0.0,0.0,0.0,0.0,0.0,0.0,0.0,CDRIA-2050-noCR,1500Mt-noCostDecrease,SC,missing,coal_subpeak_conv pul_retire_2020,missing,missing,missing,missing,missing,missing,missing,missing,EJ
2888,0.0,0.0,0.03053459,0.030245064,0.04090921,0.051266589,0.059678567,0.043708387,0.0328535664,CDRIA-2050-noCR,1500Mt-noCostDecrease,SC,missing,gas_base_CC,missing,missing,missing,missing,missing,missing,missing,missing,EJ
2889,0.0,0.0,0.0,8.52298e-05,0.0071964356,0.0231207108,0.0333554664,0.0480432884,0.0549926017,CDRIA-2050-noCR,1500Mt-noCostDecrease,SC,missing,gas_base_CC_CCS,missing,missing,missing,missing,missing,missing,missing,missing,EJ
2890,0.001445383,0.01303467,0.0562555399999999,0.05407692,0.0497426,0.04531499,0.0429504799999999,0.03920062,0.0373589,CDRIA-2050-noCR,1500Mt-noCostDecrease,SC,missing,gas_int_CC,missing,missing,missing,missing,missing,missing,missing,missing,EJ
2891,0.0,0.0,0.0,0.000322245,0.001218555,0.00269228,0.003788645,0.006361642,0.008561153,CDRIA-2050-noCR,1500Mt-noCostDecrease,SC,missing,gas_int_CC_CCS,missing,missing,missing,missing,missing,missing,missing,missing,EJ
2892,5.65036e-05,0.000656599,0.00052759853,0.00047966166,0.000397738507,0.000313565339,0.0002583650429999999,0.000179134421,0.000127275065,CDRIA-2050-noCR,1500Mt-noCostDecrease,SC,missing,gas_peak_CC,missing,missing,missing,missing,missing,missing,missing,missing,EJ
2893,0.0,0.0,0.0,3.20274e-08,9.510760000000001e-08,1.7350130000000004e-07,2.318409e-07,4.085594e-07,6.778737e-07,CDRIA-2050-noCR,1500Mt-noCostDecrease,SC,missing,gas_peak_CC_CCS,missing,missing,missing,missing,missing,missing,missing,missing,EJ
2894,4.1902707e-05,0.000230999577,0.00026634312329,0.00022915116875,0.000120295059357,7.287164877300002e-05,7.923181202299999e-05,3.9818888575000015e-05,2.844909872800001e-05,CDRIA-2050-noCR,1500Mt-noCostDecrease,SC,missing,gas_peak_steam/CT,missing,missing,missing,missing,missing,missing,missing,missing,EJ
2895,0.000376322,0.00437022,0.0036373252,0.0033328941,0.0028416396,0.0023227405,0.0019364182,0.0014738008999999,0.0011635795999999,CDRIA-2050-noCR,1500Mt-noCostDecrease,SC,missing,gas_subpeak_CC,missing,missing,missing,missing,missing,missing,missing,missing,EJ
2896,0.0,0.0,0.0,1.81996e-06,5.46899e-06,1.017285e-05,1.3960409999999998e-05,2.748443e-05,4.182328e-05,CDRIA-2050-noCR,1500Mt-noCostDecrease,SC,missing,gas_subpeak_CC_CCS,missing,missing,missing,missing,missing,missing,missing,missing,EJ
2897,0.00027881659,0.00153720725,0.00189906544,0.0016721155997999,0.0009964036554000004,0.0006646870972,0.0007082771705000001,0.0004287179515,0.000345701001,CDRIA-2050-noCR,1500Mt-noCostDecrease,SC,missing,gas_subpeak_steam/CT,missing,missing,missing,missing,missing,missing,missing,missing,EJ
2898,0.0111848,0.010793,0.0109929,0.0109761,0.0109641,0.0109657,0.0109412,0.0108494,0.0108615,CDRIA-2050-noCR,1500Mt-noCostDecrease,SC,missing,hydro_base,missing,missing,missing,missing,missing,missing,missing,missing,EJ
2899,0.1636428,0.1983269999999999,0.1944742,0.1858793,0.1647045,0.1237087,0.0717558,0.03229895,0.0,CDRIA-2050-noCR,1500Mt-noCostDecrease,SC,missing,nuc_base_Gen II,missing,missing,missing,missing,missing,missing,missing,missing,EJ
2900,0.0,0.0,0.0,0.0,0.00762356,0.02588345,0.03700895,0.05411523,0.06351288,CDRIA-2050-noCR,1500Mt-noCostDecrease,SC,missing,nuc_base_Gen III,missing,missing,missing,missing,missing,missing,missing,missing,EJ
2901,0.0,0.0,0.000120213,0.000212231,0.000153604,9.06705e-05,7.21031e-05,1.49937e-05,6.41471e-06,CDRIA-2050-noCR,1500Mt-noCostDecrease,SC,missing,refined liquids_base_steam/CT,missing,missing,missing,missing,missing,missing,missing,missing,EJ
2902,0.000205312,0.00146241,0.0,0.0,0.0,0.0,0.0,0.0,0.0,CDRIA-2050-noCR,1500Mt-noCostDecrease,SC,missing,refined liquids_int_steam/CT,missing,missing,missing,missing,missing,missing,missing,missing,EJ
2903,0.0,0.0,0.0,0.0,0.0,0.0,0.0,0.0,0.0,CDRIA-2050-noCR,1500Mt-noCostDecrease,SC,missing,refined liquids_peak_steam/CT,missing,missing,missing,missing,missing,missing,missing,missing,EJ
2904,5.1303e-05,0.000365602,0.0,0.0,0.0,0.0,0.0,0.0,0.0,CDRIA-2050-noCR,1500Mt-noCostDecrease,SC,missing,refined liquids_subpeak_steam/CT,missing,missing,missing,missing,missing,missing,missing,missing,EJ
2905,0.0,0.0,0.0002194,0.00339485,0.00955461,0.0116748,0.0136258,0.0139584,0.0163007,CDRIA-2050-noCR,1500Mt-noCostDecrease,SC,missing,rooftop_pv,missing,missing,missing,missing,missing,missing,missing,missing,EJ
2906,0.0,0.0,0.00388467,0.0039639914,0.0094758614,0.0214459613999999,0.0283605314,0.0374136013999999,0.0391605414,CDRIA-2050-noCR,1500Mt-noCostDecrease,SC,missing,wind_base,missing,missing,missing,missing,missing,missing,missing,missing,EJ
2907,0.0,0.0,0.0,1.23202e-05,0.0024012402,0.0094944802,0.0145646702,0.0224590102,0.0279916399999999,CDRIA-2050-noCR,1500Mt-noCostDecrease,SC,missing,wind_base_offshore,missing,missing,missing,missing,missing,missing,missing,missing,EJ
2908,0.0,0.0,0.00015793,0.00016066932,0.00033997432,0.00074888732,0.0009932873199999998,0.00136004432,0.00140445732,CDRIA-2050-noCR,1500Mt-noCostDecrease,SC,missing,wind_base_storage,missing,missing,missing,missing,missing,missing,missing,missing,EJ
2909,0.0,0.0,1.41158e-06,3.13984e-06,1.856504e-05,4.846044e-05,5.617499e-05,7.428878999999999e-05,8.013684999999998e-05,CDRIA-2050-noCR,1500Mt-noCostDecrease,SD,missing,CSP_base_storage,missing,missing,missing,missing,missing,missing,missing,missing,EJ
2910,0.0,0.0,1.208896e-05,2.566348e-05,8.259188e-05,0.00020950188,0.00025619668,0.00045470288,0.00056234592,CDRIA-2050-noCR,1500Mt-noCostDecrease,SD,missing,CSP_int,missing,missing,missing,missing,missing,missing,missing,missing,EJ
2911,0.0,0.0,8.92546e-06,1.43561e-05,2.761208e-05,3.66283e-05,5.252597999999999e-05,7.343218e-05,0.00011390932,CDRIA-2050-noCR,1500Mt-noCostDecrease,SD,missing,CSP_peak,missing,missing,missing,missing,missing,missing,missing,missing,EJ
2912,3.35008e-05,3.01004e-05,0.0002151952,0.00024586,0.0002927294,0.0003100560399999999,0.0003893720399999999,0.00105794184,0.00121341844,CDRIA-2050-noCR,1500Mt-noCostDecrease,SD,missing,CSP_subpeak,missing,missing,missing,missing,missing,missing,missing,missing,EJ
2913,0.0,0.0,2.38858e-07,5.58382e-07,3.514952e-06,9.383272e-06,1.0922002e-05,1.4573252e-05,1.5807994e-05,CDRIA-2050-noCR,1500Mt-noCostDecrease,SD,missing,PV_base_storage,missing,missing,missing,missing,missing,missing,missing,missing,EJ
2914,0.0,0.0,0.000108575,0.000249456,0.000842355,0.001704198,0.00198546,0.002707418,0.0030110659999999,CDRIA-2050-noCR,1500Mt-noCostDecrease,SD,missing,PV_int,missing,missing,missing,missing,missing,missing,missing,missing,EJ
2915,0.0,0.0,8.01624e-05,0.0001365233,0.0002745823,0.0003358111,0.0004315693,0.0005076044000000001,0.000597529,CDRIA-2050-noCR,1500Mt-noCostDecrease,SD,missing,PV_peak,missing,missing,missing,missing,missing,missing,missing,missing,EJ
2916,0.0,0.0,0.000325133,0.000643383,0.001131519,0.001249184,0.001726937,0.004809497,0.0051442869999999,CDRIA-2050-noCR,1500Mt-noCostDecrease,SD,missing,PV_subpeak,missing,missing,missing,missing,missing,missing,missing,missing,EJ
2917,0.0,0.0,1.27268e-06,1.83342496e-06,1.76641212e-05,3.7525124e-05,1.18785041e-05,2.487361236e-05,1.059431743e-05,CDRIA-2050-noCR,1500Mt-noCostDecrease,SD,missing,biogas_base_CC,missing,missing,missing,missing,missing,missing,missing,missing,EJ
2918,0.0,0.0,0.0,9.71263e-07,1.240384058e-05,3.52852233e-05,1.19933602e-05,3.361641e-05,1.66698238e-05,CDRIA-2050-noCR,1500Mt-noCostDecrease,SD,missing,biogas_base_CC_CCS,missing,missing,missing,missing,missing,missing,missing,missing,EJ
2919,0.0,0.0,5.11514e-06,4.040538e-06,1.2557014e-05,3.1090549000000004e-05,1.7657623999999997e-05,8.078679e-05,8.298073e-05,CDRIA-2050-noCR,1500Mt-noCostDecrease,SD,missing,biogas_int_CC,missing,missing,missing,missing,missing,missing,missing,missing,EJ
2920,0.0,0.0,0.0,1.44182e-06,5.7747736e-06,1.7884812999999997e-05,1.1517131e-05,6.341766e-05,8.156730399999999e-05,CDRIA-2050-noCR,1500Mt-noCostDecrease,SD,missing,biogas_int_CC_CCS,missing,missing,missing,missing,missing,missing,missing,missing,EJ
2921,0.0,0.0,9.44679e-08,5.8713060000000004e-08,1.0914166e-07,9.733495e-08,1.5796664000000005e-07,3.725238e-07,7.647461e-07,CDRIA-2050-noCR,1500Mt-noCostDecrease,SD,missing,biogas_peak_CC,missing,missing,missing,missing,missing,missing,missing,missing,EJ
2922,0.0,0.0,0.0,8.18865e-09,1.6584593000000002e-08,1.5650092999999998e-08,2.6382583e-08,7.68263e-08,1.6611446e-07,CDRIA-2050-noCR,1500Mt-noCostDecrease,SD,missing,biogas_peak_CC_CCS,missing,missing,missing,missing,missing,missing,missing,missing,EJ
2923,0.0,0.0,8.8365e-08,4.978838e-08,9.18342e-08,6.6876087e-08,1.10319193e-07,2.1571867400000006e-07,4.90089677e-07,CDRIA-2050-noCR,1500Mt-noCostDecrease,SD,missing,biogas_peak_steam/CT,missing,missing,missing,missing,missing,missing,missing,missing,EJ
2924,0.0,0.0,7.27807e-08,2.0355029e-07,1.63173927e-06,8.1991522e-07,3.01403065e-06,4.26819596e-05,2.74289951e-05,CDRIA-2050-noCR,1500Mt-noCostDecrease,SD,missing,biogas_subpeak_CC,missing,missing,missing,missing,missing,missing,missing,missing,EJ
2925,0.0,0.0,0.0,4.11393e-08,3.7087479e-07,2.211033e-07,7.8638735e-07,1.25268109e-05,1.2354347e-05,CDRIA-2050-noCR,1500Mt-noCostDecrease,SD,missing,biogas_subpeak_CC_CCS,missing,missing,missing,missing,missing,missing,missing,missing,EJ
2926,0.0,0.0,4.954136e-08,1.3199807e-07,1.054086945e-06,4.191117269999999e-07,1.771581276e-06,2.6216646032e-05,7.811733707e-06,CDRIA-2050-noCR,1500Mt-noCostDecrease,SD,missing,biogas_subpeak_steam/CT,missing,missing,missing,missing,missing,missing,missing,missing,EJ
2927,0.0,0.0,1.758022e-07,3.371041e-07,2.5394443e-06,9.367215e-06,1.04913227e-05,1.69348085e-05,1.51421902e-05,CDRIA-2050-noCR,1500Mt-noCostDecrease,SD,missing,biomass_base_IGCC,missing,missing,missing,missing,missing,missing,missing,missing,EJ
2928,0.0,0.0,0.0,1.190773e-07,2.3347579e-06,1.93836373e-05,2.45318973e-05,0.000100518369,0.0001445066141,CDRIA-2050-noCR,1500Mt-noCostDecrease,SD,missing,biomass_base_IGCC_CCS,missing,missing,missing,missing,missing,missing,missing,missing,EJ
2929,0.0,0.0,3.55743e-07,4.926548e-07,3.6969624e-06,1.3035246799999995e-05,1.2646063800000002e-05,1.8948213500000003e-05,1.34544616e-05,CDRIA-2050-noCR,1500Mt-noCostDecrease,SD,missing,biomass_base_conv,missing,missing,missing,missing,missing,missing,missing,missing,EJ
2930,0.0,0.0,0.0,1.281927e-07,3.2347835e-06,4.19035524e-05,5.21601127e-05,0.0004517613308,0.000693117831,CDRIA-2050-noCR,1500Mt-noCostDecrease,SD,missing,biomass_base_conv_CCS,missing,missing,missing,missing,missing,missing,missing,missing,EJ
2931,0.0,0.0,1.188757e-07,1.963669e-07,4.496272e-07,1.2516189e-06,1.5775706e-06,4.1727235e-06,5.975584e-06,CDRIA-2050-noCR,1500Mt-noCostDecrease,SD,missing,biomass_int_IGCC,missing,missing,missing,missing,missing,missing,missing,missing,EJ
2932,0.0,0.0,0.0,3.58429e-08,1.88382e-07,8.397154e-07,1.1247744e-06,4.251842499999999e-06,6.6755813e-06,CDRIA-2050-noCR,1500Mt-noCostDecrease,SD,missing,biomass_int_IGCC_CCS,missing,missing,missing,missing,missing,missing,missing,missing,EJ
2933,0.0,0.0,3.294004e-07,4.812152e-07,1.0150273e-06,2.7375781999999995e-06,3.3214133e-06,8.4290421e-06,1.16571455e-05,CDRIA-2050-noCR,1500Mt-noCostDecrease,SD,missing,biomass_int_conv,missing,missing,missing,missing,missing,missing,missing,missing,EJ
2934,0.0,0.0,0.0,5.18107e-08,3.015748e-07,1.5497366e-06,2.0666327e-06,8.914283e-06,1.41457299e-05,CDRIA-2050-noCR,1500Mt-noCostDecrease,SD,missing,biomass_int_conv_CCS,missing,missing,missing,missing,missing,missing,missing,missing,EJ
2935,0.0,0.0,0.0,9.72953e-06,6.117239e-05,0.00015915558,0.00018749844,0.00024737112000000004,0.00027182163000000003,CDRIA-2050-noCR,1500Mt-noCostDecrease,SD,missing,coal_base_IGCC_CCS,missing,missing,missing,missing,missing,missing,missing,missing,EJ
2936,0.006048477,0.006783571,0.0,0.0,0.0,0.0,0.0,0.0,0.0,CDRIA-2050-noCR,1500Mt-noCostDecrease,SD,missing,coal_base_conv pul,missing,missing,missing,missing,missing,missing,missing,missing,EJ
2937,0.0,0.0,0.003404571,0.003401346,0.0022721619,0.0006056632,0.0006306804,2.3165121e-05,8.775926e-06,CDRIA-2050-noCR,1500Mt-noCostDecrease,SD,missing,coal_base_conv pul 1971-1975,missing,missing,missing,missing,missing,missing,missing,missing,EJ
2938,0.0,0.0,0.0,1.20406e-05,7.047323e-05,0.00017499624,0.00020417496,0.00026116765000000003,0.00028328818000000007,CDRIA-2050-noCR,1500Mt-noCostDecrease,SD,missing,coal_base_conv pul_CCS,missing,missing,missing,missing,missing,missing,missing,missing,EJ
2939,0.0,0.0,0.0,1.7317950000000002e-06,5.383609e-06,1.3770260000000002e-05,1.6828134999999998e-05,3.536196e-05,4.7085753e-05,CDRIA-2050-noCR,1500Mt-noCostDecrease,SD,missing,coal_int_IGCC_CCS,missing,missing,missing,missing,missing,missing,missing,missing,EJ
2940,0.0049807309999999,0.005191746,0.0,0.0,0.0,0.0,0.0,0.0,0.0,CDRIA-2050-noCR,1500Mt-noCostDecrease,SD,missing,coal_int_conv pul,missing,missing,missing,missing,missing,missing,missing,missing,EJ
2941,0.0,0.0,0.0026213546,0.0026201351999999,0.0023668751,0.0013947026999999,0.0015149474,0.0007354457,0.0003985906,CDRIA-2050-noCR,1500Mt-noCostDecrease,SD,missing,coal_int_conv pul 1971-1975,missing,missing,missing,missing,missing,missing,missing,missing,EJ
2942,0.0,0.0,0.0,2.22873e-06,6.557250000000001e-06,1.587467e-05,1.911929e-05,3.78987e-05,4.942858e-05,CDRIA-2050-noCR,1500Mt-noCostDecrease,SD,missing,coal_int_conv pul_CCS,missing,missing,missing,missing,missing,missing,missing,missing,EJ
2943,5.980417e-05,0.0,0.0,0.0,0.0,0.0,0.0,0.0,0.0,CDRIA-2050-noCR,1500Mt-noCostDecrease,SD,missing,coal_peak_conv pul,missing,missing,missing,missing,missing,missing,missing,missing,EJ
2944,0.0003915094,0.0,0.0,0.0,0.0,0.0,0.0,0.0,0.0,CDRIA-2050-noCR,1500Mt-noCostDecrease,SD,missing,coal_subpeak_conv pul,missing,missing,missing,missing,missing,missing,missing,missing,EJ
2945,1.1200321000000004e-05,0.00023040263,0.0004135987200000001,0.0004545615,0.0006795891799999999,0.0008763333999999999,0.00088084404,0.00042437958400000006,0.000281983506,CDRIA-2050-noCR,1500Mt-noCostDecrease,SD,missing,gas_base_CC,missing,missing,missing,missing,missing,missing,missing,missing,EJ
2946,0.0,0.0,0.0,2.278092e-05,0.00021649164,0.0005798283100000001,0.0006735685300000001,0.0008615326600000001,0.0009004699700000001,CDRIA-2050-noCR,1500Mt-noCostDecrease,SD,missing,gas_base_CC_CCS,missing,missing,missing,missing,missing,missing,missing,missing,EJ
2947,3.100079e-06,6.310059e-05,0.00183155464,0.00176232509,0.00161750258,0.0015303263599999,0.001389862,0.00142923801,0.0013793071899999,CDRIA-2050-noCR,1500Mt-noCostDecrease,SD,missing,gas_int_CC,missing,missing,missing,missing,missing,missing,missing,missing,EJ
2948,0.0,0.0,0.0,1.402547e-05,5.41339e-05,0.00013881844,0.00016894736999999998,0.0003424495,0.00044668371,CDRIA-2050-noCR,1500Mt-noCostDecrease,SD,missing,gas_int_CC_CCS,missing,missing,missing,missing,missing,missing,missing,missing,EJ
2949,5.500384500000001e-06,0.00014640398000000002,0.00013776096150000002,0.000125624699,0.00010444163769999995,8.453183789999999e-05,6.75934966e-05,5.0694679700000005e-05,3.670863509999999e-05,CDRIA-2050-noCR,1500Mt-noCostDecrease,SD,missing,gas_peak_CC,missing,missing,missing,missing,missing,missing,missing,missing,EJ
2950,0.0,0.0,0.0,2.441677e-08,5.4691480000000004e-08,7.647358e-08,1.1329030000000001e-07,1.8341513000000003e-07,3.5143378e-07,CDRIA-2050-noCR,1500Mt-noCostDecrease,SD,missing,gas_peak_CC_CCS,missing,missing,missing,missing,missing,missing,missing,missing,EJ
2951,4.100281e-06,5.150149e-05,7.1031805e-05,6.220033230000001e-05,3.23295195e-05,2.27922263e-05,2.01043459e-05,1.5698224400000004e-05,1.10000497e-05,CDRIA-2050-noCR,1500Mt-noCostDecrease,SD,missing,gas_peak_steam/CT,missing,missing,missing,missing,missing,missing,missing,missing,EJ
2952,2.9100635000000003e-05,0.0007692088,0.00017990902000000002,0.000174716402,0.00015636113099999998,0.000132711854,0.00012221167300000002,0.00022829479,0.00023144106000000004,CDRIA-2050-noCR,1500Mt-noCostDecrease,SD,missing,gas_subpeak_CC,missing,missing,missing,missing,missing,missing,missing,missing,EJ
2953,0.0,0.0,0.0,1.002176e-06,1.972426e-06,2.3467853e-06,3.9922704e-06,2.87765072e-05,3.4417928e-05,CDRIA-2050-noCR,1500Mt-noCostDecrease,SD,missing,gas_subpeak_CC_CCS,missing,missing,missing,missing,missing,missing,missing,missing,EJ
2954,2.1500510000000003e-05,0.0002705037,9.683859e-05,9.435969e-05,5.787045e-05,4.1722877e-05,4.4669205e-05,0.000110096818,9.3118963e-05,CDRIA-2050-noCR,1500Mt-noCostDecrease,SD,missing,gas_subpeak_steam/CT,missing,missing,missing,missing,missing,missing,missing,missing,EJ
2955,0.0133525,0.0113041,0.0208126,0.0207806,0.020758,0.020761,0.0207146,0.0205408,0.0205637,CDRIA-2050-noCR,1500Mt-noCostDecrease,SD,missing,hydro_base,missing,missing,missing,missing,missing,missing,missing,missing,EJ
2956,0.0,0.0,2.752171e-05,2.101041e-05,6.93139e-06,7.86372e-06,6.903882e-06,6.956628000000001e-06,4.655298999999999e-06,CDRIA-2050-noCR,1500Mt-noCostDecrease,SD,missing,refined liquids_peak_steam/CT,missing,missing,missing,missing,missing,missing,missing,missing,EJ
2957,6.540157999999999e-05,0.0001124013,3.020614e-05,2.539349e-05,7.972750000000001e-06,8.37449e-06,7.279463000000001e-06,7.62572e-06,5.141046e-06,CDRIA-2050-noCR,1500Mt-noCostDecrease,SD,missing,refined liquids_subpeak_steam/CT,missing,missing,missing,missing,missing,missing,missing,missing,EJ
2958,0.0,0.0,3.65923e-05,0.00037184,0.00115182,0.00155127,0.00177563,0.00145499,0.0016463,CDRIA-2050-noCR,1500Mt-noCostDecrease,SD,missing,rooftop_pv,missing,missing,missing,missing,missing,missing,missing,missing,EJ
2959,0.0,0.000342904,0.005632905,0.0058899969999999,0.0071527369999999,0.008682657,0.009126958,0.005264508,0.005769198,CDRIA-2050-noCR,1500Mt-noCostDecrease,SD,missing,wind_base,missing,missing,missing,missing,missing,missing,missing,missing,EJ
2960,0.0,0.0,4.08737e-06,9.53858e-06,4.280778e-05,0.00010584018,0.00012264858,0.00016451738,0.00017743541,CDRIA-2050-noCR,1500Mt-noCostDecrease,SD,missing,wind_base_storage,missing,missing,missing,missing,missing,missing,missing,missing,EJ
2961,0.0,0.000142901,0.00227653,0.00227653,0.00227653,0.00227653,0.00227653,0.0,0.0,CDRIA-2050-noCR,1500Mt-noCostDecrease,SD,missing,wind_int,missing,missing,missing,missing,missing,missing,missing,missing,EJ
2962,0.0,8.5701e-05,0.00136586,0.00136586,0.00136586,0.00136586,0.00136586,0.0,0.0,CDRIA-2050-noCR,1500Mt-noCostDecrease,SD,missing,wind_subpeak,missing,missing,missing,missing,missing,missing,missing,missing,EJ
2963,0.0,0.0,5.82739e-05,5.8952095e-05,0.000129017795,0.000301199795,0.000403504795,0.000547896795,0.000567188095,CDRIA-2050-noCR,1500Mt-noCostDecrease,TN,missing,PV_base_storage,missing,missing,missing,missing,missing,missing,missing,missing,EJ
2964,0.0,0.0,0.00321444,0.00498147,0.01277191,0.02051524,0.02490446,0.03328808,0.03667074,CDRIA-2050-noCR,1500Mt-noCostDecrease,TN,missing,PV_int,missing,missing,missing,missing,missing,missing,missing,missing,EJ
2965,0.0,0.0,7.51175e-05,0.000111194,0.000212482,0.0002810224,0.000319439,0.0004056598,0.0004489923,CDRIA-2050-noCR,1500Mt-noCostDecrease,TN,missing,PV_peak,missing,missing,missing,missing,missing,missing,missing,missing,EJ
2966,0.0,0.0,0.00077206,0.000990833,0.001611997,0.002050614,0.002315833,0.002690014,0.002959663,CDRIA-2050-noCR,1500Mt-noCostDecrease,TN,missing,PV_subpeak,missing,missing,missing,missing,missing,missing,missing,missing,EJ
2967,0.0,0.0,0.000291782,7.04943e-06,0.00039307079,0.001024038071,0.000700916684,0.0009365896532,0.0005319064439,CDRIA-2050-noCR,1500Mt-noCostDecrease,TN,missing,biogas_base_CC,missing,missing,missing,missing,missing,missing,missing,missing,EJ
2968,0.0,0.0,0.0,1.91576e-06,0.0002717618413,0.000959731821,0.000693442395,0.00132863171,0.0008965607552,CDRIA-2050-noCR,1500Mt-noCostDecrease,TN,missing,biogas_base_CC_CCS,missing,missing,missing,missing,missing,missing,missing,missing,EJ
2969,0.0,0.0,0.000149275,5.5796760000000005e-05,0.00023745794,0.00046692394,0.00046854449,0.0011164391,0.0013319801,CDRIA-2050-noCR,1500Mt-noCostDecrease,TN,missing,biogas_int_CC,missing,missing,missing,missing,missing,missing,missing,missing,EJ
2970,0.0,0.0,0.0,1.88868e-05,0.000108260585,0.000265245,0.00028903394,0.000905919,0.0012917016,CDRIA-2050-noCR,1500Mt-noCostDecrease,TN,missing,biogas_int_CC_CCS,missing,missing,missing,missing,missing,missing,missing,missing,EJ
2971,0.0,0.0,8.6492e-08,3.851596e-08,1.12205234e-07,1.4945115e-07,1.3639e-07,3.7201055000000004e-07,5.913878900000001e-07,CDRIA-2050-noCR,1500Mt-noCostDecrease,TN,missing,biogas_peak_CC,missing,missing,missing,missing,missing,missing,missing,missing,EJ
2972,0.0,0.0,0.0,5.4165e-09,1.7130977e-08,2.4298237e-08,2.36661e-08,7.845712e-08,1.3987375e-07,CDRIA-2050-noCR,1500Mt-noCostDecrease,TN,missing,biogas_peak_CC_CCS,missing,missing,missing,missing,missing,missing,missing,missing,EJ
2973,0.0,0.0,8.10801e-08,3.281911e-08,9.56053e-08,1.16935252e-07,8.706163300000002e-08,2.54471064e-07,3.8224177400000004e-07,CDRIA-2050-noCR,1500Mt-noCostDecrease,TN,missing,biogas_peak_steam/CT,missing,missing,missing,missing,missing,missing,missing,missing,EJ
2974,0.0,0.0,2.12769e-06,1.0367438e-06,3.0292951e-06,4.3000022e-06,4.43575e-06,1.3649143e-05,1.7847456e-05,CDRIA-2050-noCR,1500Mt-noCostDecrease,TN,missing,biogas_subpeak_CC,missing,missing,missing,missing,missing,missing,missing,missing,EJ
2975,0.0,0.0,0.0,1.97253e-07,6.730812300000001e-07,1.0668124e-06,1.1754774e-06,4.4081617e-06,6.867768e-06,CDRIA-2050-noCR,1500Mt-noCostDecrease,TN,missing,biogas_subpeak_CC_CCS,missing,missing,missing,missing,missing,missing,missing,missing,EJ
2976,0.0,0.0,1.451729e-06,6.399487970000001e-07,1.916583572e-06,2.4621679490000004e-06,2.0076670399999997e-06,6.97966793e-06,7.637543310000002e-06,CDRIA-2050-noCR,1500Mt-noCostDecrease,TN,missing,biogas_subpeak_steam/CT,missing,missing,missing,missing,missing,missing,missing,missing,EJ
2977,0.0,0.0,4.536e-05,3.3883746e-05,8.884788999999999e-05,0.000279421136,0.000400532183,0.0007029195740000001,0.000762887166,CDRIA-2050-noCR,1500Mt-noCostDecrease,TN,missing,biomass_base_IGCC,missing,missing,missing,missing,missing,missing,missing,missing,EJ
2978,0.0,0.0,0.0,2.48486e-07,5.0672698e-05,0.0005289190860000001,0.0008526330860000001,0.003717889446,0.005922378434,CDRIA-2050-noCR,1500Mt-noCostDecrease,TN,missing,biomass_base_IGCC_CCS,missing,missing,missing,missing,missing,missing,missing,missing,EJ
2979,0.0,4.42003e-05,0.000107641,7.8567618e-05,0.0001803098,0.00045962463,0.000587697806,0.000900628162,0.000818622607,CDRIA-2050-noCR,1500Mt-noCostDecrease,TN,missing,biomass_base_conv,missing,missing,missing,missing,missing,missing,missing,missing,EJ
2980,0.0,0.0,0.0,2.83316e-07,7.4931048e-05,0.001212842116,0.001891329216,0.017599857208,0.030246112383,CDRIA-2050-noCR,1500Mt-noCostDecrease,TN,missing,biomass_base_conv_CCS,missing,missing,missing,missing,missing,missing,missing,missing,EJ
2981,0.0,0.0,9.81228e-06,1.1033438999999998e-05,1.8297192e-05,3.4442026e-05,4.766688200000001e-05,8.7324719e-05,0.00012533551299999995,CDRIA-2050-noCR,1500Mt-noCostDecrease,TN,missing,biomass_int_IGCC,missing,missing,missing,missing,missing,missing,missing,missing,EJ
2982,0.0,0.0,0.0,8.72086e-07,5.262744e-06,1.8190506e-05,2.9217836e-05,7.7716417e-05,0.00012919453699999998,CDRIA-2050-noCR,1500Mt-noCostDecrease,TN,missing,biomass_int_IGCC_CCS,missing,missing,missing,missing,missing,missing,missing,missing,EJ
2983,0.0,4.42002e-05,7.20285e-05,8.014525e-05,8.949214e-05,0.00013587662,0.00015699318,0.00023023373,0.0002909171,CDRIA-2050-noCR,1500Mt-noCostDecrease,TN,missing,biomass_int_conv,missing,missing,missing,missing,missing,missing,missing,missing,EJ
2984,0.0,0.0,0.0,1.32367e-06,8.85636e-06,3.47301e-05,5.565601e-05,0.00016642286,0.00028244987,CDRIA-2050-noCR,1500Mt-noCostDecrease,TN,missing,biomass_int_conv_CCS,missing,missing,missing,missing,missing,missing,missing,missing,EJ
2985,0.0,0.0,0.0,1.431985e-05,0.00093637628,0.00311868903,0.00455086252,0.00639715478,0.00739869092,CDRIA-2050-noCR,1500Mt-noCostDecrease,TN,missing,coal_base_IGCC_CCS,missing,missing,missing,missing,missing,missing,missing,missing,EJ
2986,0.05686927132,0.07856120671,0.0,0.0,0.0,0.0,0.0,0.0,0.0,CDRIA-2050-noCR,1500Mt-noCostDecrease,TN,missing,coal_base_conv pul,missing,missing,missing,missing,missing,missing,missing,missing,EJ
2987,0.0,0.0,0.01014898002,0.00949221717,0.005372932547,0.0,0.0,0.0,0.0,CDRIA-2050-noCR,1500Mt-noCostDecrease,TN,missing,coal_base_conv pul 1951-1955,missing,missing,missing,missing,missing,missing,missing,missing,EJ
2988,0.0,0.0,0.01710285706,0.01647097735,0.01031911088,0.001508933024,0.0,0.0,0.0,CDRIA-2050-noCR,1500Mt-noCostDecrease,TN,missing,coal_base_conv pul 1956-1960,missing,missing,missing,missing,missing,missing,missing,missing,EJ
2989,0.0,0.0,0.000324769961,0.0003210094862,0.0002228573105,4.370369062e-05,2.752452556e-05,0.0,0.0,CDRIA-2050-noCR,1500Mt-noCostDecrease,TN,missing,coal_base_conv pul 1961-1965,missing,missing,missing,missing,missing,missing,missing,missing,EJ
2990,0.0,0.0,0.003178000819,0.0,0.0,0.0,0.0,0.0,0.0,CDRIA-2050-noCR,1500Mt-noCostDecrease,TN,missing,coal_base_conv pul 1966-1970,missing,missing,missing,missing,missing,missing,missing,missing,EJ
2991,0.0,0.0,0.03521574151,0.03518453753,0.02559325122,0.0060251007369999,0.0064099710399999,0.0003905299276,0.0001037612691,CDRIA-2050-noCR,1500Mt-noCostDecrease,TN,missing,coal_base_conv pul 1971-1975,missing,missing,missing,missing,missing,missing,missing,missing,EJ
2992,0.0,0.0,0.00029055764610000004,0.00029050663919999995,0.0002119879297,5.06147747e-05,5.720262698e-05,4.370118701e-06,2.072915086e-06,CDRIA-2050-noCR,1500Mt-noCostDecrease,TN,missing,coal_base_conv pul 1981-1985,missing,missing,missing,missing,missing,missing,missing,missing,EJ
2993,0.0,0.0,0.00074625612,0.0007461761089,0.000544664191,0.0001302236584,0.000148077967,1.162198582e-05,6.166298553000001e-06,CDRIA-2050-noCR,1500Mt-noCostDecrease,TN,missing,coal_base_conv pul 1991-1995,missing,missing,missing,missing,missing,missing,missing,missing,EJ
2994,0.0,0.0,0.0002607308841,0.0,0.0,0.0,0.0,0.0,0.0,CDRIA-2050-noCR,1500Mt-noCostDecrease,TN,missing,coal_base_conv pul before 1950,missing,missing,missing,missing,missing,missing,missing,missing,EJ
2995,0.0,0.0,0.0,1.704083e-05,0.00103394929,0.00330497497,0.0047470909599999,0.00649181185,0.00738975191,CDRIA-2050-noCR,1500Mt-noCostDecrease,TN,missing,coal_base_conv pul_CCS,missing,missing,missing,missing,missing,missing,missing,missing,EJ
2996,0.02592696944,0.0358165165199999,0.0,0.0,0.0,0.0,0.0,0.0,0.0,CDRIA-2050-noCR,1500Mt-noCostDecrease,TN,missing,coal_base_conv pul_retire_2020,missing,missing,missing,missing,missing,missing,missing,missing,EJ
2997,0.0,0.0,0.0,4.44465e-05,0.0001070554,0.0002182797,0.00030361329999999993,0.0005219021999999999,0.0007186656,CDRIA-2050-noCR,1500Mt-noCostDecrease,TN,missing,coal_int_IGCC_CCS,missing,missing,missing,missing,missing,missing,missing,missing,EJ
2998,0.06570168511,0.06780815074,0.0,0.0,0.0,0.0,0.0,0.0,0.0,CDRIA-2050-noCR,1500Mt-noCostDecrease,TN,missing,coal_int_conv pul,missing,missing,missing,missing,missing,missing,missing,missing,EJ
2999,0.0,0.0,0.001500159178,0.001402866912,0.0008962625619999999,0.0,0.0,0.0,0.0,CDRIA-2050-noCR,1500Mt-noCostDecrease,TN,missing,coal_int_conv pul 1951-1955,missing,missing,missing,missing,missing,missing,missing,missing,EJ
3000,0.0,0.0,0.0025280387989999,0.002434276979,0.001721328104,0.0005294094399,0.0,0.0,0.0,CDRIA-2050-noCR,1500Mt-noCostDecrease,TN,missing,coal_int_conv pul 1956-1960,missing,missing,missing,missing,missing,missing,missing,missing,EJ
3001,0.0,0.0,4.800555376e-05,4.744248283e-05,3.71749103e-05,1.533345329e-05,1.138724841e-05,0.0,0.0,CDRIA-2050-noCR,1500Mt-noCostDecrease,TN,missing,coal_int_conv pul 1961-1965,missing,missing,missing,missing,missing,missing,missing,missing,EJ
3002,0.0,0.0,0.0004697532384,0.0,0.0,0.0,0.0,0.0,0.0,CDRIA-2050-noCR,1500Mt-noCostDecrease,TN,missing,coal_int_conv pul 1966-1970,missing,missing,missing,missing,missing,missing,missing,missing,EJ
3003,0.0,0.0,0.005205376425,0.005199975754,0.004269220937,0.002113909285,0.002651887308,0.000808228035,0.0003827998147,CDRIA-2050-noCR,1500Mt-noCostDecrease,TN,missing,coal_int_conv pul 1971-1975,missing,missing,missing,missing,missing,missing,missing,missing,EJ
3004,0.0,0.0,4.294851603e-05,4.293451434e-05,3.536188057e-05,1.7758262170000002e-05,2.366551014e-05,9.04425299e-06,7.647465204e-06,CDRIA-2050-noCR,1500Mt-noCostDecrease,TN,missing,coal_int_conv pul 1981-1985,missing,missing,missing,missing,missing,missing,missing,missing,EJ
3005,0.0,0.0,0.0001103069103,0.0001102789069,9.0855712e-05,4.568922022e-05,6.126179221999999e-05,2.405236627e-05,2.274890094e-05,CDRIA-2050-noCR,1500Mt-noCostDecrease,TN,missing,coal_int_conv pul 1991-1995,missing,missing,missing,missing,missing,missing,missing,missing,EJ
3006,0.0,0.0,3.853966005e-05,0.0,0.0,0.0,0.0,0.0,0.0,CDRIA-2050-noCR,1500Mt-noCostDecrease,TN,missing,coal_int_conv pul before 1950,missing,missing,missing,missing,missing,missing,missing,missing,EJ
3007,0.0,0.0,0.0,5.62268e-05,0.0001293571,0.0002514633,0.0003411444,0.0005603674999999999,0.0007523957,CDRIA-2050-noCR,1500Mt-noCostDecrease,TN,missing,coal_int_conv pul_CCS,missing,missing,missing,missing,missing,missing,missing,missing,EJ
3008,0.02995377723,0.03091409833,0.0,0.0,0.0,0.0,0.0,0.0,0.0,CDRIA-2050-noCR,1500Mt-noCostDecrease,TN,missing,coal_int_conv pul_retire_2020,missing,missing,missing,missing,missing,missing,missing,missing,EJ
3009,0.0005175112592,0.0,0.0,0.0,0.0,0.0,0.0,0.0,0.0,CDRIA-2050-noCR,1500Mt-noCostDecrease,TN,missing,coal_peak_conv pul,missing,missing,missing,missing,missing,missing,missing,missing,EJ
3010,0.000235936752,0.0,0.0,0.0,0.0,0.0,0.0,0.0,0.0,CDRIA-2050-noCR,1500Mt-noCostDecrease,TN,missing,coal_peak_conv pul_retire_2020,missing,missing,missing,missing,missing,missing,missing,missing,EJ
3011,0.003846155007,0.0,0.0,0.0,0.0,0.0,0.0,0.0,0.0,CDRIA-2050-noCR,1500Mt-noCostDecrease,TN,missing,coal_subpeak_conv pul,missing,missing,missing,missing,missing,missing,missing,missing,EJ
3012,0.001753481117,0.0,0.0,0.0,0.0,0.0,0.0,0.0,0.0,CDRIA-2050-noCR,1500Mt-noCostDecrease,TN,missing,coal_subpeak_conv pul_retire_2020,missing,missing,missing,missing,missing,missing,missing,missing,EJ
3013,0.0,0.0,0.0154741224999999,0.01531897448,0.02196505242,0.0288795766299999,0.03409127817,0.02485030293,0.018585703142,CDRIA-2050-noCR,1500Mt-noCostDecrease,TN,missing,gas_base_CC,missing,missing,missing,missing,missing,missing,missing,missing,EJ
3014,0.0,0.0,0.0,4.417086e-05,0.00445049935,0.0146259081699999,0.02106189356,0.02960449542,0.0335488184899999,CDRIA-2050-noCR,1500Mt-noCostDecrease,TN,missing,gas_base_CC_CCS,missing,missing,missing,missing,missing,missing,missing,missing,EJ
3015,0.00011740675,0.0016112068999999,0.032629717,0.0320954975999999,0.0309077334,0.0296635419999999,0.0294313506999999,0.0287373653999999,0.028857248,CDRIA-2050-noCR,1500Mt-noCostDecrease,TN,missing,gas_int_CC,missing,missing,missing,missing,missing,missing,missing,missing,EJ
3016,0.0,0.0,0.0,0.00026485720000000003,0.0010297122,0.0022712259,0.0032080071999999,0.0054557387,0.0073835307999999,CDRIA-2050-noCR,1500Mt-noCostDecrease,TN,missing,gas_int_CC_CCS,missing,missing,missing,missing,missing,missing,missing,missing,EJ
3017,4.6002984e-06,8.119983e-05,0.0002641449033,0.0002401390071,0.0001991240456,0.0001569360386,0.00012926360279999998,8.953701799999999e-05,6.349837739999999e-05,CDRIA-2050-noCR,1500Mt-noCostDecrease,TN,missing,gas_peak_CC,missing,missing,missing,missing,missing,missing,missing,missing,EJ
3018,0.0,0.0,0.0,1.6165649999999998e-08,4.784118e-08,8.645478e-08,1.1501971999999998e-07,2.0149466e-07,3.3343557e-07,CDRIA-2050-noCR,1500Mt-noCostDecrease,TN,missing,gas_peak_CC_CCS,missing,missing,missing,missing,missing,missing,missing,missing,EJ
3019,3.4002189999999995e-06,2.849989e-05,0.000133453873,0.0001148415135,6.03098721e-05,3.64991457e-05,3.96704717e-05,1.99305918e-05,1.4242369e-05,CDRIA-2050-noCR,1500Mt-noCostDecrease,TN,missing,gas_peak_steam/CT,missing,missing,missing,missing,missing,missing,missing,missing,EJ
3020,3.0601788e-05,0.00054020257,0.00181783103,0.001664785425,0.001417949871,0.001156571767,0.000961661072,0.00072670977,0.0005682029849999999,CDRIA-2050-noCR,1500Mt-noCostDecrease,TN,missing,gas_subpeak_CC,missing,missing,missing,missing,missing,missing,missing,missing,EJ
3021,0.0,0.0,0.0,8.87677e-07,2.667193e-06,4.883805e-06,6.656148e-06,1.3019857e-05,1.9798201999999995e-05,CDRIA-2050-noCR,1500Mt-noCostDecrease,TN,missing,gas_subpeak_CC_CCS,missing,missing,missing,missing,missing,missing,missing,missing,EJ
3022,2.260139e-05,0.0001900004,0.00095004954,0.0008365126700000001,0.0004984609300000001,0.00033184344,0.00035316731,0.00021288419,0.00017106532999999996,CDRIA-2050-noCR,1500Mt-noCostDecrease,TN,missing,gas_subpeak_steam/CT,missing,missing,missing,missing,missing,missing,missing,missing,EJ
3023,0.0339897,0.0313908,0.0411114,0.0410483,0.0410036,0.0410096,0.0409177,0.0405746,0.0406197,CDRIA-2050-noCR,1500Mt-noCostDecrease,TN,missing,hydro_base,missing,missing,missing,missing,missing,missing,missing,missing,EJ
3024,0.0534371,0.10377,0.0934083,0.0930499,0.0919801,0.0888854,0.0806668,0.0630217,0.0379108,CDRIA-2050-noCR,1500Mt-noCostDecrease,TN,missing,nuc_base_Gen II,missing,missing,missing,missing,missing,missing,missing,missing,EJ
3025,0.0,0.0,0.0,0.0,0.00484547,0.01679916,0.02397421,0.03422177,0.03979419,CDRIA-2050-noCR,1500Mt-noCostDecrease,TN,missing,nuc_base_Gen III,missing,missing,missing,missing,missing,missing,missing,missing,EJ
3026,0.0,0.0,9.31003e-05,0.0001642446,0.0001187182,6.993417e-05,5.553569e-05,1.153608e-05,4.933104e-06,CDRIA-2050-noCR,1500Mt-noCostDecrease,TN,missing,refined liquids_base_steam/CT,missing,missing,missing,missing,missing,missing,missing,missing,EJ
3027,0.0003781218,0.0006928032,0.0,0.0,0.0,0.0,0.0,0.0,0.0,CDRIA-2050-noCR,1500Mt-noCostDecrease,TN,missing,refined liquids_int_steam/CT,missing,missing,missing,missing,missing,missing,missing,missing,EJ
3028,0.0,0.0,0.0,0.0,0.0,0.0,0.0,0.0,0.0,CDRIA-2050-noCR,1500Mt-noCostDecrease,TN,missing,refined liquids_peak_steam/CT,missing,missing,missing,missing,missing,missing,missing,missing,EJ
3029,9.45056e-05,0.0001732009,0.0,0.0,0.0,0.0,0.0,0.0,0.0,CDRIA-2050-noCR,1500Mt-noCostDecrease,TN,missing,refined liquids_subpeak_steam/CT,missing,missing,missing,missing,missing,missing,missing,missing,EJ
3030,0.0,0.0,0.000335728,0.00439948,0.0117706,0.0147439,0.017431,0.0182928,0.0215586,CDRIA-2050-noCR,1500Mt-noCostDecrease,TN,missing,rooftop_pv,missing,missing,missing,missing,missing,missing,missing,missing,EJ
3031,0.0,1.19001e-05,0.0059486939999999,0.0061081349999999,0.0218722349999999,0.0562499349999999,0.0762716349999999,0.101631241,0.110908941,CDRIA-2050-noCR,1500Mt-noCostDecrease,TN,missing,wind_base,missing,missing,missing,missing,missing,missing,missing,missing,EJ
3032,0.0,0.0,0.00019024,0.0001946633,0.0006296203,0.0016442002999999,0.0022409802999999,0.0030660033,0.0033232272999999,CDRIA-2050-noCR,1500Mt-noCostDecrease,TN,missing,wind_base_storage,missing,missing,missing,missing,missing,missing,missing,missing,EJ
3033,0.0,0.0,0.00104395,0.001357111,0.004020111,0.007549121,0.008671911,0.012110051,0.014101811,CDRIA-2050-noCR,1500Mt-noCostDecrease,TX,missing,CSP_base_storage,missing,missing,missing,missing,missing,missing,missing,missing,EJ
3034,0.0,0.0,0.00278446,0.0053218,0.0163215,0.03317322,0.04248304,0.07021444,0.09389998,CDRIA-2050-noCR,1500Mt-noCostDecrease,TX,missing,CSP_int,missing,missing,missing,missing,missing,missing,missing,missing,EJ
3035,0.0,0.0,0.0001650686,0.0002572614,0.0005449674,0.0008403254,0.0010223683999999,0.0014587144,0.0021355337999999,CDRIA-2050-noCR,1500Mt-noCostDecrease,TX,missing,CSP_peak,missing,missing,missing,missing,missing,missing,missing,missing,EJ
3036,0.00046834,0.000420892,0.0031320099999999,0.00352587,0.004821402,0.006153714,0.007242858,0.013503318,0.017254008,CDRIA-2050-noCR,1500Mt-noCostDecrease,TX,missing,CSP_subpeak,missing,missing,missing,missing,missing,missing,missing,missing,EJ
3037,0.0,0.0,0.000203621,0.0002708512,0.0008634631999999999,0.0016678482,0.0019278972,0.0027326822,0.0032489772,CDRIA-2050-noCR,1500Mt-noCostDecrease,TX,missing,PV_base_storage,missing,missing,missing,missing,missing,missing,missing,missing,EJ
3038,0.0,0.0,0.0232097,0.0473378,0.1425546,0.238341,0.2818829,0.3733421,0.4321006,CDRIA-2050-noCR,1500Mt-noCostDecrease,TX,missing,PV_int,missing,missing,missing,missing,missing,missing,missing,missing,EJ
3039,0.0,0.0,0.00137592,0.002252601,0.004743061,0.006421901,0.007273313,0.008712393,0.009943493,CDRIA-2050-noCR,1500Mt-noCostDecrease,TX,missing,PV_peak,missing,missing,missing,missing,missing,missing,missing,missing,EJ
3040,0.0,0.0,0.00712717,0.01087246,0.02208696,0.02965992,0.03475383,0.06177215,0.07009106,CDRIA-2050-noCR,1500Mt-noCostDecrease,TX,missing,PV_subpeak,missing,missing,missing,missing,missing,missing,missing,missing,EJ
3041,0.0,0.0,0.000805331,0.00028936844,0.00264932326,0.0038705744,0.00146806674,0.00411708374,0.00378698815,CDRIA-2050-noCR,1500Mt-noCostDecrease,TX,missing,biogas_base_CC,missing,missing,missing,missing,missing,missing,missing,missing,EJ
3042,0.0,0.0,0.0,0.000152003,0.00187423283,0.00372754611,0.0015027434,0.0058419217499999,0.00609827979,CDRIA-2050-noCR,1500Mt-noCostDecrease,TX,missing,biogas_base_CC_CCS,missing,missing,missing,missing,missing,missing,missing,missing,EJ
3043,0.0,0.0,0.000785383,0.0004950212,0.0016785945,0.002782368,0.0018632111,0.0066810381,0.0079935691,CDRIA-2050-noCR,1500Mt-noCostDecrease,TX,missing,biogas_int_CC,missing,missing,missing,missing,missing,missing,missing,missing,EJ
3044,0.0,0.0,0.0,0.000179352,0.0007741079600000001,0.0016123024,0.0011726291,0.0056705519,0.0085078967,CDRIA-2050-noCR,1500Mt-noCostDecrease,TX,missing,biogas_int_CC_CCS,missing,missing,missing,missing,missing,missing,missing,missing,EJ
3045,0.0,0.0,1.07012e-06,5.917079e-07,1.49473919e-06,1.6608629e-06,1.117824e-06,3.4187442e-06,6.7562719e-06,CDRIA-2050-noCR,1500Mt-noCostDecrease,TX,missing,biogas_peak_CC,missing,missing,missing,missing,missing,missing,missing,missing,EJ
3046,0.0,0.0,0.0,8.47856e-08,2.27025722e-07,2.6732046e-07,1.8891978e-07,7.093276e-07,1.4940459e-06,CDRIA-2050-noCR,1500Mt-noCostDecrease,TX,missing,biogas_peak_CC_CCS,missing,missing,missing,missing,missing,missing,missing,missing,EJ
3047,0.0,0.0,1.021403e-06,5.327822410000001e-07,1.3163371100000002e-06,1.4024598449999996e-06,8.673125550000001e-07,2.625183714e-06,5.206547932000001e-06,CDRIA-2050-noCR,1500Mt-noCostDecrease,TX,missing,biogas_peak_steam/CT,missing,missing,missing,missing,missing,missing,missing,missing,EJ
3048,0.0,0.0,1.68601e-05,1.1075772e-05,3.0325878e-05,3.3942555e-05,3.0103573e-05,0.0002804027,0.00019093285,CDRIA-2050-noCR,1500Mt-noCostDecrease,TX,missing,biogas_subpeak_CC,missing,missing,missing,missing,missing,missing,missing,missing,EJ
3049,0.0,0.0,0.0,2.18124e-06,6.703974500000001e-06,8.3670131e-06,7.768855999999999e-06,8.3100396e-05,8.4900319e-05,CDRIA-2050-noCR,1500Mt-noCostDecrease,TX,missing,biogas_subpeak_CC_CCS,missing,missing,missing,missing,missing,missing,missing,missing,EJ
3050,0.0,0.0,1.173246e-05,7.323590449999999e-06,1.992140444e-05,2.1354960240000005e-05,1.761751419e-05,0.00017549786569999998,9.392893859999998e-05,CDRIA-2050-noCR,1500Mt-noCostDecrease,TX,missing,biogas_subpeak_steam/CT,missing,missing,missing,missing,missing,missing,missing,missing,EJ
3051,0.0,0.0,0.0001568058,0.0001003454,0.0004610341,0.0011330985499999,0.00122050149,0.0024673249599999,0.00326941071,CDRIA-2050-noCR,1500Mt-noCostDecrease,TX,missing,biomass_base_IGCC,missing,missing,missing,missing,missing,missing,missing,missing,EJ
3052,0.0,0.0,0.0,2.145929e-05,0.00037446085,0.00219793227,0.0028555622899999,0.01582612243,0.03132733729,CDRIA-2050-noCR,1500Mt-noCostDecrease,TX,missing,biomass_base_IGCC_CCS,missing,missing,missing,missing,missing,missing,missing,missing,EJ
3053,0.000407035,0.000376592,0.0003631343,0.0002080059,0.0008177429,0.0017763615,0.0015838499,0.0029737271,0.0032914187,CDRIA-2050-noCR,1500Mt-noCostDecrease,TX,missing,biomass_base_conv,missing,missing,missing,missing,missing,missing,missing,missing,EJ
3054,0.0,0.0,0.0,2.42356e-05,0.0005453211,0.0049436802999999,0.0063342336,0.081585351,0.1627212945999999,CDRIA-2050-noCR,1500Mt-noCostDecrease,TX,missing,biomass_base_conv_CCS,missing,missing,missing,missing,missing,missing,missing,missing,EJ
3055,0.0,0.0,5.29908e-05,6.284471e-05,0.00010681921,0.000205616,0.00026011399,0.0005393696700000001,0.0008297538899999999,CDRIA-2050-noCR,1500Mt-noCostDecrease,TX,missing,biomass_int_IGCC,missing,missing,missing,missing,missing,missing,missing,missing,EJ
3056,0.0,0.0,0.0,8.34329e-06,3.922532e-05,0.00011920086999999998,0.00017023948,0.00050387535,0.00091006802,CDRIA-2050-noCR,1500Mt-noCostDecrease,TX,missing,biomass_int_IGCC_CCS,missing,missing,missing,missing,missing,missing,missing,missing,EJ
3057,0.000407035,0.000376592,0.00048452,0.0005449302,0.0004921918,0.0008069146,0.0008538356999999999,0.0014655694,0.0018366806,CDRIA-2050-noCR,1500Mt-noCostDecrease,TX,missing,biomass_int_conv,missing,missing,missing,missing,missing,missing,missing,missing,EJ
3058,0.0,0.0,0.0,1.25317e-05,6.50133e-05,0.0002240322,0.0003201232,0.0010782225,0.001964772,CDRIA-2050-noCR,1500Mt-noCostDecrease,TX,missing,biomass_int_conv_CCS,missing,missing,missing,missing,missing,missing,missing,missing,EJ
3059,0.0,0.0,0.0,0.001293708,0.0083260229999999,0.017459378,0.020733944,0.030038106,0.038950843,CDRIA-2050-noCR,1500Mt-noCostDecrease,TX,missing,coal_base_IGCC_CCS,missing,missing,missing,missing,missing,missing,missing,missing,EJ
3060,0.3316956,0.4241821,0.0,0.0,0.0,0.0,0.0,0.0,0.0,CDRIA-2050-noCR,1500Mt-noCostDecrease,TX,missing,coal_base_conv pul,missing,missing,missing,missing,missing,missing,missing,missing,EJ
3061,0.0,0.0,0.1742542,0.1739247,0.0995878299999999,0.01757605,0.01855105,0.0009029508,0.00019218948,CDRIA-2050-noCR,1500Mt-noCostDecrease,TX,missing,coal_base_conv pul 1976-1980,missing,missing,missing,missing,missing,missing,missing,missing,EJ
3062,0.0,0.0,0.07964265,0.07951382,0.04558444,0.008088234,0.008724768,0.0004543911,0.00010767362,CDRIA-2050-noCR,1500Mt-noCostDecrease,TX,missing,coal_base_conv pul 1981-1985,missing,missing,missing,missing,missing,missing,missing,missing,EJ
3063,0.0,0.0,0.04208421,0.04204832,0.0241886399999999,0.004357688,0.00501819,0.0003348961,0.00015482204,CDRIA-2050-noCR,1500Mt-noCostDecrease,TX,missing,coal_base_conv pul 1986-1990,missing,missing,missing,missing,missing,missing,missing,missing,EJ
3064,0.0,0.0,0.01500295,0.01499033,0.008623748,0.00155395,0.001791266,0.0001200743,5.6600552e-05,CDRIA-2050-noCR,1500Mt-noCostDecrease,TX,missing,coal_base_conv pul 1991-1995,missing,missing,missing,missing,missing,missing,missing,missing,EJ
3065,0.0,0.0,0.03825918,0.0382272399999999,0.02199213,0.003963222,0.004570424,0.0003069553,0.0001459279,CDRIA-2050-noCR,1500Mt-noCostDecrease,TX,missing,coal_base_conv pul 2006-2010,missing,missing,missing,missing,missing,missing,missing,missing,EJ
3066,0.0,0.0,0.04213583,0.0421005,0.02422048,0.0043648049999999,0.005033528,0.0003380583,0.00016071745,CDRIA-2050-noCR,1500Mt-noCostDecrease,TX,missing,coal_base_conv pul 2011-2015,missing,missing,missing,missing,missing,missing,missing,missing,EJ
3067,0.0,0.0,0.0,0.001623137,0.009698066,0.019516655,0.022917304,0.03199779,0.040421093,CDRIA-2050-noCR,1500Mt-noCostDecrease,TX,missing,coal_base_conv pul_CCS,missing,missing,missing,missing,missing,missing,missing,missing,EJ
3068,0.02918736,0.03732565,0.0,0.0,0.0,0.0,0.0,0.0,0.0,CDRIA-2050-noCR,1500Mt-noCostDecrease,TX,missing,coal_base_conv pul_retire_2020,missing,missing,missing,missing,missing,missing,missing,missing,EJ
3069,0.0,0.0,0.0,0.000233375,0.0006840187,0.0013946514,0.0018069854,0.0033824459,0.0050252984,CDRIA-2050-noCR,1500Mt-noCostDecrease,TX,missing,coal_int_IGCC_CCS,missing,missing,missing,missing,missing,missing,missing,missing,EJ
3070,0.09734627,0.1060456,0.0,0.0,0.0,0.0,0.0,0.0,0.0,CDRIA-2050-noCR,1500Mt-noCostDecrease,TX,missing,coal_int_conv pul,missing,missing,missing,missing,missing,missing,missing,missing,EJ
3071,0.0,0.0,0.02572207,0.02569143,0.01882486,0.005170951,0.006915116,0.001831529,0.00047895847,CDRIA-2050-noCR,1500Mt-noCostDecrease,TX,missing,coal_int_conv pul 1976-1980,missing,missing,missing,missing,missing,missing,missing,missing,EJ
3072,0.0,0.0,0.01175622,0.01174547,0.008616729,0.002379595,0.0032522569999999,0.0009216784,0.00026833446,CDRIA-2050-noCR,1500Mt-noCostDecrease,TX,missing,coal_int_conv pul 1981-1985,missing,missing,missing,missing,missing,missing,missing,missing,EJ
3073,0.0,0.0,0.00621214,0.006211217,0.004572325,0.001282053,0.001870587,0.0006792954,0.00038583299,CDRIA-2050-noCR,1500Mt-noCostDecrease,TX,missing,coal_int_conv pul 1986-1990,missing,missing,missing,missing,missing,missing,missing,missing,EJ
3074,0.0,0.0,0.002214618,0.002214312,0.001630128,0.0004571789,0.0006677151,0.0002435564,0.00014105476,CDRIA-2050-noCR,1500Mt-noCostDecrease,TX,missing,coal_int_conv pul 1991-1995,missing,missing,missing,missing,missing,missing,missing,missing,EJ
3075,0.0,0.0,0.005647529,0.005646779,0.004157123,0.001166,0.001703679,0.0006226224,0.00036366763,CDRIA-2050-noCR,1500Mt-noCostDecrease,TX,missing,coal_int_conv pul 2006-2010,missing,missing,missing,missing,missing,missing,missing,missing,EJ
3076,0.0,0.0,0.006219751,0.006218937,0.004578336,0.001284144,0.001876306,0.0006857123,0.0004005260199999999,CDRIA-2050-noCR,1500Mt-noCostDecrease,TX,missing,coal_int_conv pul 2011-2015,missing,missing,missing,missing,missing,missing,missing,missing,EJ
3077,0.0,0.0,0.0,0.0003023662,0.0008393625,0.0016318105,0.0020711017,0.0036718512,0.0052836841,CDRIA-2050-noCR,1500Mt-noCostDecrease,TX,missing,coal_int_conv pul_CCS,missing,missing,missing,missing,missing,missing,missing,missing,EJ
3078,0.008565941,0.009331432,0.0,0.0,0.0,0.0,0.0,0.0,0.0,CDRIA-2050-noCR,1500Mt-noCostDecrease,TX,missing,coal_int_conv pul_retire_2020,missing,missing,missing,missing,missing,missing,missing,missing,EJ
3079,0.0005534601,0.0,0.0,0.0,0.0,0.0,0.0,0.0,0.0,CDRIA-2050-noCR,1500Mt-noCostDecrease,TX,missing,coal_peak_conv pul,missing,missing,missing,missing,missing,missing,missing,missing,EJ
3080,4.870133e-05,0.0,0.0,0.0,0.0,0.0,0.0,0.0,0.0,CDRIA-2050-noCR,1500Mt-noCostDecrease,TX,missing,coal_peak_conv pul_retire_2020,missing,missing,missing,missing,missing,missing,missing,missing,EJ
3081,0.003925902,0.0,0.0,0.0,0.0,0.0,0.0,0.0,0.0,CDRIA-2050-noCR,1500Mt-noCostDecrease,TX,missing,coal_subpeak_conv pul,missing,missing,missing,missing,missing,missing,missing,missing,EJ
3082,0.000345458,0.0,0.0,0.0,0.0,0.0,0.0,0.0,0.0,CDRIA-2050-noCR,1500Mt-noCostDecrease,TX,missing,coal_subpeak_conv pul_retire_2020,missing,missing,missing,missing,missing,missing,missing,missing,EJ
3083,0.13976153,0.24806921,0.34863781,0.346336369,0.351869135,0.30291744,0.290607845,0.1448038599999999,0.1249669798,CDRIA-2050-noCR,1500Mt-noCostDecrease,TX,missing,gas_base_CC,missing,missing,missing,missing,missing,missing,missing,missing,EJ
3084,0.0,0.0,0.0,0.0052254799999999,0.043868866,0.092660679,0.1093733289999999,0.1591871153,0.2014663958999999,CDRIA-2050-noCR,1500Mt-noCostDecrease,TX,missing,gas_base_CC_CCS,missing,missing,missing,missing,missing,missing,missing,missing,EJ
3085,0.19027779,0.3377326,0.4192504099999999,0.406271006,0.3646066169999999,0.305473649,0.288913011,0.260078074,0.2470233349999999,CDRIA-2050-noCR,1500Mt-noCostDecrease,TX,missing,gas_int_CC,missing,missing,missing,missing,missing,missing,missing,missing,EJ
3086,0.0,0.0,0.0,0.0028873018,0.0090778443,0.0179157762,0.0229626318,0.0409459638,0.0584703118,CDRIA-2050-noCR,1500Mt-noCostDecrease,TX,missing,gas_int_CC_CCS,missing,missing,missing,missing,missing,missing,missing,missing,EJ
3087,0.0022480229,0.0051385652,0.0044396282989999,0.0040395952289,0.0032671232382,0.0023273266743,0.0019634254821,0.0013232457768999,0.0009080888923000002,CDRIA-2050-noCR,1500Mt-noCostDecrease,TX,missing,gas_peak_CC,missing,missing,missing,missing,missing,missing,missing,missing,EJ
3088,0.0,0.0,0.0,2.6013936e-07,6.927202199999999e-07,1.15310761e-06,1.4440806700000005e-06,2.3541444599999995e-06,4.208666300000001e-06,CDRIA-2050-noCR,1500Mt-noCostDecrease,TX,missing,gas_peak_CC_CCS,missing,missing,missing,missing,missing,missing,missing,missing,EJ
3089,0.001665368,0.0018074519999999,0.00227225427,0.001962112031,0.000835937608,0.0003428635755,0.00036502888400000014,0.0001944373157,0.0001062452178,CDRIA-2050-noCR,1500Mt-noCostDecrease,TX,missing,gas_peak_steam/CT,missing,missing,missing,missing,missing,missing,missing,missing,EJ
3090,0.015837197,0.036201181,0.01616076939,0.0148410394699999,0.012418098,0.0093789500099999,0.00801234058,0.0066024997899999,0.0053141934199999,CDRIA-2050-noCR,1500Mt-noCostDecrease,TX,missing,gas_subpeak_CC,missing,missing,missing,missing,missing,missing,missing,missing,EJ
3091,0.0,0.0,0.0,1.0251541e-05,2.8802361e-05,4.8153751000000006e-05,6.443030599999999e-05,0.000230526777,0.00031744560500000004,CDRIA-2050-noCR,1500Mt-noCostDecrease,TX,missing,gas_subpeak_CC_CCS,missing,missing,missing,missing,missing,missing,missing,missing,EJ
3092,0.01173252,0.01273353,0.0084847494,0.00752134777,0.0037281159699999,0.00173890962,0.0018884938099999,0.00157739456,0.00105292236,CDRIA-2050-noCR,1500Mt-noCostDecrease,TX,missing,gas_subpeak_steam/CT,missing,missing,missing,missing,missing,missing,missing,missing,EJ
3093,0.006087,0.0048992,0.0041039,0.0040976,0.0040931,0.0040937,0.0040845,0.0040503,0.0040548,CDRIA-2050-noCR,1500Mt-noCostDecrease,TX,missing,hydro_base,missing,missing,missing,missing,missing,missing,missing,missing,EJ
3094,0.0605242,0.142692,0.147547,0.147549,0.147551,0.147551,0.147551,0.14755,0.0336911,CDRIA-2050-noCR,1500Mt-noCostDecrease,TX,missing,nuc_base_Gen II,missing,missing,missing,missing,missing,missing,missing,missing,EJ
3095,0.0,0.0,0.0,0.0,0.0285148,0.0674771,0.0802061,0.120054,0.142834,CDRIA-2050-noCR,1500Mt-noCostDecrease,TX,missing,nuc_base_Gen III,missing,missing,missing,missing,missing,missing,missing,missing,EJ
3096,0.0002026179,0.0006556859999999999,2.09478e-05,3.68255e-05,2.97259e-05,2.30156e-05,1.810095e-05,3.63648e-06,2.22691e-06,CDRIA-2050-noCR,1500Mt-noCostDecrease,TX,missing,refined liquids_base_steam/CT,missing,missing,missing,missing,missing,missing,missing,missing,EJ
3097,0.001621039,0.00524538,0.0,0.0,0.0,0.0,0.0,0.0,0.0,CDRIA-2050-noCR,1500Mt-noCostDecrease,TX,missing,refined liquids_int_steam/CT,missing,missing,missing,missing,missing,missing,missing,missing,EJ
3098,0.0002026178,0.0006556859999999999,0.0,0.0,0.0,0.0,0.0,0.0,0.0,CDRIA-2050-noCR,1500Mt-noCostDecrease,TX,missing,refined liquids_subpeak_steam/CT,missing,missing,missing,missing,missing,missing,missing,missing,EJ
3099,0.0,0.0,0.00170285,0.020747,0.0399161,0.0458395,0.0562205,0.0651696,0.0779046,CDRIA-2050-noCR,1500Mt-noCostDecrease,TX,missing,rooftop_pv,missing,missing,missing,missing,missing,missing,missing,missing,EJ
3100,0.0,0.015314,0.1429614,0.1687441,0.3296041,0.4835491,0.5345926,0.6121201000000001,0.7130682,CDRIA-2050-noCR,1500Mt-noCostDecrease,TX,missing,wind_base,missing,missing,missing,missing,missing,missing,missing,missing,EJ
3101,0.0,0.0,0.0,0.00110823,0.01773443,0.03937213,0.04769807,0.07786907,0.10491694,CDRIA-2050-noCR,1500Mt-noCostDecrease,TX,missing,wind_base_offshore,missing,missing,missing,missing,missing,missing,missing,missing,EJ
3102,0.0,0.0,0.000900298,0.001336519,0.004377619,0.008250689,0.009484379,0.013314859,0.015776361,CDRIA-2050-noCR,1500Mt-noCostDecrease,TX,missing,wind_base_storage,missing,missing,missing,missing,missing,missing,missing,missing,EJ
3103,0.0,0.0,0.0408373,0.0408373,0.0408373,0.0408373,0.0408373,0.0,0.0,CDRIA-2050-noCR,1500Mt-noCostDecrease,TX,missing,wind_int,missing,missing,missing,missing,missing,missing,missing,missing,EJ
3104,0.0,0.0,0.0245024,0.0245024,0.0245024,0.0245024,0.0245024,0.0,0.0,CDRIA-2050-noCR,1500Mt-noCostDecrease,TX,missing,wind_subpeak,missing,missing,missing,missing,missing,missing,missing,missing,EJ
3105,0.0,0.0,0.000127676,0.000254144,0.000564665,0.00091071,0.001101383,0.001508663,0.001640366,CDRIA-2050-noCR,1500Mt-noCostDecrease,UT,missing,CSP_base_storage,missing,missing,missing,missing,missing,missing,missing,missing,EJ
3106,0.0,0.0,0.0068408,0.0109756,0.0204994,0.03776192,0.04640246,0.06292182,0.08098502,CDRIA-2050-noCR,1500Mt-noCostDecrease,UT,missing,CSP_int,missing,missing,missing,missing,missing,missing,missing,missing,EJ
3107,0.0,0.0,3.54224e-05,5.5746200000000005e-05,0.0001084732,0.00017094019999999997,0.0002102716,0.00027248679999999995,0.0003749406,CDRIA-2050-noCR,1500Mt-noCostDecrease,UT,missing,CSP_peak,missing,missing,missing,missing,missing,missing,missing,missing,EJ
3108,0.000104102,9.3601e-05,0.000778234,0.000922451,0.001287513,0.001745347,0.002055183,0.002458953,0.0032087809999999,CDRIA-2050-noCR,1500Mt-noCostDecrease,UT,missing,CSP_subpeak,missing,missing,missing,missing,missing,missing,missing,missing,EJ
3109,0.0,0.0,2.12616e-05,4.41389e-05,0.0001023745,0.0001688534,0.0002060752,0.0002864329,0.00031671280000000003,CDRIA-2050-noCR,1500Mt-noCostDecrease,UT,missing,PV_base_storage,missing,missing,missing,missing,missing,missing,missing,missing,EJ
3110,0.0,0.0,0.040903,0.0660775,0.1111354,0.1621531,0.1843421,0.2193925,0.2292906,CDRIA-2050-noCR,1500Mt-noCostDecrease,UT,missing,PV_int,missing,missing,missing,missing,missing,missing,missing,missing,EJ
3111,0.0,0.0,0.0002118,0.00033554,0.000584996,0.0007696109999999999,0.0008706139999999999,0.001002621,0.00107207,CDRIA-2050-noCR,1500Mt-noCostDecrease,UT,missing,PV_peak,missing,missing,missing,missing,missing,missing,missing,missing,EJ
3112,0.0,0.0,0.001475258,0.002353315,0.004080455,0.005433535,0.0062291989999999,0.008116491,0.008773301,CDRIA-2050-noCR,1500Mt-noCostDecrease,UT,missing,PV_subpeak,missing,missing,missing,missing,missing,missing,missing,missing,EJ
3113,0.0,0.0,6.68378e-05,7.7449566e-05,0.000205672003,0.000249948701,0.00015223408099999998,0.000319268812,0.000209974157,CDRIA-2050-noCR,1500Mt-noCostDecrease,UT,missing,biogas_base_CC,missing,missing,missing,missing,missing,missing,missing,missing,EJ
3114,0.0,0.0,0.0,4.13285e-05,0.000145070885,0.000235358442,0.00014662705,0.000425041556,0.00030988036100000003,CDRIA-2050-noCR,1500Mt-noCostDecrease,UT,missing,biogas_base_CC_CCS,missing,missing,missing,missing,missing,missing,missing,missing,EJ
3115,0.0,0.0,0.00132261,0.0006017616,0.0011482352,0.0023155602,0.0015766603,0.0029539854,0.0041062186,CDRIA-2050-noCR,1500Mt-noCostDecrease,UT,missing,biogas_int_CC,missing,missing,missing,missing,missing,missing,missing,missing,EJ
3116,0.0,0.0,0.0,0.00021252,0.00051415324,0.0012953853,0.0009477651,0.0025161595,0.0040125447,CDRIA-2050-noCR,1500Mt-noCostDecrease,UT,missing,biogas_int_CC_CCS,missing,missing,missing,missing,missing,missing,missing,missing,EJ
3117,0.0,0.0,1.75084e-07,1.0362837e-07,2.2921812000000002e-07,2.9788941e-07,2.0163868e-07,3.3702027e-07,6.649161700000001e-07,CDRIA-2050-noCR,1500Mt-noCostDecrease,UT,missing,biogas_peak_CC,missing,missing,missing,missing,missing,missing,missing,missing,EJ
3118,0.0,0.0,0.0,1.51042e-08,3.5419508e-08,4.8899538e-08,3.4695248e-08,7.252261000000002e-08,1.4385477e-07,CDRIA-2050-noCR,1500Mt-noCostDecrease,UT,missing,biogas_peak_CC_CCS,missing,missing,missing,missing,missing,missing,missing,missing,EJ
3119,0.0,0.0,1.629233e-07,9.01642e-08,1.9473840000000005e-07,2.40317679e-07,1.4666510100000005e-07,2.44731551e-07,5.11421219e-07,CDRIA-2050-noCR,1500Mt-noCostDecrease,UT,missing,biogas_peak_steam/CT,missing,missing,missing,missing,missing,missing,missing,missing,EJ
3120,0.0,0.0,4.25685e-06,3.081843e-06,6.8916074e-06,9.588486e-06,7.202156e-06,2.1180783e-05,2.1962029000000004e-05,CDRIA-2050-noCR,1500Mt-noCostDecrease,UT,missing,biogas_subpeak_CC,missing,missing,missing,missing,missing,missing,missing,missing,EJ
3121,0.0,0.0,0.0,6.2076e-07,1.5572265e-06,2.4212041e-06,1.9217517e-06,6.8748880000000005e-06,8.528054e-06,CDRIA-2050-noCR,1500Mt-noCostDecrease,UT,missing,biogas_subpeak_CC_CCS,missing,missing,missing,missing,missing,missing,missing,missing,EJ
3122,0.0,0.0,2.88148e-06,1.96600676e-06,4.348752707e-06,5.69938418e-06,3.78155476e-06,1.2100173630000003e-05,1.1780254970000004e-05,CDRIA-2050-noCR,1500Mt-noCostDecrease,UT,missing,biogas_subpeak_steam/CT,missing,missing,missing,missing,missing,missing,missing,missing,EJ
3123,0.0,0.0,1.8787790000000003e-05,2.722203e-05,5.741165e-05,0.00010735446,0.00012725663,0.00023992915000000005,0.00025511911999999995,CDRIA-2050-noCR,1500Mt-noCostDecrease,UT,missing,biomass_base_IGCC,missing,missing,missing,missing,missing,missing,missing,missing,EJ
3124,0.0,0.0,0.0,7.67813e-06,4.265252e-05,0.00018948982,0.00027993253,0.00147693456,0.00255337737,CDRIA-2050-noCR,1500Mt-noCostDecrease,UT,missing,biomass_base_IGCC_CCS,missing,missing,missing,missing,missing,missing,missing,missing,EJ
3125,0.0,0.000107302,5.677428e-05,6.397318e-05,0.0001054097,0.00016650466,0.00016831017,0.00029485486,0.000264552193,CDRIA-2050-noCR,1500Mt-noCostDecrease,UT,missing,biomass_base_conv,missing,missing,missing,missing,missing,missing,missing,missing,EJ
3126,0.0,0.0,0.0,8.76807e-06,6.061048e-05,0.00041138131,0.0006014636699999999,0.00719455855,0.01337635276,CDRIA-2050-noCR,1500Mt-noCostDecrease,UT,missing,biomass_base_conv_CCS,missing,missing,missing,missing,missing,missing,missing,missing,EJ
3127,0.0,0.0,3.54534e-05,4.612943e-05,6.955242e-05,0.00013126212,0.00016546626999999997,0.00025518387,0.00040487631,CDRIA-2050-noCR,1500Mt-noCostDecrease,UT,missing,biomass_int_IGCC,missing,missing,missing,missing,missing,missing,missing,missing,EJ
3128,0.0,0.0,0.0,5.7575e-06,2.022753e-05,7.005483e-05,0.00010008203,0.00021119964,0.00041781967,CDRIA-2050-noCR,1500Mt-noCostDecrease,UT,missing,biomass_int_IGCC_CCS,missing,missing,missing,missing,missing,missing,missing,missing,EJ
3129,0.0,0.0001073004,0.0001672986,0.0001955658,0.0002365283,0.0003860522,0.0004375023,0.0006036290000000001,0.0008603034000000001,CDRIA-2050-noCR,1500Mt-noCostDecrease,UT,missing,biomass_int_conv,missing,missing,missing,missing,missing,missing,missing,missing,EJ
3130,0.0,0.0,0.0,8.74709e-06,3.359303e-05,0.00013343167,0.00019046059,0.00044440541,0.00091018172,CDRIA-2050-noCR,1500Mt-noCostDecrease,UT,missing,biomass_int_conv_CCS,missing,missing,missing,missing,missing,missing,missing,missing,EJ
3131,0.0,0.0,0.0,0.000361437,0.000931203,0.001549217,0.0019359709999999,0.002664272,0.003152694,CDRIA-2050-noCR,1500Mt-noCostDecrease,UT,missing,coal_base_IGCC_CCS,missing,missing,missing,missing,missing,missing,missing,missing,EJ
3132,0.0342512,0.0407382,0.0,0.0,0.0,0.0,0.0,0.0,0.0,CDRIA-2050-noCR,1500Mt-noCostDecrease,UT,missing,coal_base_conv pul,missing,missing,missing,missing,missing,missing,missing,missing,EJ
3133,0.0,0.0,0.00220598,0.00220281,0.00121906,0.000143714,0.000166707,1.04518e-05,3.74653e-06,CDRIA-2050-noCR,1500Mt-noCostDecrease,UT,missing,coal_base_conv pul 1971-1975,missing,missing,missing,missing,missing,missing,missing,missing,EJ
3134,0.0,0.0,0.00643091,0.00642428,0.00356172,0.00042328,0.0005083,3.63449e-05,1.82445e-05,CDRIA-2050-noCR,1500Mt-noCostDecrease,UT,missing,coal_base_conv pul 1976-1980,missing,missing,missing,missing,missing,missing,missing,missing,EJ
3135,0.0,0.0,0.00244697,0.00244474,0.00135615,0.000161561,0.000196121,1.46821e-05,8.69889e-06,CDRIA-2050-noCR,1500Mt-noCostDecrease,UT,missing,coal_base_conv pul 1981-1985,missing,missing,missing,missing,missing,missing,missing,missing,EJ
3136,0.0,0.0,0.00986733,0.00922186,0.00396776,0.000235841,0.0,0.0,0.0,CDRIA-2050-noCR,1500Mt-noCostDecrease,UT,missing,coal_base_conv pul 1986-1990,missing,missing,missing,missing,missing,missing,missing,missing,EJ
3137,0.0,0.0,0.000342011,0.000341717,0.000189599,2.26095e-05,2.75671e-05,2.10429e-06,1.35357e-06,CDRIA-2050-noCR,1500Mt-noCostDecrease,UT,missing,coal_base_conv pul 1991-1995,missing,missing,missing,missing,missing,missing,missing,missing,EJ
3138,0.0,0.0,0.0,0.000439211,0.0010762699999999,0.00172157,0.00211493,0.002784326,0.003221878,CDRIA-2050-noCR,1500Mt-noCostDecrease,UT,missing,coal_base_conv pul_CCS,missing,missing,missing,missing,missing,missing,missing,missing,EJ
3139,0.00703344,0.00836555,0.0,0.0,0.0,0.0,0.0,0.0,0.0,CDRIA-2050-noCR,1500Mt-noCostDecrease,UT,missing,coal_base_conv pul_retire_2020,missing,missing,missing,missing,missing,missing,missing,missing,EJ
3140,0.0,0.0,0.0,0.000252797,0.000573381,0.001172495,0.00147524,0.002094797,0.0030386709999999,CDRIA-2050-noCR,1500Mt-noCostDecrease,UT,missing,coal_int_IGCC_CCS,missing,missing,missing,missing,missing,missing,missing,missing,EJ
3141,0.0507382,0.0734219,0.0,0.0,0.0,0.0,0.0,0.0,0.0,CDRIA-2050-noCR,1500Mt-noCostDecrease,UT,missing,coal_int_conv pul,missing,missing,missing,missing,missing,missing,missing,missing,EJ
3142,0.0,0.0,0.00772743,0.00772209,0.00675107,0.00328295,0.00366378,0.000843988,0.000370424,CDRIA-2050-noCR,1500Mt-noCostDecrease,UT,missing,coal_int_conv pul 1971-1975,missing,missing,missing,missing,missing,missing,missing,missing,EJ
3143,0.0,0.0,0.0225271,0.0225207,0.0197245,0.00966923,0.0111711,0.00293486,0.00180385,CDRIA-2050-noCR,1500Mt-noCostDecrease,UT,missing,coal_int_conv pul 1976-1980,missing,missing,missing,missing,missing,missing,missing,missing,EJ
3144,0.0,0.0,0.00857161,0.00857021,0.00751023,0.00369062,0.00431022,0.00118559,0.00086007,CDRIA-2050-noCR,1500Mt-noCostDecrease,UT,missing,coal_int_conv pul 1981-1985,missing,missing,missing,missing,missing,missing,missing,missing,EJ
3145,0.0,0.0,0.0345648,0.0323278,0.0219731,0.00538744,0.0,0.0,0.0,CDRIA-2050-noCR,1500Mt-noCostDecrease,UT,missing,coal_int_conv pul 1986-1990,missing,missing,missing,missing,missing,missing,missing,missing,EJ
3146,0.0,0.0,0.00119805,0.00119791,0.00104998,0.000516482,0.000605853,0.000169922,0.000133829,CDRIA-2050-noCR,1500Mt-noCostDecrease,UT,missing,coal_int_conv pul 1991-1995,missing,missing,missing,missing,missing,missing,missing,missing,EJ
3147,0.0,0.0,0.0,0.000322803,0.000700307,0.001362162,0.00168187,0.002306222,0.003230649,CDRIA-2050-noCR,1500Mt-noCostDecrease,UT,missing,coal_int_conv pul_CCS,missing,missing,missing,missing,missing,missing,missing,missing,EJ
3148,0.010419,0.0150771,0.0,0.0,0.0,0.0,0.0,0.0,0.0,CDRIA-2050-noCR,1500Mt-noCostDecrease,UT,missing,coal_int_conv pul_retire_2020,missing,missing,missing,missing,missing,missing,missing,missing,EJ
3149,0.00137017,0.0,0.0,0.0,0.0,0.0,0.0,0.0,0.0,CDRIA-2050-noCR,1500Mt-noCostDecrease,UT,missing,coal_peak_conv pul,missing,missing,missing,missing,missing,missing,missing,missing,EJ
3150,0.000281363,0.0,0.0,0.0,0.0,0.0,0.0,0.0,0.0,CDRIA-2050-noCR,1500Mt-noCostDecrease,UT,missing,coal_peak_conv pul_retire_2020,missing,missing,missing,missing,missing,missing,missing,missing,EJ
3151,0.0096208,0.0,0.0,0.0,0.0,0.0,0.0,0.0,0.0,CDRIA-2050-noCR,1500Mt-noCostDecrease,UT,missing,coal_subpeak_conv pul,missing,missing,missing,missing,missing,missing,missing,missing,EJ
3152,0.00197562,0.0,0.0,0.0,0.0,0.0,0.0,0.0,0.0,CDRIA-2050-noCR,1500Mt-noCostDecrease,UT,missing,coal_subpeak_conv pul_retire_2020,missing,missing,missing,missing,missing,missing,missing,missing,EJ
3153,0.0,0.0,0.00626496,0.00853483,0.009912173,0.007946291,0.008520185,0.0043821576,0.0031907195,CDRIA-2050-noCR,1500Mt-noCostDecrease,UT,missing,gas_base_CC,missing,missing,missing,missing,missing,missing,missing,missing,EJ
3154,0.0,0.0,0.0,0.000863148,0.002838837,0.004882592,0.0060626049999999,0.008351725,0.009376666,CDRIA-2050-noCR,1500Mt-noCostDecrease,UT,missing,gas_base_CC_CCS,missing,missing,missing,missing,missing,missing,missing,missing,EJ
3155,0.0002077063,0.00394221,0.04093114,0.04886844,0.05575056,0.0630376,0.0672204499999999,0.06739714,0.07337004,CDRIA-2050-noCR,1500Mt-noCostDecrease,UT,missing,gas_int_CC,missing,missing,missing,missing,missing,missing,missing,missing,EJ
3156,0.0,0.0,0.0,0.001805473,0.005024107,0.0105928009999999,0.013334101,0.018684552,0.0264123749999999,CDRIA-2050-noCR,1500Mt-noCostDecrease,UT,missing,gas_int_CC_CCS,missing,missing,missing,missing,missing,missing,missing,missing,EJ
3157,5.69976e-06,0.000138804,0.000324583306,0.00029483349000000004,0.00023689192400000003,0.00017414494,0.000141079671,8.058277e-05,5.1389448e-05,CDRIA-2050-noCR,1500Mt-noCostDecrease,UT,missing,gas_peak_CC,missing,missing,missing,missing,missing,missing,missing,missing,EJ
3158,0.0,0.0,0.0,4.17815e-08,1.0095730000000001e-07,1.7443099999999998e-07,2.190085e-07,2.967364e-07,4.6424600000000004e-07,CDRIA-2050-noCR,1500Mt-noCostDecrease,UT,missing,gas_peak_CC_CCS,missing,missing,missing,missing,missing,missing,missing,missing,EJ
3159,4.19983e-06,4.88014e-05,0.0001504101,0.00012818323300000002,5.733344299999999e-05,2.7782517e-05,2.4808034e-05,8.809054e-06,5.5913036e-06,CDRIA-2050-noCR,1500Mt-noCostDecrease,UT,missing,gas_peak_steam/CT,missing,missing,missing,missing,missing,missing,missing,missing,EJ
3160,3.97008e-05,0.00096991,0.001780584,0.00164441078,0.0013896211799999,0.00110199916,0.00092370278,0.00064227153,0.00049261968,CDRIA-2050-noCR,1500Mt-noCostDecrease,UT,missing,gas_subpeak_CC,missing,missing,missing,missing,missing,missing,missing,missing,EJ
3161,0.0,0.0,0.0,2.56965e-06,6.2909650000000005e-06,1.1074494e-05,1.4227115000000002e-05,2.4726522e-05,3.4910542e-05,CDRIA-2050-noCR,1500Mt-noCostDecrease,UT,missing,gas_subpeak_CC_CCS,missing,missing,missing,missing,missing,missing,missing,missing,EJ
3162,2.94006e-05,0.000341203,0.0008993660000000001,0.0007938716,0.0004297287,0.00024593041,0.00022933945000000005,0.00012012707,9.087239e-05,CDRIA-2050-noCR,1500Mt-noCostDecrease,UT,missing,gas_subpeak_steam/CT,missing,missing,missing,missing,missing,missing,missing,missing,EJ
3163,0.000566936,0.000759814,0.00251344,0.003000682,0.00399961,0.005328363,0.0061843359999999,0.006494401,0.007306198,CDRIA-2050-noCR,1500Mt-noCostDecrease,UT,missing,geo_base,missing,missing,missing,missing,missing,missing,missing,missing,EJ
3164,0.0013012,0.0028842,0.0032985,0.0032935,0.0032899,0.0032903,0.003283,0.0032554,0.0032591,CDRIA-2050-noCR,1500Mt-noCostDecrease,UT,missing,hydro_base,missing,missing,missing,missing,missing,missing,missing,missing,EJ
3165,0.0004244,0.0,0.0,0.0,0.0,0.0,0.0,0.0,0.0,CDRIA-2050-noCR,1500Mt-noCostDecrease,UT,missing,hydro_int,missing,missing,missing,missing,missing,missing,missing,missing,EJ
3166,0.0,0.0,7.171267000000001e-06,8.56142e-06,3.855052e-06,1.858867e-06,1.531534e-06,3.480383e-07,1.79911e-07,CDRIA-2050-noCR,1500Mt-noCostDecrease,UT,missing,refined liquids_base_steam/CT,missing,missing,missing,missing,missing,missing,missing,missing,EJ
3167,0.0001367043,0.0001284004,0.0,0.0,0.0,0.0,0.0,0.0,0.0,CDRIA-2050-noCR,1500Mt-noCostDecrease,UT,missing,refined liquids_int_steam/CT,missing,missing,missing,missing,missing,missing,missing,missing,EJ
3168,0.0,0.0,0.0,0.0,0.0,0.0,0.0,0.0,0.0,CDRIA-2050-noCR,1500Mt-noCostDecrease,UT,missing,refined liquids_peak_steam/CT,missing,missing,missing,missing,missing,missing,missing,missing,EJ
3169,3.4200670000000004e-05,3.210028e-05,0.0,0.0,0.0,0.0,0.0,0.0,0.0,CDRIA-2050-noCR,1500Mt-noCostDecrease,UT,missing,refined liquids_subpeak_steam/CT,missing,missing,missing,missing,missing,missing,missing,missing,EJ
3170,0.0,0.0,0.000149098,0.00113215,0.00183774,0.00291627,0.00397806,0.00449473,0.00496027,CDRIA-2050-noCR,1500Mt-noCostDecrease,UT,missing,rooftop_pv,missing,missing,missing,missing,missing,missing,missing,missing,EJ
3171,0.0,0.0,0.00512449,0.01128732,0.02595772,0.04138102,0.0500885899999999,0.06577838,0.0744765999999999,CDRIA-2050-noCR,1500Mt-noCostDecrease,UT,missing,wind_base,missing,missing,missing,missing,missing,missing,missing,missing,EJ
3172,0.0,0.0,6.57413e-05,0.0001953123,0.0005120122999999999,0.0008676062999999999,0.0010668163,0.0014919503,0.001698288,CDRIA-2050-noCR,1500Mt-noCostDecrease,UT,missing,wind_base_storage,missing,missing,missing,missing,missing,missing,missing,missing,EJ
3173,0.0,0.0,5.47525e-08,1.259323e-07,4.368383e-07,9.278133e-07,1.2172423e-06,1.6242923e-06,1.9492788000000003e-06,CDRIA-2050-noCR,1500Mt-noCostDecrease,VT,missing,PV_base_storage,missing,missing,missing,missing,missing,missing,missing,missing,EJ
3174,0.0,0.0,0.000547634,0.001126328,0.002145208,0.003015671,0.003647101,0.004639308,0.004574169,CDRIA-2050-noCR,1500Mt-noCostDecrease,VT,missing,PV_int,missing,missing,missing,missing,missing,missing,missing,missing,EJ
3175,0.0,0.0,1.18741e-08,2.34951e-08,4.41943e-08,5.84601e-08,6.655746999999999e-08,8.526137e-08,8.849247e-08,CDRIA-2050-noCR,1500Mt-noCostDecrease,VT,missing,PV_peak,missing,missing,missing,missing,missing,missing,missing,missing,EJ
3176,0.0,0.0,0.0002397566,0.0002512622,0.0002674694,0.0002791476,0.00028624593,8.595923e-05,8.258047999999999e-05,CDRIA-2050-noCR,1500Mt-noCostDecrease,VT,missing,PV_subpeak,missing,missing,missing,missing,missing,missing,missing,missing,EJ
3177,0.0,0.0,3.05336e-07,4.2187324e-07,1.90418027e-06,3.21686454e-06,2.1684611e-06,2.88880309e-06,2.77712215e-06,CDRIA-2050-noCR,1500Mt-noCostDecrease,VT,missing,biogas_base_CC,missing,missing,missing,missing,missing,missing,missing,missing,EJ
3178,0.0,0.0,0.0,2.19705e-07,1.29308427e-06,2.85230015e-06,1.97321878e-06,3.60154603e-06,3.79751011e-06,CDRIA-2050-noCR,1500Mt-noCostDecrease,VT,missing,biogas_base_CC_CCS,missing,missing,missing,missing,missing,missing,missing,missing,EJ
3179,0.0,0.0,3.04829e-05,2.273634e-05,4.788096e-05,8.918338e-05,0.00011600460999999998,0.0002151589,0.00022223553,CDRIA-2050-noCR,1500Mt-noCostDecrease,VT,missing,biogas_int_CC,missing,missing,missing,missing,missing,missing,missing,missing,EJ
3180,0.0,0.0,0.0,7.77049e-06,2.0617862e-05,4.607485e-05,6.276655e-05,0.00015038003999999998,0.00017755516,CDRIA-2050-noCR,1500Mt-noCostDecrease,VT,missing,biogas_int_CC_CCS,missing,missing,missing,missing,missing,missing,missing,missing,EJ
3181,0.0,0.0,2.91176e-08,4.688242e-08,1.2084407e-07,1.7799327e-07,1.9977067e-07,6.7950906e-07,5.5390118e-07,CDRIA-2050-noCR,1500Mt-noCostDecrease,VT,missing,biogas_subpeak_CC,missing,missing,missing,missing,missing,missing,missing,missing,EJ
3182,0.0,0.0,0.0,9.66218e-09,2.7667688e-08,4.529285e-08,5.297323e-08,2.1271771000000002e-07,2.224965e-07,CDRIA-2050-noCR,1500Mt-noCostDecrease,VT,missing,biogas_subpeak_CC_CCS,missing,missing,missing,missing,missing,missing,missing,missing,EJ
3183,0.0,0.0,1.926961e-08,2.935103e-08,7.39723e-08,9.5392594e-08,7.969732000000001e-08,3.43017161e-07,1.5582661199999998e-07,CDRIA-2050-noCR,1500Mt-noCostDecrease,VT,missing,biogas_subpeak_steam/CT,missing,missing,missing,missing,missing,missing,missing,missing,EJ
3184,0.0,0.0,1.601028e-05,2.348879e-05,5.01059e-05,9.346073e-05,0.00011409026,0.00014305245,0.00016444592000000005,CDRIA-2050-noCR,1500Mt-noCostDecrease,VT,missing,biomass_base_IGCC,missing,missing,missing,missing,missing,missing,missing,missing,EJ
3185,0.0,0.0,0.0,4.51386e-06,2.814701e-05,0.00011905136,0.00016442136000000002,0.00040554502,0.00063667433,CDRIA-2050-noCR,1500Mt-noCostDecrease,VT,missing,biomass_base_IGCC_CCS,missing,missing,missing,missing,missing,missing,missing,missing,EJ
3186,0.0001225026,0.000730006,0.0002456556,0.000295523,0.0003714483,0.0004297638,0.0003872155,0.00027542955,0.00024233705,CDRIA-2050-noCR,1500Mt-noCostDecrease,VT,missing,biomass_base_conv,missing,missing,missing,missing,missing,missing,missing,missing,EJ
3187,0.0,0.0,0.0,4.96626e-06,3.784303e-05,0.00022704916,0.00031075906,0.00121511749,0.00205707512,CDRIA-2050-noCR,1500Mt-noCostDecrease,VT,missing,biomass_base_conv_CCS,missing,missing,missing,missing,missing,missing,missing,missing,EJ
3188,0.0,0.0,1.441748e-05,1.873294e-05,2.494596e-05,3.444788e-05,4.307111e-05,5.971140999999999e-05,6.815855e-05,CDRIA-2050-noCR,1500Mt-noCostDecrease,VT,missing,biomass_int_IGCC,missing,missing,missing,missing,missing,missing,missing,missing,EJ
3189,0.0,0.0,0.0,1.893202e-06,5.38421e-06,1.2518042e-05,1.9117042e-05,3.7725222e-05,4.8002844e-05,CDRIA-2050-noCR,1500Mt-noCostDecrease,VT,missing,biomass_int_IGCC_CCS,missing,missing,missing,missing,missing,missing,missing,missing,EJ
3190,0.0001225025,0.000730004,0.0006138894,0.0006131690999999999,0.0005841646000000001,0.0006044548,0.000550023,0.0004974362,0.0004193638,CDRIA-2050-noCR,1500Mt-noCostDecrease,VT,missing,biomass_int_conv,missing,missing,missing,missing,missing,missing,missing,missing,EJ
3191,0.0,0.0,0.0,2.81029e-06,8.62913e-06,2.235084e-05,3.436274e-05,7.43182e-05,9.588252e-05,CDRIA-2050-noCR,1500Mt-noCostDecrease,VT,missing,biomass_int_conv_CCS,missing,missing,missing,missing,missing,missing,missing,missing,EJ
3192,0.0,0.0,0.0,8.86633e-07,4.528886999999999e-06,9.948528e-06,1.3320062e-05,1.6616448e-05,2.0156056e-05,CDRIA-2050-noCR,1500Mt-noCostDecrease,VT,missing,coal_base_IGCC_CCS,missing,missing,missing,missing,missing,missing,missing,missing,EJ
3193,0.0,0.0,0.0,9.73791e-07,4.709174e-06,9.916792e-06,1.3010901e-05,1.5269485e-05,1.7982282000000003e-05,CDRIA-2050-noCR,1500Mt-noCostDecrease,VT,missing,coal_base_conv pul_CCS,missing,missing,missing,missing,missing,missing,missing,missing,EJ
3194,0.0,0.0,0.0,5.63529e-06,1.733501e-05,3.4789369999999994e-05,5.1638440000000006e-05,8.392203999999999e-05,0.00010093247000000002,CDRIA-2050-noCR,1500Mt-noCostDecrease,VT,missing,coal_int_IGCC_CCS,missing,missing,missing,missing,missing,missing,missing,missing,EJ
3195,0.0,0.0,0.0,6.848e-06,2.003313e-05,3.863232e-05,5.586475e-05,8.748108999999999e-05,0.00010362504,CDRIA-2050-noCR,1500Mt-noCostDecrease,VT,missing,coal_int_conv pul_CCS,missing,missing,missing,missing,missing,missing,missing,missing,EJ
3196,0.0,4.2000337e-06,1.1349012399999998e-05,2.16697866e-05,4.52212623e-05,5.9768213e-05,7.139788920000002e-05,4.878587822e-05,4.679767983e-05,CDRIA-2050-noCR,1500Mt-noCostDecrease,VT,missing,gas_base_CC,missing,missing,missing,missing,missing,missing,missing,missing,EJ
3197,0.0,0.0,0.0,3.503099e-06,1.8182608e-05,3.9656233e-05,5.2458061e-05,6.6848614e-05,8.021895799999998e-05,CDRIA-2050-noCR,1500Mt-noCostDecrease,VT,missing,gas_base_CC_CCS,missing,missing,missing,missing,missing,missing,missing,missing,EJ
3198,0.0001950038,6.900042999999999e-06,0.0004869730503,0.000796750731,0.0011904474197999,0.0015540403013,0.0019286203835,0.0023455589825999,0.0025392427816,CDRIA-2050-noCR,1500Mt-noCostDecrease,VT,missing,gas_int_CC,missing,missing,missing,missing,missing,missing,missing,missing,EJ
3199,0.0,0.0,0.0,6.067012e-05,0.00018146112,0.00034892071,0.0005077999299999999,0.00079589813,0.00094107377,CDRIA-2050-noCR,1500Mt-noCostDecrease,VT,missing,gas_int_CC_CCS,missing,missing,missing,missing,missing,missing,missing,missing,EJ
3200,0.0,1.0000667e-07,8.4276727e-08,7.609984099999999e-08,6.2196263e-08,4.9971515000000007e-08,4.1083744e-08,2.8303639e-08,1.9573925e-08,CDRIA-2050-noCR,1500Mt-noCostDecrease,VT,missing,gas_peak_CC,missing,missing,missing,missing,missing,missing,missing,missing,EJ
3201,0.0,0.0,0.0,0.0,0.0,0.0,0.0,0.0,0.0,CDRIA-2050-noCR,1500Mt-noCostDecrease,VT,missing,gas_peak_steam/CT,missing,missing,missing,missing,missing,missing,missing,missing,EJ
3202,1.2400301e-05,7.000104000000001e-07,4.9687062e-07,7.174815200000001e-07,1.18132926e-06,1.6387484e-06,2.0424219500000008e-06,3.49732581e-06,3.907697820000001e-06,CDRIA-2050-noCR,1500Mt-noCostDecrease,VT,missing,gas_subpeak_CC,missing,missing,missing,missing,missing,missing,missing,missing,EJ
3203,0.0,0.0,0.0,2.804947e-08,9.789839e-08,1.8521163e-07,2.546969300000001e-07,5.725637e-07,6.875832899999999e-07,CDRIA-2050-noCR,1500Mt-noCostDecrease,VT,missing,gas_subpeak_CC_CCS,missing,missing,missing,missing,missing,missing,missing,missing,EJ
3204,9.20022e-06,2.000032e-07,2.765131e-07,4.1004340000000004e-07,5.844387e-07,7.163244700000001e-07,9.7500542e-07,1.5492080100000002e-06,1.4480945e-06,CDRIA-2050-noCR,1500Mt-noCostDecrease,VT,missing,gas_subpeak_steam/CT,missing,missing,missing,missing,missing,missing,missing,missing,EJ
3205,0.0045748,0.0043738,0.0048894,0.0048819,0.0048766,0.0048773,0.0048664,0.0048255,0.0048309,CDRIA-2050-noCR,1500Mt-noCostDecrease,VT,missing,hydro_base,missing,missing,missing,missing,missing,missing,missing,missing,EJ
3206,0.0137998,0.0151965,0.0,0.0,0.0,0.0,0.0,0.0,0.0,CDRIA-2050-noCR,1500Mt-noCostDecrease,VT,missing,nuc_base_Gen II,missing,missing,missing,missing,missing,missing,missing,missing,EJ
3207,1.400031e-06,2.600023e-06,3.13702e-06,3.462577e-06,2.158133e-06,1.31765e-06,1.126194e-06,2.505785e-07,1.483889e-07,CDRIA-2050-noCR,1500Mt-noCostDecrease,VT,missing,refined liquids_base_steam/CT,missing,missing,missing,missing,missing,missing,missing,missing,EJ
3208,1.2300249999999998e-05,2.090016e-05,0.0,0.0,0.0,0.0,0.0,0.0,0.0,CDRIA-2050-noCR,1500Mt-noCostDecrease,VT,missing,refined liquids_int_steam/CT,missing,missing,missing,missing,missing,missing,missing,missing,EJ
3209,3.000031e-07,0.0,0.0,0.0,0.0,0.0,0.0,0.0,0.0,CDRIA-2050-noCR,1500Mt-noCostDecrease,VT,missing,refined liquids_peak_steam/CT,missing,missing,missing,missing,missing,missing,missing,missing,EJ
3210,1.700041e-06,2.6000400000000004e-06,0.0,0.0,0.0,0.0,0.0,0.0,0.0,CDRIA-2050-noCR,1500Mt-noCostDecrease,VT,missing,refined liquids_subpeak_steam/CT,missing,missing,missing,missing,missing,missing,missing,missing,EJ
3211,0.0,0.0,6.8023e-06,6.2126e-05,0.000181164,0.000326869,0.00042595,0.000499429,0.000526858,CDRIA-2050-noCR,1500Mt-noCostDecrease,VT,missing,rooftop_pv,missing,missing,missing,missing,missing,missing,missing,missing,EJ
3212,0.0,4.16003e-05,0.0012460948,0.0013372378,0.0016318488,0.0020999448,0.0023884168,0.0016514168,0.0019883559999999,CDRIA-2050-noCR,1500Mt-noCostDecrease,VT,missing,wind_base,missing,missing,missing,missing,missing,missing,missing,missing,EJ
3213,0.0,0.0,1.4564e-06,3.32617e-06,8.83295e-06,1.7515160000000002e-05,2.265634e-05,3.0081260000000003e-05,3.549365e-05,CDRIA-2050-noCR,1500Mt-noCostDecrease,VT,missing,wind_base_storage,missing,missing,missing,missing,missing,missing,missing,missing,EJ
3214,0.0,0.0,6.05279e-05,6.127856e-05,0.00013111116,0.00030182016,0.00040545416,0.0005601531600000001,0.00058343696,CDRIA-2050-noCR,1500Mt-noCostDecrease,VA,missing,PV_base_storage,missing,missing,missing,missing,missing,missing,missing,missing,EJ
3215,0.0,0.0,0.00456071,0.00756321,0.01945831,0.03103431,0.037606,0.0499953,0.05524166,CDRIA-2050-noCR,1500Mt-noCostDecrease,VA,missing,PV_int,missing,missing,missing,missing,missing,missing,missing,missing,EJ
3216,0.0,0.0,0.000328287,0.00048278800000000005,0.000912898,0.001205295,0.001369688,0.001739079,0.001918543,CDRIA-2050-noCR,1500Mt-noCostDecrease,VA,missing,PV_peak,missing,missing,missing,missing,missing,missing,missing,missing,EJ
3217,0.0,0.0,0.00178814,0.002715847,0.005323447,0.007168647,0.008287607,0.011323377,0.012461997,CDRIA-2050-noCR,1500Mt-noCostDecrease,VA,missing,PV_subpeak,missing,missing,missing,missing,missing,missing,missing,missing,EJ
3218,0.0,0.0,0.000303924,7.58698e-06,0.000393068049,0.0010183953169999,0.000710622648,0.0010014851283,0.000572799333,CDRIA-2050-noCR,1500Mt-noCostDecrease,VA,missing,biogas_base_CC,missing,missing,missing,missing,missing,missing,missing,missing,EJ
3219,0.0,0.0,0.0,2.12349e-06,0.0002712258946,0.000952740964,0.000700936316,0.001411764262,0.0009579852461,CDRIA-2050-noCR,1500Mt-noCostDecrease,VA,missing,biogas_base_CC_CCS,missing,missing,missing,missing,missing,missing,missing,missing,EJ
3220,0.0,0.0,0.000214217,9.406268e-05,0.00036648085,0.0007061188,0.0007093724,0.0016736925,0.0020010375,CDRIA-2050-noCR,1500Mt-noCostDecrease,VA,missing,biogas_int_CC,missing,missing,missing,missing,missing,missing,missing,missing,EJ
3221,0.0,0.0,0.0,3.24395e-05,0.00016723622,0.00040160196,0.00043786229,0.0013595763,0.0019385083,CDRIA-2050-noCR,1500Mt-noCostDecrease,VA,missing,biogas_int_CC_CCS,missing,missing,missing,missing,missing,missing,missing,missing,EJ
3222,0.0,0.0,3.8232e-07,1.6703511e-07,4.8226022e-07,6.4430274e-07,5.893752000000001e-07,1.6076467e-06,2.556146e-06,CDRIA-2050-noCR,1500Mt-noCostDecrease,VA,missing,biogas_peak_CC,missing,missing,missing,missing,missing,missing,missing,missing,EJ
3223,0.0,0.0,0.0,2.34588e-08,7.357724400000002e-08,1.0461044e-07,1.0200056e-07,3.3837527e-07,6.035536799999999e-07,CDRIA-2050-noCR,1500Mt-noCostDecrease,VA,missing,biogas_peak_CC_CCS,missing,missing,missing,missing,missing,missing,missing,missing,EJ
3224,0.0,0.0,3.58399e-07,1.43143343e-07,4.1184176000000005e-07,5.05108526e-07,3.76240394e-07,1.099822317e-06,1.6520250590000002e-06,CDRIA-2050-noCR,1500Mt-noCostDecrease,VA,missing,biogas_peak_steam/CT,missing,missing,missing,missing,missing,missing,missing,missing,EJ
3225,0.0,0.0,9.67351e-06,4.5394090000000006e-06,1.2887262e-05,1.8327073e-05,1.8968647e-05,5.8130932e-05,7.596892e-05,CDRIA-2050-noCR,1500Mt-noCostDecrease,VA,missing,biogas_subpeak_CC,missing,missing,missing,missing,missing,missing,missing,missing,EJ
3226,0.0,0.0,0.0,8.60431e-07,2.8578921e-06,4.531431e-06,4.998566e-06,1.8719546e-05,2.914992e-05,CDRIA-2050-noCR,1500Mt-noCostDecrease,VA,missing,biogas_subpeak_CC_CCS,missing,missing,missing,missing,missing,missing,missing,missing,EJ
3227,0.0,0.0,6.600320000000001e-06,2.7937235399999995e-06,8.141096800000001e-06,1.046424094e-05,8.554903710000001e-06,2.96555803e-05,3.24452468e-05,CDRIA-2050-noCR,1500Mt-noCostDecrease,VA,missing,biogas_subpeak_steam/CT,missing,missing,missing,missing,missing,missing,missing,missing,EJ
3228,0.0,0.0,0.0001502912,0.000113105884,0.00021421052000000003,0.000500135232,0.000666031927,0.001067556437,0.001123204793,CDRIA-2050-noCR,1500Mt-noCostDecrease,VA,missing,biomass_base_IGCC,missing,missing,missing,missing,missing,missing,missing,missing,EJ
3229,0.0,0.0,0.0,5.76786e-07,8.599699099999999e-05,0.0007913298859999999,0.001239530886,0.005143818098,0.008031766872,CDRIA-2050-noCR,1500Mt-noCostDecrease,VA,missing,biomass_base_IGCC_CCS,missing,missing,missing,missing,missing,missing,missing,missing,EJ
3230,0.000829853,0.001897314,0.0007653229999999999,0.00110773493,0.00166813089,0.00206275706,0.0018707147599999,0.001678026636,0.001301602299,CDRIA-2050-noCR,1500Mt-noCostDecrease,VA,missing,biomass_base_conv,missing,missing,missing,missing,missing,missing,missing,missing,EJ
3231,0.0,0.0,0.0,6.46072e-07,0.000125007299,0.0017772900699999,0.002701572072,0.023753665827,0.040034469771,CDRIA-2050-noCR,1500Mt-noCostDecrease,VA,missing,biomass_base_conv_CCS,missing,missing,missing,missing,missing,missing,missing,missing,EJ
3232,0.0,0.0,0.0001013268,0.00011230279,0.00016050222,0.00025128301,0.00031327726999999994,0.00047284386000000006,0.0006073490399999999,CDRIA-2050-noCR,1500Mt-noCostDecrease,VA,missing,biomass_int_IGCC,missing,missing,missing,missing,missing,missing,missing,missing,EJ
3233,0.0,0.0,0.0,8.11524e-06,3.749252e-05,0.00010767979,0.00015882069,0.00035142975000000004,0.0005329259599999999,CDRIA-2050-noCR,1500Mt-noCostDecrease,VA,missing,biomass_int_IGCC_CCS,missing,missing,missing,missing,missing,missing,missing,missing,EJ
3234,0.000829848,0.001897313,0.002005938,0.0023144630999999,0.0021491483,0.0027247773,0.0025965135999999,0.0026262593,0.0024376049999999,CDRIA-2050-noCR,1500Mt-noCostDecrease,VA,missing,biomass_int_conv,missing,missing,missing,missing,missing,missing,missing,missing,EJ
3235,0.0,0.0,0.0,1.21273e-05,6.17605e-05,0.0002001714,0.0002957252,0.0007290191000000001,0.0011317524,CDRIA-2050-noCR,1500Mt-noCostDecrease,VA,missing,biomass_int_conv_CCS,missing,missing,missing,missing,missing,missing,missing,missing,EJ
3236,0.0,0.0,0.0,1.220837e-05,0.00094741728,0.0031510393299999,0.00462938915,0.00665361448,0.00776537187,CDRIA-2050-noCR,1500Mt-noCostDecrease,VA,missing,coal_base_IGCC_CCS,missing,missing,missing,missing,missing,missing,missing,missing,EJ
3237,0.02063652,0.0393576,0.0,0.0,0.0,0.0,0.0,0.0,0.0,CDRIA-2050-noCR,1500Mt-noCostDecrease,VA,missing,coal_base_conv pul,missing,missing,missing,missing,missing,missing,missing,missing,EJ
3238,0.0,0.0,0.0,0.0,0.0,0.0,0.0,0.0,0.0,CDRIA-2050-noCR,1500Mt-noCostDecrease,VA,missing,coal_base_conv pul 1951-1955,missing,missing,missing,missing,missing,missing,missing,missing,EJ
3239,0.0,0.0,0.0,0.0,0.0,0.0,0.0,0.0,0.0,CDRIA-2050-noCR,1500Mt-noCostDecrease,VA,missing,coal_base_conv pul 1956-1960,missing,missing,missing,missing,missing,missing,missing,missing,EJ
3240,0.0,0.0,0.00237663,0.00235609,0.001665373,0.000344161,0.000239904,0.0,0.0,CDRIA-2050-noCR,1500Mt-noCostDecrease,VA,missing,coal_base_conv pul 1961-1965,missing,missing,missing,missing,missing,missing,missing,missing,EJ
3241,0.0,0.0,0.00388872,0.00388083,0.00282373,0.0006548509999999999,0.000640624,3.0738600000000004e-05,0.0,CDRIA-2050-noCR,1500Mt-noCostDecrease,VA,missing,coal_base_conv pul 1966-1970,missing,missing,missing,missing,missing,missing,missing,missing,EJ
3242,0.0,0.0,0.0008163269999999999,0.00063295,0.0,0.0,0.0,0.0,0.0,CDRIA-2050-noCR,1500Mt-noCostDecrease,VA,missing,coal_base_conv pul 1986-1990,missing,missing,missing,missing,missing,missing,missing,missing,EJ
3243,0.0,0.0,0.00552214,0.00552025,0.00404689,0.000969827,0.001082579,7.773829999999999e-05,3.00447e-05,CDRIA-2050-noCR,1500Mt-noCostDecrease,VA,missing,coal_base_conv pul 1991-1995,missing,missing,missing,missing,missing,missing,missing,missing,EJ
3244,0.0,0.0,0.00688769,0.0068869299999999,0.0050541,0.001216883,0.001386774,0.0001087184,5.77759e-05,CDRIA-2050-noCR,1500Mt-noCostDecrease,VA,missing,coal_base_conv pul 1996-2000,missing,missing,missing,missing,missing,missing,missing,missing,EJ
3245,0.0,0.0,0.01030599,0.0103048799999999,0.00756248,0.001820902,0.002075472,0.0001628358,8.68341e-05,CDRIA-2050-noCR,1500Mt-noCostDecrease,VA,missing,coal_base_conv pul 2011-2015,missing,missing,missing,missing,missing,missing,missing,missing,EJ
3246,0.0,0.0,0.0,1.454119e-05,0.0010467053199999,0.00334121416,0.00483055154,0.00674840404,0.00775020191,CDRIA-2050-noCR,1500Mt-noCostDecrease,VA,missing,coal_base_conv pul_CCS,missing,missing,missing,missing,missing,missing,missing,missing,EJ
3247,0.01778357,0.0339166,0.0,0.0,0.0,0.0,0.0,0.0,0.0,CDRIA-2050-noCR,1500Mt-noCostDecrease,VA,missing,coal_base_conv pul_retire_2020,missing,missing,missing,missing,missing,missing,missing,missing,EJ
3248,0.0,0.0,0.0,3.23346e-05,0.000130859,0.0003018038,0.0004331069,0.0007646597,0.0010653325,CDRIA-2050-noCR,1500Mt-noCostDecrease,VA,missing,coal_int_IGCC_CCS,missing,missing,missing,missing,missing,missing,missing,missing,EJ
3249,0.0238415,0.0339706,0.0,0.0,0.0,0.0,0.0,0.0,0.0,CDRIA-2050-noCR,1500Mt-noCostDecrease,VA,missing,coal_int_conv pul,missing,missing,missing,missing,missing,missing,missing,missing,EJ
3250,0.0,0.0,0.0,0.0,0.0,0.0,0.0,0.0,0.0,CDRIA-2050-noCR,1500Mt-noCostDecrease,VA,missing,coal_int_conv pul 1951-1955,missing,missing,missing,missing,missing,missing,missing,missing,EJ
3251,0.0,0.0,0.0,0.0,0.0,0.0,0.0,0.0,0.0,CDRIA-2050-noCR,1500Mt-noCostDecrease,VA,missing,coal_int_conv pul 1956-1960,missing,missing,missing,missing,missing,missing,missing,missing,EJ
3252,0.0,0.0,0.000351268,0.000348184,0.00027727,0.000120311,9.86051e-05,0.0,0.0,CDRIA-2050-noCR,1500Mt-noCostDecrease,VA,missing,coal_int_conv pul 1961-1965,missing,missing,missing,missing,missing,missing,missing,missing,EJ
3253,0.0,0.0,0.000574754,0.000573509,0.000470125,0.00022892,0.000263309,6.344179999999999e-05,0.0,CDRIA-2050-noCR,1500Mt-noCostDecrease,VA,missing,coal_int_conv pul 1966-1970,missing,missing,missing,missing,missing,missing,missing,missing,EJ
3254,0.0,0.0,0.0001206535,9.35373e-05,0.0,0.0,0.0,0.0,0.0,CDRIA-2050-noCR,1500Mt-noCostDecrease,VA,missing,coal_int_conv pul 1986-1990,missing,missing,missing,missing,missing,missing,missing,missing,EJ
3255,0.0,0.0,0.0008161749999999999,0.0008157819999999999,0.000673771,0.00033903000000000004,0.00044496,0.0001604453,0.0001105385,CDRIA-2050-noCR,1500Mt-noCostDecrease,VA,missing,coal_int_conv pul 1991-1995,missing,missing,missing,missing,missing,missing,missing,missing,EJ
3256,0.0,0.0,0.001018003,0.001017751,0.000841462,0.000425395,0.00056999,0.000224386,0.000212565,CDRIA-2050-noCR,1500Mt-noCostDecrease,VA,missing,coal_int_conv pul 1996-2000,missing,missing,missing,missing,missing,missing,missing,missing,EJ
3257,0.0,0.0,0.001523229,0.001522856,0.001259084,0.000636546,0.00085306,0.00033608,0.000319474,CDRIA-2050-noCR,1500Mt-noCostDecrease,VA,missing,coal_int_conv pul 2011-2015,missing,missing,missing,missing,missing,missing,missing,missing,EJ
3258,0.0,0.0,0.0,4.09607e-05,0.0001562315,0.00034403980000000003,0.0004820648,0.0008151290000000002,0.00110857,CDRIA-2050-noCR,1500Mt-noCostDecrease,VA,missing,coal_int_conv pul_CCS,missing,missing,missing,missing,missing,missing,missing,missing,EJ
3259,0.02054557,0.0292743,0.0,0.0,0.0,0.0,0.0,0.0,0.0,CDRIA-2050-noCR,1500Mt-noCostDecrease,VA,missing,coal_int_conv pul_retire_2020,missing,missing,missing,missing,missing,missing,missing,missing,EJ
3260,0.0001877919,0.0,0.0,0.0,0.0,0.0,0.0,0.0,0.0,CDRIA-2050-noCR,1500Mt-noCostDecrease,VA,missing,coal_peak_conv pul,missing,missing,missing,missing,missing,missing,missing,missing,EJ
3261,0.0001618304,0.0,0.0,0.0,0.0,0.0,0.0,0.0,0.0,CDRIA-2050-noCR,1500Mt-noCostDecrease,VA,missing,coal_peak_conv pul_retire_2020,missing,missing,missing,missing,missing,missing,missing,missing,EJ
3262,0.001395702,0.0,0.0,0.0,0.0,0.0,0.0,0.0,0.0,CDRIA-2050-noCR,1500Mt-noCostDecrease,VA,missing,coal_subpeak_conv pul,missing,missing,missing,missing,missing,missing,missing,missing,EJ
3263,0.001202752,0.0,0.0,0.0,0.0,0.0,0.0,0.0,0.0,CDRIA-2050-noCR,1500Mt-noCostDecrease,VA,missing,coal_subpeak_conv pul_retire_2020,missing,missing,missing,missing,missing,missing,missing,missing,EJ
3264,0.0,0.0,0.01837212,0.0180126279,0.0236281734,0.0290370194,0.0336532866,0.0237358797,0.0175174542,CDRIA-2050-noCR,1500Mt-noCostDecrease,VA,missing,gas_base_CC,missing,missing,missing,missing,missing,missing,missing,missing,EJ
3265,0.0,0.0,0.0,4.66863e-05,0.0042360587,0.0138655244,0.0200804487,0.0288194983,0.0328693337,CDRIA-2050-noCR,1500Mt-noCostDecrease,VA,missing,gas_base_CC_CCS,missing,missing,missing,missing,missing,missing,missing,missing,EJ
3266,0.002037816,0.019337,0.0972686899999999,0.09215346,0.082142044,0.071795082,0.065631723,0.0564213369999999,0.051137521,CDRIA-2050-noCR,1500Mt-noCostDecrease,VA,missing,gas_int_CC,missing,missing,missing,missing,missing,missing,missing,missing,EJ
3267,0.0,0.0,0.0,0.000427961,0.001538645,0.0033045639999999,0.004636784,0.0077954719999999,0.010519252,CDRIA-2050-noCR,1500Mt-noCostDecrease,VA,missing,gas_int_CC_CCS,missing,missing,missing,missing,missing,missing,missing,missing,EJ
3268,7.9705e-05,0.000974097,0.0009671137,0.0008792392089999999,0.000729064211,0.00057466461,0.000473426842,0.000328029834,0.000232786716,CDRIA-2050-noCR,1500Mt-noCostDecrease,VA,missing,gas_peak_CC,missing,missing,missing,missing,missing,missing,missing,missing,EJ
3269,0.0,0.0,0.0,6.555619999999999e-08,1.932688e-07,3.498033e-07,4.6588600000000005e-07,8.175634e-07,1.3539895e-06,CDRIA-2050-noCR,1500Mt-noCostDecrease,VA,missing,gas_peak_CC_CCS,missing,missing,missing,missing,missing,missing,missing,missing,EJ
3270,5.90038e-05,0.0003426,0.00048739042,0.000419063624,0.000219472151,0.000132526372,0.000143830111,7.142531699999998e-05,5.0043823e-05,CDRIA-2050-noCR,1500Mt-noCostDecrease,VA,missing,gas_peak_steam/CT,missing,missing,missing,missing,missing,missing,missing,missing,EJ
3271,0.000530531,0.00648323,0.0066690585,0.0061101662,0.0052066396,0.0042504146,0.0035393336,0.0026814725,0.0021044191,CDRIA-2050-noCR,1500Mt-noCostDecrease,VA,missing,gas_subpeak_CC,missing,missing,missing,missing,missing,missing,missing,missing,EJ
3272,0.0,0.0,0.0,3.65538e-06,1.079881e-05,1.971807e-05,2.686301e-05,5.246028e-05,7.970298e-05,CDRIA-2050-noCR,1500Mt-noCostDecrease,VA,missing,gas_subpeak_CC_CCS,missing,missing,missing,missing,missing,missing,missing,missing,EJ
3273,0.000393024,0.002280406,0.003453111,0.003030802,0.0017875796,0.00117691348,0.001244485,0.00072332165,0.0005576689000000001,CDRIA-2050-noCR,1500Mt-noCostDecrease,VA,missing,gas_subpeak_steam/CT,missing,missing,missing,missing,missing,missing,missing,missing,EJ
3274,0.004444,0.0054088,0.0049174,0.0049099,0.0049045,0.0049052,0.0048942,0.0048532,0.0048586,CDRIA-2050-noCR,1500Mt-noCostDecrease,VA,missing,hydro_base,missing,missing,missing,missing,missing,missing,missing,missing,EJ
3275,0.0909035,0.104201,0.105208,0.105187,0.103822,0.0564525,0.0,0.0,0.0,CDRIA-2050-noCR,1500Mt-noCostDecrease,VA,missing,nuc_base_Gen II,missing,missing,missing,missing,missing,missing,missing,missing,EJ
3276,0.0,0.0,0.0,0.0,0.00485365,0.01676769,0.02407548,0.03511529,0.0411701099999999,CDRIA-2050-noCR,1500Mt-noCostDecrease,VA,missing,nuc_base_Gen III,missing,missing,missing,missing,missing,missing,missing,missing,EJ
3277,0.0,0.0,0.000698937,0.001232889,0.0008916,0.0005257370000000001,0.000417844,8.683700000000001e-05,3.71466e-05,CDRIA-2050-noCR,1500Mt-noCostDecrease,VA,missing,refined liquids_base_steam/CT,missing,missing,missing,missing,missing,missing,missing,missing,EJ
3278,0.00339829,0.0126521599999999,0.0,0.0,0.0,0.0,0.0,0.0,0.0,CDRIA-2050-noCR,1500Mt-noCostDecrease,VA,missing,refined liquids_int_steam/CT,missing,missing,missing,missing,missing,missing,missing,missing,EJ
3279,0.0,0.0,0.0,0.0,0.0,0.0,0.0,0.0,0.0,CDRIA-2050-noCR,1500Mt-noCostDecrease,VA,missing,refined liquids_peak_steam/CT,missing,missing,missing,missing,missing,missing,missing,missing,EJ
3280,0.000849551,0.00316302,0.0,0.0,0.0,0.0,0.0,0.0,0.0,CDRIA-2050-noCR,1500Mt-noCostDecrease,VA,missing,refined liquids_subpeak_steam/CT,missing,missing,missing,missing,missing,missing,missing,missing,EJ
3281,0.0,0.0,0.000231426,0.00302394,0.00855742,0.0114425,0.0139246,0.0150356,0.0181045,CDRIA-2050-noCR,1500Mt-noCostDecrease,VA,missing,rooftop_pv,missing,missing,missing,missing,missing,missing,missing,missing,EJ
3282,0.0,0.0,0.00384656,0.003930275,0.009428015,0.020770615,0.027497385,0.036700835,0.038351865,CDRIA-2050-noCR,1500Mt-noCostDecrease,VA,missing,wind_base,missing,missing,missing,missing,missing,missing,missing,missing,EJ
3283,0.0,0.0,0.0,1.50241e-05,0.0031362040999999,0.0130857341,0.0207352240999999,0.0337923241,0.04281384,CDRIA-2050-noCR,1500Mt-noCostDecrease,VA,missing,wind_base_offshore,missing,missing,missing,missing,missing,missing,missing,missing,EJ
3284,0.0,0.0,0.000171827,0.00017502388,0.00038817288,0.00086903988,0.00115888088,0.00158743788,0.0016534698799999,CDRIA-2050-noCR,1500Mt-noCostDecrease,VA,missing,wind_base_storage,missing,missing,missing,missing,missing,missing,missing,missing,EJ
3285,0.0,0.0,0.000225946,0.000451889,0.000842176,0.00127616,0.00151876,0.002064319,0.002192274,CDRIA-2050-noCR,1500Mt-noCostDecrease,WA,missing,CSP_base_storage,missing,missing,missing,missing,missing,missing,missing,missing,EJ
3286,0.0,0.0,0.000278534,0.000493444,0.000995194,0.001787886,0.002187106,0.00292054,0.0037325619999999,CDRIA-2050-noCR,1500Mt-noCostDecrease,WA,missing,CSP_int,missing,missing,missing,missing,missing,missing,missing,missing,EJ
3287,0.0,0.0,2.07648e-05,3.243736e-05,5.871876e-05,8.587916e-05,0.00010259902,0.00012883402,0.00016582581999999998,CDRIA-2050-noCR,1500Mt-noCostDecrease,WA,missing,CSP_peak,missing,missing,missing,missing,missing,missing,missing,missing,EJ
3288,3.30006e-06,3.00002e-06,0.00011706174,0.00018572214,0.00033814114,0.00050503554,0.00061582954,0.0009424618,0.0011892958,CDRIA-2050-noCR,1500Mt-noCostDecrease,WA,missing,CSP_subpeak,missing,missing,missing,missing,missing,missing,missing,missing,EJ
3289,0.0,0.0,2.9576e-05,6.17864e-05,0.0001194705,0.000185172,0.0002224918,0.0003073096,0.0003331407,CDRIA-2050-noCR,1500Mt-noCostDecrease,WA,missing,PV_base_storage,missing,missing,missing,missing,missing,missing,missing,missing,EJ
3290,0.0,0.0,0.00175245,0.00297049,0.00478528,0.00684151,0.007825542,0.009533622,0.010245222,CDRIA-2050-noCR,1500Mt-noCostDecrease,WA,missing,PV_int,missing,missing,missing,missing,missing,missing,missing,missing,EJ
3291,0.0,0.0,0.000130646,0.0001968025,0.0002918606,0.0003623145,0.000403527,0.0004646252000000001,0.0004644772,CDRIA-2050-noCR,1500Mt-noCostDecrease,WA,missing,PV_peak,missing,missing,missing,missing,missing,missing,missing,missing,EJ
3292,0.0,0.0,0.0006280269500000001,0.00101717295,0.00156846095,0.00200138295,0.0022744769499999,0.003073119,0.003230575,CDRIA-2050-noCR,1500Mt-noCostDecrease,WA,missing,PV_subpeak,missing,missing,missing,missing,missing,missing,missing,missing,EJ
3293,0.0,0.0,0.000188763,0.00022159895,0.00041501716,0.00050323272,0.00031119805,0.00068472484,0.000458355704,CDRIA-2050-noCR,1500Mt-noCostDecrease,WA,missing,biogas_base_CC,missing,missing,missing,missing,missing,missing,missing,missing,EJ
3294,0.0,0.0,0.0,0.000118146,0.000291960202,0.0004726588,0.00029861242,0.00090896438,0.00067360512,CDRIA-2050-noCR,1500Mt-noCostDecrease,WA,missing,biogas_base_CC_CCS,missing,missing,missing,missing,missing,missing,missing,missing,EJ
3295,0.0,0.0,0.000126694,7.608542e-05,0.00016880307,0.00033287825,0.00022826996,0.0004248121,0.0005929079,CDRIA-2050-noCR,1500Mt-noCostDecrease,WA,missing,biogas_int_CC,missing,missing,missing,missing,missing,missing,missing,missing,EJ
3296,0.0,0.0,0.0,2.74753e-05,7.702433e-05,0.00018980095,0.00014127267,0.00037010074,0.0005882345700000001,CDRIA-2050-noCR,1500Mt-noCostDecrease,WA,missing,biogas_int_CC_CCS,missing,missing,missing,missing,missing,missing,missing,missing,EJ
3297,0.0,0.0,2.41463e-07,1.4798724e-07,3.2574839e-07,4.1455648e-07,2.8101303e-07,4.7128478e-07,9.3115089e-07,CDRIA-2050-noCR,1500Mt-noCostDecrease,WA,missing,biogas_peak_CC,missing,missing,missing,missing,missing,missing,missing,missing,EJ
3298,0.0,0.0,0.0,2.15871e-08,5.0342649e-08,6.806688000000001e-08,4.835197e-08,1.0137734000000001e-07,2.0131126e-07,CDRIA-2050-noCR,1500Mt-noCostDecrease,WA,missing,biogas_peak_CC_CCS,missing,missing,missing,missing,missing,missing,missing,missing,EJ
3299,0.0,0.0,2.2469250000000002e-07,1.29248609e-07,2.77172484e-07,3.342986889999999e-07,2.0431452000000005e-07,3.42266786e-07,7.162468030000001e-07,CDRIA-2050-noCR,1500Mt-noCostDecrease,WA,missing,biogas_peak_steam/CT,missing,missing,missing,missing,missing,missing,missing,missing,EJ
3300,0.0,0.0,5.25757e-06,3.809603e-06,8.214357999999999e-06,1.1213376e-05,8.46419e-06,2.5179972e-05,2.6149409e-05,CDRIA-2050-noCR,1500Mt-noCostDecrease,WA,missing,biogas_subpeak_CC,missing,missing,missing,missing,missing,missing,missing,missing,EJ
3301,0.0,0.0,0.0,7.67098e-07,1.8541862e-06,2.8277894e-06,2.2527691e-06,8.151656e-06,1.0124524e-05,CDRIA-2050-noCR,1500Mt-noCostDecrease,WA,missing,biogas_subpeak_CC_CCS,missing,missing,missing,missing,missing,missing,missing,missing,EJ
3302,0.0,0.0,3.55889e-06,2.43036037e-06,5.17907772e-06,6.64689868e-06,4.43048176e-06,1.438697257e-05,1.4032245539999998e-05,CDRIA-2050-noCR,1500Mt-noCostDecrease,WA,missing,biogas_subpeak_steam/CT,missing,missing,missing,missing,missing,missing,missing,missing,EJ
3303,0.0,0.0,8.86019e-05,0.00011959769999999998,0.0001934043,0.0003165844,0.0003609816,0.00062631249,0.0006578408400000001,CDRIA-2050-noCR,1500Mt-noCostDecrease,WA,missing,biomass_base_IGCC,missing,missing,missing,missing,missing,missing,missing,missing,EJ
3304,0.0,0.0,0.0,3.1274e-05,0.00012264606,0.00048203509,0.0006978423000000002,0.0035958023899999,0.0061876543899999,CDRIA-2050-noCR,1500Mt-noCostDecrease,WA,missing,biomass_base_IGCC_CCS,missing,missing,missing,missing,missing,missing,missing,missing,EJ
3305,0.0004646296,0.0015372229999999,0.0002914316,0.00031682669999999995,0.00040152212,0.00052925221,0.00049451499,0.0007337932600000001,0.00063558065,CDRIA-2050-noCR,1500Mt-noCostDecrease,WA,missing,biomass_base_conv,missing,missing,missing,missing,missing,missing,missing,missing,EJ
3306,0.0,0.0,0.0,3.433569e-05,0.00016491761,0.00099905624,0.0014385653899999,0.01713138868,0.0317602322,CDRIA-2050-noCR,1500Mt-noCostDecrease,WA,missing,biomass_base_conv_CCS,missing,missing,missing,missing,missing,missing,missing,missing,EJ
3307,0.0,0.0,4.24968e-05,5.092082e-05,6.68864e-05,0.00010007275,0.00011472897,0.00014723183999999998,0.00019308505,CDRIA-2050-noCR,1500Mt-noCostDecrease,WA,missing,biomass_int_IGCC,missing,missing,missing,missing,missing,missing,missing,missing,EJ
3308,0.0,0.0,0.0,4.9653e-06,1.495237e-05,4.076973e-05,5.386216e-05,9.384297e-05,0.00015831957000000005,CDRIA-2050-noCR,1500Mt-noCostDecrease,WA,missing,biomass_int_IGCC_CCS,missing,missing,missing,missing,missing,missing,missing,missing,EJ
3309,0.0004646144,0.0015372089999999,0.0005469863,0.00063249788,0.0005996159500000001,0.0007314584699999999,0.0006612744799999998,0.0006392857099999998,0.0006010837400000001,CDRIA-2050-noCR,1500Mt-noCostDecrease,WA,missing,biomass_int_conv,missing,missing,missing,missing,missing,missing,missing,missing,EJ
3310,0.0,0.0,0.0,7.28795e-06,2.387767e-05,7.403451e-05,9.81048e-05,0.000186758,0.00032765855,CDRIA-2050-noCR,1500Mt-noCostDecrease,WA,missing,biomass_int_conv_CCS,missing,missing,missing,missing,missing,missing,missing,missing,EJ
3311,0.0,0.0,0.0,0.00072059,0.001884774,0.003145971,0.003946816,0.005547923,0.0066426329999999,CDRIA-2050-noCR,1500Mt-noCostDecrease,WA,missing,coal_base_IGCC_CCS,missing,missing,missing,missing,missing,missing,missing,missing,EJ
3312,0.010445968,0.014645865,0.0,0.0,0.0,0.0,0.0,0.0,0.0,CDRIA-2050-noCR,1500Mt-noCostDecrease,WA,missing,coal_base_conv pul,missing,missing,missing,missing,missing,missing,missing,missing,EJ
3313,0.0,0.0,0.002993105,0.0,0.0,0.0,0.0,0.0,0.0,CDRIA-2050-noCR,1500Mt-noCostDecrease,WA,missing,coal_base_conv pul 1971-1975,missing,missing,missing,missing,missing,missing,missing,missing,EJ
3314,0.0,0.0,0.0,0.000876402,0.00217907,0.003496989,0.004311854,0.00579264,0.006779494,CDRIA-2050-noCR,1500Mt-noCostDecrease,WA,missing,coal_base_conv pul_CCS,missing,missing,missing,missing,missing,missing,missing,missing,EJ
3315,0.0,0.0,0.0,5.6605e-05,0.0001055897,0.0001951555,0.0002418172,0.0003347428,0.000475613,CDRIA-2050-noCR,1500Mt-noCostDecrease,WA,missing,coal_int_IGCC_CCS,missing,missing,missing,missing,missing,missing,missing,missing,EJ
3316,0.015474171,0.0263961799999999,0.0,0.0,0.0,0.0,0.0,0.0,0.0,CDRIA-2050-noCR,1500Mt-noCostDecrease,WA,missing,coal_int_conv pul,missing,missing,missing,missing,missing,missing,missing,missing,EJ
3317,0.0,0.0,0.010484825,0.0,0.0,0.0,0.0,0.0,0.0,CDRIA-2050-noCR,1500Mt-noCostDecrease,WA,missing,coal_int_conv pul 1971-1975,missing,missing,missing,missing,missing,missing,missing,missing,EJ
3318,0.0,0.0,0.0,7.23794e-05,0.0001301067,0.0002291136,0.0002784139,0.0003720551,0.0005100139,CDRIA-2050-noCR,1500Mt-noCostDecrease,WA,missing,coal_int_conv pul_CCS,missing,missing,missing,missing,missing,missing,missing,missing,EJ
3319,0.0004178833,0.0,0.0,0.0,0.0,0.0,0.0,0.0,0.0,CDRIA-2050-noCR,1500Mt-noCostDecrease,WA,missing,coal_peak_conv pul,missing,missing,missing,missing,missing,missing,missing,missing,EJ
3320,0.00293416,0.0,0.0,0.0,0.0,0.0,0.0,0.0,0.0,CDRIA-2050-noCR,1500Mt-noCostDecrease,WA,missing,coal_subpeak_conv pul,missing,missing,missing,missing,missing,missing,missing,missing,EJ
3321,0.0,0.0,0.0143790699999999,0.021639682,0.024485076,0.019690047,0.021174405,0.0108400432,0.0079830907999999,CDRIA-2050-noCR,1500Mt-noCostDecrease,WA,missing,gas_base_CC,missing,missing,missing,missing,missing,missing,missing,missing,EJ
3322,0.0,0.0,0.0,0.002544027,0.00666582,0.010981324,0.013529366,0.018748129,0.0212202369999999,CDRIA-2050-noCR,1500Mt-noCostDecrease,WA,missing,gas_base_CC_CCS,missing,missing,missing,missing,missing,missing,missing,missing,EJ
3323,4.380131e-05,0.02077163,0.03613419,0.035612015,0.032155982,0.028473589,0.026286929,0.0214145949999999,0.019685078,CDRIA-2050-noCR,1500Mt-noCostDecrease,WA,missing,gas_int_CC,missing,missing,missing,missing,missing,missing,missing,missing,EJ
3324,0.0,0.0,0.0,0.0003669249,0.0008809304,0.0017510415999999,0.0021931394999999,0.0030302611,0.0042331476,CDRIA-2050-noCR,1500Mt-noCostDecrease,WA,missing,gas_int_CC_CCS,missing,missing,missing,missing,missing,missing,missing,missing,EJ
3325,1.19995e-06,0.00073122,0.000574194048,0.000521503003,0.000418938972,0.00030786842430000007,0.000249302577,0.00014230233549999998,9.056441379999998e-05,CDRIA-2050-noCR,1500Mt-noCostDecrease,WA,missing,gas_peak_CC,missing,missing,missing,missing,missing,missing,missing,missing,EJ
3326,0.0,0.0,0.0,6.396076e-08,1.54581e-07,2.6482025e-07,3.3199051000000005e-07,4.4965665000000004e-07,7.040855100000001e-07,CDRIA-2050-noCR,1500Mt-noCostDecrease,WA,missing,gas_peak_CC_CCS,missing,missing,missing,missing,missing,missing,missing,missing,EJ
3327,8.999630200000001e-07,0.00025720739,0.0002656604791,0.00022628670315,0.00010100596180999996,4.8757383571e-05,4.3469988745e-05,1.5259153804e-05,9.416901455e-06,CDRIA-2050-noCR,1500Mt-noCostDecrease,WA,missing,gas_peak_steam/CT,missing,missing,missing,missing,missing,missing,missing,missing,EJ
3328,8.40016e-06,0.0051104539999999,0.0031293662,0.0028808368799999,0.00242122613,0.00190430071,0.0015810988999999,0.00107377187,0.0008004441300000001,CDRIA-2050-noCR,1500Mt-noCostDecrease,WA,missing,gas_subpeak_CC,missing,missing,missing,missing,missing,missing,missing,missing,EJ
3329,0.0,0.0,0.0,3.404442e-06,8.173666e-06,1.4189144e-05,1.8180678e-05,3.1677729e-05,4.4819186e-05,CDRIA-2050-noCR,1500Mt-noCostDecrease,WA,missing,gas_subpeak_CC_CCS,missing,missing,missing,missing,missing,missing,missing,missing,EJ
3330,6.2001272e-06,0.00179751704,0.001562455821,0.001369523265,0.0007279454478,0.0004056525513,0.0003727782663,0.00017975887409999992,0.00012875608720000004,CDRIA-2050-noCR,1500Mt-noCostDecrease,WA,missing,gas_subpeak_steam/CT,missing,missing,missing,missing,missing,missing,missing,missing,EJ
3331,0.0,0.0,0.000345718,0.0007597210000000001,0.001490229,0.002539327,0.003239552,0.00489206,0.005579098,CDRIA-2050-noCR,1500Mt-noCostDecrease,WA,missing,geo_base,missing,missing,missing,missing,missing,missing,missing,missing,EJ
3332,0.223132,0.264801,0.314966,0.314482,0.314139,0.314186,0.313482,0.310853,0.311199,CDRIA-2050-noCR,1500Mt-noCostDecrease,WA,missing,hydro_base,missing,missing,missing,missing,missing,missing,missing,missing,EJ
3333,0.0727769,0.0,0.0,0.0,0.0,0.0,0.0,0.0,0.0,CDRIA-2050-noCR,1500Mt-noCostDecrease,WA,missing,hydro_int,missing,missing,missing,missing,missing,missing,missing,missing,EJ
3334,0.0219129,0.0307632,0.0305982,0.0305982,0.0305983,0.0305982,0.0305982,0.0,0.0,CDRIA-2050-noCR,1500Mt-noCostDecrease,WA,missing,nuc_base_Gen II,missing,missing,missing,missing,missing,missing,missing,missing,EJ
3335,0.0,0.0,0.0,0.0,0.00549903,0.011814,0.01544821,0.0238225,0.02936714,CDRIA-2050-noCR,1500Mt-noCostDecrease,WA,missing,nuc_base_Gen III,missing,missing,missing,missing,missing,missing,missing,missing,EJ
3336,0.0,0.0,4.5429415e-06,5.4242967e-06,2.4428915e-06,1.17823e-06,9.712765e-07,2.207757e-07,1.1419413e-07,CDRIA-2050-noCR,1500Mt-noCostDecrease,WA,missing,refined liquids_base_steam/CT,missing,missing,missing,missing,missing,missing,missing,missing,EJ
3337,5.0901649e-05,3.6000154e-05,0.0,0.0,0.0,0.0,0.0,0.0,0.0,CDRIA-2050-noCR,1500Mt-noCostDecrease,WA,missing,refined liquids_int_steam/CT,missing,missing,missing,missing,missing,missing,missing,missing,EJ
3338,0.0,0.0,0.0,0.0,0.0,0.0,0.0,0.0,0.0,CDRIA-2050-noCR,1500Mt-noCostDecrease,WA,missing,refined liquids_peak_steam/CT,missing,missing,missing,missing,missing,missing,missing,missing,EJ
3339,1.2700255e-05,9.0000792e-06,0.0,0.0,0.0,0.0,0.0,0.0,0.0,CDRIA-2050-noCR,1500Mt-noCostDecrease,WA,missing,refined liquids_subpeak_steam/CT,missing,missing,missing,missing,missing,missing,missing,missing,EJ
3340,0.0,0.0,8.1468e-05,0.000450534,0.000805499,0.00139015,0.00189948,0.00228931,0.00262297,CDRIA-2050-noCR,1500Mt-noCostDecrease,WA,missing,rooftop_pv,missing,missing,missing,missing,missing,missing,missing,missing,EJ
3341,0.0,0.00180153,0.03466874,0.04826414,0.06630014,0.08523954,0.09594644,0.0945997399999999,0.1016511,CDRIA-2050-noCR,1500Mt-noCostDecrease,WA,missing,wind_base,missing,missing,missing,missing,missing,missing,missing,missing,EJ
3342,0.0,0.0,0.0,0.000937826,0.004097186,0.008308786,0.011164296,0.018416916,0.02279239,CDRIA-2050-noCR,1500Mt-noCostDecrease,WA,missing,wind_base_offshore,missing,missing,missing,missing,missing,missing,missing,missing,EJ
3343,0.0,0.0,0.000234302,0.000555132,0.000973381,0.001430205,0.001683927,0.0022577079999999,0.002392897,CDRIA-2050-noCR,1500Mt-noCostDecrease,WA,missing,wind_base_storage,missing,missing,missing,missing,missing,missing,missing,missing,EJ
3344,0.0,0.0,4.43154e-05,5.292312e-05,0.00013677372000000002,0.00027176072,0.00031614802,0.00041751702,0.00044129962,CDRIA-2050-noCR,1500Mt-noCostDecrease,WV,missing,PV_base_storage,missing,missing,missing,missing,missing,missing,missing,missing,EJ
3345,0.0,0.0,0.0085783,0.01238121,0.02673921,0.04255051,0.04958149,0.06853739,0.07660169,CDRIA-2050-noCR,1500Mt-noCostDecrease,WV,missing,PV_int,missing,missing,missing,missing,missing,missing,missing,missing,EJ
3346,0.0,0.0,0.000109474,0.0001347275,0.000218564,0.00022319083,0.00024529823,0.00028458133,0.00032175433,CDRIA-2050-noCR,1500Mt-noCostDecrease,WV,missing,PV_peak,missing,missing,missing,missing,missing,missing,missing,missing,EJ
3347,0.0,0.0,0.000167955,0.000281507,0.0005678,0.000694033,0.0008498100000000001,0.001176971,0.001381013,CDRIA-2050-noCR,1500Mt-noCostDecrease,WV,missing,PV_subpeak,missing,missing,missing,missing,missing,missing,missing,missing,EJ
3348,0.0,0.0,0.000288448,6.113906e-05,0.0006019019269999999,0.0010407397,0.0004177560500000001,0.000831593087,0.000569476978,CDRIA-2050-noCR,1500Mt-noCostDecrease,WV,missing,biogas_base_CC,missing,missing,missing,missing,missing,missing,missing,missing,EJ
3349,0.0,0.0,0.0,3.19183e-05,0.000426055586,0.00098515424,0.00042143223,0.0011471903999999,0.000875838896,CDRIA-2050-noCR,1500Mt-noCostDecrease,WV,missing,biogas_base_CC_CCS,missing,missing,missing,missing,missing,missing,missing,missing,EJ
3350,0.0,0.0,0.000538576,0.00017708459999999995,0.0005822391000000001,0.0013741857,0.0011790809999999,0.0034743641,0.0043171174,CDRIA-2050-noCR,1500Mt-noCostDecrease,WV,missing,biogas_int_CC,missing,missing,missing,missing,missing,missing,missing,missing,EJ
3351,0.0,0.0,0.0,5.57159e-05,0.00025843152000000003,0.0007573215,0.0007162989000000001,0.0026520903,0.0039439446,CDRIA-2050-noCR,1500Mt-noCostDecrease,WV,missing,biogas_int_CC_CCS,missing,missing,missing,missing,missing,missing,missing,missing,EJ
3352,0.0,0.0,1.75847e-07,4.261909e-08,1.2632445e-07,5.20821e-08,1.2168949e-07,3.0177714e-07,8.7055433e-07,CDRIA-2050-noCR,1500Mt-noCostDecrease,WV,missing,biogas_peak_CC,missing,missing,missing,missing,missing,missing,missing,missing,EJ
3353,0.0,0.0,0.0,5.33786e-09,1.8825166e-08,6.768707e-09,1.7688425e-08,5.530871e-08,1.7450981e-07,CDRIA-2050-noCR,1500Mt-noCostDecrease,WV,missing,biogas_peak_CC_CCS,missing,missing,missing,missing,missing,missing,missing,missing,EJ
3354,0.0,0.0,1.636034e-07,3.2549440000000004e-08,1.03569566e-07,1.4968291e-08,6.446299399999999e-08,1.6840141300000004e-07,6.028720429999998e-07,CDRIA-2050-noCR,1500Mt-noCostDecrease,WV,missing,biogas_peak_steam/CT,missing,missing,missing,missing,missing,missing,missing,missing,EJ
3355,0.0,0.0,1.23871e-06,7.842631e-07,1.8539171e-06,2.139647e-06,3.334713e-06,9.505543e-06,1.3493404e-05,CDRIA-2050-noCR,1500Mt-noCostDecrease,WV,missing,biogas_subpeak_CC,missing,missing,missing,missing,missing,missing,missing,missing,EJ
3356,0.0,0.0,0.0,1.45426e-07,4.1069007e-07,5.246123e-07,8.616972000000001e-07,2.9344369e-06,4.8301735e-06,CDRIA-2050-noCR,1500Mt-noCostDecrease,WV,missing,biogas_subpeak_CC_CCS,missing,missing,missing,missing,missing,missing,missing,missing,EJ
3357,0.0,0.0,8.38326e-07,4.643553200000001e-07,1.138626815e-06,9.9914832e-07,1.45706503e-06,4.44012117e-06,5.43671756e-06,CDRIA-2050-noCR,1500Mt-noCostDecrease,WV,missing,biogas_subpeak_steam/CT,missing,missing,missing,missing,missing,missing,missing,missing,EJ
3358,0.0,0.0,4.20841e-05,3.577456e-05,0.00011821432,0.00032048026,0.00037761053000000006,0.00064939002,0.0007109160899999999,CDRIA-2050-noCR,1500Mt-noCostDecrease,WV,missing,biomass_base_IGCC,missing,missing,missing,missing,missing,missing,missing,missing,EJ
3359,0.0,0.0,0.0,4.17188e-06,8.655509000000001e-05,0.00061555348,0.00081450948,0.0037858626699999,0.00667317578,CDRIA-2050-noCR,1500Mt-noCostDecrease,WV,missing,biomass_base_IGCC_CCS,missing,missing,missing,missing,missing,missing,missing,missing,EJ
3360,0.0,9.99998e-07,9.0020261e-05,5.6168687e-05,0.00018656785,0.00048159586,0.0005177778519999999,0.0008016580340000001,0.0007439790094,CDRIA-2050-noCR,1500Mt-noCostDecrease,WV,missing,biomass_base_conv,missing,missing,missing,missing,missing,missing,missing,missing,EJ
3361,0.0,0.0,0.0,4.79572e-06,0.00012839803999999998,0.0014227727,0.00185011972,0.01935079437,0.03728989479,CDRIA-2050-noCR,1500Mt-noCostDecrease,WV,missing,biomass_base_conv_CCS,missing,missing,missing,missing,missing,missing,missing,missing,EJ
3362,0.0,0.0,1.313778e-05,1.583709e-05,2.76955e-05,6.107248e-05,8.202588000000001e-05,0.00018630402,0.00029633670000000004,CDRIA-2050-noCR,1500Mt-noCostDecrease,WV,missing,biomass_int_IGCC,missing,missing,missing,missing,missing,missing,missing,missing,EJ
3363,0.0,0.0,0.0,1.446425e-06,8.560496e-06,3.5972545e-05,5.3742525e-05,0.000182989695,0.000333077873,CDRIA-2050-noCR,1500Mt-noCostDecrease,WV,missing,biomass_int_IGCC_CCS,missing,missing,missing,missing,missing,missing,missing,missing,EJ
3364,0.0,9.99997e-07,4.227661e-05,4.702243e-05,7.347133e-05,0.00014985832999999998,0.00019244428,0.00040406197,0.0006134732099999999,CDRIA-2050-noCR,1500Mt-noCostDecrease,WV,missing,biomass_int_conv,missing,missing,missing,missing,missing,missing,missing,missing,EJ
3365,0.0,0.0,0.0,2.20633e-06,1.448668e-05,6.977592e-05,0.00010374953,0.00040189604,0.0007437326300000001,CDRIA-2050-noCR,1500Mt-noCostDecrease,WV,missing,biomass_int_conv_CCS,missing,missing,missing,missing,missing,missing,missing,missing,EJ
3366,0.0,0.0,0.0,0.000287799,0.0020187,0.004690114,0.00566187,0.007679103,0.0090790109999999,CDRIA-2050-noCR,1500Mt-noCostDecrease,WV,missing,coal_base_IGCC_CCS,missing,missing,missing,missing,missing,missing,missing,missing,EJ
3367,0.153783602,0.19019674,0.0,0.0,0.0,0.0,0.0,0.0,0.0,CDRIA-2050-noCR,1500Mt-noCostDecrease,WV,missing,coal_base_conv pul,missing,missing,missing,missing,missing,missing,missing,missing,EJ
3368,0.0,0.0,0.0053863192,0.0053493125,0.0036153904999999,0.0008265776000000001,0.0006482286200000001,0.0,0.0,CDRIA-2050-noCR,1500Mt-noCostDecrease,WV,missing,coal_base_conv pul 1961-1965,missing,missing,missing,missing,missing,missing,missing,missing,EJ
3369,0.0,0.0,0.0195271,0.019448504,0.0133096864,0.0031988518,0.0029060666,8.466959400000001e-05,0.0,CDRIA-2050-noCR,1500Mt-noCostDecrease,WV,missing,coal_base_conv pul 1966-1970,missing,missing,missing,missing,missing,missing,missing,missing,EJ
3370,0.0,0.0,0.086730375,0.086592675,0.059904496,0.0150740008,0.0161631201,0.0006847499299999999,0.000150237548,CDRIA-2050-noCR,1500Mt-noCostDecrease,WV,missing,coal_base_conv pul 1971-1975,missing,missing,missing,missing,missing,missing,missing,missing,EJ
3371,0.0,0.0,0.03285525,0.0328334449999999,0.022808317,0.0058452378,0.0067693797,0.00037635719,0.00015127948899999998,CDRIA-2050-noCR,1500Mt-noCostDecrease,WV,missing,coal_base_conv pul 1976-1980,missing,missing,missing,missing,missing,missing,missing,missing,EJ
3372,0.0,0.0,0.0026276532,0.0026262324999999,0.0018253755,0.00046897207,0.00054918718,3.2041998e-05,1.55694772e-05,CDRIA-2050-noCR,1500Mt-noCostDecrease,WV,missing,coal_base_conv pul 1991-1995,missing,missing,missing,missing,missing,missing,missing,missing,EJ
3373,0.0,0.0,0.0134836708999999,0.0134764866,0.0093670774,0.0024068022,0.0028196686,0.00016482612,8.0773975e-05,CDRIA-2050-noCR,1500Mt-noCostDecrease,WV,missing,coal_base_conv pul 2011-2015,missing,missing,missing,missing,missing,missing,missing,missing,EJ
3374,0.0,0.0,0.0,0.000352238,0.002302396,0.00513209,0.006127506,0.008059863,0.0093469,CDRIA-2050-noCR,1500Mt-noCostDecrease,WV,missing,coal_base_conv pul_CCS,missing,missing,missing,missing,missing,missing,missing,missing,EJ
3375,0.0135765345,0.0167911709999999,0.0,0.0,0.0,0.0,0.0,0.0,0.0,CDRIA-2050-noCR,1500Mt-noCostDecrease,WV,missing,coal_base_conv pul_retire_2020,missing,missing,missing,missing,missing,missing,missing,missing,EJ
3376,0.0,0.0,0.0,6.69929e-05,0.000230288,0.0005681522,0.000750943,0.0014815155,0.0021736589,CDRIA-2050-noCR,1500Mt-noCostDecrease,WV,missing,coal_int_IGCC_CCS,missing,missing,missing,missing,missing,missing,missing,missing,EJ
3377,0.092436771,0.1154527129999999,0.0,0.0,0.0,0.0,0.0,0.0,0.0,CDRIA-2050-noCR,1500Mt-noCostDecrease,WV,missing,coal_int_conv pul,missing,missing,missing,missing,missing,missing,missing,missing,EJ
3378,0.0,0.0,0.002484412,0.0024685047,0.0022167271,0.0013655960099999,0.00102901868,0.0,0.0,CDRIA-2050-noCR,1500Mt-noCostDecrease,WV,missing,coal_int_conv pul 1961-1965,missing,missing,missing,missing,missing,missing,missing,missing,EJ
3379,0.0,0.0,0.0090067831,0.0089747551,0.0081606435,0.0052848508,0.0046131911,0.00118032388,0.0,CDRIA-2050-noCR,1500Mt-noCostDecrease,WV,missing,coal_int_conv pul 1966-1970,missing,missing,missing,missing,missing,missing,missing,missing,EJ
3380,0.0,0.0,0.04000406,0.039959233,0.0367295609999999,0.0249038569999999,0.025657915,0.0095456760999999,0.0038041562,CDRIA-2050-noCR,1500Mt-noCostDecrease,WV,missing,coal_int_conv pul 1971-1975,missing,missing,missing,missing,missing,missing,missing,missing,EJ
3381,0.0,0.0,0.0151543858,0.0151514076999999,0.0139845393,0.0096569545,0.0107459434999999,0.0052465598,0.0038305382,CDRIA-2050-noCR,1500Mt-noCostDecrease,WV,missing,coal_int_conv pul 1976-1980,missing,missing,missing,missing,missing,missing,missing,missing,EJ
3382,0.0,0.0,0.00121199327,0.00121190976,0.00111920304,0.0007747913700000001,0.0008717970000000001,0.00044667844999999993,0.0003942317,CDRIA-2050-noCR,1500Mt-noCostDecrease,WV,missing,coal_int_conv pul 1991-1995,missing,missing,missing,missing,missing,missing,missing,missing,EJ
3383,0.0,0.0,0.006219288,0.0062188926,0.0057432963999999,0.0039762853,0.0044760354,0.002297743,0.0020452705,CDRIA-2050-noCR,1500Mt-noCostDecrease,WV,missing,coal_int_conv pul 2011-2015,missing,missing,missing,missing,missing,missing,missing,missing,EJ
3384,0.0,0.0,0.0,8.58105e-05,0.0002786637,0.000652892,0.0008463818999999999,0.0015850368,0.0022645796,CDRIA-2050-noCR,1500Mt-noCostDecrease,WV,missing,coal_int_conv pul_CCS,missing,missing,missing,missing,missing,missing,missing,missing,EJ
3385,0.0081606096,0.0101925411999999,0.0,0.0,0.0,0.0,0.0,0.0,0.0,CDRIA-2050-noCR,1500Mt-noCostDecrease,WV,missing,coal_int_conv pul_retire_2020,missing,missing,missing,missing,missing,missing,missing,missing,EJ
3386,0.0009498844,0.0,0.0,0.0,0.0,0.0,0.0,0.0,0.0,CDRIA-2050-noCR,1500Mt-noCostDecrease,WV,missing,coal_peak_conv pul,missing,missing,missing,missing,missing,missing,missing,missing,EJ
3387,8.385880799999999e-05,0.0,0.0,0.0,0.0,0.0,0.0,0.0,0.0,CDRIA-2050-noCR,1500Mt-noCostDecrease,WV,missing,coal_peak_conv pul_retire_2020,missing,missing,missing,missing,missing,missing,missing,missing,EJ
3388,0.006589665,0.0,0.0,0.0,0.0,0.0,0.0,0.0,0.0,CDRIA-2050-noCR,1500Mt-noCostDecrease,WV,missing,coal_subpeak_conv pul,missing,missing,missing,missing,missing,missing,missing,missing,EJ
3389,0.0005817568299999999,0.0,0.0,0.0,0.0,0.0,0.0,0.0,0.0,CDRIA-2050-noCR,1500Mt-noCostDecrease,WV,missing,coal_subpeak_conv pul_retire_2020,missing,missing,missing,missing,missing,missing,missing,missing,EJ
3390,6.400197e-06,0.0001522992,0.0129582276,0.0145698507,0.0236588680099999,0.02918676228,0.0312462004099999,0.0179407811529999,0.012117556017,CDRIA-2050-noCR,1500Mt-noCostDecrease,WV,missing,gas_base_CC,missing,missing,missing,missing,missing,missing,missing,missing,EJ
3391,0.0,0.0,0.0,0.0006754928,0.0070686732,0.0167577537,0.0200185493,0.0267612255,0.0300554361999999,CDRIA-2050-noCR,1500Mt-noCostDecrease,WV,missing,gas_base_CC_CCS,missing,missing,missing,missing,missing,missing,missing,missing,EJ
3392,6.200193000000001e-06,0.00014659983999999995,0.0143409079,0.0167268815,0.0219408178,0.0285484477999999,0.0320759849,0.04098053,0.0483969916,CDRIA-2050-noCR,1500Mt-noCostDecrease,WV,missing,gas_int_CC,missing,missing,missing,missing,missing,missing,missing,missing,EJ
3393,0.0,0.0,0.0,0.0005021012,0.0022560103,0.0055960321,0.0073698974,0.0140675082999999,0.0201102032,CDRIA-2050-noCR,1500Mt-noCostDecrease,WV,missing,gas_int_CC_CCS,missing,missing,missing,missing,missing,missing,missing,missing,EJ
3394,3.0001223e-06,9.079953999999998e-05,5.45642e-07,6.576614e-07,9.839275e-07,9.8826781e-07,1.1905744799999998e-06,1.58599236e-06,3.14904942e-06,CDRIA-2050-noCR,1500Mt-noCostDecrease,WV,missing,gas_peak_CC,missing,missing,missing,missing,missing,missing,missing,missing,EJ
3395,0.0,0.0,0.0,9.79501e-09,4.1996320000000004e-08,4.5235060000000014e-08,6.428892e-08,1.1474067e-07,3.1160086e-07,CDRIA-2050-noCR,1500Mt-noCostDecrease,WV,missing,gas_peak_CC_CCS,missing,missing,missing,missing,missing,missing,missing,missing,EJ
3396,2.200088e-06,3.199985e-05,4.71979e-07,5.218046999999999e-07,6.002382e-07,4.806147999999999e-07,6.6777049e-07,7.9784896e-07,1.62976783e-06,CDRIA-2050-noCR,1500Mt-noCostDecrease,WV,missing,gas_peak_steam/CT,missing,missing,missing,missing,missing,missing,missing,missing,EJ
3397,1.4300475e-05,0.00043659954,0.0006826947600000001,0.000629300451,0.000546014131,0.000458638784,0.0003791243450000001,0.000305610618,0.0002523267779999999,CDRIA-2050-noCR,1500Mt-noCostDecrease,WV,missing,gas_subpeak_CC,missing,missing,missing,missing,missing,missing,missing,missing,EJ
3398,0.0,0.0,0.0,6.494144e-07,1.7194472e-06,2.5993287e-06,3.8862062e-06,7.8468264e-06,1.25340756e-05,CDRIA-2050-noCR,1500Mt-noCostDecrease,WV,missing,gas_subpeak_CC_CCS,missing,missing,missing,missing,missing,missing,missing,missing,EJ
3399,1.060033e-05,0.0001535997,0.00036057885,0.00032379519,0.00021463003000000004,0.00016917878600000003,0.00015803906899999998,0.000117104119,9.501432e-05,CDRIA-2050-noCR,1500Mt-noCostDecrease,WV,missing,gas_subpeak_steam/CT,missing,missing,missing,missing,missing,missing,missing,missing,EJ
3400,0.0023262,0.0032791,0.0035716,0.0035662,0.0035623,0.0035628,0.0035548,0.003525,0.0035289,CDRIA-2050-noCR,1500Mt-noCostDecrease,WV,missing,hydro_base,missing,missing,missing,missing,missing,missing,missing,missing,EJ
3401,0.0,0.0,0.0001475914,0.0001258864,5.5957560000000005e-05,6.044047e-05,5.708744e-05,4.198018e-05,2.809781e-05,CDRIA-2050-noCR,1500Mt-noCostDecrease,WV,missing,refined liquids_peak_steam/CT,missing,missing,missing,missing,missing,missing,missing,missing,EJ
3402,0.0007484230999999999,0.0007549981,0.0002087826,0.00016672600000000002,7.89078e-05,8.36375e-05,7.63595e-05,5.617399e-05,3.789958e-05,CDRIA-2050-noCR,1500Mt-noCostDecrease,WV,missing,refined liquids_subpeak_steam/CT,missing,missing,missing,missing,missing,missing,missing,missing,EJ
3403,0.0,0.0,1.81175e-05,0.000191609,0.000639349,0.00119229,0.00150041,0.00144873,0.0015662,CDRIA-2050-noCR,1500Mt-noCostDecrease,WV,missing,rooftop_pv,missing,missing,missing,missing,missing,missing,missing,missing,EJ
3404,0.0,0.000333799,0.00790038,0.00995381,0.02536941,0.04278031,0.04852278,0.0577031799999999,0.06163996,CDRIA-2050-noCR,1500Mt-noCostDecrease,WV,missing,wind_base,missing,missing,missing,missing,missing,missing,missing,missing,EJ
3405,0.0,0.0,0.000201784,0.000276937,0.000935657,0.0019066719999999,0.002225624,0.002942395,0.003226418,CDRIA-2050-noCR,1500Mt-noCostDecrease,WV,missing,wind_base_storage,missing,missing,missing,missing,missing,missing,missing,missing,EJ
3406,0.0,0.0001391,0.00125446,0.00125446,0.00125446,0.00125446,0.00125446,0.0,0.0,CDRIA-2050-noCR,1500Mt-noCostDecrease,WV,missing,wind_int,missing,missing,missing,missing,missing,missing,missing,missing,EJ
3407,0.0,8.33998e-05,0.000752676,0.000752676,0.000752676,0.000752676,0.000752676,0.0,0.0,CDRIA-2050-noCR,1500Mt-noCostDecrease,WV,missing,wind_subpeak,missing,missing,missing,missing,missing,missing,missing,missing,EJ
3408,0.0,0.0,5.15298e-05,6.4597e-05,0.0001045911,0.0001604756,0.0001879784,0.0002442315,0.0002595827,CDRIA-2050-noCR,1500Mt-noCostDecrease,WI,missing,PV_base_storage,missing,missing,missing,missing,missing,missing,missing,missing,EJ
3409,0.0,0.0,0.013305,0.01775363,0.02828883,0.04198223,0.04797678,0.06422918,0.07146638,CDRIA-2050-noCR,1500Mt-noCostDecrease,WI,missing,PV_int,missing,missing,missing,missing,missing,missing,missing,missing,EJ
3410,0.0,0.0,0.000995105,0.001433344,0.002240998,0.002611772,0.003043442,0.003564963,0.004293278,CDRIA-2050-noCR,1500Mt-noCostDecrease,WI,missing,PV_peak,missing,missing,missing,missing,missing,missing,missing,missing,EJ
3411,0.0,0.0,0.00560197986,0.00850864986,0.01374297986,0.01639834986,0.01957039986,0.02643178,0.0314866,CDRIA-2050-noCR,1500Mt-noCostDecrease,WI,missing,PV_subpeak,missing,missing,missing,missing,missing,missing,missing,missing,EJ
3412,0.0,0.0,0.000260815,7.089345999999999e-05,0.000224240136,0.00033514901000000004,0.00018747354,0.000354895766,0.000421024728,CDRIA-2050-noCR,1500Mt-noCostDecrease,WI,missing,biogas_base_CC,missing,missing,missing,missing,missing,missing,missing,missing,EJ
3413,0.0,0.0,0.0,3.78221e-05,0.000157724436,0.00031197878,0.00017935356,0.00047244068,0.000604067137,CDRIA-2050-noCR,1500Mt-noCostDecrease,WI,missing,biogas_base_CC_CCS,missing,missing,missing,missing,missing,missing,missing,missing,EJ
3414,0.0,0.0,0.000689086,0.0001835714,0.0004011716,0.0010292243,0.0008354253,0.0024529117999999,0.0034150954,CDRIA-2050-noCR,1500Mt-noCostDecrease,WI,missing,biogas_int_CC,missing,missing,missing,missing,missing,missing,missing,missing,EJ
3415,0.0,0.0,0.0,5.68077e-05,0.00017107665,0.0005453999999999999,0.0004747989,0.0018296458,0.0030663586999999,CDRIA-2050-noCR,1500Mt-noCostDecrease,WI,missing,biogas_int_CC_CCS,missing,missing,missing,missing,missing,missing,missing,missing,EJ
3416,0.0,0.0,1.37999e-06,6.066952999999999e-07,1.1313180000000002e-06,1.2128994e-06,1.6932163e-06,3.355928e-06,8.348776e-06,CDRIA-2050-noCR,1500Mt-noCostDecrease,WI,missing,biogas_peak_CC,missing,missing,missing,missing,missing,missing,missing,missing,EJ
3417,0.0,0.0,0.0,8.44837e-08,1.7180741e-07,1.904666e-07,2.795408e-07,6.993492e-07,1.7909712e-06,CDRIA-2050-noCR,1500Mt-noCostDecrease,WI,missing,biogas_peak_CC_CCS,missing,missing,missing,missing,missing,missing,missing,missing,EJ
3418,0.0,0.0,1.269758e-06,4.97938806e-07,9.22023734e-07,7.88618779e-07,1.04026196e-06,1.87974039e-06,5.71678246e-06,CDRIA-2050-noCR,1500Mt-noCostDecrease,WI,missing,biogas_peak_steam/CT,missing,missing,missing,missing,missing,missing,missing,missing,EJ
3419,0.0,0.0,3.50174e-05,1.780739e-05,3.1717669e-05,3.924588e-05,5.707295e-05,0.00016395387,0.00025936238,CDRIA-2050-noCR,1500Mt-noCostDecrease,WI,missing,biogas_subpeak_CC,missing,missing,missing,missing,missing,missing,missing,missing,EJ
3420,0.0,0.0,0.0,3.34684e-06,6.994997e-06,9.294888e-06,1.4357453e-05,5.079346e-05,9.330672e-05,CDRIA-2050-noCR,1500Mt-noCostDecrease,WI,missing,biogas_subpeak_CC_CCS,missing,missing,missing,missing,missing,missing,missing,missing,EJ
3421,0.0,0.0,2.342021e-05,1.04127644e-05,1.889574876e-05,1.8097448700000003e-05,2.476536e-05,7.671207769999999e-05,0.0001166244983,CDRIA-2050-noCR,1500Mt-noCostDecrease,WI,missing,biogas_subpeak_steam/CT,missing,missing,missing,missing,missing,missing,missing,missing,EJ
3422,0.0,0.0,0.000550191,0.00038032,0.000555617,0.0007967547999999999,0.0008574286999999999,0.0009673843,0.00105449169,CDRIA-2050-noCR,1500Mt-noCostDecrease,WI,missing,biomass_base_IGCC,missing,missing,missing,missing,missing,missing,missing,missing,EJ
3423,0.0,0.0,0.0,2.59395e-05,0.00014611099999999998,0.0006816236999999999,0.0009406718,0.0036064986,0.0076869481,CDRIA-2050-noCR,1500Mt-noCostDecrease,WI,missing,biomass_base_IGCC_CCS,missing,missing,missing,missing,missing,missing,missing,missing,EJ
3424,0.000428412,0.0009254,0.000219194,0.000290744,0.000422898,0.000507085,0.000376164,0.000130157,4.64497e-05,CDRIA-2050-noCR,1500Mt-noCostDecrease,WI,missing,biomass_base_conv,missing,missing,missing,missing,missing,missing,missing,missing,EJ
3425,0.0,0.0,0.0,2.8227e-05,0.0001996908,0.0014591127,0.0019918296,0.0173662906,0.0421090496,CDRIA-2050-noCR,1500Mt-noCostDecrease,WI,missing,biomass_base_conv_CCS,missing,missing,missing,missing,missing,missing,missing,missing,EJ
3426,0.0,0.0,9.46519e-05,9.826569e-05,0.00011363918,0.00016356501000000002,0.00018978428,0.00031977926,0.00049978632,CDRIA-2050-noCR,1500Mt-noCostDecrease,WI,missing,biomass_int_IGCC,missing,missing,missing,missing,missing,missing,missing,missing,EJ
3427,0.0,0.0,0.0,3.51383e-06,1.310902e-05,5.19393e-05,7.43216e-05,0.0002339832,0.00047880427,CDRIA-2050-noCR,1500Mt-noCostDecrease,WI,missing,biomass_int_IGCC_CCS,missing,missing,missing,missing,missing,missing,missing,missing,EJ
3428,0.000428411,0.000925399,0.00116933,0.00129902,0.00115624,0.00126806,0.00106192,0.000894411,0.000638575,CDRIA-2050-noCR,1500Mt-noCostDecrease,WI,missing,biomass_int_conv,missing,missing,missing,missing,missing,missing,missing,missing,EJ
3429,0.0,0.0,0.0,5.11258e-06,2.095264e-05,9.611923e-05,0.00013710154,0.0004912573399999999,0.00102667061,CDRIA-2050-noCR,1500Mt-noCostDecrease,WI,missing,biomass_int_conv_CCS,missing,missing,missing,missing,missing,missing,missing,missing,EJ
3430,0.0,0.0,0.0,0.000390698,0.001125015,0.002105363,0.002641144,0.003641531,0.004912393,CDRIA-2050-noCR,1500Mt-noCostDecrease,WI,missing,coal_base_IGCC_CCS,missing,missing,missing,missing,missing,missing,missing,missing,EJ
3431,0.04509402,0.0761729999999999,0.0,0.0,0.0,0.0,0.0,0.0,0.0,CDRIA-2050-noCR,1500Mt-noCostDecrease,WI,missing,coal_base_conv pul,missing,missing,missing,missing,missing,missing,missing,missing,EJ
3432,0.0,0.0,0.002410593,0.0023428869999999,0.0014838009999999,0.0002269694,0.0,0.0,0.0,CDRIA-2050-noCR,1500Mt-noCostDecrease,WI,missing,coal_base_conv pul 1956-1960,missing,missing,missing,missing,missing,missing,missing,missing,EJ
3433,0.0,0.0,0.004379716,0.004327436,0.002929397,0.0005490256000000001,0.0003767422,0.0,0.0,CDRIA-2050-noCR,1500Mt-noCostDecrease,WI,missing,coal_base_conv pul 1961-1965,missing,missing,missing,missing,missing,missing,missing,missing,EJ
3434,0.0,0.0,0.00602314,0.00600475,0.004224863,0.0009182,0.000933243,3.517906e-05,0.0,CDRIA-2050-noCR,1500Mt-noCostDecrease,WI,missing,coal_base_conv pul 1966-1970,missing,missing,missing,missing,missing,missing,missing,missing,EJ
3435,0.0,0.0,0.00699805,0.00699181,0.004966906,0.001125308,0.0013431349999999,7.84761e-05,2.356647e-05,CDRIA-2050-noCR,1500Mt-noCostDecrease,WI,missing,coal_base_conv pul 1971-1975,missing,missing,missing,missing,missing,missing,missing,missing,EJ
3436,0.0,0.0,0.00971773,0.00971152,0.00690683,0.001572778,0.001918991,0.00012219489999999998,4.652847e-05,CDRIA-2050-noCR,1500Mt-noCostDecrease,WI,missing,coal_base_conv pul 1976-1980,missing,missing,missing,missing,missing,missing,missing,missing,EJ
3437,0.0,0.0,0.00629078,0.0062875399999999,0.00447414,0.001021314,0.0012596839999999,8.39813e-05,3.7743e-05,CDRIA-2050-noCR,1500Mt-noCostDecrease,WI,missing,coal_base_conv pul 1981-1985,missing,missing,missing,missing,missing,missing,missing,missing,EJ
3438,0.0,0.0,0.000197973,0.0001978781,0.0001408311,3.217124e-05,3.981077e-05,2.692946e-06,1.285796e-06,CDRIA-2050-noCR,1500Mt-noCostDecrease,WI,missing,coal_base_conv pul 1986-1990,missing,missing,missing,missing,missing,missing,missing,missing,EJ
3439,0.0,0.0,0.01402457,0.01401806,0.00997745,0.002279957,0.002825383,0.0001923344,9.44342e-05,CDRIA-2050-noCR,1500Mt-noCostDecrease,WI,missing,coal_base_conv pul 2006-2010,missing,missing,missing,missing,missing,missing,missing,missing,EJ
3440,0.0,0.0,0.00814165,0.00813787,0.00579218,0.0013235789999999,0.001640212,0.00011165600000000002,5.482342e-05,CDRIA-2050-noCR,1500Mt-noCostDecrease,WI,missing,coal_base_conv pul 2011-2015,missing,missing,missing,missing,missing,missing,missing,missing,EJ
3441,0.0,0.0,0.0,0.000483588,0.001317771,0.002362767,0.002915762,0.003884505,0.00508841,CDRIA-2050-noCR,1500Mt-noCostDecrease,WI,missing,coal_base_conv pul_CCS,missing,missing,missing,missing,missing,missing,missing,missing,EJ
3442,0.004882803,0.00824805,0.0,0.0,0.0,0.0,0.0,0.0,0.0,CDRIA-2050-noCR,1500Mt-noCostDecrease,WI,missing,coal_base_conv pul_retire_2020,missing,missing,missing,missing,missing,missing,missing,missing,EJ
3443,0.0,0.0,0.0,7.43819e-05,0.0001918083,0.0004647961,0.0006062472,0.001170033,0.0019025587999999,CDRIA-2050-noCR,1500Mt-noCostDecrease,WI,missing,coal_int_IGCC_CCS,missing,missing,missing,missing,missing,missing,missing,missing,EJ
3444,0.064873,0.0827355,0.0,0.0,0.0,0.0,0.0,0.0,0.0,CDRIA-2050-noCR,1500Mt-noCostDecrease,WI,missing,coal_int_conv pul,missing,missing,missing,missing,missing,missing,missing,missing,EJ
3445,0.0,0.0,0.002856609,0.00277758,0.002326761,0.001108233,0.0,0.0,0.0,CDRIA-2050-noCR,1500Mt-noCostDecrease,WI,missing,coal_int_conv pul 1956-1960,missing,missing,missing,missing,missing,missing,missing,missing,EJ
3446,0.0,0.0,0.005190073,0.005130333,0.004593624,0.002680748,0.001650238,0.0,0.0,CDRIA-2050-noCR,1500Mt-noCostDecrease,WI,missing,coal_int_conv pul 1961-1965,missing,missing,missing,missing,missing,missing,missing,missing,EJ
3447,0.0,0.0,0.0071375699999999,0.00711884,0.00662505,0.004483327,0.004087859,0.001175239,0.0,CDRIA-2050-noCR,1500Mt-noCostDecrease,WI,missing,coal_int_conv pul 1966-1970,missing,missing,missing,missing,missing,missing,missing,missing,EJ
3448,0.0,0.0,0.00829288,0.00828904,0.0077886499999999,0.005494581,0.0058833199999999,0.002621681,0.0013594839999999,CDRIA-2050-noCR,1500Mt-noCostDecrease,WI,missing,coal_int_conv pul 1971-1975,missing,missing,missing,missing,missing,missing,missing,missing,EJ
3449,0.0,0.0,0.01151575,0.0115133499999999,0.01083067,0.00767946,0.00840571,0.004082211,0.002684096,CDRIA-2050-noCR,1500Mt-noCostDecrease,WI,missing,coal_int_conv pul 1976-1980,missing,missing,missing,missing,missing,missing,missing,missing,EJ
3450,0.0,0.0,0.00745474,0.0074541,0.00701593,0.0049868049999999,0.00551776,0.002805596,0.0021772809999999,CDRIA-2050-noCR,1500Mt-noCostDecrease,WI,missing,coal_int_conv pul 1981-1985,missing,missing,missing,missing,missing,missing,missing,missing,EJ
3451,0.0,0.0,0.0002346035,0.0002345914,0.0002208389,0.0001570839,0.0001743826,8.99641e-05,7.41739e-05,CDRIA-2050-noCR,1500Mt-noCostDecrease,WI,missing,coal_int_conv pul 1986-1990,missing,missing,missing,missing,missing,missing,missing,missing,EJ
3452,0.0,0.0,0.01661948,0.01661891,0.01564572,0.01113243,0.01237594,0.00642537,0.0054476449999999,CDRIA-2050-noCR,1500Mt-noCostDecrease,WI,missing,coal_int_conv pul 2006-2010,missing,missing,missing,missing,missing,missing,missing,missing,EJ
3453,0.0,0.0,0.00964805,0.00964773,0.00908277,0.0064626799999999,0.00718459,0.003730124,0.003162612,CDRIA-2050-noCR,1500Mt-noCostDecrease,WI,missing,coal_int_conv pul 2011-2015,missing,missing,missing,missing,missing,missing,missing,missing,EJ
3454,0.0,0.0,0.0,9.57316e-05,0.0002349453,0.0005382644,0.0006884089,0.0012597221,0.0019803392,CDRIA-2050-noCR,1500Mt-noCostDecrease,WI,missing,coal_int_conv pul_CCS,missing,missing,missing,missing,missing,missing,missing,missing,EJ
3455,0.00702448,0.00895864,0.0,0.0,0.0,0.0,0.0,0.0,0.0,CDRIA-2050-noCR,1500Mt-noCostDecrease,WI,missing,coal_int_conv pul_retire_2020,missing,missing,missing,missing,missing,missing,missing,missing,EJ
3456,0.0008774070000000001,0.0,0.0,0.0,0.0,0.0,0.0,0.0,0.0,CDRIA-2050-noCR,1500Mt-noCostDecrease,WI,missing,coal_peak_conv pul,missing,missing,missing,missing,missing,missing,missing,missing,EJ
3457,9.5006e-05,0.0,0.0,0.0,0.0,0.0,0.0,0.0,0.0,CDRIA-2050-noCR,1500Mt-noCostDecrease,WI,missing,coal_peak_conv pul_retire_2020,missing,missing,missing,missing,missing,missing,missing,missing,EJ
3458,0.0052586989999999,0.0,0.0,0.0,0.0,0.0,0.0,0.0,0.0,CDRIA-2050-noCR,1500Mt-noCostDecrease,WI,missing,coal_subpeak_conv pul,missing,missing,missing,missing,missing,missing,missing,missing,EJ
3459,0.0005694140000000001,0.0,0.0,0.0,0.0,0.0,0.0,0.0,0.0,CDRIA-2050-noCR,1500Mt-noCostDecrease,WI,missing,coal_subpeak_conv pul_retire_2020,missing,missing,missing,missing,missing,missing,missing,missing,EJ
3460,0.0001263034,0.0037942,0.0161574999999999,0.01706877,0.0178058899999999,0.016189224,0.017136894,0.008316628,0.0061823111,CDRIA-2050-noCR,1500Mt-noCostDecrease,WI,missing,gas_base_CC,missing,missing,missing,missing,missing,missing,missing,missing,EJ
3461,0.0,0.0,0.0,0.000757472,0.002856488,0.005650162,0.007052241,0.009575206,0.012176618,CDRIA-2050-noCR,1500Mt-noCostDecrease,WI,missing,gas_base_CC_CCS,missing,missing,missing,missing,missing,missing,missing,missing,EJ
3462,6.650180000000001e-05,0.001995894,0.0312745399999999,0.03236353,0.03280971,0.03526508,0.0359686699999999,0.03985538,0.04537314,CDRIA-2050-noCR,1500Mt-noCostDecrease,WI,missing,gas_int_CC,missing,missing,missing,missing,missing,missing,missing,missing,EJ
3463,0.0,0.0,0.0,0.000507161,0.0016330849999999,0.00406918,0.005303975,0.009996559,0.01580334,CDRIA-2050-noCR,1500Mt-noCostDecrease,WI,missing,gas_int_CC_CCS,missing,missing,missing,missing,missing,missing,missing,missing,EJ
3464,4.97006e-05,0.001920684,0.0014941991,0.00136223704,0.0011314676,0.0009269423,0.0007543933999999999,0.00055356663,0.00041503157,CDRIA-2050-noCR,1500Mt-noCostDecrease,WI,missing,gas_peak_CC,missing,missing,missing,missing,missing,missing,missing,missing,EJ
3465,0.0,0.0,0.0,4.40902e-07,9.82768e-07,1.4397419999999998e-06,2.048739e-06,3.1348400000000003e-06,6.692832e-06,CDRIA-2050-noCR,1500Mt-noCostDecrease,WI,missing,gas_peak_CC_CCS,missing,missing,missing,missing,missing,missing,missing,missing,EJ
3466,3.68005e-05,0.000675595,0.000712155,0.000602947,0.00031282,0.000227771,0.000207961,0.000121142,6.94576e-05,CDRIA-2050-noCR,1500Mt-noCostDecrease,WI,missing,gas_peak_steam/CT,missing,missing,missing,missing,missing,missing,missing,missing,EJ
3467,0.000321806,0.01244648,0.01083108,0.010184968,0.008955933,0.0077693449999999,0.006792747,0.005991431,0.005690629,CDRIA-2050-noCR,1500Mt-noCostDecrease,WI,missing,gas_subpeak_CC,missing,missing,missing,missing,missing,missing,missing,missing,EJ
3468,0.0,0.0,0.0,2.55888e-05,5.59757e-05,8.33487e-05,0.0001209388,0.0002375857,0.0004160705,CDRIA-2050-noCR,1500Mt-noCostDecrease,WI,missing,gas_subpeak_CC_CCS,missing,missing,missing,missing,missing,missing,missing,missing,EJ
3469,0.000238405,0.00437799,0.00487446,0.00418803,0.00241514,0.00182893,0.00162613,0.000993658,0.000587499,CDRIA-2050-noCR,1500Mt-noCostDecrease,WI,missing,gas_subpeak_steam/CT,missing,missing,missing,missing,missing,missing,missing,missing,EJ
3470,0.0061141,0.0056262,0.009344,0.0093297,0.0093195,0.0093209,0.0093,0.009222,0.0092323,CDRIA-2050-noCR,1500Mt-noCostDecrease,WI,missing,hydro_base,missing,missing,missing,missing,missing,missing,missing,missing,EJ
3471,0.0428394,0.037028,0.0375251,0.0375207,0.0173807,0.0,0.0,0.0,0.0,CDRIA-2050-noCR,1500Mt-noCostDecrease,WI,missing,nuc_base_Gen II,missing,missing,missing,missing,missing,missing,missing,missing,EJ
3472,0.0,0.0,0.0,0.0,0.00323033,0.0077617699999999,0.01001471,0.01467789,0.02029035,CDRIA-2050-noCR,1500Mt-noCostDecrease,WI,missing,nuc_base_Gen III,missing,missing,missing,missing,missing,missing,missing,missing,EJ
3473,0.0,0.0,0.000176294,0.000143548,6.67516e-05,6.89022e-05,6.28691e-05,4.51352e-05,2.83932e-05,CDRIA-2050-noCR,1500Mt-noCostDecrease,WI,missing,refined liquids_peak_steam/CT,missing,missing,missing,missing,missing,missing,missing,missing,EJ
3474,0.000231405,0.0024166,0.000206716,0.000166881,8.38947e-05,8.52139e-05,7.57828e-05,5.47665e-05,3.51079e-05,CDRIA-2050-noCR,1500Mt-noCostDecrease,WI,missing,refined liquids_subpeak_steam/CT,missing,missing,missing,missing,missing,missing,missing,missing,EJ
3475,0.0,0.0,5.40647e-05,0.000532929,0.00171357,0.00303977,0.0040941,0.00457082,0.0049764,CDRIA-2050-noCR,1500Mt-noCostDecrease,WI,missing,rooftop_pv,missing,missing,missing,missing,missing,missing,missing,missing,EJ
3476,0.0,0.0002006,0.01559084,0.02085038,0.03229408,0.04387428,0.04938955,0.05633061,0.0588138099999999,CDRIA-2050-noCR,1500Mt-noCostDecrease,WI,missing,wind_base,missing,missing,missing,missing,missing,missing,missing,missing,EJ
3477,0.0,0.0,0.0,0.000333299,0.002259279,0.004920839,0.006433459,0.009730539,0.01426791,CDRIA-2050-noCR,1500Mt-noCostDecrease,WI,missing,wind_base_offshore,missing,missing,missing,missing,missing,missing,missing,missing,EJ
3478,0.0,0.0,0.00029041,0.000402764,0.000670328,0.001019627,0.001187603,0.001523745,0.0016361359999999,CDRIA-2050-noCR,1500Mt-noCostDecrease,WI,missing,wind_base_storage,missing,missing,missing,missing,missing,missing,missing,missing,EJ
3479,0.0,8.35999e-05,0.00144197,0.00144197,0.00144197,0.00144197,0.00144197,0.0,0.0,CDRIA-2050-noCR,1500Mt-noCostDecrease,WI,missing,wind_int,missing,missing,missing,missing,missing,missing,missing,missing,EJ
3480,0.0,5.01999e-05,0.000865182,0.000865182,0.000865182,0.000865182,0.000865182,0.0,0.0,CDRIA-2050-noCR,1500Mt-noCostDecrease,WI,missing,wind_subpeak,missing,missing,missing,missing,missing,missing,missing,missing,EJ
3481,0.0,0.0,0.000343666,0.0004015662,0.0009449582,0.0014819802,0.0016850252,0.0022034912,0.0027189631999999,CDRIA-2050-noCR,1500Mt-noCostDecrease,WY,missing,CSP_base_storage,missing,missing,missing,missing,missing,missing,missing,missing,EJ
3482,0.0,0.0,0.001575488,0.002248854,0.004793354,0.007442094,0.009549494,0.0146681739999999,0.024228826,CDRIA-2050-noCR,1500Mt-noCostDecrease,WY,missing,CSP_int,missing,missing,missing,missing,missing,missing,missing,missing,EJ
3483,0.0,0.0,2.85576e-07,4.5006500000000003e-07,1.017753e-06,1.338207e-06,1.739505e-06,2.474075e-06,4.393199e-06,CDRIA-2050-noCR,1500Mt-noCostDecrease,WY,missing,CSP_peak,missing,missing,missing,missing,missing,missing,missing,missing,EJ
3484,0.0001111018,9.98994e-05,0.0006095246200000001,0.0006193712200000001,0.0006522682200000001,0.0006630046,0.000692601,0.000334107,0.0004984213800000001,CDRIA-2050-noCR,1500Mt-noCostDecrease,WY,missing,CSP_subpeak,missing,missing,missing,missing,missing,missing,missing,missing,EJ
3485,0.0,0.0,4.3521e-05,5.150947e-05,0.00012923197,0.00020789577,0.00023811717,0.00031610507,0.00040272507,CDRIA-2050-noCR,1500Mt-noCostDecrease,WY,missing,PV_base_storage,missing,missing,missing,missing,missing,missing,missing,missing,EJ
3486,0.0,0.0,0.00797944,0.01103875,0.01836733,0.02321815,0.02685615,0.0352792299999999,0.04469639,CDRIA-2050-noCR,1500Mt-noCostDecrease,WY,missing,PV_int,missing,missing,missing,missing,missing,missing,missing,missing,EJ
3487,0.0,0.0,1.44637e-06,2.193694e-06,3.828724e-06,4.415595e-06,5.108354e-06,6.3171340000000006e-06,8.314904e-06,CDRIA-2050-noCR,1500Mt-noCostDecrease,WY,missing,PV_peak,missing,missing,missing,missing,missing,missing,missing,missing,EJ
3488,0.0,0.0,7.92157e-05,0.0001239519,0.0002187006,0.0002383629,0.000289455,0.000676802,0.0008787073000000002,CDRIA-2050-noCR,1500Mt-noCostDecrease,WY,missing,PV_subpeak,missing,missing,missing,missing,missing,missing,missing,missing,EJ
3489,0.0,0.0,0.000212321,4.273041e-05,0.000425063583,0.000464381261,0.000204553617,0.000487688173,0.00080276607,CDRIA-2050-noCR,1500Mt-noCostDecrease,WY,missing,biogas_base_CC,missing,missing,missing,missing,missing,missing,missing,missing,EJ
3490,0.0,0.0,0.0,2.25028e-05,0.000301732076,0.00043966299,0.000200849994,0.000662624801,0.001149647098,CDRIA-2050-noCR,1500Mt-noCostDecrease,WY,missing,biogas_base_CC_CCS,missing,missing,missing,missing,missing,missing,missing,missing,EJ
3491,0.0,0.0,0.000442573,0.0001522796,0.00048987054,0.0006853098,0.0006755856,0.001546521,0.0027314884,CDRIA-2050-noCR,1500Mt-noCostDecrease,WY,missing,biogas_int_CC,missing,missing,missing,missing,missing,missing,missing,missing,EJ
3492,0.0,0.0,0.0,5.27817e-05,0.00022473205,0.00038386742,0.00040490569,0.0012826317,0.002569993,CDRIA-2050-noCR,1500Mt-noCostDecrease,WY,missing,biogas_int_CC_CCS,missing,missing,missing,missing,missing,missing,missing,missing,EJ
3493,0.0,0.0,2.05087e-09,1.23721e-09,3.96914e-09,2.8024179999999997e-09,3.665803e-09,7.260798e-09,1.7950232e-08,CDRIA-2050-noCR,1500Mt-noCostDecrease,WY,missing,biogas_peak_CC,missing,missing,missing,missing,missing,missing,missing,missing,EJ
3494,0.0,0.0,0.0,1.85879e-10,6.2283e-10,4.31116e-10,5.51055e-10,1.406262e-09,3.541093e-09,CDRIA-2050-noCR,1500Mt-noCostDecrease,WY,missing,biogas_peak_CC_CCS,missing,missing,missing,missing,missing,missing,missing,missing,EJ
3495,0.0,0.0,1.908334e-09,1.108085e-09,3.4400680000000003e-09,2.237764e-09,2.805841e-09,5.462051e-09,1.439389e-08,CDRIA-2050-noCR,1500Mt-noCostDecrease,WY,missing,biogas_peak_steam/CT,missing,missing,missing,missing,missing,missing,missing,missing,EJ
3496,0.0,0.0,1.7196e-07,2.1776911e-07,1.00095662e-06,4.6659311e-07,1.189824e-06,9.1575679e-06,6.89893957e-06,CDRIA-2050-noCR,1500Mt-noCostDecrease,WY,missing,biogas_subpeak_CC,missing,missing,missing,missing,missing,missing,missing,missing,EJ
3497,0.0,0.0,0.0,4.49567e-08,2.29706178e-07,1.2405868e-07,3.1458003e-07,2.7561170800000003e-06,2.6973147e-06,CDRIA-2050-noCR,1500Mt-noCostDecrease,WY,missing,biogas_subpeak_CC_CCS,missing,missing,missing,missing,missing,missing,missing,missing,EJ
3498,0.0,0.0,1.163927e-07,1.414037e-07,6.40942e-07,2.48444295e-07,6.822185e-07,5.661888915e-06,3.862394538e-06,CDRIA-2050-noCR,1500Mt-noCostDecrease,WY,missing,biogas_subpeak_steam/CT,missing,missing,missing,missing,missing,missing,missing,missing,EJ
3499,0.0,0.0,3.0543700000000004e-05,2.313203e-05,7.970883e-05,0.00016555283,0.00018765449,0.00035605206,0.000582754259,CDRIA-2050-noCR,1500Mt-noCostDecrease,WY,missing,biomass_base_IGCC,missing,missing,missing,missing,missing,missing,missing,missing,EJ
3500,0.0,0.0,0.0,2.9199e-06,6.087567e-05,0.0002958199,0.0003992652,0.00215499399,0.00637853933,CDRIA-2050-noCR,1500Mt-noCostDecrease,WY,missing,biomass_base_IGCC_CCS,missing,missing,missing,missing,missing,missing,missing,missing,EJ
3501,0.0,0.0,6.18097e-05,3.104009e-05,0.00011419197,0.00022494068,0.00022439993,0.00041192233900000006,0.000645341161,CDRIA-2050-noCR,1500Mt-noCostDecrease,WY,missing,biomass_base_conv,missing,missing,missing,missing,missing,missing,missing,missing,EJ
3502,0.0,0.0,0.0,3.18416e-06,8.619857e-05,0.0006430264400000001,0.00085713406,0.01117458097,0.03728051218,CDRIA-2050-noCR,1500Mt-noCostDecrease,WY,missing,biomass_base_conv_CCS,missing,missing,missing,missing,missing,missing,missing,missing,EJ
3503,0.0,0.0,1.064627e-05,1.289037e-05,2.297491e-05,3.993669e-05,5.611667e-05,0.00010915417,0.00022829723,CDRIA-2050-noCR,1500Mt-noCostDecrease,WY,missing,biomass_int_IGCC,missing,missing,missing,missing,missing,missing,missing,missing,EJ
3504,0.0,0.0,0.0,1.357699e-06,7.526667e-06,2.1275359e-05,3.5154439e-05,0.00010149862500000002,0.0002664341,CDRIA-2050-noCR,1500Mt-noCostDecrease,WY,missing,biomass_int_IGCC_CCS,missing,missing,missing,missing,missing,missing,missing,missing,EJ
3505,0.0,0.0,2.950128e-05,3.143575e-05,5.274553e-05,9.023663e-05,0.00012145052,0.00022274507000000004,0.00043365765000000006,CDRIA-2050-noCR,1500Mt-noCostDecrease,WY,missing,biomass_int_conv,missing,missing,missing,missing,missing,missing,missing,missing,EJ
3506,0.0,0.0,0.0,1.978037e-06,1.2177421e-05,3.8849425e-05,6.431163699999999e-05,0.000211842149,0.00057341624,CDRIA-2050-noCR,1500Mt-noCostDecrease,WY,missing,biomass_int_conv_CCS,missing,missing,missing,missing,missing,missing,missing,missing,EJ
3507,0.0,0.0,0.0,0.000220954,0.001547609,0.002832026,0.0033804169999999,0.004675742,0.0069227303,CDRIA-2050-noCR,1500Mt-noCostDecrease,WY,missing,coal_base_IGCC_CCS,missing,missing,missing,missing,missing,missing,missing,missing,EJ
3508,0.08052086,0.10546483,0.0,0.0,0.0,0.0,0.0,0.0,0.0,CDRIA-2050-noCR,1500Mt-noCostDecrease,WY,missing,coal_base_conv pul,missing,missing,missing,missing,missing,missing,missing,missing,EJ
3509,0.0,0.0,0.00014996779999999998,0.00013338033,5.688199e-05,0.0,0.0,0.0,0.0,CDRIA-2050-noCR,1500Mt-noCostDecrease,WY,missing,coal_base_conv pul 1951-1955,missing,missing,missing,missing,missing,missing,missing,missing,EJ
3510,0.0,0.0,0.0016225939999999,0.001577032,0.0008939929999999999,0.00012087132,0.0,0.0,0.0,CDRIA-2050-noCR,1500Mt-noCostDecrease,WY,missing,coal_base_conv pul 1956-1960,missing,missing,missing,missing,missing,missing,missing,missing,EJ
3511,0.0,0.0,0.0102288669999999,0.010106821,0.0061239489999999,0.0010144774,0.0006518659,0.0,0.0,CDRIA-2050-noCR,1500Mt-noCostDecrease,WY,missing,coal_base_conv pul 1961-1965,missing,missing,missing,missing,missing,missing,missing,missing,EJ
3512,0.0,0.0,0.004987849,0.0049726439999999,0.003131657,0.0006015831,0.0005725553,2.321851e-05,0.0,CDRIA-2050-noCR,1500Mt-noCostDecrease,WY,missing,coal_base_conv pul 1966-1970,missing,missing,missing,missing,missing,missing,missing,missing,EJ
3513,0.0,0.0,0.02779999,0.02776554,0.01762736,0.003505464,0.003804979,0.0002160838,2.9434100000000003e-05,CDRIA-2050-noCR,1500Mt-noCostDecrease,WY,missing,coal_base_conv pul 1971-1975,missing,missing,missing,missing,missing,missing,missing,missing,EJ
3514,0.0,0.0,0.02473417,0.02471857,0.01573561,0.003167156,0.0036185809999999,0.0002478836,5.253428e-05,CDRIA-2050-noCR,1500Mt-noCostDecrease,WY,missing,coal_base_conv pul 1976-1980,missing,missing,missing,missing,missing,missing,missing,missing,EJ
3515,0.0,0.0,0.03193836,0.03192054,0.02032758,0.004097836,0.00471463,0.0003325542,7.800719999999999e-05,CDRIA-2050-noCR,1500Mt-noCostDecrease,WY,missing,coal_base_conv pul 1981-1985,missing,missing,missing,missing,missing,missing,missing,missing,EJ
3516,0.0,0.0,0.001923601,0.0019227089999999,0.0012249266,0.0002473962,0.000287016,2.099742e-05,5.711622e-06,CDRIA-2050-noCR,1500Mt-noCostDecrease,WY,missing,coal_base_conv pul 1991-1995,missing,missing,missing,missing,missing,missing,missing,missing,EJ
3517,0.0,0.0,0.001910539,0.001909659,0.0012166257,0.0002457309,0.0002851457,2.088061e-05,5.704263e-06,CDRIA-2050-noCR,1500Mt-noCostDecrease,WY,missing,coal_base_conv pul 2001-2005,missing,missing,missing,missing,missing,missing,missing,missing,EJ
3518,0.0,0.0,0.004844877,0.004842651,0.003085196,0.0006231439,0.0007231054000000001,5.295538e-05,1.447149e-05,CDRIA-2050-noCR,1500Mt-noCostDecrease,WY,missing,coal_base_conv pul 2006-2010,missing,missing,missing,missing,missing,missing,missing,missing,EJ
3519,0.0,0.0,0.008902308,0.008898217,0.005668959,0.001145007,0.001328687,9.730457e-05,2.659166e-05,CDRIA-2050-noCR,1500Mt-noCostDecrease,WY,missing,coal_base_conv pul 2011-2015,missing,missing,missing,missing,missing,missing,missing,missing,EJ
3520,0.0,0.0,0.0,0.000275278,0.001790119,0.003164677,0.003732311,0.004991132,0.0070944979999999,CDRIA-2050-noCR,1500Mt-noCostDecrease,WY,missing,coal_base_conv pul_CCS,missing,missing,missing,missing,missing,missing,missing,missing,EJ
3521,0.006951283,0.009104665,0.0,0.0,0.0,0.0,0.0,0.0,0.0,CDRIA-2050-noCR,1500Mt-noCostDecrease,WY,missing,coal_base_conv pul_retire_2020,missing,missing,missing,missing,missing,missing,missing,missing,EJ
3522,0.0,0.0,0.0,6.5589e-05,0.0002128922,0.0003887895,0.0005369376,0.000925387,0.0017132836,CDRIA-2050-noCR,1500Mt-noCostDecrease,WY,missing,coal_int_IGCC_CCS,missing,missing,missing,missing,missing,missing,missing,missing,EJ
3523,0.05582691,0.05074952,0.0,0.0,0.0,0.0,0.0,0.0,0.0,CDRIA-2050-noCR,1500Mt-noCostDecrease,WY,missing,coal_int_conv pul,missing,missing,missing,missing,missing,missing,missing,missing,EJ
3524,0.0,0.0,4.653566e-05,4.14054e-05,2.491241e-05,0.0,0.0,0.0,0.0,CDRIA-2050-noCR,1500Mt-noCostDecrease,WY,missing,coal_int_conv pul 1951-1955,missing,missing,missing,missing,missing,missing,missing,missing,EJ
3525,0.0,0.0,0.0005035003,0.0004895616,0.0003915397,0.000147795,0.0,0.0,0.0,CDRIA-2050-noCR,1500Mt-noCostDecrease,WY,missing,coal_int_conv pul 1956-1960,missing,missing,missing,missing,missing,missing,missing,missing,EJ
3526,0.0,0.0,0.0031740709999999,0.003137483,0.0026820819999999,0.0012404540999999,0.0008017061,0.0,0.0,CDRIA-2050-noCR,1500Mt-noCostDecrease,WY,missing,coal_int_conv pul 1961-1965,missing,missing,missing,missing,missing,missing,missing,missing,EJ
3527,0.0,0.0,0.00154775,0.0015436669999999,0.0013715569999999,0.0007355841,0.0007041638,0.00011491121,0.0,CDRIA-2050-noCR,1500Mt-noCostDecrease,WY,missing,coal_int_conv pul 1966-1970,missing,missing,missing,missing,missing,missing,missing,missing,EJ
3528,0.0,0.0,0.0086264899999999,0.008619311,0.007720187,0.004286303,0.004679607,0.0010694199,0.0003581897,CDRIA-2050-noCR,1500Mt-noCostDecrease,WY,missing,coal_int_conv pul 1971-1975,missing,missing,missing,missing,missing,missing,missing,missing,EJ
3529,0.0,0.0,0.0076751489999999,0.007673426,0.006891671,0.003872636,0.004450368,0.0012268008,0.0006393006,CDRIA-2050-noCR,1500Mt-noCostDecrease,WY,missing,coal_int_conv pul 1976-1980,missing,missing,missing,missing,missing,missing,missing,missing,EJ
3530,0.0,0.0,0.0099106199999999,0.009909181,0.008902791,0.005010629,0.005798353,0.0016458489999999,0.0009492869,CDRIA-2050-noCR,1500Mt-noCostDecrease,WY,missing,coal_int_conv pul 1981-1985,missing,missing,missing,missing,missing,missing,missing,missing,EJ
3531,0.0,0.0,0.0005969029,0.0005968718000000001,0.0005364768,0.0003025026,0.0003529906,0.0001039182,6.950593e-05,CDRIA-2050-noCR,1500Mt-noCostDecrease,WY,missing,coal_int_conv pul 1991-1995,missing,missing,missing,missing,missing,missing,missing,missing,EJ
3532,0.0,0.0,0.0005928505,0.0005928207,0.000532841,0.000300467,0.0003506902,0.00010334023,6.94164e-05,CDRIA-2050-noCR,1500Mt-noCostDecrease,WY,missing,coal_int_conv pul 2001-2005,missing,missing,missing,missing,missing,missing,missing,missing,EJ
3533,0.0,0.0,0.001503384,0.001503317,0.0013512162,0.000761948,0.0008893203000000001,0.0002620823,0.0001761068,CDRIA-2050-noCR,1500Mt-noCostDecrease,WY,missing,coal_int_conv pul 2006-2010,missing,missing,missing,missing,missing,missing,missing,missing,EJ
3534,0.0,0.0,0.00276243,0.0027622879999999,0.0024828119999999,0.001400052,0.001634098,0.0004815708,0.0003236002,CDRIA-2050-noCR,1500Mt-noCostDecrease,WY,missing,coal_int_conv pul 2011-2015,missing,missing,missing,missing,missing,missing,missing,missing,EJ
3535,0.0,0.0,0.0,8.464590000000001e-05,0.00025965,0.0004554259,0.0006129414,0.0010069998,0.001782914,CDRIA-2050-noCR,1500Mt-noCostDecrease,WY,missing,coal_int_conv pul_CCS,missing,missing,missing,missing,missing,missing,missing,missing,EJ
3536,0.00481947,0.004381156,0.0,0.0,0.0,0.0,0.0,0.0,0.0,CDRIA-2050-noCR,1500Mt-noCostDecrease,WY,missing,coal_int_conv pul_retire_2020,missing,missing,missing,missing,missing,missing,missing,missing,EJ
3537,0.0007384702,0.0,0.0,0.0,0.0,0.0,0.0,0.0,0.0,CDRIA-2050-noCR,1500Mt-noCostDecrease,WY,missing,coal_peak_conv pul,missing,missing,missing,missing,missing,missing,missing,missing,EJ
3538,6.37514e-05,0.0,0.0,0.0,0.0,0.0,0.0,0.0,0.0,CDRIA-2050-noCR,1500Mt-noCostDecrease,WY,missing,coal_peak_conv pul_retire_2020,missing,missing,missing,missing,missing,missing,missing,missing,EJ
3539,0.004907522,0.0,0.0,0.0,0.0,0.0,0.0,0.0,0.0,CDRIA-2050-noCR,1500Mt-noCostDecrease,WY,missing,coal_subpeak_conv pul,missing,missing,missing,missing,missing,missing,missing,missing,EJ
3540,0.0004236615,0.0,0.0,0.0,0.0,0.0,0.0,0.0,0.0,CDRIA-2050-noCR,1500Mt-noCostDecrease,WY,missing,coal_subpeak_conv pul_retire_2020,missing,missing,missing,missing,missing,missing,missing,missing,EJ
3541,3.3000657e-06,3.4099591e-05,0.01019173,0.011517167,0.018340686,0.019149194,0.020231663,0.011705258,0.0080133035999999,CDRIA-2050-noCR,1500Mt-noCostDecrease,WY,missing,gas_base_CC,missing,missing,missing,missing,missing,missing,missing,missing,EJ
3542,0.0,0.0,0.0,0.000511086,0.0053306299999999,0.009825218,0.011602569,0.015954282,0.02165922,CDRIA-2050-noCR,1500Mt-noCostDecrease,WY,missing,gas_base_CC_CCS,missing,missing,missing,missing,missing,missing,missing,missing,EJ
3543,1.3900205e-05,0.00014389846,0.01010427513,0.0129402471099999,0.01836655423,0.02187953197,0.02529790785,0.02927162437,0.03739143575,CDRIA-2050-noCR,1500Mt-noCostDecrease,WY,missing,gas_int_CC,missing,missing,missing,missing,missing,missing,missing,missing,EJ
3544,0.0,0.0,0.0,0.0005117054,0.0021586838,0.0039621055,0.0054567952,0.0091458048999999,0.0162640544,CDRIA-2050-noCR,1500Mt-noCostDecrease,WY,missing,gas_int_CC_CCS,missing,missing,missing,missing,missing,missing,missing,missing,EJ
3545,4.0001091e-07,4.799900299999999e-06,7.69997955e-06,6.998381108e-06,5.694487379e-06,4.397163614e-06,3.564953978e-06,2.1286549990000004e-06,1.274913529e-06,CDRIA-2050-noCR,1500Mt-noCostDecrease,WY,missing,gas_peak_CC,missing,missing,missing,missing,missing,missing,missing,missing,EJ
3546,0.0,0.0,0.0,4.87385e-10,1.657526e-09,2.317344e-09,3.306245e-09,5.272615000000001e-09,1.0599663e-08,CDRIA-2050-noCR,1500Mt-noCostDecrease,WY,missing,gas_peak_CC_CCS,missing,missing,missing,missing,missing,missing,missing,missing,EJ
3547,3.000084e-07,1.699967e-06,3.61054837e-06,3.10731807e-06,1.467516014e-06,8.4812962e-07,7.922746870000001e-07,2.70517427e-07,1.44453013e-07,CDRIA-2050-noCR,1500Mt-noCostDecrease,WY,missing,gas_peak_steam/CT,missing,missing,missing,missing,missing,missing,missing,missing,EJ
3548,2.4000358e-06,3.1399783e-05,1.5933918400000002e-05,1.59644364e-05,1.85528034e-05,1.7191811899999998e-05,1.9755689799999997e-05,4.41228417e-05,5.346129e-05,CDRIA-2050-noCR,1500Mt-noCostDecrease,WY,missing,gas_subpeak_CC,missing,missing,missing,missing,missing,missing,missing,missing,EJ
3549,0.0,0.0,0.0,1.410465e-07,7.648254000000001e-07,9.911512e-07,1.6483911999999998e-06,7.227141900000001e-06,1.1012132000000003e-05,CDRIA-2050-noCR,1500Mt-noCostDecrease,WY,missing,gas_subpeak_CC_CCS,missing,missing,missing,missing,missing,missing,missing,missing,EJ
3550,1.700033e-06,1.099994e-05,8.02175e-06,8.121908e-06,7.797195e-06,5.446012e-06,7.791618e-06,1.9390012e-05,1.6131896699999997e-05,CDRIA-2050-noCR,1500Mt-noCostDecrease,WY,missing,gas_subpeak_steam/CT,missing,missing,missing,missing,missing,missing,missing,missing,EJ
3551,0.0,0.0,0.000375279,0.0004482272,0.0011613862999999,0.0020297135,0.002410082,0.003415961,0.0043843683,CDRIA-2050-noCR,1500Mt-noCostDecrease,WY,missing,geo_base,missing,missing,missing,missing,missing,missing,missing,missing,EJ
3552,0.0021876,0.0029721,0.0037254,0.0037197,0.0037157,0.0037162,0.0037079,0.0036768,0.0036809,CDRIA-2050-noCR,1500Mt-noCostDecrease,WY,missing,hydro_base,missing,missing,missing,missing,missing,missing,missing,missing,EJ
3553,0.0,0.0,4.07541e-06,4.6457e-06,2.42864e-06,1.83161e-06,1.44722e-06,3.1234e-07,6.89944e-08,CDRIA-2050-noCR,1500Mt-noCostDecrease,WY,missing,refined liquids_base_steam/CT,missing,missing,missing,missing,missing,missing,missing,missing,EJ
3554,0.0,0.0,5.7721e-05,6.6651e-05,3.45184e-05,3.25103e-05,2.80724e-05,1.57414e-05,8.77428e-06,CDRIA-2050-noCR,1500Mt-noCostDecrease,WY,missing,refined liquids_int_steam/CT,missing,missing,missing,missing,missing,missing,missing,missing,EJ
3555,0.0,0.0,0.0,0.0,0.0,0.0,0.0,0.0,0.0,CDRIA-2050-noCR,1500Mt-noCostDecrease,WY,missing,refined liquids_peak_steam/CT,missing,missing,missing,missing,missing,missing,missing,missing,EJ
3556,0.000201403,0.000165999,0.0,0.0,0.0,0.0,0.0,0.0,0.0,CDRIA-2050-noCR,1500Mt-noCostDecrease,WY,missing,refined liquids_subpeak_steam/CT,missing,missing,missing,missing,missing,missing,missing,missing,EJ
3557,0.0,0.0,5.73821e-05,0.000321698,0.000510994,0.0010153,0.00134789,0.00146197,0.00111456,CDRIA-2050-noCR,1500Mt-noCostDecrease,WY,missing,rooftop_pv,missing,missing,missing,missing,missing,missing,missing,missing,EJ
3558,0.0,0.00155538,0.0260065999999999,0.0310218999999999,0.0737003,0.1062025,0.1194541,0.1402276,0.1743188,CDRIA-2050-noCR,1500Mt-noCostDecrease,WY,missing,wind_base,missing,missing,missing,missing,missing,missing,missing,missing,EJ
3559,0.0,0.0,0.000255127,0.0003428757,0.0011750826999999,0.0019998607,0.0023201267,0.0031493457,0.0042499687,CDRIA-2050-noCR,1500Mt-noCostDecrease,WY,missing,wind_base_storage,missing,missing,missing,missing,missing,missing,missing,missing,EJ
3560,0.0,0.000648093,0.0,0.0,0.0,0.0,0.0,0.0,0.0,CDRIA-2050-noCR,1500Mt-noCostDecrease,WY,missing,wind_int,missing,missing,missing,missing,missing,missing,missing,missing,EJ
3561,0.0,0.000388898,0.0,0.0,0.0,0.0,0.0,0.0,0.0,CDRIA-2050-noCR,1500Mt-noCostDecrease,WY,missing,wind_subpeak,missing,missing,missing,missing,missing,missing,missing,missing,EJ
