,1990,2005,2020,2025,2030,2035,2040,2045,2050,scenario,baseline,GCAM,sector,subsector,technology,output,concentration,input,product,fuel,LandLeaf,GHG,Units
0,0.0012925,0.00210251,0.00815307,0.01595964275,0.02582535,-0.31548533262,-0.9090699656,-1.7304179201000005,-2.9838398266,innovation-rhodium18b,high,Africa_Eastern,missing,biomass,missing,missing,missing,missing,missing,missing,missing,missing,EJ
1,0.000661901,0.00468252,0.0126142,0.02063311042,0.02865912,0.0390602932414999,0.0477114033279999,0.05357825594,0.0577563121,innovation-rhodium18b,high,Africa_Eastern,missing,coal,missing,missing,missing,missing,missing,missing,missing,missing,EJ
2,0.0,0.0,0.00613634,0.01126265881,0.01677936,0.02347570874,0.03061253969,0.039246696,0.0497085086,innovation-rhodium18b,high,Africa_Eastern,missing,gas,missing,missing,missing,missing,missing,missing,missing,missing,EJ
3,0.00117369,0.00361098,0.0350802,0.0542848,0.0709036,0.08648,0.10193,0.108058,0.112658,innovation-rhodium18b,high,Africa_Eastern,missing,geothermal,missing,missing,missing,missing,missing,missing,missing,missing,EJ
4,0.0220885,0.0372506,0.124544,0.152375,0.180205,0.208035,0.235866,0.263696,0.291526,innovation-rhodium18b,high,Africa_Eastern,missing,hydro,missing,missing,missing,missing,missing,missing,missing,missing,EJ
5,0.0,0.0,0.00217662,0.0182203,0.0471882,0.101073,0.201565,0.337447,0.513083,innovation-rhodium18b,high,Africa_Eastern,missing,nuclear,missing,missing,missing,missing,missing,missing,missing,missing,EJ
6,0.0092828,0.0284467,0.1102938,0.1414486999999999,0.1464705,0.1502322,0.1386872999999999,0.1221236,0.1177762,innovation-rhodium18b,high,Africa_Eastern,missing,refined liquids,missing,missing,missing,missing,missing,missing,missing,missing,EJ
7,0.0,0.0,0.0287641,0.0662484,0.150099,0.294241,0.475378,0.673483,0.888882,innovation-rhodium18b,high,Africa_Eastern,missing,rooftop_pv,missing,missing,missing,missing,missing,missing,missing,missing,EJ
8,0.0,5.21026e-05,0.0302895459,0.0904628621,0.1576136701,0.2631230601,0.4799231401,0.8221066030999997,1.3149343029999998,innovation-rhodium18b,high,Africa_Eastern,missing,solar,missing,missing,missing,missing,missing,missing,missing,missing,EJ
9,0.0,1.03005e-05,0.065466903,0.171440043,0.300264753,0.488824353,0.826074953,1.292827171,1.88562568,innovation-rhodium18b,high,Africa_Eastern,missing,wind,missing,missing,missing,missing,missing,missing,missing,missing,EJ
10,0.0,0.0,0.00196384,0.003557732,0.00651431,-0.066723433169,-0.1533942907959999,-0.33685897797,-0.60260538883,innovation-rhodium18b,high,Africa_Northern,missing,biomass,missing,missing,missing,missing,missing,missing,missing,missing,EJ
11,0.00796429,0.0458413,0.0870626,0.10078202,0.11713887,0.1276602370138,0.1274334450559999,0.1234739130539999,0.11553713273,innovation-rhodium18b,high,Africa_Northern,missing,coal,missing,missing,missing,missing,missing,missing,missing,missing,EJ
12,0.1357962999999999,0.482397,1.116578,1.274234,1.508755,1.66174286441,1.6790729066,1.772457136,1.855547494,innovation-rhodium18b,high,Africa_Northern,missing,gas,missing,missing,missing,missing,missing,missing,missing,missing,EJ
13,0.0,0.0,0.00886284,0.0178334,0.0306186,0.0415671,0.0526241,0.0679628,0.0755989,innovation-rhodium18b,high,Africa_Northern,missing,geothermal,missing,missing,missing,missing,missing,missing,missing,missing,EJ
14,0.0408229,0.0516283,0.0615764,0.0667426,0.0719089,0.0770751,0.0822413,0.0874075,0.0925738,innovation-rhodium18b,high,Africa_Northern,missing,hydro,missing,missing,missing,missing,missing,missing,missing,missing,EJ
15,0.0,0.0,0.00108671,0.00600879,0.0176419,0.0317529,0.0487302,0.0824347,0.124422,innovation-rhodium18b,high,Africa_Northern,missing,nuclear,missing,missing,missing,missing,missing,missing,missing,missing,EJ
16,0.117712,0.127327,0.2387767999999999,0.2458748,0.316035,0.3446417,0.3617095,0.4202639999999999,0.4532279999999999,innovation-rhodium18b,high,Africa_Northern,missing,refined liquids,missing,missing,missing,missing,missing,missing,missing,missing,EJ
17,0.0,0.0,0.0711615,0.219984,0.321877,0.433282,0.644276,0.829694,1.008,innovation-rhodium18b,high,Africa_Northern,missing,rooftop_pv,missing,missing,missing,missing,missing,missing,missing,missing,EJ
18,0.0,7.19924e-06,0.0221757268399999,0.0653076344,0.1479134221999999,0.2160226401999999,0.2647570292,0.3593728178,0.4678118896,innovation-rhodium18b,high,Africa_Northern,missing,solar,missing,missing,missing,missing,missing,missing,missing,missing,EJ
19,0.0,0.0028798,0.047063413,0.080436753,0.143197363,0.213805963,0.307801453,0.4855902599999999,0.70040673,innovation-rhodium18b,high,Africa_Northern,missing,wind,missing,missing,missing,missing,missing,missing,missing,missing,EJ
20,0.0,0.0,0.00084094,0.0011899445,0.001955438,-0.0128905822589,-0.032721214874,-0.1006631514249999,-0.2513874783199999,innovation-rhodium18b,high,Africa_Southern,missing,biomass,missing,missing,missing,missing,missing,missing,missing,missing,EJ
21,0.0213304,0.0204676,0.0387957,0.05083468,0.07406227,0.0915498885957999,0.102107793188,0.1237333292,0.1539809801999999,innovation-rhodium18b,high,Africa_Southern,missing,coal,missing,missing,missing,missing,missing,missing,missing,missing,EJ
22,0.0,0.004161615,0.0353851,0.0441439,0.0639835,0.07693742895,0.0867784616899999,0.1191899455,0.1714160903,innovation-rhodium18b,high,Africa_Southern,missing,gas,missing,missing,missing,missing,missing,missing,missing,missing,EJ
23,0.0,0.0,0.000371039,0.00118878,0.00355003,0.00613311,0.0101413,0.0208639,0.0355717,innovation-rhodium18b,high,Africa_Southern,missing,geothermal,missing,missing,missing,missing,missing,missing,missing,missing,EJ
24,0.0548817,0.120117,0.175234,0.188839,0.202445,0.216051,0.229657,0.243262,0.256868,innovation-rhodium18b,high,Africa_Southern,missing,hydro,missing,missing,missing,missing,missing,missing,missing,missing,EJ
25,0.0,0.0,3.56486e-05,0.000319794,0.00138016,0.00272659,0.00488356,0.0122163,0.0265101,innovation-rhodium18b,high,Africa_Southern,missing,nuclear,missing,missing,missing,missing,missing,missing,missing,missing,EJ
26,0.00254618,0.00617975,0.0536842,0.0966102,0.198877,0.2660341,0.3203429,0.4755526999999999,0.6502817,innovation-rhodium18b,high,Africa_Southern,missing,refined liquids,missing,missing,missing,missing,missing,missing,missing,missing,EJ
27,0.0,0.0,0.0406569,0.0854473,0.154347,0.258223,0.425725,0.607791,0.817953,innovation-rhodium18b,high,Africa_Southern,missing,rooftop_pv,missing,missing,missing,missing,missing,missing,missing,missing,EJ
28,0.0,1.12e-05,0.000634418344,0.001690686627,0.004360635117,0.006852044917,0.0109412129169999,0.027195569917,0.0642081761,innovation-rhodium18b,high,Africa_Southern,missing,solar,missing,missing,missing,missing,missing,missing,missing,missing,EJ
29,0.0,2.20001e-06,0.0005742573399999999,0.00195289157,0.00661002027,0.01252855437,0.02385386637,0.06787467164,0.15896420203,innovation-rhodium18b,high,Africa_Southern,missing,wind,missing,missing,missing,missing,missing,missing,missing,missing,EJ
30,0.000169199,0.0006156,0.00194472,0.003780369,0.00913903,-0.13771679057,-0.35354947804,-0.77751887861,-1.5427567925,innovation-rhodium18b,high,Africa_Western,missing,biomass,missing,missing,missing,missing,missing,missing,missing,missing,EJ
31,0.000469068,0.00274717,0.0016656,0.002639566,0.005192168,0.00823448163836,0.0103478838292999,0.013286483852,0.01683624513,innovation-rhodium18b,high,Africa_Western,missing,coal,missing,missing,missing,missing,missing,missing,missing,missing,EJ
32,0.02665792,0.0733212,0.1697359,0.2085694,0.3426019999999999,0.4824765992,0.5950152430000001,0.7846842870000001,1.0365560510000005,innovation-rhodium18b,high,Africa_Western,missing,gas,missing,missing,missing,missing,missing,missing,missing,missing,EJ
33,0.0,0.0,0.00175341,0.00597332,0.0194178,0.0367033,0.0611425,0.0956541,0.131175,innovation-rhodium18b,high,Africa_Western,missing,geothermal,missing,missing,missing,missing,missing,missing,missing,missing,EJ
34,0.0804331,0.108752,0.160889,0.203657,0.246425,0.289193,0.331962,0.37473,0.417498,innovation-rhodium18b,high,Africa_Western,missing,hydro,missing,missing,missing,missing,missing,missing,missing,missing,EJ
35,0.0,0.0,0.000170881,0.00171465,0.00891044,0.0215502,0.044059,0.0892987,0.162253,innovation-rhodium18b,high,Africa_Western,missing,nuclear,missing,missing,missing,missing,missing,missing,missing,missing,EJ
36,0.0167247,0.0221465,0.03462031,0.03946525,0.0713263,0.0956471999999999,0.1191339999999999,0.172785,0.217919,innovation-rhodium18b,high,Africa_Western,missing,refined liquids,missing,missing,missing,missing,missing,missing,missing,missing,EJ
37,0.0,0.0,0.0279397,0.0721731,0.134875,0.248727,0.48614,0.829506,1.30101,innovation-rhodium18b,high,Africa_Western,missing,rooftop_pv,missing,missing,missing,missing,missing,missing,missing,missing,EJ
38,0.0,1.95e-05,0.00712648918,0.01870931699,0.05281021579,0.0885839307899999,0.1391753507899999,0.24748805079,0.4455448927,innovation-rhodium18b,high,Africa_Western,missing,solar,missing,missing,missing,missing,missing,missing,missing,missing,EJ
39,0.0,9e-06,0.0040503005,0.014537238,0.054915949,0.1192481089999999,0.2350152989999999,0.4495404589,0.7550266884999999,innovation-rhodium18b,high,Africa_Western,missing,wind,missing,missing,missing,missing,missing,missing,missing,missing,EJ
40,0.0,0.00187915,0.00266559,0.003630688,0.00471255,-0.038333952902,-0.1142606633,-0.3022106150199999,-0.55383854837,innovation-rhodium18b,high,Australia_NZ,missing,biomass,missing,missing,missing,missing,missing,missing,missing,missing,EJ
41,0.438993,0.672492,0.700638,0.782178,0.8366161,0.8425557312590002,0.8107477548199999,0.7426673396000001,0.637909118,innovation-rhodium18b,high,Australia_NZ,missing,coal,missing,missing,missing,missing,missing,missing,missing,missing,EJ
42,0.0721281,0.1086668,0.2195423,0.2398764,0.2643623,0.26951390127,0.2525058826999999,0.2682770074,0.2803545756,innovation-rhodium18b,high,Australia_NZ,missing,gas,missing,missing,missing,missing,missing,missing,missing,missing,EJ
43,0.00746625,0.0111489,0.0418674,0.054825,0.0685349,0.0788936,0.0955349,0.103799,0.124978,innovation-rhodium18b,high,Australia_NZ,missing,geothermal,missing,missing,missing,missing,missing,missing,missing,missing,EJ
44,0.134392,0.139082,0.142893,0.149486,0.156079,0.162672,0.169265,0.175858,0.182451,innovation-rhodium18b,high,Australia_NZ,missing,hydro,missing,missing,missing,missing,missing,missing,missing,missing,EJ
45,0.0,0.0,0.0,0.000923496,0.00260424,0.00428962,0.00944988,0.024877,0.0453317,innovation-rhodium18b,high,Australia_NZ,missing,nuclear,missing,missing,missing,missing,missing,missing,missing,missing,EJ
46,0.0128229,0.0102417,0.0184302599999999,0.01586696,0.0153391899999999,0.0141907599999999,0.01434867,0.01744699,0.01655925,innovation-rhodium18b,high,Australia_NZ,missing,refined liquids,missing,missing,missing,missing,missing,missing,missing,missing,EJ
47,0.0,0.0,0.0109197,0.047836,0.069958,0.0929897,0.130455,0.161004,0.19436,innovation-rhodium18b,high,Australia_NZ,missing,rooftop_pv,missing,missing,missing,missing,missing,missing,missing,missing,EJ
48,0.0,0.00028439291,0.0500828244699999,0.1213538325,0.2142079257,0.2746300717,0.3390781797,0.4321175840999999,0.5171192080999999,innovation-rhodium18b,high,Australia_NZ,missing,solar,missing,missing,missing,missing,missing,missing,missing,missing,EJ
49,0.0,0.00539626,0.077543207,0.1083591919999999,0.146572344,0.1800243279999999,0.244337948,0.347030184,0.485324021,innovation-rhodium18b,high,Australia_NZ,missing,wind,missing,missing,missing,missing,missing,missing,missing,missing,EJ
50,0.0,0.0,0.00470206,0.007512433,0.01111565,-0.1023999646269999,-0.22711418119,-0.45420387059,-0.7597825779399999,innovation-rhodium18b,high,Brazil,missing,biomass,missing,missing,missing,missing,missing,missing,missing,missing,EJ
51,0.0097564,0.0219918,0.119903,0.1682848,0.2184243,0.2507811670237,0.26184868605,0.26176621123,0.2478896146999999,innovation-rhodium18b,high,Brazil,missing,coal,missing,missing,missing,missing,missing,missing,missing,missing,EJ
52,4.31858e-05,0.0500396,0.444352,0.648102,0.892641,1.0391868078000002,1.0703179451000002,1.157736262,1.217245968,innovation-rhodium18b,high,Brazil,missing,gas,missing,missing,missing,missing,missing,missing,missing,missing,EJ
53,0.0,0.0,0.00914145,0.0259682,0.0511691,0.0741683,0.101771,0.143173,0.175818,innovation-rhodium18b,high,Brazil,missing,geothermal,missing,missing,missing,missing,missing,missing,missing,missing,EJ
54,0.744149,1.21485,1.33772,1.38037,1.42302,1.46567,1.50832,1.55097,1.59362,innovation-rhodium18b,high,Brazil,missing,hydro,missing,missing,missing,missing,missing,missing,missing,missing,EJ
55,0.00805056,0.0354828,0.0580832,0.0674374,0.0800495,0.0898266,0.1020994,0.1262954,0.1538556,innovation-rhodium18b,high,Brazil,missing,nuclear,missing,missing,missing,missing,missing,missing,missing,missing,EJ
56,0.00848962,0.0296789,0.1268679,0.1422894,0.1720736,0.1534974999999999,0.1368560999999999,0.1362905,0.1252159,innovation-rhodium18b,high,Brazil,missing,refined liquids,missing,missing,missing,missing,missing,missing,missing,missing,EJ
57,0.0,0.0,0.038378,0.196819,0.309937,0.390407,0.485451,0.566733,0.651496,innovation-rhodium18b,high,Brazil,missing,rooftop_pv,missing,missing,missing,missing,missing,missing,missing,missing,EJ
58,0.0,0.0,0.01212135577,0.06485399597,0.17406039777,0.27152755277,0.35957119277,0.48083967577,0.5906571792,innovation-rhodium18b,high,Brazil,missing,solar,missing,missing,missing,missing,missing,missing,missing,missing,EJ
59,0.0,0.000334846,0.1824325761999999,0.3137590272,0.4861281272,0.6330881072000001,0.8001576671999999,0.983208803,1.147464886,innovation-rhodium18b,high,Brazil,missing,wind,missing,missing,missing,missing,missing,missing,missing,missing,EJ
60,0.0142055,0.0305674,0.0516193,0.05694341,0.05953537,-0.0883813436129999,-0.3662627572,-0.71882001638,-1.1376915411,innovation-rhodium18b,high,Canada,missing,biomass,missing,missing,missing,missing,missing,missing,missing,missing,EJ
61,0.29599,0.362107,0.310108,0.3575201,0.391261,0.4029928463555,0.404277812101,0.38089938456,0.3297096105,innovation-rhodium18b,high,Canada,missing,coal,missing,missing,missing,missing,missing,missing,missing,missing,EJ
62,0.03483692,0.1445786,0.3083899,0.3508575,0.396981,0.41723007612,0.4191123558,0.4196724408,0.404212782,innovation-rhodium18b,high,Canada,missing,gas,missing,missing,missing,missing,missing,missing,missing,missing,EJ
63,0.0,0.0,0.00675931,0.0119778,0.017307,0.0217244,0.0322579,0.043542,0.0481579,innovation-rhodium18b,high,Canada,missing,geothermal,missing,missing,missing,missing,missing,missing,missing,missing,EJ
64,1.06835,1.30301,1.40009,1.42433,1.44857,1.4728,1.49704,1.52128,1.54552,innovation-rhodium18b,high,Canada,missing,hydro,missing,missing,missing,missing,missing,missing,missing,missing,EJ
65,0.262679,0.331342,0.4643359999999999,0.553158,0.635572,0.688214,0.802445,0.94015,1.05988,innovation-rhodium18b,high,Canada,missing,nuclear,missing,missing,missing,missing,missing,missing,missing,missing,EJ
66,0.0592843,0.0563432,0.03503044,0.0417557999999999,0.0491974,0.04987714,0.0520654,0.0521166,0.04765275,innovation-rhodium18b,high,Canada,missing,refined liquids,missing,missing,missing,missing,missing,missing,missing,missing,EJ
67,0.0,0.0,0.00078059,0.011019,0.0312176,0.046062,0.049157,0.0464025,0.0479057,innovation-rhodium18b,high,Canada,missing,rooftop_pv,missing,missing,missing,missing,missing,missing,missing,missing,EJ
68,0.0,6.11996e-05,0.0290980565,0.0692296492,0.1383797966,0.2027547415,0.3290181034999999,0.5025926934999999,0.6926688569999999,innovation-rhodium18b,high,Canada,missing,solar,missing,missing,missing,missing,missing,missing,missing,missing,EJ
69,0.0,0.00564116,0.169398807,0.2489201939999999,0.342820834,0.426180994,0.602845784,0.752972302,0.928157657,innovation-rhodium18b,high,Canada,missing,wind,missing,missing,missing,missing,missing,missing,missing,missing,EJ
70,0.00722302,0.00742259,0.0332,0.0450360199999999,0.05497394,-0.16734927135,-0.48227247529,-0.9277844196,-1.6500618596,innovation-rhodium18b,high,Central America and Caribbean,missing,biomass,missing,missing,missing,missing,missing,missing,missing,missing,EJ
71,0.000154792,0.00896675,0.0406981,0.04987367,0.05631225,0.0599010575349999,0.061261708652,0.060623289495,0.05816755554,innovation-rhodium18b,high,Central America and Caribbean,missing,coal,missing,missing,missing,missing,missing,missing,missing,missing,EJ
72,0.0129172,0.0429885,0.1157713,0.1382034,0.1574365,0.16725907848,0.16927599227,0.1741106845,0.1781816474,innovation-rhodium18b,high,Central America and Caribbean,missing,gas,missing,missing,missing,missing,missing,missing,missing,missing,EJ
73,0.00289785,0.0094887,0.0282489,0.0375944,0.0455335,0.0516065,0.0609514,0.0637528,0.0683578,innovation-rhodium18b,high,Central America and Caribbean,missing,geothermal,missing,missing,missing,missing,missing,missing,missing,missing,EJ
74,0.049193,0.0743529,0.0907238,0.0963713,0.102019,0.107666,0.113314,0.118961,0.124609,innovation-rhodium18b,high,Central America and Caribbean,missing,hydro,missing,missing,missing,missing,missing,missing,missing,missing,EJ
75,0.0,0.0,0.0,0.0,0.0,0.0,0.0100189,0.036793,0.0864458,innovation-rhodium18b,high,Central America and Caribbean,missing,nuclear,missing,missing,missing,missing,missing,missing,missing,missing,EJ
76,0.124956,0.232929,0.2552616,0.2520797,0.2562400999999999,0.2519476,0.2236315999999999,0.1970134999999999,0.1719918,innovation-rhodium18b,high,Central America and Caribbean,missing,refined liquids,missing,missing,missing,missing,missing,missing,missing,missing,EJ
77,0.0,0.0,0.0248905,0.0510791,0.0837349,0.138174,0.215954,0.277515,0.322047,innovation-rhodium18b,high,Central America and Caribbean,missing,rooftop_pv,missing,missing,missing,missing,missing,missing,missing,missing,EJ
78,0.0,0.000134487,0.0447037984999999,0.1042768992999999,0.1592171313,0.1995247413,0.2621550213,0.3698096213,0.5080343390000001,innovation-rhodium18b,high,Central America and Caribbean,missing,solar,missing,missing,missing,missing,missing,missing,missing,missing,EJ
79,0.0,0.00139077,0.090946514,0.17002734,0.24771465,0.31211129,0.40469005,0.526887534,0.650472786,innovation-rhodium18b,high,Central America and Caribbean,missing,wind,missing,missing,missing,missing,missing,missing,missing,missing,EJ
80,0.0,0.0,0.00278291,0.003677141,0.005226287,-0.0369495629347,-0.136153166671,-0.264396411123,-0.44144196095,innovation-rhodium18b,high,Central Asia,missing,biomass,missing,missing,missing,missing,missing,missing,missing,missing,EJ
81,0.25661,0.20445,0.426585,0.4691859,0.5065258,0.510351467389,0.490405613493,0.4302999053299999,0.3770822574099999,innovation-rhodium18b,high,Central Asia,missing,coal,missing,missing,missing,missing,missing,missing,missing,missing,EJ
82,0.3188916,0.254898,0.5676428,0.6461600000000001,0.759892,0.8058166528600001,0.8178550354,0.8435807041,0.856084422,innovation-rhodium18b,high,Central Asia,missing,gas,missing,missing,missing,missing,missing,missing,missing,missing,EJ
83,0.0,0.0,0.00983463,0.0171334,0.026251,0.0322141,0.0437141,0.0546025,0.0574926,innovation-rhodium18b,high,Central Asia,missing,geothermal,missing,missing,missing,missing,missing,missing,missing,missing,EJ
84,0.187164,0.207216,0.22609,0.247721,0.269353,0.290984,0.312616,0.334247,0.355879,innovation-rhodium18b,high,Central Asia,missing,hydro,missing,missing,missing,missing,missing,missing,missing,missing,EJ
85,0.0,0.00976449,0.10730645,0.16730043,0.24750847,0.30329934,0.4177146,0.54136967,0.6649507299999999,innovation-rhodium18b,high,Central Asia,missing,nuclear,missing,missing,missing,missing,missing,missing,missing,missing,EJ
86,0.109773,0.043063,0.01137284,0.00933151,0.01090543,0.00988351,0.01212438,0.0119085,0.01146516,innovation-rhodium18b,high,Central Asia,missing,refined liquids,missing,missing,missing,missing,missing,missing,missing,missing,EJ
87,0.0,0.0,0.00534393,0.0423992,0.087439,0.123058,0.160307,0.191492,0.227664,innovation-rhodium18b,high,Central Asia,missing,rooftop_pv,missing,missing,missing,missing,missing,missing,missing,missing,EJ
88,0.0,0.0,0.01072334156,0.03620343366,0.09855136876,0.1451057617599999,0.21820303276,0.28618521776,0.3432922293,innovation-rhodium18b,high,Central Asia,missing,solar,missing,missing,missing,missing,missing,missing,missing,missing,EJ
89,0.0,0.0,0.0173400447051,0.03426369576,0.064071492821,0.088726669362,0.1523508814589999,0.2327296734538999,0.308954090653,innovation-rhodium18b,high,Central Asia,missing,wind,missing,missing,missing,missing,missing,missing,missing,missing,EJ
90,1.44586e-06,0.0187199,0.223559,0.2579139,0.2836217,-1.0603189811,-3.7282713197,-7.642066059500001,-11.8643391171,innovation-rhodium18b,high,China,missing,biomass,missing,missing,missing,missing,missing,missing,missing,missing,EJ
91,1.69113,9.27378,17.0845,19.132367,20.4494,20.38415857785,19.7675507819,18.3300393298,16.176828795,innovation-rhodium18b,high,China,missing,coal,missing,missing,missing,missing,missing,missing,missing,missing,EJ
92,0.00997552,0.1250754,0.571743,0.624602,0.6888479999999999,0.69549651561,0.719654321,0.7840737263,0.8232288839999999,innovation-rhodium18b,high,China,missing,gas,missing,missing,missing,missing,missing,missing,missing,missing,EJ
93,0.000205198,0.000413997,0.0621968,0.117153,0.173936,0.207436,0.306255,0.404586,0.441952,innovation-rhodium18b,high,China,missing,geothermal,missing,missing,missing,missing,missing,missing,missing,missing,EJ
94,0.456446,1.42964,4.01308,4.01308,4.01308,4.01308,4.01308,4.01308,4.01308,innovation-rhodium18b,high,China,missing,hydro,missing,missing,missing,missing,missing,missing,missing,missing,EJ
95,0.0,0.191116,1.007004,1.527772,2.097478,2.473341,3.416345,4.931609,6.416834000000001,innovation-rhodium18b,high,China,missing,nuclear,missing,missing,missing,missing,missing,missing,missing,missing,EJ
96,0.183375,0.182674,0.02571373,0.02894993,0.0321203,0.02929851,0.03597491,0.040391,0.03829505,innovation-rhodium18b,high,China,missing,refined liquids,missing,missing,missing,missing,missing,missing,missing,missing,EJ
97,0.0,0.0,0.153444,1.14532,1.84598,2.37756,3.23859,3.99265,4.68608,innovation-rhodium18b,high,China,missing,rooftop_pv,missing,missing,missing,missing,missing,missing,missing,missing,EJ
98,7.19995e-06,0.000310298,0.4833827932999999,1.5409031493000005,2.9423958193,3.7666998193,4.893556419300001,6.0964826740000015,7.0327404300000005,innovation-rhodium18b,high,China,missing,solar,missing,missing,missing,missing,missing,missing,missing,missing,EJ
99,7.19995e-06,0.00730145,1.1206734,1.83451146,2.7259893600000003,3.3939486600000004,4.81487996,6.189960110000001,7.534679080000001,innovation-rhodium18b,high,China,missing,wind,missing,missing,missing,missing,missing,missing,missing,missing,EJ
100,0.00054235,0.01322953,0.0503834,0.0528917199999999,0.0533282599999999,-0.0958797458659999,-0.3157633023,-0.68088565977,-1.08444319948,innovation-rhodium18b,high,EU-12,missing,biomass,missing,missing,missing,missing,missing,missing,missing,missing,EJ
101,1.293259,1.215982,1.02366,1.1420403,1.2301372000000002,1.262865368783,1.2408195108900002,1.15833428775,1.0348416749,innovation-rhodium18b,high,EU-12,missing,coal,missing,missing,missing,missing,missing,missing,missing,missing,EJ
102,0.320683,0.299762,0.130776,0.154387,0.1842427,0.2044976537099999,0.2150826389499999,0.2417183128,0.2592869118,innovation-rhodium18b,high,EU-12,missing,gas,missing,missing,missing,missing,missing,missing,missing,missing,EJ
103,0.0,0.0,0.0084855,0.0173238,0.0270994,0.0353783,0.0467615,0.0610059,0.0686588,innovation-rhodium18b,high,EU-12,missing,geothermal,missing,missing,missing,missing,missing,missing,missing,missing,EJ
104,0.0929088,0.14841,0.135083,0.140333,0.145582,0.150832,0.156081,0.161331,0.16658,innovation-rhodium18b,high,EU-12,missing,hydro,missing,missing,missing,missing,missing,missing,missing,missing,EJ
105,0.268824,0.348187,0.406567,0.464924,0.516357,0.547983,0.603749,0.698946,0.780149,innovation-rhodium18b,high,EU-12,missing,nuclear,missing,missing,missing,missing,missing,missing,missing,missing,EJ
106,0.1791277,0.0601185999999999,0.02669527,0.0303114999999999,0.0381153999999999,0.04197809,0.0443043999999999,0.0484646,0.0465319,innovation-rhodium18b,high,EU-12,missing,refined liquids,missing,missing,missing,missing,missing,missing,missing,missing,EJ
107,0.0,0.0,0.00290777,0.0281763,0.054372,0.0711259,0.0936035,0.111455,0.132842,innovation-rhodium18b,high,EU-12,missing,rooftop_pv,missing,missing,missing,missing,missing,missing,missing,missing,EJ
108,0.0,3.60002e-06,0.0557854823999999,0.1105718014,0.1850434393999999,0.2447511834,0.3180628434000001,0.4039777434000001,0.4841840230000001,innovation-rhodium18b,high,EU-12,missing,solar,missing,missing,missing,missing,missing,missing,missing,missing,EJ
109,0.0,0.00100801,0.1301294998,0.1824355908,0.2528653608,0.3235987508,0.4388825108,0.5395170635000001,0.6525589039999999,innovation-rhodium18b,high,EU-12,missing,wind,missing,missing,missing,missing,missing,missing,missing,missing,EJ
110,0.0284664,0.166771,0.324077,0.3311728,0.3261221,-0.5219849169999999,-1.8621916615,-4.483431865,-6.683390873,innovation-rhodium18b,high,EU-15,missing,biomass,missing,missing,missing,missing,missing,missing,missing,missing,EJ
111,2.83936,2.59761,2.3521,2.5628576,2.681936,2.706609640823,2.62234788221,2.4648268368,2.1479726200000004,innovation-rhodium18b,high,EU-15,missing,coal,missing,missing,missing,missing,missing,missing,missing,missing,EJ
112,0.4639999999999999,1.937954,1.613372,1.779072,1.886496,1.92966623644,1.8814122365,1.9316161601,1.866195528,innovation-rhodium18b,high,EU-15,missing,gas,missing,missing,missing,missing,missing,missing,missing,missing,EJ
113,0.0116132,0.0194279,0.0678691,0.116841,0.163543,0.203789,0.259681,0.338334,0.376666,innovation-rhodium18b,high,EU-15,missing,geothermal,missing,missing,missing,missing,missing,missing,missing,missing,EJ
114,0.940387,0.966583,1.0788,1.0788,1.0788,1.0788,1.0788,1.0788,1.0788,innovation-rhodium18b,high,EU-15,missing,hydro,missing,missing,missing,missing,missing,missing,missing,missing,EJ
115,2.5926,3.24331,3.026902,3.275025,3.41071,3.43565,3.5863,4.10511,4.41394,innovation-rhodium18b,high,EU-15,missing,nuclear,missing,missing,missing,missing,missing,missing,missing,missing,EJ
116,0.625782,0.363025,0.1262715,0.1277258,0.1377649,0.1419344,0.1402691999999999,0.1625708,0.1317927,innovation-rhodium18b,high,EU-15,missing,refined liquids,missing,missing,missing,missing,missing,missing,missing,missing,EJ
117,0.0,0.0,0.0172937,0.0845353,0.140446,0.194951,0.284028,0.366281,0.472462,innovation-rhodium18b,high,EU-15,missing,rooftop_pv,missing,missing,missing,missing,missing,missing,missing,missing,EJ
118,5.39981e-05,0.00528024,0.6585995799999999,1.1113950699999997,1.5517752799999998,1.90409674,2.4032289400000004,3.04274664,3.55264856,innovation-rhodium18b,high,EU-15,missing,solar,missing,missing,missing,missing,missing,missing,missing,missing,EJ
119,0.0028007,0.252577,1.3689914500000002,1.7810901400000003,2.22906202,2.67388172,3.40094692,3.89313697,4.615494770000001,innovation-rhodium18b,high,EU-15,missing,wind,missing,missing,missing,missing,missing,missing,missing,missing,EJ
120,0.0,0.0,0.00193631,0.002941302,0.004520914,-0.0327083840218999,-0.119626757753,-0.220660943534,-0.35283200368,innovation-rhodium18b,high,Europe_Eastern,missing,biomass,missing,missing,missing,missing,missing,missing,missing,missing,EJ
121,0.4348877,0.18644539,0.245299,0.26179669,0.2757323,0.2768657928943999,0.2727660529089999,0.250012112607,0.21823807213,innovation-rhodium18b,high,Europe_Eastern,missing,coal,missing,missing,missing,missing,missing,missing,missing,missing,EJ
122,0.4511671,0.495011,0.1746115,0.1864682,0.2039136,0.2119150197529999,0.21171586571,0.215562636,0.2177495981999999,innovation-rhodium18b,high,Europe_Eastern,missing,gas,missing,missing,missing,missing,missing,missing,missing,missing,EJ
123,0.0,0.0,0.00422787,0.00680888,0.00932783,0.0114281,0.0171734,0.0221221,0.0237909,innovation-rhodium18b,high,Europe_Eastern,missing,geothermal,missing,missing,missing,missing,missing,missing,missing,missing,EJ
124,0.0388476,0.0459936,0.0215649,0.0223507,0.0231364,0.0239221,0.0247079,0.0254936,0.0262793,innovation-rhodium18b,high,Europe_Eastern,missing,hydro,missing,missing,missing,missing,missing,missing,missing,missing,EJ
125,0.274249,0.319512,0.3610213,0.391647,0.432196,0.458611,0.539901,0.6125430000000001,0.677609,innovation-rhodium18b,high,Europe_Eastern,missing,nuclear,missing,missing,missing,missing,missing,missing,missing,missing,EJ
126,0.3224719,0.01390075,0.00560219,0.00671435,0.00901307,0.010553909,0.01264703,0.01357194,0.01412915,innovation-rhodium18b,high,Europe_Eastern,missing,refined liquids,missing,missing,missing,missing,missing,missing,missing,missing,EJ
127,0.0,0.0,0.00122648,0.0145883,0.034093,0.044904,0.0512888,0.0558495,0.0612354,innovation-rhodium18b,high,Europe_Eastern,missing,rooftop_pv,missing,missing,missing,missing,missing,missing,missing,missing,EJ
128,0.0,0.0,0.00647361116,0.0163087837,0.0391133028,0.0600018262999999,0.1030917353,0.1499204253,0.20245544624,innovation-rhodium18b,high,Europe_Eastern,missing,solar,missing,missing,missing,missing,missing,missing,missing,missing,EJ
129,0.0,0.000140396,0.0134290493,0.0233058929999999,0.041135789,0.059531607,0.106455916,0.1522146129,0.1920402362999999,innovation-rhodium18b,high,Europe_Eastern,missing,wind,missing,missing,missing,missing,missing,missing,missing,missing,EJ
130,0.0,4.31994e-05,0.000953256,0.002242648,0.004111023,-0.048224561329,-0.117386779562,-0.24659581765,-0.4051582715199999,innovation-rhodium18b,high,Europe_Non_EU,missing,biomass,missing,missing,missing,missing,missing,missing,missing,missing,EJ
131,0.231688,0.3113820499999999,0.502966,0.5705635,0.6419023,0.6799957431180002,0.66097024207,0.6212822344800001,0.5694720207999999,innovation-rhodium18b,high,Europe_Non_EU,missing,coal,missing,missing,missing,missing,missing,missing,missing,missing,EJ
132,0.05371337,0.2796833,0.359851,0.4075864,0.4628454,0.4935796849029999,0.49642549849,0.51694859132,0.5237949534999999,innovation-rhodium18b,high,Europe_Non_EU,missing,gas,missing,missing,missing,missing,missing,missing,missing,missing,EJ
133,0.000287999,0.000338395,0.0168169,0.0233582,0.0314901,0.0380865,0.0460203,0.048218,0.0551574,innovation-rhodium18b,high,Europe_Non_EU,missing,geothermal,missing,missing,missing,missing,missing,missing,missing,missing,EJ
134,0.147445,0.262537,0.365473,0.376134,0.386795,0.397456,0.408117,0.418778,0.429438,innovation-rhodium18b,high,Europe_Non_EU,missing,hydro,missing,missing,missing,missing,missing,missing,missing,missing,EJ
135,0.0,0.0,0.0323063,0.069737,0.114027,0.150591,0.197082,0.273333,0.347908,innovation-rhodium18b,high,Europe_Non_EU,missing,nuclear,missing,missing,missing,missing,missing,missing,missing,missing,EJ
136,0.0296832699999999,0.02866045,0.004906728,0.0053734299999999,0.00619245,0.005999157,0.00631708,0.00759116,0.00758609,innovation-rhodium18b,high,Europe_Non_EU,missing,refined liquids,missing,missing,missing,missing,missing,missing,missing,missing,EJ
137,0.0,0.0,0.00617496,0.0498841,0.098203,0.125755,0.168049,0.204198,0.251014,innovation-rhodium18b,high,Europe_Non_EU,missing,rooftop_pv,missing,missing,missing,missing,missing,missing,missing,missing,EJ
138,0.0,0.0,0.00511118768,0.02922046635,0.09027849885,0.15004598285,0.20128707185,0.26359440185,0.3174639841999999,innovation-rhodium18b,high,Europe_Non_EU,missing,solar,missing,missing,missing,missing,missing,missing,missing,missing,EJ
139,0.0,0.000248396,0.0592535913,0.082988804,0.12027138,0.157759531,0.206758551,0.2448106907,0.3072951626999999,innovation-rhodium18b,high,Europe_Non_EU,missing,wind,missing,missing,missing,missing,missing,missing,missing,missing,EJ
140,0.00165601,0.00277205,0.0103543,0.0166385360845,0.02003562,-0.04194781178,-0.1230848091,-0.2185054137,-0.411259321,innovation-rhodium18b,high,European Free Trade Association,missing,biomass,missing,missing,missing,missing,missing,missing,missing,missing,EJ
141,0.000338402,0.000475209,0.00317555,0.0051068689199,0.006353559,0.0072618801466,0.007806025712,0.0078722549,0.00770510498,innovation-rhodium18b,high,European Free Trade Association,missing,coal,missing,missing,missing,missing,missing,missing,missing,missing,EJ
142,0.000712805,0.00230044,0.00515055,0.008489036421,0.01104445,0.01278526637,0.0132929530999999,0.014245598,0.0161586844,innovation-rhodium18b,high,European Free Trade Association,missing,gas,missing,missing,missing,missing,missing,missing,missing,missing,EJ
143,0.00108001,0.00596891,0.0345881,0.0446757,0.0481597,0.0497206,0.054086,0.0472643,0.0429466,innovation-rhodium18b,high,European Free Trade Association,missing,geothermal,missing,missing,missing,missing,missing,missing,missing,missing,EJ
144,0.558752,0.626339,0.681628,0.681628,0.681628,0.681628,0.681628,0.681628,0.681628,innovation-rhodium18b,high,European Free Trade Association,missing,hydro,missing,missing,missing,missing,missing,missing,missing,missing,EJ
145,0.0850902,0.0840291,0.1198707,0.1493647,0.1646996,0.1718612,0.1801531,0.1869893,0.2013434,innovation-rhodium18b,high,European Free Trade Association,missing,nuclear,missing,missing,missing,missing,missing,missing,missing,missing,EJ
146,0.00107641,0.000309606,0.000408053,0.0005128859999999999,0.0004928129999999999,0.0004374952,0.00032420180000000004,0.0002595539,0.0002460474,innovation-rhodium18b,high,European Free Trade Association,missing,refined liquids,missing,missing,missing,missing,missing,missing,missing,missing,EJ
147,0.0,0.0,0.000105628,0.000714923,0.00122337,0.00152724,0.00175869,0.0021733,0.00320263,innovation-rhodium18b,high,European Free Trade Association,missing,rooftop_pv,missing,missing,missing,missing,missing,missing,missing,missing,EJ
148,3.60003e-06,7.56014e-05,0.0224177381,0.0523663094,0.0760125373,0.0923121603,0.1087431003,0.1191401443,0.1230515832999999,innovation-rhodium18b,high,European Free Trade Association,missing,solar,missing,missing,missing,missing,missing,missing,missing,missing,EJ
149,0.0,0.00182523,0.0614061294,0.1348388954,0.1988476684,0.2520350284,0.3180917783999999,0.3739349024,0.420445126,innovation-rhodium18b,high,European Free Trade Association,missing,wind,missing,missing,missing,missing,missing,missing,missing,missing,EJ
150,0.0,0.017604,0.164311,0.2790962,0.3886349,-2.26482583309,-5.0681993395,-10.0946701675,-16.8721550354,innovation-rhodium18b,high,India,missing,biomass,missing,missing,missing,missing,missing,missing,missing,missing,EJ
151,0.689896,1.72255,5.48315,7.217594,8.816851,10.038210859075,10.34281296083,10.5668356698,10.6266127926,innovation-rhodium18b,high,India,missing,coal,missing,missing,missing,missing,missing,missing,missing,missing,EJ
152,0.0358497,0.2716814,0.37806,0.574396,0.8112779999999999,1.0236946045600002,1.1563144802,1.3865063412,1.6273243803999995,innovation-rhodium18b,high,India,missing,gas,missing,missing,missing,missing,missing,missing,missing,missing,EJ
153,0.0,0.0,0.0348231,0.0747667,0.120314,0.159808,0.214724,0.282483,0.32312,innovation-rhodium18b,high,India,missing,geothermal,missing,missing,missing,missing,missing,missing,missing,missing,EJ
154,0.257962,0.389236,0.541944,0.592507,0.643069,0.693632,0.744194,0.794756,0.845319,innovation-rhodium18b,high,India,missing,hydro,missing,missing,missing,missing,missing,missing,missing,missing,EJ
155,0.0221081,0.0623664,0.266563,0.414866,0.564019,0.6968398,0.8594943,1.173198,1.5738573,innovation-rhodium18b,high,India,missing,nuclear,missing,missing,missing,missing,missing,missing,missing,missing,EJ
156,0.0479244,0.0913176,0.1832614,0.299363,0.430854,0.5166312,0.580111,0.7250650000000001,0.8113440000000001,innovation-rhodium18b,high,India,missing,refined liquids,missing,missing,missing,missing,missing,missing,missing,missing,EJ
157,0.0,0.0,0.178909,0.808121,1.33386,2.05009,3.60649,5.15071,6.43794,innovation-rhodium18b,high,India,missing,rooftop_pv,missing,missing,missing,missing,missing,missing,missing,missing,EJ
158,0.0,1.08e-05,0.2265837059999999,0.753855772,1.422911852,2.000251402,2.514394902,3.547172402,4.960078412,innovation-rhodium18b,high,India,missing,solar,missing,missing,missing,missing,missing,missing,missing,missing,EJ
159,0.000115203,0.0223596,0.38878762,0.8291676400000001,1.45064336,2.14467586,2.96894796,4.193664759,5.5282504,innovation-rhodium18b,high,India,missing,wind,missing,missing,missing,missing,missing,missing,missing,missing,EJ
160,0.0,7.91986e-05,0.00386533,0.0066276799999999,0.01193108,-0.110557003446,-0.23180021813,-0.57188504201,-1.09679136181,innovation-rhodium18b,high,Indonesia,missing,biomass,missing,missing,missing,missing,missing,missing,missing,missing,EJ
161,0.0351637,0.186451,0.667926,0.8067943000000001,0.986564,1.125714935884,1.15192658998,1.1963441228899998,1.2099710193,innovation-rhodium18b,high,Indonesia,missing,coal,missing,missing,missing,missing,missing,missing,missing,missing,EJ
162,0.0026423195,0.0687084,0.2937765,0.3726089999999999,0.505232,0.6063960838399999,0.6360641342000001,0.7280568735000001,0.8144862924,innovation-rhodium18b,high,Indonesia,missing,gas,missing,missing,missing,missing,missing,missing,missing,missing,EJ
163,0.00404987,0.023774,0.057316,0.0748083,0.0979167,0.118133,0.13597,0.143011,0.167298,innovation-rhodium18b,high,Indonesia,missing,geothermal,missing,missing,missing,missing,missing,missing,missing,missing,EJ
164,0.0205488,0.03861,0.0512443,0.0530209,0.0547976,0.0565743,0.058351,0.0601276,0.0619043,innovation-rhodium18b,high,Indonesia,missing,hydro,missing,missing,missing,missing,missing,missing,missing,missing,EJ
165,0.0,0.0,0.00501344,0.0130015,0.0297939,0.0507719,0.072288,0.128652,0.205869,innovation-rhodium18b,high,Indonesia,missing,nuclear,missing,missing,missing,missing,missing,missing,missing,missing,EJ
166,0.0551935,0.141474,0.0831092,0.0973642,0.1427774,0.17192,0.1879482,0.2287552,0.2388563,innovation-rhodium18b,high,Indonesia,missing,refined liquids,missing,missing,missing,missing,missing,missing,missing,missing,EJ
167,0.0,0.0,0.0186115,0.12119,0.19726,0.284071,0.474488,0.651608,0.79073,innovation-rhodium18b,high,Indonesia,missing,rooftop_pv,missing,missing,missing,missing,missing,missing,missing,missing,EJ
168,0.0,0.0,0.01021952495,0.04232540035,0.1095700203499999,0.17058373035,0.21208991035,0.34187752125,0.5464610164999999,innovation-rhodium18b,high,Indonesia,missing,solar,missing,missing,missing,missing,missing,missing,missing,missing,EJ
169,0.0,0.0,0.0038766948,0.0104768493999999,0.0252584683999999,0.0467069674,0.0758670834,0.1726286721,0.3221307606,innovation-rhodium18b,high,Indonesia,missing,wind,missing,missing,missing,missing,missing,missing,missing,missing,EJ
170,0.0313952,0.0522352,0.125342,0.12041646,0.1141908599999999,0.01143558184,-0.17758314669,-0.4861404801,-0.8333881853,innovation-rhodium18b,high,Japan,missing,biomass,missing,missing,missing,missing,missing,missing,missing,missing,EJ
171,0.441664,1.05433,1.4998,1.5535844,1.571747,1.529842894599,1.45597988263,1.3319875347,1.1473216793,innovation-rhodium18b,high,Japan,missing,coal,missing,missing,missing,missing,missing,missing,missing,missing,EJ
172,0.606408,0.89175,1.613735,1.633286,1.6298849999999998,1.562221924385,1.4788111597,1.4307598923999998,1.358176124,innovation-rhodium18b,high,Japan,missing,gas,missing,missing,missing,missing,missing,missing,missing,missing,EJ
173,0.00626751,0.0116134,0.0179214,0.0229729,0.0287344,0.0334345,0.0428798,0.0484345,0.0532439,innovation-rhodium18b,high,Japan,missing,geothermal,missing,missing,missing,missing,missing,missing,missing,missing,EJ
174,0.386734,0.351482,0.31453,0.315436,0.316342,0.317247,0.318153,0.319059,0.319964,innovation-rhodium18b,high,Japan,missing,hydro,missing,missing,missing,missing,missing,missing,missing,missing,EJ
175,0.728169,1.0971,0.0313814,0.0589325,0.1115238,0.1684788,0.2919751,0.4822117,0.6598573,innovation-rhodium18b,high,Japan,missing,nuclear,missing,missing,missing,missing,missing,missing,missing,missing,EJ
176,0.900636,0.487908,0.2899764,0.2443661,0.2316887,0.2144960199999999,0.1952115,0.170499,0.1360566999999999,innovation-rhodium18b,high,Japan,missing,refined liquids,missing,missing,missing,missing,missing,missing,missing,missing,EJ
177,0.0,0.0,0.00590502,0.0389157,0.0691807,0.0909518,0.118471,0.153069,0.180561,innovation-rhodium18b,high,Japan,missing,rooftop_pv,missing,missing,missing,missing,missing,missing,missing,missing,EJ
178,0.000241197,0.00511192,0.2431518601,0.3437331388,0.4608045278,0.5411225308000001,0.6945327108,0.8438016108,1.0166513507,innovation-rhodium18b,high,Japan,missing,solar,missing,missing,missing,missing,missing,missing,missing,missing,EJ
179,0.0,0.00630351,0.0411766452,0.0579865712,0.0838357882,0.1103961182,0.1807611282,0.2857001533999999,0.3938489189999999,innovation-rhodium18b,high,Japan,missing,wind,missing,missing,missing,missing,missing,missing,missing,missing,EJ
180,0.0,0.010965,0.0175903,0.03348019,0.05047651,-0.3966866806999999,-0.7874249346400001,-1.4574048667,-2.2674440433000003,innovation-rhodium18b,high,Mexico,missing,biomass,missing,missing,missing,missing,missing,missing,missing,missing,EJ
181,0.0279849,0.117865,0.137193,0.16061035,0.1879842,0.2087261800929999,0.207523841484,0.1991248314,0.18681795294,innovation-rhodium18b,high,Mexico,missing,coal,missing,missing,missing,missing,missing,missing,missing,missing,EJ
182,0.0520532,0.3372945,0.635812,0.7404149999999999,0.8823810000000001,1.005783865054,1.03491993097,1.1207271659,1.1951257432,innovation-rhodium18b,high,Mexico,missing,gas,missing,missing,missing,missing,missing,missing,missing,missing,EJ
183,0.0184454,0.026275,0.0285202,0.036971,0.0479236,0.058147,0.0682714,0.0665874,0.0799369,innovation-rhodium18b,high,Mexico,missing,geothermal,missing,missing,missing,missing,missing,missing,missing,missing,EJ
184,0.0845208,0.0997524,0.111165,0.111396,0.111626,0.111857,0.112088,0.112319,0.11255,innovation-rhodium18b,high,Mexico,missing,hydro,missing,missing,missing,missing,missing,missing,missing,missing,EJ
185,0.0105726,0.0388959,0.04211884,0.04609273,0.0521373,0.0581295,0.0647707999999999,0.081491,0.1026897,innovation-rhodium18b,high,Mexico,missing,nuclear,missing,missing,missing,missing,missing,missing,missing,missing,EJ
186,0.223411,0.24595,0.1080865,0.1331734,0.1705832,0.1806936,0.1803553,0.1885488,0.1737851,innovation-rhodium18b,high,Mexico,missing,refined liquids,missing,missing,missing,missing,missing,missing,missing,missing,EJ
187,0.0,0.0,0.0268347,0.119714,0.181663,0.227221,0.309233,0.394067,0.492024,innovation-rhodium18b,high,Mexico,missing,rooftop_pv,missing,missing,missing,missing,missing,missing,missing,missing,EJ
188,3.59981e-06,3.23983e-05,0.0060693549,0.0350839372899999,0.09905267509,0.16861871309,0.21745222409,0.2907399750899999,0.3692785633,innovation-rhodium18b,high,Mexico,missing,solar,missing,missing,missing,missing,missing,missing,missing,missing,EJ
189,3.59981e-06,6.83963e-05,0.0452972516999999,0.0753393207,0.1277658467,0.1900231267,0.2611901167,0.3627707959,0.49655021,innovation-rhodium18b,high,Mexico,missing,wind,missing,missing,missing,missing,missing,missing,missing,missing,EJ
190,0.0,0.0,0.00266584,0.006688833,0.0139278499999999,-0.168170700991,-0.41003392066,-0.8599454930600001,-1.56852363576,innovation-rhodium18b,high,Middle East,missing,biomass,missing,missing,missing,missing,missing,missing,missing,missing,EJ
191,0.037911,0.132627,0.11943,0.13123083,0.14602615,0.1546066042115,0.1540334114598,0.150703354369,0.14474793449,innovation-rhodium18b,high,Middle East,missing,coal,missing,missing,missing,missing,missing,missing,missing,missing,EJ
192,0.410424,1.37907,2.681571,2.892476,3.293121,3.53935476979,3.6090660387,3.820209416,4.068471517999999,innovation-rhodium18b,high,Middle East,missing,gas,missing,missing,missing,missing,missing,missing,missing,missing,EJ
193,0.0,0.0,0.0110777,0.0247803,0.0418753,0.0548981,0.0748949,0.105264,0.129624,innovation-rhodium18b,high,Middle East,missing,geothermal,missing,missing,missing,missing,missing,missing,missing,missing,EJ
194,0.04293,0.0992016,0.0920567,0.120735,0.149414,0.178093,0.206771,0.23545,0.264129,innovation-rhodium18b,high,Middle East,missing,hydro,missing,missing,missing,missing,missing,missing,missing,missing,EJ
195,0.0,0.0,0.02557535,0.04939707,0.09360526,0.14263144,0.2103957099999999,0.32228541,0.46031982,innovation-rhodium18b,high,Middle East,missing,nuclear,missing,missing,missing,missing,missing,missing,missing,missing,EJ
196,0.388706,0.71284,1.105034,1.289123,1.680328,1.933986,2.041875,2.151069,2.140672,innovation-rhodium18b,high,Middle East,missing,refined liquids,missing,missing,missing,missing,missing,missing,missing,missing,EJ
197,0.0,0.0,0.356298,0.701202,0.942029,1.20939,1.65539,1.94386,2.15287,innovation-rhodium18b,high,Middle East,missing,rooftop_pv,missing,missing,missing,missing,missing,missing,missing,missing,EJ
198,0.0,0.0,0.03556280143,0.1078768371,0.2602807087,0.3989028467,0.5311095467,0.7535626466999998,1.0399621179999998,innovation-rhodium18b,high,Middle East,missing,solar,missing,missing,missing,missing,missing,missing,missing,missing,EJ
199,3.59926e-06,0.000305898,0.02731815,0.07926746,0.1839939199999999,0.30533456,0.48977455,0.804094179,1.170685708,innovation-rhodium18b,high,Middle East,missing,wind,missing,missing,missing,missing,missing,missing,missing,missing,EJ
200,0.0,0.0,0.00667167,0.0122343,0.02008378,-0.15602991147,-0.66984128263,-1.19753603974,-1.57038013918,innovation-rhodium18b,high,Pakistan,missing,biomass,missing,missing,missing,missing,missing,missing,missing,missing,EJ
201,0.00013679,0.000464408,0.00532954,0.009093525,0.01334501,0.0173656797257799,0.0230780887667,0.0270530044959999,0.028645318957,innovation-rhodium18b,high,Pakistan,missing,coal,missing,missing,missing,missing,missing,missing,missing,missing,EJ
202,0.04560498,0.1486321,0.1664437,0.2018354,0.24514,0.27483509078,0.32072549985,0.3486532389,0.3426687295,innovation-rhodium18b,high,Pakistan,missing,gas,missing,missing,missing,missing,missing,missing,missing,missing,EJ
203,0.0,0.0,0.0160491,0.0331989,0.0512024,0.0662389,0.104151,0.139057,0.145481,innovation-rhodium18b,high,Pakistan,missing,geothermal,missing,missing,missing,missing,missing,missing,missing,missing,EJ
204,0.06093,0.111103,0.131602,0.138525,0.145448,0.152371,0.159295,0.166218,0.173141,innovation-rhodium18b,high,Pakistan,missing,hydro,missing,missing,missing,missing,missing,missing,missing,missing,EJ
205,0.00105472,0.00894255,0.0271471,0.0370715,0.0483626,0.0591497,0.0916831,0.12439121,0.14566427,innovation-rhodium18b,high,Pakistan,missing,nuclear,missing,missing,missing,missing,missing,missing,missing,missing,EJ
206,0.0278907,0.0679259,0.1389477999999999,0.1437826999999999,0.1628021,0.1765538999999999,0.204832,0.1874748,0.1448264,innovation-rhodium18b,high,Pakistan,missing,refined liquids,missing,missing,missing,missing,missing,missing,missing,missing,EJ
207,0.0,0.0,0.0313296,0.0599272,0.104055,0.188167,0.323679,0.436683,0.53651,innovation-rhodium18b,high,Pakistan,missing,rooftop_pv,missing,missing,missing,missing,missing,missing,missing,missing,EJ
208,0.0,0.0,0.029316986,0.0796888462,0.1394279611999999,0.1949983112,0.3650879312,0.5702470012,0.705397206,innovation-rhodium18b,high,Pakistan,missing,solar,missing,missing,missing,missing,missing,missing,missing,missing,EJ
209,0.0,0.0,0.03228626511,0.07989594961,0.14700424461,0.21548641861,0.38010208861,0.5387624487,0.622912106,innovation-rhodium18b,high,Pakistan,missing,wind,missing,missing,missing,missing,missing,missing,missing,missing,EJ
210,0.0,0.0,0.00711042,0.009521495,0.01436462,-0.088092210158,-0.4119323367999999,-0.77453882413,-1.2559981800500002,innovation-rhodium18b,high,Russia,missing,biomass,missing,missing,missing,missing,missing,missing,missing,missing,EJ
211,1.315419,1.128482,0.692529,0.7303823,0.7618726,0.7531589259646002,0.7202846478530001,0.5948027378799999,0.48492363091,innovation-rhodium18b,high,Russia,missing,coal,missing,missing,missing,missing,missing,missing,missing,missing,EJ
212,4.69084,3.0346,1.992992,2.132375,2.366515,2.42032290492,2.3700087839000004,2.38174625,2.351676705,innovation-rhodium18b,high,Russia,missing,gas,missing,missing,missing,missing,missing,missing,missing,missing,EJ
213,0.000100804,0.00147597,0.0303433,0.0468049,0.069129,0.0848071,0.122519,0.151864,0.157675,innovation-rhodium18b,high,Russia,missing,geothermal,missing,missing,missing,missing,missing,missing,missing,missing,EJ
214,0.597301,0.621637,0.646028,0.687281,0.728534,0.769788,0.811041,0.852294,0.893547,innovation-rhodium18b,high,Russia,missing,hydro,missing,missing,missing,missing,missing,missing,missing,missing,EJ
215,0.425914,0.537993,0.941137,1.04464,1.1885530000000002,1.267182,1.561608,1.821242,2.060366,innovation-rhodium18b,high,Russia,missing,nuclear,missing,missing,missing,missing,missing,missing,missing,missing,EJ
216,1.217924,0.1274076,0.0381147,0.0276374,0.0346092,0.03241917,0.0464237,0.0433206,0.03967638,innovation-rhodium18b,high,Russia,missing,refined liquids,missing,missing,missing,missing,missing,missing,missing,missing,EJ
217,0.0,0.0,0.000688547,0.012833,0.0562697,0.120882,0.158587,0.158657,0.155739,innovation-rhodium18b,high,Russia,missing,rooftop_pv,missing,missing,missing,missing,missing,missing,missing,missing,EJ
218,0.0,0.0,0.00943437976,0.0238995626,0.0726393034,0.1275162836999999,0.2936478547,0.4813038557,0.70164966294,innovation-rhodium18b,high,Russia,missing,solar,missing,missing,missing,missing,missing,missing,missing,missing,EJ
219,0.0,2.51994e-05,0.071113468,0.124244131,0.218504851,0.298215751,0.5569840610000001,0.8395074690000001,1.0757969509999998,innovation-rhodium18b,high,Russia,missing,wind,missing,missing,missing,missing,missing,missing,missing,missing,EJ
220,0.0,0.000932388,0.00152267,0.002446525,0.004210126,-0.0398462242318,-0.140977081166,-0.312612783812,-0.54288432916,innovation-rhodium18b,high,South Africa,missing,biomass,missing,missing,missing,missing,missing,missing,missing,missing,EJ
221,0.561322,0.824681,0.884204,0.9446724,1.004428,1.0068171611486,0.9787379448,0.90789426757,0.8113040286500001,innovation-rhodium18b,high,South Africa,missing,coal,missing,missing,missing,missing,missing,missing,missing,missing,EJ
222,0.0,0.0,0.0009822685,0.0018246618,0.0031813418,0.00392753942434,0.0055877294677999,0.0083526969235999,0.0113794706765,innovation-rhodium18b,high,South Africa,missing,gas,missing,missing,missing,missing,missing,missing,missing,missing,EJ
223,0.0,0.0,0.00361269,0.00776075,0.0122015,0.014688,0.0190937,0.0226387,0.0241897,innovation-rhodium18b,high,South Africa,missing,geothermal,missing,missing,missing,missing,missing,missing,missing,missing,EJ
224,0.003636,0.0047952,0.0033725,0.0038614,0.0043503,0.0048392,0.0053281,0.005817,0.0063059,innovation-rhodium18b,high,South Africa,missing,hydro,missing,missing,missing,missing,missing,missing,missing,missing,EJ
225,0.0304158,0.0406543,0.041244162,0.04282083,0.0479579,0.0523826,0.0669536,0.0934175,0.1252471,innovation-rhodium18b,high,South Africa,missing,nuclear,missing,missing,missing,missing,missing,missing,missing,missing,EJ
226,0.0,0.0,0.0003938204000000001,0.000402109,0.000564161,0.0005775782000000001,0.0008468060000000001,0.001084042,0.001165745,innovation-rhodium18b,high,South Africa,missing,refined liquids,missing,missing,missing,missing,missing,missing,missing,missing,EJ
227,0.0,0.0,0.00903848,0.045766,0.0681296,0.0939764,0.15503,0.217739,0.2739,innovation-rhodium18b,high,South Africa,missing,rooftop_pv,missing,missing,missing,missing,missing,missing,missing,missing,EJ
228,0.0,0.0,0.02444996019,0.0752591277999999,0.158880637,0.21066074,0.276572986,0.359803526,0.4553885891,innovation-rhodium18b,high,South Africa,missing,solar,missing,missing,missing,missing,missing,missing,missing,missing,EJ
229,0.0,4.31995e-05,0.0176690361,0.0339240502,0.0651198601999999,0.0950118661999999,0.1641540262,0.257169024,0.3511471770999999,innovation-rhodium18b,high,South Africa,missing,wind,missing,missing,missing,missing,missing,missing,missing,missing,EJ
230,6.07703e-05,9.18619e-05,1.66824e-05,1.19338e-05,6.43799e-06,4.6738e-06,-0.0052966077468,-0.0238342933996,-0.051418097588,innovation-rhodium18b,high,South America_Northern,missing,biomass,missing,missing,missing,missing,missing,missing,missing,missing,EJ
231,0.0,0.0,0.0,0.0,0.0,0.0,4.423666866e-05,0.00014102248778,0.0002379707131,innovation-rhodium18b,high,South America_Northern,missing,coal,missing,missing,missing,missing,missing,missing,missing,missing,EJ
232,0.0558832,0.0543899,0.0444042,0.0397513,0.0475929,0.04857593966,0.0503069049,0.06186137826,0.0772337052999999,innovation-rhodium18b,high,South America_Northern,missing,gas,missing,missing,missing,missing,missing,missing,missing,missing,EJ
233,0.0,0.0,0.0,0.0,0.0,0.0,0.00184905,0.00717989,0.0129036,innovation-rhodium18b,high,South America_Northern,missing,geothermal,missing,missing,missing,missing,missing,missing,missing,missing,EJ
234,0.134775,0.282745,0.138193,0.139918,0.197666,0.251685,0.303156,0.308828,0.3145,innovation-rhodium18b,high,South America_Northern,missing,hydro,missing,missing,missing,missing,missing,missing,missing,missing,EJ
235,0.0,0.0,0.0,0.0,0.0,0.0,0.000330379,0.00218759,0.00520271,innovation-rhodium18b,high,South America_Northern,missing,nuclear,missing,missing,missing,missing,missing,missing,missing,missing,EJ
236,0.0469143,0.0859248,0.0311597,0.0263418,0.0243153,0.0230938,0.02413571,0.03477594,0.03538032,innovation-rhodium18b,high,South America_Northern,missing,refined liquids,missing,missing,missing,missing,missing,missing,missing,missing,EJ
237,0.0,0.0,0.0160969,0.0322743,0.0469146,0.0624336,0.0797471,0.0943241,0.109983,innovation-rhodium18b,high,South America_Northern,missing,rooftop_pv,missing,missing,missing,missing,missing,missing,missing,missing,EJ
238,0.0,5.31994e-05,2.99205e-05,2.96935e-05,4.11334e-05,5.1376e-05,0.0026229898,0.010083792,0.019003542,innovation-rhodium18b,high,South America_Northern,missing,solar,missing,missing,missing,missing,missing,missing,missing,missing,EJ
239,0.0,0.000196298,0.00023547,0.000233684,0.000323714,0.000404322,0.007852735,0.031240535,0.058902515,innovation-rhodium18b,high,South America_Northern,missing,wind,missing,missing,missing,missing,missing,missing,missing,missing,EJ
240,0.000737983,0.0020193,0.0183134,0.02965163,0.04179272,-0.21199171472,-0.4450011081,-0.9026506879,-1.4756278912,innovation-rhodium18b,high,South America_Southern,missing,biomass,missing,missing,missing,missing,missing,missing,missing,missing,EJ
241,0.0234895,0.0288533,0.145172,0.1827289999999999,0.2276831999999999,0.2562761012903,0.2632112266029999,0.26886255856,0.2647211512,innovation-rhodium18b,high,South America_Southern,missing,coal,missing,missing,missing,missing,missing,missing,missing,missing,EJ
242,0.004762685,0.0806353,0.2061102,0.2615619999999999,0.339174,0.38447425008,0.3950222586,0.4323201617,0.4654001446,innovation-rhodium18b,high,South America_Southern,missing,gas,missing,missing,missing,missing,missing,missing,missing,missing,EJ
243,0.0,0.0,0.0024257,0.00695237,0.0150755,0.0230272,0.032515,0.0512271,0.0695064,innovation-rhodium18b,high,South America_Southern,missing,geothermal,missing,missing,missing,missing,missing,missing,missing,missing,EJ
244,0.215035,0.400529,0.506588,0.555399,0.604211,0.653023,0.701835,0.750646,0.799458,innovation-rhodium18b,high,South America_Southern,missing,hydro,missing,missing,missing,missing,missing,missing,missing,missing,EJ
245,0.0,0.0,0.0,0.000622167,0.00219725,0.00404618,0.00762699,0.0179015,0.0330151,innovation-rhodium18b,high,South America_Southern,missing,nuclear,missing,missing,missing,missing,missing,missing,missing,missing,EJ
246,0.0240474,0.0373697,0.0632725,0.0789342,0.1089469,0.1140571,0.1092336,0.1260577,0.1245915,innovation-rhodium18b,high,South America_Southern,missing,refined liquids,missing,missing,missing,missing,missing,missing,missing,missing,EJ
247,0.0,0.0,0.0159347,0.0782009,0.122226,0.161567,0.217394,0.266391,0.314209,innovation-rhodium18b,high,South America_Southern,missing,rooftop_pv,missing,missing,missing,missing,missing,missing,missing,missing,EJ
248,0.0,0.0,0.01848140752,0.0490708078399999,0.1013848849399999,0.1412074539399999,0.17048558694,0.2169602169399999,0.2635153379,innovation-rhodium18b,high,South America_Southern,missing,solar,missing,missing,missing,missing,missing,missing,missing,missing,EJ
249,0.0,2.87957e-05,0.0333864023,0.0556933273,0.0927923873,0.1286747183,0.1728747283,0.2549614869,0.362622723,innovation-rhodium18b,high,South America_Southern,missing,wind,missing,missing,missing,missing,missing,missing,missing,missing,EJ
250,5.53668e-05,1.43999e-05,0.00234974,0.005166929,0.00848469,-0.082656103764,-0.24885128103,-0.4642099602999999,-0.7910863673800002,innovation-rhodium18b,high,South Asia,missing,biomass,missing,missing,missing,missing,missing,missing,missing,missing,EJ
251,0.0,0.00142162,0.0595052,0.08713494,0.1137127,0.1355944276218,0.1486068368049999,0.15185291168,0.1526230677,innovation-rhodium18b,high,South Asia,missing,coal,missing,missing,missing,missing,missing,missing,missing,missing,EJ
252,0.02345262,0.0875404,0.2966235,0.393648,0.508948,0.6131588874900001,0.691285759,0.7868385713,0.8867543652,innovation-rhodium18b,high,South Asia,missing,gas,missing,missing,missing,missing,missing,missing,missing,missing,EJ
253,0.0,0.0,0.00765772,0.0195814,0.0335347,0.0467358,0.0652122,0.0821218,0.0952828,innovation-rhodium18b,high,South Asia,missing,geothermal,missing,missing,missing,missing,missing,missing,missing,missing,EJ
254,0.0264292,0.0437314,0.102613,0.11081,0.119006,0.127202,0.135398,0.143594,0.15179,innovation-rhodium18b,high,South Asia,missing,hydro,missing,missing,missing,missing,missing,missing,missing,missing,EJ
255,0.0,0.0,0.00442213,0.0130569,0.026198,0.0422514,0.0719885,0.110467,0.16116,innovation-rhodium18b,high,South Asia,missing,nuclear,missing,missing,missing,missing,missing,missing,missing,missing,EJ
256,0.00849438,0.0423369,0.0745054,0.0818020999999999,0.0872537,0.0865286,0.0890551,0.0866622,0.0859531,innovation-rhodium18b,high,South Asia,missing,refined liquids,missing,missing,missing,missing,missing,missing,missing,missing,EJ
257,0.0,0.0,0.0135356,0.0573775,0.0863889,0.124049,0.189777,0.266715,0.354058,innovation-rhodium18b,high,South Asia,missing,rooftop_pv,missing,missing,missing,missing,missing,missing,missing,missing,EJ
258,0.0,0.000485897,0.0145839020099999,0.0585485932499999,0.12578090495,0.19268968795,0.28353046795,0.3894085009499999,0.5198346282999999,innovation-rhodium18b,high,South Asia,missing,solar,missing,missing,missing,missing,missing,missing,missing,missing,EJ
259,0.0,4.77997e-05,0.0291830125,0.0878861115,0.1771882335,0.2790115135,0.4427624535,0.6268578681999999,0.825046674,innovation-rhodium18b,high,South Asia,missing,wind,missing,missing,missing,missing,missing,missing,missing,missing,EJ
260,0.0,0.000162004,0.00944904,0.0104451,0.0113425,0.00782178251018,0.0038062727984,-0.0027760080572,-0.0093856374422,innovation-rhodium18b,high,South Korea,missing,biomass,missing,missing,missing,missing,missing,missing,missing,missing,EJ
261,0.0423734,0.482672,0.858875,0.9170284,0.9630822,0.960969755418526,0.92224980308651,0.8312018196814,0.7118834694973999,innovation-rhodium18b,high,South Korea,missing,coal,missing,missing,missing,missing,missing,missing,missing,missing,EJ
262,0.03457549,0.2130647,0.44720774,0.47232192,0.49393999,0.4888299027990599,0.4765565653541999,0.4596267877584999,0.437829758701,innovation-rhodium18b,high,South Korea,missing,gas,missing,missing,missing,missing,missing,missing,missing,missing,EJ
263,0.0228996,0.0132228,0.0108408,0.013956,0.0170712,0.0201864,0.0233017,0.0264169,0.0295321,innovation-rhodium18b,high,South Korea,missing,hydro,missing,missing,missing,missing,missing,missing,missing,missing,EJ
264,0.190399,0.528419,0.7027100000000001,0.7969379999999999,0.892661,0.940864,1.034161,1.127548,1.206164,innovation-rhodium18b,high,South Korea,missing,nuclear,missing,missing,missing,missing,missing,missing,missing,missing,EJ
265,0.0678874,0.0757497,0.02919275,0.02813431,0.02869089,0.027471722,0.02746638,0.0250563299999999,0.0215740899999999,innovation-rhodium18b,high,South Korea,missing,refined liquids,missing,missing,missing,missing,missing,missing,missing,missing,EJ
266,0.0,0.0,0.00589647,0.0491871,0.0970581,0.120507,0.142697,0.158282,0.170415,innovation-rhodium18b,high,South Korea,missing,rooftop_pv,missing,missing,missing,missing,missing,missing,missing,missing,EJ
267,3.60012e-06,5.40015e-05,0.02886742299,0.06804728939,0.14773347219,0.21338150419,0.29352974419,0.3547512641899999,0.4102661561,innovation-rhodium18b,high,South Korea,missing,solar,missing,missing,missing,missing,missing,missing,missing,missing,EJ
268,0.0,0.000468013,0.0118578786,0.0238526649,0.0454707899,0.0676416659,0.1113199629,0.1602501489999999,0.2077562893,innovation-rhodium18b,high,South Korea,missing,wind,missing,missing,missing,missing,missing,missing,missing,missing,EJ
269,0.00221114,0.00917245,0.0447628,0.06046048,0.0785892,-0.53112151687,-1.19549606119,-2.2021659982,-3.5764318767,innovation-rhodium18b,high,Southeast Asia,missing,biomass,missing,missing,missing,missing,missing,missing,missing,missing,EJ
270,0.104593,0.279399,1.02953,1.2583443,1.504834,1.6941071957099998,1.7636175308100002,1.7675280509,1.7251542446,innovation-rhodium18b,high,Southeast Asia,missing,coal,missing,missing,missing,missing,missing,missing,missing,missing,EJ
271,0.0916145,0.806327,1.470638,1.6840540000000002,1.957448,2.159683426557,2.20442039396,2.3125127083,2.3817307417,innovation-rhodium18b,high,Southeast Asia,missing,gas,missing,missing,missing,missing,missing,missing,missing,missing,EJ
272,0.0196808,0.035653,0.0675119,0.0928667,0.122977,0.150006,0.183198,0.196632,0.222958,innovation-rhodium18b,high,Southeast Asia,missing,geothermal,missing,missing,missing,missing,missing,missing,missing,missing,EJ
273,0.141419,0.200242,0.42751,0.443456,0.459402,0.475347,0.491293,0.507239,0.523185,innovation-rhodium18b,high,Southeast Asia,missing,hydro,missing,missing,missing,missing,missing,missing,missing,missing,EJ
274,0.0,0.0,0.0132541,0.031647,0.0622107,0.0990344,0.155462,0.249529,0.370907,innovation-rhodium18b,high,Southeast Asia,missing,nuclear,missing,missing,missing,missing,missing,missing,missing,missing,EJ
275,0.191671,0.116593,0.0551125,0.0643667,0.0886267,0.0958121,0.103999,0.1216341,0.1293633,innovation-rhodium18b,high,Southeast Asia,missing,refined liquids,missing,missing,missing,missing,missing,missing,missing,missing,EJ
276,0.0,0.0,0.0260434,0.211593,0.34883,0.452876,0.628959,0.826655,1.05062,innovation-rhodium18b,high,Southeast Asia,missing,rooftop_pv,missing,missing,missing,missing,missing,missing,missing,missing,EJ
277,0.0,0.00026579,0.0477841096,0.1509822464,0.3360384024,0.5158233024000001,0.6838210024,0.8921547023999999,1.122804427,innovation-rhodium18b,high,Southeast Asia,missing,solar,missing,missing,missing,missing,missing,missing,missing,missing,EJ
278,0.0,8.46967e-05,0.0464213216,0.1225245396,0.2630490796,0.4367195996,0.6986535495999999,1.0926129146,1.511260638,innovation-rhodium18b,high,Southeast Asia,missing,wind,missing,missing,missing,missing,missing,missing,missing,missing,EJ
279,0.0,0.0118312,0.0164043,0.0173040899999999,0.0173830099999999,-0.046585449822,-0.109562782084,-0.141559803686,-0.127654421555,innovation-rhodium18b,high,Taiwan,missing,biomass,missing,missing,missing,missing,missing,missing,missing,missing,EJ
280,0.07806,0.333203,0.46469,0.5269556,0.5725352,0.5907953358428998,0.5920720195310001,0.5705193956819998,0.523341535156,innovation-rhodium18b,high,Taiwan,missing,coal,missing,missing,missing,missing,missing,missing,missing,missing,EJ
281,0.00372606,0.1302439,0.3733819,0.4217276,0.4597854999999999,0.475138842275,0.4874774754099999,0.50230437476,0.50698570131,innovation-rhodium18b,high,Taiwan,missing,gas,missing,missing,missing,missing,missing,missing,missing,missing,EJ
282,1.08002e-05,0.0,0.00241872,0.0038759,0.00538275,0.00647542,0.00949883,0.012214,0.013398,innovation-rhodium18b,high,Taiwan,missing,geothermal,missing,missing,missing,missing,missing,missing,missing,missing,EJ
283,0.0229716,0.0143496,0.0168527,0.0176134,0.0183741,0.0191348,0.0198955,0.0206562,0.0214169,innovation-rhodium18b,high,Taiwan,missing,hydro,missing,missing,missing,missing,missing,missing,missing,missing,EJ
284,0.118319,0.143918,0.1252865799999999,0.12376667,0.121063,0.1152641,0.1119833,0.112234,0.1158821999999999,innovation-rhodium18b,high,Taiwan,missing,nuclear,missing,missing,missing,missing,missing,missing,missing,missing,EJ
285,0.0780744,0.0395548,0.04215504,0.03761018,0.0380485,0.03626186,0.04098744,0.04117585,0.03703798,innovation-rhodium18b,high,Taiwan,missing,refined liquids,missing,missing,missing,missing,missing,missing,missing,missing,EJ
286,0.0,0.0,0.00198442,0.0214418,0.0450945,0.0563262,0.071143,0.0770568,0.0793449,innovation-rhodium18b,high,Taiwan,missing,rooftop_pv,missing,missing,missing,missing,missing,missing,missing,missing,EJ
287,0.0,3.60048e-06,0.01459737157,0.03748608857,0.0781123690699999,0.1137353070699999,0.16205806207,0.22587463207,0.3037388994,innovation-rhodium18b,high,Taiwan,missing,solar,missing,missing,missing,missing,missing,missing,missing,missing,EJ
288,0.0,0.000327643,0.0193468538,0.0325748183,0.0493668423,0.0652696843,0.0956703172999999,0.1351701487,0.1774137415,innovation-rhodium18b,high,Taiwan,missing,wind,missing,missing,missing,missing,missing,missing,missing,missing,EJ
289,0.0003852,0.0046332,0.00881038,0.010100708,0.01047241,-0.04866212283,-0.12664590924,-0.2127726255799999,-0.32857101782,innovation-rhodium18b,high,Argentina,missing,biomass,missing,missing,missing,missing,missing,missing,missing,missing,EJ
290,0.002376,0.007848,0.0156592,0.019200296,0.02246666,0.02442452412596,0.0247200993242,0.022928682287,0.020418198599,innovation-rhodium18b,high,Argentina,missing,coal,missing,missing,missing,missing,missing,missing,missing,missing,EJ
291,0.0715392,0.1991737,0.303675,0.3689679999999999,0.44181,0.48671980618,0.4979686835,0.5090299644999999,0.519239074,innovation-rhodium18b,high,Argentina,missing,gas,missing,missing,missing,missing,missing,missing,missing,missing,EJ
292,0.0,0.0,0.003019,0.00868555,0.016575,0.0240809,0.0347655,0.0459974,0.0551614,innovation-rhodium18b,high,Argentina,missing,geothermal,missing,missing,missing,missing,missing,missing,missing,missing,EJ
293,0.0643536,0.122414,0.141161,0.145383,0.149604,0.153825,0.158046,0.162267,0.166488,innovation-rhodium18b,high,Argentina,missing,hydro,missing,missing,missing,missing,missing,missing,missing,missing,EJ
294,0.0262116,0.0247428,0.02750013,0.03082465,0.0344543999999999,0.0369254,0.0412866,0.0464051,0.0529197499999999,innovation-rhodium18b,high,Argentina,missing,nuclear,missing,missing,missing,missing,missing,missing,missing,missing,EJ
295,0.0177984,0.0206856,0.0837192,0.0930812999999999,0.1013838,0.0969426,0.0940665,0.0882097,0.0792106,innovation-rhodium18b,high,Argentina,missing,refined liquids,missing,missing,missing,missing,missing,missing,missing,missing,EJ
296,0.0,0.0,0.0095982,0.0468824,0.0688244,0.0822557,0.100045,0.115177,0.132761,innovation-rhodium18b,high,Argentina,missing,rooftop_pv,missing,missing,missing,missing,missing,missing,missing,missing,EJ
297,0.0,0.0,0.00324071775,0.01793301214,0.04720954974,0.07569886824,0.10740907024,0.13715415604,0.1645200866,innovation-rhodium18b,high,Argentina,missing,solar,missing,missing,missing,missing,missing,missing,missing,missing,EJ
298,0.0,0.00027,0.0129623508,0.0371476998,0.0768821508,0.1190241588,0.1836086588,0.2530279898,0.320865587,innovation-rhodium18b,high,Argentina,missing,wind,missing,missing,missing,missing,missing,missing,missing,missing,EJ
299,0.000986395,0.0018108,0.00595569,0.007370618,0.008835873,-0.049098501895,-0.1205073648099999,-0.2329886695699999,-0.39232761091,innovation-rhodium18b,high,Colombia,missing,biomass,missing,missing,missing,missing,missing,missing,missing,missing,EJ
300,0.0133487,0.00888838,0.0340955,0.04517307,0.05803929,0.0708530736893,0.07752439588,0.08216470381,0.08397017269,innovation-rhodium18b,high,Colombia,missing,coal,missing,missing,missing,missing,missing,missing,missing,missing,EJ
301,0.01619631,0.0266363,0.0819695,0.1123842999999999,0.1519214,0.192743240459,0.2174817682499999,0.24862382978,0.2753372934,innovation-rhodium18b,high,Colombia,missing,gas,missing,missing,missing,missing,missing,missing,missing,missing,EJ
302,0.0,0.0,0.000749197,0.00272117,0.00615455,0.0106907,0.0166613,0.0249463,0.0331281,innovation-rhodium18b,high,Colombia,missing,geothermal,missing,missing,missing,missing,missing,missing,missing,missing,EJ
303,0.0989892,0.143291,0.184503,0.194161,0.203819,0.213477,0.223135,0.232793,0.242451,innovation-rhodium18b,high,Colombia,missing,hydro,missing,missing,missing,missing,missing,missing,missing,missing,EJ
304,0.0,0.0,0.0,0.0,0.0,0.0,0.00184293,0.00734182,0.0170317,innovation-rhodium18b,high,Colombia,missing,nuclear,missing,missing,missing,missing,missing,missing,missing,missing,EJ
305,0.00136439,0.000410399,0.01282467,0.0204932,0.0310160999999999,0.03733042,0.0414715,0.04898831,0.0520361,innovation-rhodium18b,high,Colombia,missing,refined liquids,missing,missing,missing,missing,missing,missing,missing,missing,EJ
306,0.0,0.0,0.00355259,0.0278304,0.0474393,0.0619371,0.0830658,0.103318,0.124104,innovation-rhodium18b,high,Colombia,missing,rooftop_pv,missing,missing,missing,missing,missing,missing,missing,missing,EJ
307,0.0,0.0,0.000630135286,0.004699362416,0.014217820016,0.0273529153159999,0.041031438316,0.062473588316,0.09114246792,innovation-rhodium18b,high,Colombia,missing,solar,missing,missing,missing,missing,missing,missing,missing,missing,EJ
308,0.0,0.0001764,0.00216479407,0.0079907187699999,0.01941057777,0.03647840877,0.06286706477,0.10837850077,0.1665405217,innovation-rhodium18b,high,Colombia,missing,wind,missing,missing,missing,missing,missing,missing,missing,missing,EJ
309,0.0,0.0,0.000127635,0.0001660922,0.0004507742,0.0006498652,0.0008570082,0.0011549722,0.0011904742,innovation-rhodium18b,high,AL,missing,PV_base_storage,missing,missing,missing,missing,missing,missing,missing,missing,EJ
310,0.0,0.0,0.009548,0.01902839,0.05561249,0.07811209,0.09631829,0.13525399,0.15543519,innovation-rhodium18b,high,AL,missing,PV_int,missing,missing,missing,missing,missing,missing,missing,missing,EJ
311,0.0,0.0,0.000552922,0.00095549,0.00197684,0.002391147,0.002765164,0.003663554,0.004240252,innovation-rhodium18b,high,AL,missing,PV_peak,missing,missing,missing,missing,missing,missing,missing,missing,EJ
312,0.0,0.0,0.00309504,0.00568569,0.01198642,0.01492849,0.01758878,0.02527088,0.02920265,innovation-rhodium18b,high,AL,missing,PV_subpeak,missing,missing,missing,missing,missing,missing,missing,missing,EJ
313,0.0,0.0,0.000484615,0.00030279922,0.0011964539,0.0009562498,0.0010278942,0.0012857372,0.0007172629300000001,innovation-rhodium18b,high,AL,missing,biogas_base_CC,missing,missing,missing,missing,missing,missing,missing,missing,EJ
314,0.0,0.0,0.0,0.0,0.00103,0.0009628571,0.0011275677,0.0019056401,0.0012346902,innovation-rhodium18b,high,AL,missing,biogas_base_CC_CCS,missing,missing,missing,missing,missing,missing,missing,missing,EJ
315,0.0,0.0,0.000345065,0.00039039479,0.0009735081,0.0010125963999999,0.0012945459,0.0029216996999999,0.0032932566,innovation-rhodium18b,high,AL,missing,biogas_int_CC,missing,missing,missing,missing,missing,missing,missing,missing,EJ
316,0.0,0.0,0.0,0.0,0.000508231,0.0006015840000000001,0.000861111,0.00253903,0.003533761,innovation-rhodium18b,high,AL,missing,biogas_int_CC_CCS,missing,missing,missing,missing,missing,missing,missing,missing,EJ
317,0.0,0.0,4.95455e-07,4.1779350000000003e-07,9.892431e-07,6.536592999999999e-07,8.737986e-07,2.2874262e-06,3.3890795e-06,innovation-rhodium18b,high,AL,missing,biogas_peak_CC,missing,missing,missing,missing,missing,missing,missing,missing,EJ
318,0.0,0.0,0.0,0.0,1.55321e-07,1.073805e-07,1.5515e-07,4.857425000000001e-07,8.307461e-07,innovation-rhodium18b,high,AL,missing,biogas_peak_CC_CCS,missing,missing,missing,missing,missing,missing,missing,missing,EJ
319,0.0,0.0,4.6445560000000004e-07,3.6695192900000005e-07,8.37559775e-07,4.63139067e-07,5.50613901e-07,1.6078822649999996e-06,2.247183097e-06,innovation-rhodium18b,high,AL,missing,biogas_peak_steam/CT,missing,missing,missing,missing,missing,missing,missing,missing,EJ
320,0.0,0.0,1.2883e-05,1.2633771e-05,2.6899352e-05,2.11724e-05,2.926696e-05,8.466314e-05,0.00010342845,innovation-rhodium18b,high,AL,missing,biogas_subpeak_CC,missing,missing,missing,missing,missing,missing,missing,missing,EJ
321,0.0,0.0,0.0,0.0,6.326e-06,5.31225e-06,8.01233e-06,2.82698e-05,4.263836e-05,innovation-rhodium18b,high,AL,missing,biogas_subpeak_CC_CCS,missing,missing,missing,missing,missing,missing,missing,missing,EJ
322,0.0,0.0,8.79017e-06,8.085975569999999e-06,1.6754972299999996e-05,1.07984225e-05,1.29372245e-05,4.40719792e-05,4.578911960000001e-05,innovation-rhodium18b,high,AL,missing,biogas_subpeak_steam/CT,missing,missing,missing,missing,missing,missing,missing,missing,EJ
323,0.0,0.0,8.302859999999999e-05,8.704250000000002e-05,0.0002943704,0.0004655128,0.0006618532999999999,0.00097601172,0.00093040154,innovation-rhodium18b,high,AL,missing,biomass_base_IGCC,missing,missing,missing,missing,missing,missing,missing,missing,EJ
324,0.0,0.0,0.0,0.0,0.0004021760000000001,0.000988275,0.001745715,0.007675322,0.0116373149999999,innovation-rhodium18b,high,AL,missing,biomass_base_IGCC_CCS,missing,missing,missing,missing,missing,missing,missing,missing,EJ
325,0.003252212,0.0004645029,0.00023396223,0.00018046158,0.0006848115,0.0008555676,0.0009918708,0.00110797816,0.00085354534,innovation-rhodium18b,high,AL,missing,biomass_base_conv,missing,missing,missing,missing,missing,missing,missing,missing,EJ
326,0.0,0.0,0.0,0.0,0.000939089,0.002585811,0.004517981,0.0445615969999999,0.068754542,innovation-rhodium18b,high,AL,missing,biomass_base_conv_CCS,missing,missing,missing,missing,missing,missing,missing,missing,EJ
327,0.0,0.0,2.23696e-05,3.505155e-05,6.598496e-05,9.535136e-05,0.00013070971999999998,0.00024260247,0.00034729051,innovation-rhodium18b,high,AL,missing,biomass_int_IGCC,missing,missing,missing,missing,missing,missing,missing,missing,EJ
328,0.0,0.0,0.0,0.0,2.314477e-05,4.914817e-05,8.2526e-05,0.00023483497,0.0003929340099999999,innovation-rhodium18b,high,AL,missing,biomass_int_IGCC_CCS,missing,missing,missing,missing,missing,missing,missing,missing,EJ
329,0.003252189,0.0004645029,0.0002965338,0.00029655580000000005,0.0004534617,0.0005149034000000001,0.0005363083,0.0006864232999999999,0.0008029589,innovation-rhodium18b,high,AL,missing,biomass_int_conv,missing,missing,missing,missing,missing,missing,missing,missing,EJ
330,0.0,0.0,0.0,0.0,4.6391e-05,0.0001001642,0.0001663738,0.0005194081,0.0008739317,innovation-rhodium18b,high,AL,missing,biomass_int_conv_CCS,missing,missing,missing,missing,missing,missing,missing,missing,EJ
331,0.0,0.0,0.0,0.0,0.002548237,0.004421038,0.006694409,0.0094543159999999,0.01109434,innovation-rhodium18b,high,AL,missing,coal_base_IGCC_CCS,missing,missing,missing,missing,missing,missing,missing,missing,EJ
332,0.068483729,0.122116885,0.0,0.0,0.0,0.0,0.0,0.0,0.0,innovation-rhodium18b,high,AL,missing,coal_base_conv pul,missing,missing,missing,missing,missing,missing,missing,missing,EJ
333,0.0,0.0,0.0,0.0,0.0,0.0,0.0,0.0,0.0,innovation-rhodium18b,high,AL,missing,coal_base_conv pul 1956-1960,missing,missing,missing,missing,missing,missing,missing,missing,EJ
334,0.0,0.0,0.0027968524999999,0.0027791968,0.0005801403499999999,0.00028290683,0.000182849034,0.0,0.0,innovation-rhodium18b,high,AL,missing,coal_base_conv pul 1966-1970,missing,missing,missing,missing,missing,missing,missing,missing,EJ
335,0.0,0.0,0.033360746,0.032978809,0.0067334123,0.0030266273,0.00161817225,0.0,0.0,innovation-rhodium18b,high,AL,missing,coal_base_conv pul 1971-1975,missing,missing,missing,missing,missing,missing,missing,missing,EJ
336,0.0,0.0,0.0170065214,0.0168118066,0.0034325343,0.00154290081,0.00082490505,0.0,0.0,innovation-rhodium18b,high,AL,missing,coal_base_conv pul 1976-1980,missing,missing,missing,missing,missing,missing,missing,missing,EJ
337,0.0,0.0,0.0121727751,0.0121727952,0.0026128686999999,0.00143114453,0.0013782329699999,7.3119118e-05,5.2059231e-05,innovation-rhodium18b,high,AL,missing,coal_base_conv pul 1981-1985,missing,missing,missing,missing,missing,missing,missing,missing,EJ
338,0.0,0.0,0.0180520246,0.0180523561,0.0038752084,0.00212329715,0.00204794564,0.000109393252,8.019975300000001e-05,innovation-rhodium18b,high,AL,missing,coal_base_conv pul 1986-1990,missing,missing,missing,missing,missing,missing,missing,missing,EJ
339,0.0,0.0,0.0178622807,0.0178626626,0.0038345836,0.0021012604299999,0.0020276534999999,0.00010853969,8.0320269e-05,innovation-rhodium18b,high,AL,missing,coal_base_conv pul 1991-1995,missing,missing,missing,missing,missing,missing,missing,missing,EJ
340,0.0,0.0,0.0,0.0,0.002758834,0.004693628,0.006994102,0.009526115,0.011017231,innovation-rhodium18b,high,AL,missing,coal_base_conv pul_CCS,missing,missing,missing,missing,missing,missing,missing,missing,EJ
341,0.0206676841,0.0368536129999999,0.0,0.0,0.0,0.0,0.0,0.0,0.0,innovation-rhodium18b,high,AL,missing,coal_base_conv pul_retire_2020,missing,missing,missing,missing,missing,missing,missing,missing,EJ
342,0.0,0.0,0.0,0.0,0.0002485899,0.0004583515,0.0006994148,0.0013567902,0.0019534037,innovation-rhodium18b,high,AL,missing,coal_int_IGCC_CCS,missing,missing,missing,missing,missing,missing,missing,missing,EJ
343,0.079119932,0.105402219,0.0,0.0,0.0,0.0,0.0,0.0,0.0,innovation-rhodium18b,high,AL,missing,coal_int_conv pul,missing,missing,missing,missing,missing,missing,missing,missing,EJ
344,0.0,0.0,0.0,0.0,0.0,0.0,0.0,0.0,0.0,innovation-rhodium18b,high,AL,missing,coal_int_conv pul 1956-1960,missing,missing,missing,missing,missing,missing,missing,missing,EJ
345,0.0,0.0,0.00041337841,0.00041075717,0.000142974716,0.000116064325,0.000100469885,0.0,0.0,innovation-rhodium18b,high,AL,missing,coal_int_conv pul 1966-1970,missing,missing,missing,missing,missing,missing,missing,missing,EJ
346,0.0,0.0,0.0049307612,0.0048741686,0.00165943654,0.0012416913699999,0.0008891348900000001,0.0,0.0,innovation-rhodium18b,high,AL,missing,coal_int_conv pul 1971-1975,missing,missing,missing,missing,missing,missing,missing,missing,EJ
347,0.0,0.0,0.0025135873,0.0024847336,0.00084594051,0.00063298482,0.00045325925,0.0,0.0,innovation-rhodium18b,high,AL,missing,coal_int_conv pul 1976-1980,missing,missing,missing,missing,missing,missing,missing,missing,EJ
348,0.0,0.0,0.00179915206,0.00179910185,0.0006439371399999999,0.00058713589,0.0007572960699999999,0.0002717659,0.0002534964,innovation-rhodium18b,high,AL,missing,coal_int_conv pul 1981-1985,missing,missing,missing,missing,missing,missing,missing,missing,EJ
349,0.0,0.0,0.0026681199,0.0026680897,0.0009550395,0.00087109657,0.00112528035,0.00040658829,0.00039052419,innovation-rhodium18b,high,AL,missing,coal_int_conv pul 1986-1990,missing,missing,missing,missing,missing,missing,missing,missing,EJ
350,0.0,0.0,0.0026400596,0.0026400395,0.00094502445,0.0008620537299999999,0.00111412949,0.00040341668,0.0003911107100000001,innovation-rhodium18b,high,AL,missing,coal_int_conv pul 1991-1995,missing,missing,missing,missing,missing,missing,missing,missing,EJ
351,0.0,0.0,0.0,0.0,0.0002882615,0.0005181156,0.0007718293,0.0014315296,0.0020135243,innovation-rhodium18b,high,AL,missing,coal_int_conv pul_CCS,missing,missing,missing,missing,missing,missing,missing,missing,EJ
352,0.023877577,0.031809285,0.0,0.0,0.0,0.0,0.0,0.0,0.0,innovation-rhodium18b,high,AL,missing,coal_int_conv pul_retire_2020,missing,missing,missing,missing,missing,missing,missing,missing,EJ
353,0.0006231819399999999,0.0,0.0,0.0,0.0,0.0,0.0,0.0,0.0,innovation-rhodium18b,high,AL,missing,coal_peak_conv pul,missing,missing,missing,missing,missing,missing,missing,missing,EJ
354,0.000188070063,0.0,0.0,0.0,0.0,0.0,0.0,0.0,0.0,innovation-rhodium18b,high,AL,missing,coal_peak_conv pul_retire_2020,missing,missing,missing,missing,missing,missing,missing,missing,EJ
355,0.0046316686,0.0,0.0,0.0,0.0,0.0,0.0,0.0,0.0,innovation-rhodium18b,high,AL,missing,coal_subpeak_conv pul,missing,missing,missing,missing,missing,missing,missing,missing,EJ
356,0.0013977901199999,0.0,0.0,0.0,0.0,0.0,0.0,0.0,0.0,innovation-rhodium18b,high,AL,missing,coal_subpeak_conv pul_retire_2020,missing,missing,missing,missing,missing,missing,missing,missing,EJ
357,0.0,0.0,0.0318233,0.04327564,0.05113759,0.05327129,0.0584189299999999,0.029541529,0.0239919129999999,innovation-rhodium18b,high,AL,missing,gas_base_CC,missing,missing,missing,missing,missing,missing,missing,missing,EJ
358,0.0,0.0,0.0,0.0,0.0127258,0.02156095,0.03152803,0.04452412,0.05126226,innovation-rhodium18b,high,AL,missing,gas_base_CC_CCS,missing,missing,missing,missing,missing,missing,missing,missing,EJ
359,0.00114477,0.0301183,0.1587031,0.157779,0.13419515,0.12320342,0.11391245,0.10044447,0.0943091899999999,innovation-rhodium18b,high,AL,missing,gas_int_CC,missing,missing,missing,missing,missing,missing,missing,missing,EJ
360,0.0,0.0,0.0,0.0,0.0029568,0.00530457,0.00788985,0.01470639,0.02060575,innovation-rhodium18b,high,AL,missing,gas_int_CC_CCS,missing,missing,missing,missing,missing,missing,missing,missing,EJ
361,4.48029e-05,0.0015171,0.00154398079,0.00140751697,0.00106746035,0.0008956076,0.0007362410400000001,0.00049950499,0.00035749565000000005,innovation-rhodium18b,high,AL,missing,gas_peak_CC,missing,missing,missing,missing,missing,missing,missing,missing,EJ
362,0.0,0.0,0.0,0.0,2.89354e-07,4.43635e-07,6.35555e-07,1.235743e-06,2.104354e-06,innovation-rhodium18b,high,AL,missing,gas_peak_CC_CCS,missing,missing,missing,missing,missing,missing,missing,missing,EJ
363,3.320207e-05,0.0005335989999999999,0.0007795576253,0.0006883494337,0.00021305511909,0.00018737159033,0.00019309606704,9.305291162e-05,6.867162458e-05,innovation-rhodium18b,high,AL,missing,gas_peak_steam/CT,missing,missing,missing,missing,missing,missing,missing,missing,EJ
364,0.000298018,0.0100978,0.01064823,0.0098281869999999,0.007884381,0.0067245519,0.0056114534,0.0042297559,0.0033795578,innovation-rhodium18b,high,AL,missing,gas_subpeak_CC,missing,missing,missing,missing,missing,missing,missing,missing,EJ
365,0.0,0.0,0.0,0.0,1.60208e-05,2.586118e-05,3.802756e-05,8.300465e-05,0.00013012183999999995,innovation-rhodium18b,high,AL,missing,gas_subpeak_CC_CCS,missing,missing,missing,missing,missing,missing,missing,missing,EJ
366,0.000220813044,0.0035518185,0.0055606339999999,0.005022631981,0.0019440865949999,0.001754311715,0.001811818841,0.0010613720204,0.0008839962225999999,innovation-rhodium18b,high,AL,missing,gas_subpeak_steam/CT,missing,missing,missing,missing,missing,missing,missing,missing,EJ
367,0.0351811,0.0372978,0.0423149,0.04225,0.042204,0.0422101,0.0421156,0.0417624,0.0418089,innovation-rhodium18b,high,AL,missing,hydro_base,missing,missing,missing,missing,missing,missing,missing,missing,EJ
368,0.045993,0.1182932999999999,0.1570381,0.155411,0.144217,0.0936574,0.02582027,0.0,0.0,innovation-rhodium18b,high,AL,missing,nuc_base_Gen II,missing,missing,missing,missing,missing,missing,missing,missing,EJ
369,0.0,0.0,0.0,0.0,0.014908,0.0253755,0.0363677,0.0523258,0.06114048,innovation-rhodium18b,high,AL,missing,nuc_base_Gen III,missing,missing,missing,missing,missing,missing,missing,missing,EJ
370,0.0,0.0,4.44083e-05,3.91293e-05,4.05016e-05,2.9006e-05,2.14178e-05,2.74512e-06,1.64141e-06,innovation-rhodium18b,high,AL,missing,refined liquids_base_steam/CT,missing,missing,missing,missing,missing,missing,missing,missing,EJ
371,0.000216212,0.000471802,0.0,0.0,0.0,0.0,0.0,0.0,0.0,innovation-rhodium18b,high,AL,missing,refined liquids_int_steam/CT,missing,missing,missing,missing,missing,missing,missing,missing,EJ
372,0.0,0.0,0.0,0.0,0.0,0.0,0.0,0.0,0.0,innovation-rhodium18b,high,AL,missing,refined liquids_peak_steam/CT,missing,missing,missing,missing,missing,missing,missing,missing,EJ
373,5.40032e-05,0.000117901,0.0,0.0,0.0,0.0,0.0,0.0,0.0,innovation-rhodium18b,high,AL,missing,refined liquids_subpeak_steam/CT,missing,missing,missing,missing,missing,missing,missing,missing,EJ
374,0.0,0.0,0.000175831,0.00152202,0.00855555,0.0105643,0.0129679,0.0105263,0.0127121,innovation-rhodium18b,high,AL,missing,rooftop_pv,missing,missing,missing,missing,missing,missing,missing,missing,EJ
375,0.0,0.0,0.00525373,0.00790348,0.02222978,0.03236538,0.04271518,0.05654328,0.05916834,innovation-rhodium18b,high,AL,missing,wind_base,missing,missing,missing,missing,missing,missing,missing,missing,EJ
376,0.0,0.0,0.0,0.000439986,0.007502396,0.013989096,0.022246936,0.035480536,0.04355592,innovation-rhodium18b,high,AL,missing,wind_base_offshore,missing,missing,missing,missing,missing,missing,missing,missing,EJ
377,0.0,0.0,0.00021815,0.0003146923,0.0008406482999999999,0.0012026893,0.0015767333,0.0021109773,0.0021891203,innovation-rhodium18b,high,AL,missing,wind_base_storage,missing,missing,missing,missing,missing,missing,missing,missing,EJ
378,0.0,0.0,0.0,0.0,1.31014e-06,2.65409e-06,3.79264e-06,6.08218e-06,7.85894e-06,innovation-rhodium18b,high,AK,missing,PV_base_storage,missing,missing,missing,missing,missing,missing,missing,missing,EJ
379,0.0,0.0,0.0,0.0,0.0001866,0.001136878,0.00173279,0.002395092,0.002929069,innovation-rhodium18b,high,AK,missing,PV_int,missing,missing,missing,missing,missing,missing,missing,missing,EJ
380,0.0,0.0,0.0,0.0,1.37771e-05,3.78254e-05,6.07343e-05,9.25989e-05,0.0001204924,innovation-rhodium18b,high,AK,missing,PV_peak,missing,missing,missing,missing,missing,missing,missing,missing,EJ
381,0.0,0.0,0.0,0.0,6.49353e-05,0.0002300463,0.0003741493000000001,0.0005539553000000001,0.0007092143000000001,innovation-rhodium18b,high,AK,missing,PV_subpeak,missing,missing,missing,missing,missing,missing,missing,missing,EJ
382,0.0,0.0,0.0,0.0,3.02746e-05,3.2941899e-05,2.868399e-05,5.4615889e-05,4.3356289e-05,innovation-rhodium18b,high,AK,missing,biogas_base_CC,missing,missing,missing,missing,missing,missing,missing,missing,EJ
383,0.0,0.0,0.0,0.0,1.96229e-05,2.3598563e-05,2.1417706e-05,5.266554e-05,4.4974301e-05,innovation-rhodium18b,high,AK,missing,biogas_base_CC_CCS,missing,missing,missing,missing,missing,missing,missing,missing,EJ
384,0.0,0.0,0.0,0.0,1.55517e-05,0.00014921470000000002,0.00027347570000000004,0.0004995332,0.0006662691,innovation-rhodium18b,high,AK,missing,biogas_int_CC,missing,missing,missing,missing,missing,missing,missing,missing,EJ
385,0.0,0.0,0.0,0.0,7.14455e-06,7.328125e-05,0.00013667523,0.00029453948000000005,0.0004209309,innovation-rhodium18b,high,AK,missing,biogas_int_CC_CCS,missing,missing,missing,missing,missing,missing,missing,missing,EJ
386,0.0,0.0,0.0,0.0,5.15597e-08,1.854664e-07,4.593095e-07,1.0220946e-06,1.5341092e-06,innovation-rhodium18b,high,AK,missing,biogas_peak_CC,missing,missing,missing,missing,missing,missing,missing,missing,EJ
387,0.0,0.0,0.0,0.0,8.26472e-09,2.964969e-08,7.511313e-08,1.8043077000000002e-07,2.803911800000001e-07,innovation-rhodium18b,high,AK,missing,biogas_peak_CC_CCS,missing,missing,missing,missing,missing,missing,missing,missing,EJ
388,0.0,0.0,0.0,0.0,4.299178e-08,1.35659998e-07,2.8878377000000004e-07,6.5682445e-07,9.008123100000002e-07,innovation-rhodium18b,high,AK,missing,biogas_peak_steam/CT,missing,missing,missing,missing,missing,missing,missing,missing,EJ
389,0.0,0.0,0.0,0.0,9.83223e-07,5.034302e-06,1.1938938e-05,2.4474308e-05,3.5774489e-05,innovation-rhodium18b,high,AK,missing,biogas_subpeak_CC,missing,missing,missing,missing,missing,missing,missing,missing,EJ
390,0.0,0.0,0.0,0.0,2.30361e-07,1.203093e-06,2.923154e-06,6.578305e-06,1.0028718e-05,innovation-rhodium18b,high,AK,missing,biogas_subpeak_CC_CCS,missing,missing,missing,missing,missing,missing,missing,missing,EJ
391,0.0,0.0,0.0,0.0,6.095200000000001e-07,2.8170443e-06,5.728136e-06,1.18858059e-05,1.61297992e-05,innovation-rhodium18b,high,AK,missing,biogas_subpeak_steam/CT,missing,missing,missing,missing,missing,missing,missing,missing,EJ
392,0.0,0.0,0.0,0.0,5.63362e-06,1.253721e-05,1.926601e-05,3.625937e-05,4.82005e-05,innovation-rhodium18b,high,AK,missing,biomass_base_IGCC,missing,missing,missing,missing,missing,missing,missing,missing,EJ
393,0.0,0.0,0.0,0.0,4.02553e-06,1.11657e-05,1.894604e-05,6.016773e-05,0.000100244,innovation-rhodium18b,high,AK,missing,biomass_base_IGCC_CCS,missing,missing,missing,missing,missing,missing,missing,missing,EJ
394,0.0,0.0,0.0,0.0,8.28665e-06,1.64515e-05,2.311702e-05,4.1084342e-05,4.879617499999999e-05,innovation-rhodium18b,high,AK,missing,biomass_base_conv,missing,missing,missing,missing,missing,missing,missing,missing,EJ
395,0.0,0.0,0.0,0.0,4.88348e-06,1.398615e-05,2.340029e-05,9.130217e-05,0.00015485026,innovation-rhodium18b,high,AK,missing,biomass_base_conv_CCS,missing,missing,missing,missing,missing,missing,missing,missing,EJ
396,0.0,0.0,0.0,0.0,4.75598e-07,6.118383e-06,1.4435211e-05,2.9737235000000003e-05,4.571103199999999e-05,innovation-rhodium18b,high,AK,missing,biomass_int_IGCC,missing,missing,missing,missing,missing,missing,missing,missing,EJ
397,0.0,0.0,0.0,0.0,2.410368e-07,3.4590689000000003e-06,8.443398499999999e-06,2.13041568e-05,3.57411668e-05,innovation-rhodium18b,high,AK,missing,biomass_int_IGCC_CCS,missing,missing,missing,missing,missing,missing,missing,missing,EJ
398,0.0,0.0,0.0,0.0,1.052448e-06,1.2998271e-05,2.9606397e-05,5.812866799999999e-05,8.6345558e-05,innovation-rhodium18b,high,AK,missing,biomass_int_conv,missing,missing,missing,missing,missing,missing,missing,missing,EJ
399,0.0,0.0,0.0,0.0,3.68125e-07,5.371682e-06,1.2876836e-05,3.4432345e-05,5.8001225e-05,innovation-rhodium18b,high,AK,missing,biomass_int_conv_CCS,missing,missing,missing,missing,missing,missing,missing,missing,EJ
400,0.0,0.0,0.0,0.0,2.2962410000000003e-05,2.7343132e-05,3.1178924e-05,5.9706865e-05,6.6235476e-05,innovation-rhodium18b,high,AK,missing,coal_base_IGCC_CCS,missing,missing,missing,missing,missing,missing,missing,missing,EJ
401,0.001518069,0.001692973,0.0,0.0,0.0,0.0,0.0,0.0,0.0,innovation-rhodium18b,high,AK,missing,coal_base_conv pul,missing,missing,missing,missing,missing,missing,missing,missing,EJ
402,0.0,0.0,0.0001782283,0.0002485405,5.18778e-06,0.0,0.0,0.0,0.0,innovation-rhodium18b,high,AK,missing,coal_base_conv pul 1951-1955,missing,missing,missing,missing,missing,missing,missing,missing,EJ
403,0.0,0.0,0.000350705,0.00053248,1.509981e-05,1.463693e-05,1.591732e-05,2.387678e-06,0.0,innovation-rhodium18b,high,AK,missing,coal_base_conv pul 1966-1970,missing,missing,missing,missing,missing,missing,missing,missing,EJ
404,0.0,0.0,0.0002516644,0.000383281,1.101783e-05,1.132038e-05,1.529068e-05,3.94979e-06,2.560167e-06,innovation-rhodium18b,high,AK,missing,coal_base_conv pul 1971-1975,missing,missing,missing,missing,missing,missing,missing,missing,EJ
405,0.0,0.0,7.41903e-05,0.0001130282,3.25398e-06,3.36563e-06,4.67964e-06,1.356528e-06,1.233979e-06,innovation-rhodium18b,high,AK,missing,coal_base_conv pul 1981-1985,missing,missing,missing,missing,missing,missing,missing,missing,EJ
406,0.0,0.0,0.0001379299,0.0002101515,6.0522400000000005e-06,6.2699700000000006e-06,8.78043e-06,2.625862e-06,2.7061570000000003e-06,innovation-rhodium18b,high,AK,missing,coal_base_conv pul 1986-1990,missing,missing,missing,missing,missing,missing,missing,missing,EJ
407,0.0,0.0,0.0001419005,0.0002162049,6.22697e-06,6.4529000000000005e-06,9.04861e-06,2.722171e-06,2.87959e-06,innovation-rhodium18b,high,AK,missing,coal_base_conv pul 1996-2000,missing,missing,missing,missing,missing,missing,missing,missing,EJ
408,0.0,0.0,0.0,0.0,2.09891e-05,2.3791149e-05,2.5165772e-05,4.776923700000001e-05,4.868550900000001e-05,innovation-rhodium18b,high,AK,missing,coal_base_conv pul_CCS,missing,missing,missing,missing,missing,missing,missing,missing,EJ
409,9.8313e-05,0.0001096403,0.0,0.0,0.0,0.0,0.0,0.0,0.0,innovation-rhodium18b,high,AK,missing,coal_base_conv pul_retire_2020,missing,missing,missing,missing,missing,missing,missing,missing,EJ
410,0.0,0.0,0.0,0.0,2.8626939999999995e-06,2.9262234e-05,6.279145300000001e-05,0.000118483015,0.00017133248400000002,innovation-rhodium18b,high,AK,missing,coal_int_IGCC_CCS,missing,missing,missing,missing,missing,missing,missing,missing,EJ
411,7.98759e-05,0.00042329,0.0,0.0,0.0,0.0,0.0,0.0,0.0,innovation-rhodium18b,high,AK,missing,coal_int_conv pul,missing,missing,missing,missing,missing,missing,missing,missing,EJ
412,0.0,0.0,4.25714e-05,4.39993e-05,3.0762299999999995e-05,0.0,0.0,0.0,0.0,innovation-rhodium18b,high,AK,missing,coal_int_conv pul 1951-1955,missing,missing,missing,missing,missing,missing,missing,missing,EJ
413,0.0,0.0,8.37688e-05,9.42656e-05,8.95382e-05,9.15321e-05,8.33319e-05,2.9075e-05,0.0,innovation-rhodium18b,high,AK,missing,coal_int_conv pul 1966-1970,missing,missing,missing,missing,missing,missing,missing,missing,EJ
414,0.0,0.0,6.01122e-05,6.78526e-05,6.53331e-05,7.0792e-05,8.00513e-05,4.80971e-05,2.84455e-05,innovation-rhodium18b,high,AK,missing,coal_int_conv pul 1971-1975,missing,missing,missing,missing,missing,missing,missing,missing,EJ
415,0.0,0.0,1.772097e-05,2.000952e-05,1.929523e-05,2.104699e-05,2.4499370000000003e-05,1.651863e-05,1.371052e-05,innovation-rhodium18b,high,AK,missing,coal_int_conv pul 1981-1985,missing,missing,missing,missing,missing,missing,missing,missing,EJ
416,0.0,0.0,3.29458e-05,3.72034e-05,3.58883e-05,3.92093e-05,4.59682e-05,3.19754e-05,3.00676e-05,innovation-rhodium18b,high,AK,missing,coal_int_conv pul 1986-1990,missing,missing,missing,missing,missing,missing,missing,missing,EJ
417,0.0,0.0,3.3894100000000005e-05,3.82749e-05,3.69244e-05,4.03533e-05,4.73723e-05,3.31481e-05,3.19945e-05,innovation-rhodium18b,high,AK,missing,coal_int_conv pul 1996-2000,missing,missing,missing,missing,missing,missing,missing,missing,EJ
418,0.0,0.0,0.0,0.0,2.975446e-06,2.9173925e-05,6.0988523e-05,0.000112587762,0.00016029255799999997,innovation-rhodium18b,high,AK,missing,coal_int_conv pul_CCS,missing,missing,missing,missing,missing,missing,missing,missing,EJ
419,5.17291e-06,2.74131e-05,0.0,0.0,0.0,0.0,0.0,0.0,0.0,innovation-rhodium18b,high,AK,missing,coal_int_conv pul_retire_2020,missing,missing,missing,missing,missing,missing,missing,missing,EJ
420,0.00578689,0.00966145,0.000556527,0.0010434,0.0005567290000000001,0.0005855908,0.0006295236000000001,0.0004756587,0.0004417793,innovation-rhodium18b,high,AK,missing,gas_base_CC,missing,missing,missing,missing,missing,missing,missing,missing,EJ
421,0.0,0.0,0.0,0.0,0.000106462,0.0001424408,0.00018417900000000003,0.000343511,0.0004238236,innovation-rhodium18b,high,AK,missing,gas_base_CC_CCS,missing,missing,missing,missing,missing,missing,missing,missing,EJ
422,0.0045175,0.00630935,0.00376751,0.00388053,0.0051677938,0.0049536330999999,0.0047197691,0.0045004852,0.0043690769,innovation-rhodium18b,high,AK,missing,gas_int_CC,missing,missing,missing,missing,missing,missing,missing,missing,EJ
423,0.0,0.0,0.0,0.0,2.47619e-05,0.0002415203,0.0005068138999999999,0.0009250514,0.0013056199,innovation-rhodium18b,high,AK,missing,gas_int_CC_CCS,missing,missing,missing,missing,missing,missing,missing,missing,EJ
424,4.95323e-05,0.000100725,4.00552e-05,4.16081e-05,5.48148281e-05,4.71264525e-05,3.8010859800000006e-05,2.89161586e-05,2.1436475e-05,innovation-rhodium18b,high,AK,missing,gas_peak_CC,missing,missing,missing,missing,missing,missing,missing,missing,EJ
425,0.0,0.0,0.0,0.0,1.14545e-08,4.62465e-08,1.114622e-07,2.450762e-07,3.789078e-07,innovation-rhodium18b,high,AK,missing,gas_peak_CC_CCS,missing,missing,missing,missing,missing,missing,missing,missing,EJ
426,3.6723976e-05,3.5473589e-05,2.10951173e-05,2.1716925500000005e-05,1.7413740651000004e-05,1.9187607533000003e-05,1.9030043047999995e-05,1.4900310275e-05,1.1733783273e-05,innovation-rhodium18b,high,AK,missing,gas_peak_steam/CT,missing,missing,missing,missing,missing,missing,missing,missing,EJ
427,0.000278155,0.000518751,0.000288309,0.000299133,0.0004042655,0.00035233154,0.00029730672,0.00025053077,0.00021410444,innovation-rhodium18b,high,AK,missing,gas_subpeak_CC,missing,missing,missing,missing,missing,missing,missing,missing,EJ
428,0.0,0.0,0.0,0.0,4.14944e-07,2.252441e-06,5.395631e-06,1.1108429e-05,1.6735588e-05,innovation-rhodium18b,high,AK,missing,gas_subpeak_CC_CCS,missing,missing,missing,missing,missing,missing,missing,missing,EJ
429,0.000206114561,0.000182512276,0.000151973774,0.000156807279,0.0001486248943,0.000158977879,0.00015726929409999997,0.00013881035660000002,0.00012666277470000002,innovation-rhodium18b,high,AK,missing,gas_subpeak_steam/CT,missing,missing,missing,missing,missing,missing,missing,missing,EJ
430,0.0,0.0,0.0,0.0,8.430570000000001e-05,0.0002037356,0.0003347974,0.0006605321,0.000962651,innovation-rhodium18b,high,AK,missing,geo_base,missing,missing,missing,missing,missing,missing,missing,missing,EJ
431,0.0033073,0.0053824,0.00549009,0.00471326,0.0067144,0.0067153,0.0067003,0.0066441,0.0066515,innovation-rhodium18b,high,AK,missing,hydro_base,missing,missing,missing,missing,missing,missing,missing,missing,EJ
432,0.00013680839000000002,0.00027931678,3.447157899999999e-05,9.533802e-05,4.157810699999999e-05,5.2918174e-05,5.590957099999999e-05,2.9429988e-05,2.4014201e-05,innovation-rhodium18b,high,AK,missing,refined liquids_base_steam/CT,missing,missing,missing,missing,missing,missing,missing,missing,EJ
433,0.0010940289,0.002234825,0.0,0.0,0.0,0.0,0.0,0.0,0.0,innovation-rhodium18b,high,AK,missing,refined liquids_int_steam/CT,missing,missing,missing,missing,missing,missing,missing,missing,EJ
434,0.00013677603,0.00027936551000000003,0.0,0.0,0.0,0.0,0.0,0.0,0.0,innovation-rhodium18b,high,AK,missing,refined liquids_subpeak_steam/CT,missing,missing,missing,missing,missing,missing,missing,missing,EJ
435,0.0,0.0,1.8204e-06,6.83395e-06,1.78923e-05,5.27555e-05,0.000108316,0.000201592,0.000296208,innovation-rhodium18b,high,AK,missing,rooftop_pv,missing,missing,missing,missing,missing,missing,missing,missing,EJ
436,0.0,2.19856e-06,0.00047441,0.000407907,0.0029889559999999,0.004889986,0.006273356,0.0080019999999999,0.0096023499999999,innovation-rhodium18b,high,AK,missing,wind_base,missing,missing,missing,missing,missing,missing,missing,missing,EJ
437,0.0,0.0,0.0,0.0,0.000121316,0.000248532,0.000360455,0.00058331,0.000757978,innovation-rhodium18b,high,AK,missing,wind_base_offshore,missing,missing,missing,missing,missing,missing,missing,missing,EJ
438,0.0,0.0,0.0,0.0,5.16601e-05,0.0001012368,0.00014146329999999998,0.0002186788,0.0002766984,innovation-rhodium18b,high,AK,missing,wind_base_storage,missing,missing,missing,missing,missing,missing,missing,missing,EJ
439,0.0,0.0,0.0014062,0.00179503,0.00442032,0.005102216,0.005686495,0.0072312049999999,0.0074708949999999,innovation-rhodium18b,high,AZ,missing,CSP_base_storage,missing,missing,missing,missing,missing,missing,missing,missing,EJ
440,0.0,0.0,0.001232634,0.002329674,0.009032854,0.012946494,0.017454674,0.029288354,0.03786118,innovation-rhodium18b,high,AZ,missing,CSP_int,missing,missing,missing,missing,missing,missing,missing,missing,EJ
441,0.0,0.0,9.48536e-05,0.0001664526,0.0004112446000000001,0.0005354882,0.0007081744,0.0010640564,0.0014300748,innovation-rhodium18b,high,AZ,missing,CSP_peak,missing,missing,missing,missing,missing,missing,missing,missing,EJ
442,0.000257804,0.000231698,0.001608214,0.0019115419999999,0.002536658,0.003041406,0.003855186,0.009063464,0.010788544,innovation-rhodium18b,high,AZ,missing,CSP_subpeak,missing,missing,missing,missing,missing,missing,missing,missing,EJ
443,0.0,0.0,0.000206459,0.0002693687,0.0007096407,0.0008267647,0.0009287347,0.0012012007,0.0012871107,innovation-rhodium18b,high,AZ,missing,PV_base_storage,missing,missing,missing,missing,missing,missing,missing,missing,EJ
444,0.0,0.0,0.00594497,0.01134524,0.02976084,0.03741227,0.04507899,0.06345229,0.07207912,innovation-rhodium18b,high,AZ,missing,PV_int,missing,missing,missing,missing,missing,missing,missing,missing,EJ
445,0.0,0.0,0.000457477,0.000809929,0.001482445,0.00172535,0.002019025,0.002571577,0.002798995,innovation-rhodium18b,high,AZ,missing,PV_peak,missing,missing,missing,missing,missing,missing,missing,missing,EJ
446,0.0,4.65997e-05,0.0173365,0.01882966,0.02054704,0.021533858,0.022917798,0.016917798,0.018713088,innovation-rhodium18b,high,AZ,missing,PV_subpeak,missing,missing,missing,missing,missing,missing,missing,missing,EJ
447,0.0,0.0,0.000683427,0.00043667364,0.00161864799,0.00051547724,0.00046331829,0.00103975134,0.00109554309,innovation-rhodium18b,high,AZ,missing,biogas_base_CC,missing,missing,missing,missing,missing,missing,missing,missing,EJ
448,0.0,0.0,0.0,0.0,0.00143034,0.0005270765,0.0005075998,0.001516092,0.0017296605,innovation-rhodium18b,high,AZ,missing,biogas_base_CC_CCS,missing,missing,missing,missing,missing,missing,missing,missing,EJ
449,0.0,0.0,0.000222931,0.00026096242,0.0008231498,0.0006533384,0.0008036825,0.0016569056,0.0016082569,innovation-rhodium18b,high,AZ,missing,biogas_int_CC,missing,missing,missing,missing,missing,missing,missing,missing,EJ
450,0.0,0.0,0.0,0.0,0.000438883,0.000403657,0.0005535176999999999,0.001526263,0.001911188,innovation-rhodium18b,high,AZ,missing,biogas_int_CC_CCS,missing,missing,missing,missing,missing,missing,missing,missing,EJ
451,0.0,0.0,4.26901e-07,4.2529509e-07,1.1019298e-06,6.564206e-07,9.114789e-07,1.710369e-06,2.183693e-06,innovation-rhodium18b,high,AZ,missing,biogas_peak_CC,missing,missing,missing,missing,missing,missing,missing,missing,EJ
452,0.0,0.0,0.0,0.0,1.75248e-07,1.1016290000000001e-07,1.624728e-07,3.631131000000001e-07,5.173661e-07,innovation-rhodium18b,high,AZ,missing,biogas_peak_CC_CCS,missing,missing,missing,missing,missing,missing,missing,missing,EJ
453,0.0,0.0,3.998054e-07,3.78562493e-07,9.40385971e-07,4.86484475e-07,6.640250609999999e-07,1.3019528629999998e-06,1.6330875349999997e-06,innovation-rhodium18b,high,AZ,missing,biogas_peak_steam/CT,missing,missing,missing,missing,missing,missing,missing,missing,EJ
454,0.0,0.0,1.60245e-06,5.5171509e-06,1.2239451e-05,1.128473e-05,1.8147101e-05,0.000123637251,4.8427821e-05,innovation-rhodium18b,high,AZ,missing,biogas_subpeak_CC,missing,missing,missing,missing,missing,missing,missing,missing,EJ
455,0.0,0.0,0.0,0.0,2.95551e-06,2.958192e-06,5.105412e-06,3.8815152e-05,2.5672953e-05,innovation-rhodium18b,high,AZ,missing,biogas_subpeak_CC_CCS,missing,missing,missing,missing,missing,missing,missing,missing,EJ
456,0.0,0.0,1.092187e-06,3.647286394e-06,7.762651308e-06,6.407675009999999e-06,1.011734878e-05,7.595727329e-05,2.267316913e-05,innovation-rhodium18b,high,AZ,missing,biogas_subpeak_steam/CT,missing,missing,missing,missing,missing,missing,missing,missing,EJ
457,0.0,0.0,0.0001181508,0.0001125648,0.0003913522,0.0004454392,0.0004874106,0.0007107843799999999,0.0009086391,innovation-rhodium18b,high,AZ,missing,biomass_base_IGCC,missing,missing,missing,missing,missing,missing,missing,missing,EJ
458,0.0,0.0,0.0,0.0,0.000585068,0.00091325,0.0012674549999999,0.006603088,0.013568175,innovation-rhodium18b,high,AZ,missing,biomass_base_IGCC_CCS,missing,missing,missing,missing,missing,missing,missing,missing,EJ
459,0.0,8.8799e-05,0.000296866,0.0001984763,0.0007137955000000001,0.0007057977,0.0006560415000000001,0.00083099843,0.00095297682,innovation-rhodium18b,high,AZ,missing,biomass_base_conv,missing,missing,missing,missing,missing,missing,missing,missing,EJ
460,0.0,0.0,0.0,0.0,0.00142142,0.00238671,0.003329661,0.0426451039999999,0.088746701,innovation-rhodium18b,high,AZ,missing,biomass_base_conv_CCS,missing,missing,missing,missing,missing,missing,missing,missing,EJ
461,0.0,0.0,1.626411e-05,2.516041e-05,5.341606000000001e-05,7.187771e-05,9.535589e-05,0.00016543648999999997,0.00022497916,innovation-rhodium18b,high,AZ,missing,biomass_int_IGCC,missing,missing,missing,missing,missing,missing,missing,missing,EJ
462,0.0,0.0,0.0,0.0,2.14382e-05,3.840354e-05,6.172263e-05,0.00016218538000000002,0.00026100474,innovation-rhodium18b,high,AZ,missing,biomass_int_IGCC_CCS,missing,missing,missing,missing,missing,missing,missing,missing,EJ
463,0.0,8.8799e-05,0.0002291314,0.0002314057,0.0003885993,0.0004192851,0.0004064549,0.0004668067,0.000506956,innovation-rhodium18b,high,AZ,missing,biomass_int_conv,missing,missing,missing,missing,missing,missing,missing,missing,EJ
464,0.0,0.0,0.0,0.0,4.38951e-05,7.97527e-05,0.0001270353,0.000365318,0.0005920529,innovation-rhodium18b,high,AZ,missing,biomass_int_conv_CCS,missing,missing,missing,missing,missing,missing,missing,missing,EJ
465,0.0,0.0,0.0,0.0,0.00424923,0.005430282,0.006648665,0.009431429,0.012791407,innovation-rhodium18b,high,AZ,missing,coal_base_IGCC_CCS,missing,missing,missing,missing,missing,missing,missing,missing,EJ
466,0.05901665,0.0876874699999999,0.0,0.0,0.0,0.0,0.0,0.0,0.0,innovation-rhodium18b,high,AZ,missing,coal_base_conv pul,missing,missing,missing,missing,missing,missing,missing,missing,EJ
467,0.0,0.0,0.0013970104,0.0013809144,0.0001944959,8.941886e-05,4.764307e-05,0.0,0.0,innovation-rhodium18b,high,AZ,missing,coal_base_conv pul 1961-1965,missing,missing,missing,missing,missing,missing,missing,missing,EJ
468,0.0,0.0,0.0,0.0,0.0,0.0,0.0,0.0,0.0,innovation-rhodium18b,high,AZ,missing,coal_base_conv pul 1971-1975,missing,missing,missing,missing,missing,missing,missing,missing,EJ
469,0.0,0.0,0.02919487,0.02894426,0.004128461,0.001986234,0.0011688087,0.0,0.0,innovation-rhodium18b,high,AZ,missing,coal_base_conv pul 1976-1980,missing,missing,missing,missing,missing,missing,missing,missing,EJ
470,0.0,0.0,0.013130785,0.013129484,0.001943896,0.001088501,0.0010424335,5.509992e-05,4.101032e-05,innovation-rhodium18b,high,AZ,missing,coal_base_conv pul 1981-1985,missing,missing,missing,missing,missing,missing,missing,missing,EJ
471,0.0,0.0,0.0078971659999999,0.007896727,0.0011693843,0.0006553852,0.0006301254000000001,3.3890420000000005e-05,2.713541e-05,innovation-rhodium18b,high,AZ,missing,coal_base_conv pul 1986-1990,missing,missing,missing,missing,missing,missing,missing,missing,EJ
472,0.0,0.0,0.014085422,0.01408476,0.00208582,0.0011691949,0.0011250056,6.0716760000000005e-05,4.936705e-05,innovation-rhodium18b,high,AZ,missing,coal_base_conv pul 2006-2010,missing,missing,missing,missing,missing,missing,missing,missing,EJ
473,0.0,0.0,0.0,0.0,0.0047443799999999,0.005995862,0.007262294,0.00991479,0.013129693,innovation-rhodium18b,high,AZ,missing,coal_base_conv pul_CCS,missing,missing,missing,missing,missing,missing,missing,missing,EJ
474,0.010407828,0.015463992,0.0,0.0,0.0,0.0,0.0,0.0,0.0,innovation-rhodium18b,high,AZ,missing,coal_base_conv pul_retire_2020,missing,missing,missing,missing,missing,missing,missing,missing,EJ
475,0.0,0.0,0.0,0.0,0.00022925,0.0003674786,0.0005391693,0.000981969,0.0013652602,innovation-rhodium18b,high,AZ,missing,coal_int_IGCC_CCS,missing,missing,missing,missing,missing,missing,missing,missing,EJ
476,0.04091756,0.04219515,0.0,0.0,0.0,0.0,0.0,0.0,0.0,innovation-rhodium18b,high,AZ,missing,coal_int_conv pul,missing,missing,missing,missing,missing,missing,missing,missing,EJ
477,0.0,0.0,0.0004334992,0.000428524,0.0001924499,0.00013476959,8.106788e-05,0.0,0.0,innovation-rhodium18b,high,AZ,missing,coal_int_conv pul 1961-1965,missing,missing,missing,missing,missing,missing,missing,missing,EJ
478,0.0,0.0,0.0,0.0,0.0,0.0,0.0,0.0,0.0,innovation-rhodium18b,high,AZ,missing,coal_int_conv pul 1971-1975,missing,missing,missing,missing,missing,missing,missing,missing,EJ
479,0.0,0.0,0.009059312,0.008981998,0.004085048,0.002993595,0.001988812,0.0,0.0,innovation-rhodium18b,high,AZ,missing,coal_int_conv pul 1976-1980,missing,missing,missing,missing,missing,missing,missing,missing,EJ
480,0.0,0.0,0.004074541,0.004074338,0.001923456,0.0016405590999999,0.001773768,0.0004424678,0.00034908860000000004,innovation-rhodium18b,high,AZ,missing,coal_int_conv pul 1981-1985,missing,missing,missing,missing,missing,missing,missing,missing,EJ
481,0.0,0.0,0.002450531,0.00245051,0.0011570893,0.0009877777,0.0010722016999999,0.00027214929999999995,0.0002309821,innovation-rhodium18b,high,AZ,missing,coal_int_conv pul 1986-1990,missing,missing,missing,missing,missing,missing,missing,missing,EJ
482,0.0,0.0,0.00437076,0.004370771,0.0020638799999999,0.001762181,0.00191428,0.0004875714,0.0004202219,innovation-rhodium18b,high,AZ,missing,coal_int_conv pul 2006-2010,missing,missing,missing,missing,missing,missing,missing,missing,EJ
483,0.0,0.0,0.0,0.0,0.000269637,0.0004231062,0.0006057471,0.0010542731,0.0014313082,innovation-rhodium18b,high,AZ,missing,coal_int_conv pul_CCS,missing,missing,missing,missing,missing,missing,missing,missing,EJ
484,0.007215974,0.007441285,0.0,0.0,0.0,0.0,0.0,0.0,0.0,innovation-rhodium18b,high,AZ,missing,coal_int_conv pul_retire_2020,missing,missing,missing,missing,missing,missing,missing,missing,EJ
485,0.0005412631,0.0,0.0,0.0,0.0,0.0,0.0,0.0,0.0,innovation-rhodium18b,high,AZ,missing,coal_peak_conv pul,missing,missing,missing,missing,missing,missing,missing,missing,EJ
486,9.545389e-05,0.0,0.0,0.0,0.0,0.0,0.0,0.0,0.0,innovation-rhodium18b,high,AZ,missing,coal_peak_conv pul_retire_2020,missing,missing,missing,missing,missing,missing,missing,missing,EJ
487,0.003596935,0.0,0.0,0.0,0.0,0.0,0.0,0.0,0.0,innovation-rhodium18b,high,AZ,missing,coal_subpeak_conv pul,missing,missing,missing,missing,missing,missing,missing,missing,EJ
488,0.0006343335,0.0,0.0,0.0,0.0,0.0,0.0,0.0,0.0,innovation-rhodium18b,high,AZ,missing,coal_subpeak_conv pul_retire_2020,missing,missing,missing,missing,missing,missing,missing,missing,EJ
489,0.00115952,0.0142723,0.03107868,0.04626285,0.0527367,0.04782864,0.048163574,0.0187427999999999,0.0177134579999999,innovation-rhodium18b,high,AZ,missing,gas_base_CC,missing,missing,missing,missing,missing,missing,missing,missing,EJ
490,0.0,0.0,0.0,0.0,0.01621152,0.0200133799999999,0.02394318,0.03271978,0.0431110799999999,innovation-rhodium18b,high,AZ,missing,gas_base_CC_CCS,missing,missing,missing,missing,missing,missing,missing,missing,EJ
491,0.00488579,0.0601403,0.10886,0.10785228,0.09316128,0.08416503,0.0759897,0.06200442,0.0566232199999999,innovation-rhodium18b,high,AZ,missing,gas_int_CC,missing,missing,missing,missing,missing,missing,missing,missing,EJ
492,0.0,0.0,0.0,0.0,0.00255253,0.00399808,0.00572446,0.01004334,0.01360464,innovation-rhodium18b,high,AZ,missing,gas_int_CC_CCS,missing,missing,missing,missing,missing,missing,missing,missing,EJ
493,0.000125603,0.00199086,0.0015435216,0.00140721414,0.0010378063299999,0.0008565562599999999,0.0006812202400000001,0.0003796034099999999,0.00025137874,innovation-rhodium18b,high,AZ,missing,gas_peak_CC,missing,missing,missing,missing,missing,missing,missing,missing,EJ
494,0.0,0.0,0.0,0.0,3.26516e-07,4.89233e-07,7.268139999999999e-07,1.2187720000000002e-06,1.862707e-06,innovation-rhodium18b,high,AZ,missing,gas_peak_CC_CCS,missing,missing,missing,missing,missing,missing,missing,missing,EJ
495,9.30025e-05,0.000700285,0.00072625095,0.00064400856,0.000184076562,0.000149797789,0.000125800967,4.0495106e-05,2.6052396e-05,innovation-rhodium18b,high,AZ,missing,gas_peak_steam/CT,missing,missing,missing,missing,missing,missing,missing,missing,EJ
496,0.000827314,0.0131157,0.0030158522,0.002818471,0.0022457206,0.0019163520999999,0.0016099767,0.001412345,0.001150181,innovation-rhodium18b,high,AZ,missing,gas_subpeak_CC,missing,missing,missing,missing,missing,missing,missing,missing,EJ
497,0.0,0.0,0.0,0.0,7.48718e-06,1.347614e-05,2.348299e-05,0.00010384096,0.0001273121,innovation-rhodium18b,high,AZ,missing,gas_subpeak_CC_CCS,missing,missing,missing,missing,missing,missing,missing,missing,EJ
498,0.00061291,0.00461338,0.0014691474,0.0013738745,0.0005138178,0.0004398498,0.0004011068,0.00034255975,0.00019420814,innovation-rhodium18b,high,AZ,missing,gas_subpeak_steam/CT,missing,missing,missing,missing,missing,missing,missing,missing,EJ
499,0.0,0.0,0.001186028,0.001567892,0.004381927,0.005367987,0.006455249,0.0096384579999999,0.0122921659999999,innovation-rhodium18b,high,AZ,missing,geo_base,missing,missing,missing,missing,missing,missing,missing,missing,EJ
500,0.0251735,0.0235673,0.0280433,0.0280003,0.0279698,0.0279739,0.0279112,0.0276771,0.0277079,innovation-rhodium18b,high,AZ,missing,hydro_base,missing,missing,missing,missing,missing,missing,missing,missing,EJ
501,0.0786024,0.0963204,0.121952,0.121951,0.121952,0.121952,0.121952,0.121951,0.0,innovation-rhodium18b,high,AZ,missing,nuc_base_Gen II,missing,missing,missing,missing,missing,missing,missing,missing,EJ
502,0.0,0.0,0.0,0.0,0.0205973,0.02611954,0.03098262,0.0441096999999999,0.05832384,innovation-rhodium18b,high,AZ,missing,nuc_base_Gen III,missing,missing,missing,missing,missing,missing,missing,missing,EJ
503,0.0,0.0,4.851961e-06,3.459226e-06,2.460061e-06,1.902391e-06,1.378741e-06,1.880975e-07,1.2150620000000001e-07,innovation-rhodium18b,high,AZ,missing,refined liquids_base_steam/CT,missing,missing,missing,missing,missing,missing,missing,missing,EJ
504,0.0,0.0,6.979008999999999e-05,6.328691e-05,3.734974e-05,3.740171e-05,3.102969e-05,1.570166e-05,1.065777e-05,innovation-rhodium18b,high,AZ,missing,refined liquids_int_steam/CT,missing,missing,missing,missing,missing,missing,missing,missing,EJ
505,0.0,0.0,0.0,0.0,0.0,0.0,0.0,0.0,0.0,innovation-rhodium18b,high,AZ,missing,refined liquids_peak_steam/CT,missing,missing,missing,missing,missing,missing,missing,missing,EJ
506,0.0004296073,0.0001700991,0.0,0.0,0.0,0.0,0.0,0.0,0.0,innovation-rhodium18b,high,AZ,missing,refined liquids_subpeak_steam/CT,missing,missing,missing,missing,missing,missing,missing,missing,EJ
507,0.0,0.0,0.00527762,0.0292214,0.0452759,0.0622021,0.0733069,0.0580748,0.062167,innovation-rhodium18b,high,AZ,missing,rooftop_pv,missing,missing,missing,missing,missing,missing,missing,missing,EJ
508,0.0,0.0,0.01881786,0.03008276,0.07517636,0.08678696,0.0972265599999999,0.1243416,0.1373443,innovation-rhodium18b,high,AZ,missing,wind_base,missing,missing,missing,missing,missing,missing,missing,missing,EJ
509,0.0,0.0,0.000474894,0.000756654,0.0025614039999999,0.003042684,0.003465044,0.004590734,0.00532045,innovation-rhodium18b,high,AZ,missing,wind_base_storage,missing,missing,missing,missing,missing,missing,missing,missing,EJ
510,0.0,0.0,0.0,0.0,0.0,0.0,0.0,0.0,0.0,innovation-rhodium18b,high,AZ,missing,wind_int,missing,missing,missing,missing,missing,missing,missing,missing,EJ
511,0.0,0.0,0.0,0.0,0.0,0.0,0.0,0.0,0.0,innovation-rhodium18b,high,AZ,missing,wind_subpeak,missing,missing,missing,missing,missing,missing,missing,missing,EJ
512,0.0,0.0,3.32947e-05,4.35373e-05,0.0001487893,0.0002223909,0.0002975592,0.00038957,0.0004065461,innovation-rhodium18b,high,AR,missing,PV_base_storage,missing,missing,missing,missing,missing,missing,missing,missing,EJ
513,0.0,0.0,0.00255212,0.00506365,0.01252694,0.01682026,0.02044164,0.02853897,0.03244167,innovation-rhodium18b,high,AR,missing,PV_int,missing,missing,missing,missing,missing,missing,missing,missing,EJ
514,0.0,0.0,0.000102456,0.0001779441,0.00034159610000000003,0.0004032362,0.0004595721,0.0006010671000000001,0.0006825021,innovation-rhodium18b,high,AR,missing,PV_peak,missing,missing,missing,missing,missing,missing,missing,missing,EJ
515,0.0,0.0,0.0005492358600000001,0.00101511586,0.00197908886,0.00239339486,0.00277293086,0.0039208709999999,0.004469815,innovation-rhodium18b,high,AR,missing,PV_subpeak,missing,missing,missing,missing,missing,missing,missing,missing,EJ
516,0.0,0.0,0.000170408,0.000108445565,0.0005899513100000001,0.00047050458,0.00049847273,0.00053669408,0.000299474774,innovation-rhodium18b,high,AR,missing,biogas_base_CC,missing,missing,missing,missing,missing,missing,missing,missing,EJ
517,0.0,0.0,0.0,0.0,0.000512674,0.0004793805,0.0005527702,0.0008050087,0.0005232421,innovation-rhodium18b,high,AR,missing,biogas_base_CC_CCS,missing,missing,missing,missing,missing,missing,missing,missing,EJ
518,0.0,0.0,0.000129381,0.00014633429,0.00033035659999999995,0.000343625,0.0004456045,0.001004281,0.0011383928,innovation-rhodium18b,high,AR,missing,biogas_int_CC,missing,missing,missing,missing,missing,missing,missing,missing,EJ
519,0.0,0.0,0.0,0.0,0.000171341,0.0002019846,0.0002930739,0.0008674885,0.001214622,innovation-rhodium18b,high,AR,missing,biogas_int_CC_CCS,missing,missing,missing,missing,missing,missing,missing,missing,EJ
520,0.0,0.0,1.28784e-07,1.1077961e-07,2.6169064e-07,1.7100511000000004e-07,2.276887e-07,5.951419e-07,8.822929e-07,innovation-rhodium18b,high,AR,missing,biogas_peak_CC,missing,missing,missing,missing,missing,missing,missing,missing,EJ
521,0.0,0.0,0.0,0.0,4.11067e-08,2.812976e-08,4.04918e-08,1.2657125e-07,2.164603e-07,innovation-rhodium18b,high,AR,missing,biogas_peak_CC_CCS,missing,missing,missing,missing,missing,missing,missing,missing,EJ
522,0.0,0.0,1.207168e-07,9.709961100000001e-08,2.21466485e-07,1.20942234e-07,1.42979511e-07,4.17616442e-07,5.84416964e-07,innovation-rhodium18b,high,AR,missing,biogas_peak_steam/CT,missing,missing,missing,missing,missing,missing,missing,missing,EJ
523,0.0,0.0,3.17813e-06,3.209893e-06,6.7935260000000006e-06,5.255332e-06,7.242693999999999e-06,2.0978205e-05,2.570717e-05,innovation-rhodium18b,high,AR,missing,biogas_subpeak_CC,missing,missing,missing,missing,missing,missing,missing,missing,EJ
524,0.0,0.0,0.0,0.0,1.59884e-06,1.320484e-06,1.985203e-06,7.009867e-06,1.0596208e-05,innovation-rhodium18b,high,AR,missing,biogas_subpeak_CC_CCS,missing,missing,missing,missing,missing,missing,missing,missing,EJ
525,0.0,0.0,2.168219e-06,2.05650444e-06,4.232111749999999e-06,2.66982184e-06,3.18345002e-06,1.090261061e-05,1.138006836e-05,innovation-rhodium18b,high,AR,missing,biogas_subpeak_steam/CT,missing,missing,missing,missing,missing,missing,missing,missing,EJ
526,0.0,0.0,3.79066e-05,3.724219e-05,0.00014751578,0.00023710836,0.00033559774,0.0004443248,0.00041181245,innovation-rhodium18b,high,AR,missing,biomass_base_IGCC,missing,missing,missing,missing,missing,missing,missing,missing,EJ
527,0.0,0.0,0.0,0.0,0.000220521,0.000533221,0.00092217,0.003494945,0.005192512,innovation-rhodium18b,high,AR,missing,biomass_base_IGCC_CCS,missing,missing,missing,missing,missing,missing,missing,missing,EJ
528,0.0,0.0002908019,0.0001129862,8.354397e-05,0.0003561088,0.00044552567,0.0005127202400000001,0.000510371174,0.000386728491,innovation-rhodium18b,high,AR,missing,biomass_base_conv,missing,missing,missing,missing,missing,missing,missing,missing,EJ
529,0.0,0.0,0.0,0.0,0.000521737,0.001411311,0.002416119,0.019956496,0.030419274,innovation-rhodium18b,high,AR,missing,biomass_base_conv_CCS,missing,missing,missing,missing,missing,missing,missing,missing,EJ
530,0.0,0.0,1.431615e-05,2.110552e-05,3.560492e-05,4.827098999999999e-05,6.298181e-05,0.00010778981,0.00014869075,innovation-rhodium18b,high,AR,missing,biomass_int_IGCC,missing,missing,missing,missing,missing,missing,missing,missing,EJ
531,0.0,0.0,0.0,0.0,1.073641e-05,2.197149e-05,3.601017e-05,9.771558e-05,0.00016046239999999997,innovation-rhodium18b,high,AR,missing,biomass_int_IGCC_CCS,missing,missing,missing,missing,missing,missing,missing,missing,EJ
532,0.0,0.0002908019,0.0001700703,0.0001670458,0.0002518941,0.00028001910000000004,0.0002816097,0.00033304448000000004,0.00036871312,innovation-rhodium18b,high,AR,missing,biomass_int_conv,missing,missing,missing,missing,missing,missing,missing,missing,EJ
533,0.0,0.0,0.0,0.0,2.18173e-05,4.53749e-05,7.36249e-05,0.0002186375,0.0003613592,innovation-rhodium18b,high,AR,missing,biomass_int_conv_CCS,missing,missing,missing,missing,missing,missing,missing,missing,EJ
534,0.0,0.0,0.0,0.0,0.0012467329999999,0.00216222,0.003252987,0.004355899,0.005017031,innovation-rhodium18b,high,AR,missing,coal_base_IGCC_CCS,missing,missing,missing,missing,missing,missing,missing,missing,EJ
535,0.03436741,0.04729567,0.0,0.0,0.0,0.0,0.0,0.0,0.0,innovation-rhodium18b,high,AR,missing,coal_base_conv pul,missing,missing,missing,missing,missing,missing,missing,missing,EJ
536,0.0,0.0,0.0142350499999999,0.01423267,0.003039355,0.001656494,0.00157122,7.88926e-05,4.576577e-05,innovation-rhodium18b,high,AR,missing,coal_base_conv pul 1976-1980,missing,missing,missing,missing,missing,missing,missing,missing,EJ
537,0.0,0.0,0.0349454,0.0349439199999999,0.00746627,0.004079186,0.00391125,0.0002056158,0.000140782,innovation-rhodium18b,high,AR,missing,coal_base_conv pul 1981-1985,missing,missing,missing,missing,missing,missing,missing,missing,EJ
538,0.0,0.0,0.01241809,0.01241828,0.002653962,0.001451523,0.001398348,7.506119999999999e-05,5.61485e-05,innovation-rhodium18b,high,AR,missing,coal_base_conv pul 2006-2010,missing,missing,missing,missing,missing,missing,missing,missing,EJ
539,0.0,0.0,0.00999626,0.00999637,0.002136374,0.0011684389999999,0.0011256299999999,6.042257e-05,4.519906e-05,innovation-rhodium18b,high,AR,missing,coal_base_conv pul 2011-2015,missing,missing,missing,missing,missing,missing,missing,missing,EJ
540,0.0,0.0,0.0,0.0,0.001347993,0.002292457,0.00339495,0.004391297,0.004987754,innovation-rhodium18b,high,AR,missing,coal_base_conv pul_CCS,missing,missing,missing,missing,missing,missing,missing,missing,EJ
541,0.0,0.0,0.0,0.0,8.22706e-05,0.00015123190000000002,0.000232318,0.0004534077,0.0006562979,innovation-rhodium18b,high,AR,missing,coal_int_IGCC_CCS,missing,missing,missing,missing,missing,missing,missing,missing,EJ
542,0.03970502,0.04082213,0.0,0.0,0.0,0.0,0.0,0.0,0.0,innovation-rhodium18b,high,AR,missing,coal_int_conv pul,missing,missing,missing,missing,missing,missing,missing,missing,EJ
543,0.0,0.0,0.002103969,0.002103604,0.000749647,0.0006806208000000001,0.000865929,0.0002935902,0.000223147,innovation-rhodium18b,high,AR,missing,coal_int_conv pul 1976-1980,missing,missing,missing,missing,missing,missing,missing,missing,EJ
544,0.0,0.0,0.005165008,0.005164729,0.001841533,0.001676052,0.002155569,0.0007651790000000001,0.0006864344,innovation-rhodium18b,high,AR,missing,coal_int_conv pul 1981-1985,missing,missing,missing,missing,missing,missing,missing,missing,EJ
545,0.0,0.0,0.0018354299999999,0.001835426,0.0006545912,0.0005964003000000001,0.0007706540000000001,0.0002793321,0.0002737714,innovation-rhodium18b,high,AR,missing,coal_int_conv pul 2006-2010,missing,missing,missing,missing,missing,missing,missing,missing,EJ
546,0.0,0.0,0.001477468,0.001477465,0.0005269286,0.0004800856,0.0006203560999999999,0.0002248565,0.0002203842,innovation-rhodium18b,high,AR,missing,coal_int_conv pul 2011-2015,missing,missing,missing,missing,missing,missing,missing,missing,EJ
547,0.0,0.0,0.0,0.0,9.52782e-05,0.0001707648,0.000256041,0.0004777818,0.0006756150000000001,innovation-rhodium18b,high,AR,missing,coal_int_conv pul_CCS,missing,missing,missing,missing,missing,missing,missing,missing,EJ
548,0.0003127202,0.0,0.0,0.0,0.0,0.0,0.0,0.0,0.0,innovation-rhodium18b,high,AR,missing,coal_peak_conv pul,missing,missing,missing,missing,missing,missing,missing,missing,EJ
549,0.002324342,0.0,0.0,0.0,0.0,0.0,0.0,0.0,0.0,innovation-rhodium18b,high,AR,missing,coal_subpeak_conv pul,missing,missing,missing,missing,missing,missing,missing,missing,EJ
550,0.0,0.0,0.01070622,0.01487696,0.0195834199999999,0.021255499,0.024010677,0.012300831,0.0100079647,innovation-rhodium18b,high,AR,missing,gas_base_CC,missing,missing,missing,missing,missing,missing,missing,missing,EJ
551,0.0,0.0,0.0,0.0,0.00633569,0.01073367,0.01560112,0.0208853699999999,0.02363161,innovation-rhodium18b,high,AR,missing,gas_base_CC_CCS,missing,missing,missing,missing,missing,missing,missing,missing,EJ
552,0.00660998,0.0141045,0.0460397399999999,0.04692308,0.04068973,0.03794318,0.0357760399999999,0.03254335,0.03134934,innovation-rhodium18b,high,AR,missing,gas_int_CC,missing,missing,missing,missing,missing,missing,missing,missing,EJ
553,0.0,0.0,0.0,0.0,0.000996693,0.001783289,0.0026697509999999,0.005008012,0.007054882,innovation-rhodium18b,high,AR,missing,gas_int_CC_CCS,missing,missing,missing,missing,missing,missing,missing,missing,EJ
554,0.000258517,0.000710498,0.00042568431,0.000388028589,0.000294179772,0.00024677808200000007,0.000202816192,0.00013746120099999997,9.8210693e-05,innovation-rhodium18b,high,AR,missing,gas_peak_CC,missing,missing,missing,missing,missing,missing,missing,missing,EJ
555,0.0,0.0,0.0,0.0,7.65879e-08,1.16881e-07,1.667224e-07,3.226820000000001e-07,5.487196e-07,innovation-rhodium18b,high,AR,missing,gas_peak_CC_CCS,missing,missing,missing,missing,missing,missing,missing,missing,EJ
556,0.0001915123,0.0002498992,0.00021289023,0.000186214436,5.341456300000001e-05,4.6780781000000006e-05,4.8363233e-05,2.2980521599999995e-05,1.6900840700000003e-05,innovation-rhodium18b,high,AR,missing,gas_peak_steam/CT,missing,missing,missing,missing,missing,missing,missing,missing,EJ
557,0.0017208,0.00472892,0.0029295538,0.0027010217,0.0021629305999999,0.0018413903,0.0015319811,0.0011453077,0.0009052521,innovation-rhodium18b,high,AR,missing,gas_subpeak_CC,missing,missing,missing,missing,missing,missing,missing,missing,EJ
558,0.0,0.0,0.0,0.0,4.05058e-06,6.483829999999999e-06,9.47736e-06,2.061286e-05,3.233702e-05,innovation-rhodium18b,high,AR,missing,gas_subpeak_CC_CCS,missing,missing,missing,missing,missing,missing,missing,missing,EJ
559,0.001274872,0.001663304,0.0015206726,0.0013620446999999,0.00049114303,0.0004419235,0.00045864589000000006,0.00026338298,0.00021814011999999995,innovation-rhodium18b,high,AR,missing,gas_subpeak_steam/CT,missing,missing,missing,missing,missing,missing,missing,missing,EJ
560,0.0124031,0.0113332,0.0153146,0.0152911,0.0152744,0.0152767,0.0152425,0.0151146,0.0151314,innovation-rhodium18b,high,AR,missing,hydro_base,missing,missing,missing,missing,missing,missing,missing,missing,EJ
561,0.0430551,0.0510939,0.0518822,0.051848,0.0506011,0.0266031,0.0,0.0,0.0,innovation-rhodium18b,high,AR,missing,nuc_base_Gen II,missing,missing,missing,missing,missing,missing,missing,missing,EJ
562,0.0,0.0,0.0,0.0,0.00739515,0.01258526,0.0179327099999999,0.0245359,0.02817425,innovation-rhodium18b,high,AR,missing,nuc_base_Gen III,missing,missing,missing,missing,missing,missing,missing,missing,EJ
563,0.0,0.0,3.3671069999999995e-05,2.941611e-05,3.0694250000000005e-05,2.185694e-05,1.603745e-05,2.043082e-06,1.216147e-06,innovation-rhodium18b,high,AR,missing,refined liquids_base_steam/CT,missing,missing,missing,missing,missing,missing,missing,missing,EJ
564,0.0002545143,0.0005552024,0.0,0.0,0.0,0.0,0.0,0.0,0.0,innovation-rhodium18b,high,AR,missing,refined liquids_int_steam/CT,missing,missing,missing,missing,missing,missing,missing,missing,EJ
565,0.0,0.0,0.0,0.0,0.0,0.0,0.0,0.0,0.0,innovation-rhodium18b,high,AR,missing,refined liquids_peak_steam/CT,missing,missing,missing,missing,missing,missing,missing,missing,EJ
566,6.360368e-05,0.0001388006,0.0,0.0,0.0,0.0,0.0,0.0,0.0,innovation-rhodium18b,high,AR,missing,refined liquids_subpeak_steam/CT,missing,missing,missing,missing,missing,missing,missing,missing,EJ
567,0.0,0.0,0.000124034,0.00104343,0.00562304,0.00688708,0.00837971,0.00685035,0.00821443,innovation-rhodium18b,high,AR,missing,rooftop_pv,missing,missing,missing,missing,missing,missing,missing,missing,EJ
568,0.0,0.0,0.00627919,0.01066384,0.05119164,0.07992004,0.10867924,0.14136144,0.15347015,innovation-rhodium18b,high,AR,missing,wind_base,missing,missing,missing,missing,missing,missing,missing,missing,EJ
569,0.0,0.0,0.000158571,0.0002532543,0.0011683543,0.0018012483,0.0024407453,0.0032111533,0.0034746602999999,innovation-rhodium18b,high,AR,missing,wind_base_storage,missing,missing,missing,missing,missing,missing,missing,missing,EJ
570,0.0,0.0,0.000545368,0.001648778,0.003964978,0.005379728,0.006434428,0.009853848,0.010236044,innovation-rhodium18b,high,CA,missing,CSP_base_storage,missing,missing,missing,missing,missing,missing,missing,missing,EJ
571,0.0,0.0,0.003192296,0.00489707,0.01587169,0.02477803,0.0340647299999999,0.081268174,0.094925354,innovation-rhodium18b,high,CA,missing,CSP_int,missing,missing,missing,missing,missing,missing,missing,missing,EJ
572,0.0,0.0,0.0001361424,0.0001887064,0.0005366364,0.0007244377999999999,0.0009175866,0.0015950285999999,0.0019251282,innovation-rhodium18b,high,CA,missing,CSP_peak,missing,missing,missing,missing,missing,missing,missing,missing,EJ
573,0.0001745078,0.0001568942,0.0003271226,0.0005381926,0.0021010706,0.0031281366,0.0041964946,0.0126795252,0.014210968,innovation-rhodium18b,high,CA,missing,CSP_subpeak,missing,missing,missing,missing,missing,missing,missing,missing,EJ
574,0.0,0.0,9.62863e-05,0.0003101213,0.0007755863,0.0010668863,0.0012876303,0.0020113613,0.002112906,innovation-rhodium18b,high,CA,missing,PV_base_storage,missing,missing,missing,missing,missing,missing,missing,missing,EJ
575,0.0,0.0,0.067663,0.07610367,0.10443197,0.12389467,0.14374777,0.18261507,0.20144717,innovation-rhodium18b,high,CA,missing,PV_int,missing,missing,missing,missing,missing,missing,missing,missing,EJ
576,0.0,0.0,0.00067179,0.000932044,0.001830137,0.002240532,0.002653445,0.003987995,0.00421093,innovation-rhodium18b,high,CA,missing,PV_peak,missing,missing,missing,missing,missing,missing,missing,missing,EJ
577,1.08005e-05,0.00183973,0.01459215,0.0156372,0.01967139,0.0219158,0.0241997399999999,0.02738034,0.02989513,innovation-rhodium18b,high,CA,missing,PV_subpeak,missing,missing,missing,missing,missing,missing,missing,missing,EJ
578,0.0,0.0,0.000217919,0.00100962526,0.00118070759,0.00082637037,0.00066056527,0.001858425791,0.0005215115879999999,innovation-rhodium18b,high,CA,missing,biogas_base_CC,missing,missing,missing,missing,missing,missing,missing,missing,EJ
579,0.0,0.0,0.0,0.0,0.00102381,0.0008163195,0.000700863,0.0025792041,0.0008217610000000001,innovation-rhodium18b,high,CA,missing,biogas_base_CC_CCS,missing,missing,missing,missing,missing,missing,missing,missing,EJ
580,0.0,0.0,0.000206539,0.00028201228,0.0012766418999999,0.0013670256999999,0.0016064396,0.0052068264,0.0026297069,innovation-rhodium18b,high,CA,missing,biogas_int_CC,missing,missing,missing,missing,missing,missing,missing,missing,EJ
581,0.0,0.0,0.0,0.0,0.000706157,0.000869503,0.00113698,0.004529374,0.003536328,innovation-rhodium18b,high,CA,missing,biogas_int_CC_CCS,missing,missing,missing,missing,missing,missing,missing,missing,EJ
582,0.0,0.0,5.62336e-07,2.8989625e-07,1.6569726399999998e-06,1.1152554e-06,1.2319428e-06,3.1174883100000004e-06,2.34058876e-06,innovation-rhodium18b,high,CA,missing,biogas_peak_CC,missing,missing,missing,missing,missing,missing,missing,missing,EJ
583,0.0,0.0,0.0,0.0,2.71981e-07,1.932375e-07,2.272918e-07,6.30636e-07,5.655817e-07,innovation-rhodium18b,high,CA,missing,biogas_peak_CC_CCS,missing,missing,missing,missing,missing,missing,missing,missing,EJ
584,0.0,0.0,5.142007e-07,2.50747308e-07,1.3902807049999998e-06,8.37810705e-07,8.83743897e-07,2.4445785689999995e-06,1.7137905760000003e-06,innovation-rhodium18b,high,CA,missing,biogas_peak_steam/CT,missing,missing,missing,missing,missing,missing,missing,missing,EJ
585,0.0,0.0,8.6606e-07,3.4143404e-06,3.07440325e-05,2.51471541e-05,2.85250912e-05,0.0001585348426,4.26197034e-05,innovation-rhodium18b,high,CA,missing,biogas_subpeak_CC,missing,missing,missing,missing,missing,missing,missing,missing,EJ
586,0.0,0.0,0.0,0.0,7.81847e-06,7.0058e-06,8.565629e-06,5.1026631e-05,2.2917212e-05,innovation-rhodium18b,high,CA,missing,biogas_subpeak_CC_CCS,missing,missing,missing,missing,missing,missing,missing,missing,EJ
587,0.0,0.0,5.753689999999999e-07,2.20077011e-06,1.9359486854e-05,1.4285695523999998e-05,1.5237822968e-05,9.5522069921e-05,1.9358415988000004e-05,innovation-rhodium18b,high,CA,missing,biogas_subpeak_steam/CT,missing,missing,missing,missing,missing,missing,missing,missing,EJ
588,0.0,0.0,0.0003081334,0.0009437796000000002,0.0015719943,0.001979027,0.0021851179,0.0028320259,0.0019800826,innovation-rhodium18b,high,CA,missing,biomass_base_IGCC,missing,missing,missing,missing,missing,missing,missing,missing,EJ
589,0.0,0.0,0.0,0.0,0.001547436,0.003194204,0.004504309,0.0250746489999999,0.0309251379999999,innovation-rhodium18b,high,CA,missing,biomass_base_IGCC_CCS,missing,missing,missing,missing,missing,missing,missing,missing,EJ
590,0.00894371,0.01007174,0.002204134,0.0031598748,0.0054799752,0.0051720440999999,0.0041512835,0.0031738556,0.00156189381,innovation-rhodium18b,high,CA,missing,biomass_base_conv,missing,missing,missing,missing,missing,missing,missing,missing,EJ
591,0.0,0.0,0.0,0.0,0.003692294,0.00845127,0.0118418599999999,0.156476031,0.191247487,innovation-rhodium18b,high,CA,missing,biomass_base_conv_CCS,missing,missing,missing,missing,missing,missing,missing,missing,EJ
592,0.0,0.0,0.0001129489,0.000172323,0.0003848988,0.0005663477,0.0007532992999999999,0.0015488068,0.0017605330999999,innovation-rhodium18b,high,CA,missing,biomass_int_IGCC,missing,missing,missing,missing,missing,missing,missing,missing,EJ
593,0.0,0.0,0.0,0.0,0.0001620991,0.0003272159,0.0005108903000000001,0.0016388892999999,0.0020509829999999,innovation-rhodium18b,high,CA,missing,biomass_int_IGCC_CCS,missing,missing,missing,missing,missing,missing,missing,missing,EJ
594,0.00894359,0.01007189,0.0042732618,0.0042363315,0.0065036157999999,0.0064963208999999,0.0056120484,0.0051758120999999,0.0044283271,innovation-rhodium18b,high,CA,missing,biomass_int_conv,missing,missing,missing,missing,missing,missing,missing,missing,EJ
595,0.0,0.0,0.0,0.0,0.0003225036,0.0006611452000000001,0.0010213,0.0035995491999999,0.0045023912,innovation-rhodium18b,high,CA,missing,biomass_int_conv_CCS,missing,missing,missing,missing,missing,missing,missing,missing,EJ
596,0.0,0.0,0.0,0.0,0.002698186,0.004438489,0.0059983879999999,0.009826643,0.010703488,innovation-rhodium18b,high,CA,missing,coal_base_IGCC_CCS,missing,missing,missing,missing,missing,missing,missing,missing,EJ
597,0.006636975,0.006131223,0.0,0.0,0.0,0.0,0.0,0.0,0.0,innovation-rhodium18b,high,CA,missing,coal_base_conv pul,missing,missing,missing,missing,missing,missing,missing,missing,EJ
598,0.0,0.0,0.0,0.0,0.002862019,0.00460233,0.0061474589999999,0.009334893,0.00993286,innovation-rhodium18b,high,CA,missing,coal_base_conv pul_CCS,missing,missing,missing,missing,missing,missing,missing,missing,EJ
599,0.0,0.0,0.0,0.0,0.000376895,0.0007242909999999998,0.001130675,0.002843151,0.0034589609999999,innovation-rhodium18b,high,CA,missing,coal_int_IGCC_CCS,missing,missing,missing,missing,missing,missing,missing,missing,EJ
600,0.0003493149,0.001532855,0.0,0.0,0.0,0.0,0.0,0.0,0.0,innovation-rhodium18b,high,CA,missing,coal_int_conv pul,missing,missing,missing,missing,missing,missing,missing,missing,EJ
601,0.0,0.0,0.0,0.0,0.000432494,0.000809281,0.001232899,0.002933523,0.0035244399999999,innovation-rhodium18b,high,CA,missing,coal_int_conv pul_CCS,missing,missing,missing,missing,missing,missing,missing,missing,EJ
602,0.034882747,0.067263698,0.1677226869999999,0.196625735,0.126846822,0.0968180329999999,0.0854347087,0.02092610058,0.0140611093899999,innovation-rhodium18b,high,CA,missing,gas_base_CC,missing,missing,missing,missing,missing,missing,missing,missing,EJ
603,0.0,0.0,0.0,0.0,0.010132226,0.015940162,0.020786212,0.032580203,0.0330253619999999,innovation-rhodium18b,high,CA,missing,gas_base_CC_CCS,missing,missing,missing,missing,missing,missing,missing,missing,EJ
604,0.1458690779999999,0.209260517,0.1419769089999999,0.135809815,0.112246666,0.101951587,0.0921313909999999,0.0762179865,0.068999498,innovation-rhodium18b,high,CA,missing,gas_int_CC,missing,missing,missing,missing,missing,missing,missing,missing,EJ
605,0.0,0.0,0.0,0.0,0.0036911509999999,0.0068872418,0.0104721479,0.02524371,0.0302134168,innovation-rhodium18b,high,CA,missing,gas_int_CC_CCS,missing,missing,missing,missing,missing,missing,missing,missing,EJ
606,0.0014749482199999,0.0025524951,0.001851333815,0.0016816044652,0.0011891480647,0.0009740477809,0.0007617120906999999,0.0003288306624999999,0.0002201066948,innovation-rhodium18b,high,CA,missing,gas_peak_CC,missing,missing,missing,missing,missing,missing,missing,missing,EJ
607,0.0,0.0,0.0,0.0,5.003582e-07,7.837523500000001e-07,1.1053434200000002e-06,2.04155127e-06,2.70076618e-06,innovation-rhodium18b,high,CA,missing,gas_peak_CC_CCS,missing,missing,missing,missing,missing,missing,missing,missing,EJ
608,0.0010927359,0.0008978634,0.00063185435,0.0005510288759999999,0.0001712965307,0.0001362276026,0.00010671810650000004,2.792342944e-05,1.843187131e-05,innovation-rhodium18b,high,CA,missing,gas_peak_steam/CT,missing,missing,missing,missing,missing,missing,missing,missing,EJ
609,0.0094784255,0.0162532674999999,0.00604194665,0.00557458251,0.00422754575,0.00358621281,0.00294253846,0.00192922525,0.0014238884899999,innovation-rhodium18b,high,CA,missing,gas_subpeak_CC,missing,missing,missing,missing,missing,missing,missing,missing,EJ
610,0.0,0.0,0.0,0.0,1.9245818e-05,3.2755293e-05,4.8011678000000006e-05,0.00015073566599999998,0.00016854135200000003,innovation-rhodium18b,high,CA,missing,gas_subpeak_CC_CCS,missing,missing,missing,missing,missing,missing,missing,missing,EJ
611,0.0070218139999999,0.0057169849999999,0.00274118098,0.0023926419599999,0.0007862821000000002,0.0006535182099999999,0.00054983496,0.000380787055,0.000166394586,innovation-rhodium18b,high,CA,missing,gas_subpeak_steam/CT,missing,missing,missing,missing,missing,missing,missing,missing,EJ
612,0.0542365,0.0535361,0.0589543,0.06876459,0.08392772,0.09410283,0.10234179,0.08386783,0.08461017,innovation-rhodium18b,high,CA,missing,geo_base,missing,missing,missing,missing,missing,missing,missing,missing,EJ
613,0.0807207,0.145691,0.0592345,0.0591436,0.0590792,0.0590878,0.0589555,0.0584611,0.0585261,innovation-rhodium18b,high,CA,missing,hydro_base,missing,missing,missing,missing,missing,missing,missing,missing,EJ
614,0.124763,0.134935,0.0693813,0.0,0.0,0.0,0.0,0.0,0.0,innovation-rhodium18b,high,CA,missing,nuc_base_Gen II,missing,missing,missing,missing,missing,missing,missing,missing,EJ
615,0.0,0.0,0.0,0.0,0.0180689,0.0294713,0.0382175899999999,0.06721577,0.07522326,innovation-rhodium18b,high,CA,missing,nuc_base_Gen III,missing,missing,missing,missing,missing,missing,missing,missing,EJ
616,0.0018018,0.00087566,1.3786e-05,1.51881e-05,8.6479e-06,6.10491e-06,4.50478e-06,3.72877e-07,2.81242e-07,innovation-rhodium18b,high,CA,missing,refined liquids_base_steam/CT,missing,missing,missing,missing,missing,missing,missing,missing,EJ
617,0.0144141,0.00700519,0.0,0.0,0.0,0.0,0.0,0.0,0.0,innovation-rhodium18b,high,CA,missing,refined liquids_int_steam/CT,missing,missing,missing,missing,missing,missing,missing,missing,EJ
618,0.00180178,0.000875668,0.0,0.0,0.0,0.0,0.0,0.0,0.0,innovation-rhodium18b,high,CA,missing,refined liquids_subpeak_steam/CT,missing,missing,missing,missing,missing,missing,missing,missing,EJ
619,0.0,0.0,0.00173563,0.0100943,0.0517035,0.090047,0.120256,0.0834929,0.100108,innovation-rhodium18b,high,CA,missing,rooftop_pv,missing,missing,missing,missing,missing,missing,missing,missing,EJ
620,0.0109206,0.015404,0.0550285,0.0863703,0.1315309,0.158696,0.1792285,0.2061986,0.2161137,innovation-rhodium18b,high,CA,missing,wind_base,missing,missing,missing,missing,missing,missing,missing,missing,EJ
621,0.0,0.0,0.0,0.00257603,0.01218667,0.01933058,0.02573439,0.04957279,0.05456317,innovation-rhodium18b,high,CA,missing,wind_base_offshore,missing,missing,missing,missing,missing,missing,missing,missing,EJ
622,0.0,0.0,0.000312246,0.001213659,0.002627939,0.003481849,0.004114295,0.006163635,0.006407466,innovation-rhodium18b,high,CA,missing,wind_base_storage,missing,missing,missing,missing,missing,missing,missing,missing,EJ
623,0.0,0.0,0.000279799,0.00036517,0.001231413,0.001454203,0.001644006,0.002082939,0.002263573,innovation-rhodium18b,high,CO,missing,CSP_base_storage,missing,missing,missing,missing,missing,missing,missing,missing,EJ
624,0.0,0.0,0.000862462,0.001630932,0.0064748919999999,0.009192552,0.0122423719999999,0.020174452,0.02583433,innovation-rhodium18b,high,CO,missing,CSP_int,missing,missing,missing,missing,missing,missing,missing,missing,EJ
625,0.0,0.0,3.74536e-05,6.54556e-05,0.0001593468,0.0002057826,0.0002692468,0.0003985242,0.0005275264,innovation-rhodium18b,high,CO,missing,CSP_peak,missing,missing,missing,missing,missing,missing,missing,missing,EJ
626,0.0001881032,0.000169099,0.0010768957999999,0.0011797444,0.0014120224,0.0015941392,0.0018820012,0.0031718492,0.0037772573999999,innovation-rhodium18b,high,CO,missing,CSP_subpeak,missing,missing,missing,missing,missing,missing,missing,missing,EJ
627,0.0,0.0,5.21751e-05,6.9456e-05,0.000251231,0.0002991196,0.00034057669999999995,0.0004374721,0.000487656,innovation-rhodium18b,high,CO,missing,PV_base_storage,missing,missing,missing,missing,missing,missing,missing,missing,EJ
628,0.0,0.0,0.00598818,0.01149186,0.03217916,0.04049763,0.04855557,0.06762397,0.0766042899999999,innovation-rhodium18b,high,CO,missing,PV_int,missing,missing,missing,missing,missing,missing,missing,missing,EJ
629,0.0,0.0,0.000260045,0.000460591,0.0008615750000000001,0.001003711,0.00117139,0.001482167,0.0016041319999999,innovation-rhodium18b,high,CO,missing,PV_peak,missing,missing,missing,missing,missing,missing,missing,missing,EJ
630,0.0,0.0,0.001620579,0.002357167,0.003349162,0.003906603,0.004667164,0.009059874,0.010117745,innovation-rhodium18b,high,CO,missing,PV_subpeak,missing,missing,missing,missing,missing,missing,missing,missing,EJ
631,0.0,0.0,0.000157231,0.000109389544,0.0006065793100000001,0.00018917229,0.00016923172,0.000337390272,0.00035004281,innovation-rhodium18b,high,CO,missing,biogas_base_CC,missing,missing,missing,missing,missing,missing,missing,missing,EJ
632,0.0,0.0,0.0,0.0,0.000538601,0.0001967695,0.00018857035,0.00049490259,0.00055574124,innovation-rhodium18b,high,CO,missing,biogas_base_CC_CCS,missing,missing,missing,missing,missing,missing,missing,missing,EJ
633,0.0,0.0,0.000168572,0.00019707448,0.0006488956,0.0005085464,0.0006211237,0.0012783169,0.0012384939,innovation-rhodium18b,high,CO,missing,biogas_int_CC,missing,missing,missing,missing,missing,missing,missing,missing,EJ
634,0.0,0.0,0.0,0.0,0.000346791,0.00031567870000000003,0.0004295836,0.0011805259999999,0.001475147,innovation-rhodium18b,high,CO,missing,biogas_int_CC_CCS,missing,missing,missing,missing,missing,missing,missing,missing,EJ
635,0.0,0.0,1.8217e-07,1.7934279999999998e-07,4.6224651e-07,2.7527979e-07,3.8159945e-07,7.1432192e-07,9.1105581e-07,innovation-rhodium18b,high,CO,missing,biogas_peak_CC,missing,missing,missing,missing,missing,missing,missing,missing,EJ
636,0.0,0.0,0.0,0.0,7.34959e-08,4.616889e-08,6.799339e-08,1.5168721e-07,2.1593142e-07,innovation-rhodium18b,high,CO,missing,biogas_peak_CC_CCS,missing,missing,missing,missing,missing,missing,missing,missing,EJ
637,0.0,0.0,1.706125e-07,1.593818e-07,3.94274148e-07,2.0389314200000002e-07,2.77819191e-07,5.43532628e-07,6.811535360000002e-07,innovation-rhodium18b,high,CO,missing,biogas_peak_steam/CT,missing,missing,missing,missing,missing,missing,missing,missing,EJ
638,0.0,0.0,5.3644e-07,2.0155912e-06,4.9577294e-06,4.5430403e-06,7.2871323e-06,4.94982624e-05,1.93545871e-05,innovation-rhodium18b,high,CO,missing,biogas_subpeak_CC,missing,missing,missing,missing,missing,missing,missing,missing,EJ
639,0.0,0.0,0.0,0.0,1.20078e-06,1.197458e-06,2.058265e-06,1.5553306999999998e-05,1.0283001e-05,innovation-rhodium18b,high,CO,missing,biogas_subpeak_CC_CCS,missing,missing,missing,missing,missing,missing,missing,missing,EJ
640,0.0,0.0,3.6564000000000004e-07,1.333142035e-06,3.1530839200000005e-06,2.5907066780000003e-06,4.072533439999999e-06,3.0422104919000003e-05,9.062852854e-06,innovation-rhodium18b,high,CO,missing,biogas_subpeak_steam/CT,missing,missing,missing,missing,missing,missing,missing,missing,EJ
641,0.0,0.0,2.76398e-05,2.754419e-05,0.00012865508,0.00014919305999999997,0.00016712786999999998,0.00023624975,0.00029678879,innovation-rhodium18b,high,CO,missing,biomass_base_IGCC,missing,missing,missing,missing,missing,missing,missing,missing,EJ
642,0.0,0.0,0.0,0.0,0.000221735,0.00034474,0.0004766274,0.0022171522,0.0044549309,innovation-rhodium18b,high,CO,missing,biomass_base_IGCC_CCS,missing,missing,missing,missing,missing,missing,missing,missing,EJ
643,1.750033e-05,6.85992e-05,7.148112e-05,4.972039e-05,0.0002296726,0.0002292606,0.00022013084,0.00027353014,0.000309303965,innovation-rhodium18b,high,CO,missing,biomass_base_conv,missing,missing,missing,missing,missing,missing,missing,missing,EJ
644,0.0,0.0,0.0,0.0,0.000539501,0.000902143,0.001254238,0.014182058,0.029140731,innovation-rhodium18b,high,CO,missing,biomass_base_conv_CCS,missing,missing,missing,missing,missing,missing,missing,missing,EJ
645,0.0,0.0,9.84712e-06,1.5679620000000003e-05,3.537227e-05,4.845e-05,6.529147e-05,0.00011630177,0.0001601091,innovation-rhodium18b,high,CO,missing,biomass_int_IGCC,missing,missing,missing,missing,missing,missing,missing,missing,EJ
646,0.0,0.0,0.0,0.0,1.503652e-05,2.707591e-05,4.375865e-05,0.00011670753,0.00018908197,innovation-rhodium18b,high,CO,missing,biomass_int_IGCC_CCS,missing,missing,missing,missing,missing,missing,missing,missing,EJ
647,1.75003e-05,6.85992e-05,7.95869e-05,8.55755e-05,0.0001594661,0.0001850486,0.0002009818,0.000275351,0.0003284098,innovation-rhodium18b,high,CO,missing,biomass_int_conv,missing,missing,missing,missing,missing,missing,missing,missing,EJ
648,0.0,0.0,0.0,0.0,3.08012e-05,5.62631e-05,9.01154e-05,0.0002633465,0.0004296616,innovation-rhodium18b,high,CO,missing,biomass_int_conv_CCS,missing,missing,missing,missing,missing,missing,missing,missing,EJ
649,0.0,0.0,0.0,0.0,0.00160076,0.002041284,0.002493253,0.003387871,0.004460163,innovation-rhodium18b,high,CO,missing,coal_base_IGCC_CCS,missing,missing,missing,missing,missing,missing,missing,missing,EJ
650,0.056402925,0.078792503,0.0,0.0,0.0,0.0,0.0,0.0,0.0,innovation-rhodium18b,high,CO,missing,coal_base_conv pul,missing,missing,missing,missing,missing,missing,missing,missing,EJ
651,0.0,0.0,3.1442251e-05,0.0,0.0,0.0,0.0,0.0,0.0,innovation-rhodium18b,high,CO,missing,coal_base_conv pul 1956-1960,missing,missing,missing,missing,missing,missing,missing,missing,EJ
652,0.0,0.0,0.0030029994,0.0029838038,0.00043080473,0.00021502465,0.00013863209,0.0,0.0,innovation-rhodium18b,high,CO,missing,coal_base_conv pul 1961-1965,missing,missing,missing,missing,missing,missing,missing,missing,EJ
653,0.0,0.0,0.0009661131,0.0009635619,0.00014143133,7.545333e-05,5.9604189e-05,1.7815622e-06,0.0,innovation-rhodium18b,high,CO,missing,coal_base_conv pul 1966-1970,missing,missing,missing,missing,missing,missing,missing,missing,EJ
654,0.0,0.0,0.012700665,0.0085013318,0.0,0.0,0.0,0.0,0.0,innovation-rhodium18b,high,CO,missing,coal_base_conv pul 1971-1975,missing,missing,missing,missing,missing,missing,missing,missing,EJ
655,0.0,0.0,0.023458407,0.023396444,0.0034341282,0.0018320987,0.0014472606,4.3258556e-05,0.0,innovation-rhodium18b,high,CO,missing,coal_base_conv pul 1976-1980,missing,missing,missing,missing,missing,missing,missing,missing,EJ
656,0.0,0.0,0.020309765,0.02030767,0.0030146608999999,0.001689258,0.0016193388999999,8.560430300000001e-05,6.3788063e-05,innovation-rhodium18b,high,CO,missing,coal_base_conv pul 1981-1985,missing,missing,missing,missing,missing,missing,missing,missing,EJ
657,0.0,0.0,7.2738477e-05,0.0,0.0,0.0,0.0,0.0,0.0,innovation-rhodium18b,high,CO,missing,coal_base_conv pul 1991-1995,missing,missing,missing,missing,missing,missing,missing,missing,EJ
658,0.0,0.0,0.015710755,0.015710012,0.0023326833,0.0013084925999999,0.0012602618,6.8026808e-05,5.538024e-05,innovation-rhodium18b,high,CO,missing,coal_base_conv pul 2006-2010,missing,missing,missing,missing,missing,missing,missing,missing,EJ
659,0.0,0.0,2.8759862e-05,1.758763e-05,0.0,0.0,0.0,0.0,0.0,innovation-rhodium18b,high,CO,missing,coal_base_conv pul before 1950,missing,missing,missing,missing,missing,missing,missing,missing,EJ
660,0.0,0.0,0.0,0.0,0.00178809,0.002255166,0.0027253219999999,0.003574415,0.004601009,innovation-rhodium18b,high,CO,missing,coal_base_conv pul_CCS,missing,missing,missing,missing,missing,missing,missing,missing,EJ
661,0.01104317,0.015426826,0.0,0.0,0.0,0.0,0.0,0.0,0.0,innovation-rhodium18b,high,CO,missing,coal_base_conv pul_retire_2020,missing,missing,missing,missing,missing,missing,missing,missing,EJ
662,0.0,0.0,0.0,0.0,0.000181174,0.000288814,0.0004210507,0.0007622051,0.0010567058,innovation-rhodium18b,high,CO,missing,coal_int_IGCC_CCS,missing,missing,missing,missing,missing,missing,missing,missing,EJ
663,0.039105386,0.037914944,0.0,0.0,0.0,0.0,0.0,0.0,0.0,innovation-rhodium18b,high,CO,missing,coal_int_conv pul,missing,missing,missing,missing,missing,missing,missing,missing,EJ
664,0.0,0.0,9.756687000000002e-06,0.0,0.0,0.0,0.0,0.0,0.0,innovation-rhodium18b,high,CO,missing,coal_int_conv pul 1956-1960,missing,missing,missing,missing,missing,missing,missing,missing,EJ
665,0.0,0.0,0.0009318441,0.0009259362,0.00042584996,0.00032370682,0.00023550311,0.0,0.0,innovation-rhodium18b,high,CO,missing,coal_int_conv pul 1961-1965,missing,missing,missing,missing,missing,missing,missing,missing,EJ
666,0.0,0.0,0.00029978963999999995,0.00029901372000000004,0.00013980511,0.00011359,0.00010125329,1.4299728e-05,0.0,innovation-rhodium18b,high,CO,missing,coal_int_conv pul 1966-1970,missing,missing,missing,missing,missing,missing,missing,missing,EJ
667,0.0,0.0,0.0039410658,0.0026381431,0.0,0.0,0.0,0.0,0.0,innovation-rhodium18b,high,CO,missing,coal_int_conv pul 1971-1975,missing,missing,missing,missing,missing,missing,missing,missing,EJ
668,0.0,0.0,0.007279252,0.007260401,0.0033946324,0.0027581122,0.002458553,0.00034721541999999995,0.0,innovation-rhodium18b,high,CO,missing,coal_int_conv pul 1976-1980,missing,missing,missing,missing,missing,missing,missing,missing,EJ
669,0.0,0.0,0.0063022197,0.0063018952,0.0029799872999999,0.0025430709,0.0027508715,0.000687104,0.0005427014700000001,innovation-rhodium18b,high,CO,missing,coal_int_conv pul 1981-1985,missing,missing,missing,missing,missing,missing,missing,missing,EJ
670,0.0,0.0,2.2571133e-05,0.0,0.0,0.0,0.0,0.0,0.0,innovation-rhodium18b,high,CO,missing,coal_int_conv pul 1991-1995,missing,missing,missing,missing,missing,missing,missing,missing,EJ
671,0.0,0.0,0.0048751279,0.0048751363,0.0023058586,0.0019698521,0.0021408951,0.00054601803,0.0004711698,innovation-rhodium18b,high,CO,missing,coal_int_conv pul 2006-2010,missing,missing,missing,missing,missing,missing,missing,missing,EJ
672,0.0,0.0,8.924326e-06,5.4578182000000005e-06,0.0,0.0,0.0,0.0,0.0,innovation-rhodium18b,high,CO,missing,coal_int_conv pul before 1950,missing,missing,missing,missing,missing,missing,missing,missing,EJ
673,0.0,0.0,0.0,0.0,0.000213132,0.00033266860000000004,0.0004733818,0.0008190771999999999,0.0011089113,innovation-rhodium18b,high,CO,missing,coal_int_conv pul_CCS,missing,missing,missing,missing,missing,missing,missing,missing,EJ
674,0.0076564659,0.0074233824,0.0,0.0,0.0,0.0,0.0,0.0,0.0,innovation-rhodium18b,high,CO,missing,coal_int_conv pul_retire_2020,missing,missing,missing,missing,missing,missing,missing,missing,EJ
675,0.00051724529,0.0,0.0,0.0,0.0,0.0,0.0,0.0,0.0,innovation-rhodium18b,high,CO,missing,coal_peak_conv pul,missing,missing,missing,missing,missing,missing,missing,missing,EJ
676,0.00010127171,0.0,0.0,0.0,0.0,0.0,0.0,0.0,0.0,innovation-rhodium18b,high,CO,missing,coal_peak_conv pul_retire_2020,missing,missing,missing,missing,missing,missing,missing,missing,EJ
677,0.0034376162999999,0.0,0.0,0.0,0.0,0.0,0.0,0.0,0.0,innovation-rhodium18b,high,CO,missing,coal_subpeak_conv pul,missing,missing,missing,missing,missing,missing,missing,missing,EJ
678,0.00067305296,0.0,0.0,0.0,0.0,0.0,0.0,0.0,0.0,innovation-rhodium18b,high,CO,missing,coal_subpeak_conv pul_retire_2020,missing,missing,missing,missing,missing,missing,missing,missing,EJ
679,0.000622411,0.0061418199999999,0.0071685099999999,0.01101693,0.014802972,0.013523756,0.0138491369999999,0.0056579152,0.00539425,innovation-rhodium18b,high,CO,missing,gas_base_CC,missing,missing,missing,missing,missing,missing,missing,missing,EJ
680,0.0,0.0,0.0,0.0,0.00610752,0.007523892,0.008981046,0.011718139,0.015001037,innovation-rhodium18b,high,CO,missing,gas_base_CC_CCS,missing,missing,missing,missing,missing,missing,missing,missing,EJ
681,0.002622847,0.02588026,0.0466893,0.0487386,0.044893224,0.0423514109999999,0.04035345,0.0360342779999999,0.035032455,innovation-rhodium18b,high,CO,missing,gas_int_CC,missing,missing,missing,missing,missing,missing,missing,missing,EJ
682,0.0,0.0,0.0,0.0,0.001938888,0.003020413,0.004297958,0.007499202,0.0101314989999999,innovation-rhodium18b,high,CO,missing,gas_int_CC_CCS,missing,missing,missing,missing,missing,missing,missing,missing,EJ
683,6.74018e-05,0.0008567830000000001,0.0005950332419999999,0.0005424723709999999,0.000400086386,0.00033019348699999995,0.00026256858900000006,0.00014625158130000002,9.67434893e-05,innovation-rhodium18b,high,CO,missing,gas_peak_CC,missing,missing,missing,missing,missing,missing,missing,missing,EJ
684,0.0,0.0,0.0,0.0,1.304833e-07,1.9526768e-07,2.8968605e-07,4.8454105e-07,7.3916138e-07,innovation-rhodium18b,high,CO,missing,gas_peak_CC_CCS,missing,missing,missing,missing,missing,missing,missing,missing,EJ
685,4.99014e-05,0.000301394,0.00028022237000000004,0.00024853240600000004,7.1225299e-05,5.798979499999999e-05,4.876787200000001e-05,1.57857052e-05,1.0226247100000002e-05,innovation-rhodium18b,high,CO,missing,gas_peak_steam/CT,missing,missing,missing,missing,missing,missing,missing,missing,EJ
686,0.0004442077,0.00564417,0.00116889377,0.0010983659,0.00087529437,0.00074752828,0.0006281874999999998,0.0005409395200000002,0.00043726393,innovation-rhodium18b,high,CO,missing,gas_subpeak_CC,missing,missing,missing,missing,missing,missing,missing,missing,EJ
687,0.0,0.0,0.0,0.0,2.89767e-06,5.201244000000001e-06,9.030196999999995e-06,3.9599817000000006e-05,4.8496512e-05,innovation-rhodium18b,high,CO,missing,gas_subpeak_CC_CCS,missing,missing,missing,missing,missing,missing,missing,missing,EJ
688,0.000329005,0.00198529,0.0005729025000000001,0.0005415567,0.00020386369,0.00017538469,0.00016106045999999998,0.00013735803,7.855559e-05,innovation-rhodium18b,high,CO,missing,gas_subpeak_steam/CT,missing,missing,missing,missing,missing,missing,missing,missing,EJ
689,0.0,0.0,0.000280811,0.0003814318,0.0015242875,0.0019327867,0.0023891852,0.0036532198,0.0049324035,innovation-rhodium18b,high,CO,missing,geo_base,missing,missing,missing,missing,missing,missing,missing,missing,EJ
690,0.0048185,0.0052037,0.006924,0.0069134,0.0069058,0.0069068,0.0068914,0.0068336,0.0068412,innovation-rhodium18b,high,CO,missing,hydro_base,missing,missing,missing,missing,missing,missing,missing,missing,EJ
691,0.0,0.0,7.89363e-07,5.598702e-07,4.053832e-07,3.153823e-07,2.3033480000000002e-07,3.166105e-08,2.068396e-08,innovation-rhodium18b,high,CO,missing,refined liquids_base_steam/CT,missing,missing,missing,missing,missing,missing,missing,missing,EJ
692,0.0,0.0,1.139066e-05,1.0296e-05,6.164369e-06,6.186065e-06,5.152568e-06,2.630997e-06,1.801293e-06,innovation-rhodium18b,high,CO,missing,refined liquids_int_steam/CT,missing,missing,missing,missing,missing,missing,missing,missing,EJ
693,0.0,0.0,0.0,0.0,0.0,0.0,0.0,0.0,0.0,innovation-rhodium18b,high,CO,missing,refined liquids_peak_steam/CT,missing,missing,missing,missing,missing,missing,missing,missing,EJ
694,0.0001017016,9.33996e-05,0.0,0.0,0.0,0.0,0.0,0.0,0.0,innovation-rhodium18b,high,CO,missing,refined liquids_subpeak_steam/CT,missing,missing,missing,missing,missing,missing,missing,missing,EJ
695,0.0,0.0,0.000775471,0.00358339,0.00826107,0.0132076,0.0172012,0.014175,0.0163881,innovation-rhodium18b,high,CO,missing,rooftop_pv,missing,missing,missing,missing,missing,missing,missing,missing,EJ
696,0.0,0.00168338,0.03667156,0.04283402,0.08254382,0.09278712,0.10206049,0.09833569,0.11330043,innovation-rhodium18b,high,CO,missing,wind_base,missing,missing,missing,missing,missing,missing,missing,missing,EJ
697,0.0,0.0,0.000195747,0.000304853,0.001345623,0.001621204,0.001861988,0.002431694,0.002837475,innovation-rhodium18b,high,CO,missing,wind_base_storage,missing,missing,missing,missing,missing,missing,missing,missing,EJ
698,0.0,0.000701392,0.0,0.0,0.0,0.0,0.0,0.0,0.0,innovation-rhodium18b,high,CO,missing,wind_int,missing,missing,missing,missing,missing,missing,missing,missing,EJ
699,0.0,0.000420798,0.0,0.0,0.0,0.0,0.0,0.0,0.0,innovation-rhodium18b,high,CO,missing,wind_subpeak,missing,missing,missing,missing,missing,missing,missing,missing,EJ
700,0.0,0.0,3.49002e-05,5.3512e-05,0.0001074412,0.0001601478,0.0001955322,0.000261934,0.00029647040000000004,innovation-rhodium18b,high,CT,missing,PV_base_storage,missing,missing,missing,missing,missing,missing,missing,missing,EJ
701,0.0,0.0,0.00134496,0.00322282,0.00915627,0.01240771,0.01536992,0.02010676,0.02227549,innovation-rhodium18b,high,CT,missing,PV_int,missing,missing,missing,missing,missing,missing,missing,missing,EJ
702,0.0,0.0,8.71291e-05,0.0001692027,0.0004053097,0.0004784122,0.0005505626,0.0007053326,0.0007852065,innovation-rhodium18b,high,CT,missing,PV_peak,missing,missing,missing,missing,missing,missing,missing,missing,EJ
703,0.0,0.0,0.0004138742,0.0008872652,0.0022539852,0.0027375582,0.0032026422,0.004769383,0.005303779,innovation-rhodium18b,high,CT,missing,PV_subpeak,missing,missing,missing,missing,missing,missing,missing,missing,EJ
704,0.0,0.0,0.0001665,0.00018291996,0.00028491591,0.00030634684,0.00022546351,0.00035768294,0.00037219601,innovation-rhodium18b,high,CT,missing,biogas_base_CC,missing,missing,missing,missing,missing,missing,missing,missing,EJ
705,0.0,0.0,0.0,0.0,0.000230968,0.0002806381,0.0002204292,0.00046584894,0.00052274605,innovation-rhodium18b,high,CT,missing,biogas_base_CC_CCS,missing,missing,missing,missing,missing,missing,missing,missing,EJ
706,0.0,0.0,6.50843e-05,0.00010761377,0.0002658523,0.000310645,0.0004424096,0.0007525127000000001,0.0008672707,innovation-rhodium18b,high,CT,missing,biogas_int_CC,missing,missing,missing,missing,missing,missing,missing,missing,EJ
707,0.0,0.0,0.0,0.0,0.000130455,0.0001667299,0.0002601304,0.0005702485,0.0007533325000000001,innovation-rhodium18b,high,CT,missing,biogas_int_CC_CCS,missing,missing,missing,missing,missing,missing,missing,missing,EJ
708,0.0,0.0,1.17588e-07,1.3165836e-07,4.1122801e-07,2.512333e-07,3.684009e-07,7.85816e-07,1.0380306e-06,innovation-rhodium18b,high,CT,missing,biogas_peak_CC,missing,missing,missing,missing,missing,missing,missing,missing,EJ
709,0.0,0.0,0.0,0.0,6.60292e-08,4.14748e-08,6.430301e-08,1.66202e-07,2.497449e-07,innovation-rhodium18b,high,CT,missing,biogas_peak_CC_CCS,missing,missing,missing,missing,missing,missing,missing,missing,EJ
710,0.0,0.0,1.071179e-07,1.1261082300000001e-07,3.3903429300000005e-07,1.57047143e-07,2.0421968700000007e-07,4.92810726e-07,5.868110230000002e-07,innovation-rhodium18b,high,CT,missing,biogas_peak_steam/CT,missing,missing,missing,missing,missing,missing,missing,missing,EJ
711,0.0,0.0,1.96021e-06,3.359531e-06,9.958769e-06,7.283425e-06,1.0823871e-05,3.2013639e-05,3.0068807e-05,innovation-rhodium18b,high,CT,missing,biogas_subpeak_CC,missing,missing,missing,missing,missing,missing,missing,missing,EJ
712,0.0,0.0,0.0,0.0,2.4125e-06,1.855474e-06,2.929423e-06,1.0412403e-05,1.2304866e-05,innovation-rhodium18b,high,CT,missing,biogas_subpeak_CC_CCS,missing,missing,missing,missing,missing,missing,missing,missing,EJ
713,0.0,0.0,1.29724e-06,2.11270885e-06,6.066847700000001e-06,3.26271652e-06,4.18602813e-06,1.5886626499999997e-05,1.01037346e-05,innovation-rhodium18b,high,CT,missing,biogas_subpeak_steam/CT,missing,missing,missing,missing,missing,missing,missing,missing,EJ
714,0.0,0.0,7.76549e-05,0.0001120182,0.0001906342,0.0002784287,0.00033293810000000005,0.0004256884599999999,0.0005493645,innovation-rhodium18b,high,CT,missing,biomass_base_IGCC,missing,missing,missing,missing,missing,missing,missing,missing,EJ
715,0.0,0.0,0.0,0.0,0.0001339018,0.0003693162,0.0005516851,0.0019790746999999,0.0036158302,innovation-rhodium18b,high,CT,missing,biomass_base_IGCC_CCS,missing,missing,missing,missing,missing,missing,missing,missing,EJ
716,0.00198324,0.00187681,0.0006040560000000001,0.00055457,0.0009861699000000002,0.00101271,0.0008609614000000001,0.0005648585999999999,0.0006027351999999999,innovation-rhodium18b,high,CT,missing,biomass_base_conv,missing,missing,missing,missing,missing,missing,missing,missing,EJ
717,0.0,0.0,0.0,0.0,0.00027721,0.000838746,0.001234041,0.00743428,0.013625685,innovation-rhodium18b,high,CT,missing,biomass_base_conv_CCS,missing,missing,missing,missing,missing,missing,missing,missing,EJ
718,0.0,0.0,2.659598e-05,4.62377e-05,7.728974e-05,0.00010185974,0.00013072871999999998,0.0001856582,0.00023002286000000003,innovation-rhodium18b,high,CT,missing,biomass_int_IGCC,missing,missing,missing,missing,missing,missing,missing,missing,EJ
719,0.0,0.0,0.0,0.0,2.245197e-05,4.268403e-05,6.769837e-05,0.00013582807,0.00019493275,innovation-rhodium18b,high,CT,missing,biomass_int_IGCC_CCS,missing,missing,missing,missing,missing,missing,missing,missing,EJ
720,0.00198324,0.00187681,0.0012710987,0.0012003934,0.0013550867,0.0013316144999999,0.0012193598,0.0011163236,0.0009917813,innovation-rhodium18b,high,CT,missing,biomass_int_conv,missing,missing,missing,missing,missing,missing,missing,missing,EJ
721,0.0,0.0,0.0,0.0,4.33819e-05,8.34781e-05,0.0001309236,0.00027917070000000005,0.0004024418,innovation-rhodium18b,high,CT,missing,biomass_int_conv_CCS,missing,missing,missing,missing,missing,missing,missing,missing,EJ
722,0.0,0.0,0.0,0.0,0.000500123,0.000984198,0.001359434,0.0017919864,0.0024219944,innovation-rhodium18b,high,CT,missing,coal_base_IGCC_CCS,missing,missing,missing,missing,missing,missing,missing,missing,EJ
723,0.0062297599999999,0.00682512,0.0,0.0,0.0,0.0,0.0,0.0,0.0,innovation-rhodium18b,high,CT,missing,coal_base_conv pul,missing,missing,missing,missing,missing,missing,missing,missing,EJ
724,0.0,0.0,0.00057346,0.0,0.0,0.0,0.0,0.0,0.0,innovation-rhodium18b,high,CT,missing,coal_base_conv pul 1966-1970,missing,missing,missing,missing,missing,missing,missing,missing,EJ
725,0.0,0.0,0.0,0.0,0.0005106379999999999,0.00096913,0.001321574,0.0016090002,0.002133634,innovation-rhodium18b,high,CT,missing,coal_base_conv pul_CCS,missing,missing,missing,missing,missing,missing,missing,missing,EJ
726,0.00509708,0.00558418,0.0,0.0,0.0,0.0,0.0,0.0,0.0,innovation-rhodium18b,high,CT,missing,coal_base_conv pul_retire_2020,missing,missing,missing,missing,missing,missing,missing,missing,EJ
727,0.0,0.0,0.0,0.0,6.5195e-05,0.0001174726,0.0001843973,0.0003103432999999999,0.0004170583,innovation-rhodium18b,high,CT,missing,coal_int_IGCC_CCS,missing,missing,missing,missing,missing,missing,missing,missing,EJ
728,0.00155747,0.0017062779999999,0.0,0.0,0.0,0.0,0.0,0.0,0.0,innovation-rhodium18b,high,CT,missing,coal_int_conv pul,missing,missing,missing,missing,missing,missing,missing,missing,EJ
729,0.0,0.0,8.55253e-05,0.0,0.0,0.0,0.0,0.0,0.0,innovation-rhodium18b,high,CT,missing,coal_int_conv pul 1966-1970,missing,missing,missing,missing,missing,missing,missing,missing,EJ
730,0.0,0.0,0.0,0.0,7.32261e-05,0.00012871910000000002,0.000197335,0.000320585,0.0004221233,innovation-rhodium18b,high,CT,missing,coal_int_conv pul_CCS,missing,missing,missing,missing,missing,missing,missing,missing,EJ
731,0.001274291,0.001396044,0.0,0.0,0.0,0.0,0.0,0.0,0.0,innovation-rhodium18b,high,CT,missing,coal_int_conv pul_retire_2020,missing,missing,missing,missing,missing,missing,missing,missing,EJ
732,0.0,0.0095001699999999,0.01914292,0.02174931,0.016577006,0.015291777,0.014944433,0.0059641099999999,0.0061416115,innovation-rhodium18b,high,CT,missing,gas_base_CC,missing,missing,missing,missing,missing,missing,missing,missing,EJ
733,0.0,0.0,0.0,0.0,0.0019883649999999,0.003800825,0.005072923,0.006865062,0.009121495,innovation-rhodium18b,high,CT,missing,gas_base_CC_CCS,missing,missing,missing,missing,missing,missing,missing,missing,EJ
734,0.003622971,0.0154716,0.032448812,0.031747094,0.027349488,0.025034896,0.022633377,0.019417263,0.017439164,innovation-rhodium18b,high,CT,missing,gas_int_CC,missing,missing,missing,missing,missing,missing,missing,missing,EJ
735,0.0,0.0,0.0,0.0,0.000617074,0.001085199,0.0016598099999999,0.0027143519999999,0.003570056,innovation-rhodium18b,high,CT,missing,gas_int_CC_CCS,missing,missing,missing,missing,missing,missing,missing,missing,EJ
736,0.0,0.00030212,0.000330248805,0.000299980944,0.000224210999,0.000193662347,0.00015959316900000003,0.000109568696,7.856201100000001e-05,innovation-rhodium18b,high,CT,missing,gas_peak_CC,missing,missing,missing,missing,missing,missing,missing,missing,EJ
737,0.0,0.0,0.0,0.0,1.1204350000000001e-07,1.590341e-07,2.251145e-07,3.951628e-07,6.001487e-07,innovation-rhodium18b,high,CT,missing,gas_peak_CC_CCS,missing,missing,missing,missing,missing,missing,missing,missing,EJ
738,0.0,0.000106307,0.00015155825,0.000129076431,4.1426011e-05,4.1257916e-05,4.2829556e-05,2.166174e-05,1.6099066e-05,innovation-rhodium18b,high,CT,missing,gas_peak_steam/CT,missing,missing,missing,missing,missing,missing,missing,missing,EJ
739,0.0002312055,0.001574221,0.00198607931,0.00182867886,0.00146118061,0.00127415822,0.0010677286399999,0.00083499636,0.0006656772,innovation-rhodium18b,high,CT,missing,gas_subpeak_CC,missing,missing,missing,missing,missing,missing,missing,missing,EJ
740,0.0,0.0,0.0,0.0,5.451290000000001e-06,8.111643999999999e-06,1.1660675e-05,2.6571164e-05,3.5219776000000006e-05,innovation-rhodium18b,high,CT,missing,gas_subpeak_CC_CCS,missing,missing,missing,missing,missing,missing,missing,missing,EJ
741,0.000171304,0.000553708,0.0009804746,0.0008597453,0.00034292696,0.00034351209,0.00035654343999999994,0.00023185168,0.00018822052,innovation-rhodium18b,high,CT,missing,gas_subpeak_steam/CT,missing,missing,missing,missing,missing,missing,missing,missing,EJ
742,0.0019109,0.0017583,0.001298,0.001296,0.0012946,0.0012948,0.0012919,0.0012811,0.0012825,innovation-rhodium18b,high,CT,missing,hydro_base,missing,missing,missing,missing,missing,missing,missing,missing,EJ
743,0.0754677,0.0580829,0.063792,0.0618756,0.0577834,0.0499891,0.037928,0.0241763,0.0,innovation-rhodium18b,high,CT,missing,nuc_base_Gen II,missing,missing,missing,missing,missing,missing,missing,missing,EJ
744,0.0,0.0,0.0,0.0,0.00444566,0.0088085099999999,0.01176497,0.01736509,0.02327361,innovation-rhodium18b,high,CT,missing,nuc_base_Gen III,missing,missing,missing,missing,missing,missing,missing,missing,EJ
745,0.002797956,0.0012216095,0.0004373042,0.0003677144,0.0001934483,0.0001576025,0.00012546314,1.946927e-05,1.486104e-05,innovation-rhodium18b,high,CT,missing,refined liquids_base_steam/CT,missing,missing,missing,missing,missing,missing,missing,missing,EJ
746,0.02439988,0.009772662,0.0,0.0,0.0,0.0,0.0,0.0,0.0,innovation-rhodium18b,high,CT,missing,refined liquids_int_steam/CT,missing,missing,missing,missing,missing,missing,missing,missing,EJ
747,0.000590806,0.0,0.0,0.0,0.0,0.0,0.0,0.0,0.0,innovation-rhodium18b,high,CT,missing,refined liquids_peak_steam/CT,missing,missing,missing,missing,missing,missing,missing,missing,EJ
748,0.0034303849999999,0.0012216171,0.0,0.0,0.0,0.0,0.0,0.0,0.0,innovation-rhodium18b,high,CT,missing,refined liquids_subpeak_steam/CT,missing,missing,missing,missing,missing,missing,missing,missing,EJ
749,0.0,0.0,4.95482e-05,0.000317859,0.00150963,0.00235761,0.00315532,0.00303549,0.00407518,innovation-rhodium18b,high,CT,missing,rooftop_pv,missing,missing,missing,missing,missing,missing,missing,missing,EJ
750,0.0,0.0,0.00261449,0.00471642,0.00830165,0.01062076,0.011617361,0.012039579,0.011510229,innovation-rhodium18b,high,CT,missing,wind_base,missing,missing,missing,missing,missing,missing,missing,missing,EJ
751,0.0,0.0,0.0,0.000223149,0.001469709,0.002848019,0.003921799,0.006886879,0.00923699,innovation-rhodium18b,high,CT,missing,wind_base_offshore,missing,missing,missing,missing,missing,missing,missing,missing,EJ
752,0.0,0.0,7.82932e-05,0.00013854200000000002,0.000259317,0.0003590424,0.0004152068,0.0004744664,0.0005125732000000001,innovation-rhodium18b,high,CT,missing,wind_base_storage,missing,missing,missing,missing,missing,missing,missing,missing,EJ
753,0.0,0.0,6.88143e-07,1.043828e-06,3.651448e-06,6.066488e-06,8.886518e-06,1.3035618e-05,1.5232075e-05,innovation-rhodium18b,high,DE,missing,PV_base_storage,missing,missing,missing,missing,missing,missing,missing,missing,EJ
754,0.0,0.0,0.00058727,0.001035361,0.003346201,0.004727191,0.005854391,0.008130791,0.009502031,innovation-rhodium18b,high,DE,missing,PV_int,missing,missing,missing,missing,missing,missing,missing,missing,EJ
755,0.0,0.0,6.68526e-05,0.0001164796,0.0002602046,0.0003305685,0.0004013636,0.0005326776,0.000638868,innovation-rhodium18b,high,DE,missing,PV_peak,missing,missing,missing,missing,missing,missing,missing,missing,EJ
756,0.0,0.0,0.000594677,0.000910255,0.0018064119999999,0.002305815,0.002803087,0.003703523,0.00440186,innovation-rhodium18b,high,DE,missing,PV_subpeak,missing,missing,missing,missing,missing,missing,missing,missing,EJ
757,0.0,0.0,3.18595e-06,3.3917933e-06,1.315898e-05,1.3527158e-05,1.6366606e-05,2.14152167e-05,1.48795977e-05,innovation-rhodium18b,high,DE,missing,biogas_base_CC,missing,missing,missing,missing,missing,missing,missing,missing,EJ
758,0.0,0.0,0.0,0.0,1.13925e-05,1.3570529e-05,1.7780785e-05,3.0756461e-05,2.3844957e-05,innovation-rhodium18b,high,DE,missing,biogas_base_CC_CCS,missing,missing,missing,missing,missing,missing,missing,missing,EJ
759,0.0,0.0,2.78408e-05,2.471926e-05,8.200190000000001e-05,9.045496e-05,0.00011663091,0.00024303488,0.00029152871,innovation-rhodium18b,high,DE,missing,biogas_int_CC,missing,missing,missing,missing,missing,missing,missing,missing,EJ
760,0.0,0.0,0.0,0.0,4.22315e-05,5.3181100000000005e-05,7.652040000000001e-05,0.0002037962,0.0002921112,innovation-rhodium18b,high,DE,missing,biogas_int_CC_CCS,missing,missing,missing,missing,missing,missing,missing,missing,EJ
761,0.0,0.0,8.31122e-08,7.303093e-08,1.9509867e-07,1.6458832000000001e-07,2.399775e-07,5.096093e-07,7.620278e-07,innovation-rhodium18b,high,DE,missing,biogas_peak_CC,missing,missing,missing,missing,missing,missing,missing,missing,EJ
762,0.0,0.0,0.0,0.0,3.05409e-08,2.718908e-08,4.300495e-08,1.107005e-07,1.8686140000000002e-07,innovation-rhodium18b,high,DE,missing,biogas_peak_CC_CCS,missing,missing,missing,missing,missing,missing,missing,missing,EJ
763,0.0,0.0,7.68625e-08,6.222127600000002e-08,1.6053149599999997e-07,1.08179125e-07,1.40366996e-07,3.193489399999999e-07,4.536318380000001e-07,innovation-rhodium18b,high,DE,missing,biogas_peak_steam/CT,missing,missing,missing,missing,missing,missing,missing,missing,EJ
764,0.0,0.0,1.9753e-06,2.114548e-06,5.268268e-06,5.258884e-06,7.839259999999999e-06,1.8475218e-05,2.3468561e-05,innovation-rhodium18b,high,DE,missing,biogas_subpeak_CC,missing,missing,missing,missing,missing,missing,missing,missing,EJ
765,0.0,0.0,0.0,0.0,1.23487e-06,1.329376e-06,2.164582e-06,6.1989230000000005e-06,9.36221e-06,innovation-rhodium18b,high,DE,missing,biogas_subpeak_CC_CCS,missing,missing,missing,missing,missing,missing,missing,missing,EJ
766,0.0,0.0,1.328259e-06,1.30694308e-06,3.17678603e-06,2.47264466e-06,3.20804645e-06,8.611278669999998e-06,9.17273686e-06,innovation-rhodium18b,high,DE,missing,biogas_subpeak_steam/CT,missing,missing,missing,missing,missing,missing,missing,missing,EJ
767,0.0,0.0,3.236275e-06,3.893055e-06,1.0079137e-05,1.5926787e-05,2.2647802e-05,3.0814383e-05,3.125407e-05,innovation-rhodium18b,high,DE,missing,biomass_base_IGCC,missing,missing,missing,missing,missing,missing,missing,missing,EJ
768,0.0,0.0,0.0,0.0,1.2381079999999998e-05,3.220587e-05,5.724128e-05,0.00023914155000000003,0.00038080028,innovation-rhodium18b,high,DE,missing,biomass_base_IGCC_CCS,missing,missing,missing,missing,missing,missing,missing,missing,EJ
769,0.0,0.0,2.0982383e-05,1.87642204e-05,5.0724443e-05,5.150453689999999e-05,4.93444646e-05,3.600585719999999e-05,2.923710982000001e-05,innovation-rhodium18b,high,DE,missing,biomass_base_conv,missing,missing,missing,missing,missing,missing,missing,missing,EJ
770,0.0,0.0,0.0,0.0,2.8834332e-05,8.4569923e-05,0.000148362312,0.001403059742,0.00228387466,innovation-rhodium18b,high,DE,missing,biomass_base_conv_CCS,missing,missing,missing,missing,missing,missing,missing,missing,EJ
771,0.0,0.0,2.192913e-06,3.173445e-06,6.116550999999999e-06,8.808713e-06,1.1979094e-05,2.1377766e-05,3.1036380999999994e-05,innovation-rhodium18b,high,DE,missing,biomass_int_IGCC,missing,missing,missing,missing,missing,missing,missing,missing,EJ
772,0.0,0.0,0.0,0.0,2.216928e-06,4.601372000000001e-06,7.579996999999999e-06,2.0351451e-05,3.4725423e-05,innovation-rhodium18b,high,DE,missing,biomass_int_IGCC_CCS,missing,missing,missing,missing,missing,missing,missing,missing,EJ
773,0.0,0.0,5.192277099999999e-05,5.03476805e-05,6.855211830000001e-05,7.14324586e-05,6.903159340000002e-05,7.671871390000001e-05,8.313104850000001e-05,innovation-rhodium18b,high,DE,missing,biomass_int_conv,missing,missing,missing,missing,missing,missing,missing,missing,EJ
774,0.0,0.0,0.0,0.0,4.4056633e-06,9.2955553e-06,1.51517785e-05,4.45371785e-05,7.65164329e-05,innovation-rhodium18b,high,DE,missing,biomass_int_conv_CCS,missing,missing,missing,missing,missing,missing,missing,missing,EJ
775,0.0,0.0,0.0,0.0,3.2293500000000005e-05,6.387593999999999e-05,0.00010675038,0.00016129327999999998,0.00020283427,innovation-rhodium18b,high,DE,missing,coal_base_IGCC_CCS,missing,missing,missing,missing,missing,missing,missing,missing,EJ
776,0.00454444,0.00453273,0.0,0.0,0.0,0.0,0.0,0.0,0.0,innovation-rhodium18b,high,DE,missing,coal_base_conv pul,missing,missing,missing,missing,missing,missing,missing,missing,EJ
777,0.0,0.0,0.000758356,0.0007582800000000001,0.0001846764,0.0001044313,0.0001095938,4.48138e-06,2.8462e-06,innovation-rhodium18b,high,DE,missing,coal_base_conv pul 1976-1980,missing,missing,missing,missing,missing,missing,missing,missing,EJ
778,0.0,0.0,0.0,0.0,3.50968e-05,6.7918e-05,0.0001114505,0.00016253306000000003,0.00020115975,innovation-rhodium18b,high,DE,missing,coal_base_conv pul_CCS,missing,missing,missing,missing,missing,missing,missing,missing,EJ
779,0.0054267,0.00541271,0.0,0.0,0.0,0.0,0.0,0.0,0.0,innovation-rhodium18b,high,DE,missing,coal_base_conv pul_retire_2020,missing,missing,missing,missing,missing,missing,missing,missing,EJ
780,0.0,0.0,0.0,0.0,2.2671150000000004e-05,4.12426e-05,6.216536e-05,0.00011610835,0.00016947740000000005,innovation-rhodium18b,high,DE,missing,coal_int_IGCC_CCS,missing,missing,missing,missing,missing,missing,missing,missing,EJ
781,0.00427941,0.0045200699999999,0.0,0.0,0.0,0.0,0.0,0.0,0.0,innovation-rhodium18b,high,DE,missing,coal_int_conv pul,missing,missing,missing,missing,missing,missing,missing,missing,EJ
782,0.0,0.0,0.000447962,0.000447906,0.00024897,0.000231987,0.000264404,0.0001101536,8.46006e-05,innovation-rhodium18b,high,DE,missing,coal_int_conv pul 1976-1980,missing,missing,missing,missing,missing,missing,missing,missing,EJ
783,0.0,0.0,0.0,0.0,2.633963e-05,4.674082e-05,6.878792999999999e-05,0.00012300339999999995,0.00017512938,innovation-rhodium18b,high,DE,missing,coal_int_conv pul_CCS,missing,missing,missing,missing,missing,missing,missing,missing,EJ
784,0.00511021,0.00539759,0.0,0.0,0.0,0.0,0.0,0.0,0.0,innovation-rhodium18b,high,DE,missing,coal_int_conv pul_retire_2020,missing,missing,missing,missing,missing,missing,missing,missing,EJ
785,4.55313e-05,0.0,0.0,0.0,0.0,0.0,0.0,0.0,0.0,innovation-rhodium18b,high,DE,missing,coal_peak_conv pul,missing,missing,missing,missing,missing,missing,missing,missing,EJ
786,5.43707e-05,0.0,0.0,0.0,0.0,0.0,0.0,0.0,0.0,innovation-rhodium18b,high,DE,missing,coal_peak_conv pul_retire_2020,missing,missing,missing,missing,missing,missing,missing,missing,EJ
787,0.0001881865,0.0,0.0,0.0,0.0,0.0,0.0,0.0,0.0,innovation-rhodium18b,high,DE,missing,coal_subpeak_conv pul,missing,missing,missing,missing,missing,missing,missing,missing,EJ
788,0.000224721,0.0,0.0,0.0,0.0,0.0,0.0,0.0,0.0,innovation-rhodium18b,high,DE,missing,coal_subpeak_conv pul_retire_2020,missing,missing,missing,missing,missing,missing,missing,missing,EJ
789,0.0,0.0,0.0029330109999999,0.002796958,0.002105104,0.0016717714,0.0015361831,0.0004346735,0.0003396415,innovation-rhodium18b,high,DE,missing,gas_base_CC,missing,missing,missing,missing,missing,missing,missing,missing,EJ
790,0.0,0.0,0.0,0.0,0.000123835,0.000237255,0.000381514,0.0005617720000000001,0.0006841960000000001,innovation-rhodium18b,high,DE,missing,gas_base_CC_CCS,missing,missing,missing,missing,missing,missing,missing,missing,EJ
791,0.00209525,0.00335452,0.01515494,0.014523613,0.012423704,0.011175167,0.009922491,0.008436998,0.007585554,innovation-rhodium18b,high,DE,missing,gas_int_CC,missing,missing,missing,missing,missing,missing,missing,missing,EJ
792,0.0,0.0,0.0,0.0,0.000231799,0.000410786,0.000604389,0.001089526,0.001547812,innovation-rhodium18b,high,DE,missing,gas_int_CC_CCS,missing,missing,missing,missing,missing,missing,missing,missing,EJ
793,0.000122002,0.000251606,0.000195099693,0.000177905413,0.000140289047,0.000118741368,9.6315286e-05,6.814673100000001e-05,4.9199623000000005e-05,innovation-rhodium18b,high,DE,missing,gas_peak_CC,missing,missing,missing,missing,missing,missing,missing,missing,EJ
794,0.0,0.0,0.0,0.0,5.67181e-08,9.33344e-08,1.424349e-07,2.613285e-07,4.3584120000000003e-07,innovation-rhodium18b,high,DE,missing,gas_peak_CC_CCS,missing,missing,missing,missing,missing,missing,missing,missing,EJ
795,9.04018e-05,8.85021e-05,9.7819699e-05,8.6205317e-05,3.2942505999999995e-05,3.0461569e-05,2.962185e-05,1.6052614e-05,1.1643055e-05,innovation-rhodium18b,high,DE,missing,gas_peak_steam/CT,missing,missing,missing,missing,missing,missing,missing,missing,EJ
796,0.000713914,0.00147191,0.0013326071,0.0012338007,0.0010266218999999,0.0008869387000000001,0.0007425799,0.000592451,0.0004928790000000001,innovation-rhodium18b,high,DE,missing,gas_subpeak_CC,missing,missing,missing,missing,missing,missing,missing,missing,EJ
797,0.0,0.0,0.0,0.0,3.09182e-06,5.361909999999999e-06,8.35913e-06,1.706118e-05,2.62307e-05,innovation-rhodium18b,high,DE,missing,gas_subpeak_CC_CCS,missing,missing,missing,missing,missing,missing,missing,missing,EJ
798,0.00052891,0.000517705,0.0006931682,0.0006273708,0.00029653745999999993,0.00027950226,0.00027437688,0.00018238031,0.00015321288999999998,innovation-rhodium18b,high,DE,missing,gas_subpeak_steam/CT,missing,missing,missing,missing,missing,missing,missing,missing,EJ
799,0.0,0.0,5.15846e-05,4.61017e-05,3.68754e-05,2.69791e-05,2.18095e-05,2.26265e-06,1.40078e-06,innovation-rhodium18b,high,DE,missing,refined liquids_base_steam/CT,missing,missing,missing,missing,missing,missing,missing,missing,EJ
800,0.00605304,0.00240181,0.0,0.0,0.0,0.0,0.0,0.0,0.0,innovation-rhodium18b,high,DE,missing,refined liquids_int_steam/CT,missing,missing,missing,missing,missing,missing,missing,missing,EJ
801,0.0,0.0,0.0,0.0,0.0,0.0,0.0,0.0,0.0,innovation-rhodium18b,high,DE,missing,refined liquids_peak_steam/CT,missing,missing,missing,missing,missing,missing,missing,missing,EJ
802,0.00151323,0.000600406,0.0,0.0,0.0,0.0,0.0,0.0,0.0,innovation-rhodium18b,high,DE,missing,refined liquids_subpeak_steam/CT,missing,missing,missing,missing,missing,missing,missing,missing,EJ
803,0.0,0.0,1.51525e-05,0.000124086,0.000788588,0.00112918,0.00149318,0.00115038,0.00145485,innovation-rhodium18b,high,DE,missing,rooftop_pv,missing,missing,missing,missing,missing,missing,missing,missing,EJ
804,0.0,0.0,4.21441e-05,8.139120000000001e-05,0.0003010072,0.0004687942,0.0006135742,0.0007886732,0.0008736750999999999,innovation-rhodium18b,high,DE,missing,wind_base,missing,missing,missing,missing,missing,missing,missing,missing,EJ
805,0.0,0.0,0.0,2.29621e-06,3.799761e-05,7.523050999999999e-05,0.00011816821,0.00018188271,0.0002312587,innovation-rhodium18b,high,DE,missing,wind_base_offshore,missing,missing,missing,missing,missing,missing,missing,missing,EJ
806,0.0,0.0,8.60116e-07,1.557554e-06,5.575184e-06,9.077314e-06,1.2927444e-05,1.8371804e-05,2.1266708e-05,innovation-rhodium18b,high,DE,missing,wind_base_storage,missing,missing,missing,missing,missing,missing,missing,missing,EJ
807,0.0,0.0,5.42391e-07,5.2434609e-07,1.06438864e-05,1.38389951e-05,1.89896562e-05,2.15217044e-05,1.80110383e-05,innovation-rhodium18b,high,DC,missing,biogas_base_CC,missing,missing,missing,missing,missing,missing,missing,missing,EJ
808,0.0,0.0,3.99678e-06,2.996649e-06,2.91622e-05,4.512678e-05,6.695799999999999e-05,0.00016631932,0.00024399373,innovation-rhodium18b,high,DC,missing,biogas_int_CC,missing,missing,missing,missing,missing,missing,missing,missing,EJ
809,0.0,0.0,1.3982290000000002e-06,1.530089e-06,6.419263e-06,1.0486735e-05,1.5101003e-05,1.3092886e-05,1.17545201e-05,innovation-rhodium18b,high,DC,missing,biomass_base_IGCC,missing,missing,missing,missing,missing,missing,missing,missing,EJ
810,0.0,0.0,1.342766e-05,1.186582e-05,3.5816546e-05,3.6362521e-05,3.485478900000001e-05,1.5576166000000002e-05,1.1425128e-05,innovation-rhodium18b,high,DC,missing,biomass_base_conv,missing,missing,missing,missing,missing,missing,missing,missing,EJ
811,0.0,0.0,1.712779e-06,2.16053e-06,4.398392999999999e-06,6.217522e-06,8.212598e-06,1.3471167e-05,1.8373933e-05,innovation-rhodium18b,high,DC,missing,biomass_int_IGCC,missing,missing,missing,missing,missing,missing,missing,missing,EJ
812,0.0,0.0,3.832985e-05,3.658727999999999e-05,5.033385e-05,5.229153e-05,5.008037000000001e-05,5.311511e-05,5.443739e-05,innovation-rhodium18b,high,DC,missing,biomass_int_conv,missing,missing,missing,missing,missing,missing,missing,missing,EJ
813,0.0,0.0,1.980032e-05,3.528133e-05,0.00024154573000000003,0.00043037265,0.00066891012,0.0008802678599999999,0.00102555815,innovation-rhodium18b,high,DC,missing,gas_base_CC,missing,missing,missing,missing,missing,missing,missing,missing,EJ
814,0.0,0.0,6.99162e-05,0.00011517539999999998,0.0003968684,0.0006255294,0.0008842879,0.0015848073,0.0022339706,innovation-rhodium18b,high,DC,missing,gas_int_CC,missing,missing,missing,missing,missing,missing,missing,missing,EJ
815,0.00152164,0.000935205,0.0,0.0,0.0,0.0,0.0,0.0,0.0,innovation-rhodium18b,high,DC,missing,refined liquids_int_steam/CT,missing,missing,missing,missing,missing,missing,missing,missing,EJ
816,0.0,0.0,0.0,0.0,0.0,0.0,0.0,0.0,0.0,innovation-rhodium18b,high,DC,missing,refined liquids_peak_steam/CT,missing,missing,missing,missing,missing,missing,missing,missing,EJ
817,0.000380407,0.000233802,0.0,0.0,0.0,0.0,0.0,0.0,0.0,innovation-rhodium18b,high,DC,missing,refined liquids_subpeak_steam/CT,missing,missing,missing,missing,missing,missing,missing,missing,EJ
818,0.0,0.0,2.55702e-05,0.00020335,0.00114805,0.00154019,0.00195365,0.00146639,0.00180538,innovation-rhodium18b,high,DC,missing,rooftop_pv,missing,missing,missing,missing,missing,missing,missing,missing,EJ
819,0.0,0.0,0.000828415,0.0010920679999999,0.001915894,0.003301184,0.004468214,0.006798894,0.006393325,innovation-rhodium18b,high,FL,missing,CSP_base_storage,missing,missing,missing,missing,missing,missing,missing,missing,EJ
820,0.0,0.0,0.001493122,0.002566994,0.004086902,0.007918862,0.0119007419999999,0.027313442,0.0333544,innovation-rhodium18b,high,FL,missing,CSP_int,missing,missing,missing,missing,missing,missing,missing,missing,EJ
821,0.0,0.0,9.46498e-05,0.0001442414,0.00022992140000000004,0.0003126278,0.0004036384,0.0008100984,0.0010677266,innovation-rhodium18b,high,FL,missing,CSP_peak,missing,missing,missing,missing,missing,missing,missing,missing,EJ
822,0.0,0.0,0.000556928,0.0008763660000000001,0.001351696,0.001924422,0.002565764,0.005556104,0.007157556,innovation-rhodium18b,high,FL,missing,CSP_subpeak,missing,missing,missing,missing,missing,missing,missing,missing,EJ
823,0.0,0.0,0.000123849,0.00016684070000000002,0.0003061187,0.0005460177,0.0007513817,0.0011658607,0.0011177375,innovation-rhodium18b,high,FL,missing,PV_base_storage,missing,missing,missing,missing,missing,missing,missing,missing,EJ
824,0.0,0.0,0.0122202,0.02212655,0.03138041,0.04741301,0.06027061,0.10774911,0.1166401099999999,innovation-rhodium18b,high,FL,missing,PV_int,missing,missing,missing,missing,missing,missing,missing,missing,EJ
825,0.0,0.0,0.000774646,0.001232123,0.00175378,0.002099817,0.002393691,0.003645781,0.003858251,innovation-rhodium18b,high,FL,missing,PV_peak,missing,missing,missing,missing,missing,missing,missing,missing,EJ
826,0.0,0.0,0.00560788,0.00855466,0.01144868,0.01384492,0.01591582,0.02407773,0.0255676099999999,innovation-rhodium18b,high,FL,missing,PV_subpeak,missing,missing,missing,missing,missing,missing,missing,missing,EJ
827,0.0,0.0,0.000777978,0.00056937486,0.0010646973,0.0019488541,0.0018310695,0.00298785144,0.00059291038,innovation-rhodium18b,high,FL,missing,biogas_base_CC,missing,missing,missing,missing,missing,missing,missing,missing,EJ
828,0.0,0.0,0.0,0.0,0.000860022,0.001922968,0.002045328,0.0043686374,0.0011428928,innovation-rhodium18b,high,FL,missing,biogas_base_CC_CCS,missing,missing,missing,missing,missing,missing,missing,missing,EJ
829,0.0,0.0,0.000677262,0.0006249195,0.0005856327,0.001491802,0.0021169279999999,0.00548882,0.005097979,innovation-rhodium18b,high,FL,missing,biogas_int_CC,missing,missing,missing,missing,missing,missing,missing,missing,EJ
830,0.0,0.0,0.0,0.0,0.000233492,0.0007679758999999999,0.001273597,0.004556933,0.005635955,innovation-rhodium18b,high,FL,missing,biogas_int_CC_CCS,missing,missing,missing,missing,missing,missing,missing,missing,EJ
831,0.0,0.0,1.03691e-06,7.175691e-07,9.611999e-07,1.1693812e-06,1.734324e-06,5.0291429e-06,5.717733e-06,innovation-rhodium18b,high,FL,missing,biogas_peak_CC,missing,missing,missing,missing,missing,missing,missing,missing,EJ
832,0.0,0.0,0.0,0.0,1.39805e-07,1.748579e-07,2.831335e-07,1.0052207e-06,1.4651362e-06,innovation-rhodium18b,high,FL,missing,biogas_peak_CC_CCS,missing,missing,missing,missing,missing,missing,missing,missing,EJ
833,0.0,0.0,9.78155e-07,6.223479900000001e-07,7.697601680000001e-07,7.9142569e-07,9.971261600000002e-07,3.7464360300000007e-06,3.5581866700000006e-06,innovation-rhodium18b,high,FL,missing,biogas_peak_steam/CT,missing,missing,missing,missing,missing,missing,missing,missing,EJ
834,0.0,0.0,2.80881e-05,2.210673e-05,2.491955e-05,3.784134e-05,5.876825e-05,0.00016436287,0.00017564489,innovation-rhodium18b,high,FL,missing,biogas_subpeak_CC,missing,missing,missing,missing,missing,missing,missing,missing,EJ
835,0.0,0.0,0.0,0.0,5.16622e-06,8.32985e-06,1.427414e-05,5.240556e-05,7.325518e-05,innovation-rhodium18b,high,FL,missing,biogas_subpeak_CC_CCS,missing,missing,missing,missing,missing,missing,missing,missing,EJ
836,0.0,0.0,1.929599e-05,1.38286588e-05,1.40923356e-05,1.82660048e-05,2.369998e-05,8.94567834e-05,7.26849015e-05,innovation-rhodium18b,high,FL,missing,biogas_subpeak_steam/CT,missing,missing,missing,missing,missing,missing,missing,missing,EJ
837,0.0,0.0,0.00120584,0.000951348,0.002075782,0.003143419,0.003915843,0.0044260026999999,0.0027343857999999,innovation-rhodium18b,high,FL,missing,biomass_base_IGCC,missing,missing,missing,missing,missing,missing,missing,missing,EJ
838,0.0,0.0,0.0,0.0,0.001247538,0.004791145,0.007928748,0.038114466,0.044072389,innovation-rhodium18b,high,FL,missing,biomass_base_IGCC_CCS,missing,missing,missing,missing,missing,missing,missing,missing,EJ
839,0.003850474,0.00694735,0.0028730879999999,0.0017972438,0.0069653436,0.0076647074999999,0.0073193381,0.0049196243999999,0.00207701694,innovation-rhodium18b,high,FL,missing,biomass_base_conv,missing,missing,missing,missing,missing,missing,missing,missing,EJ
840,0.0,0.0,0.0,0.0,0.0029084429999999,0.012895804,0.020909309,0.2318450209999999,0.269404887,innovation-rhodium18b,high,FL,missing,biomass_base_conv_CCS,missing,missing,missing,missing,missing,missing,missing,missing,EJ
841,0.0,0.0,0.0002750872,0.0003553203,0.0004295124,0.0005703075000000001,0.0007248274,0.0012725646999999,0.0015464648999999,innovation-rhodium18b,high,FL,missing,biomass_int_IGCC,missing,missing,missing,missing,missing,missing,missing,missing,EJ
842,0.0,0.0,0.0,0.0,4.04243e-05,0.00016141750000000002,0.00030730060000000003,0.0010658828,0.0014960249,innovation-rhodium18b,high,FL,missing,biomass_int_IGCC_CCS,missing,missing,missing,missing,missing,missing,missing,missing,EJ
843,0.003850474,0.00694735,0.0037593139999999,0.0035900281,0.0053430347,0.005556502,0.0051829868,0.0050710092,0.0047284716999999,innovation-rhodium18b,high,FL,missing,biomass_int_conv,missing,missing,missing,missing,missing,missing,missing,missing,EJ
844,0.0,0.0,0.0,0.0,8.02211e-05,0.0003280327,0.0006144768,0.0023587632,0.0033153457999999,innovation-rhodium18b,high,FL,missing,biomass_int_conv_CCS,missing,missing,missing,missing,missing,missing,missing,missing,EJ
845,0.0,0.0,0.0,0.0,0.001964394,0.0055671509999999,0.009144524,0.015139494,0.016094989,innovation-rhodium18b,high,FL,missing,coal_base_IGCC_CCS,missing,missing,missing,missing,missing,missing,missing,missing,EJ
846,0.13124762,0.13495464,0.0,0.0,0.0,0.0,0.0,0.0,0.0,innovation-rhodium18b,high,FL,missing,coal_base_conv pul,missing,missing,missing,missing,missing,missing,missing,missing,EJ
847,0.0,0.0,0.00026808964,0.00026118841,6.573337e-05,2.456357e-05,0.0,0.0,0.0,innovation-rhodium18b,high,FL,missing,coal_base_conv pul 1956-1960,missing,missing,missing,missing,missing,missing,missing,missing,EJ
848,0.0,0.0,0.00027772119,0.00027397264000000003,7.248327000000001e-05,3.1376917e-05,1.5164422e-05,0.0,0.0,innovation-rhodium18b,high,FL,missing,coal_base_conv pul 1961-1965,missing,missing,missing,missing,missing,missing,missing,missing,EJ
849,0.0,0.0,0.010399952,0.0104001889999999,0.0029164667,0.0015681038,0.0013050688,1.5954605e-05,0.0,innovation-rhodium18b,high,FL,missing,coal_base_conv pul 1966-1970,missing,missing,missing,missing,missing,missing,missing,missing,EJ
850,0.0,0.0,0.010245906,0.010148018,0.002729828,0.0012498675,0.0006711098,0.0,0.0,innovation-rhodium18b,high,FL,missing,coal_base_conv pul 1971-1975,missing,missing,missing,missing,missing,missing,missing,missing,EJ
851,0.0,0.0,0.0047855009999999,0.0047932893,0.0013537974,0.0007509519999999999,0.000708062,1.25943e-05,7.277538999999999e-06,innovation-rhodium18b,high,FL,missing,coal_base_conv pul 1976-1980,missing,missing,missing,missing,missing,missing,missing,missing,EJ
852,0.0,0.0,0.0605640399999999,0.0606786599999999,0.01715824,0.009568301,0.009234547,0.00018078332,0.00014283115,innovation-rhodium18b,high,FL,missing,coal_base_conv pul 1981-1985,missing,missing,missing,missing,missing,missing,missing,missing,EJ
853,0.0,0.0,0.006923441,0.006936806,0.0019618635,0.0010948412,0.0010601358,2.1057651e-05,1.7675252e-05,innovation-rhodium18b,high,FL,missing,coal_base_conv pul 1986-1990,missing,missing,missing,missing,missing,missing,missing,missing,EJ
854,0.0,0.0,0.0,0.0,0.0,0.0,0.0,0.0,0.0,innovation-rhodium18b,high,FL,missing,coal_base_conv pul 1991-1995,missing,missing,missing,missing,missing,missing,missing,missing,EJ
855,0.0,0.0,0.008817702,0.008834856,0.0024988132999999,0.001394886,0.0013523607999999,2.7012353e-05,2.3236428e-05,innovation-rhodium18b,high,FL,missing,coal_base_conv pul 1996-2000,missing,missing,missing,missing,missing,missing,missing,missing,EJ
856,0.0,0.0,0.0,0.0,0.002118953,0.005843954,0.009451175,0.014896929,0.0156561809999999,innovation-rhodium18b,high,FL,missing,coal_base_conv pul_CCS,missing,missing,missing,missing,missing,missing,missing,missing,EJ
857,0.054552057,0.05609285,0.0,0.0,0.0,0.0,0.0,0.0,0.0,innovation-rhodium18b,high,FL,missing,coal_base_conv pul_retire_2020,missing,missing,missing,missing,missing,missing,missing,missing,EJ
858,0.0,0.0,0.0,0.0,0.0001085072,0.0004018101,0.000770612,0.0020819659,0.0028144181999999,innovation-rhodium18b,high,FL,missing,coal_int_IGCC_CCS,missing,missing,missing,missing,missing,missing,missing,missing,EJ
859,0.026726886,0.033738559,0.0,0.0,0.0,0.0,0.0,0.0,0.0,innovation-rhodium18b,high,FL,missing,coal_int_conv pul,missing,missing,missing,missing,missing,missing,missing,missing,EJ
860,0.0,0.0,3.9779966e-05,3.8681156e-05,1.4453767e-05,9.124916e-06,0.0,0.0,0.0,innovation-rhodium18b,high,FL,missing,coal_int_conv pul 1956-1960,missing,missing,missing,missing,missing,missing,missing,missing,EJ
861,0.0,0.0,4.1209219e-05,4.0574426e-05,1.5937961000000002e-05,1.1655962e-05,7.298023e-06,0.0,0.0,innovation-rhodium18b,high,FL,missing,coal_int_conv pul 1961-1965,missing,missing,missing,missing,missing,missing,missing,missing,EJ
862,0.0,0.0,0.0015431766999999,0.0015402309,0.0006412858,0.00058252311,0.0006280778,0.00011311176,0.0,innovation-rhodium18b,high,FL,missing,coal_int_conv pul 1966-1970,missing,missing,missing,missing,missing,missing,missing,missing,EJ
863,0.0,0.0,0.001520319,0.0015028883,0.0006002486,0.00046430254,0.0003229784,0.0,0.0,innovation-rhodium18b,high,FL,missing,coal_int_conv pul 1971-1975,missing,missing,missing,missing,missing,missing,missing,missing,EJ
864,0.0,0.0,0.0007100873,0.000709869,0.00029767878,0.00027896524,0.00034076276,8.928849e-05,6.145220000000001e-05,innovation-rhodium18b,high,FL,missing,coal_int_conv pul 1976-1980,missing,missing,missing,missing,missing,missing,missing,missing,EJ
865,0.0,0.0,0.008986668,0.0089863039999999,0.0037728367999999,0.0035544560999999,0.0044442256,0.0012816797,0.0012060770999999,innovation-rhodium18b,high,FL,missing,coal_int_conv pul 1981-1985,missing,missing,missing,missing,missing,missing,missing,missing,EJ
866,0.0,0.0,0.0010273216,0.0010273175,0.00043138228,0.00040671383,0.00051020095,0.00014928990000000002,0.00014925132,innovation-rhodium18b,high,FL,missing,coal_int_conv pul 1986-1990,missing,missing,missing,missing,missing,missing,missing,missing,EJ
867,0.0,0.0,0.0,0.0,0.0,0.0,0.0,0.0,0.0,innovation-rhodium18b,high,FL,missing,coal_int_conv pul 1991-1995,missing,missing,missing,missing,missing,missing,missing,missing,EJ
868,0.0,0.0,0.0013083974,0.0013084109,0.00054945207,0.00051817544,0.0006508369,0.00019150653,0.00019621097,innovation-rhodium18b,high,FL,missing,coal_int_conv pul 1996-2000,missing,missing,missing,missing,missing,missing,missing,missing,EJ
869,0.0,0.0,0.0,0.0,0.0001255908,0.0004468374,0.0008342856,0.0021490943,0.0028627722,innovation-rhodium18b,high,FL,missing,coal_int_conv pul_CCS,missing,missing,missing,missing,missing,missing,missing,missing,EJ
870,0.011108825,0.014023197,0.0,0.0,0.0,0.0,0.0,0.0,0.0,innovation-rhodium18b,high,FL,missing,coal_int_conv pul_retire_2020,missing,missing,missing,missing,missing,missing,missing,missing,EJ
871,0.0,0.1691449,0.3421378,0.36177996,0.3323215399999999,0.30097,0.28366009,0.075380477,0.0558425349999999,innovation-rhodium18b,high,FL,missing,gas_base_CC,missing,missing,missing,missing,missing,missing,missing,missing,EJ
872,0.0,0.0,0.0,0.0,0.01144965,0.0314411199999999,0.04985844,0.0839687,0.08819069,innovation-rhodium18b,high,FL,missing,gas_base_CC_CCS,missing,missing,missing,missing,missing,missing,missing,missing,EJ
873,0.04002309,0.0905068,0.26221148,0.26282285,0.227607174,0.208839412,0.1914841089999999,0.1728720299999999,0.1613873519999999,innovation-rhodium18b,high,FL,missing,gas_int_CC,missing,missing,missing,missing,missing,missing,missing,missing,EJ
874,0.0,0.0,0.0,0.0,0.001412727,0.005009318,0.009334527,0.0241495659999999,0.032042911,innovation-rhodium18b,high,FL,missing,gas_int_CC_CCS,missing,missing,missing,missing,missing,missing,missing,missing,EJ
875,0.001329952,0.0028791529999999,0.00237721728,0.002170464308,0.001750412984,0.0014712627259999,0.001190026952,0.0007913190300000001,0.0005755869500000001,innovation-rhodium18b,high,FL,missing,gas_peak_CC,missing,missing,missing,missing,missing,missing,missing,missing,EJ
876,0.0,0.0,0.0,0.0,2.646738e-07,5.305806999999999e-07,8.693555e-07,2.2883317e-06,3.6507696e-06,innovation-rhodium18b,high,FL,missing,gas_peak_CC_CCS,missing,missing,missing,missing,missing,missing,missing,missing,EJ
877,0.0009852387,0.0010127187,0.001230616639,0.0011040055152999,0.0004694834519,0.0004249654162,0.0004259112049,0.0001607957553,0.0001248885145,innovation-rhodium18b,high,FL,missing,gas_peak_steam/CT,missing,missing,missing,missing,missing,missing,missing,missing,EJ
878,0.00957556,0.0103902,0.017015573,0.0157529261,0.0131796650999999,0.0112604302999999,0.0093027628,0.0070263638,0.0056979065,innovation-rhodium18b,high,FL,missing,gas_subpeak_CC,missing,missing,missing,missing,missing,missing,missing,missing,EJ
879,0.0,0.0,0.0,0.0,1.334603e-05,2.99925e-05,5.154581e-05,0.00014412985999999998,0.00021778601,innovation-rhodium18b,high,FL,missing,gas_subpeak_CC_CCS,missing,missing,missing,missing,missing,missing,missing,missing,EJ
880,0.0070938189999999,0.00365464,0.0090220758,0.00827576958,0.00424371147,0.00391743147,0.00387085657,0.0019138874229999,0.001651649783,innovation-rhodium18b,high,FL,missing,gas_subpeak_steam/CT,missing,missing,missing,missing,missing,missing,missing,missing,EJ
881,0.0005925,0.0009784,0.0010484,0.0010468,0.0010456,0.0010458,0.0010434,0.0010347,0.0010358,innovation-rhodium18b,high,FL,missing,hydro_base,missing,missing,missing,missing,missing,missing,missing,missing,EJ
882,0.0831123,0.107337,0.105255,0.104125,0.0967196,0.0641622,0.0188646,0.0,0.0,innovation-rhodium18b,high,FL,missing,nuc_base_Gen II,missing,missing,missing,missing,missing,missing,missing,missing,EJ
883,0.0,0.0,0.0,0.0,0.0118515,0.0324341,0.0502678,0.0866616,0.09337762,innovation-rhodium18b,high,FL,missing,nuc_base_Gen III,missing,missing,missing,missing,missing,missing,missing,missing,EJ
884,0.01779785,0.01397661,0.000610049,0.000745117,0.00156563,0.001105439,0.000821296,3.981677e-05,2.735892e-05,innovation-rhodium18b,high,FL,missing,refined liquids_base_steam/CT,missing,missing,missing,missing,missing,missing,missing,missing,EJ
885,0.0711914,0.1118126,0.0,0.0,0.0,0.0,0.0,0.0,0.0,innovation-rhodium18b,high,FL,missing,refined liquids_int_steam/CT,missing,missing,missing,missing,missing,missing,missing,missing,EJ
886,0.0,0.01397664,0.0,0.0,0.0,0.0,0.0,0.0,0.0,innovation-rhodium18b,high,FL,missing,refined liquids_subpeak_steam/CT,missing,missing,missing,missing,missing,missing,missing,missing,EJ
887,0.0,0.0,0.00111291,0.0118254,0.0654407,0.0761416,0.089743,0.0538002,0.0651289,innovation-rhodium18b,high,FL,missing,rooftop_pv,missing,missing,missing,missing,missing,missing,missing,missing,EJ
888,0.0,0.0,0.00599542,0.00993412,0.02096022,0.03989492,0.05582742,0.08479602,0.08447557,innovation-rhodium18b,high,FL,missing,wind_base,missing,missing,missing,missing,missing,missing,missing,missing,EJ
889,0.0,0.0,0.0,0.000281218,0.002365978,0.007038878,0.011968088,0.023194788,0.02538107,innovation-rhodium18b,high,FL,missing,wind_base_offshore,missing,missing,missing,missing,missing,missing,missing,missing,EJ
890,0.0,0.0,0.000147767,0.0002294883,0.0004386953,0.0007828473,0.0010676123,0.0016176493,0.0015701803,innovation-rhodium18b,high,FL,missing,wind_base_storage,missing,missing,missing,missing,missing,missing,missing,missing,EJ
891,0.0,0.0,9.25585e-05,0.0001205579,0.0003224719,0.0004641349,0.0006123039,0.0008247519,0.0008484464,innovation-rhodium18b,high,GA,missing,PV_base_storage,missing,missing,missing,missing,missing,missing,missing,missing,EJ
892,0.0,0.0,0.00638272,0.0126963099999999,0.03382251,0.04648861,0.05703071,0.08018581,0.09195109,innovation-rhodium18b,high,GA,missing,PV_int,missing,missing,missing,missing,missing,missing,missing,missing,EJ
893,0.0,0.0,0.000345204,0.0006001439999999999,0.0012133019999999,0.0014541989999999,0.0016733689999999,0.002213578,0.002560059,innovation-rhodium18b,high,GA,missing,PV_peak,missing,missing,missing,missing,missing,missing,missing,missing,EJ
894,0.0,0.0,0.002420721,0.003973181,0.007604971,0.009238731,0.010726971,0.01455451,0.01685953,innovation-rhodium18b,high,GA,missing,PV_subpeak,missing,missing,missing,missing,missing,missing,missing,missing,EJ
895,0.0,0.0,0.000420077,0.00026168458,0.0010083898,0.0008086127,0.0008732182,0.0010890379,0.00060727632,innovation-rhodium18b,high,GA,missing,biogas_base_CC,missing,missing,missing,missing,missing,missing,missing,missing,EJ
896,0.0,0.0,0.0,0.0,0.000867393,0.0008133668,0.0009569279,0.0016138032,0.0010451603,innovation-rhodium18b,high,GA,missing,biogas_base_CC_CCS,missing,missing,missing,missing,missing,missing,missing,missing,EJ
897,0.0,0.0,0.00030922,0.00035012182,0.0008123941000000001,0.0008465053,0.0010925719,0.0024624360999999,0.0027864267,innovation-rhodium18b,high,GA,missing,biogas_int_CC,missing,missing,missing,missing,missing,missing,missing,missing,EJ
898,0.0,0.0,0.0,0.0,0.000421921,0.000498714,0.00072029,0.002129206,0.0029753369999999,innovation-rhodium18b,high,GA,missing,biogas_int_CC_CCS,missing,missing,missing,missing,missing,missing,missing,missing,EJ
899,0.0,0.0,4.14657e-07,3.561097e-07,8.531753e-07,5.593023e-07,7.450567e-07,1.9473722e-06,2.884532e-06,innovation-rhodium18b,high,GA,missing,biogas_peak_CC,missing,missing,missing,missing,missing,missing,missing,missing,EJ
900,0.0,0.0,0.0,0.0,1.34051e-07,9.20551e-08,1.32573e-07,4.1417990000000003e-07,7.077188e-07,innovation-rhodium18b,high,GA,missing,biogas_peak_CC_CCS,missing,missing,missing,missing,missing,missing,missing,missing,EJ
901,0.0,0.0,3.8871210000000004e-07,3.1293197e-07,7.2280083e-07,3.96368495e-07,4.69038298e-07,1.3679503099999998e-06,1.911728808e-06,innovation-rhodium18b,high,GA,missing,biogas_peak_steam/CT,missing,missing,missing,missing,missing,missing,missing,missing,EJ
902,0.0,0.0,9.94889e-06,1.012073e-05,2.223842e-05,1.7268443e-05,2.378337e-05,6.893209e-05,8.432653e-05,innovation-rhodium18b,high,GA,missing,biogas_subpeak_CC,missing,missing,missing,missing,missing,missing,missing,missing,EJ
903,0.0,0.0,0.0,0.0,5.24204e-06,4.3554950000000006e-06,6.54693e-06,2.30755e-05,3.48188e-05,innovation-rhodium18b,high,GA,missing,biogas_subpeak_CC_CCS,missing,missing,missing,missing,missing,missing,missing,missing,EJ
904,0.0,0.0,6.788190000000001e-06,6.48686806e-06,1.3880051890000003e-05,8.823578900000002e-06,1.0517908500000005e-05,3.59029552e-05,3.737033269999999e-05,innovation-rhodium18b,high,GA,missing,biogas_subpeak_steam/CT,missing,missing,missing,missing,missing,missing,missing,missing,EJ
905,0.0,0.0,9.30501e-05,9.201300000000002e-05,0.00028965610000000004,0.0004435965,0.0006170676,0.00087829272,0.0008300504,innovation-rhodium18b,high,GA,missing,biomass_base_IGCC,missing,missing,missing,missing,missing,missing,missing,missing,EJ
906,0.0,0.0,0.0,0.0,0.000372071,0.000902013,0.001579212,0.0068034399999999,0.01026317,innovation-rhodium18b,high,GA,missing,biomass_base_IGCC_CCS,missing,missing,missing,missing,missing,missing,missing,missing,EJ
907,0.0,2.88002e-05,0.0003193869,0.0002444754,0.0009121828000000002,0.0010122843,0.0010491068,0.0010154401,0.00076903661,innovation-rhodium18b,high,GA,missing,biomass_base_conv,missing,missing,missing,missing,missing,missing,missing,missing,EJ
908,0.0,0.0,0.0,0.0,0.000868767,0.00235768,0.004085129,0.03936465,0.060490281,innovation-rhodium18b,high,GA,missing,biomass_base_conv_CCS,missing,missing,missing,missing,missing,missing,missing,missing,EJ
909,0.0,0.0,3.66826e-05,5.410654e-05,9.173801e-05,0.0001246217,0.0001624062,0.00027690975,0.00038088003,innovation-rhodium18b,high,GA,missing,biomass_int_IGCC,missing,missing,missing,missing,missing,missing,missing,missing,EJ
910,0.0,0.0,0.0,0.0,2.770466e-05,5.664609e-05,9.238238999999998e-05,0.00024855432000000003,0.00040636243999999993,innovation-rhodium18b,high,GA,missing,biomass_int_IGCC_CCS,missing,missing,missing,missing,missing,missing,missing,missing,EJ
911,0.0,2.88002e-05,0.000582579,0.0005656929,0.0008289956999999999,0.0008967438000000001,0.0008712736,0.0009617833,0.0010113961,innovation-rhodium18b,high,GA,missing,biomass_int_conv,missing,missing,missing,missing,missing,missing,missing,missing,EJ
912,0.0,0.0,0.0,0.0,5.55304e-05,0.0001153787,0.0001862667,0.0005482529,0.000902123,innovation-rhodium18b,high,GA,missing,biomass_int_conv_CCS,missing,missing,missing,missing,missing,missing,missing,missing,EJ
913,0.0,0.0,0.0,0.0,0.002145941,0.003728593,0.005660102,0.007998122,0.009386499,innovation-rhodium18b,high,GA,missing,coal_base_IGCC_CCS,missing,missing,missing,missing,missing,missing,missing,missing,EJ
914,0.0946297,0.1474956,0.0,0.0,0.0,0.0,0.0,0.0,0.0,innovation-rhodium18b,high,GA,missing,coal_base_conv pul,missing,missing,missing,missing,missing,missing,missing,missing,EJ
915,0.0,0.0,0.0,0.0,0.0,0.0,0.0,0.0,0.0,innovation-rhodium18b,high,GA,missing,coal_base_conv pul 1951-1955,missing,missing,missing,missing,missing,missing,missing,missing,EJ
916,0.0,0.0,0.0,0.0,0.0,0.0,0.0,0.0,0.0,innovation-rhodium18b,high,GA,missing,coal_base_conv pul 1966-1970,missing,missing,missing,missing,missing,missing,missing,missing,EJ
917,0.0,0.0,0.04538341,0.04534927,0.0097186499999999,0.00524164,0.004731621,0.0001968287,7.343350000000001e-05,innovation-rhodium18b,high,GA,missing,coal_base_conv pul 1971-1975,missing,missing,missing,missing,missing,missing,missing,missing,EJ
918,0.0,0.0,0.00938006,0.00937491,0.002010926,0.001088905,0.000999443,4.397363e-05,1.82268e-05,innovation-rhodium18b,high,GA,missing,coal_base_conv pul 1976-1980,missing,missing,missing,missing,missing,missing,missing,missing,EJ
919,0.0,0.0,0.02360499,0.02360449,0.005075135,0.002777129,0.002667468,0.0001401393,9.601e-05,innovation-rhodium18b,high,GA,missing,coal_base_conv pul 1981-1985,missing,missing,missing,missing,missing,missing,missing,missing,EJ
920,0.0,0.0,0.02778908,0.02778944,0.00597591,0.003272451,0.0031535979999999,0.00016810179999999998,0.00012235460000000002,innovation-rhodium18b,high,GA,missing,coal_base_conv pul 1986-1990,missing,missing,missing,missing,missing,missing,missing,missing,EJ
921,0.0,0.0,0.0,0.0,0.00232328,0.003958348,0.005912874,0.0080582319999999,0.009320602,innovation-rhodium18b,high,GA,missing,coal_base_conv pul_CCS,missing,missing,missing,missing,missing,missing,missing,missing,EJ
922,0.01459258,0.02274491,0.0,0.0,0.0,0.0,0.0,0.0,0.0,innovation-rhodium18b,high,GA,missing,coal_base_conv pul_retire_2020,missing,missing,missing,missing,missing,missing,missing,missing,EJ
923,0.0,0.0,0.0,0.0,0.0002063729,0.0003801887,0.0005830636,0.0011361374,0.0016420915999999,innovation-rhodium18b,high,GA,missing,coal_int_IGCC_CCS,missing,missing,missing,missing,missing,missing,missing,missing,EJ
924,0.1093267,0.1273075,0.0,0.0,0.0,0.0,0.0,0.0,0.0,innovation-rhodium18b,high,GA,missing,coal_int_conv pul,missing,missing,missing,missing,missing,missing,missing,missing,EJ
925,0.0,0.0,0.0,0.0,0.0,0.0,0.0,0.0,0.0,innovation-rhodium18b,high,GA,missing,coal_int_conv pul 1951-1955,missing,missing,missing,missing,missing,missing,missing,missing,EJ
926,0.0,0.0,0.0,0.0,0.0,0.0,0.0,0.0,0.0,innovation-rhodium18b,high,GA,missing,coal_int_conv pul 1966-1970,missing,missing,missing,missing,missing,missing,missing,missing,EJ
927,0.0,0.0,0.0067075,0.00670225,0.002394346,0.002149732,0.002599116,0.000731525,0.0003575593,innovation-rhodium18b,high,GA,missing,coal_int_conv pul 1971-1975,missing,missing,missing,missing,missing,missing,missing,missing,EJ
928,0.0,0.0,0.001386336,0.001385533,0.0004954239,0.000446588,0.000549002,0.00016342990000000002,8.87493e-05,innovation-rhodium18b,high,GA,missing,coal_int_conv pul 1976-1980,missing,missing,missing,missing,missing,missing,missing,missing,EJ
929,0.0,0.0,0.0034887349999999,0.00348856,0.00125034,0.001138975,0.001465255,0.0005208342,0.000467488,innovation-rhodium18b,high,GA,missing,coal_int_conv pul 1981-1985,missing,missing,missing,missing,missing,missing,missing,missing,EJ
930,0.0,0.0,0.0041071169999999,0.004107055,0.00147226,0.001342116,0.001732298,0.000624758,0.000595764,innovation-rhodium18b,high,GA,missing,coal_int_conv pul 1986-1990,missing,missing,missing,missing,missing,missing,missing,missing,EJ
931,0.0,0.0,0.0,0.0,0.0002393067,0.000429771,0.0006432912,0.0011983242,0.0016918811,innovation-rhodium18b,high,GA,missing,coal_int_conv pul_CCS,missing,missing,missing,missing,missing,missing,missing,missing,EJ
932,0.01685892,0.01963166,0.0,0.0,0.0,0.0,0.0,0.0,0.0,innovation-rhodium18b,high,GA,missing,coal_int_conv pul_retire_2020,missing,missing,missing,missing,missing,missing,missing,missing,EJ
933,0.000861166,0.0,0.0,0.0,0.0,0.0,0.0,0.0,0.0,innovation-rhodium18b,high,GA,missing,coal_peak_conv pul,missing,missing,missing,missing,missing,missing,missing,missing,EJ
934,0.0001327981,0.0,0.0,0.0,0.0,0.0,0.0,0.0,0.0,innovation-rhodium18b,high,GA,missing,coal_peak_conv pul_retire_2020,missing,missing,missing,missing,missing,missing,missing,missing,EJ
935,0.00639992,0.0,0.0,0.0,0.0,0.0,0.0,0.0,0.0,innovation-rhodium18b,high,GA,missing,coal_subpeak_conv pul,missing,missing,missing,missing,missing,missing,missing,missing,EJ
936,0.000986913,0.0,0.0,0.0,0.0,0.0,0.0,0.0,0.0,innovation-rhodium18b,high,GA,missing,coal_subpeak_conv pul_retire_2020,missing,missing,missing,missing,missing,missing,missing,missing,EJ
937,0.0,0.0,0.02782296,0.03770023,0.04415788,0.04585071,0.0501833099999999,0.025259861,0.0205045999999999,innovation-rhodium18b,high,GA,missing,gas_base_CC,missing,missing,missing,missing,missing,missing,missing,missing,EJ
938,0.0,0.0,0.0,0.0,0.0107166,0.01818322,0.0266521299999999,0.03766165,0.04336613,innovation-rhodium18b,high,GA,missing,gas_base_CC_CCS,missing,missing,missing,missing,missing,missing,missing,missing,EJ
939,0.000400523,0.0211458,0.1418868,0.1410978,0.11955667,0.1094263299999999,0.10085432,0.08835364,0.08254823,innovation-rhodium18b,high,GA,missing,gas_int_CC,missing,missing,missing,missing,missing,missing,missing,missing,EJ
940,0.0,0.0,0.0,0.0,0.00245465,0.00440007,0.0065758299999999,0.01231077,0.01731373,innovation-rhodium18b,high,GA,missing,gas_int_CC_CCS,missing,missing,missing,missing,missing,missing,missing,missing,EJ
941,1.5701e-05,0.0010652,0.00138385996,0.0012636325199999,0.00096064481,0.0008077773099999999,0.00066654749,0.0004568768,0.00033320667,innovation-rhodium18b,high,GA,missing,gas_peak_CC,missing,missing,missing,missing,missing,missing,missing,missing,EJ
942,0.0,0.0,0.0,0.0,4.17971e-07,6.38384e-07,9.10842e-07,1.753437e-06,2.968729e-06,innovation-rhodium18b,high,GA,missing,gas_peak_CC_CCS,missing,missing,missing,missing,missing,missing,missing,missing,EJ
943,1.16007e-05,0.000374699,0.0006918,0.000608749,0.000185674,0.000163104,0.000166949,7.70205e-05,5.3063e-05,innovation-rhodium18b,high,GA,missing,gas_peak_steam/CT,missing,missing,missing,missing,missing,missing,missing,missing,EJ
944,0.000104306,0.00708963,0.009671826,0.009016443,0.007308937,0.0062983649,0.0053424036,0.0041801664,0.0035027552999999,innovation-rhodium18b,high,GA,missing,gas_subpeak_CC,missing,missing,missing,missing,missing,missing,missing,missing,EJ
945,0.0,0.0,0.0,0.0,2.15818e-05,3.45769e-05,5.05241e-05,0.0001086211,0.00016935260000000002,innovation-rhodium18b,high,GA,missing,gas_subpeak_CC_CCS,missing,missing,missing,missing,missing,missing,missing,missing,EJ
946,7.72046e-05,0.00249371,0.00480092,0.00425515,0.00156896,0.00139128,0.0013835,0.000684889,0.00047396,innovation-rhodium18b,high,GA,missing,gas_subpeak_steam/CT,missing,missing,missing,missing,missing,missing,missing,missing,EJ
947,0.0154506,0.0147517,0.0127107,0.0126912,0.0126774,0.0126793,0.0126509,0.0125448,0.0125587,innovation-rhodium18b,high,GA,missing,hydro_base,missing,missing,missing,missing,missing,missing,missing,missing,EJ
948,0.094631,0.117696,0.125486,0.123204,0.117454,0.104338,0.0802147,0.0494335,0.0,innovation-rhodium18b,high,GA,missing,nuc_base_Gen II,missing,missing,missing,missing,missing,missing,missing,missing,EJ
949,0.0,0.0,0.0,0.0,0.0125541,0.02139949,0.03073857,0.04425395,0.05171563,innovation-rhodium18b,high,GA,missing,nuc_base_Gen III,missing,missing,missing,missing,missing,missing,missing,missing,EJ
950,0.0,0.0,8.728344500000001e-05,7.6907407e-05,7.9607347e-05,5.7012701e-05,4.20981218e-05,5.395739899999999e-06,3.22631596e-06,innovation-rhodium18b,high,GA,missing,refined liquids_base_steam/CT,missing,missing,missing,missing,missing,missing,missing,missing,EJ
951,0.00055743152,0.0008411045,0.0,0.0,0.0,0.0,0.0,0.0,0.0,innovation-rhodium18b,high,GA,missing,refined liquids_int_steam/CT,missing,missing,missing,missing,missing,missing,missing,missing,EJ
952,0.0,0.0,0.0,0.0,0.0,0.0,0.0,0.0,0.0,innovation-rhodium18b,high,GA,missing,refined liquids_peak_steam/CT,missing,missing,missing,missing,missing,missing,missing,missing,EJ
953,0.00013930826699999998,0.00021030093,0.0,0.0,0.0,0.0,0.0,0.0,0.0,innovation-rhodium18b,high,GA,missing,refined liquids_subpeak_steam/CT,missing,missing,missing,missing,missing,missing,missing,missing,EJ
954,0.0,0.0,0.000555293,0.00467037,0.0227872,0.0271116,0.0322746,0.026171,0.0309286,innovation-rhodium18b,high,GA,missing,rooftop_pv,missing,missing,missing,missing,missing,missing,missing,missing,EJ
955,0.0,0.0,0.003527,0.00526335,0.01484097,0.0219135,0.0294953,0.0401175999999999,0.04272455,innovation-rhodium18b,high,GA,missing,wind_base,missing,missing,missing,missing,missing,missing,missing,missing,EJ
956,0.0,0.0,0.0,0.000475199,0.007967349,0.015007239,0.0242307189999999,0.039366019,0.0487297099999999,innovation-rhodium18b,high,GA,missing,wind_base_offshore,missing,missing,missing,missing,missing,missing,missing,missing,EJ
957,0.0,0.0,0.000198334,0.0002847108,0.0007569338,0.0010917368,0.0014470228,0.0019613598,0.0020510138,innovation-rhodium18b,high,GA,missing,wind_base_storage,missing,missing,missing,missing,missing,missing,missing,missing,EJ
958,0.0,0.0,0.000497658,0.000447445,0.00050245196,0.00066019596,0.00085592296,0.0014564269599999,0.00143690896,innovation-rhodium18b,high,HI,missing,CSP_base_storage,missing,missing,missing,missing,missing,missing,missing,missing,EJ
959,0.0,0.0,0.00060069,0.000525672,0.000527426,0.0007753862,0.0014600441999999,0.0024258101999999,0.0032197102,innovation-rhodium18b,high,HI,missing,CSP_int,missing,missing,missing,missing,missing,missing,missing,missing,EJ
960,0.0,0.0,2.15024e-05,1.655678e-05,1.749024e-05,2.10342e-05,3.294146e-05,4.820072e-05,7.026232e-05,innovation-rhodium18b,high,HI,missing,CSP_peak,missing,missing,missing,missing,missing,missing,missing,missing,EJ
961,3.00006e-07,3.00014e-07,9.7275374e-05,8.0812264e-05,8.1543036e-05,9.5717344e-05,0.000170664374,0.0003691464,0.000490997,innovation-rhodium18b,high,HI,missing,CSP_subpeak,missing,missing,missing,missing,missing,missing,missing,missing,EJ
962,0.0,0.0,4.62835e-05,4.16135e-05,4.6790918e-05,6.3893318e-05,8.545611799999999e-05,0.000152316518,0.000159643218,innovation-rhodium18b,high,HI,missing,PV_base_storage,missing,missing,missing,missing,missing,missing,missing,missing,EJ
963,0.0,0.0,0.00164163,0.00143661,0.00144141,0.001907472,0.002916742,0.004257332,0.004495972,innovation-rhodium18b,high,HI,missing,PV_int,missing,missing,missing,missing,missing,missing,missing,missing,EJ
964,0.0,0.0,5.87642e-05,4.52482e-05,4.77992e-05,5.74845e-05,7.56267e-05,9.68082e-05,9.67796e-05,innovation-rhodium18b,high,HI,missing,PV_peak,missing,missing,missing,missing,missing,missing,missing,missing,EJ
965,0.0,0.0,0.0005181949999999999,0.000430494,0.000434387,0.0005098959999999999,0.0006263789999999999,0.000647257,0.000679204,innovation-rhodium18b,high,HI,missing,PV_subpeak,missing,missing,missing,missing,missing,missing,missing,missing,EJ
966,0.0,0.0,8.726e-05,1.12254e-06,3.54505e-06,3.93576292e-05,5.08827469e-05,0.000145193086,0.0001189467053,innovation-rhodium18b,high,HI,missing,biogas_base_CC,missing,missing,missing,missing,missing,missing,missing,missing,EJ
967,0.0,0.0,0.0,0.0,6.95619e-07,2.69313156e-05,3.68978356e-05,0.0001337569658,0.00011635464,innovation-rhodium18b,high,HI,missing,biogas_base_CC_CCS,missing,missing,missing,missing,missing,missing,missing,missing,EJ
968,0.0,0.0,6.76375e-05,4.97226e-06,9.89202e-06,3.2436e-05,9.272197e-05,0.00013230674,0.00018551051,innovation-rhodium18b,high,HI,missing,biogas_int_CC,missing,missing,missing,missing,missing,missing,missing,missing,EJ
969,0.0,0.0,0.0,0.0,0.0,1.26123e-05,4.8269e-05,8.449349e-05,0.00012945164,innovation-rhodium18b,high,HI,missing,biogas_int_CC_CCS,missing,missing,missing,missing,missing,missing,missing,missing,EJ
970,0.0,0.0,1.12741e-07,5.55382e-09,6.55548e-09,6.31018e-09,1.0143562e-07,1.355996e-07,3.567332800000001e-07,innovation-rhodium18b,high,HI,missing,biogas_peak_CC,missing,missing,missing,missing,missing,missing,missing,missing,EJ
971,0.0,0.0,0.0,0.0,0.0,0.0,1.83951e-08,2.710188e-08,7.576996000000001e-08,innovation-rhodium18b,high,HI,missing,biogas_peak_CC_CCS,missing,missing,missing,missing,missing,missing,missing,missing,EJ
972,0.0,0.0,8.97976e-08,4.4069000000000006e-10,5.23747e-10,4.97296e-10,7.0811843e-08,9.1794404e-08,2.48316324e-07,innovation-rhodium18b,high,HI,missing,biogas_peak_steam/CT,missing,missing,missing,missing,missing,missing,missing,missing,EJ
973,0.0,0.0,1.75501e-06,1.41418e-07,1.45546e-07,1.36675e-07,2.178693e-06,5.7030709e-06,6.238930500000001e-06,innovation-rhodium18b,high,HI,missing,biogas_subpeak_CC,missing,missing,missing,missing,missing,missing,missing,missing,EJ
974,0.0,0.0,0.0,0.0,0.0,0.0,6.09179e-07,1.8426416e-06,2.1474635e-06,innovation-rhodium18b,high,HI,missing,biogas_subpeak_CC_CCS,missing,missing,missing,missing,missing,missing,missing,missing,EJ
975,0.0,0.0,1.01837e-06,9.8209e-09,1.012452e-08,9.32476e-09,1.1453091e-06,2.99687421e-06,3.11668617e-06,innovation-rhodium18b,high,HI,missing,biogas_subpeak_steam/CT,missing,missing,missing,missing,missing,missing,missing,missing,EJ
976,0.0,0.0,4.33845e-05,3.82798e-05,4.3323767e-05,6.5025129e-05,9.776104499999998e-05,0.000217286598,0.000319971452,innovation-rhodium18b,high,HI,missing,biomass_base_IGCC,missing,missing,missing,missing,missing,missing,missing,missing,EJ
977,0.0,0.0,0.0,0.0,3.37107e-07,2.0059345e-05,5.213525700000001e-05,0.000311258047,0.0005721198469999999,innovation-rhodium18b,high,HI,missing,biomass_base_IGCC_CCS,missing,missing,missing,missing,missing,missing,missing,missing,EJ
978,0.000970725,0.0,0.0001674395,0.0001472752,0.000163532351,0.000186924078,0.000217612725,0.000348761637,0.00044191325,innovation-rhodium18b,high,HI,missing,biomass_base_conv,missing,missing,missing,missing,missing,missing,missing,missing,EJ
979,0.0,0.0,0.0,0.0,4.22054e-07,2.6630616e-05,6.7625137e-05,0.000503962154,0.000928942154,innovation-rhodium18b,high,HI,missing,biomass_base_conv_CCS,missing,missing,missing,missing,missing,missing,missing,missing,EJ
980,0.0,0.0,5.91347e-06,5.15944e-06,5.18266e-06,8.054574e-06,1.7473654000000003e-05,3.22534e-05,5.5820236e-05,innovation-rhodium18b,high,HI,missing,biomass_int_IGCC,missing,missing,missing,missing,missing,missing,missing,missing,EJ
981,0.0,0.0,0.0,0.0,0.0,1.230027e-06,6.881686999999999e-06,1.9352657e-05,4.0749477e-05,innovation-rhodium18b,high,HI,missing,biomass_int_IGCC_CCS,missing,missing,missing,missing,missing,missing,missing,missing,EJ
982,0.000970727,0.0,0.0001038414,9.07722e-05,8.62641e-05,9.377755e-05,0.00010117648,0.00011561914,0.00014488879,innovation-rhodium18b,high,HI,missing,biomass_int_conv,missing,missing,missing,missing,missing,missing,missing,missing,EJ
983,0.0,0.0,0.0,0.0,0.0,1.96593e-06,1.072093e-05,3.218451e-05,6.807931e-05,innovation-rhodium18b,high,HI,missing,biomass_int_conv_CCS,missing,missing,missing,missing,missing,missing,missing,missing,EJ
984,0.0,0.0,0.0,0.0,2.8136e-06,0.00010454797,0.000244616205,0.0006680390830000001,0.001000032392,innovation-rhodium18b,high,HI,missing,coal_base_IGCC_CCS,missing,missing,missing,missing,missing,missing,missing,missing,EJ
985,8.40021e-06,0.00487249,0.0,0.0,0.0,0.0,0.0,0.0,0.0,innovation-rhodium18b,high,HI,missing,coal_base_conv pul,missing,missing,missing,missing,missing,missing,missing,missing,EJ
986,0.0,0.0,0.00467965,0.00420762,0.00330769,0.00273366,0.00275168,0.00077266,0.000509912,innovation-rhodium18b,high,HI,missing,coal_base_conv pul 1991-1995,missing,missing,missing,missing,missing,missing,missing,missing,EJ
987,0.0,0.0,0.0,0.0,2.674439e-06,9.6877731e-05,0.000220682251,0.0005870835700000001,0.000853572411,innovation-rhodium18b,high,HI,missing,coal_base_conv pul_CCS,missing,missing,missing,missing,missing,missing,missing,missing,EJ
988,0.0,0.0,0.0,0.0,0.0,1.180198e-05,5.740375e-05,0.00012108635999999998,0.00021481118,innovation-rhodium18b,high,HI,missing,coal_int_IGCC_CCS,missing,missing,missing,missing,missing,missing,missing,missing,EJ
989,1.20003e-06,0.000718916,0.0,0.0,0.0,0.0,0.0,0.0,0.0,innovation-rhodium18b,high,HI,missing,coal_int_conv pul,missing,missing,missing,missing,missing,missing,missing,missing,EJ
990,0.0,0.0,0.000690473,0.000604255,0.000571097,0.00060104,0.000587749,0.000330535,0.000288017,innovation-rhodium18b,high,HI,missing,coal_int_conv pul 1991-1995,missing,missing,missing,missing,missing,missing,missing,missing,EJ
991,0.0,0.0,0.0,0.0,0.0,1.2101909999999996e-05,5.708695e-05,0.00011717953,0.00020369057,innovation-rhodium18b,high,HI,missing,coal_int_conv pul_CCS,missing,missing,missing,missing,missing,missing,missing,missing,EJ
992,0.0,0.000911117,0.0016979949999999,0.001526641,0.00170644442,0.00209296087,0.00271790283,0.00409902571,0.0056012543499999,innovation-rhodium18b,high,HI,missing,geo_base,missing,missing,missing,missing,missing,missing,missing,missing,EJ
993,7.73e-05,0.0002291,0.0002689,0.000241409,0.0002682,0.0002683,0.0002677,0.0002654,0.0002657,innovation-rhodium18b,high,HI,missing,hydro_base,missing,missing,missing,missing,missing,missing,missing,missing,EJ
994,0.0,0.0,0.002073987,0.000973956,0.0005483609900000001,0.0006594362160000001,0.000729076224,0.0006833127010000001,0.0005899410549999999,innovation-rhodium18b,high,HI,missing,refined liquids_base_CC,missing,missing,missing,missing,missing,missing,missing,missing,EJ
995,0.0,0.0,0.0,0.0,1.917815e-06,7.4246704e-05,0.000125774117,0.00038782309,0.0004388766703,innovation-rhodium18b,high,HI,missing,refined liquids_base_CC_CCS,missing,missing,missing,missing,missing,missing,missing,missing,EJ
996,0.02163045,0.01836844,0.008780582,0.007881341,0.005315928,0.004400718,0.003414364,0.001625752,0.0008992808,innovation-rhodium18b,high,HI,missing,refined liquids_base_steam/CT,missing,missing,missing,missing,missing,missing,missing,missing,EJ
997,0.0,0.0,0.001283016,0.000980471,0.0007943150000000001,0.0008761912000000001,0.0010458712,0.00097829232,0.00118001062,innovation-rhodium18b,high,HI,missing,refined liquids_int_CC,missing,missing,missing,missing,missing,missing,missing,missing,EJ
998,0.0,0.0,0.0,0.0,0.0,2.700339e-05,0.00012029614,0.00023479505,0.00040969565,innovation-rhodium18b,high,HI,missing,refined liquids_int_CC_CCS,missing,missing,missing,missing,missing,missing,missing,missing,EJ
999,0.011002201,0.012097567,0.008282257,0.007230991,0.005883317,0.0053062019999999,0.004011739,0.0025493679999999,0.001720782,innovation-rhodium18b,high,HI,missing,refined liquids_int_steam/CT,missing,missing,missing,missing,missing,missing,missing,missing,EJ
1000,0.0,0.0,1.818462e-06,1.174501e-06,7.15194e-07,6.94879e-07,9.929747e-07,9.180444e-07,1.7504911e-06,innovation-rhodium18b,high,HI,missing,refined liquids_peak_CC,missing,missing,missing,missing,missing,missing,missing,missing,EJ
1001,0.0,0.0,0.0,0.0,0.0,0.0,3.4949270000000004e-08,6.261672e-08,1.7258173e-07,innovation-rhodium18b,high,HI,missing,refined liquids_peak_CC_CCS,missing,missing,missing,missing,missing,missing,missing,missing,EJ
1002,0.00018131,0.0001940647,0.0001096413,0.00010174054,7.509298e-05,6.715926e-05,4.971928e-05,2.683549e-05,1.7463680000000002e-05,innovation-rhodium18b,high,HI,missing,refined liquids_peak_steam/CT,missing,missing,missing,missing,missing,missing,missing,missing,EJ
1003,0.0,0.0,3.895522e-05,2.881908e-05,1.862442e-05,1.81863e-05,2.509037e-05,3.2610155e-05,3.8998407e-05,innovation-rhodium18b,high,HI,missing,refined liquids_subpeak_CC,missing,missing,missing,missing,missing,missing,missing,missing,EJ
1004,0.0,0.0,0.0,0.0,0.0,0.0,1.383775e-06,4.502579e-06,6.918525e-06,innovation-rhodium18b,high,HI,missing,refined liquids_subpeak_CC_CCS,missing,missing,missing,missing,missing,missing,missing,missing,EJ
1005,0.0013051306,0.001396962,0.0007246898,0.0006457513,0.0004812437,0.0004299895,0.00032099330000000004,0.0001821143,0.00011956858,innovation-rhodium18b,high,HI,missing,refined liquids_subpeak_steam/CT,missing,missing,missing,missing,missing,missing,missing,missing,EJ
1006,0.0,0.0,0.00153306,0.00533802,0.0125794,0.0144343,0.0152011,0.0154943,0.0156507,innovation-rhodium18b,high,HI,missing,rooftop_pv,missing,missing,missing,missing,missing,missing,missing,missing,EJ
1007,0.000114203,2.39005e-05,0.00571288,0.00513646,0.0057479759,0.0067613459,0.0079395359,0.0090536459,0.0088623959,innovation-rhodium18b,high,HI,missing,wind_base,missing,missing,missing,missing,missing,missing,missing,missing,EJ
1008,0.0,0.0,8.05112e-05,7.23877e-05,8.18865e-05,0.0001272437,0.0001834679,0.0003543749,0.0004146867,innovation-rhodium18b,high,HI,missing,wind_base_storage,missing,missing,missing,missing,missing,missing,missing,missing,EJ
1009,0.0,0.0,8.79048e-06,2.260818e-05,8.204398e-05,0.00011339528,0.00013939108,0.00018417968,0.0002061126,innovation-rhodium18b,high,ID,missing,CSP_base_storage,missing,missing,missing,missing,missing,missing,missing,missing,EJ
1010,0.0,0.0,3.23934e-05,6.016579999999999e-05,0.0001804492,0.0002497536,0.0003074982,0.0003988428,0.0005138768000000001,innovation-rhodium18b,high,ID,missing,CSP_int,missing,missing,missing,missing,missing,missing,missing,missing,EJ
1011,0.0,0.0,5.97154e-06,9.25594e-06,2.05875e-05,2.633014e-05,3.15659e-05,3.8681e-05,4.921502e-05,innovation-rhodium18b,high,ID,missing,CSP_peak,missing,missing,missing,missing,missing,missing,missing,missing,EJ
1012,7.20014e-05,6.47006e-05,0.0004393272,0.000469026,0.0005603509999999998,0.0006124677999999998,0.0006606947999999999,0.0004108816,0.0004950811999999999,innovation-rhodium18b,high,ID,missing,CSP_subpeak,missing,missing,missing,missing,missing,missing,missing,missing,EJ
1013,0.0,0.0,1.49882e-06,4.06906e-06,1.553086e-05,2.172363e-05,2.694128e-05,3.6026490000000004e-05,4.080352e-05,innovation-rhodium18b,high,ID,missing,PV_base_storage,missing,missing,missing,missing,missing,missing,missing,missing,EJ
1014,0.0,0.0,0.000271849,0.000504317,0.001063665,0.001331865,0.001538959,0.001841165,0.002042452,innovation-rhodium18b,high,ID,missing,PV_int,missing,missing,missing,missing,missing,missing,missing,missing,EJ
1015,0.0,0.0,5.01137e-05,7.760570000000001e-05,0.00013030030000000002,0.00015252360000000002,0.000171301,0.0001948407,0.000197698,innovation-rhodium18b,high,ID,missing,PV_peak,missing,missing,missing,missing,missing,missing,missing,missing,EJ
1016,0.0,0.0,0.000457648,0.0007062419999999999,0.001130926,0.001332612,0.001505573,0.001952146,0.0019397309999999,innovation-rhodium18b,high,ID,missing,PV_subpeak,missing,missing,missing,missing,missing,missing,missing,missing,EJ
1017,0.0,0.0,7.65216e-06,2.74567815e-05,6.45900987e-05,3.81244054e-05,3.29420779e-05,5.2989682e-05,3.62286796e-05,innovation-rhodium18b,high,ID,missing,biogas_base_CC,missing,missing,missing,missing,missing,missing,missing,missing,EJ
1018,0.0,0.0,0.0,0.0,5.68988e-05,3.831763e-05,3.520917e-05,7.549568899999999e-05,5.6112515e-05,innovation-rhodium18b,high,ID,missing,biogas_base_CC_CCS,missing,missing,missing,missing,missing,missing,missing,missing,EJ
1019,0.0,0.0,1.39033e-05,1.611403e-05,4.332762e-05,3.323649e-05,3.206783e-05,4.853528e-05,6.750776e-05,innovation-rhodium18b,high,ID,missing,biogas_int_CC,missing,missing,missing,missing,missing,missing,missing,missing,EJ
1020,0.0,0.0,0.0,0.0,2.29303e-05,2.011177e-05,2.179815e-05,4.637155e-05,7.202789e-05,innovation-rhodium18b,high,ID,missing,biogas_int_CC_CCS,missing,missing,missing,missing,missing,missing,missing,missing,EJ
1021,0.0,0.0,6.55225e-08,4.914925e-08,1.5251416e-07,8.976593e-08,8.530006000000002e-08,1.1916489000000001e-07,2.420562e-07,innovation-rhodium18b,high,ID,missing,biogas_peak_CC,missing,missing,missing,missing,missing,missing,missing,missing,EJ
1022,0.0,0.0,0.0,0.0,2.44181e-08,1.506628e-08,1.5307639999999998e-08,2.682037e-08,5.356804e-08,innovation-rhodium18b,high,ID,missing,biogas_peak_CC_CCS,missing,missing,missing,missing,missing,missing,missing,missing,EJ
1023,0.0,0.0,6.09717e-08,4.308227e-08,1.292038e-07,6.7907219e-08,6.060747999999999e-08,8.4439848e-08,1.84027064e-07,innovation-rhodium18b,high,ID,missing,biogas_peak_steam/CT,missing,missing,missing,missing,missing,missing,missing,missing,EJ
1024,0.0,0.0,1.60125e-06,1.7332591e-06,5.3038165e-06,3.6007363e-06,3.5289605e-06,8.9487705e-06,9.1614735e-06,innovation-rhodium18b,high,ID,missing,biogas_subpeak_CC,missing,missing,missing,missing,missing,missing,missing,missing,EJ
1025,0.0,0.0,0.0,0.0,1.28694e-06,9.45469e-07,1.008462e-06,3.073048e-06,3.719731e-06,innovation-rhodium18b,high,ID,missing,biogas_subpeak_CC_CCS,missing,missing,missing,missing,missing,missing,missing,missing,EJ
1026,0.0,0.0,1.083901e-06,1.119126917e-06,3.3391221840000004e-06,2.005675909e-06,1.820172562e-06,5.04966735e-06,4.934625143e-06,innovation-rhodium18b,high,ID,missing,biogas_subpeak_steam/CT,missing,missing,missing,missing,missing,missing,missing,missing,EJ
1027,0.0,0.0,4.5959500000000006e-05,9.787853e-05,0.0002106784,0.0002474012,0.0002555907,0.00024582261,0.00019883795,innovation-rhodium18b,high,ID,missing,biomass_base_IGCC,missing,missing,missing,missing,missing,missing,missing,missing,EJ
1028,0.0,0.0,0.0,0.0,0.000284271,0.000520795,0.0007128626000000001,0.0021907925,0.0032120452,innovation-rhodium18b,high,ID,missing,biomass_base_IGCC_CCS,missing,missing,missing,missing,missing,missing,missing,missing,EJ
1029,0.00014921,0.000208804,0.0002107679,0.0002441163,0.000472721,0.0004446133,0.0003612267,0.00027837561,0.00019029616,innovation-rhodium18b,high,ID,missing,biomass_base_conv,missing,missing,missing,missing,missing,missing,missing,missing,EJ
1030,0.0,0.0,0.0,0.0,0.000677171,0.001355625,0.0018555359999999,0.012093498,0.018464414,innovation-rhodium18b,high,ID,missing,biomass_base_conv_CCS,missing,missing,missing,missing,missing,missing,missing,missing,EJ
1031,0.0,0.0,1.666621e-05,2.327156e-05,3.794166e-05,4.555336999999999e-05,5.076426e-05,5.928041999999999e-05,7.105915000000001e-05,innovation-rhodium18b,high,ID,missing,biomass_int_IGCC,missing,missing,missing,missing,missing,missing,missing,missing,EJ
1032,0.0,0.0,0.0,0.0,1.082237e-05,1.786536e-05,2.3615190000000003e-05,3.696627e-05,5.827954999999999e-05,innovation-rhodium18b,high,ID,missing,biomass_int_IGCC_CCS,missing,missing,missing,missing,missing,missing,missing,missing,EJ
1033,0.000149205,0.000208801,0.0004800525,0.0004727926,0.000654179,0.0006251273,0.0005033241,0.0003918395,0.0002938525,innovation-rhodium18b,high,ID,missing,biomass_int_conv,missing,missing,missing,missing,missing,missing,missing,missing,EJ
1034,0.0,0.0,0.0,0.0,2.2036e-05,3.68344e-05,4.842800000000001e-05,7.98711e-05,0.00012844020000000002,innovation-rhodium18b,high,ID,missing,biomass_int_conv_CCS,missing,missing,missing,missing,missing,missing,missing,missing,EJ
1035,0.0,0.0,0.0,0.0,0.0001614194,0.0002514055,0.0003419633,0.0004653396000000001,0.0005637821999999999,innovation-rhodium18b,high,ID,missing,coal_base_IGCC_CCS,missing,missing,missing,missing,missing,missing,missing,missing,EJ
1036,0.0,0.0,0.0,0.0,0.0001772046,0.0002705195,0.0003633617,0.0004729838,0.0005633279,innovation-rhodium18b,high,ID,missing,coal_base_conv pul_CCS,missing,missing,missing,missing,missing,missing,missing,missing,EJ
1037,0.0,0.0,0.0,0.0,1.197995e-05,1.930184e-05,2.583284e-05,3.6654380000000005e-05,5.457547e-05,innovation-rhodium18b,high,ID,missing,coal_int_IGCC_CCS,missing,missing,missing,missing,missing,missing,missing,missing,EJ
1038,0.0,0.0,0.0,0.0,1.39779e-05,2.204638e-05,2.895337e-05,3.984637e-05,5.7393329999999993e-05,innovation-rhodium18b,high,ID,missing,coal_int_conv pul_CCS,missing,missing,missing,missing,missing,missing,missing,missing,EJ
1039,0.0,0.0,0.002030554,0.002991583,0.0022641099999999,0.001875355,0.0018714629999999,0.0007083693,0.0005661967000000001,innovation-rhodium18b,high,ID,missing,gas_base_CC,missing,missing,missing,missing,missing,missing,missing,missing,EJ
1040,0.0,0.0,0.0,0.0,0.000655982,0.000964413,0.001265567,0.001650146,0.001909314,innovation-rhodium18b,high,ID,missing,gas_base_CC_CCS,missing,missing,missing,missing,missing,missing,missing,missing,EJ
1041,0.0,0.00359871,0.008675638,0.008398574,0.006847877,0.0058975579999999,0.005086109,0.003713848,0.00313341,innovation-rhodium18b,high,ID,missing,gas_int_CC,missing,missing,missing,missing,missing,missing,missing,missing,EJ
1042,0.0,0.0,0.0,0.0,0.000129284,0.0002032748,0.0002667533,0.0003694103,0.0005312449,innovation-rhodium18b,high,ID,missing,gas_int_CC_CCS,missing,missing,missing,missing,missing,missing,missing,missing,EJ
1043,0.0,0.000126704,0.000155856266,0.00014202951900000002,0.000102044236,8.041732e-05,6.310066900000001e-05,3.501663800000001e-05,2.2417602e-05,innovation-rhodium18b,high,ID,missing,gas_peak_CC,missing,missing,missing,missing,missing,missing,missing,missing,EJ
1044,0.0,0.0,0.0,0.0,4.54164e-08,6.81883e-08,8.99489e-08,1.219525e-07,1.956743e-07,innovation-rhodium18b,high,ID,missing,gas_peak_CC_CCS,missing,missing,missing,missing,missing,missing,missing,missing,EJ
1045,0.0,4.460126000000001e-05,7.2032143e-05,6.338183290000001e-05,1.66783553e-05,1.1493223199999998e-05,9.0767375e-06,3.31931102e-06,2.1460829700000004e-06,innovation-rhodium18b,high,ID,missing,gas_peak_steam/CT,missing,missing,missing,missing,missing,missing,missing,missing,EJ
1046,0.0,0.000885409,0.0008544048,0.0007951591,0.0006318217999999999,0.0005248420999999999,0.0004342559,0.00030060242,0.0002364439,innovation-rhodium18b,high,ID,missing,gas_subpeak_CC,missing,missing,missing,missing,missing,missing,missing,missing,EJ
1047,0.0,0.0,0.0,0.0,3.23986e-06,5.09292e-06,6.86848e-06,1.216416e-05,1.748482e-05,innovation-rhodium18b,high,ID,missing,gas_subpeak_CC_CCS,missing,missing,missing,missing,missing,missing,missing,missing,EJ
1048,0.0,0.000311403,0.00042598488,0.00038625086,0.00013898595000000002,0.00010212868,8.651032700000002e-05,4.6668463e-05,3.6135339e-05,innovation-rhodium18b,high,ID,missing,gas_subpeak_steam/CT,missing,missing,missing,missing,missing,missing,missing,missing,EJ
1049,0.0,0.0,0.0003985839,0.00048726400000000006,0.0008055075,0.0010028056,0.0011936926,0.0012477058,0.0014555129999999,innovation-rhodium18b,high,ID,missing,geo_base,missing,missing,missing,missing,missing,missing,missing,missing,EJ
1050,0.0233259,0.0314062,0.0375729,0.0375153,0.0374744,0.0374799,0.0373959,0.0370823,0.0371236,innovation-rhodium18b,high,ID,missing,hydro_base,missing,missing,missing,missing,missing,missing,missing,missing,EJ
1051,0.00760799,0.0,0.0,0.0,0.0,0.0,0.0,0.0,0.0,innovation-rhodium18b,high,ID,missing,hydro_int,missing,missing,missing,missing,missing,missing,missing,missing,EJ
1052,2.50008e-06,0.0,0.0,0.0,0.0,0.0,0.0,0.0,0.0,innovation-rhodium18b,high,ID,missing,refined liquids_int_steam/CT,missing,missing,missing,missing,missing,missing,missing,missing,EJ
1053,0.0,0.0,0.0,0.0,0.0,0.0,0.0,0.0,0.0,innovation-rhodium18b,high,ID,missing,refined liquids_peak_steam/CT,missing,missing,missing,missing,missing,missing,missing,missing,EJ
1054,6.000115000000001e-07,0.0,0.0,0.0,0.0,0.0,0.0,0.0,0.0,innovation-rhodium18b,high,ID,missing,refined liquids_subpeak_steam/CT,missing,missing,missing,missing,missing,missing,missing,missing,EJ
1055,0.0,0.0,7.95311e-05,0.000407863,0.000915833,0.00146472,0.00200156,0.00187447,0.00221604,innovation-rhodium18b,high,ID,missing,rooftop_pv,missing,missing,missing,missing,missing,missing,missing,missing,EJ
1056,0.0,0.0,0.009203075,0.011039245,0.016316085,0.019242095,0.021766655,0.018190955,0.02061591,innovation-rhodium18b,high,ID,missing,wind_base,missing,missing,missing,missing,missing,missing,missing,missing,EJ
1057,0.0,0.0,2.19548e-05,5.95236e-05,0.00017117659999999998,0.0002319988,0.0002835594,0.000374881,0.0004161945,innovation-rhodium18b,high,ID,missing,wind_base_storage,missing,missing,missing,missing,missing,missing,missing,missing,EJ
1058,0.0,0.0,0.000394614,0.0004917009,0.0009678089,0.0012084999,0.0014037579,0.0017327268999999,0.0017036649,innovation-rhodium18b,high,IL,missing,PV_base_storage,missing,missing,missing,missing,missing,missing,missing,missing,EJ
1059,0.0,0.0,0.0254355,0.03337389,0.06663999,0.08226069,0.09433519,0.12608999,0.13804629,innovation-rhodium18b,high,IL,missing,PV_int,missing,missing,missing,missing,missing,missing,missing,missing,EJ
1060,0.0,0.0,0.000788832,0.001127363,0.001744031,0.002051883,0.002412359,0.002889295,0.003443773,innovation-rhodium18b,high,IL,missing,PV_peak,missing,missing,missing,missing,missing,missing,missing,missing,EJ
1061,0.0,0.0,0.0037243249999999,0.0054684749999999,0.008365335,0.010115845,0.012125415,0.01643716,0.01933559,innovation-rhodium18b,high,IL,missing,PV_subpeak,missing,missing,missing,missing,missing,missing,missing,missing,EJ
1062,0.0,0.0,0.00199964,0.0010166809299999,0.0026362029999999,0.0015085889,0.00128371,0.00186872409,0.00202647064,innovation-rhodium18b,high,IL,missing,biogas_base_CC,missing,missing,missing,missing,missing,missing,missing,missing,EJ
1063,0.0,0.0,0.0,0.0,0.00229109,0.001483816,0.0013538465,0.0026447605999999,0.003064445,innovation-rhodium18b,high,IL,missing,biogas_base_CC_CCS,missing,missing,missing,missing,missing,missing,missing,missing,EJ
1064,0.0,0.0,0.00132336,0.0005234339,0.0019100834,0.00178058,0.001950041,0.0047185379999999,0.005945601,innovation-rhodium18b,high,IL,missing,biogas_int_CC,missing,missing,missing,missing,missing,missing,missing,missing,EJ
1065,0.0,0.0,0.0,0.0,0.000941638,0.000974403,0.001199799,0.003781366,0.005845022,innovation-rhodium18b,high,IL,missing,biogas_int_CC_CCS,missing,missing,missing,missing,missing,missing,missing,missing,EJ
1066,0.0,0.0,1.09893e-06,5.942881e-07,1.375775e-06,1.1983947e-06,1.6446516e-06,2.9785350000000003e-06,6.4700315e-06,innovation-rhodium18b,high,IL,missing,biogas_peak_CC,missing,missing,missing,missing,missing,missing,missing,missing,EJ
1067,0.0,0.0,0.0,0.0,2.07092e-07,1.86367e-07,2.821474e-07,6.426696000000001e-07,1.4651252e-06,innovation-rhodium18b,high,IL,missing,biogas_peak_CC_CCS,missing,missing,missing,missing,missing,missing,missing,missing,EJ
1068,0.0,0.0,1.011151e-06,4.94405612e-07,1.084100835e-06,7.349450100000001e-07,9.632626699999998e-07,1.68315084e-06,4.3385631600000005e-06,innovation-rhodium18b,high,IL,missing,biogas_peak_steam/CT,missing,missing,missing,missing,missing,missing,missing,missing,EJ
1069,0.0,0.0,2.17147e-05,1.415541e-05,2.852015e-05,3.059541e-05,4.22179e-05,0.00010637319,0.00015080797,innovation-rhodium18b,high,IL,missing,biogas_subpeak_CC,missing,missing,missing,missing,missing,missing,missing,missing,EJ
1070,0.0,0.0,0.0,0.0,6.2704e-06,7.14346e-06,1.109673e-05,3.455791e-05,5.852931e-05,innovation-rhodium18b,high,IL,missing,biogas_subpeak_CC_CCS,missing,missing,missing,missing,missing,missing,missing,missing,EJ
1071,0.0,0.0,1.452316e-05,8.4533021e-06,1.6074412800000002e-05,1.33734247e-05,1.7278452699999997e-05,4.894630170000001e-05,6.61168605e-05,innovation-rhodium18b,high,IL,missing,biogas_subpeak_steam/CT,missing,missing,missing,missing,missing,missing,missing,missing,EJ
1072,0.0,0.0,0.000364586,0.0003324068,0.000880662,0.0011652676999999,0.0013789737,0.0016406660999999,0.0019746201999999,innovation-rhodium18b,high,IL,missing,biomass_base_IGCC,missing,missing,missing,missing,missing,missing,missing,missing,EJ
1073,0.0,0.0,0.0,0.0,0.001046931,0.002165436,0.003293816,0.013977239,0.028464537,innovation-rhodium18b,high,IL,missing,biomass_base_IGCC_CCS,missing,missing,missing,missing,missing,missing,missing,missing,EJ
1074,0.00029540800000000004,0.0011225,0.000862211,0.000559925,0.001620907,0.0019169351999999,0.0019660122999999,0.00187347781,0.0020587921499999,innovation-rhodium18b,high,IL,missing,biomass_base_conv,missing,missing,missing,missing,missing,missing,missing,missing,EJ
1075,0.0,0.0,0.0,0.0,0.00253029,0.00580075,0.00879159,0.0866585399999999,0.18187408,innovation-rhodium18b,high,IL,missing,biomass_base_conv_CCS,missing,missing,missing,missing,missing,missing,missing,missing,EJ
1076,0.0,0.0,4.77001e-05,5.796787e-05,0.00010494142,0.00014019462000000002,0.00017667219999999997,0.00033375486,0.00053810358,innovation-rhodium18b,high,IL,missing,biomass_int_IGCC,missing,missing,missing,missing,missing,missing,missing,missing,EJ
1077,0.0,0.0,0.0,0.0,3.50641e-05,6.68601e-05,0.0001021726,0.0003184821,0.0006278402,innovation-rhodium18b,high,IL,missing,biomass_int_IGCC_CCS,missing,missing,missing,missing,missing,missing,missing,missing,EJ
1078,0.000295407,0.001122499,0.00061565,0.0005916640999999999,0.0008400209000000001,0.0008754875,0.0008466597000000001,0.0010607891,0.0013131277,innovation-rhodium18b,high,IL,missing,biomass_int_conv,missing,missing,missing,missing,missing,missing,missing,missing,EJ
1079,0.0,0.0,0.0,0.0,7.16917e-05,0.0001388071,0.0002103367,0.000722941,0.0014324892,innovation-rhodium18b,high,IL,missing,biomass_int_conv_CCS,missing,missing,missing,missing,missing,missing,missing,missing,EJ
1080,0.0,0.0,0.0,0.0,0.00769178,0.0117768,0.01564954,0.02120134,0.0280712899999999,innovation-rhodium18b,high,IL,missing,coal_base_IGCC_CCS,missing,missing,missing,missing,missing,missing,missing,missing,EJ
1081,0.06833401,0.13556591,0.0,0.0,0.0,0.0,0.0,0.0,0.0,innovation-rhodium18b,high,IL,missing,coal_base_conv pul,missing,missing,missing,missing,missing,missing,missing,missing,EJ
1082,0.0,0.0,0.008649046,0.007695805,0.0008845495,0.0,0.0,0.0,0.0,innovation-rhodium18b,high,IL,missing,coal_base_conv pul 1951-1955,missing,missing,missing,missing,missing,missing,missing,missing,EJ
1083,0.0,0.0,0.003620934,0.002807791,0.0,0.0,0.0,0.0,0.0,innovation-rhodium18b,high,IL,missing,coal_base_conv pul 1956-1960,missing,missing,missing,missing,missing,missing,missing,missing,EJ
1084,0.0,0.0,0.006186021,0.004140831,0.0,0.0,0.0,0.0,0.0,innovation-rhodium18b,high,IL,missing,coal_base_conv pul 1961-1965,missing,missing,missing,missing,missing,missing,missing,missing,EJ
1085,0.0,0.0,0.016985261,0.0169409869999999,0.002875476,0.0016864681,0.0014302137,3.618329e-05,0.0,innovation-rhodium18b,high,IL,missing,coal_base_conv pul 1966-1970,missing,missing,missing,missing,missing,missing,missing,missing,EJ
1086,0.0,0.0,0.02434124,0.0242778,0.004120792,0.002416837,0.00204961,5.185352e-05,0.0,innovation-rhodium18b,high,IL,missing,coal_base_conv pul 1971-1975,missing,missing,missing,missing,missing,missing,missing,missing,EJ
1087,0.0,0.0,0.016903557,0.0164361869999999,0.002511183,0.0010366063,0.0,0.0,0.0,innovation-rhodium18b,high,IL,missing,coal_base_conv pul 1976-1980,missing,missing,missing,missing,missing,missing,missing,missing,EJ
1088,0.0,0.0,0.0010246708,0.0010246389,0.0001759237,0.00010845214,0.00011197885,5.083702e-06,3.32389e-06,innovation-rhodium18b,high,IL,missing,coal_base_conv pul 1986-1990,missing,missing,missing,missing,missing,missing,missing,missing,EJ
1089,0.0,0.0,0.0005794373,0.0005794255999999999,9.948854e-05,6.13456e-05,6.340362e-05,2.891245e-06,1.927521e-06,innovation-rhodium18b,high,IL,missing,coal_base_conv pul 1991-1995,missing,missing,missing,missing,missing,missing,missing,missing,EJ
1090,0.0,0.0,0.0007049379,0.0007049262000000001,0.00012103893,7.46388e-05,7.716587e-05,3.523554e-06,2.363142e-06,innovation-rhodium18b,high,IL,missing,coal_base_conv pul 1996-2000,missing,missing,missing,missing,missing,missing,missing,missing,EJ
1091,0.0,0.0,0.0008443774,0.0008443636000000001,0.00014498189,8.940546000000001e-05,9.244296e-05,4.223277e-06,2.838885e-06,innovation-rhodium18b,high,IL,missing,coal_base_conv pul 2001-2005,missing,missing,missing,missing,missing,missing,missing,missing,EJ
1092,0.0,0.0,0.001944148,0.001944117,0.0003338161,0.0002058537,0.0002128493,9.724581e-06,6.538311e-06,innovation-rhodium18b,high,IL,missing,coal_base_conv pul 2006-2010,missing,missing,missing,missing,missing,missing,missing,missing,EJ
1093,0.0,0.0,0.0199665399999999,0.01996628,0.003428322,0.002114136,0.00218599,9.987348e-05,6.715278000000001e-05,innovation-rhodium18b,high,IL,missing,coal_base_conv pul 2011-2015,missing,missing,missing,missing,missing,missing,missing,missing,EJ
1094,0.0,0.0,0.0,0.0,0.00855295,0.01288227,0.01689269,0.02216155,0.02867346,innovation-rhodium18b,high,IL,missing,coal_base_conv pul_CCS,missing,missing,missing,missing,missing,missing,missing,missing,EJ
1095,0.016837268,0.03340301,0.0,0.0,0.0,0.0,0.0,0.0,0.0,innovation-rhodium18b,high,IL,missing,coal_base_conv pul_retire_2020,missing,missing,missing,missing,missing,missing,missing,missing,EJ
1096,0.0,0.0,0.0,0.0,0.000543463,0.000885831,0.001208064,0.0023381409999999,0.003711054,innovation-rhodium18b,high,IL,missing,coal_int_IGCC_CCS,missing,missing,missing,missing,missing,missing,missing,missing,EJ
1097,0.09830645,0.14724505,0.0,0.0,0.0,0.0,0.0,0.0,0.0,innovation-rhodium18b,high,IL,missing,coal_int_conv pul,missing,missing,missing,missing,missing,missing,missing,missing,EJ
1098,0.0,0.0,0.010249349,0.009119874,0.004047902,0.0,0.0,0.0,0.0,innovation-rhodium18b,high,IL,missing,coal_int_conv pul 1951-1955,missing,missing,missing,missing,missing,missing,missing,missing,EJ
1099,0.0,0.0,0.004290901,0.003327358,0.0,0.0,0.0,0.0,0.0,innovation-rhodium18b,high,IL,missing,coal_int_conv pul 1956-1960,missing,missing,missing,missing,missing,missing,missing,missing,EJ
1100,0.0,0.0,0.007330594,0.004907089,0.0,0.0,0.0,0.0,0.0,innovation-rhodium18b,high,IL,missing,coal_int_conv pul 1961-1965,missing,missing,missing,missing,missing,missing,missing,missing,EJ
1101,0.0,0.0,0.020128,0.0200758799999999,0.013158809,0.011153918,0.009752763,0.002549336,0.0,innovation-rhodium18b,high,IL,missing,coal_int_conv pul 1966-1970,missing,missing,missing,missing,missing,missing,missing,missing,EJ
1102,0.0,0.0,0.0288449699999999,0.02877028,0.01885763,0.015984464,0.013976503,0.003653397,0.0,innovation-rhodium18b,high,IL,missing,coal_int_conv pul 1971-1975,missing,missing,missing,missing,missing,missing,missing,missing,EJ
1103,0.0,0.0,0.02003114,0.01947763,0.011491719,0.006855886,0.0,0.0,0.0,innovation-rhodium18b,high,IL,missing,coal_int_conv pul 1976-1980,missing,missing,missing,missing,missing,missing,missing,missing,EJ
1104,0.0,0.0,0.0012142623,0.0012142441999999,0.0008050651,0.0007172793,0.0007635948000000001,0.0003581782,0.00029653030000000003,innovation-rhodium18b,high,IL,missing,coal_int_conv pul 1986-1990,missing,missing,missing,missing,missing,missing,missing,missing,EJ
1105,0.0,0.0,0.0006866492,0.0006866461,0.0004552811,0.0004057269,0.0004323545,0.0002037068,0.00017195755,innovation-rhodium18b,high,IL,missing,coal_int_conv pul 1991-1995,missing,missing,missing,missing,missing,missing,missing,missing,EJ
1106,0.0,0.0,0.0008353699,0.0008353698,0.0005539011,0.000493644,0.0005262022,0.0002482559,0.0002108207,innovation-rhodium18b,high,IL,missing,coal_int_conv pul 1996-2000,missing,missing,missing,missing,missing,missing,missing,missing,EJ
1107,0.0,0.0,0.0010006094,0.0010006094,0.0006634690000000001,0.000591308,0.0006303782999999999,0.00029755630000000003,0.0002532625,innovation-rhodium18b,high,IL,missing,coal_int_conv pul 2001-2005,missing,missing,missing,missing,missing,missing,missing,missing,EJ
1108,0.0,0.0,0.002303871,0.002303871,0.0015276145,0.0013614694999999,0.0014514439,0.0006851558999999999,0.0005832946,innovation-rhodium18b,high,IL,missing,coal_int_conv pul 2006-2010,missing,missing,missing,missing,missing,missing,missing,missing,EJ
1109,0.0,0.0,0.0236609599999999,0.0236609599999999,0.015688729,0.013982421,0.014906483,0.007036696,0.005990816,innovation-rhodium18b,high,IL,missing,coal_int_conv pul 2011-2015,missing,missing,missing,missing,missing,missing,missing,missing,EJ
1110,0.0,0.0,0.0,0.0,0.000637974,0.001017584,0.001359927,0.002503995,0.003853917,innovation-rhodium18b,high,IL,missing,coal_int_conv pul_CCS,missing,missing,missing,missing,missing,missing,missing,missing,EJ
1111,0.02422231,0.0362806299999999,0.0,0.0,0.0,0.0,0.0,0.0,0.0,innovation-rhodium18b,high,IL,missing,coal_int_conv pul_retire_2020,missing,missing,missing,missing,missing,missing,missing,missing,EJ
1112,0.0013296903,0.0,0.0,0.0,0.0,0.0,0.0,0.0,0.0,innovation-rhodium18b,high,IL,missing,coal_peak_conv pul,missing,missing,missing,missing,missing,missing,missing,missing,EJ
1113,0.0003276316,0.0,0.0,0.0,0.0,0.0,0.0,0.0,0.0,innovation-rhodium18b,high,IL,missing,coal_peak_conv pul_retire_2020,missing,missing,missing,missing,missing,missing,missing,missing,EJ
1114,0.007968892,0.0,0.0,0.0,0.0,0.0,0.0,0.0,0.0,innovation-rhodium18b,high,IL,missing,coal_subpeak_conv pul,missing,missing,missing,missing,missing,missing,missing,missing,EJ
1115,0.001963509,0.0,0.0,0.0,0.0,0.0,0.0,0.0,0.0,innovation-rhodium18b,high,IL,missing,coal_subpeak_conv pul_retire_2020,missing,missing,missing,missing,missing,missing,missing,missing,EJ
1116,0.0004368122,0.003818304,0.0768940999999999,0.099031007,0.0984753706,0.0938108205,0.0974727155,0.03222175649,0.02754597448,innovation-rhodium18b,high,IL,missing,gas_base_CC,missing,missing,missing,missing,missing,missing,missing,missing,EJ
1117,0.0,0.0,0.0,0.0,0.023927,0.0347716,0.0448992999999999,0.05573615,0.06976861,innovation-rhodium18b,high,IL,missing,gas_base_CC_CCS,missing,missing,missing,missing,missing,missing,missing,missing,EJ
1118,0.00022970606,0.0020086008,0.039665269,0.04620365,0.0540349819999999,0.057881049,0.061330095,0.070546491,0.081353326,innovation-rhodium18b,high,IL,missing,gas_int_CC,missing,missing,missing,missing,missing,missing,missing,missing,EJ
1119,0.0,0.0,0.0,0.0,0.00506994,0.0080764299999999,0.01080116,0.02015151,0.0309942299999999,innovation-rhodium18b,high,IL,missing,gas_int_CC_CCS,missing,missing,missing,missing,missing,missing,missing,missing,EJ
1120,0.00017170264,0.0019327815,0.0012283128,0.0011202988,0.0008979375899999999,0.0007504406,0.0005993903699999999,0.00042942159,0.0003074262600000001,innovation-rhodium18b,high,IL,missing,gas_peak_CC,missing,missing,missing,missing,missing,missing,missing,missing,EJ
1121,0.0,0.0,0.0,0.0,3.84146e-07,6.31603e-07,9.71961e-07,1.5899000000000002e-06,3.328262e-06,innovation-rhodium18b,high,IL,missing,gas_peak_CC_CCS,missing,missing,missing,missing,missing,missing,missing,missing,EJ
1122,0.0001272018,0.0006798956999999999,0.00060108202,0.00052622919,0.00022476605,0.00019183379400000003,0.00016535906799999996,9.8059258e-05,6.620174600000001e-05,innovation-rhodium18b,high,IL,missing,gas_peak_steam/CT,missing,missing,missing,missing,missing,missing,missing,missing,EJ
1123,0.0011125195,0.01252548,0.008352634,0.0077426449999999,0.006509143,0.005574115,0.0046195271,0.0037119534999999,0.003105944,innovation-rhodium18b,high,IL,missing,gas_subpeak_CC,missing,missing,missing,missing,missing,missing,missing,missing,EJ
1124,0.0,0.0,0.0,0.0,1.56346e-05,2.78309e-05,4.4193e-05,9.40687e-05,0.00016377599999999997,innovation-rhodium18b,high,IL,missing,gas_subpeak_CC_CCS,missing,missing,missing,missing,missing,missing,missing,missing,EJ
1125,0.000824216,0.00440569,0.0043272152999999,0.0038843622,0.0020000516,0.0017614852,0.00157122442,0.0011167738399999,0.00088612181,innovation-rhodium18b,high,IL,missing,gas_subpeak_steam/CT,missing,missing,missing,missing,missing,missing,missing,missing,EJ
1126,0.0004884,0.0004743,0.0005277,0.0005269,0.0005263,0.0005264,0.0005252,0.0005208,0.0005214,innovation-rhodium18b,high,IL,missing,hydro_base,missing,missing,missing,missing,missing,missing,missing,missing,EJ
1127,0.2743289,0.3480862999999999,0.3162069,0.286926,0.2465885,0.1975255,0.1461507,0.1001359,0.0,innovation-rhodium18b,high,IL,missing,nuc_base_Gen II,missing,missing,missing,missing,missing,missing,missing,missing,EJ
1128,0.0,0.0,0.0,0.0,0.03850387,0.05804504,0.07404374,0.10124446,0.13173758,innovation-rhodium18b,high,IL,missing,nuc_base_Gen III,missing,missing,missing,missing,missing,missing,missing,missing,EJ
1129,0.0,0.0,7.59324e-05,6.47765e-05,2.94144e-05,2.98923e-05,2.59704e-05,1.77786e-05,1.14255e-05,innovation-rhodium18b,high,IL,missing,refined liquids_peak_steam/CT,missing,missing,missing,missing,missing,missing,missing,missing,EJ
1130,0.00456449,0.0014661,8.90378e-05,7.46531e-05,3.73117e-05,3.6985e-05,3.15675e-05,2.19137e-05,1.42647e-05,innovation-rhodium18b,high,IL,missing,refined liquids_subpeak_steam/CT,missing,missing,missing,missing,missing,missing,missing,missing,EJ
1131,0.0,0.0,0.00025282,0.00160486,0.0068914,0.0105586,0.0140225,0.0122599,0.0145326,innovation-rhodium18b,high,IL,missing,rooftop_pv,missing,missing,missing,missing,missing,missing,missing,missing,EJ
1132,0.0,0.000306,0.1178001,0.1585246,0.2658886,0.3127485,0.3490473,0.3859085,0.3773274,innovation-rhodium18b,high,IL,missing,wind_base,missing,missing,missing,missing,missing,missing,missing,missing,EJ
1133,0.0,0.0,0.0,0.00233424,0.02029464,0.03000416,0.03859198,0.0529618799999999,0.06724664,innovation-rhodium18b,high,IL,missing,wind_base_offshore,missing,missing,missing,missing,missing,missing,missing,missing,EJ
1134,0.0,0.0,0.00201616,0.002794286,0.005695416,0.007105206,0.008226146,0.010113516,0.010299826,innovation-rhodium18b,high,IL,missing,wind_base_storage,missing,missing,missing,missing,missing,missing,missing,missing,EJ
1135,0.0,0.0001275,0.00979182,0.00979182,0.00979182,0.00979182,0.00979182,0.0,0.0,innovation-rhodium18b,high,IL,missing,wind_int,missing,missing,missing,missing,missing,missing,missing,missing,EJ
1136,0.0,7.64999e-05,0.00587508,0.00587508,0.00587508,0.00587508,0.00587508,0.0,0.0,innovation-rhodium18b,high,IL,missing,wind_subpeak,missing,missing,missing,missing,missing,missing,missing,missing,EJ
1137,0.0,0.0,5.24773e-05,7.13473e-05,0.0003507973,0.0004427916,0.0005126231,0.0006301931,0.0006503148,innovation-rhodium18b,high,IN,missing,PV_base_storage,missing,missing,missing,missing,missing,missing,missing,missing,EJ
1138,0.0,0.0,0.00922914,0.0149716,0.0383696,0.0496838,0.05824177,0.08131387,0.09114563,innovation-rhodium18b,high,IN,missing,PV_int,missing,missing,missing,missing,missing,missing,missing,missing,EJ
1139,0.0,0.0,0.000945761,0.001179046,0.001824022,0.0019214972,0.0021345141999999,0.0025623551999999,0.0028948541999999,innovation-rhodium18b,high,IN,missing,PV_peak,missing,missing,missing,missing,missing,missing,missing,missing,EJ
1140,0.0,0.0,0.0026601059999999,0.004237476,0.006969286,0.008465186,0.010272296,0.01362758,0.01593987,innovation-rhodium18b,high,IN,missing,PV_subpeak,missing,missing,missing,missing,missing,missing,missing,missing,EJ
1141,0.0,0.0,0.000340336,0.00025320611,0.00196383987,0.00077245688,0.00062813883,0.0008587410199999999,0.0005281398199999999,innovation-rhodium18b,high,IN,missing,biogas_base_CC,missing,missing,missing,missing,missing,missing,missing,missing,EJ
1142,0.0,0.0,0.0,0.0,0.00173797,0.000808998,0.0007167972,0.001258733,0.0008554465,innovation-rhodium18b,high,IN,missing,biogas_base_CC_CCS,missing,missing,missing,missing,missing,missing,missing,missing,EJ
1143,0.0,0.0,0.000571082,0.00042231,0.0014215653,0.001424027,0.001612697,0.004021622,0.004587868,innovation-rhodium18b,high,IN,missing,biogas_int_CC,missing,missing,missing,missing,missing,missing,missing,missing,EJ
1144,0.0,0.0,0.0,0.0,0.000717081,0.00082319,0.001050919,0.003284686,0.004605691,innovation-rhodium18b,high,IN,missing,biogas_int_CC_CCS,missing,missing,missing,missing,missing,missing,missing,missing,EJ
1145,0.0,0.0,1.49726e-06,4.851539e-07,1.5080254e-06,7.530360999999999e-07,1.3347041e-06,3.0483612e-06,7.4163398e-06,innovation-rhodium18b,high,IN,missing,biogas_peak_CC,missing,missing,missing,missing,missing,missing,missing,missing,EJ
1146,0.0,0.0,0.0,0.0,2.22784e-07,1.062037e-07,2.086804e-07,5.951818000000001e-07,1.5895134e-06,innovation-rhodium18b,high,IN,missing,biogas_peak_CC_CCS,missing,missing,missing,missing,missing,missing,missing,missing,EJ
1147,0.0,0.0,1.393007e-06,3.8440135e-07,1.192687288e-06,2.95432113e-07,6.778724920000001e-07,1.7450356e-06,4.99897448e-06,innovation-rhodium18b,high,IN,missing,biogas_peak_steam/CT,missing,missing,missing,missing,missing,missing,missing,missing,EJ
1148,0.0,0.0,1.3219e-05,1.393077e-05,2.775674e-05,2.957563e-05,4.418747e-05,0.00011319241,0.00014522707,innovation-rhodium18b,high,IN,missing,biogas_subpeak_CC,missing,missing,missing,missing,missing,missing,missing,missing,EJ
1149,0.0,0.0,0.0,0.0,6.17596e-06,7.096189999999999e-06,1.182369e-05,3.642291e-05,5.627107e-05,innovation-rhodium18b,high,IN,missing,biogas_subpeak_CC_CCS,missing,missing,missing,missing,missing,missing,missing,missing,EJ
1150,0.0,0.0,8.94626e-06,8.585075700000001e-06,1.61712266e-05,1.2953790900000002e-05,1.81865944e-05,5.2160587e-05,5.6755090800000014e-05,innovation-rhodium18b,high,IN,missing,biogas_subpeak_steam/CT,missing,missing,missing,missing,missing,missing,missing,missing,EJ
1151,0.0,0.0,6.83708e-05,7.33021e-05,0.0004262589,0.0005531311,0.0006510277000000001,0.0007164466100000001,0.0006260491800000001,innovation-rhodium18b,high,IN,missing,biomass_base_IGCC,missing,missing,missing,missing,missing,missing,missing,missing,EJ
1152,0.0,0.0,0.0,0.0,0.000779472,0.001313661,0.001812366,0.006549472,0.010113804,innovation-rhodium18b,high,IN,missing,biomass_base_IGCC_CCS,missing,missing,missing,missing,missing,missing,missing,missing,EJ
1153,0.0,3.32999e-05,0.0001971047,0.0001531379,0.0008384873000000001,0.0009383741,0.0009471043,0.0008055809299999999,0.00059637012,innovation-rhodium18b,high,IN,missing,biomass_base_conv,missing,missing,missing,missing,missing,missing,missing,missing,EJ
1154,0.0,0.0,0.0,0.0,0.0018984,0.00347622,0.0048108,0.04031154,0.06446097,innovation-rhodium18b,high,IN,missing,biomass_base_conv_CCS,missing,missing,missing,missing,missing,missing,missing,missing,EJ
1155,0.0,0.0,1.844448e-05,2.756513e-05,5.973384e-05,8.661091e-05,0.0001149313,0.00024072981,0.0003609759500000001,innovation-rhodium18b,high,IN,missing,biomass_int_IGCC,missing,missing,missing,missing,missing,missing,missing,missing,EJ
1156,0.0,0.0,0.0,0.0,2.46411e-05,4.898789999999999e-05,7.63313e-05,0.000250205,0.00043345210000000006,innovation-rhodium18b,high,IN,missing,biomass_int_IGCC_CCS,missing,missing,missing,missing,missing,missing,missing,missing,EJ
1157,0.0,3.32999e-05,0.0003199966,0.0003139406,0.0004770024,0.0005153024,0.000514597,0.0007071141,0.0008587916999999999,innovation-rhodium18b,high,IN,missing,biomass_int_conv,missing,missing,missing,missing,missing,missing,missing,missing,EJ
1158,0.0,0.0,0.0,0.0,5.04903e-05,0.0001020051,0.00015752509999999997,0.0005709085,0.0009927665,innovation-rhodium18b,high,IN,missing,biomass_int_conv_CCS,missing,missing,missing,missing,missing,missing,missing,missing,EJ
1159,0.0,0.0,0.0,0.0,0.00505963,0.006802677,0.008358156,0.010424141,0.011873574,innovation-rhodium18b,high,IN,missing,coal_base_IGCC_CCS,missing,missing,missing,missing,missing,missing,missing,missing,EJ
1160,0.2239717,0.2901996,0.0,0.0,0.0,0.0,0.0,0.0,0.0,innovation-rhodium18b,high,IN,missing,coal_base_conv pul,missing,missing,missing,missing,missing,missing,missing,missing,EJ
1161,0.0,0.0,0.0145832299999999,0.01364058,0.002132747,0.0,0.0,0.0,0.0,innovation-rhodium18b,high,IN,missing,coal_base_conv pul 1951-1955,missing,missing,missing,missing,missing,missing,missing,missing,EJ
1162,0.0,0.0,0.00462585,0.0041159779999999,0.0005555359999999999,0.0,0.0,0.0,0.0,innovation-rhodium18b,high,IN,missing,coal_base_conv pul 1956-1960,missing,missing,missing,missing,missing,missing,missing,missing,EJ
1163,0.0,0.0,0.00474502,0.00457008,0.000790874,0.0002870473,0.0,0.0,0.0,innovation-rhodium18b,high,IN,missing,coal_base_conv pul 1961-1965,missing,missing,missing,missing,missing,missing,missing,missing,EJ
1164,0.0,0.0,0.0226362,0.02257697,0.00449994,0.002539969,0.002050898,3.918921e-05,0.0,innovation-rhodium18b,high,IN,missing,coal_base_conv pul 1966-1970,missing,missing,missing,missing,missing,missing,missing,missing,EJ
1165,0.0,0.0,0.02725231,0.02723584,0.00547733,0.0032133689999999,0.003008752,8.515580000000001e-05,3.371914e-05,innovation-rhodium18b,high,IN,missing,coal_base_conv pul 1971-1975,missing,missing,missing,missing,missing,missing,missing,missing,EJ
1166,0.0,0.0,0.0476415,0.0476198,0.00958314,0.00563884,0.00534684,0.0001583609,6.92553e-05,innovation-rhodium18b,high,IN,missing,coal_base_conv pul 1976-1980,missing,missing,missing,missing,missing,missing,missing,missing,EJ
1167,0.0,0.0,0.0458231,0.0457567,0.0091674,0.00529032,0.00463429,0.0001070509,0.0,innovation-rhodium18b,high,IN,missing,coal_base_conv pul 1981-1985,missing,missing,missing,missing,missing,missing,missing,missing,EJ
1168,0.0,0.0,0.03145327,0.03145079,0.00633992,0.003758628,0.0036829109999999,0.0001244645,8.146e-05,innovation-rhodium18b,high,IN,missing,coal_base_conv pul 1986-1990,missing,missing,missing,missing,missing,missing,missing,missing,EJ
1169,0.0,0.0,5.8077000000000007e-05,5.80756e-05,1.170971e-05,6.949390000000001e-06,6.84122e-06,2.3602270000000002e-07,1.685997e-07,innovation-rhodium18b,high,IN,missing,coal_base_conv pul 1996-2000,missing,missing,missing,missing,missing,missing,missing,missing,EJ
1170,0.0,0.0,0.01056192,0.0105616499999999,0.002129545,0.0012638389999999,0.001244231,4.29359e-05,3.070177e-05,innovation-rhodium18b,high,IN,missing,coal_base_conv pul 2011-2015,missing,missing,missing,missing,missing,missing,missing,missing,EJ
1171,0.0,0.0,0.0,0.0,0.00558257,0.007413103,0.009014939,0.010865801,0.012189288,innovation-rhodium18b,high,IN,missing,coal_base_conv pul_CCS,missing,missing,missing,missing,missing,missing,missing,missing,EJ
1172,0.002245011,0.0029088639999999,0.0,0.0,0.0,0.0,0.0,0.0,0.0,innovation-rhodium18b,high,IN,missing,coal_base_conv pul_retire_2020,missing,missing,missing,missing,missing,missing,missing,missing,EJ
1173,0.0,0.0,0.0,0.0,0.000378198,0.0006368179999999999,0.0008824380000000001,0.001774693,0.0025723589999999,innovation-rhodium18b,high,IN,missing,coal_int_IGCC_CCS,missing,missing,missing,missing,missing,missing,missing,missing,EJ
1174,0.1346257,0.1761567,0.0,0.0,0.0,0.0,0.0,0.0,0.0,innovation-rhodium18b,high,IN,missing,coal_int_conv pul,missing,missing,missing,missing,missing,missing,missing,missing,EJ
1175,0.0,0.0,0.00672646,0.00629183,0.002995753,0.0,0.0,0.0,0.0,innovation-rhodium18b,high,IN,missing,coal_int_conv pul 1951-1955,missing,missing,missing,missing,missing,missing,missing,missing,EJ
1176,0.0,0.0,0.002133659,0.001898529,0.00078033,0.0,0.0,0.0,0.0,innovation-rhodium18b,high,IN,missing,coal_int_conv pul 1956-1960,missing,missing,missing,missing,missing,missing,missing,missing,EJ
1177,0.0,0.0,0.002188622,0.0021079849999999,0.001110897,0.000616943,0.0,0.0,0.0,innovation-rhodium18b,high,IN,missing,coal_int_conv pul 1961-1965,missing,missing,missing,missing,missing,missing,missing,missing,EJ
1178,0.0,0.0,0.01044087,0.01041382,0.0063208299999999,0.00545908,0.00484787,0.001264103,0.0,innovation-rhodium18b,high,IN,missing,coal_int_conv pul 1966-1970,missing,missing,missing,missing,missing,missing,missing,missing,EJ
1179,0.0,0.0,0.01257002,0.01256273,0.0076936999999999,0.00690639,0.00711201,0.002746826,0.001367407,innovation-rhodium18b,high,IN,missing,coal_int_conv pul 1971-1975,missing,missing,missing,missing,missing,missing,missing,missing,EJ
1180,0.0,0.0,0.0219745,0.02196505,0.01346092,0.01211939,0.0126387299999999,0.00510816,0.0028084959999999,innovation-rhodium18b,high,IN,missing,coal_int_conv pul 1976-1980,missing,missing,missing,missing,missing,missing,missing,missing,EJ
1181,0.0,0.0,0.02113573,0.02110563,0.01287695,0.01137031,0.01095444,0.003453068,0.0,innovation-rhodium18b,high,IN,missing,coal_int_conv pul 1981-1985,missing,missing,missing,missing,missing,missing,missing,missing,EJ
1182,0.0,0.0,0.01450769,0.01450692,0.00890534,0.00807832,0.00870556,0.004014778,0.0033034329999999,innovation-rhodium18b,high,IN,missing,coal_int_conv pul 1986-1990,missing,missing,missing,missing,missing,missing,missing,missing,EJ
1183,0.0,0.0,2.67878e-05,2.67878e-05,1.6448e-05,1.493611e-05,1.617113e-05,7.61324e-06,6.8372e-06,innovation-rhodium18b,high,IN,missing,coal_int_conv pul 1996-2000,missing,missing,missing,missing,missing,missing,missing,missing,EJ
1184,0.0,0.0,0.00487165,0.00487165,0.002991258,0.002716327,0.002941082,0.001384954,0.001245046,innovation-rhodium18b,high,IN,missing,coal_int_conv pul 2011-2015,missing,missing,missing,missing,missing,missing,missing,missing,EJ
1185,0.0,0.0,0.0,0.0,0.000442343,0.000728187,0.000988429,0.001889695,0.00267247,innovation-rhodium18b,high,IN,missing,coal_int_conv pul_CCS,missing,missing,missing,missing,missing,missing,missing,missing,EJ
1186,0.001349439,0.001765732,0.0,0.0,0.0,0.0,0.0,0.0,0.0,innovation-rhodium18b,high,IN,missing,coal_int_conv pul_retire_2020,missing,missing,missing,missing,missing,missing,missing,missing,EJ
1187,0.001383392,0.0,0.0,0.0,0.0,0.0,0.0,0.0,0.0,innovation-rhodium18b,high,IN,missing,coal_peak_conv pul,missing,missing,missing,missing,missing,missing,missing,missing,EJ
1188,1.386661e-05,0.0,0.0,0.0,0.0,0.0,0.0,0.0,0.0,innovation-rhodium18b,high,IN,missing,coal_peak_conv pul_retire_2020,missing,missing,missing,missing,missing,missing,missing,missing,EJ
1189,0.0095972,0.0,0.0,0.0,0.0,0.0,0.0,0.0,0.0,innovation-rhodium18b,high,IN,missing,coal_subpeak_conv pul,missing,missing,missing,missing,missing,missing,missing,missing,EJ
1190,9.61989e-05,0.0,0.0,0.0,0.0,0.0,0.0,0.0,0.0,innovation-rhodium18b,high,IN,missing,coal_subpeak_conv pul_retire_2020,missing,missing,missing,missing,missing,missing,missing,missing,EJ
1191,0.00030811,0.0023066,0.02270247,0.03042023,0.0446758,0.0434525199999999,0.04507562,0.015203446,0.0114217681,innovation-rhodium18b,high,IN,missing,gas_base_CC,missing,missing,missing,missing,missing,missing,missing,missing,EJ
1192,0.0,0.0,0.0,0.0,0.0201766,0.02639493,0.03172914,0.03721555,0.0405193399999999,innovation-rhodium18b,high,IN,missing,gas_base_CC_CCS,missing,missing,missing,missing,missing,missing,missing,missing,EJ
1193,0.000296709,0.00222099,0.0484005,0.05288268,0.05582779,0.05652509,0.05661847,0.06215805,0.06684374,innovation-rhodium18b,high,IN,missing,gas_int_CC,missing,missing,missing,missing,missing,missing,missing,missing,EJ
1194,0.0,0.0,0.0,0.0,0.00405186,0.00666458,0.00904548,0.01745521,0.02463164,innovation-rhodium18b,high,IN,missing,gas_int_CC_CCS,missing,missing,missing,missing,missing,missing,missing,missing,EJ
1195,0.000142706,0.00137599,4.64594e-06,5.936519e-06,9.138127e-06,9.702934e-06,1.1651862e-05,1.5795960999999996e-05,2.897632800000001e-05,innovation-rhodium18b,high,IN,missing,gas_peak_CC,missing,missing,missing,missing,missing,missing,missing,missing,EJ
1196,0.0,0.0,0.0,0.0,3.67549e-07,4.416162e-07,6.413467000000001e-07,1.1938546e-06,2.9212565e-06,innovation-rhodium18b,high,IN,missing,gas_peak_CC_CCS,missing,missing,missing,missing,missing,missing,missing,missing,EJ
1197,0.0001057044,0.000483998,4.018683e-06,4.781601e-06,5.029042e-06,4.575003e-06,6.007500600000001e-06,7.385621200000002e-06,1.40419669e-05,innovation-rhodium18b,high,IN,missing,gas_peak_steam/CT,missing,missing,missing,missing,missing,missing,missing,missing,EJ
1198,0.000685921,0.00661289,0.00650533,0.0060641459999999,0.005188913,0.0044665662,0.003727973,0.0030903835999999,0.0026393477,innovation-rhodium18b,high,IN,missing,gas_subpeak_CC,missing,missing,missing,missing,missing,missing,missing,missing,EJ
1199,0.0,0.0,0.0,0.0,1.55558e-05,2.71787e-05,4.40539e-05,9.59391e-05,0.0001519363,innovation-rhodium18b,high,IN,missing,gas_subpeak_CC_CCS,missing,missing,missing,missing,missing,missing,missing,missing,EJ
1200,0.000508116,0.002325992,0.003433141,0.0031596118999999,0.0017759449,0.0016029679,0.0014534224999999,0.0010890885,0.0009083408,innovation-rhodium18b,high,IN,missing,gas_subpeak_steam/CT,missing,missing,missing,missing,missing,missing,missing,missing,EJ
1201,0.0014969,0.0016113,0.0016359,0.0016334,0.0016317,0.0016319,0.0016282,0.0016146,0.0016164,innovation-rhodium18b,high,IN,missing,hydro_base,missing,missing,missing,missing,missing,missing,missing,missing,EJ
1202,0.0,0.0,0.00130593039,0.00118000195,0.0004905120390000001,0.0005330853860000001,0.000482384552,0.000338567767,0.000232017781,innovation-rhodium18b,high,IN,missing,refined liquids_peak_steam/CT,missing,missing,missing,missing,missing,missing,missing,missing,EJ
1203,0.0028752847,0.00110459537,0.00184712747,0.00154057299,0.00070233921,0.0007392175,0.000651505217,0.000461355773,0.000316778898,innovation-rhodium18b,high,IN,missing,refined liquids_subpeak_steam/CT,missing,missing,missing,missing,missing,missing,missing,missing,EJ
1204,0.0,0.0,0.000134743,0.000908152,0.00558538,0.00806447,0.0101166,0.00739623,0.00894635,innovation-rhodium18b,high,IN,missing,rooftop_pv,missing,missing,missing,missing,missing,missing,missing,missing,EJ
1205,0.0,0.0,0.02580856,0.03636416,0.11643676,0.14008216,0.15883766,0.1898885,0.2035542,innovation-rhodium18b,high,IN,missing,wind_base,missing,missing,missing,missing,missing,missing,missing,missing,EJ
1206,0.0,0.0,0.0,0.000582499,0.014459999,0.019402439,0.022301669,0.023071709,0.0230329339999999,innovation-rhodium18b,high,IN,missing,wind_base_offshore,missing,missing,missing,missing,missing,missing,missing,missing,EJ
1207,0.0,0.0,0.000321375,0.000501554,0.002478524,0.003108219,0.003609503,0.0047143129999999,0.005086566,innovation-rhodium18b,high,IN,missing,wind_base_storage,missing,missing,missing,missing,missing,missing,missing,missing,EJ
1208,0.0,0.0,0.00411476,0.00411476,0.00411476,0.00411476,0.00411476,0.0,0.0,innovation-rhodium18b,high,IN,missing,wind_int,missing,missing,missing,missing,missing,missing,missing,missing,EJ
1209,0.0,0.0,0.00246892,0.00246892,0.00246892,0.00246892,0.00246892,0.0,0.0,innovation-rhodium18b,high,IN,missing,wind_subpeak,missing,missing,missing,missing,missing,missing,missing,missing,EJ
1210,0.0,0.0,6.76566e-06,1.571826e-05,0.00010583536,0.00016712776,0.00019265936,0.00024296056,0.0002587509,innovation-rhodium18b,high,IA,missing,PV_base_storage,missing,missing,missing,missing,missing,missing,missing,missing,EJ
1211,0.0,0.0,0.00200211,0.00466064,0.01719954,0.0216718399999999,0.02469784,0.03415886,0.03813922,innovation-rhodium18b,high,IA,missing,PV_int,missing,missing,missing,missing,missing,missing,missing,missing,EJ
1212,0.0,0.0,0.00016205,0.00029078700000000003,0.000510359,0.0005992258,0.0007282338000000001,0.0008676858,0.0010104288,innovation-rhodium18b,high,IA,missing,PV_peak,missing,missing,missing,missing,missing,missing,missing,missing,EJ
1213,0.0,0.0,7.98457e-05,0.0003656547,0.0006562906999999999,0.0008668376999999999,0.0012432736999999,0.0044408137,0.005139404,innovation-rhodium18b,high,IA,missing,PV_subpeak,missing,missing,missing,missing,missing,missing,missing,missing,EJ
1214,0.0,0.0,3.90462e-05,0.0001065558472,0.0005623057859999999,0.00042597744,0.000199591925,0.00032422859,0.000146555888,innovation-rhodium18b,high,IA,missing,biogas_base_CC,missing,missing,missing,missing,missing,missing,missing,missing,EJ
1215,0.0,0.0,0.0,0.0,0.000493334,0.0004324578,0.0002271606,0.00046787597,0.00023830086,innovation-rhodium18b,high,IA,missing,biogas_base_CC_CCS,missing,missing,missing,missing,missing,missing,missing,missing,EJ
1216,0.0,0.0,0.000108363,0.00016171383,0.0005759607000000001,0.0004171315,0.0004011321,0.0014541856,0.0014432991,innovation-rhodium18b,high,IA,missing,biogas_int_CC,missing,missing,missing,missing,missing,missing,missing,missing,EJ
1217,0.0,0.0,0.0,0.0,0.00030532,0.0002578113,0.0002794234,0.0012069864,0.001531418,innovation-rhodium18b,high,IA,missing,biogas_int_CC_CCS,missing,missing,missing,missing,missing,missing,missing,missing,EJ
1218,0.0,0.0,2.19394e-07,2.0275637e-07,3.889015e-07,2.923262e-07,4.506531e-07,9.574191000000002e-07,1.8080605e-06,innovation-rhodium18b,high,IA,missing,biogas_peak_CC,missing,missing,missing,missing,missing,missing,missing,missing,EJ
1219,0.0,0.0,0.0,0.0,5.92111e-08,4.62587e-08,7.776594e-08,2.020641e-07,4.110934e-07,innovation-rhodium18b,high,IA,missing,biogas_peak_CC_CCS,missing,missing,missing,missing,missing,missing,missing,missing,EJ
1220,0.0,0.0,2.052298e-07,1.75201474e-07,3.19515039e-07,1.8816026500000002e-07,2.96034545e-07,5.414740940000001e-07,1.1392582580000002e-06,innovation-rhodium18b,high,IA,missing,biogas_peak_steam/CT,missing,missing,missing,missing,missing,missing,missing,missing,EJ
1221,0.0,0.0,5.00519e-07,2.0213572e-06,2.261758e-06,2.6860531e-06,5.083688100000001e-06,6.0796082e-05,3.7113886e-05,innovation-rhodium18b,high,IA,missing,biogas_subpeak_CC,missing,missing,missing,missing,missing,missing,missing,missing,EJ
1222,0.0,0.0,0.0,0.0,5.15672e-07,6.59555e-07,1.3744739999999998e-06,1.8607943e-05,1.8228299e-05,innovation-rhodium18b,high,IA,missing,biogas_subpeak_CC_CCS,missing,missing,missing,missing,missing,missing,missing,missing,EJ
1223,0.0,0.0,3.407228e-07,1.320604227e-06,1.366567683e-06,1.4218194240000002e-06,2.7479978020000005e-06,3.642930398e-05,1.1012189759999998e-05,innovation-rhodium18b,high,IA,missing,biogas_subpeak_steam/CT,missing,missing,missing,missing,missing,missing,missing,missing,EJ
1224,0.0,0.0,9.42303e-06,2.2303140000000003e-05,0.00012110461,0.00020522243,0.00022391426,0.000242024855,0.000179061122,innovation-rhodium18b,high,IA,missing,biomass_base_IGCC,missing,missing,missing,missing,missing,missing,missing,missing,EJ
1225,0.0,0.0,0.0,0.0,0.000217421,0.00051369,0.0006633595,0.0022250899,0.0030673129999999,innovation-rhodium18b,high,IA,missing,biomass_base_IGCC_CCS,missing,missing,missing,missing,missing,missing,missing,missing,EJ
1226,2.27007e-05,0.0001394015,3.66562e-05,4.719063e-05,0.0002428864,0.0003455305,0.0003089255,0.00027271303,0.000163509664,innovation-rhodium18b,high,IA,missing,biomass_base_conv,missing,missing,missing,missing,missing,missing,missing,missing,EJ
1227,0.0,0.0,0.0,0.0,0.000508075,0.001337651,0.001718817,0.011960455,0.01695588,innovation-rhodium18b,high,IA,missing,biomass_base_conv_CCS,missing,missing,missing,missing,missing,missing,missing,missing,EJ
1228,0.0,0.0,3.3909e-06,7.12059e-06,2.019655e-05,2.8446020000000003e-05,3.574116e-05,8.384881e-05,0.00011795880999999996,innovation-rhodium18b,high,IA,missing,biomass_int_IGCC,missing,missing,missing,missing,missing,missing,missing,missing,EJ
1229,0.0,0.0,0.0,0.0,1.007636e-05,1.755901e-05,2.47238e-05,8.925125e-05,0.00014079639,innovation-rhodium18b,high,IA,missing,biomass_int_IGCC_CCS,missing,missing,missing,missing,missing,missing,missing,missing,EJ
1230,2.27006e-05,0.00013940129999999998,0.00012026266,0.00011543725,0.00017875959999999995,0.00018973952000000003,0.00017513856,0.00025876037,0.00028984910000000004,innovation-rhodium18b,high,IA,missing,biomass_int_conv,missing,missing,missing,missing,missing,missing,missing,missing,EJ
1231,0.0,0.0,0.0,0.0,2.04033e-05,3.6033300000000006e-05,5.03992e-05,0.0002013552,0.0003180559,innovation-rhodium18b,high,IA,missing,biomass_int_conv_CCS,missing,missing,missing,missing,missing,missing,missing,missing,EJ
1232,0.0,0.0,0.0,0.0,0.0014611379999999,0.00250636,0.003011889,0.003803488,0.0041960509999999,innovation-rhodium18b,high,IA,missing,coal_base_IGCC_CCS,missing,missing,missing,missing,missing,missing,missing,missing,EJ
1233,0.0521515,0.0739178,0.0,0.0,0.0,0.0,0.0,0.0,0.0,innovation-rhodium18b,high,IA,missing,coal_base_conv pul,missing,missing,missing,missing,missing,missing,missing,missing,EJ
1234,0.0,0.0,0.0001003314,7.77981e-05,0.0,0.0,0.0,0.0,0.0,innovation-rhodium18b,high,IA,missing,coal_base_conv pul 1956-1960,missing,missing,missing,missing,missing,missing,missing,missing,EJ
1235,0.0,0.0,0.00244396,0.0017711089999999,0.0,0.0,0.0,0.0,0.0,innovation-rhodium18b,high,IA,missing,coal_base_conv pul 1966-1970,missing,missing,missing,missing,missing,missing,missing,missing,EJ
1236,0.0,0.0,0.00476249,0.00476023,0.000818157,0.000552614,0.000481021,1.356044e-05,6.34605e-06,innovation-rhodium18b,high,IA,missing,coal_base_conv pul 1971-1975,missing,missing,missing,missing,missing,missing,missing,missing,EJ
1237,0.0,0.0,0.0169552499999999,0.01695155,0.00291684,0.0019801619999999,0.001761977,5.41343e-05,3.21226e-05,innovation-rhodium18b,high,IA,missing,coal_base_conv pul 1976-1980,missing,missing,missing,missing,missing,missing,missing,missing,EJ
1238,0.0,0.0,0.01913612,0.01913388,0.00329389,0.002240772,0.0020122459999999,6.42676e-05,4.37594e-05,innovation-rhodium18b,high,IA,missing,coal_base_conv pul 1981-1985,missing,missing,missing,missing,missing,missing,missing,missing,EJ
1239,0.0,0.0,0.000738197,0.000738153,0.0001271039,8.65623e-05,7.81188e-05,2.54961e-06,1.897097e-06,innovation-rhodium18b,high,IA,missing,coal_base_conv pul 1986-1990,missing,missing,missing,missing,missing,missing,missing,missing,EJ
1240,0.0,0.0,0.0002302663,0.0002302558,3.96505e-05,2.70106e-05,2.4405e-05,8.00755e-07,6.0987e-07,innovation-rhodium18b,high,IA,missing,coal_base_conv pul 1991-1995,missing,missing,missing,missing,missing,missing,missing,missing,EJ
1241,0.0,0.0,0.000844923,0.000844883,0.0001454906,9.91107e-05,8.954960000000001e-05,2.93823e-06,2.2378120000000003e-06,innovation-rhodium18b,high,IA,missing,coal_base_conv pul 1996-2000,missing,missing,missing,missing,missing,missing,missing,missing,EJ
1242,0.0,0.0,4.63895e-05,4.63875e-05,7.98809e-06,5.4418900000000005e-06,4.918e-06,1.6152469999999998e-07,1.235627e-07,innovation-rhodium18b,high,IA,missing,coal_base_conv pul 2001-2005,missing,missing,missing,missing,missing,missing,missing,missing,EJ
1243,0.0,0.0,0.01351001,0.01350941,0.002326369,0.001584845,0.001432282,4.70428e-05,3.59918e-05,innovation-rhodium18b,high,IA,missing,coal_base_conv pul 2006-2010,missing,missing,missing,missing,missing,missing,missing,missing,EJ
1244,0.0,0.0,5.41117e-06,3.30913e-06,0.0,0.0,0.0,0.0,0.0,innovation-rhodium18b,high,IA,missing,coal_base_conv pul before 1950,missing,missing,missing,missing,missing,missing,missing,missing,EJ
1245,0.0,0.0,0.0,0.0,0.001624983,0.0027336789999999,0.003256701,0.003976916,0.004335015,innovation-rhodium18b,high,IA,missing,coal_base_conv pul_CCS,missing,missing,missing,missing,missing,missing,missing,missing,EJ
1246,0.001761658,0.0024969099999999,0.0,0.0,0.0,0.0,0.0,0.0,0.0,innovation-rhodium18b,high,IA,missing,coal_base_conv pul_retire_2020,missing,missing,missing,missing,missing,missing,missing,missing,EJ
1247,0.0,0.0,0.0,0.0,0.00016040409999999998,0.0002428923,0.00030974370000000004,0.0006554061999999999,0.000889748,innovation-rhodium18b,high,IA,missing,coal_int_IGCC_CCS,missing,missing,missing,missing,missing,missing,missing,missing,EJ
1248,0.0429453999999999,0.0565715,0.0,0.0,0.0,0.0,0.0,0.0,0.0,innovation-rhodium18b,high,IA,missing,coal_int_conv pul,missing,missing,missing,missing,missing,missing,missing,missing,EJ
1249,0.0,0.0,7.72468e-05,5.99006e-05,0.0,0.0,0.0,0.0,0.0,innovation-rhodium18b,high,IA,missing,coal_int_conv pul 1956-1960,missing,missing,missing,missing,missing,missing,missing,missing,EJ
1250,0.0,0.0,0.001881645,0.001363664,0.0,0.0,0.0,0.0,0.0,innovation-rhodium18b,high,IA,missing,coal_int_conv pul 1966-1970,missing,missing,missing,missing,missing,missing,missing,missing,EJ
1251,0.0,0.0,0.00366671,0.00366513,0.001956098,0.001654229,0.00169485,0.00078936,0.000429892,innovation-rhodium18b,high,IA,missing,coal_int_conv pul 1971-1975,missing,missing,missing,missing,missing,missing,missing,missing,EJ
1252,0.0,0.0,0.0130541199999999,0.01305182,0.00697377,0.00592754,0.00620823,0.00315118,0.0021760349999999,innovation-rhodium18b,high,IA,missing,coal_int_conv pul 1976-1980,missing,missing,missing,missing,missing,missing,missing,missing,EJ
1253,0.0,0.0,0.01473321,0.01473214,0.00787524,0.00670767,0.00709004,0.00374105,0.00296433,innovation-rhodium18b,high,IA,missing,coal_int_conv pul 1981-1985,missing,missing,missing,missing,missing,missing,missing,missing,EJ
1254,0.0,0.0,0.00056835,0.0005683400000000001,0.000303888,0.000259121,0.000275247,0.0001484141,0.0001285128,innovation-rhodium18b,high,IA,missing,coal_int_conv pul 1986-1990,missing,missing,missing,missing,missing,missing,missing,missing,EJ
1255,0.0,0.0,0.00017728539999999998,0.0001772852,9.47989e-05,8.085509999999999e-05,8.59893e-05,4.66124e-05,4.13136e-05,innovation-rhodium18b,high,IA,missing,coal_int_conv pul 1991-1995,missing,missing,missing,missing,missing,missing,missing,missing,EJ
1256,0.0,0.0,0.000650519,0.000650517,0.000347848,0.000296684,0.00031552200000000005,0.0001710359,0.000151593,innovation-rhodium18b,high,IA,missing,coal_int_conv pul 1996-2000,missing,missing,missing,missing,missing,missing,missing,missing,EJ
1257,0.0,0.0,3.57161e-05,3.57159e-05,1.909849e-05,1.6290100000000002e-05,1.732829e-05,9.40244e-06,8.37035e-06,innovation-rhodium18b,high,IA,missing,coal_int_conv pul 2001-2005,missing,missing,missing,missing,missing,missing,missing,missing,EJ
1258,0.0,0.0,0.01040157,0.01040156,0.00556203,0.00474417,0.00504656,0.00273838,0.00243814,innovation-rhodium18b,high,IA,missing,coal_int_conv pul 2006-2010,missing,missing,missing,missing,missing,missing,missing,missing,EJ
1259,0.0,0.0,4.16614e-06,2.5478600000000004e-06,0.0,0.0,0.0,0.0,0.0,innovation-rhodium18b,high,IA,missing,coal_int_conv pul before 1950,missing,missing,missing,missing,missing,missing,missing,missing,EJ
1260,0.0,0.0,0.0,0.0,0.0001883129,0.0002797451,0.0003507719,0.0007006788,0.000931039,innovation-rhodium18b,high,IA,missing,coal_int_conv pul_CCS,missing,missing,missing,missing,missing,missing,missing,missing,EJ
1261,0.001450678,0.0019109609999999,0.0,0.0,0.0,0.0,0.0,0.0,0.0,innovation-rhodium18b,high,IA,missing,coal_int_conv pul_retire_2020,missing,missing,missing,missing,missing,missing,missing,missing,EJ
1262,0.0005160060000000001,0.0,0.0,0.0,0.0,0.0,0.0,0.0,0.0,innovation-rhodium18b,high,IA,missing,coal_peak_conv pul,missing,missing,missing,missing,missing,missing,missing,missing,EJ
1263,1.743045e-05,0.0,0.0,0.0,0.0,0.0,0.0,0.0,0.0,innovation-rhodium18b,high,IA,missing,coal_peak_conv pul_retire_2020,missing,missing,missing,missing,missing,missing,missing,missing,EJ
1264,0.00337604,0.0,0.0,0.0,0.0,0.0,0.0,0.0,0.0,innovation-rhodium18b,high,IA,missing,coal_subpeak_conv pul,missing,missing,missing,missing,missing,missing,missing,missing,EJ
1265,0.000114041,0.0,0.0,0.0,0.0,0.0,0.0,0.0,0.0,innovation-rhodium18b,high,IA,missing,coal_subpeak_conv pul_retire_2020,missing,missing,missing,missing,missing,missing,missing,missing,EJ
1266,0.000194606,0.00136821,0.002837527,0.007010921,0.011516039,0.013366652,0.013480801,0.0048099653999999,0.0034385997,innovation-rhodium18b,high,IA,missing,gas_base_CC,missing,missing,missing,missing,missing,missing,missing,missing,EJ
1267,0.0,0.0,0.0,0.0,0.00593925,0.00987673,0.01157883,0.01369422,0.01444206,innovation-rhodium18b,high,IA,missing,gas_base_CC_CCS,missing,missing,missing,missing,missing,missing,missing,missing,EJ
1268,5.33014e-05,0.000374803,0.0069348299999999,0.00968394,0.01284501,0.01390047,0.0146267599999999,0.01858249,0.020613893,innovation-rhodium18b,high,IA,missing,gas_int_CC,missing,missing,missing,missing,missing,missing,missing,missing,EJ
1269,0.0,0.0,0.0,0.0,0.00175682,0.002604612,0.003265159,0.0065899719999999,0.008737327,innovation-rhodium18b,high,IA,missing,gas_int_CC_CCS,missing,missing,missing,missing,missing,missing,missing,missing,EJ
1270,9.60066e-05,0.000869425,0.00036696972,0.00033661081,0.00027095109,0.00022708523,0.000181535563,0.000138350136,0.000103868562,innovation-rhodium18b,high,IA,missing,gas_peak_CC,missing,missing,missing,missing,missing,missing,missing,missing,EJ
1271,0.0,0.0,0.0,0.0,1.84467e-07,2.880840000000001e-07,4.61168e-07,7.76869e-07,1.490581e-06,innovation-rhodium18b,high,IA,missing,gas_peak_CC_CCS,missing,missing,missing,missing,missing,missing,missing,missing,EJ
1272,7.11049e-05,0.000305809,0.000185662,0.000164712,6.62666e-05,5.59891e-05,4.53975e-05,3.36103e-05,2.09324e-05,innovation-rhodium18b,high,IA,missing,gas_peak_steam/CT,missing,missing,missing,missing,missing,missing,missing,missing,EJ
1273,0.000504312,0.00456686,0.0005119721,0.0005572331,0.00048260449999999993,0.0004387729,0.0004075857,0.0006569235,0.0006630948000000001,innovation-rhodium18b,high,IA,missing,gas_subpeak_CC,missing,missing,missing,missing,missing,missing,missing,missing,EJ
1274,0.0,0.0,0.0,0.0,2.11759e-06,4.237710000000001e-06,8.57382e-06,6.906861e-05,8.416875e-05,innovation-rhodium18b,high,IA,missing,gas_subpeak_CC_CCS,missing,missing,missing,missing,missing,missing,missing,missing,EJ
1275,0.000373609,0.00160632,0.000229729,0.000207016,8.74999e-05,7.20769e-05,5.81846e-05,4.53556e-05,2.86002e-05,innovation-rhodium18b,high,IA,missing,gas_subpeak_steam/CT,missing,missing,missing,missing,missing,missing,missing,missing,EJ
1276,0.0029699,0.0035277,0.00412,0.0041137,0.0041092,0.0041098,0.0041006,0.0040662,0.0040707,innovation-rhodium18b,high,IA,missing,hydro_base,missing,missing,missing,missing,missing,missing,missing,missing,EJ
1277,0.0114923,0.0169386,0.0196596,0.0196595,0.0196597,0.0,0.0,0.0,0.0,innovation-rhodium18b,high,IA,missing,nuc_base_Gen II,missing,missing,missing,missing,missing,missing,missing,missing,EJ
1278,0.0,0.0,0.0,0.0,0.00729684,0.01227916,0.01437366,0.01853776,0.02042142,innovation-rhodium18b,high,IA,missing,nuc_base_Gen III,missing,missing,missing,missing,missing,missing,missing,missing,EJ
1279,0.0,0.0,6.815645000000001e-05,5.576462e-05,1.825909e-05,1.979759e-05,1.6818789999999998e-05,1.587037e-05,1.079152e-05,innovation-rhodium18b,high,IA,missing,refined liquids_peak_steam/CT,missing,missing,missing,missing,missing,missing,missing,missing,EJ
1280,0.00025130570000000003,0.0007680089999999999,7.468916e-05,6.553295000000001e-05,2.022178e-05,2.105502e-05,1.7778969999999998e-05,1.752611e-05,1.197479e-05,innovation-rhodium18b,high,IA,missing,refined liquids_subpeak_steam/CT,missing,missing,missing,missing,missing,missing,missing,missing,EJ
1281,0.0,0.0,5.93035e-05,0.000392825,0.00213473,0.00308438,0.0037596,0.00283451,0.00350569,innovation-rhodium18b,high,IA,missing,rooftop_pv,missing,missing,missing,missing,missing,missing,missing,missing,EJ
1282,0.0,0.00357194,0.0419377,0.04784716,0.07679506,0.09305086,0.10044116,0.08505306,0.0935118599999999,innovation-rhodium18b,high,IA,missing,wind_base,missing,missing,missing,missing,missing,missing,missing,missing,EJ
1283,0.0,0.0,6.88297e-05,0.0001949027,0.0012303727,0.0019215387,0.0022131087,0.0028195937,0.003024641,innovation-rhodium18b,high,IA,missing,wind_base_storage,missing,missing,missing,missing,missing,missing,missing,missing,EJ
1284,0.0,0.00148831,0.0162889,0.0162889,0.0162889,0.0162889,0.0162889,0.0,0.0,innovation-rhodium18b,high,IA,missing,wind_int,missing,missing,missing,missing,missing,missing,missing,missing,EJ
1285,0.0,0.000893011,0.00977339,0.00977339,0.00977339,0.00977339,0.00977339,0.0,0.0,innovation-rhodium18b,high,IA,missing,wind_subpeak,missing,missing,missing,missing,missing,missing,missing,missing,EJ
1286,0.0,0.0,0.0,2.8365e-05,0.0007754540000000001,0.001010065,0.001151914,0.001628945,0.0017859159999999,innovation-rhodium18b,high,KS,missing,CSP_base_storage,missing,missing,missing,missing,missing,missing,missing,missing,EJ
1287,0.0,0.0,0.0,1.885766e-05,0.00032076566,0.00052101166,0.0006920928600000001,0.00118231886,0.00151486486,innovation-rhodium18b,high,KS,missing,CSP_int,missing,missing,missing,missing,missing,missing,missing,missing,EJ
1288,0.0,0.0,0.0,1.114752e-06,6.151252e-06,8.269792e-06,1.0152924e-05,1.3797044e-05,1.8278664e-05,innovation-rhodium18b,high,KS,missing,CSP_peak,missing,missing,missing,missing,missing,missing,missing,missing,EJ
1289,0.0001636404,0.0001458618,0.000719388,0.000759034,0.000824484,0.00089004214,0.00094571554,0.00099685754,0.00115961114,innovation-rhodium18b,high,KS,missing,CSP_subpeak,missing,missing,missing,missing,missing,missing,missing,missing,EJ
1290,0.0,0.0,0.0,6.75236e-06,0.00019111836,0.00025042266,0.00028685726,0.00041068926,0.00045172366,innovation-rhodium18b,high,KS,missing,PV_base_storage,missing,missing,missing,missing,missing,missing,missing,missing,EJ
1291,0.0,0.0,0.0,0.000256134,0.0036681139999999,0.005425864,0.006650374,0.0090429539999999,0.010565584,innovation-rhodium18b,high,KS,missing,PV_int,missing,missing,missing,missing,missing,missing,missing,missing,EJ
1292,0.0,0.0,0.0,1.51411e-05,7.20607e-05,9.0657e-05,0.0001041355,0.0001219208,0.00014244070000000002,innovation-rhodium18b,high,KS,missing,PV_peak,missing,missing,missing,missing,missing,missing,missing,missing,EJ
1293,0.0,0.0,7.06249e-06,7.45171e-06,8.09426e-06,0.00013226455999999998,0.0005307465600000001,0.005046887,0.005792085,innovation-rhodium18b,high,KS,missing,PV_subpeak,missing,missing,missing,missing,missing,missing,missing,missing,EJ
1294,0.0,0.0,0.0,6.16114e-05,0.00088466594,0.00033172512,0.00021971962,0.000616324618,0.000207412908,innovation-rhodium18b,high,KS,missing,biogas_base_CC,missing,missing,missing,missing,missing,missing,missing,missing,EJ
1295,0.0,0.0,0.0,0.0,0.000785992,0.00035122040000000004,0.0002551409,0.00089073675,0.00034575266,innovation-rhodium18b,high,KS,missing,biogas_base_CC_CCS,missing,missing,missing,missing,missing,missing,missing,missing,EJ
1296,0.0,0.0,0.0,9.41037e-06,6.9474001e-05,5.1150884e-05,5.0578997e-05,0.00019147611,0.00018102088,innovation-rhodium18b,high,KS,missing,biogas_int_CC,missing,missing,missing,missing,missing,missing,missing,missing,EJ
1297,0.0,0.0,0.0,0.0,3.87606e-05,3.274901e-05,3.639049e-05,0.0001741101,0.00021907700000000003,innovation-rhodium18b,high,KS,missing,biogas_int_CC_CCS,missing,missing,missing,missing,missing,missing,missing,missing,EJ
1298,0.0,0.0,0.0,1.39673e-08,4.3851915e-08,1.9935744000000002e-08,1.9496033000000002e-08,5.547328e-08,7.299034e-08,innovation-rhodium18b,high,KS,missing,biogas_peak_CC,missing,missing,missing,missing,missing,missing,missing,missing,EJ
1299,0.0,0.0,0.0,0.0,7.09832e-09,3.393366e-09,3.5519689999999998e-09,1.2498561e-08,1.874097e-08,innovation-rhodium18b,high,KS,missing,biogas_peak_CC_CCS,missing,missing,missing,missing,missing,missing,missing,missing,EJ
1300,0.0,0.0,0.0,1.259459e-08,3.800751e-08,1.591971e-08,1.44457e-08,3.9405108e-08,4.9580827e-08,innovation-rhodium18b,high,KS,missing,biogas_peak_steam/CT,missing,missing,missing,missing,missing,missing,missing,missing,EJ
1301,0.0,0.0,0.0,0.0,0.0,5.35714e-07,2.1987751e-06,5.05306505e-05,1.77586848e-05,innovation-rhodium18b,high,KS,missing,biogas_subpeak_CC,missing,missing,missing,missing,missing,missing,missing,missing,EJ
1302,0.0,0.0,0.0,0.0,0.0,1.37305e-07,5.888693e-07,1.53530323e-05,1.07874535e-05,innovation-rhodium18b,high,KS,missing,biogas_subpeak_CC_CCS,missing,missing,missing,missing,missing,missing,missing,missing,EJ
1303,0.0,0.0,0.0,0.0,0.0,3.442595e-07,1.386036592e-06,3.166027192899999e-05,6.326784963000001e-06,innovation-rhodium18b,high,KS,missing,biogas_subpeak_steam/CT,missing,missing,missing,missing,missing,missing,missing,missing,EJ
1304,0.0,0.0,0.0,8.79721e-06,0.00014163510000000002,0.0001882358,0.00021144293,0.000368761981,0.000244184368,innovation-rhodium18b,high,KS,missing,biomass_base_IGCC,missing,missing,missing,missing,missing,missing,missing,missing,EJ
1305,0.0,0.0,0.0,0.0,0.000307939,0.000517046,0.0006771251,0.0037011656,0.0049247672,innovation-rhodium18b,high,KS,missing,biomass_base_IGCC_CCS,missing,missing,missing,missing,missing,missing,missing,missing,EJ
1306,0.0,0.0,7.17014e-06,1.943741e-05,0.0002431205,0.00027685278,0.00026913064,0.000438710936,0.000219974654,innovation-rhodium18b,high,KS,missing,biomass_base_conv,missing,missing,missing,missing,missing,missing,missing,missing,EJ
1307,0.0,0.0,0.0,0.0,0.000736533,0.001339699,0.001758596,0.023071042,0.030852892,innovation-rhodium18b,high,KS,missing,biomass_base_conv_CCS,missing,missing,missing,missing,missing,missing,missing,missing,EJ
1308,0.0,0.0,0.0,2.15635e-06,1.1978862e-05,1.7903921e-05,2.3127958e-05,4.7116476e-05,6.212700300000001e-05,innovation-rhodium18b,high,KS,missing,biomass_int_IGCC,missing,missing,missing,missing,missing,missing,missing,missing,EJ
1309,0.0,0.0,0.0,0.0,7.88355e-06,1.379985e-05,1.9189500000000003e-05,5.135919e-05,7.542420999999999e-05,innovation-rhodium18b,high,KS,missing,biomass_int_IGCC_CCS,missing,missing,missing,missing,missing,missing,missing,missing,EJ
1310,0.0,0.0,3.14867e-05,3.305357e-05,5.837417e-05,6.939118e-05,7.261198e-05,0.00012158432,0.00013644065,innovation-rhodium18b,high,KS,missing,biomass_int_conv,missing,missing,missing,missing,missing,missing,missing,missing,EJ
1311,0.0,0.0,0.0,0.0,1.60704e-05,2.85174e-05,3.9399e-05,0.0001153142,0.00017027710000000002,innovation-rhodium18b,high,KS,missing,biomass_int_conv_CCS,missing,missing,missing,missing,missing,missing,missing,missing,EJ
1312,0.0,0.0,0.0,0.0,0.0023382999999999,0.003128323,0.003698888,0.005330632,0.005901884,innovation-rhodium18b,high,KS,missing,coal_base_IGCC_CCS,missing,missing,missing,missing,missing,missing,missing,missing,EJ
1313,0.06238962,0.09389485,0.0,0.0,0.0,0.0,0.0,0.0,0.0,innovation-rhodium18b,high,KS,missing,coal_base_conv pul,missing,missing,missing,missing,missing,missing,missing,missing,EJ
1314,0.0,0.0,0.003003586,0.0029712,0.0005309964,0.0002084944,0.0,0.0,0.0,innovation-rhodium18b,high,KS,missing,coal_base_conv pul 1956-1960,missing,missing,missing,missing,missing,missing,missing,missing,EJ
1315,0.0,0.0,0.01735575,0.01751235,0.00340343,0.001805853,0.001485261,3.825461e-05,1.330815e-05,innovation-rhodium18b,high,KS,missing,coal_base_conv pul 1971-1975,missing,missing,missing,missing,missing,missing,missing,missing,EJ
1316,0.0,0.0,0.0416121599999999,0.04202459,0.00819947,0.004426888,0.0039168399999999,0.0001302078,7.846004e-05,innovation-rhodium18b,high,KS,missing,coal_base_conv pul 1976-1980,missing,missing,missing,missing,missing,missing,missing,missing,EJ
1317,0.0,0.0,0.01918236,0.01937478,0.003782319,0.002047063,0.001830905,6.372482e-05,4.532177e-05,innovation-rhodium18b,high,KS,missing,coal_base_conv pul 1981-1985,missing,missing,missing,missing,missing,missing,missing,missing,EJ
1318,0.0,0.0,0.0,0.0,0.00260873,0.0034471999999999,0.004039656,0.00557977,0.0061061979999999,innovation-rhodium18b,high,KS,missing,coal_base_conv pul_CCS,missing,missing,missing,missing,missing,missing,missing,missing,EJ
1319,0.0125516799999999,0.01889,0.0,0.0,0.0,0.0,0.0,0.0,0.0,innovation-rhodium18b,high,KS,missing,coal_base_conv pul_retire_2020,missing,missing,missing,missing,missing,missing,missing,missing,EJ
1320,0.0,0.0,0.0,0.0,2.030136e-05,3.41151e-05,4.739189e-05,0.00010180399,0.00014225005,innovation-rhodium18b,high,KS,missing,coal_int_IGCC_CCS,missing,missing,missing,missing,missing,missing,missing,missing,EJ
1321,0.01846831,0.02052129,0.0,0.0,0.0,0.0,0.0,0.0,0.0,innovation-rhodium18b,high,KS,missing,coal_int_conv pul,missing,missing,missing,missing,missing,missing,missing,missing,EJ
1322,0.0,0.0,5.077095e-05,5.294294e-05,1.223419e-05,6.784942e-06,0.0,0.0,0.0,innovation-rhodium18b,high,KS,missing,coal_int_conv pul 1956-1960,missing,missing,missing,missing,missing,missing,missing,missing,EJ
1323,0.0,0.0,0.0002933718,0.0003120469,7.841516000000001e-05,5.87668e-05,7.172717e-05,2.796384e-05,1.1889572e-05,innovation-rhodium18b,high,KS,missing,coal_int_conv pul 1971-1975,missing,missing,missing,missing,missing,missing,missing,missing,EJ
1324,0.0,0.0,0.0007033877,0.0007488248,0.0001889157,0.000144062,0.000189155,9.518098e-05,7.009671e-05,innovation-rhodium18b,high,KS,missing,coal_int_conv pul 1976-1980,missing,missing,missing,missing,missing,missing,missing,missing,EJ
1325,0.0,0.0,0.0003242481,0.0003452352,8.714478e-05,6.661668e-05,8.841929999999999e-05,4.658238e-05,4.049073e-05,innovation-rhodium18b,high,KS,missing,coal_int_conv pul 1981-1985,missing,missing,missing,missing,missing,missing,missing,missing,EJ
1326,0.0,0.0,0.0,0.0,2.3869e-05,3.919059e-05,5.331786e-05,0.00010844844,0.00014824111,innovation-rhodium18b,high,KS,missing,coal_int_conv pul_CCS,missing,missing,missing,missing,missing,missing,missing,missing,EJ
1327,0.003715489,0.004128526,0.0,0.0,0.0,0.0,0.0,0.0,0.0,innovation-rhodium18b,high,KS,missing,coal_int_conv pul_retire_2020,missing,missing,missing,missing,missing,missing,missing,missing,EJ
1328,9.201724e-05,0.0,0.0,0.0,0.0,0.0,0.0,0.0,0.0,innovation-rhodium18b,high,KS,missing,coal_peak_conv pul,missing,missing,missing,missing,missing,missing,missing,missing,EJ
1329,1.851224e-05,0.0,0.0,0.0,0.0,0.0,0.0,0.0,0.0,innovation-rhodium18b,high,KS,missing,coal_peak_conv pul_retire_2020,missing,missing,missing,missing,missing,missing,missing,missing,EJ
1330,0.001623238,0.0,0.0,0.0,0.0,0.0,0.0,0.0,0.0,innovation-rhodium18b,high,KS,missing,coal_subpeak_conv pul,missing,missing,missing,missing,missing,missing,missing,missing,EJ
1331,0.0003265666,0.0,0.0,0.0,0.0,0.0,0.0,0.0,0.0,innovation-rhodium18b,high,KS,missing,coal_subpeak_conv pul_retire_2020,missing,missing,missing,missing,missing,missing,missing,missing,EJ
1332,0.00017700487,0.00012719954,0.0,0.002396063,0.010789603,0.010947509,0.011404144,0.0058174055,0.0035968906999999,innovation-rhodium18b,high,KS,missing,gas_base_CC,missing,missing,missing,missing,missing,missing,missing,missing,EJ
1333,0.0,0.0,0.0,0.0,0.00882867,0.0114535,0.013239351,0.017965157,0.018836506,innovation-rhodium18b,high,KS,missing,gas_base_CC_CCS,missing,missing,missing,missing,missing,missing,missing,missing,EJ
1334,0.0071919889999999,0.0051710722,0.0054419729999999,0.0057032266,0.0041860501,0.0037502557999999,0.0036110522999999,0.0037255459999999,0.0035966452,innovation-rhodium18b,high,KS,missing,gas_int_CC,missing,missing,missing,missing,missing,missing,missing,missing,EJ
1335,0.0,0.0,0.0,0.0,0.0002171428,0.0003542476,0.0004823437,0.0009945604,0.0013560971,innovation-rhodium18b,high,KS,missing,gas_int_CC_CCS,missing,missing,missing,missing,missing,missing,missing,missing,EJ
1336,9.575226e-05,8.872443999999999e-05,6.844445e-05,6.358777516e-05,3.914070506e-05,3.1040470820000006e-05,2.650007704e-05,2.016397673e-05,1.397357302e-05,innovation-rhodium18b,high,KS,missing,gas_peak_CC,missing,missing,missing,missing,missing,missing,missing,missing,EJ
1337,0.0,0.0,0.0,0.0,1.268505e-08,1.7585587e-08,2.2678641e-08,3.733229899999999e-08,5.6085864e-08,innovation-rhodium18b,high,KS,missing,gas_peak_CC_CCS,missing,missing,missing,missing,missing,missing,missing,missing,EJ
1338,7.09905e-05,3.11922e-05,3.35827e-05,2.9102059100000003e-05,4.5408548e-06,3.35146457e-06,3.35929653e-06,2.81578142e-06,1.93430717e-06,innovation-rhodium18b,high,KS,missing,gas_peak_steam/CT,missing,missing,missing,missing,missing,missing,missing,missing,EJ
1339,0.00046296531,0.00042867308,4.126255400000001e-05,3.9568127000000005e-05,2.8059098e-05,2.5929858e-05,2.9982836e-05,0.000179969056,0.00018325654,innovation-rhodium18b,high,KS,missing,gas_subpeak_CC,missing,missing,missing,missing,missing,missing,missing,missing,EJ
1340,0.0,0.0,0.0,0.0,0.0,3.168753e-07,1.6500271e-06,3.37576375e-05,3.95987731e-05,innovation-rhodium18b,high,KS,missing,gas_subpeak_CC_CCS,missing,missing,missing,missing,missing,missing,missing,missing,EJ
1341,0.000342956,0.000150813,2.03647e-05,1.86628e-05,3.63456e-06,4.11273e-06,8.065946e-06,9.1235216e-05,5.1724567000000006e-05,innovation-rhodium18b,high,KS,missing,gas_subpeak_steam/CT,missing,missing,missing,missing,missing,missing,missing,missing,EJ
1342,4.5e-05,4.15e-05,8.06807e-05,8.14e-05,8.13e-05,8.13e-05,8.11e-05,8.04e-05,8.05e-05,innovation-rhodium18b,high,KS,missing,hydro_base,missing,missing,missing,missing,missing,missing,missing,missing,EJ
1343,0.0299991,0.0325891,0.0320317,0.0323568,0.0323573,0.0323573,0.0323573,0.0,0.0,innovation-rhodium18b,high,KS,missing,nuc_base_Gen II,missing,missing,missing,missing,missing,missing,missing,missing,EJ
1344,0.0,0.0,0.0,0.0,0.0113277,0.01499431,0.01726938,0.0250728,0.0276798199999999,innovation-rhodium18b,high,KS,missing,nuc_base_Gen III,missing,missing,missing,missing,missing,missing,missing,missing,EJ
1345,0.0003119801,0.004280034,5.8327830000000005e-06,4.18517e-06,4.419704e-06,3.252138e-06,2.221441e-06,2.011305e-07,1.2543900000000004e-07,innovation-rhodium18b,high,KS,missing,refined liquids_base_steam/CT,missing,missing,missing,missing,missing,missing,missing,missing,EJ
1346,0.0,0.0,8.60968e-05,7.608960000000001e-05,2.342932e-05,2.356682e-05,2.383457e-05,2.419932e-05,1.769989e-05,innovation-rhodium18b,high,KS,missing,refined liquids_int_steam/CT,missing,missing,missing,missing,missing,missing,missing,missing,EJ
1347,0.0003120053,0.004281578,0.0,0.0,0.0,0.0,0.0,0.0,0.0,innovation-rhodium18b,high,KS,missing,refined liquids_subpeak_steam/CT,missing,missing,missing,missing,missing,missing,missing,missing,EJ
1348,0.0,0.0,0.000254168,0.00186343,0.00518039,0.00524939,0.00582184,0.00458598,0.00544164,innovation-rhodium18b,high,KS,missing,rooftop_pv,missing,missing,missing,missing,missing,missing,missing,missing,EJ
1349,0.0,0.000914154,0.0238186,0.0268626199999999,0.06338982,0.07523602,0.08315715,0.10076915,0.11484225,innovation-rhodium18b,high,KS,missing,wind_base,missing,missing,missing,missing,missing,missing,missing,missing,EJ
1350,0.0,0.0,0.0,6.54428e-05,0.0016474428,0.0021604828,0.0024803958,0.0036246258,0.0040053228,innovation-rhodium18b,high,KS,missing,wind_base_storage,missing,missing,missing,missing,missing,missing,missing,missing,EJ
1351,0.0,0.00038104,0.00941526,0.0100253,0.0100253,0.0100253,0.0100253,0.0,0.0,innovation-rhodium18b,high,KS,missing,wind_int,missing,missing,missing,missing,missing,missing,missing,missing,EJ
1352,0.0,0.000228646,0.00493996,0.00521221,0.00566165,0.00601509,0.00601509,0.0,0.0,innovation-rhodium18b,high,KS,missing,wind_subpeak,missing,missing,missing,missing,missing,missing,missing,missing,EJ
1353,0.0,0.0,5.75395e-05,7.73074e-05,0.0003263634,0.0004091578,0.0004725002,0.0006028422,0.0006247039,innovation-rhodium18b,high,KY,missing,PV_base_storage,missing,missing,missing,missing,missing,missing,missing,missing,EJ
1354,0.0,0.0,0.0109802,0.01769516,0.04944146,0.0651378599999999,0.07681816,0.10689296,0.12060016,innovation-rhodium18b,high,KY,missing,PV_int,missing,missing,missing,missing,missing,missing,missing,missing,EJ
1355,0.0,0.0,0.0011141,0.001391003,0.002245442,0.002378878,0.002668962,0.003229474,0.003778914,innovation-rhodium18b,high,KY,missing,PV_peak,missing,missing,missing,missing,missing,missing,missing,missing,EJ
1356,0.0,0.0,0.00179585,0.00330173,0.00623163,0.0078954,0.0098932,0.01422217,0.01687257,innovation-rhodium18b,high,KY,missing,PV_subpeak,missing,missing,missing,missing,missing,missing,missing,missing,EJ
1357,0.0,0.0,0.000317691,0.00022581551,0.00149237777,0.00059403111,0.00048637388,0.00080633481,0.00048888617,innovation-rhodium18b,high,KY,missing,biogas_base_CC,missing,missing,missing,missing,missing,missing,missing,missing,EJ
1358,0.0,0.0,0.0,0.0,0.00131836,0.0006187895,0.0005515494000000001,0.0011735892,0.0007862190999999999,innovation-rhodium18b,high,KY,missing,biogas_base_CC_CCS,missing,missing,missing,missing,missing,missing,missing,missing,EJ
1359,0.0,0.0,0.000578737,0.0004185403,0.0014724824,0.0014692894,0.001657277,0.004110205,0.004685342,innovation-rhodium18b,high,KY,missing,biogas_int_CC,missing,missing,missing,missing,missing,missing,missing,missing,EJ
1360,0.0,0.0,0.0,0.0,0.000745595,0.000854123,0.001085668,0.003366057,0.004710482,innovation-rhodium18b,high,KY,missing,biogas_int_CC_CCS,missing,missing,missing,missing,missing,missing,missing,missing,EJ
1361,0.0,0.0,1.50237e-06,4.874239e-07,1.5292745e-06,7.636793000000001e-07,1.358611e-06,3.1084472e-06,7.5762989e-06,innovation-rhodium18b,high,KY,missing,biogas_peak_CC,missing,missing,missing,missing,missing,missing,missing,missing,EJ
1362,0.0,0.0,0.0,0.0,2.26174e-07,1.081706e-07,2.131184e-07,6.082135e-07,1.6252632e-06,innovation-rhodium18b,high,KY,missing,biogas_peak_CC_CCS,missing,missing,missing,missing,missing,missing,missing,missing,EJ
1363,0.0,0.0,1.39776e-06,3.86262304e-07,1.2106507869999998e-06,3.01394995e-07,6.93445482e-07,1.78478583e-06,5.11228104e-06,innovation-rhodium18b,high,KY,missing,biogas_peak_steam/CT,missing,missing,missing,missing,missing,missing,missing,missing,EJ
1364,0.0,0.0,1.11192e-05,1.14425e-05,2.283846e-05,2.451926e-05,3.667159e-05,9.362626e-05,0.00012000227,innovation-rhodium18b,high,KY,missing,biogas_subpeak_CC,missing,missing,missing,missing,missing,missing,missing,missing,EJ
1365,0.0,0.0,0.0,0.0,5.07606e-06,5.87595e-06,9.80652e-06,3.01254e-05,4.649848e-05,innovation-rhodium18b,high,KY,missing,biogas_subpeak_CC_CCS,missing,missing,missing,missing,missing,missing,missing,missing,EJ
1366,0.0,0.0,7.52515e-06,7.0395105000000005e-06,1.32932088e-05,1.0757876500000002e-05,1.5118075900000005e-05,4.31154526e-05,4.6853175e-05,innovation-rhodium18b,high,KY,missing,biogas_subpeak_steam/CT,missing,missing,missing,missing,missing,missing,missing,missing,EJ
1367,0.0,0.0,5.11688e-05,5.67576e-05,0.000305917,0.0003988135,0.0004723182,0.00060154844,0.00053534862,innovation-rhodium18b,high,KY,missing,biomass_base_IGCC,missing,missing,missing,missing,missing,missing,missing,missing,EJ
1368,0.0,0.0,0.0,0.0,0.000548661,0.000936664,0.001306673,0.0056417199999999,0.0088808339999999,innovation-rhodium18b,high,KY,missing,biomass_base_IGCC_CCS,missing,missing,missing,missing,missing,missing,missing,missing,EJ
1369,0.0,0.0001105,0.0001223644,9.64426e-05,0.0005256980999999999,0.0006127106,0.0006481611,0.00068779121,0.00051546261,innovation-rhodium18b,high,KY,missing,biomass_base_conv,missing,missing,missing,missing,missing,missing,missing,missing,EJ
1370,0.0,0.0,0.0,0.0,0.00133623,0.00248223,0.003472391,0.035957847,0.0579023499999999,innovation-rhodium18b,high,KY,missing,biomass_base_conv_CCS,missing,missing,missing,missing,missing,missing,missing,missing,EJ
1371,0.0,0.0,1.538039e-05,2.364863e-05,5.484873e-05,8.143211e-05,0.00010955655999999998,0.00023435217,0.00035433597000000003,innovation-rhodium18b,high,KY,missing,biomass_int_IGCC,missing,missing,missing,missing,missing,missing,missing,missing,EJ
1372,0.0,0.0,0.0,0.0,2.40128e-05,4.8111e-05,7.52392e-05,0.0002477149,0.0004304458,innovation-rhodium18b,high,KY,missing,biomass_int_IGCC_CCS,missing,missing,missing,missing,missing,missing,missing,missing,EJ
1373,0.0,0.0001105,0.0001156073,0.00012525060000000002,0.0002229687,0.00027589570000000004,0.0003174302,0.000546993,0.0007445611,innovation-rhodium18b,high,KY,missing,biomass_int_conv,missing,missing,missing,missing,missing,missing,missing,missing,EJ
1374,0.0,0.0,0.0,0.0,4.92027e-05,0.0001001911,0.0001552737,0.0005653302,0.0009859953,innovation-rhodium18b,high,KY,missing,biomass_int_conv_CCS,missing,missing,missing,missing,missing,missing,missing,missing,EJ
1375,0.0,0.0,0.0,0.0,0.00383805,0.005173429,0.006374273,0.008382311,0.009745761,innovation-rhodium18b,high,KY,missing,coal_base_IGCC_CCS,missing,missing,missing,missing,missing,missing,missing,missing,EJ
1376,0.1304997,0.1729318,0.0,0.0,0.0,0.0,0.0,0.0,0.0,innovation-rhodium18b,high,KY,missing,coal_base_conv pul,missing,missing,missing,missing,missing,missing,missing,missing,EJ
1377,0.0,0.0,0.01638048,0.01499186,0.002190161,0.0,0.0,0.0,0.0,innovation-rhodium18b,high,KY,missing,coal_base_conv pul 1951-1955,missing,missing,missing,missing,missing,missing,missing,missing,EJ
1378,0.0,0.0,0.0,0.0,0.0,0.0,0.0,0.0,0.0,innovation-rhodium18b,high,KY,missing,coal_base_conv pul 1956-1960,missing,missing,missing,missing,missing,missing,missing,missing,EJ
1379,0.0,0.0,0.003090062,0.001889731,0.0,0.0,0.0,0.0,0.0,innovation-rhodium18b,high,KY,missing,coal_base_conv pul 1961-1965,missing,missing,missing,missing,missing,missing,missing,missing,EJ
1380,0.0,0.0,0.01059046,0.0086858,0.000969528,0.0,0.0,0.0,0.0,innovation-rhodium18b,high,KY,missing,coal_base_conv pul 1966-1970,missing,missing,missing,missing,missing,missing,missing,missing,EJ
1381,0.0,0.0,0.0264816999999999,0.02625501,0.0050975299999999,0.002596493,0.001563246,0.0,0.0,innovation-rhodium18b,high,KY,missing,coal_base_conv pul 1971-1975,missing,missing,missing,missing,missing,missing,missing,missing,EJ
1382,0.0,0.0,0.02350699,0.02350226,0.00473391,0.0027996229999999,0.002713633,8.75954e-05,4.85729e-05,innovation-rhodium18b,high,KY,missing,coal_base_conv pul 1976-1980,missing,missing,missing,missing,missing,missing,missing,missing,EJ
1383,0.0,0.0,0.0466687,0.0466642,0.00940365,0.00557285,0.00545144,0.0001829279,0.0001163953,innovation-rhodium18b,high,KY,missing,coal_base_conv pul 1981-1985,missing,missing,missing,missing,missing,missing,missing,missing,EJ
1384,0.0,0.0,0.00950032,0.0095,0.001914945,0.0011362669999999,0.001117732,3.843774e-05,2.706286e-05,innovation-rhodium18b,high,KY,missing,coal_base_conv pul 1986-1990,missing,missing,missing,missing,missing,missing,missing,missing,EJ
1385,0.0,0.0,0.00437497,0.00437485,0.0008818879999999999,0.000523373,0.00051523,1.777916e-05,1.270968e-05,innovation-rhodium18b,high,KY,missing,coal_base_conv pul 2001-2005,missing,missing,missing,missing,missing,missing,missing,missing,EJ
1386,0.0,0.0,0.00390736,0.00390726,0.000787629,0.000467434,0.000460168,1.587985e-05,1.135448e-05,innovation-rhodium18b,high,KY,missing,coal_base_conv pul 2006-2010,missing,missing,missing,missing,missing,missing,missing,missing,EJ
1387,0.0,0.0,0.01196709,0.01196677,0.002412279,0.0014316149999999,0.001409366,4.8635700000000006e-05,3.47765e-05,innovation-rhodium18b,high,KY,missing,coal_base_conv pul 2011-2015,missing,missing,missing,missing,missing,missing,missing,missing,EJ
1388,0.0,0.0,0.0,0.0,0.00423469,0.0056371619999999,0.00687376,0.008709258,0.009962933,innovation-rhodium18b,high,KY,missing,coal_base_conv pul_CCS,missing,missing,missing,missing,missing,missing,missing,missing,EJ
1389,0.02966946,0.0393165,0.0,0.0,0.0,0.0,0.0,0.0,0.0,innovation-rhodium18b,high,KY,missing,coal_base_conv pul_retire_2020,missing,missing,missing,missing,missing,missing,missing,missing,EJ
1390,0.0,0.0,0.0,0.0,0.000393236,0.000661251,0.000913445,0.0018222019999999,0.002634245,innovation-rhodium18b,high,KY,missing,coal_int_IGCC_CCS,missing,missing,missing,missing,missing,missing,missing,missing,EJ
1391,0.0784412999999999,0.1049729,0.0,0.0,0.0,0.0,0.0,0.0,0.0,innovation-rhodium18b,high,KY,missing,coal_int_conv pul,missing,missing,missing,missing,missing,missing,missing,missing,EJ
1392,0.0,0.0,0.00755546,0.00691511,0.0030767779999999,0.0,0.0,0.0,0.0,innovation-rhodium18b,high,KY,missing,coal_int_conv pul 1951-1955,missing,missing,missing,missing,missing,missing,missing,missing,EJ
1393,0.0,0.0,0.0,0.0,0.0,0.0,0.0,0.0,0.0,innovation-rhodium18b,high,KY,missing,coal_int_conv pul 1956-1960,missing,missing,missing,missing,missing,missing,missing,missing,EJ
1394,0.0,0.0,0.001425283,0.000871653,0.0,0.0,0.0,0.0,0.0,innovation-rhodium18b,high,KY,missing,coal_int_conv pul 1961-1965,missing,missing,missing,missing,missing,missing,missing,missing,EJ
1395,0.0,0.0,0.00488482,0.0040064,0.001362016,0.0,0.0,0.0,0.0,innovation-rhodium18b,high,KY,missing,coal_int_conv pul 1966-1970,missing,missing,missing,missing,missing,missing,missing,missing,EJ
1396,0.0,0.0,0.01221463,0.0121103599999999,0.00716111,0.0055812799999999,0.003695744,0.0,0.0,innovation-rhodium18b,high,KY,missing,coal_int_conv pul 1971-1975,missing,missing,missing,missing,missing,missing,missing,missing,EJ
1397,0.0,0.0,0.0108425,0.01084061,0.00665029,0.00601791,0.00641542,0.002825707,0.00196989,innovation-rhodium18b,high,KY,missing,coal_int_conv pul 1976-1980,missing,missing,missing,missing,missing,missing,missing,missing,EJ
1398,0.0,0.0,0.02152582,0.02152432,0.01321045,0.01197906,0.01288802,0.00590101,0.0047204499999999,innovation-rhodium18b,high,KY,missing,coal_int_conv pul 1981-1985,missing,missing,missing,missing,missing,missing,missing,missing,EJ
1399,0.0,0.0,0.004382,0.00438196,0.00269016,0.002442457,0.002642487,0.001239948,0.001097545,innovation-rhodium18b,high,KY,missing,coal_int_conv pul 1986-1990,missing,missing,missing,missing,missing,missing,missing,missing,EJ
1400,0.0,0.0,0.002017938,0.002017937,0.001238894,0.0011250119999999,0.001218082,0.00057353,0.000515445,innovation-rhodium18b,high,KY,missing,coal_int_conv pul 2001-2005,missing,missing,missing,missing,missing,missing,missing,missing,EJ
1401,0.0,0.0,0.001802253,0.001802253,0.001106479,0.001004771,0.001087905,0.000512263,0.000460485,innovation-rhodium18b,high,KY,missing,coal_int_conv pul 2006-2010,missing,missing,missing,missing,missing,missing,missing,missing,EJ
1402,0.0,0.0,0.00551978,0.00551978,0.003388822,0.003077323,0.003331939,0.001568917,0.001410376,innovation-rhodium18b,high,KY,missing,coal_int_conv pul 2011-2015,missing,missing,missing,missing,missing,missing,missing,missing,EJ
1403,0.0,0.0,0.0,0.0,0.00045993,0.0007561590000000001,0.001023366,0.001941295,0.002738171,innovation-rhodium18b,high,KY,missing,coal_int_conv pul_CCS,missing,missing,missing,missing,missing,missing,missing,missing,EJ
1404,0.01783381,0.02386586,0.0,0.0,0.0,0.0,0.0,0.0,0.0,innovation-rhodium18b,high,KY,missing,coal_int_conv pul_retire_2020,missing,missing,missing,missing,missing,missing,missing,missing,EJ
1405,0.000806077,0.0,0.0,0.0,0.0,0.0,0.0,0.0,0.0,innovation-rhodium18b,high,KY,missing,coal_peak_conv pul,missing,missing,missing,missing,missing,missing,missing,missing,EJ
1406,0.0001832635,0.0,0.0,0.0,0.0,0.0,0.0,0.0,0.0,innovation-rhodium18b,high,KY,missing,coal_peak_conv pul_retire_2020,missing,missing,missing,missing,missing,missing,missing,missing,EJ
1407,0.00559197,0.0,0.0,0.0,0.0,0.0,0.0,0.0,0.0,innovation-rhodium18b,high,KY,missing,coal_subpeak_conv pul,missing,missing,missing,missing,missing,missing,missing,missing,EJ
1408,0.001271348,0.0,0.0,0.0,0.0,0.0,0.0,0.0,0.0,innovation-rhodium18b,high,KY,missing,coal_subpeak_conv pul_retire_2020,missing,missing,missing,missing,missing,missing,missing,missing,EJ
1409,1.3400419e-05,0.0011363978,0.0164718562,0.0234127579,0.0340730492999999,0.033266455,0.0346404609999999,0.01226736823,0.0091766975339999,innovation-rhodium18b,high,KY,missing,gas_base_CC,missing,missing,missing,missing,missing,missing,missing,missing,EJ
1410,0.0,0.0,0.0,0.0,0.0148908099999999,0.0195115,0.0235122779999999,0.029119792,0.0322612,innovation-rhodium18b,high,KY,missing,gas_base_CC_CCS,missing,missing,missing,missing,missing,missing,missing,missing,EJ
1411,1.2900387999999998e-05,0.0010941971,0.025837702,0.031668086,0.038201496,0.041514224,0.044263,0.0526020851,0.0592879261999999,innovation-rhodium18b,high,KY,missing,gas_int_CC,missing,missing,missing,missing,missing,missing,missing,missing,EJ
1412,0.0,0.0,0.0,0.0,0.004072255,0.006688728,0.0090504029999999,0.017331945,0.024394211,innovation-rhodium18b,high,KY,missing,gas_int_CC_CCS,missing,missing,missing,missing,missing,missing,missing,missing,EJ
1413,6.200259e-06,0.0006778969,4.66174e-06,5.958604e-06,9.213485e-06,9.79186e-06,1.1786666999999998e-05,1.6033009e-05,2.9516858e-05,innovation-rhodium18b,high,KY,missing,gas_peak_CC,missing,missing,missing,missing,missing,missing,missing,missing,EJ
1414,0.0,0.0,0.0,0.0,3.7314e-07,4.489e-07,6.535122e-07,1.2190777e-06,2.986056e-06,innovation-rhodium18b,high,KY,missing,gas_peak_CC_CCS,missing,missing,missing,missing,missing,missing,missing,missing,EJ
1415,4.6001860000000005e-06,0.000238499,4.032396e-06,4.799416e-06,5.076345e-06,4.617504e-06,6.0786109e-06,7.5028359e-06,1.43156467e-05,innovation-rhodium18b,high,KY,missing,gas_peak_steam/CT,missing,missing,missing,missing,missing,missing,missing,missing,EJ
1416,2.9800932e-05,0.0032579983,0.0026737715999999,0.00254058662,0.0022249419199999,0.00196493226,0.00171097324,0.0015466385499999,0.00145711023,innovation-rhodium18b,high,KY,missing,gas_subpeak_CC,missing,missing,missing,missing,missing,missing,missing,missing,EJ
1417,0.0,0.0,0.0,0.0,1.226258e-05,2.151334e-05,3.494843e-05,7.597899000000001e-05,0.0001201771,innovation-rhodium18b,high,KY,missing,gas_subpeak_CC_CCS,missing,missing,missing,missing,missing,missing,missing,missing,EJ
1418,2.210073e-05,0.001145999,0.0014420969999999,0.0013644573999999,0.0008008974,0.0007451457000000001,0.00071236268,0.0006001308800000001,0.00055839692,innovation-rhodium18b,high,KY,missing,gas_subpeak_steam/CT,missing,missing,missing,missing,missing,missing,missing,missing,EJ
1419,0.0107254,0.0108872,0.0146036,0.0145812,0.0145653,0.0145674,0.0145348,0.0144129,0.0144289,innovation-rhodium18b,high,KY,missing,hydro_base,missing,missing,missing,missing,missing,missing,missing,missing,EJ
1420,0.0,0.0,0.0012403709999999,0.001120741,0.0004658543,0.0005063118,0.0004581658,0.0003215759,0.000220372,innovation-rhodium18b,high,KY,missing,refined liquids_peak_steam/CT,missing,missing,missing,missing,missing,missing,missing,missing,EJ
1421,0.0004321135,0.01571307,0.001754667,0.0014633649999999,0.0006670645,0.00070213,0.0006188316999999999,0.0004382243,0.00030089470000000003,innovation-rhodium18b,high,KY,missing,refined liquids_subpeak_steam/CT,missing,missing,missing,missing,missing,missing,missing,missing,EJ
1422,0.0,0.0,8.32801e-05,0.000607005,0.00409858,0.00596919,0.00751319,0.00533259,0.00644612,innovation-rhodium18b,high,KY,missing,rooftop_pv,missing,missing,missing,missing,missing,missing,missing,missing,EJ
1423,0.0,0.0,0.00564419,0.00993254,0.03592024,0.04350173,0.04922116,0.06063466,0.0630310499999999,innovation-rhodium18b,high,KY,missing,wind_base,missing,missing,missing,missing,missing,missing,missing,missing,EJ
1424,0.0,0.0,0.000133968,0.0002236024,0.0012456524,0.0015809874,0.0018376964,0.0023630464,0.0025554004,innovation-rhodium18b,high,KY,missing,wind_base_storage,missing,missing,missing,missing,missing,missing,missing,missing,EJ
1425,0.0,0.0,6.999e-05,9.13452e-05,0.0002648542,0.0003854702,0.0005092332,0.0006838952,0.000709645,innovation-rhodium18b,high,LA,missing,PV_base_storage,missing,missing,missing,missing,missing,missing,missing,missing,EJ
1426,0.0,0.0,0.00585587,0.01163944,0.03356204,0.04718414,0.0583294399999999,0.08235474,0.09490897,innovation-rhodium18b,high,LA,missing,PV_int,missing,missing,missing,missing,missing,missing,missing,missing,EJ
1427,0.0,0.0,0.000418364,0.000724667,0.00150736,0.001827003,0.002117391,0.002819367,0.003285809,innovation-rhodium18b,high,LA,missing,PV_peak,missing,missing,missing,missing,missing,missing,missing,missing,EJ
1428,0.0,0.0,0.00230674,0.00425624,0.00905226,0.0113072,0.01335961,0.01932878,0.0224966999999999,innovation-rhodium18b,high,LA,missing,PV_subpeak,missing,missing,missing,missing,missing,missing,missing,missing,EJ
1429,0.0,0.0,0.000272929,0.00017185149,0.00074350722,0.00059070754,0.00062764232,0.00077124257,0.00043083629,innovation-rhodium18b,high,LA,missing,biogas_base_CC,missing,missing,missing,missing,missing,missing,missing,missing,EJ
1430,0.0,0.0,0.0,0.0,0.000641766,0.0005967839,0.00069071,0.0011450994,0.0007431488,innovation-rhodium18b,high,LA,missing,biogas_base_CC_CCS,missing,missing,missing,missing,missing,missing,missing,missing,EJ
1431,0.0,0.0,0.000235167,0.00026484204,0.0006473046,0.000675415,0.0008656861,0.0019556377,0.0022054752,innovation-rhodium18b,high,LA,missing,biogas_int_CC,missing,missing,missing,missing,missing,missing,missing,missing,EJ
1432,0.0,0.0,0.0,0.0,0.000337396,0.000400261,0.0005743510000000001,0.001696836,0.002363609,innovation-rhodium18b,high,LA,missing,biogas_int_CC_CCS,missing,missing,missing,missing,missing,missing,missing,missing,EJ
1433,0.0,0.0,4.16576e-07,3.53396e-07,8.396948e-07,5.543659e-07,7.407092e-07,1.9392149000000003e-06,2.8729004e-06,innovation-rhodium18b,high,LA,missing,biogas_peak_CC,missing,missing,missing,missing,missing,missing,missing,missing,EJ
1434,0.0,0.0,0.0,0.0,1.31868e-07,9.112030000000001e-08,1.316008e-07,4.11935e-07,7.043763e-07,innovation-rhodium18b,high,LA,missing,biogas_peak_CC_CCS,missing,missing,missing,missing,missing,missing,missing,missing,EJ
1435,0.0,0.0,3.904918e-07,3.1042347200000004e-07,7.11027779e-07,3.929130220000001e-07,4.66840413e-07,1.363142477e-06,1.904811475e-06,innovation-rhodium18b,high,LA,missing,biogas_peak_steam/CT,missing,missing,missing,missing,missing,missing,missing,missing,EJ
1436,0.0,0.0,1.06696e-05,1.0566313e-05,2.2670808e-05,1.7824012e-05,2.462995e-05,7.133757e-05,8.716059e-05,innovation-rhodium18b,high,LA,missing,biogas_subpeak_CC,missing,missing,missing,missing,missing,missing,missing,missing,EJ
1437,0.0,0.0,0.0,0.0,5.33469e-06,4.478104e-06,6.75257e-06,2.383376e-05,3.594898e-05,innovation-rhodium18b,high,LA,missing,biogas_subpeak_CC_CCS,missing,missing,missing,missing,missing,missing,missing,missing,EJ
1438,0.0,0.0,7.27942e-06,6.7647848e-06,1.4127061530000002e-05,9.0993667e-06,1.0897150399999998e-05,3.71508522e-05,3.85997331e-05,innovation-rhodium18b,high,LA,missing,biogas_subpeak_steam/CT,missing,missing,missing,missing,missing,missing,missing,missing,EJ
1439,0.0,0.0,4.55506e-05,4.824712e-05,0.00017434321,0.00027978407,0.00039933529,0.00058536927,0.0005578211700000001,innovation-rhodium18b,high,LA,missing,biomass_base_IGCC,missing,missing,missing,missing,missing,missing,missing,missing,EJ
1440,0.0,0.0,0.0,0.0,0.0002483009,0.0006088691,0.0010691538,0.004604686,0.0069715382,innovation-rhodium18b,high,LA,missing,biomass_base_IGCC_CCS,missing,missing,missing,missing,missing,missing,missing,missing,EJ
1441,0.0001684107,0.0001564009,0.00011363121,8.652985e-05,0.0003431522,0.00046186520000000007,0.0005649853,0.00065694711,0.00050793554,innovation-rhodium18b,high,LA,missing,biomass_base_conv,missing,missing,missing,missing,missing,missing,missing,missing,EJ
1442,0.0,0.0,0.0,0.0,0.000579006,0.0015902149999999,0.002761991,0.0265295119999999,0.040913914,innovation-rhodium18b,high,LA,missing,biomass_base_conv_CCS,missing,missing,missing,missing,missing,missing,missing,missing,EJ
1443,0.0,0.0,9.16152e-06,1.5558670000000002e-05,3.156116e-05,4.784279000000001e-05,6.841821e-05,0.00013552805,0.00019990701,innovation-rhodium18b,high,LA,missing,biomass_int_IGCC,missing,missing,missing,missing,missing,missing,missing,missing,EJ
1444,0.0,0.0,0.0,0.0,1.209964e-05,2.655556e-05,4.594908e-05,0.00013718702,0.00023410723,innovation-rhodium18b,high,LA,missing,biomass_int_IGCC_CCS,missing,missing,missing,missing,missing,missing,missing,missing,EJ
1445,0.0001684097,0.0001564008,9.90972e-05,0.0001037729,0.00016813739999999998,0.0002027494,0.0002281707,0.000335488,0.0004257783,innovation-rhodium18b,high,LA,missing,biomass_int_conv,missing,missing,missing,missing,missing,missing,missing,missing,EJ
1446,0.0,0.0,0.0,0.0,2.42423e-05,5.41211e-05,9.2569e-05,0.0003038898,0.0005210507,innovation-rhodium18b,high,LA,missing,biomass_int_conv_CCS,missing,missing,missing,missing,missing,missing,missing,missing,EJ
1447,0.0,0.0,0.0,0.0,0.001587444,0.002747197,0.004135744,0.005784457,0.006767231,innovation-rhodium18b,high,LA,missing,coal_base_IGCC_CCS,missing,missing,missing,missing,missing,missing,missing,missing,EJ
1448,0.02491007,0.03892746,0.0,0.0,0.0,0.0,0.0,0.0,0.0,innovation-rhodium18b,high,LA,missing,coal_base_conv pul,missing,missing,missing,missing,missing,missing,missing,missing,EJ
1449,0.0,0.0,0.03687504,0.0368723,0.00781668,0.004268411,0.004083722,0.0002134673,0.0001421254,innovation-rhodium18b,high,LA,missing,coal_base_conv pul 1981-1985,missing,missing,missing,missing,missing,missing,missing,missing,EJ
1450,0.0,0.0,0.0058151359999999,0.005815007,0.001233014,0.0006739753,0.0006476809000000001,3.452109e-05,2.4878850000000003e-05,innovation-rhodium18b,high,LA,missing,coal_base_conv pul 1986-1990,missing,missing,missing,missing,missing,missing,missing,missing,EJ
1451,0.0,0.0,0.0,0.0,0.0017182599999999,0.002916037,0.00432073,0.005829377,0.0067217199999999,innovation-rhodium18b,high,LA,missing,coal_base_conv pul_CCS,missing,missing,missing,missing,missing,missing,missing,missing,EJ
1452,0.007138896,0.0111561,0.0,0.0,0.0,0.0,0.0,0.0,0.0,innovation-rhodium18b,high,LA,missing,coal_base_conv pul_retire_2020,missing,missing,missing,missing,missing,missing,missing,missing,EJ
1453,0.0,0.0,0.0,0.0,0.000165019,0.000304675,0.0004658347,0.0009059468,0.0013057555,innovation-rhodium18b,high,LA,missing,coal_int_IGCC_CCS,missing,missing,missing,missing,missing,missing,missing,missing,EJ
1454,0.02877886,0.03359927,0.0,0.0,0.0,0.0,0.0,0.0,0.0,innovation-rhodium18b,high,LA,missing,coal_int_conv pul,missing,missing,missing,missing,missing,missing,missing,missing,EJ
1455,0.0,0.0,0.0054508049999999,0.005450394,0.0019306089999999,0.001756973,0.002257009,0.0007951876,0.0006936432,innovation-rhodium18b,high,LA,missing,coal_int_conv pul 1981-1985,missing,missing,missing,missing,missing,missing,missing,missing,EJ
1456,0.0,0.0,0.0008595854999999999,0.0008595618,0.0003045367,0.0002774235,0.0003579641,0.0001285945,0.0001214211,innovation-rhodium18b,high,LA,missing,coal_int_conv pul 1986-1990,missing,missing,missing,missing,missing,missing,missing,missing,EJ
1457,0.0,0.0,0.0,0.0,0.000191335,0.0003443513,0.0005139468,0.0009555576,0.0013455151999999,innovation-rhodium18b,high,LA,missing,coal_int_conv pul_CCS,missing,missing,missing,missing,missing,missing,missing,missing,EJ
1458,0.008247645,0.00962912,0.0,0.0,0.0,0.0,0.0,0.0,0.0,innovation-rhodium18b,high,LA,missing,coal_int_conv pul_retire_2020,missing,missing,missing,missing,missing,missing,missing,missing,EJ
1459,0.0002266606,0.0,0.0,0.0,0.0,0.0,0.0,0.0,0.0,innovation-rhodium18b,high,LA,missing,coal_peak_conv pul,missing,missing,missing,missing,missing,missing,missing,missing,EJ
1460,6.495802e-05,0.0,0.0,0.0,0.0,0.0,0.0,0.0,0.0,innovation-rhodium18b,high,LA,missing,coal_peak_conv pul_retire_2020,missing,missing,missing,missing,missing,missing,missing,missing,EJ
1461,0.001684713,0.0,0.0,0.0,0.0,0.0,0.0,0.0,0.0,innovation-rhodium18b,high,LA,missing,coal_subpeak_conv pul,missing,missing,missing,missing,missing,missing,missing,missing,EJ
1462,0.0004828164,0.0,0.0,0.0,0.0,0.0,0.0,0.0,0.0,innovation-rhodium18b,high,LA,missing,coal_subpeak_conv pul_retire_2020,missing,missing,missing,missing,missing,missing,missing,missing,EJ
1463,0.0,0.0,0.02040083,0.026735794,0.031373057,0.032468938,0.035428722,0.0177460194,0.0143897636999999,innovation-rhodium18b,high,LA,missing,gas_base_CC,missing,missing,missing,missing,missing,missing,missing,missing,EJ
1464,0.0,0.0,0.0,0.0,0.00793763,0.013415154,0.019509004,0.027275945,0.031310885,innovation-rhodium18b,high,LA,missing,gas_base_CC_CCS,missing,missing,missing,missing,missing,missing,missing,missing,EJ
1465,0.060443,0.0821213,0.13236586,0.12951823,0.10814091,0.0977800599999999,0.088734183,0.075693448,0.069102779,innovation-rhodium18b,high,LA,missing,gas_int_CC,missing,missing,missing,missing,missing,missing,missing,missing,EJ
1466,0.0,0.0,0.0,0.0,0.001967716,0.0035347549999999,0.005267489,0.009842351,0.013805468,innovation-rhodium18b,high,LA,missing,gas_int_CC_CCS,missing,missing,missing,missing,missing,missing,missing,missing,EJ
1467,0.002364249,0.004136688,0.0013267229049999,0.001209442043,0.0009171457619999998,0.000769474669,0.000632540315,0.00042908586600000007,0.00030703788499999995,innovation-rhodium18b,high,LA,missing,gas_peak_CC,missing,missing,missing,missing,missing,missing,missing,missing,EJ
1468,0.0,0.0,0.0,0.0,2.467272e-07,3.782311e-07,5.417569e-07,1.0531487e-06,1.7931849e-06,innovation-rhodium18b,high,LA,missing,gas_peak_CC_CCS,missing,missing,missing,missing,missing,missing,missing,missing,EJ
1469,0.0017514156,0.0014549945,0.0006659841100000001,0.0005852373,0.00017432718900000003,0.00015341245699999998,0.00015860494900000002,7.605211989999999e-05,5.615133989999999e-05,innovation-rhodium18b,high,LA,missing,gas_peak_steam/CT,missing,missing,missing,missing,missing,missing,missing,missing,EJ
1470,0.0157357399999999,0.02753308,0.0091447337999999,0.0084382064,0.0067668994,0.0057696080999999,0.00481215012,0.00362289516,0.00289015296,innovation-rhodium18b,high,LA,missing,gas_subpeak_CC,missing,missing,missing,missing,missing,missing,missing,missing,EJ
1471,0.0,0.0,0.0,0.0,1.356873e-05,2.190047e-05,3.219966e-05,7.029913000000001e-05,0.00011021588,innovation-rhodium18b,high,LA,missing,gas_subpeak_CC_CCS,missing,missing,missing,missing,missing,missing,missing,missing,EJ
1472,0.0116572909999999,0.009684543,0.0047578169,0.0042792700999999,0.00159942171,0.00144509209,0.0014988825199999,0.0008736301800000001,0.00072839376,innovation-rhodium18b,high,LA,missing,gas_subpeak_steam/CT,missing,missing,missing,missing,missing,missing,missing,missing,EJ
1473,0.002228,0.0029817,0.0042866,0.00428,0.0042754,0.004276,0.0042664,0.0042306,0.0042354,innovation-rhodium18b,high,LA,missing,hydro_base,missing,missing,missing,missing,missing,missing,missing,missing,EJ
1474,0.0541781999999999,0.0585090999999999,0.0573676,0.0573674,0.0573684,0.0573683,0.0573625,0.0267822,0.0,innovation-rhodium18b,high,LA,missing,nuc_base_Gen II,missing,missing,missing,missing,missing,missing,missing,missing,EJ
1475,0.0,0.0,0.0,0.0,0.009277,0.0157519,0.02245678,0.03200592,0.0372863499999999,innovation-rhodium18b,high,LA,missing,nuc_base_Gen III,missing,missing,missing,missing,missing,missing,missing,missing,EJ
1476,0.0,0.0,0.002639693,0.002323228,0.002410481,0.001725188,0.001272796,0.00016301410000000002,9.74334e-05,innovation-rhodium18b,high,LA,missing,refined liquids_base_steam/CT,missing,missing,missing,missing,missing,missing,missing,missing,EJ
1477,0.0006018348,0.01157846,0.0,0.0,0.0,0.0,0.0,0.0,0.0,innovation-rhodium18b,high,LA,missing,refined liquids_int_steam/CT,missing,missing,missing,missing,missing,missing,missing,missing,EJ
1478,0.0,0.0,0.0,0.0,0.0,0.0,0.0,0.0,0.0,innovation-rhodium18b,high,LA,missing,refined liquids_peak_steam/CT,missing,missing,missing,missing,missing,missing,missing,missing,EJ
1479,0.0001505084,0.00289461,0.0,0.0,0.0,0.0,0.0,0.0,0.0,innovation-rhodium18b,high,LA,missing,refined liquids_subpeak_steam/CT,missing,missing,missing,missing,missing,missing,missing,missing,EJ
1480,0.0,0.0,0.000185158,0.00166481,0.00938885,0.0115172,0.0140786,0.0113788,0.0137316,innovation-rhodium18b,high,LA,missing,rooftop_pv,missing,missing,missing,missing,missing,missing,missing,missing,EJ
1481,0.0,0.0,0.00473531,0.00741244,0.02406014,0.03520814,0.04555144,0.05771014,0.05968,innovation-rhodium18b,high,LA,missing,wind_base,missing,missing,missing,missing,missing,missing,missing,missing,EJ
1482,0.0,0.0,0.0,0.000171411,0.003170471,0.005770951,0.008829161,0.013286851,0.01589275,innovation-rhodium18b,high,LA,missing,wind_base_offshore,missing,missing,missing,missing,missing,missing,missing,missing,EJ
1483,0.0,0.0,0.000115752,0.0001712699,0.0005165019,0.0007460469000000001,0.0009720639,0.0012781069,0.0013285609,innovation-rhodium18b,high,LA,missing,wind_base_storage,missing,missing,missing,missing,missing,missing,missing,missing,EJ
1484,0.0,0.0,5.49819e-07,1.147503e-06,4.714203e-06,8.244513e-06,1.0926013e-05,1.4865182999999998e-05,1.8962974e-05,innovation-rhodium18b,high,ME,missing,PV_base_storage,missing,missing,missing,missing,missing,missing,missing,missing,EJ
1485,0.0,0.0,0.000261941,0.000751179,0.0024445689999999,0.003382409,0.004288356,0.005717756,0.006584815,innovation-rhodium18b,high,ME,missing,PV_int,missing,missing,missing,missing,missing,missing,missing,missing,EJ
1486,0.0,0.0,1.00243e-05,1.960426e-05,4.7710060000000006e-05,5.650401000000001e-05,6.524369e-05,8.410339e-05,9.447559e-05,innovation-rhodium18b,high,ME,missing,PV_peak,missing,missing,missing,missing,missing,missing,missing,missing,EJ
1487,0.0,0.0,3.71027e-05,9.1587e-05,0.000253368,0.0003112769,0.0003674288,0.0005680068,0.0006364781,innovation-rhodium18b,high,ME,missing,PV_subpeak,missing,missing,missing,missing,missing,missing,missing,missing,EJ
1488,0.0,0.0,2.72148e-06,6.0342869e-06,1.89868872e-05,2.06286403e-05,1.68022145e-05,2.1846232e-05,2.54946774e-05,innovation-rhodium18b,high,ME,missing,biogas_base_CC,missing,missing,missing,missing,missing,missing,missing,missing,EJ
1489,0.0,0.0,0.0,0.0,1.57447e-05,1.936574e-05,1.6917433e-05,2.878347e-05,3.595608799999999e-05,innovation-rhodium18b,high,ME,missing,biogas_base_CC_CCS,missing,missing,missing,missing,missing,missing,missing,missing,EJ
1490,0.0,0.0,1.46299e-05,3.2043806e-05,8.487647000000001e-05,9.833784e-05,0.00014420811,0.00024645314,0.0002912517,innovation-rhodium18b,high,ME,missing,biogas_int_CC,missing,missing,missing,missing,missing,missing,missing,missing,EJ
1491,0.0,0.0,0.0,0.0,4.23983e-05,5.41269e-05,8.670490000000001e-05,0.000189825,0.0002562122,innovation-rhodium18b,high,ME,missing,biogas_int_CC_CCS,missing,missing,missing,missing,missing,missing,missing,missing,EJ
1492,0.0,0.0,1.56143e-08,1.7713632e-08,5.5722066e-08,3.396898e-08,4.976581e-08,1.0616689e-07,1.4021528e-07,innovation-rhodium18b,high,ME,missing,biogas_peak_CC,missing,missing,missing,missing,missing,missing,missing,missing,EJ
1493,0.0,0.0,0.0,0.0,8.95078e-09,5.61508e-09,8.69762e-09,2.247213e-08,3.375555e-08,innovation-rhodium18b,high,ME,missing,biogas_peak_CC_CCS,missing,missing,missing,missing,missing,missing,missing,missing,EJ
1494,0.0,0.0,1.422399e-08,1.51127e-08,4.580452e-08,2.0796455e-08,2.6962939e-08,6.615512300000002e-08,7.8804089e-08,innovation-rhodium18b,high,ME,missing,biogas_peak_steam/CT,missing,missing,missing,missing,missing,missing,missing,missing,EJ
1495,0.0,0.0,2.56901e-07,4.471902e-07,1.3414889e-06,9.795149e-07,1.4555125e-06,4.313303599999999e-06,4.0512812e-06,innovation-rhodium18b,high,ME,missing,biogas_subpeak_CC,missing,missing,missing,missing,missing,missing,missing,missing,EJ
1496,0.0,0.0,0.0,0.0,3.25202e-07,2.499985e-07,3.946457e-07,1.4038033e-06,1.6591321e-06,innovation-rhodium18b,high,ME,missing,biogas_subpeak_CC_CCS,missing,missing,missing,missing,missing,missing,missing,missing,EJ
1497,0.0,0.0,1.7001420000000001e-07,2.81343645e-07,8.17732282e-07,4.393828770000001e-07,5.63583359e-07,2.142007422e-06,1.362410206e-06,innovation-rhodium18b,high,ME,missing,biogas_subpeak_steam/CT,missing,missing,missing,missing,missing,missing,missing,missing,EJ
1498,0.0,0.0,0.0001468762,0.0002560675,0.0005641487999999999,0.0008495127,0.0010102276,0.0010693209,0.0012364594,innovation-rhodium18b,high,ME,missing,biomass_base_IGCC,missing,missing,missing,missing,missing,missing,missing,missing,EJ
1499,0.0,0.0,0.0,0.0,0.000559657,0.001334835,0.001875563,0.0045505359999999,0.007369384,innovation-rhodium18b,high,ME,missing,biomass_base_IGCC_CCS,missing,missing,missing,missing,missing,missing,missing,missing,EJ
1500,0.00268766,0.00580435,0.001309052,0.001261351,0.002426106,0.002593781,0.002278851,0.0013468281,0.0013142935,innovation-rhodium18b,high,ME,missing,biomass_base_conv,missing,missing,missing,missing,missing,missing,missing,missing,EJ
1501,0.0,0.0,0.0,0.0,0.00115865,0.00300772,0.00417979,0.0157993099999999,0.02646219,innovation-rhodium18b,high,ME,missing,biomass_base_conv_CCS,missing,missing,missing,missing,missing,missing,missing,missing,EJ
1502,0.0,0.0,8.931879999999999e-05,0.0001723398,0.00030239570000000003,0.0003976541,0.0005061073999999999,0.0006912229,0.0008354551000000002,innovation-rhodium18b,high,ME,missing,biomass_int_IGCC,missing,missing,missing,missing,missing,missing,missing,missing,EJ
1503,0.0,0.0,0.0,0.0,9.43848e-05,0.0001729237,0.000266916,0.0004967961999999999,0.0006894571999999999,innovation-rhodium18b,high,ME,missing,biomass_int_IGCC_CCS,missing,missing,missing,missing,missing,missing,missing,missing,EJ
1504,0.0026876499999999,0.00580433,0.002964832,0.0028928499999999,0.0033802089999999,0.003413162,0.003245891,0.0031255589999999,0.002917426,innovation-rhodium18b,high,ME,missing,biomass_int_conv,missing,missing,missing,missing,missing,missing,missing,missing,EJ
1505,0.0,0.0,0.0,0.0,0.000182372,0.000338022,0.000516301,0.001016513,0.001418333,innovation-rhodium18b,high,ME,missing,biomass_int_conv_CCS,missing,missing,missing,missing,missing,missing,missing,missing,EJ
1506,0.0,0.0,0.0,0.0,3.41004e-05,6.755443e-05,9.701868e-05,0.00012108259,0.00016524976000000002,innovation-rhodium18b,high,ME,missing,coal_base_IGCC_CCS,missing,missing,missing,missing,missing,missing,missing,missing,EJ
1507,0.000973215,0.000960967,0.000507494,0.000507039,6.60429e-05,4.23389e-05,4.42017e-05,3.15486e-06,3.04606e-06,innovation-rhodium18b,high,ME,missing,coal_base_conv pul,missing,missing,missing,missing,missing,missing,missing,missing,EJ
1508,0.0,0.0,0.0,0.0,3.60772e-05,6.921569999999999e-05,9.81223e-05,0.0001143125,0.0001534385,innovation-rhodium18b,high,ME,missing,coal_base_conv pul_CCS,missing,missing,missing,missing,missing,missing,missing,missing,EJ
1509,0.00015641,0.000154441,0.0,0.0,0.0,0.0,0.0,0.0,0.0,innovation-rhodium18b,high,ME,missing,coal_base_conv pul_retire_2020,missing,missing,missing,missing,missing,missing,missing,missing,EJ
1510,0.0,0.0,0.0,0.0,2.120392e-05,3.8173330000000005e-05,6.101084e-05,0.000103155,0.00014108179,innovation-rhodium18b,high,ME,missing,coal_int_IGCC_CCS,missing,missing,missing,missing,missing,missing,missing,missing,EJ
1511,0.000243303,0.000240198,7.56323e-05,7.5616e-05,3.8153e-05,3.80485e-05,4.48689e-05,2.05402e-05,1.95685e-05,innovation-rhodium18b,high,ME,missing,coal_int_conv pul,missing,missing,missing,missing,missing,missing,missing,missing,EJ
1512,0.0,0.0,0.0,0.0,2.46104e-05,4.32499e-05,6.74511e-05,0.0001101278,0.0001474851,innovation-rhodium18b,high,ME,missing,coal_int_conv pul_CCS,missing,missing,missing,missing,missing,missing,missing,missing,EJ
1513,3.91023e-05,3.86033e-05,0.0,0.0,0.0,0.0,0.0,0.0,0.0,innovation-rhodium18b,high,ME,missing,coal_int_conv pul_retire_2020,missing,missing,missing,missing,missing,missing,missing,missing,EJ
1514,0.0,0.00752406,0.0022911794,0.0022770791,0.0015499321999999,0.0013267214,0.0012350835,0.00042761598,0.00043731682,innovation-rhodium18b,high,ME,missing,gas_base_CC,missing,missing,missing,missing,missing,missing,missing,missing,EJ
1515,0.0,0.0,0.0,0.0,0.0001395302,0.000268999,0.0003730037,0.000479502,0.0006441321000000001,innovation-rhodium18b,high,ME,missing,gas_base_CC_CCS,missing,missing,missing,missing,missing,missing,missing,missing,EJ
1516,5.440116e-05,0.01225338,0.005101685,0.005353578,0.0049507657,0.0047879262,0.0046721243,0.004463891,0.0044127742999999,innovation-rhodium18b,high,ME,missing,gas_int_CC,missing,missing,missing,missing,missing,missing,missing,missing,EJ
1517,0.0,0.0,0.0,0.0,0.0002076105,0.0003649317,0.0005679890999999999,0.0009331958999999998,0.001248107,innovation-rhodium18b,high,ME,missing,gas_int_CC_CCS,missing,missing,missing,missing,missing,missing,missing,missing,EJ
1518,0.0,0.0002392155,4.928321830000001e-05,4.476470160000001e-05,3.34573838e-05,2.8898025500000003e-05,2.3811984270000003e-05,1.6346603150000003e-05,1.1718189569999996e-05,innovation-rhodium18b,high,ME,missing,gas_peak_CC,missing,missing,missing,missing,missing,missing,missing,missing,EJ
1519,0.0,0.0,0.0,0.0,1.582021e-08,2.2469476e-08,3.1787011000000006e-08,5.5793461e-08,8.4744193e-08,innovation-rhodium18b,high,ME,missing,gas_peak_CC_CCS,missing,missing,missing,missing,missing,missing,missing,missing,EJ
1520,0.0,8.4105522e-05,2.2631521042e-05,1.9268707156000003e-05,6.174760315000001e-06,6.149631985999999e-06,6.3782230630000005e-06,3.213189072e-06,2.37610874e-06,innovation-rhodium18b,high,ME,missing,gas_peak_steam/CT,missing,missing,missing,missing,missing,missing,missing,missing,EJ
1521,3.5000830000000003e-06,0.0012468169999999,0.000296358195,0.000272736755,0.000217820537,0.000189847501,0.00015893255300000004,0.000124023272,9.8667169e-05,innovation-rhodium18b,high,ME,missing,gas_subpeak_CC,missing,missing,missing,missing,missing,missing,missing,missing,EJ
1522,0.0,0.0,0.0,0.0,7.65538e-07,1.1398505e-06,1.6385980999999995e-06,3.7380117e-06,4.9570429e-06,innovation-rhodium18b,high,ME,missing,gas_subpeak_CC_CCS,missing,missing,missing,missing,missing,missing,missing,missing,EJ
1523,2.6000632e-06,0.00043850572,0.00014603980909999996,0.00012781185550000002,5.070072801e-05,5.074406331e-05,5.2482872030000005e-05,3.3625947239999984e-05,2.7065380670000004e-05,innovation-rhodium18b,high,ME,missing,gas_subpeak_steam/CT,missing,missing,missing,missing,missing,missing,missing,missing,EJ
1524,0.0093206,0.0127426,0.0127467,0.0127272,0.0127133,0.0127151,0.0126867,0.0125803,0.0125943,innovation-rhodium18b,high,ME,missing,hydro_base,missing,missing,missing,missing,missing,missing,missing,missing,EJ
1525,0.0185489,0.0,0.0,0.0,0.0,0.0,0.0,0.0,0.0,innovation-rhodium18b,high,ME,missing,nuc_base_Gen II,missing,missing,missing,missing,missing,missing,missing,missing,EJ
1526,0.000705015,0.000361403,0.000663441,0.000557868,0.000293454,0.000239064,0.000190305,2.9531e-05,2.25412e-05,innovation-rhodium18b,high,ME,missing,refined liquids_base_steam/CT,missing,missing,missing,missing,missing,missing,missing,missing,EJ
1527,0.00614823,0.00289142,0.0,0.0,0.0,0.0,0.0,0.0,0.0,innovation-rhodium18b,high,ME,missing,refined liquids_int_steam/CT,missing,missing,missing,missing,missing,missing,missing,missing,EJ
1528,0.000148902,0.0,0.0,0.0,0.0,0.0,0.0,0.0,0.0,innovation-rhodium18b,high,ME,missing,refined liquids_peak_steam/CT,missing,missing,missing,missing,missing,missing,missing,missing,EJ
1529,0.000864421,0.000361405,0.0,0.0,0.0,0.0,0.0,0.0,0.0,innovation-rhodium18b,high,ME,missing,refined liquids_subpeak_steam/CT,missing,missing,missing,missing,missing,missing,missing,missing,EJ
1530,0.0,0.0,2.31199e-05,0.000142958,0.000703856,0.0010552,0.0013734,0.00128956,0.00169704,innovation-rhodium18b,high,ME,missing,rooftop_pv,missing,missing,missing,missing,missing,missing,missing,missing,EJ
1531,0.0,0.0,0.005168554,0.0056088649999999,0.007099985,0.008591415,0.009747095,0.006894835,0.008571861,innovation-rhodium18b,high,ME,missing,wind_base,missing,missing,missing,missing,missing,missing,missing,missing,EJ
1532,0.0,0.0,0.0,3.76488e-05,0.0003420528,0.0007195228,0.0010703608,0.0016834238,0.0024491879999999,innovation-rhodium18b,high,ME,missing,wind_base_offshore,missing,missing,missing,missing,missing,missing,missing,missing,EJ
1533,0.0,0.0,1.21604e-05,2.23818e-05,5.48853e-05,8.61956e-05,0.0001095041,0.0001442541,0.0001721629,innovation-rhodium18b,high,ME,missing,wind_base_storage,missing,missing,missing,missing,missing,missing,missing,missing,EJ
1534,0.0,0.0,3.83967e-05,5.15752e-05,0.00011926,0.0001829715,0.0002578899,0.0003472155,0.000372142,innovation-rhodium18b,high,MD,missing,PV_base_storage,missing,missing,missing,missing,missing,missing,missing,missing,EJ
1535,0.0,0.0,0.00678473,0.0104571,0.0266268,0.03623595,0.04403922,0.05972432,0.06641849,innovation-rhodium18b,high,MD,missing,PV_int,missing,missing,missing,missing,missing,missing,missing,missing,EJ
1536,0.0,0.0,6.10044e-05,0.0001062143,0.0002376423,0.00030167750000000004,0.0003658649,0.0004843839,0.0005793625,innovation-rhodium18b,high,MD,missing,PV_peak,missing,missing,missing,missing,missing,missing,missing,missing,EJ
1537,0.0,0.0,0.0008873539999999999,0.001179348,0.0020125489999999,0.0024741129999999,0.0029316439999999,0.003431728,0.004050563,innovation-rhodium18b,high,MD,missing,PV_subpeak,missing,missing,missing,missing,missing,missing,missing,missing,EJ
1538,0.0,0.0,0.000175445,0.000124658567,0.00034301868,0.00035788771,0.00043462075,0.0004596846,0.000325838407,innovation-rhodium18b,high,MD,missing,biogas_base_CC,missing,missing,missing,missing,missing,missing,missing,missing,EJ
1539,0.0,0.0,0.0,0.0,0.000292556,0.0003537764,0.0004665053,0.00066327239,0.00052374976,innovation-rhodium18b,high,MD,missing,biogas_base_CC_CCS,missing,missing,missing,missing,missing,missing,missing,missing,EJ
1540,0.0,0.0,0.000305344,0.0001955201,0.0005657596000000001,0.0006333112,0.0008127338,0.0016597515999999,0.0019802951,innovation-rhodium18b,high,MD,missing,biogas_int_CC,missing,missing,missing,missing,missing,missing,missing,missing,EJ
1541,0.0,0.0,0.0,0.0,0.000281168,0.000353627,0.000508255,0.001351908,0.00193689,innovation-rhodium18b,high,MD,missing,biogas_int_CC_CCS,missing,missing,missing,missing,missing,missing,missing,missing,EJ
1542,0.0,0.0,7.19978e-08,6.315614e-08,1.6970518000000001e-07,1.4301711e-07,2.0845090000000005e-07,4.423698e-07,6.61303e-07,innovation-rhodium18b,high,MD,missing,biogas_peak_CC,missing,missing,missing,missing,missing,missing,missing,missing,EJ
1543,0.0,0.0,0.0,0.0,2.65726e-08,2.3638770000000004e-08,3.737463e-08,9.61363e-08,1.6220940000000004e-07,innovation-rhodium18b,high,MD,missing,biogas_peak_CC_CCS,missing,missing,missing,missing,missing,missing,missing,missing,EJ
1544,0.0,0.0,6.658400000000001e-08,5.3529460000000003e-08,1.39669244e-07,9.4025526e-08,1.21935465e-07,2.77163489e-07,3.935942720000001e-07,innovation-rhodium18b,high,MD,missing,biogas_peak_steam/CT,missing,missing,missing,missing,missing,missing,missing,missing,EJ
1545,0.0,0.0,1.65618e-06,1.809856e-06,4.647603e-06,4.621532000000001e-06,6.885615e-06,1.6237314e-05,2.0627053e-05,innovation-rhodium18b,high,MD,missing,biogas_subpeak_CC,missing,missing,missing,missing,missing,missing,missing,missing,EJ
1546,0.0,0.0,0.0,0.0,1.09241e-06,1.174199e-06,1.91022e-06,5.462104000000001e-06,8.244677999999999e-06,innovation-rhodium18b,high,MD,missing,biogas_subpeak_CC_CCS,missing,missing,missing,missing,missing,missing,missing,missing,EJ
1547,0.0,0.0,1.113669e-06,1.12002939e-06,2.80928299e-06,2.18098078e-06,2.8258318199999995e-06,7.576748170000001e-06,8.067798079999997e-06,innovation-rhodium18b,high,MD,missing,biogas_subpeak_steam/CT,missing,missing,missing,missing,missing,missing,missing,missing,EJ
1548,0.0,0.0,5.80081e-05,6.54973e-05,0.00014974002,0.00023846347,0.00035258301,0.00046335153,0.00048315396,innovation-rhodium18b,high,MD,missing,biomass_base_IGCC,missing,missing,missing,missing,missing,missing,missing,missing,EJ
1549,0.0,0.0,0.0,0.0,0.0001611521,0.0004597011,0.0008790555,0.0035486878,0.0058105770999999,innovation-rhodium18b,high,MD,missing,biomass_base_IGCC_CCS,missing,missing,missing,missing,missing,missing,missing,missing,EJ
1550,0.000917922,0.0010074049999999,0.0002848316,0.0002475483,0.0006408602,0.0006822575999999999,0.0007053703,0.0005443758900000001,0.0004659803,innovation-rhodium18b,high,MD,missing,biomass_base_conv,missing,missing,missing,missing,missing,missing,missing,missing,EJ
1551,0.0,0.0,0.0,0.0,0.000379956,0.001228989,0.002310909,0.020823891,0.034986258,innovation-rhodium18b,high,MD,missing,biomass_base_conv_CCS,missing,missing,missing,missing,missing,missing,missing,missing,EJ
1552,0.0,0.0,2.945846e-05,3.759757e-05,6.0285120000000005e-05,8.007637e-05,0.00010273788,0.00016894226,0.00023608120000000003,innovation-rhodium18b,high,MD,missing,biomass_int_IGCC,missing,missing,missing,missing,missing,missing,missing,missing,EJ
1553,0.0,0.0,0.0,0.0,1.662531e-05,3.4051649999999994e-05,5.539118999999999e-05,0.00014547707,0.00024571898,innovation-rhodium18b,high,MD,missing,biomass_int_IGCC_CCS,missing,missing,missing,missing,missing,missing,missing,missing,EJ
1554,0.000917922,0.0010074049999999,0.0006055045,0.000579945,0.0007645549,0.0007755994,0.0007228365000000001,0.0007373346000000001,0.0007395622000000001,innovation-rhodium18b,high,MD,missing,biomass_int_conv,missing,missing,missing,missing,missing,missing,missing,missing,EJ
1555,0.0,0.0,0.0,0.0,3.34938e-05,6.97288e-05,0.0001122915,0.00032248410000000003,0.0005487568,innovation-rhodium18b,high,MD,missing,biomass_int_conv_CCS,missing,missing,missing,missing,missing,missing,missing,missing,EJ
1556,0.0,0.0,0.0,0.0,0.000829288,0.0016536429999999,0.002780455,0.003926298,0.0048264369999999,innovation-rhodium18b,high,MD,missing,coal_base_IGCC_CCS,missing,missing,missing,missing,missing,missing,missing,missing,EJ
1557,0.0307242,0.0397184,0.0,0.0,0.0,0.0,0.0,0.0,0.0,innovation-rhodium18b,high,MD,missing,coal_base_conv pul,missing,missing,missing,missing,missing,missing,missing,missing,EJ
1558,0.0,0.0,0.000712857,0.000652459,0.0001151575,0.0,0.0,0.0,0.0,innovation-rhodium18b,high,MD,missing,coal_base_conv pul 1956-1960,missing,missing,missing,missing,missing,missing,missing,missing,EJ
1559,0.0,0.0,0.002407092,0.002386614,0.000559819,0.0002724676,0.0001769272,0.0,0.0,innovation-rhodium18b,high,MD,missing,coal_base_conv pul 1961-1965,missing,missing,missing,missing,missing,missing,missing,missing,EJ
1560,0.0,0.0,0.00400147,0.0039939,0.00096437,0.000526718,0.000480004,1.262196e-05,0.0,innovation-rhodium18b,high,MD,missing,coal_base_conv pul 1966-1970,missing,missing,missing,missing,missing,missing,missing,missing,EJ
1561,0.0,0.0,0.0033416599999999,0.00333824,0.000809162,0.000449372,0.000436698,1.360793e-05,4.71757e-06,innovation-rhodium18b,high,MD,missing,coal_base_conv pul 1971-1975,missing,missing,missing,missing,missing,missing,missing,missing,EJ
1562,0.0,0.0,0.0,0.0,0.0,0.0,0.0,0.0,0.0,innovation-rhodium18b,high,MD,missing,coal_base_conv pul 1976-1980,missing,missing,missing,missing,missing,missing,missing,missing,EJ
1563,0.0,0.0,0.00547845,0.0054784,0.001333971,0.000755865,0.0007997640000000001,3.38576e-05,2.452447e-05,innovation-rhodium18b,high,MD,missing,coal_base_conv pul 1981-1985,missing,missing,missing,missing,missing,missing,missing,missing,EJ
1564,0.0,0.0,0.00642811,0.00642826,0.001565488,0.000887627,0.000941926,4.03952e-05,3.09222e-05,innovation-rhodium18b,high,MD,missing,coal_base_conv pul 1991-1995,missing,missing,missing,missing,missing,missing,missing,missing,EJ
1565,0.0,0.0,0.00287349,0.00287356,0.000699823,0.000396843,0.000421334,1.811034e-05,1.400433e-05,innovation-rhodium18b,high,MD,missing,coal_base_conv pul 1996-2000,missing,missing,missing,missing,missing,missing,missing,missing,EJ
1566,0.0,0.0,0.0,0.0,0.000901277,0.001758011,0.002902101,0.003966371,0.0048020459999999,innovation-rhodium18b,high,MD,missing,coal_base_conv pul_CCS,missing,missing,missing,missing,missing,missing,missing,missing,EJ
1567,0.01167621,0.01509436,0.0,0.0,0.0,0.0,0.0,0.0,0.0,innovation-rhodium18b,high,MD,missing,coal_base_conv pul_retire_2020,missing,missing,missing,missing,missing,missing,missing,missing,EJ
1568,0.0,0.0,0.0,0.0,0.0001509392,0.0002743622,0.000413141,0.0007705376000000001,0.0011240596,innovation-rhodium18b,high,MD,missing,coal_int_IGCC_CCS,missing,missing,missing,missing,missing,missing,missing,missing,EJ
1569,0.0289321999999999,0.0396075,0.0,0.0,0.0,0.0,0.0,0.0,0.0,innovation-rhodium18b,high,MD,missing,coal_int_conv pul,missing,missing,missing,missing,missing,missing,missing,missing,EJ
1570,0.0,0.0,0.000421121,0.000385431,0.0001553002,0.0,0.0,0.0,0.0,innovation-rhodium18b,high,MD,missing,coal_int_conv pul 1956-1960,missing,missing,missing,missing,missing,missing,missing,missing,EJ
1571,0.0,0.0,0.0014219929999999,0.001409861,0.000754966,0.000605423,0.000426941,0.0,0.0,innovation-rhodium18b,high,MD,missing,coal_int_conv pul 1961-1965,missing,missing,missing,missing,missing,missing,missing,missing,EJ
1572,0.0,0.0,0.00236388,0.002359347,0.001300538,0.001170368,0.001158293,0.00031029,0.0,innovation-rhodium18b,high,MD,missing,coal_int_conv pul 1966-1970,missing,missing,missing,missing,missing,missing,missing,missing,EJ
1573,0.0,0.0,0.0019740879999999,0.001972014,0.001091227,0.000998504,0.001053793,0.000334529,0.0001402419,innovation-rhodium18b,high,MD,missing,coal_int_conv pul 1971-1975,missing,missing,missing,missing,missing,missing,missing,missing,EJ
1574,0.0,0.0,0.0,0.0,0.0,0.0,0.0,0.0,0.0,innovation-rhodium18b,high,MD,missing,coal_int_conv pul 1976-1980,missing,missing,missing,missing,missing,missing,missing,missing,EJ
1575,0.0,0.0,0.00323641,0.00323628,0.0017989759999999,0.001679537,0.001929904,0.0008323320000000001,0.000729054,innovation-rhodium18b,high,MD,missing,coal_int_conv pul 1981-1985,missing,missing,missing,missing,missing,missing,missing,missing,EJ
1576,0.0,0.0,0.00379742,0.0037974,0.002111198,0.00197231,0.002272955,0.00099305,0.000919242,innovation-rhodium18b,high,MD,missing,coal_int_conv pul 1991-1995,missing,missing,missing,missing,missing,missing,missing,missing,EJ
1577,0.0,0.0,0.001697511,0.001697522,0.000943772,0.0008817860000000001,0.001016715,0.000445214,0.000416314,innovation-rhodium18b,high,MD,missing,coal_int_conv pul 1996-2000,missing,missing,missing,missing,missing,missing,missing,missing,EJ
1578,0.0,0.0,0.0,0.0,0.0001753631,0.0003109461,0.0004571829,0.0008163831000000002,0.0011616723,innovation-rhodium18b,high,MD,missing,coal_int_conv pul_CCS,missing,missing,missing,missing,missing,missing,missing,missing,EJ
1579,0.0109952,0.01505219,0.0,0.0,0.0,0.0,0.0,0.0,0.0,innovation-rhodium18b,high,MD,missing,coal_int_conv pul_retire_2020,missing,missing,missing,missing,missing,missing,missing,missing,EJ
1580,0.000307752,0.0,0.0,0.0,0.0,0.0,0.0,0.0,0.0,innovation-rhodium18b,high,MD,missing,coal_peak_conv pul,missing,missing,missing,missing,missing,missing,missing,missing,EJ
1581,0.0001169564,0.0,0.0,0.0,0.0,0.0,0.0,0.0,0.0,innovation-rhodium18b,high,MD,missing,coal_peak_conv pul_retire_2020,missing,missing,missing,missing,missing,missing,missing,missing,EJ
1582,0.00127224,0.0,0.0,0.0,0.0,0.0,0.0,0.0,0.0,innovation-rhodium18b,high,MD,missing,coal_subpeak_conv pul,missing,missing,missing,missing,missing,missing,missing,missing,EJ
1583,0.000483494,0.0,0.0,0.0,0.0,0.0,0.0,0.0,0.0,innovation-rhodium18b,high,MD,missing,coal_subpeak_conv pul_retire_2020,missing,missing,missing,missing,missing,missing,missing,missing,EJ
1584,0.0,0.0,0.0093576299999999,0.01300904,0.0142525,0.015055316,0.017458381,0.0076456183,0.0065012714999999,innovation-rhodium18b,high,MD,missing,gas_base_CC,missing,missing,missing,missing,missing,missing,missing,missing,EJ
1585,0.0,0.0,0.0,0.0,0.00318004,0.00614168,0.00993354,0.01360585,0.01623167,innovation-rhodium18b,high,MD,missing,gas_base_CC_CCS,missing,missing,missing,missing,missing,missing,missing,missing,EJ
1586,0.00393419,0.00539423,0.01900859,0.0212897,0.02229958,0.02327122,0.02441485,0.02653568,0.0289374699999999,innovation-rhodium18b,high,MD,missing,gas_int_CC,missing,missing,missing,missing,missing,missing,missing,missing,EJ
1587,0.0,0.0,0.0,0.0,0.00154326,0.0027327799999999,0.00401692,0.00723117,0.01026691,innovation-rhodium18b,high,MD,missing,gas_int_CC_CCS,missing,missing,missing,missing,missing,missing,missing,missing,EJ
1588,0.000229205,0.000404609,0.00017232415,0.00015750600500000003,0.00012464738000000003,0.000105890137,8.6450036e-05,6.212241e-05,4.615245399999999e-05,innovation-rhodium18b,high,MD,missing,gas_peak_CC,missing,missing,missing,missing,missing,missing,missing,missing,EJ
1589,0.0,0.0,0.0,0.0,8.24354e-08,1.354571e-07,2.063905e-07,3.762961e-07,6.247740000000001e-07,innovation-rhodium18b,high,MD,missing,gas_peak_CC_CCS,missing,missing,missing,missing,missing,missing,missing,missing,EJ
1590,0.000169803,0.000142303,8.5335e-05,7.48784e-05,2.81317e-05,2.59339e-05,2.49231e-05,1.28301e-05,8.5133e-06,innovation-rhodium18b,high,MD,missing,gas_peak_steam/CT,missing,missing,missing,missing,missing,missing,missing,missing,EJ
1591,0.00134043,0.00236692,0.0011999728,0.0011273082,0.0009537714,0.0008386082,0.0007221306,0.0006095171,0.0005420404,innovation-rhodium18b,high,MD,missing,gas_subpeak_CC,missing,missing,missing,missing,missing,missing,missing,missing,EJ
1592,0.0,0.0,0.0,0.0,4.43017e-06,7.65628e-06,1.1899520000000002e-05,2.400146e-05,3.669694e-05,innovation-rhodium18b,high,MD,missing,gas_subpeak_CC_CCS,missing,missing,missing,missing,missing,missing,missing,missing,EJ
1593,0.00099302,0.000832508,0.000586316,0.00051895,0.000232102,0.000213014,0.000197815,0.000108896,7.28266e-05,innovation-rhodium18b,high,MD,missing,gas_subpeak_steam/CT,missing,missing,missing,missing,missing,missing,missing,missing,EJ
1594,0.0078018,0.0062637,0.006965,0.0069543,0.0069467,0.0069477,0.0069322,0.006874,0.0068817,innovation-rhodium18b,high,MD,missing,hydro_base,missing,missing,missing,missing,missing,missing,missing,missing,EJ
1595,0.00477532,0.0548773,0.0549039,0.0549039,0.0549041,0.0280705,0.0,0.0,0.0,innovation-rhodium18b,high,MD,missing,nuc_base_Gen II,missing,missing,missing,missing,missing,missing,missing,missing,EJ
1596,0.0,0.0,0.0,0.0,0.00476491,0.00926846,0.01461369,0.02104625,0.0256470399999999,innovation-rhodium18b,high,MD,missing,nuc_base_Gen III,missing,missing,missing,missing,missing,missing,missing,missing,EJ
1597,0.0,0.0,0.0001906595,0.0001703801,0.000135865,9.92974e-05,8.020894e-05,8.320261e-06,5.150662e-06,innovation-rhodium18b,high,MD,missing,refined liquids_base_steam/CT,missing,missing,missing,missing,missing,missing,missing,missing,EJ
1598,0.01318596,0.0120494,0.0,0.0,0.0,0.0,0.0,0.0,0.0,innovation-rhodium18b,high,MD,missing,refined liquids_int_steam/CT,missing,missing,missing,missing,missing,missing,missing,missing,EJ
1599,0.0,0.0,0.0,0.0,0.0,0.0,0.0,0.0,0.0,innovation-rhodium18b,high,MD,missing,refined liquids_peak_steam/CT,missing,missing,missing,missing,missing,missing,missing,missing,EJ
1600,0.003296469,0.003012329,0.0,0.0,0.0,0.0,0.0,0.0,0.0,innovation-rhodium18b,high,MD,missing,refined liquids_subpeak_steam/CT,missing,missing,missing,missing,missing,missing,missing,missing,EJ
1601,0.0,0.0,9.64011e-05,0.000743127,0.00488268,0.00695985,0.00918366,0.00707562,0.00894135,innovation-rhodium18b,high,MD,missing,rooftop_pv,missing,missing,missing,missing,missing,missing,missing,missing,EJ
1602,0.0,0.0,0.00490029,0.00672231,0.0129924899999999,0.01831006,0.02375787,0.02804935,0.02909458,innovation-rhodium18b,high,MD,missing,wind_base,missing,missing,missing,missing,missing,missing,missing,missing,EJ
1603,0.0,0.0,0.0,0.000259652,0.003078442,0.0064766519999999,0.0112614119999999,0.017886732,0.02332343,innovation-rhodium18b,high,MD,missing,wind_base_offshore,missing,missing,missing,missing,missing,missing,missing,missing,EJ
1604,0.0,0.0,0.000120594,0.0001801326,0.0003972306,0.0005896666,0.0008054836,0.0010559465999999,0.0011148936,innovation-rhodium18b,high,MD,missing,wind_base_storage,missing,missing,missing,missing,missing,missing,missing,missing,EJ
1605,0.0,0.0,1.04747e-05,1.868473e-05,5.112743e-05,8.267813e-05,0.00010425383,0.00014198323000000002,0.00017172153,innovation-rhodium18b,high,MA,missing,PV_base_storage,missing,missing,missing,missing,missing,missing,missing,missing,EJ
1606,0.0,0.0,0.00196133,0.00471098,0.01346365,0.01825363,0.02261215,0.02958458,0.03279829,innovation-rhodium18b,high,MA,missing,PV_int,missing,missing,missing,missing,missing,missing,missing,missing,EJ
1607,0.0,0.0,0.000123777,0.000239025,0.000571496,0.000674672,0.000776735,0.000995658,0.001108223,innovation-rhodium18b,high,MA,missing,PV_peak,missing,missing,missing,missing,missing,missing,missing,missing,EJ
1608,0.0,0.0,0.002660615,0.003352178,0.0053167579999999,0.006012363,0.006682242,0.006935002,0.0076373369999999,innovation-rhodium18b,high,MA,missing,PV_subpeak,missing,missing,missing,missing,missing,missing,missing,missing,EJ
1609,0.0,0.0,5.01799e-05,8.0796802e-05,0.00016968197,0.00018140828,0.00013505836,0.000203550375,0.000215672003,innovation-rhodium18b,high,MA,missing,biogas_base_CC,missing,missing,missing,missing,missing,missing,missing,missing,EJ
1610,0.0,0.0,0.0,0.0,0.000139413,0.00016860073,0.00013453994,0.00026653917,0.00030416354,innovation-rhodium18b,high,MA,missing,biogas_base_CC_CCS,missing,missing,missing,missing,missing,missing,missing,missing,EJ
1611,0.0,0.0,9.64813e-05,0.0001601258,0.0003976404,0.0004637054,0.0006596737,0.0011214182,0.0012924095,innovation-rhodium18b,high,MA,missing,biogas_int_CC,missing,missing,missing,missing,missing,missing,missing,missing,EJ
1612,0.0,0.0,0.0,0.0,0.00019528,0.00024911430000000004,0.0003881305,0.000850099,0.001122795,innovation-rhodium18b,high,MA,missing,biogas_int_CC_CCS,missing,missing,missing,missing,missing,missing,missing,missing,EJ
1613,0.0,0.0,1.6981e-07,1.8795903e-07,5.876882600000001e-07,3.593616000000001e-07,5.273807e-07,1.1243742e-06,1.4854083e-06,innovation-rhodium18b,high,MA,missing,biogas_peak_CC,missing,missing,missing,missing,missing,missing,missing,missing,EJ
1614,0.0,0.0,0.0,0.0,9.43504e-08,5.93011e-08,9.20153e-08,2.377597e-07,3.573214e-07,innovation-rhodium18b,high,MA,missing,biogas_peak_CC_CCS,missing,missing,missing,missing,missing,missing,missing,missing,EJ
1615,0.0,0.0,1.546903e-07,1.6071797099999997e-07,4.84724191e-07,2.2460774300000002e-07,2.92422755e-07,7.0509089e-07,8.39728067e-07,innovation-rhodium18b,high,MA,missing,biogas_peak_steam/CT,missing,missing,missing,missing,missing,missing,missing,missing,EJ
1616,0.0,0.0,2.63225e-06,4.698167e-06,1.4495309e-05,1.0557797e-05,1.5693597e-05,4.6480132e-05,4.3643195e-05,innovation-rhodium18b,high,MA,missing,biogas_subpeak_CC,missing,missing,missing,missing,missing,missing,missing,missing,EJ
1617,0.0,0.0,0.0,0.0,3.519e-06,2.705129e-06,4.271513e-06,1.515278e-05,1.790342e-05,innovation-rhodium18b,high,MA,missing,biogas_subpeak_CC_CCS,missing,missing,missing,missing,missing,missing,missing,missing,EJ
1618,0.0,0.0,1.7419900000000002e-06,2.9577525300000003e-06,8.84707664e-06,4.75095575e-06,6.09573464e-06,2.309464214e-05,1.4682025749999996e-05,innovation-rhodium18b,high,MA,missing,biogas_subpeak_steam/CT,missing,missing,missing,missing,missing,missing,missing,missing,EJ
1619,0.0,0.0,0.000141453,0.0002149527,0.000385818,0.0005463489999999999,0.0006296870000000001,0.0006934504999999999,0.0008147956000000001,innovation-rhodium18b,high,MA,missing,biomass_base_IGCC,missing,missing,missing,missing,missing,missing,missing,missing,EJ
1620,0.0,0.0,0.0,0.0,0.0002975828,0.0007331157000000001,0.0010282029,0.0029286214999999,0.0049018189,innovation-rhodium18b,high,MA,missing,biomass_base_IGCC_CCS,missing,missing,missing,missing,missing,missing,missing,missing,EJ
1621,0.003048664,0.002907426,0.0009124548,0.0008431013000000001,0.001532061,0.0015775461,0.0013232975,0.0007514081000000001,0.00072227666,innovation-rhodium18b,high,MA,missing,biomass_base_conv,missing,missing,missing,missing,missing,missing,missing,missing,EJ
1622,0.0,0.0,0.0,0.0,0.00058041,0.001565921,0.002168965,0.010283703,0.017544711,innovation-rhodium18b,high,MA,missing,biomass_base_conv_CCS,missing,missing,missing,missing,missing,missing,missing,missing,EJ
1623,0.0,0.0,4.34733e-05,7.55262e-05,0.00012616460000000002,0.00016587290000000002,0.0002121098,0.00029969610000000005,0.0003699599,innovation-rhodium18b,high,MA,missing,biomass_int_IGCC,missing,missing,missing,missing,missing,missing,missing,missing,EJ
1624,0.0,0.0,0.0,0.0,3.66124e-05,6.9309e-05,0.0001093758,0.0002180257,0.0003116727,innovation-rhodium18b,high,MA,missing,biomass_int_IGCC_CCS,missing,missing,missing,missing,missing,missing,missing,missing,EJ
1625,0.003048664,0.002907415,0.001871717,0.0017645226,0.001991527,0.0019550916,0.0017861811999999,0.001627049,0.0014358177,innovation-rhodium18b,high,MA,missing,biomass_int_conv,missing,missing,missing,missing,missing,missing,missing,missing,EJ
1626,0.0,0.0,0.0,0.0,6.62636e-05,0.0001269763,0.0001979577,0.0004200727,0.0006030065000000001,innovation-rhodium18b,high,MA,missing,biomass_int_conv_CCS,missing,missing,missing,missing,missing,missing,missing,missing,EJ
1627,0.0,0.0,0.0,0.0,0.0003018772,0.000592532,0.0008223098000000001,0.0010604878,0.00142726,innovation-rhodium18b,high,MA,missing,coal_base_IGCC_CCS,missing,missing,missing,missing,missing,missing,missing,missing,EJ
1628,0.0,0.0,0.0,0.0,0.0003082251,0.0005834593,0.0007993873,0.0009515428,0.0012573065,innovation-rhodium18b,high,MA,missing,coal_base_conv pul_CCS,missing,missing,missing,missing,missing,missing,missing,missing,EJ
1629,0.032811672,0.034489465,0.0,0.0,0.0,0.0,0.0,0.0,0.0,innovation-rhodium18b,high,MA,missing,coal_base_conv pul_retire_2020,missing,missing,missing,missing,missing,missing,missing,missing,EJ
1630,0.0,0.0,0.0,0.0,9.75912e-05,0.0001756279,0.00027531120000000005,0.0004628239,0.0006217516,innovation-rhodium18b,high,MA,missing,coal_int_IGCC_CCS,missing,missing,missing,missing,missing,missing,missing,missing,EJ
1631,0.0,0.0,0.0,0.0,0.000109613,0.0001924487,0.0002946512,0.0004781491,0.0006293669,innovation-rhodium18b,high,MA,missing,coal_int_conv pul_CCS,missing,missing,missing,missing,missing,missing,missing,missing,EJ
1632,0.0082029631,0.0086223612,0.0,0.0,0.0,0.0,0.0,0.0,0.0,innovation-rhodium18b,high,MA,missing,coal_int_conv pul_retire_2020,missing,missing,missing,missing,missing,missing,missing,missing,EJ
1633,0.0,0.02314681,0.02130411,0.0214836599999999,0.0145429319999999,0.012342873,0.011360162,0.003756898,0.0037111144,innovation-rhodium18b,high,MA,missing,gas_base_CC,missing,missing,missing,missing,missing,missing,missing,missing,EJ
1634,0.0,0.0,0.0,0.0,0.001137913,0.002162624,0.002895648,0.0038100289999999,0.0050389919999999,innovation-rhodium18b,high,MA,missing,gas_base_CC_CCS,missing,missing,missing,missing,missing,missing,missing,missing,EJ
1635,0.017672,0.0376959,0.0425755299999999,0.04172997,0.036025,0.033045746,0.0299655859999999,0.0258098349999999,0.023275516,innovation-rhodium18b,high,MA,missing,gas_int_CC,missing,missing,missing,missing,missing,missing,missing,missing,EJ
1636,0.0,0.0,0.0,0.0,0.000863436,0.001515809,0.002314594,0.003781202,0.004970825,innovation-rhodium18b,high,MA,missing,gas_int_CC_CCS,missing,missing,missing,missing,missing,missing,missing,missing,EJ
1637,0.0,0.000736049,0.000433566094,0.000394536891,0.000295708479,0.000255978814,0.00021184165600000003,0.00014691691600000003,0.000107172257,innovation-rhodium18b,high,MA,missing,gas_peak_CC,missing,missing,missing,missing,missing,missing,missing,missing,EJ
1638,0.0,0.0,0.0,0.0,2.41915e-07,3.426182e-07,4.847341e-07,8.464588e-07,1.2806751999999997e-06,innovation-rhodium18b,high,MA,missing,gas_peak_CC_CCS,missing,missing,missing,missing,missing,missing,missing,missing,EJ
1639,0.0,0.000258917,0.00019703,0.000167177,5.25461e-05,5.23752e-05,5.3745e-05,2.57359e-05,1.777e-05,innovation-rhodium18b,high,MA,missing,gas_peak_steam/CT,missing,missing,missing,missing,missing,missing,missing,missing,EJ
1640,0.001127927,0.00383565,0.0026296119,0.0024492402999999,0.0019851509,0.0017510419,0.0014968869,0.0012322904,0.0010320454,innovation-rhodium18b,high,MA,missing,gas_subpeak_CC,missing,missing,missing,missing,missing,missing,missing,missing,EJ
1641,0.0,0.0,0.0,0.0,1.178254e-05,1.747507e-05,2.5069670000000003e-05,5.642882e-05,7.452468000000001e-05,innovation-rhodium18b,high,MA,missing,gas_subpeak_CC_CCS,missing,missing,missing,missing,missing,missing,missing,missing,EJ
1642,0.00083562,0.00134912,0.0012523,0.00107449,0.000398749,0.000395981,0.00039204,0.000200779,0.000138955,innovation-rhodium18b,high,MA,missing,gas_subpeak_steam/CT,missing,missing,missing,missing,missing,missing,missing,missing,EJ
1643,0.0042016,0.0038292,0.0035053,0.0034999,0.0034961,0.0034966,0.0034888,0.0034595,0.0034634,innovation-rhodium18b,high,MA,missing,hydro_base,missing,missing,missing,missing,missing,missing,missing,missing,EJ
1644,0.0193462,0.0204349,0.018728,0.018728,0.0181065,0.0,0.0,0.0,0.0,innovation-rhodium18b,high,MA,missing,nuc_base_Gen II,missing,missing,missing,missing,missing,missing,missing,missing,EJ
1645,0.0,0.0,0.0,0.0,0.00268342,0.00530388,0.00711268,0.01030525,0.01373848,innovation-rhodium18b,high,MA,missing,nuc_base_Gen III,missing,missing,missing,missing,missing,missing,missing,missing,EJ
1646,0.004742003,0.002494321,0.0009088058,0.0007641913999999999,0.0004019791,0.00032747360000000004,0.00026068264,4.0452290000000005e-05,3.0877502e-05,innovation-rhodium18b,high,MA,missing,refined liquids_base_steam/CT,missing,missing,missing,missing,missing,missing,missing,missing,EJ
1647,0.04135356,0.019954549,0.0,0.0,0.0,0.0,0.0,0.0,0.0,innovation-rhodium18b,high,MA,missing,refined liquids_int_steam/CT,missing,missing,missing,missing,missing,missing,missing,missing,EJ
1648,0.0010014109,0.0,0.0,0.0,0.0,0.0,0.0,0.0,0.0,innovation-rhodium18b,high,MA,missing,refined liquids_peak_steam/CT,missing,missing,missing,missing,missing,missing,missing,missing,EJ
1649,0.0058139419999999,0.0024943325,0.0,0.0,0.0,0.0,0.0,0.0,0.0,innovation-rhodium18b,high,MA,missing,refined liquids_subpeak_steam/CT,missing,missing,missing,missing,missing,missing,missing,missing,EJ
1650,0.0,0.0,0.000118215,0.000778914,0.00374252,0.0057087,0.00750863,0.00713104,0.00946477,innovation-rhodium18b,high,MA,missing,rooftop_pv,missing,missing,missing,missing,missing,missing,missing,missing,EJ
1651,0.0,0.0,0.0024812799999999,0.00460932,0.00990098,0.01424891,0.01699955,0.02060997,0.02292486,innovation-rhodium18b,high,MA,missing,wind_base,missing,missing,missing,missing,missing,missing,missing,missing,EJ
1652,0.0,0.0,0.0,0.000219971,0.001965571,0.004036291,0.005755761,0.009280301,0.01324421,innovation-rhodium18b,high,MA,missing,wind_base_offshore,missing,missing,missing,missing,missing,missing,missing,missing,EJ
1653,0.0,0.0,5.17103e-05,0.0001093013,0.0002682473,0.0004098783,0.000502586,0.000656488,0.0007638507,innovation-rhodium18b,high,MA,missing,wind_base_storage,missing,missing,missing,missing,missing,missing,missing,missing,EJ
1654,0.0,0.0,0.000100072,0.0001381364,0.0005657774,0.0007088534,0.0008190704,0.0010133434,0.0010332204,innovation-rhodium18b,high,MI,missing,PV_base_storage,missing,missing,missing,missing,missing,missing,missing,missing,EJ
1655,0.0,0.0,0.00690224,0.01144862,0.03327452,0.04408632,0.05215503,0.07292313,0.08309279,innovation-rhodium18b,high,MI,missing,PV_int,missing,missing,missing,missing,missing,missing,missing,missing,EJ
1656,0.0,0.0,0.000857584,0.0010707,0.001728715,0.001831539,0.002055134,0.002487504,0.00291309,innovation-rhodium18b,high,MI,missing,PV_peak,missing,missing,missing,missing,missing,missing,missing,missing,EJ
1657,0.0,0.0,0.00248732982,0.0045794498199999,0.0086689998199999,0.0109914698199999,0.0137799298199999,0.0198221,0.02355178,innovation-rhodium18b,high,MI,missing,PV_subpeak,missing,missing,missing,missing,missing,missing,missing,missing,EJ
1658,0.0,0.0,0.000553975,0.00043557103,0.0025698591,0.0010298975,0.0008481375,0.0012094595,0.0007436019,innovation-rhodium18b,high,MI,missing,biogas_base_CC,missing,missing,missing,missing,missing,missing,missing,missing,EJ
1659,0.0,0.0,0.0,0.0,0.00226876,0.001070711,0.0009594302,0.0017674534,0.0012002147,innovation-rhodium18b,high,MI,missing,biogas_base_CC_CCS,missing,missing,missing,missing,missing,missing,missing,missing,EJ
1660,0.0,0.0,0.000367639,0.0002853867,0.0010166882,0.0010122148999999,0.0011435348,0.0028469983,0.0032502427,innovation-rhodium18b,high,MI,missing,biogas_int_CC,missing,missing,missing,missing,missing,missing,missing,missing,EJ
1661,0.0,0.0,0.0,0.0,0.000517772,0.000593594,0.000755429,0.002342596,0.003280448,innovation-rhodium18b,high,MI,missing,biogas_int_CC_CCS,missing,missing,missing,missing,missing,missing,missing,missing,EJ
1662,0.0,0.0,1.16865e-06,3.7913460000000004e-07,1.1895849e-06,5.940292999999999e-07,1.0567579e-06,2.4177082e-06,5.8925336e-06,innovation-rhodium18b,high,MI,missing,biogas_peak_CC,missing,missing,missing,missing,missing,missing,missing,missing,EJ
1663,0.0,0.0,0.0,0.0,1.75936e-07,8.41408e-08,1.657676e-07,4.7306070000000003e-07,1.2640659e-06,innovation-rhodium18b,high,MI,missing,biogas_peak_CC_CCS,missing,missing,missing,missing,missing,missing,missing,missing,EJ
1664,0.0,0.0,1.087283e-06,3.00446767e-07,9.417375170000002e-07,2.3443444400000002e-07,5.39359272e-07,1.3881381e-06,3.97606764e-06,innovation-rhodium18b,high,MI,missing,biogas_peak_steam/CT,missing,missing,missing,missing,missing,missing,missing,missing,EJ
1665,0.0,0.0,1.55236e-05,1.605797e-05,3.217451e-05,3.45134e-05,5.1617e-05,0.00013182934,0.00016898503,innovation-rhodium18b,high,MI,missing,biogas_subpeak_CC,missing,missing,missing,missing,missing,missing,missing,missing,EJ
1666,0.0,0.0,0.0,0.0,7.15658e-06,8.28087e-06,1.381591e-05,4.24391e-05,6.550182000000001e-05,innovation-rhodium18b,high,MI,missing,biogas_subpeak_CC_CCS,missing,missing,missing,missing,missing,missing,missing,missing,EJ
1667,0.0,0.0,1.050593e-05,9.8827375e-06,1.87397354e-05,1.5155001e-05,2.12897873e-05,6.072650360000001e-05,6.599172519999999e-05,innovation-rhodium18b,high,MI,missing,biogas_subpeak_steam/CT,missing,missing,missing,missing,missing,missing,missing,missing,EJ
1668,0.0,0.0,0.000322551,0.0002962634,0.0011340739999999,0.0013752756999999,0.0015271184999999,0.0014354827,0.0011972983,innovation-rhodium18b,high,MI,missing,biomass_base_IGCC,missing,missing,missing,missing,missing,missing,missing,missing,EJ
1669,0.0,0.0,0.0,0.0,0.00171975,0.00277995,0.003702126,0.012309378,0.0184753769999999,innovation-rhodium18b,high,MI,missing,biomass_base_IGCC_CCS,missing,missing,missing,missing,missing,missing,missing,missing,EJ
1670,0.00112633,0.00319699,0.000952055,0.000660572,0.002674991,0.00275573,0.002501821,0.0016172269,0.0011348407,innovation-rhodium18b,high,MI,missing,biomass_base_conv,missing,missing,missing,missing,missing,missing,missing,missing,EJ
1671,0.0,0.0,0.0,0.0,0.00418845,0.00731992,0.00978777,0.07429261,0.11606809,innovation-rhodium18b,high,MI,missing,biomass_base_conv_CCS,missing,missing,missing,missing,missing,missing,missing,missing,EJ
1672,0.0,0.0,3.20772e-05,4.319414e-05,8.108053e-05,0.00010885684000000002,0.00013552177000000003,0.00024697802,0.00034859621,innovation-rhodium18b,high,MI,missing,biomass_int_IGCC,missing,missing,missing,missing,missing,missing,missing,missing,EJ
1673,0.0,0.0,0.0,0.0,2.85177e-05,5.36286e-05,7.953789999999999e-05,0.000233693,0.0003893374,innovation-rhodium18b,high,MI,missing,biomass_int_IGCC_CCS,missing,missing,missing,missing,missing,missing,missing,missing,EJ
1674,0.00112633,0.00319699,0.0014635915,0.0013630485,0.0018948707,0.0018487274999999,0.0016039083999999,0.0015480808999999,0.0014044951,innovation-rhodium18b,high,MI,missing,biomass_int_conv,missing,missing,missing,missing,missing,missing,missing,missing,EJ
1675,0.0,0.0,0.0,0.0,5.84337e-05,0.0001115651,0.0001641735,0.0005306751,0.0008889883,innovation-rhodium18b,high,MI,missing,biomass_int_conv_CCS,missing,missing,missing,missing,missing,missing,missing,missing,EJ
1676,0.0,0.0,0.0,0.0,0.00660491,0.00891803,0.0110122609999999,0.013955669,0.016007279,innovation-rhodium18b,high,MI,missing,coal_base_IGCC_CCS,missing,missing,missing,missing,missing,missing,missing,missing,EJ
1677,0.1195830299999999,0.13277233,0.0,0.0,0.0,0.0,0.0,0.0,0.0,innovation-rhodium18b,high,MI,missing,coal_base_conv pul,missing,missing,missing,missing,missing,missing,missing,missing,EJ
1678,0.0,0.0,0.002597505,0.0,0.0,0.0,0.0,0.0,0.0,innovation-rhodium18b,high,MI,missing,coal_base_conv pul 1951-1955,missing,missing,missing,missing,missing,missing,missing,missing,EJ
1679,0.0,0.0,0.002943159,0.0,0.0,0.0,0.0,0.0,0.0,innovation-rhodium18b,high,MI,missing,coal_base_conv pul 1956-1960,missing,missing,missing,missing,missing,missing,missing,missing,EJ
1680,0.0,0.0,0.0075370709999999,0.005045165,0.0,0.0,0.0,0.0,0.0,innovation-rhodium18b,high,MI,missing,coal_base_conv pul 1961-1965,missing,missing,missing,missing,missing,missing,missing,missing,EJ
1681,0.0,0.0,0.008948585,0.005990005,0.0,0.0,0.0,0.0,0.0,innovation-rhodium18b,high,MI,missing,coal_base_conv pul 1966-1970,missing,missing,missing,missing,missing,missing,missing,missing,EJ
1682,0.0,0.0,0.04467631,0.04461151,0.008937231,0.0051575069999999,0.004517985,0.00010436441,0.0,innovation-rhodium18b,high,MI,missing,coal_base_conv pul 1971-1975,missing,missing,missing,missing,missing,missing,missing,missing,EJ
1683,0.0,0.0,0.016864724,0.0168464319999999,0.003380474,0.001964793,0.0017703883999999,4.427552e-05,1.4174127e-05,innovation-rhodium18b,high,MI,missing,coal_base_conv pul 1976-1980,missing,missing,missing,missing,missing,missing,missing,missing,EJ
1684,0.0,0.0,0.0181064469999999,0.013121786,0.0,0.0,0.0,0.0,0.0,innovation-rhodium18b,high,MI,missing,coal_base_conv pul 1981-1985,missing,missing,missing,missing,missing,missing,missing,missing,EJ
1685,0.0,0.0,0.0013021219,0.0013020704,0.00026250484,0.00015576395,0.00015322856,5.269216e-06,3.709904e-06,innovation-rhodium18b,high,MI,missing,coal_base_conv pul 1986-1990,missing,missing,missing,missing,missing,missing,missing,missing,EJ
1686,0.0,0.0,0.0,0.0,0.0,0.0,0.0,0.0,0.0,innovation-rhodium18b,high,MI,missing,coal_base_conv pul before 1950,missing,missing,missing,missing,missing,missing,missing,missing,EJ
1687,0.0,0.0,0.0,0.0,0.00728755,0.009717,0.01187356,0.014530007,0.016408526,innovation-rhodium18b,high,MI,missing,coal_base_conv pul_CCS,missing,missing,missing,missing,missing,missing,missing,missing,EJ
1688,0.029521406,0.0327775399999999,0.0,0.0,0.0,0.0,0.0,0.0,0.0,innovation-rhodium18b,high,MI,missing,coal_base_conv pul_retire_2020,missing,missing,missing,missing,missing,missing,missing,missing,EJ
1689,0.0,0.0,0.0,0.0,0.000273079,0.0004594258,0.0006352204,0.0012679454999999,0.0018341465,innovation-rhodium18b,high,MI,missing,coal_int_IGCC_CCS,missing,missing,missing,missing,missing,missing,missing,missing,EJ
1690,0.07187913,0.08059526,0.0,0.0,0.0,0.0,0.0,0.0,0.0,innovation-rhodium18b,high,MI,missing,coal_int_conv pul,missing,missing,missing,missing,missing,missing,missing,missing,EJ
1691,0.0,0.0,0.0011980837,0.0,0.0,0.0,0.0,0.0,0.0,innovation-rhodium18b,high,MI,missing,coal_int_conv pul 1951-1955,missing,missing,missing,missing,missing,missing,missing,missing,EJ
1692,0.0,0.0,0.0013575206999999,0.0,0.0,0.0,0.0,0.0,0.0,innovation-rhodium18b,high,MI,missing,coal_int_conv pul 1956-1960,missing,missing,missing,missing,missing,missing,missing,missing,EJ
1693,0.0,0.0,0.003476446,0.0023271253,0.0,0.0,0.0,0.0,0.0,innovation-rhodium18b,high,MI,missing,coal_int_conv pul 1961-1965,missing,missing,missing,missing,missing,missing,missing,missing,EJ
1694,0.0,0.0,0.004127496,0.0027629369,0.0,0.0,0.0,0.0,0.0,innovation-rhodium18b,high,MI,missing,coal_int_conv pul 1966-1970,missing,missing,missing,missing,missing,missing,missing,missing,EJ
1695,0.0,0.0,0.020606734,0.020577381,0.0125541979999999,0.011085294,0.010679925,0.003366487,0.0,innovation-rhodium18b,high,MI,missing,coal_int_conv pul 1971-1975,missing,missing,missing,missing,missing,missing,missing,missing,EJ
1696,0.0,0.0,0.007778769,0.007770562,0.00474857,0.004223033,0.004184954,0.0014281909,0.0005748121,innovation-rhodium18b,high,MI,missing,coal_int_conv pul 1976-1980,missing,missing,missing,missing,missing,missing,missing,missing,EJ
1697,0.0,0.0,0.008351538,0.006052535,0.0,0.0,0.0,0.0,0.0,innovation-rhodium18b,high,MI,missing,coal_int_conv pul 1981-1985,missing,missing,missing,missing,missing,missing,missing,missing,EJ
1698,0.0,0.0,0.0006005973,0.0006005912,0.0003687419,0.0003347924,0.0003622137,0.00016996878,0.00015044987,innovation-rhodium18b,high,MI,missing,coal_int_conv pul 1986-1990,missing,missing,missing,missing,missing,missing,missing,missing,EJ
1699,0.0,0.0,0.0,0.0,0.0,0.0,0.0,0.0,0.0,innovation-rhodium18b,high,MI,missing,coal_int_conv pul before 1950,missing,missing,missing,missing,missing,missing,missing,missing,EJ
1700,0.0,0.0,0.0,0.0,0.000319396,0.0005253596,0.0007116181,0.0013507308,0.001906361,innovation-rhodium18b,high,MI,missing,coal_int_conv pul_CCS,missing,missing,missing,missing,missing,missing,missing,missing,EJ
1701,0.017744802,0.019896573,0.0,0.0,0.0,0.0,0.0,0.0,0.0,innovation-rhodium18b,high,MI,missing,coal_int_conv pul_retire_2020,missing,missing,missing,missing,missing,missing,missing,missing,EJ
1702,0.0007385994999999999,0.0,0.0,0.0,0.0,0.0,0.0,0.0,0.0,innovation-rhodium18b,high,MI,missing,coal_peak_conv pul,missing,missing,missing,missing,missing,missing,missing,missing,EJ
1703,0.00018233881,0.0,0.0,0.0,0.0,0.0,0.0,0.0,0.0,innovation-rhodium18b,high,MI,missing,coal_peak_conv pul_retire_2020,missing,missing,missing,missing,missing,missing,missing,missing,EJ
1704,0.005124108,0.0,0.0,0.0,0.0,0.0,0.0,0.0,0.0,innovation-rhodium18b,high,MI,missing,coal_subpeak_conv pul,missing,missing,missing,missing,missing,missing,missing,missing,EJ
1705,0.0012649862,0.0,0.0,0.0,0.0,0.0,0.0,0.0,0.0,innovation-rhodium18b,high,MI,missing,coal_subpeak_conv pul_retire_2020,missing,missing,missing,missing,missing,missing,missing,missing,EJ
1706,0.003204,0.00849698,0.03578929,0.04972925,0.06703736,0.06493454,0.067032845,0.0222260419999999,0.0166936506,innovation-rhodium18b,high,MI,missing,gas_base_CC,missing,missing,missing,missing,missing,missing,missing,missing,EJ
1707,0.0,0.0,0.0,0.0,0.0263387,0.0346002,0.04178668,0.04987795,0.0546678399999999,innovation-rhodium18b,high,MI,missing,gas_base_CC_CCS,missing,missing,missing,missing,missing,missing,missing,missing,EJ
1708,0.003085,0.00818148,0.05442521,0.05568527,0.05445863,0.0524756199999999,0.04996795,0.0509733899999999,0.05218166,innovation-rhodium18b,high,MI,missing,gas_int_CC,missing,missing,missing,missing,missing,missing,missing,missing,EJ
1709,0.0,0.0,0.0,0.0,0.00292671,0.00480985,0.0065143699999999,0.01247878,0.01757324,innovation-rhodium18b,high,MI,missing,gas_int_CC_CCS,missing,missing,missing,missing,missing,missing,missing,missing,EJ
1710,0.001484062,0.00506867,3.626307e-06,4.635074e-06,7.167088e-06,7.616954e-06,9.168489e-06,1.2471162000000005e-05,2.2958371e-05,innovation-rhodium18b,high,MI,missing,gas_peak_CC,missing,missing,missing,missing,missing,missing,missing,missing,EJ
1711,0.0,0.0,0.0,0.0,2.90258e-07,3.491857e-07,5.083303e-07,9.482011e-07,2.3224599e-06,innovation-rhodium18b,high,MI,missing,gas_peak_CC_CCS,missing,missing,missing,missing,missing,missing,missing,missing,EJ
1712,0.001099446,0.001782892,3.136697e-06,3.733315e-06,3.9487738e-06,3.591829e-06,4.7282913e-06,5.835866100000001e-06,1.1134473499999996e-05,innovation-rhodium18b,high,MI,missing,gas_peak_steam/CT,missing,missing,missing,missing,missing,missing,missing,missing,EJ
1713,0.00713242,0.0243598999999999,0.008289144,0.0077113925,0.0065828673,0.0056526777,0.0046984187,0.0038576142,0.0032544707,innovation-rhodium18b,high,MI,missing,gas_subpeak_CC,missing,missing,missing,missing,missing,missing,missing,missing,EJ
1714,0.0,0.0,0.0,0.0,1.80365e-05,3.1652e-05,5.14305e-05,0.0001118638,0.00017699319999999998,innovation-rhodium18b,high,MI,missing,gas_subpeak_CC_CCS,missing,missing,missing,missing,missing,missing,missing,missing,EJ
1715,0.005283863,0.00856838,0.0043697541,0.004011356,0.0022459969,0.0020221806,0.00182489873,0.00135084494,0.00111197328,innovation-rhodium18b,high,MI,missing,gas_subpeak_steam/CT,missing,missing,missing,missing,missing,missing,missing,missing,EJ
1716,0.0054462,0.0052676,0.0063038,0.0062941,0.0062873,0.0062882,0.0062741,0.0062215,0.0062284,innovation-rhodium18b,high,MI,missing,hydro_base,missing,missing,missing,missing,missing,missing,missing,missing,EJ
1717,0.0824680999999999,0.1226866,0.1083957,0.1052259,0.0965149,0.0768696,0.0472077,0.0215445,0.0,innovation-rhodium18b,high,MI,missing,nuc_base_Gen II,missing,missing,missing,missing,missing,missing,missing,missing,EJ
1718,0.0,0.0,0.0,0.0,0.0346406,0.0462758,0.0553214899999999,0.07141198,0.08143432,innovation-rhodium18b,high,MI,missing,nuc_base_Gen III,missing,missing,missing,missing,missing,missing,missing,missing,EJ
1719,0.0,0.0,0.00100504,0.000908123,0.000377496,0.00041026,0.000371241,0.00026056,0.000178559,innovation-rhodium18b,high,MI,missing,refined liquids_peak_steam/CT,missing,missing,missing,missing,missing,missing,missing,missing,EJ
1720,0.0032204,0.00373929,0.00142154,0.00118562,0.000540517,0.000568898,0.000501395,0.000355057,0.000243791,innovation-rhodium18b,high,MI,missing,refined liquids_subpeak_steam/CT,missing,missing,missing,missing,missing,missing,missing,missing,EJ
1721,0.0,0.0,5.64368e-05,0.000386785,0.00294196,0.00471536,0.00634403,0.00490723,0.00626752,innovation-rhodium18b,high,MI,missing,rooftop_pv,missing,missing,missing,missing,missing,missing,missing,missing,EJ
1722,0.0,3.89999e-06,0.0325337,0.04697,0.1329509999999999,0.1593847,0.1794295,0.2037722,0.2062555999999999,innovation-rhodium18b,high,MI,missing,wind_base,missing,missing,missing,missing,missing,missing,missing,missing,EJ
1723,0.0,0.0,0.0,0.000988909,0.018140809,0.024806149,0.030836569,0.042780369,0.0508293299999999,innovation-rhodium18b,high,MI,missing,wind_base_offshore,missing,missing,missing,missing,missing,missing,missing,missing,EJ
1724,0.0,0.0,0.000573772,0.000899635,0.0035448349999999,0.004397508,0.0050402419999999,0.006156162,0.006275111,innovation-rhodium18b,high,MI,missing,wind_base_storage,missing,missing,missing,missing,missing,missing,missing,missing,EJ
1725,0.0,1.6e-06,0.00437245,0.00437245,0.00437245,0.00437245,0.00437245,0.0,0.0,innovation-rhodium18b,high,MI,missing,wind_int,missing,missing,missing,missing,missing,missing,missing,missing,EJ
1726,0.0,9.99998e-07,0.00262342,0.00262342,0.00262342,0.00262342,0.00262342,0.0,0.0,innovation-rhodium18b,high,MI,missing,wind_subpeak,missing,missing,missing,missing,missing,missing,missing,missing,EJ
1727,0.0,0.0,8.96584e-06,2.129584e-05,0.00013906584000000002,0.00021919774,0.00025283514,0.00032147444,0.0003432426,innovation-rhodium18b,high,MN,missing,PV_base_storage,missing,missing,missing,missing,missing,missing,missing,missing,EJ
1728,0.0,0.0,0.00174061,0.0042005,0.0158802,0.02009102,0.02295511,0.03202444,0.03603068,innovation-rhodium18b,high,MN,missing,PV_int,missing,missing,missing,missing,missing,missing,missing,missing,EJ
1729,0.0,0.0,0.000378181,0.000680548,0.001203073,0.001416102,0.00172578,0.002064579,0.002426824,innovation-rhodium18b,high,MN,missing,PV_peak,missing,missing,missing,missing,missing,missing,missing,missing,EJ
1730,0.0,0.0,4.55933e-05,0.0002086953,0.0009446973,0.0014822793,0.0024450323,0.0107272526999999,0.012714159,innovation-rhodium18b,high,MN,missing,PV_subpeak,missing,missing,missing,missing,missing,missing,missing,missing,EJ
1731,0.0,0.0,5.30733e-05,0.000149833611,0.00075066437,0.00056908507,0.00026849905,0.000451639258,0.000203738377,innovation-rhodium18b,high,MN,missing,biogas_base_CC,missing,missing,missing,missing,missing,missing,missing,missing,EJ
1732,0.0,0.0,0.0,0.0,0.000658427,0.0005774806,0.0003051826,0.0006509368,0.00033066959,innovation-rhodium18b,high,MN,missing,biogas_base_CC_CCS,missing,missing,missing,missing,missing,missing,missing,missing,EJ
1733,0.0,0.0,0.000104206,0.00016546391,0.0005882077,0.0004262842,0.0004106006,0.0014921915,0.0014825917,innovation-rhodium18b,high,MN,missing,biogas_int_CC,missing,missing,missing,missing,missing,missing,missing,missing,EJ
1734,0.0,0.0,0.0,0.0,0.000312144,0.000264034,0.00028665470000000003,0.0012401411,0.0015751631,innovation-rhodium18b,high,MN,missing,biogas_int_CC_CCS,missing,missing,missing,missing,missing,missing,missing,missing,EJ
1735,0.0,0.0,5.66332e-07,5.270961e-07,1.0152476e-06,7.622392999999999e-07,1.1751214e-06,2.495729e-06,4.714145e-06,innovation-rhodium18b,high,MN,missing,biogas_peak_CC,missing,missing,missing,missing,missing,missing,missing,missing,EJ
1736,0.0,0.0,0.0,0.0,1.54653e-07,1.20754e-07,2.029373e-07,5.271793e-07,1.0722883e-06,innovation-rhodium18b,high,MN,missing,biogas_peak_CC_CCS,missing,missing,missing,missing,missing,missing,missing,missing,EJ
1737,0.0,0.0,5.297777999999999e-07,4.55609809e-07,8.344861320000001e-07,4.910038199999999e-07,7.72295194e-07,1.4119533100000005e-06,2.9708868399999995e-06,innovation-rhodium18b,high,MN,missing,biogas_peak_steam/CT,missing,missing,missing,missing,missing,missing,missing,missing,EJ
1738,0.0,0.0,1.97773e-07,1.2272623e-06,5.9004622e-06,6.8522456000000005e-06,1.34831325e-05,0.0001677005637,0.0001018663824,innovation-rhodium18b,high,MN,missing,biogas_subpeak_CC,missing,missing,missing,missing,missing,missing,missing,missing,EJ
1739,0.0,0.0,0.0,0.0,1.43326e-06,1.833417e-06,3.820691e-06,5.1811293e-05,5.0753939e-05,innovation-rhodium18b,high,MN,missing,biogas_subpeak_CC_CCS,missing,missing,missing,missing,missing,missing,missing,missing,EJ
1740,0.0,0.0,1.346346e-07,8.064457159999999e-07,3.768620411e-06,3.903319517e-06,7.586675e-06,0.00010129199551300004,3.052522881100001e-05,innovation-rhodium18b,high,MN,missing,biogas_subpeak_steam/CT,missing,missing,missing,missing,missing,missing,missing,missing,EJ
1741,0.0,0.0,8.30393e-05,0.0001444023,0.0005906357,0.0008833571,0.0009105274,0.00078102122,0.00054780811,innovation-rhodium18b,high,MN,missing,biomass_base_IGCC,missing,missing,missing,missing,missing,missing,missing,missing,EJ
1742,0.0,0.0,0.0,0.0,0.000953878,0.002015538,0.002476228,0.006845508,0.008953966,innovation-rhodium18b,high,MN,missing,biomass_base_IGCC_CCS,missing,missing,missing,missing,missing,missing,missing,missing,EJ
1743,0.000965628,0.001280812,0.0003793667,0.0003732451,0.001601782,0.0019199579999999,0.0015021734999999,0.0008746752200000001,0.00049243105,innovation-rhodium18b,high,MN,missing,biomass_base_conv,missing,missing,missing,missing,missing,missing,missing,missing,EJ
1744,0.0,0.0,0.0,0.0,0.00222921,0.00520216,0.00637552,0.03503386,0.04754098,innovation-rhodium18b,high,MN,missing,biomass_base_conv_CCS,missing,missing,missing,missing,missing,missing,missing,missing,EJ
1745,0.0,0.0,1.387063e-05,2.39386e-05,5.308586e-05,6.854222e-05,8.041777999999999e-05,0.00015397985,0.00020189374000000005,innovation-rhodium18b,high,MN,missing,biomass_int_IGCC,missing,missing,missing,missing,missing,missing,missing,missing,EJ
1746,0.0,0.0,0.0,0.0,2.22078e-05,3.622503e-05,4.817652e-05,0.00014645886,0.0002196688,innovation-rhodium18b,high,MN,missing,biomass_int_IGCC_CCS,missing,missing,missing,missing,missing,missing,missing,missing,EJ
1747,0.000965625,0.001280812,0.0013801035,0.0012477876,0.0017049839,0.0016575784,0.0013353101999999,0.0013422761,0.0010846091,innovation-rhodium18b,high,MN,missing,biomass_int_conv,missing,missing,missing,missing,missing,missing,missing,missing,EJ
1748,0.0,0.0,0.0,0.0,4.49688e-05,7.42492e-05,9.82134e-05,0.00032814060000000003,0.0004938969,innovation-rhodium18b,high,MN,missing,biomass_int_conv_CCS,missing,missing,missing,missing,missing,missing,missing,missing,EJ
1749,0.0,0.0,0.0,0.0,0.001950142,0.003345965,0.004026372,0.005136677,0.00568451,innovation-rhodium18b,high,MN,missing,coal_base_IGCC_CCS,missing,missing,missing,missing,missing,missing,missing,missing,EJ
1750,0.0557834,0.0708680999999999,0.0,0.0,0.0,0.0,0.0,0.0,0.0,innovation-rhodium18b,high,MN,missing,coal_base_conv pul,missing,missing,missing,missing,missing,missing,missing,missing,EJ
1751,0.0,0.0,0.000508412,0.000475545,6.36602e-05,0.0,0.0,0.0,0.0,innovation-rhodium18b,high,MN,missing,coal_base_conv pul 1951-1955,missing,missing,missing,missing,missing,missing,missing,missing,EJ
1752,0.0,0.0,0.00646971,0.00615301,0.0008711999999999999,0.000328556,0.0,0.0,0.0,innovation-rhodium18b,high,MN,missing,coal_base_conv pul 1956-1960,missing,missing,missing,missing,missing,missing,missing,missing,EJ
1753,0.0,0.0,0.000961974,0.0008559360000000001,9.89124e-05,0.0,0.0,0.0,0.0,innovation-rhodium18b,high,MN,missing,coal_base_conv pul 1961-1965,missing,missing,missing,missing,missing,missing,missing,missing,EJ
1754,0.0,0.0,0.00515786,0.00515365,0.000886586,0.000594518,0.000502661,1.279614e-05,4.88036e-06,innovation-rhodium18b,high,MN,missing,coal_base_conv pul 1971-1975,missing,missing,missing,missing,missing,missing,missing,missing,EJ
1755,0.0,0.0,0.02467633,0.02195624,0.00253727,0.0,0.0,0.0,0.0,innovation-rhodium18b,high,MN,missing,coal_base_conv pul 1976-1980,missing,missing,missing,missing,missing,missing,missing,missing,EJ
1756,0.0,0.0,9.12796e-05,9.1274e-05,1.575489e-05,1.072395e-05,9.66824e-06,3.13752e-07,2.283443e-07,innovation-rhodium18b,high,MN,missing,coal_base_conv pul 1981-1985,missing,missing,missing,missing,missing,missing,missing,missing,EJ
1757,0.0,0.0,0.01158624,0.01060391,0.001326667,0.0,0.0,0.0,0.0,innovation-rhodium18b,high,MN,missing,coal_base_conv pul 1986-1990,missing,missing,missing,missing,missing,missing,missing,missing,EJ
1758,0.0,0.0,3.1895e-05,3.18939e-05,5.50591e-06,3.74976e-06,3.3888e-06,1.111626e-07,8.47669e-08,innovation-rhodium18b,high,MN,missing,coal_base_conv pul 1996-2000,missing,missing,missing,missing,missing,missing,missing,missing,EJ
1759,0.0,0.0,0.0,0.0,0.00216887,0.003649494,0.004353462,0.005367616,0.005868195,innovation-rhodium18b,high,MN,missing,coal_base_conv pul_CCS,missing,missing,missing,missing,missing,missing,missing,missing,EJ
1760,0.002522196,0.0032042399999999,0.0,0.0,0.0,0.0,0.0,0.0,0.0,innovation-rhodium18b,high,MN,missing,coal_base_conv pul_retire_2020,missing,missing,missing,missing,missing,missing,missing,missing,EJ
1761,0.0,0.0,0.0,0.0,0.0001639899,0.0002485483,0.0003173214,0.0006730028000000001,0.0009146633,innovation-rhodium18b,high,MN,missing,coal_int_IGCC_CCS,missing,missing,missing,missing,missing,missing,missing,missing,EJ
1762,0.0459361999999999,0.0542375,0.0,0.0,0.0,0.0,0.0,0.0,0.0,innovation-rhodium18b,high,MN,missing,coal_int_conv pul,missing,missing,missing,missing,missing,missing,missing,missing,EJ
1763,0.0,0.0,0.000391429,0.000366137,0.0001520359,0.0,0.0,0.0,0.0,innovation-rhodium18b,high,MN,missing,coal_int_conv pul 1951-1955,missing,missing,missing,missing,missing,missing,missing,missing,EJ
1764,0.0,0.0,0.00498107,0.00473739,0.002080632,0.000982674,0.0,0.0,0.0,innovation-rhodium18b,high,MN,missing,coal_int_conv pul 1956-1960,missing,missing,missing,missing,missing,missing,missing,missing,EJ
1765,0.0,0.0,0.0007406299999999999,0.000659012,0.0002362254,0.0,0.0,0.0,0.0,innovation-rhodium18b,high,MN,missing,coal_int_conv pul 1961-1965,missing,missing,missing,missing,missing,missing,missing,missing,EJ
1766,0.0,0.0,0.00397108,0.0039679599999999,0.00211738,0.0017781379999999,0.001769283,0.000744505,0.000330459,innovation-rhodium18b,high,MN,missing,coal_int_conv pul 1971-1975,missing,missing,missing,missing,missing,missing,missing,missing,EJ
1767,0.0,0.0,0.01899845,0.01690479,0.0060596,0.0,0.0,0.0,0.0,innovation-rhodium18b,high,MN,missing,coal_int_conv pul 1976-1980,missing,missing,missing,missing,missing,missing,missing,missing,EJ
1768,0.0,0.0,7.02768e-05,7.027469999999999e-05,3.76264e-05,3.2074200000000005e-05,3.40307e-05,1.825466e-05,1.5461649999999998e-05,innovation-rhodium18b,high,MN,missing,coal_int_conv pul 1981-1985,missing,missing,missing,missing,missing,missing,missing,missing,EJ
1769,0.0,0.0,0.0089203199999999,0.00816428,0.00316839,0.0,0.0,0.0,0.0,innovation-rhodium18b,high,MN,missing,coal_int_conv pul 1986-1990,missing,missing,missing,missing,missing,missing,missing,missing,EJ
1770,0.0,0.0,2.455623e-05,2.455611e-05,1.314939e-05,1.121509e-05,1.192803e-05,6.46766e-06,5.73974e-06,innovation-rhodium18b,high,MN,missing,coal_int_conv pul 1996-2000,missing,missing,missing,missing,missing,missing,missing,missing,EJ
1771,0.0,0.0,0.0,0.0,0.0001925249,0.0002862525,0.0003593208,0.0007193735999999999,0.0009569292,innovation-rhodium18b,high,MN,missing,coal_int_conv pul_CCS,missing,missing,missing,missing,missing,missing,missing,missing,EJ
1772,0.002076969,0.002452302,0.0,0.0,0.0,0.0,0.0,0.0,0.0,innovation-rhodium18b,high,MN,missing,coal_int_conv pul_retire_2020,missing,missing,missing,missing,missing,missing,missing,missing,EJ
1773,0.000551982,0.0,0.0,0.0,0.0,0.0,0.0,0.0,0.0,innovation-rhodium18b,high,MN,missing,coal_peak_conv pul,missing,missing,missing,missing,missing,missing,missing,missing,EJ
1774,2.495745e-05,0.0,0.0,0.0,0.0,0.0,0.0,0.0,0.0,innovation-rhodium18b,high,MN,missing,coal_peak_conv pul_retire_2020,missing,missing,missing,missing,missing,missing,missing,missing,EJ
1775,0.0036112,0.0,0.0,0.0,0.0,0.0,0.0,0.0,0.0,innovation-rhodium18b,high,MN,missing,coal_subpeak_conv pul,missing,missing,missing,missing,missing,missing,missing,missing,EJ
1776,0.0001632776,0.0,0.0,0.0,0.0,0.0,0.0,0.0,0.0,innovation-rhodium18b,high,MN,missing,coal_subpeak_conv pul_retire_2020,missing,missing,missing,missing,missing,missing,missing,missing,EJ
1777,0.0002497071,0.00168192,0.00575706,0.011473789,0.016790431,0.019017995,0.018962116,0.0066755739,0.0047578004999999,innovation-rhodium18b,high,MN,missing,gas_base_CC,missing,missing,missing,missing,missing,missing,missing,missing,EJ
1778,0.0,0.0,0.0,0.0,0.00792709,0.01318552,0.01547788,0.01851278,0.01957732,innovation-rhodium18b,high,MN,missing,gas_base_CC_CCS,missing,missing,missing,missing,missing,missing,missing,missing,EJ
1779,6.840169999999999e-05,0.000460704,0.01722763,0.0191893,0.02039361,0.0201903599999999,0.0196650399999999,0.02245838,0.0234928299999999,innovation-rhodium18b,high,MN,missing,gas_int_CC,missing,missing,missing,missing,missing,missing,missing,missing,EJ
1780,0.0,0.0,0.0,0.0,0.00179612,0.002665213,0.003344762,0.006765948,0.0089804139999999,innovation-rhodium18b,high,MN,missing,gas_int_CC_CCS,missing,missing,missing,missing,missing,missing,missing,missing,EJ
1781,0.00012320849999999998,0.001068731,0.0011928029999999,0.00109252222,0.00087769016,0.00073414165,0.0005846345,0.00044224126,0.00032635671,innovation-rhodium18b,high,MN,missing,gas_peak_CC,missing,missing,missing,missing,missing,missing,missing,missing,EJ
1782,0.0,0.0,0.0,0.0,4.81809e-07,7.52235e-07,1.203818e-06,2.027122e-06,3.888377e-06,innovation-rhodium18b,high,MN,missing,gas_peak_CC_CCS,missing,missing,missing,missing,missing,missing,missing,missing,EJ
1783,9.13063e-05,0.000375911,0.00060574,0.000538242,0.000216586,0.000182924,0.000148325,0.000109761,6.83708e-05,innovation-rhodium18b,high,MN,missing,gas_peak_steam/CT,missing,missing,missing,missing,missing,missing,missing,missing,EJ
1784,0.000647115,0.00561376,0.001605393,0.001728556,0.0014843959999999,0.0013355025,0.0012207724,0.0018888803,0.001882968,innovation-rhodium18b,high,MN,missing,gas_subpeak_CC,missing,missing,missing,missing,missing,missing,missing,missing,EJ
1785,0.0,0.0,0.0,0.0,5.88569e-06,1.177935e-05,2.383288e-05,0.00019229742,0.00023434717,innovation-rhodium18b,high,MN,missing,gas_subpeak_CC_CCS,missing,missing,missing,missing,missing,missing,missing,missing,EJ
1786,0.000479411,0.00197462,0.000749122,0.000675599,0.000285884,0.000235418,0.00019005,0.000148064,9.33821e-05,innovation-rhodium18b,high,MN,missing,gas_subpeak_steam/CT,missing,missing,missing,missing,missing,missing,missing,missing,EJ
1787,0.0023259,0.002372,0.0031485,0.0031436,0.0031402,0.0031407,0.0031336,0.0031074,0.0031108,innovation-rhodium18b,high,MN,missing,hydro_base,missing,missing,missing,missing,missing,missing,missing,missing,EJ
1788,0.0463248,0.0479054,0.0451371,0.0451368,0.0421876,0.0,0.0,0.0,0.0,innovation-rhodium18b,high,MN,missing,nuc_base_Gen II,missing,missing,missing,missing,missing,missing,missing,missing,EJ
1789,0.0,0.0,0.0,0.0,0.00973943,0.01639326,0.0192124,0.0250179499999999,0.02764043,innovation-rhodium18b,high,MN,missing,nuc_base_Gen III,missing,missing,missing,missing,missing,missing,missing,missing,EJ
1790,0.0,0.0,4.206573e-05,3.447168e-05,1.126082e-05,1.2207530000000002e-05,1.03709e-05,9.78383e-06,6.652984e-06,innovation-rhodium18b,high,MN,missing,refined liquids_peak_steam/CT,missing,missing,missing,missing,missing,missing,missing,missing,EJ
1791,0.00171994,0.003047234,4.60753e-05,4.046326e-05,1.247081e-05,1.29826e-05,1.096267e-05,1.080398e-05,7.38205e-06,innovation-rhodium18b,high,MN,missing,refined liquids_subpeak_steam/CT,missing,missing,missing,missing,missing,missing,missing,missing,EJ
1792,0.0,0.0,4.88328e-05,0.000335796,0.00204379,0.0031587,0.00398577,0.00314755,0.00401776,innovation-rhodium18b,high,MN,missing,rooftop_pv,missing,missing,missing,missing,missing,missing,missing,missing,EJ
1793,7.0002e-07,0.00343164,0.02484346,0.03206752,0.06141842,0.07725262,0.08435609,0.08671089,0.09429523,innovation-rhodium18b,high,MN,missing,wind_base,missing,missing,missing,missing,missing,missing,missing,missing,EJ
1794,0.0,0.0,0.0,0.000277376,0.003866446,0.006425036,0.007732546,0.011792476,0.0136055,innovation-rhodium18b,high,MN,missing,wind_base_offshore,missing,missing,missing,missing,missing,missing,missing,missing,EJ
1795,0.0,0.0,8.35436e-05,0.0002344136,0.0012464136,0.0018974446,0.0021681636,0.0027499186,0.002924446,innovation-rhodium18b,high,MN,missing,wind_base_storage,missing,missing,missing,missing,missing,missing,missing,missing,EJ
1796,3.00008e-07,0.00142991,0.00888714,0.00888714,0.00888714,0.00888714,0.00888714,0.0,0.0,innovation-rhodium18b,high,MN,missing,wind_int,missing,missing,missing,missing,missing,missing,missing,missing,EJ
1797,2.00005e-07,0.00085791,0.00533223,0.00533223,0.00533223,0.00533223,0.00533223,0.0,0.0,innovation-rhodium18b,high,MN,missing,wind_subpeak,missing,missing,missing,missing,missing,missing,missing,missing,EJ
1798,0.0,0.0,2.35089e-05,3.059394e-05,8.347944e-05,0.00012008064,0.00015775224,0.00021512154,0.00022303064,innovation-rhodium18b,high,MS,missing,PV_base_storage,missing,missing,missing,missing,missing,missing,missing,missing,EJ
1799,0.0,0.0,0.00431788,0.00853411,0.02115851,0.0283508899999999,0.0343599,0.0477811999999999,0.05412202,innovation-rhodium18b,high,MS,missing,PV_int,missing,missing,missing,missing,missing,missing,missing,missing,EJ
1800,0.0,0.0,0.00034283,0.000594006,0.001132797,0.001334339,0.001517692,0.001976265,0.002228606,innovation-rhodium18b,high,MS,missing,PV_peak,missing,missing,missing,missing,missing,missing,missing,missing,EJ
1801,0.0,0.0,0.00184288,0.00340723,0.00659974,0.0079616399999999,0.0092027499999999,0.0129533899999999,0.01466362,innovation-rhodium18b,high,MS,missing,PV_subpeak,missing,missing,missing,missing,missing,missing,missing,missing,EJ
1802,0.0,0.0,0.000117682,7.367159300000001e-05,0.00029339822,0.00023226413,0.00024726481,0.000326215777,0.000181881698,innovation-rhodium18b,high,MS,missing,biogas_base_CC,missing,missing,missing,missing,missing,missing,missing,missing,EJ
1803,0.0,0.0,0.0,0.0,0.000252644,0.0002339524,0.0002714072,0.000482449,0.00031227802,innovation-rhodium18b,high,MS,missing,biogas_base_CC_CCS,missing,missing,missing,missing,missing,missing,missing,missing,EJ
1804,0.0,0.0,0.000200321,0.00022478742,0.0005146809,0.0005342425,0.0006909231,0.0015598098,0.0017660987,innovation-rhodium18b,high,MS,missing,biogas_int_CC,missing,missing,missing,missing,missing,missing,missing,missing,EJ
1805,0.0,0.0,0.0,0.0,0.00026695,0.0003140281,0.0004543251,0.001346458,0.001883169,innovation-rhodium18b,high,MS,missing,biogas_int_CC_CCS,missing,missing,missing,missing,missing,missing,missing,missing,EJ
1806,0.0,0.0,3.94354e-07,3.37284e-07,7.942907e-07,5.194847e-07,6.919567e-07,1.8083369e-06,2.6809175e-06,innovation-rhodium18b,high,MS,missing,biogas_peak_CC,missing,missing,missing,missing,missing,missing,missing,missing,EJ
1807,0.0,0.0,0.0,0.0,1.24718e-07,8.53496e-08,1.228694e-07,3.841898e-07,6.570596e-07,innovation-rhodium18b,high,MS,missing,biogas_peak_CC_CCS,missing,missing,missing,missing,missing,missing,missing,missing,EJ
1808,0.0,0.0,3.696752e-07,2.9635071e-07,6.72522556e-07,3.6732115500000004e-07,4.3447542800000005e-07,1.2689905860000004e-06,1.7760374499999995e-06,innovation-rhodium18b,high,MS,missing,biogas_peak_steam/CT,missing,missing,missing,missing,missing,missing,missing,missing,EJ
1809,0.0,0.0,9.84727e-06,9.865745e-06,2.0748594e-05,1.6062235e-05,2.213699e-05,6.403928e-05,7.846118999999999e-05,innovation-rhodium18b,high,MS,missing,biogas_subpeak_CC,missing,missing,missing,missing,missing,missing,missing,missing,EJ
1810,0.0,0.0,0.0,0.0,4.87893e-06,4.027692e-06,6.053364e-06,2.137168e-05,3.2296030000000006e-05,innovation-rhodium18b,high,MS,missing,biogas_subpeak_CC_CCS,missing,missing,missing,missing,missing,missing,missing,missing,EJ
1811,0.0,0.0,6.71872e-06,6.319556329999999e-06,1.292215376e-05,8.15378e-06,9.7222994e-06,3.327171400000001e-05,3.47261347e-05,innovation-rhodium18b,high,MS,missing,biogas_subpeak_steam/CT,missing,missing,missing,missing,missing,missing,missing,missing,EJ
1812,0.0,0.0,1.657961e-05,1.830326e-05,6.525924e-05,0.00010523653,0.00015115987999999995,0.00023625639,0.000227345696,innovation-rhodium18b,high,MS,missing,biomass_base_IGCC,missing,missing,missing,missing,missing,missing,missing,missing,EJ
1813,0.0,0.0,0.0,0.0,9.29e-05,0.0002294476,0.0004057074,0.0018925715,0.002888962,innovation-rhodium18b,high,MS,missing,biomass_base_IGCC_CCS,missing,missing,missing,missing,missing,missing,missing,missing,EJ
1814,0.0,0.0,3.2846309e-05,2.4385518e-05,9.767481e-05,0.00014034001,0.000179070317,0.000232778573,0.0001760684959,innovation-rhodium18b,high,MS,missing,biomass_base_conv,missing,missing,missing,missing,missing,missing,missing,missing,EJ
1815,0.0,0.0,0.0,0.0,0.0002076363,0.000577784,0.0010092197,0.0111857744,0.0173029889,innovation-rhodium18b,high,MS,missing,biomass_base_conv_CCS,missing,missing,missing,missing,missing,missing,missing,missing,EJ
1816,0.0,0.0,4.92235e-06,9.2883e-06,1.989451e-05,3.1147850000000004e-05,4.604248e-05,9.582277e-05,0.00014474791999999998,innovation-rhodium18b,high,MS,missing,biomass_int_IGCC,missing,missing,missing,missing,missing,missing,missing,missing,EJ
1817,0.0,0.0,0.0,0.0,8.08722e-06,1.809474e-05,3.211805e-05,9.974926e-05,0.00017324993999999998,innovation-rhodium18b,high,MS,missing,biomass_int_IGCC_CCS,missing,missing,missing,missing,missing,missing,missing,missing,EJ
1818,0.0,0.0,1.916536e-05,2.577236e-05,5.036715e-05,7.20943e-05,9.736562e-05,0.00018029299,0.00025261568,innovation-rhodium18b,high,MS,missing,biomass_int_conv,missing,missing,missing,missing,missing,missing,missing,missing,EJ
1819,0.0,0.0,0.0,0.0,1.538276e-05,3.503057e-05,6.137371999999999e-05,0.00021066525,0.00036728399,innovation-rhodium18b,high,MS,missing,biomass_int_conv_CCS,missing,missing,missing,missing,missing,missing,missing,missing,EJ
1820,0.0,0.0,0.0,0.0,0.0006250159999999999,0.001079492,0.001625259,0.002329336,0.0027468099999999,innovation-rhodium18b,high,MS,missing,coal_base_IGCC_CCS,missing,missing,missing,missing,missing,missing,missing,missing,EJ
1821,0.01338276,0.02844299,0.0,0.0,0.0,0.0,0.0,0.0,0.0,innovation-rhodium18b,high,MS,missing,coal_base_conv pul,missing,missing,missing,missing,missing,missing,missing,missing,EJ
1822,0.0,0.0,0.00396785,0.00396703,0.0008493088000000001,0.0004629258,0.0004373306,2.148509e-05,1.16557e-05,innovation-rhodium18b,high,MS,missing,coal_base_conv pul 1976-1980,missing,missing,missing,missing,missing,missing,missing,missing,EJ
1823,0.0,0.0,0.004348932,0.00434864,0.0009315912,0.0005091973,0.0004869987,2.517762e-05,1.61761e-05,innovation-rhodium18b,high,MS,missing,coal_base_conv pul 1981-1985,missing,missing,missing,missing,missing,missing,missing,missing,EJ
1824,0.0,0.0,0.010040386,0.01004066,0.002151894,0.001178453,0.001136738,6.100612e-05,4.563157e-05,innovation-rhodium18b,high,MS,missing,coal_base_conv pul 2001-2005,missing,missing,missing,missing,missing,missing,missing,missing,EJ
1825,0.0,0.0,0.0,0.0,0.000676633,0.001146093,0.001698335,0.002345771,0.0027256529999999,innovation-rhodium18b,high,MS,missing,coal_base_conv pul_CCS,missing,missing,missing,missing,missing,missing,missing,missing,EJ
1826,0.002838772,0.006033373,0.0,0.0,0.0,0.0,0.0,0.0,0.0,innovation-rhodium18b,high,MS,missing,coal_base_conv pul_retire_2020,missing,missing,missing,missing,missing,missing,missing,missing,EJ
1827,0.0,0.0,0.0,0.0,0.0001305705,0.00023985370000000004,0.0003678279,0.0007180858,0.0010388916,innovation-rhodium18b,high,MS,missing,coal_int_IGCC_CCS,missing,missing,missing,missing,missing,missing,missing,missing,EJ
1828,0.01546122,0.02454992,0.0,0.0,0.0,0.0,0.0,0.0,0.0,innovation-rhodium18b,high,MS,missing,coal_int_conv pul,missing,missing,missing,missing,missing,missing,missing,missing,EJ
1829,0.0,0.0,0.0005864660999999999,0.0005863273000000001,0.0002093775,0.0001900296,0.0002405807,7.989362999999999e-05,5.678379e-05,innovation-rhodium18b,high,MS,missing,coal_int_conv pul 1976-1980,missing,missing,missing,missing,missing,missing,missing,missing,EJ
1830,0.0,0.0,0.0006427903,0.0006427295,0.0002296618,0.0002090227,0.0002679049,9.362465e-05,7.880597e-05,innovation-rhodium18b,high,MS,missing,coal_int_conv pul 1981-1985,missing,missing,missing,missing,missing,missing,missing,missing,EJ
1831,0.0,0.0,0.0014840119999999,0.00148401,0.0005304991000000001,0.0004837488000000001,0.0006253329999999999,0.0002268555,0.0002223056,innovation-rhodium18b,high,MS,missing,coal_int_conv pul 2001-2005,missing,missing,missing,missing,missing,missing,missing,missing,EJ
1832,0.0,0.0,0.0,0.0,0.000151404,0.00027115040000000003,0.000405836,0.000757326,0.0010702599,innovation-rhodium18b,high,MS,missing,coal_int_conv pul_CCS,missing,missing,missing,missing,missing,missing,missing,missing,EJ
1833,0.00327966,0.005207553,0.0,0.0,0.0,0.0,0.0,0.0,0.0,innovation-rhodium18b,high,MS,missing,coal_int_conv pul_retire_2020,missing,missing,missing,missing,missing,missing,missing,missing,EJ
1834,0.0001217779,0.0,0.0,0.0,0.0,0.0,0.0,0.0,0.0,innovation-rhodium18b,high,MS,missing,coal_peak_conv pul,missing,missing,missing,missing,missing,missing,missing,missing,EJ
1835,2.583161e-05,0.0,0.0,0.0,0.0,0.0,0.0,0.0,0.0,innovation-rhodium18b,high,MS,missing,coal_peak_conv pul_retire_2020,missing,missing,missing,missing,missing,missing,missing,missing,EJ
1836,0.0009050776,0.0,0.0,0.0,0.0,0.0,0.0,0.0,0.0,innovation-rhodium18b,high,MS,missing,coal_subpeak_conv pul,missing,missing,missing,missing,missing,missing,missing,missing,EJ
1837,0.000191986,0.0,0.0,0.0,0.0,0.0,0.0,0.0,0.0,innovation-rhodium18b,high,MS,missing,coal_subpeak_conv pul_retire_2020,missing,missing,missing,missing,missing,missing,missing,missing,EJ
1838,0.0,0.0,0.0120684068,0.01443159303,0.0153330840999999,0.01504835096,0.01579671316,0.0075581732779999,0.006077878342,innovation-rhodium18b,high,MS,missing,gas_base_CC,missing,missing,missing,missing,missing,missing,missing,missing,EJ
1839,0.0,0.0,0.0,0.0,0.00311964735,0.005262242,0.00765323421,0.0109700969199999,0.01268777908,innovation-rhodium18b,high,MS,missing,gas_base_CC_CCS,missing,missing,missing,missing,missing,missing,missing,missing,EJ
1840,0.013638832,0.0391368944,0.1263346428,0.122598483,0.10115921335,0.09051570887,0.0810918778199999,0.06750720313,0.06032033077,innovation-rhodium18b,high,MS,missing,gas_int_CC,missing,missing,missing,missing,missing,missing,missing,missing,EJ
1841,0.0,0.0,0.0,0.0,0.00155213211,0.0027745262,0.0041461773,0.00777589131,0.01094618331,innovation-rhodium18b,high,MS,missing,gas_int_CC_CCS,missing,missing,missing,missing,missing,missing,missing,missing,EJ
1842,0.0005334343,0.0019713957099999,0.00128528332306,0.00117161200289,0.0008884126096300001,0.00074527854789,0.00061250923462,0.0004152193399600001,0.00029671160805,innovation-rhodium18b,high,MS,missing,gas_peak_CC,missing,missing,missing,missing,missing,missing,missing,missing,EJ
1843,0.0,0.0,0.0,0.0,2.32220663e-07,3.54454303e-07,5.057400349999999e-07,9.79116269e-07,1.66525276e-06,innovation-rhodium18b,high,MS,missing,gas_peak_CC_CCS,missing,missing,missing,missing,missing,missing,missing,missing,EJ
1844,0.0003952249,0.0006933981,0.0006472940000000001,0.0005705861720000001,0.000174303106,0.00015352831399999994,0.00015849070099999997,7.615353799999998e-05,5.6046655e-05,innovation-rhodium18b,high,MS,missing,gas_peak_steam/CT,missing,missing,missing,missing,missing,missing,missing,missing,EJ
1845,0.00355071171,0.0131215526,0.0088489053819999,0.008160406983,0.00653698563,0.005566576987,0.004632917052,0.0034668105899999,0.002743379147,innovation-rhodium18b,high,MS,missing,gas_subpeak_CC,missing,missing,missing,missing,missing,missing,missing,missing,EJ
1846,0.0,0.0,0.0,0.0,1.23519998e-05,1.9772113700000004e-05,2.89001615e-05,6.283460500000001e-05,9.855791639999998e-05,innovation-rhodium18b,high,MS,missing,gas_subpeak_CC_CCS,missing,missing,missing,missing,missing,missing,missing,missing,EJ
1847,0.0026304595,0.004615423,0.0046101336,0.0041534601,0.0015841195,0.0014294599,0.00147512212,0.0008527767899999998,0.0007030313400000002,innovation-rhodium18b,high,MS,missing,gas_subpeak_steam/CT,missing,missing,missing,missing,missing,missing,missing,missing,EJ
1848,0.0283246,0.0376137,0.0439223,0.0439223,0.0439226,0.0439226,0.0439226,0.0,0.0,innovation-rhodium18b,high,MS,missing,nuc_base_Gen II,missing,missing,missing,missing,missing,missing,missing,missing,EJ
1849,0.0,0.0,0.0,0.0,0.00365553,0.00619531,0.00883337,0.01288752,0.01512731,innovation-rhodium18b,high,MS,missing,nuc_base_Gen III,missing,missing,missing,missing,missing,missing,missing,missing,EJ
1850,0.0,0.0,1.0244641e-05,9.0233369e-06,9.364374e-06,6.7067259e-06,4.951815899999999e-06,6.346291199999999e-07,3.7946052e-07,innovation-rhodium18b,high,MS,missing,refined liquids_base_steam/CT,missing,missing,missing,missing,missing,missing,missing,missing,EJ
1851,0.0021535243,0.0046274239,0.0,0.0,0.0,0.0,0.0,0.0,0.0,innovation-rhodium18b,high,MS,missing,refined liquids_int_steam/CT,missing,missing,missing,missing,missing,missing,missing,missing,EJ
1852,0.0,0.0,0.0,0.0,0.0,0.0,0.0,0.0,0.0,innovation-rhodium18b,high,MS,missing,refined liquids_peak_steam/CT,missing,missing,missing,missing,missing,missing,missing,missing,EJ
1853,0.0005383318,0.0011569048,0.0,0.0,0.0,0.0,0.0,0.0,0.0,innovation-rhodium18b,high,MS,missing,refined liquids_subpeak_steam/CT,missing,missing,missing,missing,missing,missing,missing,missing,EJ
1854,0.0,0.0,0.000121187,0.00100489,0.00543304,0.00661505,0.00803738,0.00652382,0.00781831,innovation-rhodium18b,high,MS,missing,rooftop_pv,missing,missing,missing,missing,missing,missing,missing,missing,EJ
1855,0.0,0.0,0.00130488,0.002058312,0.006509572,0.009337602,0.011711862,0.014381552,0.014517542,innovation-rhodium18b,high,MS,missing,wind_base,missing,missing,missing,missing,missing,missing,missing,missing,EJ
1856,0.0,0.0,0.0,4.52517e-05,0.0007771887,0.0013863347,0.0020512027,0.0029977857,0.0035290259999999,innovation-rhodium18b,high,MS,missing,wind_base_offshore,missing,missing,missing,missing,missing,missing,missing,missing,EJ
1857,0.0,0.0,2.79193e-05,4.13513e-05,0.0001199854,0.0001720178,0.0002230527,0.0002970903,0.0003092745,innovation-rhodium18b,high,MS,missing,wind_base_storage,missing,missing,missing,missing,missing,missing,missing,missing,EJ
1858,0.0,0.0,8.88076e-05,0.0001113882,0.0002334052,0.0002948947,0.0003445911,0.0004213568,0.000418869,innovation-rhodium18b,high,MO,missing,PV_base_storage,missing,missing,missing,missing,missing,missing,missing,missing,EJ
1859,0.0,0.0,0.026944,0.03535526,0.0757204599999999,0.0949437599999999,0.10959126,0.14647616,0.16315626,innovation-rhodium18b,high,MO,missing,PV_int,missing,missing,missing,missing,missing,missing,missing,missing,EJ
1860,0.0,0.0,0.000497809,0.000712313,0.00114648,0.001367416,0.001624049,0.001951111,0.002376326,innovation-rhodium18b,high,MO,missing,PV_peak,missing,missing,missing,missing,missing,missing,missing,missing,EJ
1861,0.0,0.0,0.0026912984,0.0040036384,0.0064448584,0.0079511384,0.0096647384,0.01330332,0.01592611,innovation-rhodium18b,high,MO,missing,PV_subpeak,missing,missing,missing,missing,missing,missing,missing,missing,EJ
1862,0.0,0.0,0.000391607,0.00020518568,0.00058516507,0.00033312043,0.00028240208,0.00037914472,0.000415744116,innovation-rhodium18b,high,MO,missing,biogas_base_CC,missing,missing,missing,missing,missing,missing,missing,missing,EJ
1863,0.0,0.0,0.0,0.0,0.000509639,0.000329119,0.00029932730000000005,0.0005379937699999999,0.00062952017,innovation-rhodium18b,high,MO,missing,biogas_base_CC_CCS,missing,missing,missing,missing,missing,missing,missing,missing,EJ
1864,0.0,0.0,0.00126153,0.0004944971,0.0018642777,0.0017335866,0.001894061,0.004566705,0.005759006,innovation-rhodium18b,high,MO,missing,biogas_int_CC,missing,missing,missing,missing,missing,missing,missing,missing,EJ
1865,0.0,0.0,0.0,0.0,0.000922701,0.000954499,0.0011721,0.003671197,0.005670826,innovation-rhodium18b,high,MO,missing,biogas_int_CC_CCS,missing,missing,missing,missing,missing,missing,missing,missing,EJ
1866,0.0,0.0,6.24089e-07,3.356102e-07,7.819894999999999e-07,6.83152e-07,9.382657e-07,1.6980867e-06,3.6899324e-06,innovation-rhodium18b,high,MO,missing,biogas_peak_CC,missing,missing,missing,missing,missing,missing,missing,missing,EJ
1867,0.0,0.0,0.0,0.0,1.17746e-07,1.063235e-07,1.610823e-07,3.666424e-07,8.358119e-07,innovation-rhodium18b,high,MO,missing,biogas_peak_CC_CCS,missing,missing,missing,missing,missing,missing,missing,missing,EJ
1868,0.0,0.0,5.74214e-07,2.79083343e-07,6.16341578e-07,4.1962745e-07,5.50331481e-07,9.601797199999998e-07,2.474784782e-06,innovation-rhodium18b,high,MO,missing,biogas_peak_steam/CT,missing,missing,missing,missing,missing,missing,missing,missing,EJ
1869,0.0,0.0,1.4689e-05,9.505723e-06,1.9385686e-05,2.086941e-05,2.881157e-05,7.23827e-05,0.00010261889,innovation-rhodium18b,high,MO,missing,biogas_subpeak_CC,missing,missing,missing,missing,missing,missing,missing,missing,EJ
1870,0.0,0.0,0.0,0.0,4.26727e-06,4.88367e-06,7.58814e-06,2.354731e-05,3.985553e-05,innovation-rhodium18b,high,MO,missing,biogas_subpeak_CC_CCS,missing,missing,missing,missing,missing,missing,missing,missing,EJ
1871,0.0,0.0,9.82365e-06,5.6722122e-06,1.09369487e-05,9.1511682e-06,1.1819786299999998e-05,3.32994889e-05,4.49834966e-05,innovation-rhodium18b,high,MO,missing,biogas_subpeak_steam/CT,missing,missing,missing,missing,missing,missing,missing,missing,EJ
1872,0.0,0.0,7.34494e-05,6.74926e-05,0.0001882288,0.00025167960000000003,0.00029974390000000003,0.00034304905,0.00041022302,innovation-rhodium18b,high,MO,missing,biomass_base_IGCC,missing,missing,missing,missing,missing,missing,missing,missing,EJ
1873,0.0,0.0,0.0,0.0,0.00023498,0.000484539,0.000734947,0.002904994,0.005880203,innovation-rhodium18b,high,MO,missing,biomass_base_IGCC_CCS,missing,missing,missing,missing,missing,missing,missing,missing,EJ
1874,0.0,0.0,0.00016778943000000002,0.00010862494,0.000328021,0.0003962118,0.00041550722,0.00038680532,0.000425337993,innovation-rhodium18b,high,MO,missing,biomass_base_conv,missing,missing,missing,missing,missing,missing,missing,missing,EJ
1875,0.0,0.0,0.0,0.0,0.000567577,0.001296674,0.001959792,0.017741667,0.0372499,innovation-rhodium18b,high,MO,missing,biomass_base_conv_CCS,missing,missing,missing,missing,missing,missing,missing,missing,EJ
1876,0.0,0.0,3.48524e-05,4.365731e-05,8.536083e-05,0.00011774604999999998,0.00015172715,0.00029818351,0.00049084514,innovation-rhodium18b,high,MO,missing,biomass_int_IGCC,missing,missing,missing,missing,missing,missing,missing,missing,EJ
1877,0.0,0.0,0.0,0.0,3.14462e-05,6.06907e-05,9.35027e-05,0.0002951258,0.0005863702,innovation-rhodium18b,high,MO,missing,biomass_int_IGCC_CCS,missing,missing,missing,missing,missing,missing,missing,missing,EJ
1878,0.0,0.0,0.0001667744,0.0001737463,0.0002953102,0.0003607529,0.0004147092,0.0006874296,0.0010167925,innovation-rhodium18b,high,MO,missing,biomass_int_conv,missing,missing,missing,missing,missing,missing,missing,missing,EJ
1879,0.0,0.0,0.0,0.0,6.42828e-05,0.0001259994,0.0001924468,0.0006700886,0.0013378456,innovation-rhodium18b,high,MO,missing,biomass_int_conv_CCS,missing,missing,missing,missing,missing,missing,missing,missing,EJ
1880,0.0,0.0,0.0,0.0,0.00171069,0.002616377,0.003471854,0.00458873,0.005994327,innovation-rhodium18b,high,MO,missing,coal_base_IGCC_CCS,missing,missing,missing,missing,missing,missing,missing,missing,EJ
1881,0.06641256,0.13131716,0.0,0.0,0.0,0.0,0.0,0.0,0.0,innovation-rhodium18b,high,MO,missing,coal_base_conv pul,missing,missing,missing,missing,missing,missing,missing,missing,EJ
1882,0.0,0.0,0.02853576,0.0283993499999999,0.004632562,0.002608828,0.0019461587,3.999248e-05,0.0,innovation-rhodium18b,high,MO,missing,coal_base_conv pul 1966-1970,missing,missing,missing,missing,missing,missing,missing,missing,EJ
1883,0.0,0.0,0.02640665,0.02637681,0.004372742,0.0026349549999999,0.00248241,8.257927999999999e-05,2.4812e-05,innovation-rhodium18b,high,MO,missing,coal_base_conv pul 1971-1975,missing,missing,missing,missing,missing,missing,missing,missing,EJ
1884,0.0,0.0,0.02870936,0.02870041,0.004775402,0.002924474,0.002948101,0.00012385329,6.024171e-05,innovation-rhodium18b,high,MO,missing,coal_base_conv pul 1976-1980,missing,missing,missing,missing,missing,missing,missing,missing,EJ
1885,0.0,0.0,0.0115520869999999,0.0115504629999999,0.0019232696,0.0011817015,0.0012086763,5.394677e-05,3.221641e-05,innovation-rhodium18b,high,MO,missing,coal_base_conv pul 1981-1985,missing,missing,missing,missing,missing,missing,missing,missing,EJ
1886,0.0,0.0,0.0065730829999999,0.006572596,0.0010947564,0.0006736035999999999,0.0006933687999999999,3.182615e-05,2.135865e-05,innovation-rhodium18b,high,MO,missing,coal_base_conv pul 2006-2010,missing,missing,missing,missing,missing,missing,missing,missing,EJ
1887,0.0,0.0,0.002888793,0.002888575,0.0004811324,0.0002960405,0.00030472720000000004,1.3987238e-05,9.386846e-06,innovation-rhodium18b,high,MO,missing,coal_base_conv pul 2011-2015,missing,missing,missing,missing,missing,missing,missing,missing,EJ
1888,0.0,0.0,0.0,0.0,0.001901877,0.002861512,0.0037471939999999,0.0048025839999999,0.006133105,innovation-rhodium18b,high,MO,missing,coal_base_conv pul_CCS,missing,missing,missing,missing,missing,missing,missing,missing,EJ
1889,0.0060250869999999,0.0119133649999999,0.0,0.0,0.0,0.0,0.0,0.0,0.0,innovation-rhodium18b,high,MO,missing,coal_base_conv pul_retire_2020,missing,missing,missing,missing,missing,missing,missing,missing,EJ
1890,0.0,0.0,0.0,0.0,0.0005325,0.000867802,0.001181592,0.002273692,0.003603349,innovation-rhodium18b,high,MO,missing,coal_int_IGCC_CCS,missing,missing,missing,missing,missing,missing,missing,missing,EJ
1891,0.09554225,0.1426299,0.0,0.0,0.0,0.0,0.0,0.0,0.0,innovation-rhodium18b,high,MO,missing,coal_int_conv pul,missing,missing,missing,missing,missing,missing,missing,missing,EJ
1892,0.0,0.0,0.0338187,0.03365933,0.021584524,0.017561053,0.013560695,0.002844492,0.0,innovation-rhodium18b,high,MO,missing,coal_int_conv pul 1966-1970,missing,missing,missing,missing,missing,missing,missing,missing,EJ
1893,0.0,0.0,0.03129536,0.03126222,0.020373894,0.01773687,0.0172972139999999,0.005873504,0.002232459,innovation-rhodium18b,high,MO,missing,coal_int_conv pul 1971-1975,missing,missing,missing,missing,missing,missing,missing,missing,EJ
1894,0.0,0.0,0.03402434,0.03401623,0.02225006,0.019685741,0.020542117,0.008809132,0.0054202469999999,innovation-rhodium18b,high,MO,missing,coal_int_conv pul 1976-1980,missing,missing,missing,missing,missing,missing,missing,missing,EJ
1895,0.0,0.0,0.013690772,0.013689762,0.008961128,0.007954506,0.008421936,0.003836994,0.002898669,innovation-rhodium18b,high,MO,missing,coal_int_conv pul 1981-1985,missing,missing,missing,missing,missing,missing,missing,missing,EJ
1896,0.0,0.0,0.007789972,0.007789942,0.005100803,0.004534276,0.004831342,0.002263662,0.0019217447,innovation-rhodium18b,high,MO,missing,coal_int_conv pul 2006-2010,missing,missing,missing,missing,missing,missing,missing,missing,EJ
1897,0.0,0.0,0.003423595,0.003423585,0.002241745,0.0019927636,0.002123317,0.0009948506,0.0008445824,innovation-rhodium18b,high,MO,missing,coal_int_conv pul 2011-2015,missing,missing,missing,missing,missing,missing,missing,missing,EJ
1898,0.0,0.0,0.0,0.0,0.000625056,0.0009968,0.00133014,0.002435643,0.003742885,innovation-rhodium18b,high,MO,missing,coal_int_conv pul_CCS,missing,missing,missing,missing,missing,missing,missing,missing,EJ
1899,0.008667798,0.01293963,0.0,0.0,0.0,0.0,0.0,0.0,0.0,innovation-rhodium18b,high,MO,missing,coal_int_conv pul_retire_2020,missing,missing,missing,missing,missing,missing,missing,missing,EJ
1900,0.0012922814,0.0,0.0,0.0,0.0,0.0,0.0,0.0,0.0,innovation-rhodium18b,high,MO,missing,coal_peak_conv pul,missing,missing,missing,missing,missing,missing,missing,missing,EJ
1901,0.00011723864,0.0,0.0,0.0,0.0,0.0,0.0,0.0,0.0,innovation-rhodium18b,high,MO,missing,coal_peak_conv pul_retire_2020,missing,missing,missing,missing,missing,missing,missing,missing,EJ
1902,0.007744846,0.0,0.0,0.0,0.0,0.0,0.0,0.0,0.0,innovation-rhodium18b,high,MO,missing,coal_subpeak_conv pul,missing,missing,missing,missing,missing,missing,missing,missing,EJ
1903,0.0007026287,0.0,0.0,0.0,0.0,0.0,0.0,0.0,0.0,innovation-rhodium18b,high,MO,missing,coal_subpeak_conv pul_retire_2020,missing,missing,missing,missing,missing,missing,missing,missing,EJ
1904,0.00016670438,0.0020832,0.0166002221,0.020942506,0.0208921432,0.0198485655,0.0206005077,0.00669928139,0.00572041742,innovation-rhodium18b,high,MO,missing,gas_base_CC,missing,missing,missing,missing,missing,missing,missing,missing,EJ
1905,0.0,0.0,0.0,0.0,0.00532089,0.00772363,0.00995971,0.01201062,0.01484028,innovation-rhodium18b,high,MO,missing,gas_base_CC_CCS,missing,missing,missing,missing,missing,missing,missing,missing,EJ
1906,8.770229e-05,0.0010957954,0.030295707,0.037077723,0.046207609,0.050913936,0.055193292,0.065180049,0.0764344241,innovation-rhodium18b,high,MO,missing,gas_int_CC,missing,missing,missing,missing,missing,missing,missing,missing,EJ
1907,0.0,0.0,0.0,0.0,0.00496721,0.0079113,0.01056425,0.01959923,0.0300986899999999,innovation-rhodium18b,high,MO,missing,gas_int_CC_CCS,missing,missing,missing,missing,missing,missing,missing,missing,EJ
1908,6.550086e-05,0.0010544946,0.0005732089500000001,0.00052316703,0.00041984976,0.0003513918999999999,0.00028139209,0.00020265924,0.00014714219,innovation-rhodium18b,high,MO,missing,gas_peak_CC,missing,missing,missing,missing,missing,missing,missing,missing,EJ
1909,0.0,0.0,0.0,0.0,2.18417e-07,3.59775e-07,5.54311e-07,9.06921e-07,1.898658e-06,innovation-rhodium18b,high,MO,missing,gas_peak_CC_CCS,missing,missing,missing,missing,missing,missing,missing,missing,EJ
1910,4.85007e-05,0.000370897,0.0002808831,0.00024609815,0.000105436817,9.015038599999998e-05,7.8018653e-05,4.6720668e-05,3.2436173999999995e-05,innovation-rhodium18b,high,MO,missing,gas_peak_steam/CT,missing,missing,missing,missing,missing,missing,missing,missing,EJ
1911,0.000424609,0.006833492,0.0039714999999999,0.003710037,0.003151629,0.0027320017,0.0023092486,0.001933546,0.0017131247,innovation-rhodium18b,high,MO,missing,gas_subpeak_CC,missing,missing,missing,missing,missing,missing,missing,missing,EJ
1912,0.0,0.0,0.0,0.0,1.06403e-05,1.899366e-05,3.019507e-05,6.412881000000001e-05,0.00011155902,innovation-rhodium18b,high,MO,missing,gas_subpeak_CC_CCS,missing,missing,missing,missing,missing,missing,missing,missing,EJ
1913,0.000314506,0.0024037,0.002073558,0.0018782489999999,0.0009842763,0.0008783476999999998,0.0008013915999999999,0.0006010055,0.000508525,innovation-rhodium18b,high,MO,missing,gas_subpeak_steam/CT,missing,missing,missing,missing,missing,missing,missing,missing,EJ
1914,0.0074394,0.0042624,0.0068439,0.0068334,0.0068259,0.0068269,0.0068116,0.0067545,0.006762,innovation-rhodium18b,high,MO,missing,hydro_base,missing,missing,missing,missing,missing,missing,missing,missing,EJ
1915,0.0305212,0.0299725,0.0391442,0.0391441,0.0391444,0.0391444,0.0391444,0.0,0.0,innovation-rhodium18b,high,MO,missing,nuc_base_Gen II,missing,missing,missing,missing,missing,missing,missing,missing,EJ
1916,0.0,0.0,0.0,0.0,0.00854898,0.01287398,0.0164015,0.0218999299999999,0.0281369,innovation-rhodium18b,high,MO,missing,nuc_base_Gen III,missing,missing,missing,missing,missing,missing,missing,missing,EJ
1917,0.0,0.0,0.0001118544,9.50816e-05,4.325759e-05,4.397205e-05,3.819278e-05,2.614043e-05,1.678085e-05,innovation-rhodium18b,high,MO,missing,refined liquids_peak_steam/CT,missing,missing,missing,missing,missing,missing,missing,missing,EJ
1918,0.0004384095,0.000765099,0.0001314934,0.0001099009,5.4929e-05,5.447339e-05,4.649094e-05,3.22659e-05,2.098251e-05,innovation-rhodium18b,high,MO,missing,refined liquids_subpeak_steam/CT,missing,missing,missing,missing,missing,missing,missing,missing,EJ
1919,0.0,0.0,0.000204301,0.00147852,0.00668488,0.00996189,0.0129234,0.0105649,0.0122478,innovation-rhodium18b,high,MO,missing,rooftop_pv,missing,missing,missing,missing,missing,missing,missing,missing,EJ
1920,0.0,0.0,0.02298766,0.03437866,0.07846836,0.09868676,0.11471276,0.1369187,0.1498918,innovation-rhodium18b,high,MO,missing,wind_base,missing,missing,missing,missing,missing,missing,missing,missing,EJ
1921,0.0,0.0,0.000464446,0.00069182,0.0018690999999999,0.002457392,0.002932437,0.003664968,0.004041559,innovation-rhodium18b,high,MO,missing,wind_base_storage,missing,missing,missing,missing,missing,missing,missing,missing,EJ
1922,0.0,0.0,0.000941682,0.000941682,0.000941682,0.000941682,0.000941682,0.0,0.0,innovation-rhodium18b,high,MO,missing,wind_int,missing,missing,missing,missing,missing,missing,missing,missing,EJ
1923,0.0,0.0,0.000564988,0.000564988,0.000564988,0.000564988,0.000564988,0.0,0.0,innovation-rhodium18b,high,MO,missing,wind_subpeak,missing,missing,missing,missing,missing,missing,missing,missing,EJ
1924,0.0,0.0,0.000101353,0.000200218,0.0006125810000000001,0.0008365080000000001,0.001013848,0.001300717,0.001390017,innovation-rhodium18b,high,MT,missing,CSP_base_storage,missing,missing,missing,missing,missing,missing,missing,missing,EJ
1925,0.0,0.0,0.001583614,0.002388632,0.005106492,0.0067057739999999,0.008022936,0.010156896,0.011934202,innovation-rhodium18b,high,MT,missing,CSP_int,missing,missing,missing,missing,missing,missing,missing,missing,EJ
1926,0.0,0.0,1.324848e-06,2.05365e-06,4.536710000000001e-06,5.8152560000000005e-06,6.992764e-06,8.610486e-06,1.1047798e-05,innovation-rhodium18b,high,MT,missing,CSP_peak,missing,missing,missing,missing,missing,missing,missing,missing,EJ
1927,3.17006e-05,2.85002e-05,0.00018540404,0.00019340716,0.00021625516,0.00022959326,0.00024210589999999995,0.0001084351,0.00012884466,innovation-rhodium18b,high,MT,missing,CSP_subpeak,missing,missing,missing,missing,missing,missing,missing,missing,EJ
1928,0.0,0.0,1.30269e-05,2.69147e-05,8.69581e-05,0.000120354,0.0001472272,0.0001911592,0.0002075339,innovation-rhodium18b,high,MT,missing,PV_base_storage,missing,missing,missing,missing,missing,missing,missing,missing,EJ
1929,0.0,0.0,0.00949048,0.0140446,0.02177116,0.02571005,0.02879879,0.03355477,0.03133673,innovation-rhodium18b,high,MT,missing,PV_int,missing,missing,missing,missing,missing,missing,missing,missing,EJ
1930,0.0,0.0,7.93972e-06,1.206267e-05,1.912172e-05,2.227066e-05,2.503191e-05,2.863734e-05,2.883825e-05,innovation-rhodium18b,high,MT,missing,PV_peak,missing,missing,missing,missing,missing,missing,missing,missing,EJ
1931,0.0,0.0,9.7124e-05,0.000142399,0.0002073531,0.0002402036,0.0002695457,0.00034872440000000005,0.000330831,innovation-rhodium18b,high,MT,missing,PV_subpeak,missing,missing,missing,missing,missing,missing,missing,missing,EJ
1932,0.0,0.0,8.37581e-05,0.000186724904,0.00042607551,0.000258850015,0.000214127501,0.00032295995500000003,0.000214206839,innovation-rhodium18b,high,MT,missing,biogas_base_CC,missing,missing,missing,missing,missing,missing,missing,missing,EJ
1933,0.0,0.0,0.0,0.0,0.000374984,0.00025972013,0.00022862219,0.00046057164,0.00033258587,innovation-rhodium18b,high,MT,missing,biogas_base_CC_CCS,missing,missing,missing,missing,missing,missing,missing,missing,EJ
1934,0.0,0.0,0.000720825,0.0005075982999999999,0.0010989881,0.000871364,0.0008341192,0.0012544265999999,0.0016853326,innovation-rhodium18b,high,MT,missing,biogas_int_CC,missing,missing,missing,missing,missing,missing,missing,missing,EJ
1935,0.0,0.0,0.0,0.0,0.000560259,0.000494881,0.0005309183,0.001138673,0.001746481,innovation-rhodium18b,high,MT,missing,biogas_int_CC_CCS,missing,missing,missing,missing,missing,missing,missing,missing,EJ
1936,0.0,0.0,1.54167e-08,1.1679557e-08,3.6136386e-08,2.1348358e-08,2.0350368e-08,2.8540322e-08,5.8094964e-08,innovation-rhodium18b,high,MT,missing,biogas_peak_CC,missing,missing,missing,missing,missing,missing,missing,missing,EJ
1937,0.0,0.0,0.0,0.0,5.78587e-09,3.5833650000000003e-09,3.6517909999999998e-09,6.4166649999999996e-09,1.2847955e-08,innovation-rhodium18b,high,MT,missing,biogas_peak_CC_CCS,missing,missing,missing,missing,missing,missing,missing,missing,EJ
1938,0.0,0.0,1.434538e-08,1.0239460000000001e-08,3.061457e-08,1.602878e-08,1.42718e-08,1.995419e-08,4.398337e-08,innovation-rhodium18b,high,MT,missing,biogas_peak_steam/CT,missing,missing,missing,missing,missing,missing,missing,missing,EJ
1939,0.0,0.0,3.83077e-07,4.476467e-07,1.4318953e-06,9.795593e-07,9.656096e-07,2.4756666000000003e-06,2.5394994e-06,innovation-rhodium18b,high,MT,missing,biogas_subpeak_CC,missing,missing,missing,missing,missing,missing,missing,missing,EJ
1940,0.0,0.0,0.0,0.0,3.48158e-07,2.581784e-07,2.769207e-07,8.502301e-07,1.0311908e-06,innovation-rhodium18b,high,MT,missing,biogas_subpeak_CC_CCS,missing,missing,missing,missing,missing,missing,missing,missing,EJ
1941,0.0,0.0,2.592916e-07,2.89496107e-07,9.03099733e-07,5.482341110000001e-07,5.010861110000001e-07,1.401647849e-06,1.3718295050000003e-06,innovation-rhodium18b,high,MT,missing,biogas_subpeak_steam/CT,missing,missing,missing,missing,missing,missing,missing,missing,EJ
1942,0.0,0.0,1.204942e-05,3.147233e-05,9.06671e-05,0.00012699114,0.00015200079,0.000215432732,0.000198275158,innovation-rhodium18b,high,MT,missing,biomass_base_IGCC,missing,missing,missing,missing,missing,missing,missing,missing,EJ
1943,0.0,0.0,0.0,0.0,0.0001456679,0.0003190896,0.0004943935,0.0020970171,0.0034057930999999,innovation-rhodium18b,high,MT,missing,biomass_base_IGCC_CCS,missing,missing,missing,missing,missing,missing,missing,missing,EJ
1944,9.82062e-05,0.0,2.438491e-05,4.686748e-05,0.00012644647,0.00015554603000000002,0.00016476823999999997,0.000234156259,0.00018436560000000007,innovation-rhodium18b,high,MT,missing,biomass_base_conv,missing,missing,missing,missing,missing,missing,missing,missing,EJ
1945,0.0,0.0,0.0,0.0,0.00033621300000000003,0.000821001,0.0012638939999999,0.012485417,0.020688136,innovation-rhodium18b,high,MT,missing,biomass_base_conv_CCS,missing,missing,missing,missing,missing,missing,missing,missing,EJ
1946,0.0,0.0,1.7339930000000002e-05,2.647226e-05,4.945401e-05,6.681263e-05,8.329144e-05,0.00011785436,0.00017769744000000002,innovation-rhodium18b,high,MT,missing,biomass_int_IGCC,missing,missing,missing,missing,missing,missing,missing,missing,EJ
1947,0.0,0.0,0.0,0.0,1.736654e-05,3.329419e-05,5.004807e-05,0.00010002,0.00019566223,innovation-rhodium18b,high,MT,missing,biomass_int_IGCC_CCS,missing,missing,missing,missing,missing,missing,missing,missing,EJ
1948,9.8203e-05,0.0,4.80509e-05,6.24544e-05,0.00011568807,0.00015076593,0.000178709,0.00023594279,0.00032606605,innovation-rhodium18b,high,MT,missing,biomass_int_conv,missing,missing,missing,missing,missing,missing,missing,missing,EJ
1949,0.0,0.0,0.0,0.0,3.40451e-05,6.627679999999999e-05,9.87526e-05,0.0002123579,0.0004223995,innovation-rhodium18b,high,MT,missing,biomass_int_conv_CCS,missing,missing,missing,missing,missing,missing,missing,missing,EJ
1950,0.0,0.0,0.0,0.0,0.0010637469999999,0.0016748169999999,0.002261473,0.003000972,0.0035777949999999,innovation-rhodium18b,high,MT,missing,coal_base_IGCC_CCS,missing,missing,missing,missing,missing,missing,missing,missing,EJ
1951,0.0180701999999999,0.02155755,0.0,0.0,0.0,0.0,0.0,0.0,0.0,innovation-rhodium18b,high,MT,missing,coal_base_conv pul,missing,missing,missing,missing,missing,missing,missing,missing,EJ
1952,0.0,0.0,0.0,0.0,0.0,0.0,0.0,0.0,0.0,innovation-rhodium18b,high,MT,missing,coal_base_conv pul 1956-1960,missing,missing,missing,missing,missing,missing,missing,missing,EJ
1953,0.0,0.0,0.0,0.0,0.0,0.0,0.0,0.0,0.0,innovation-rhodium18b,high,MT,missing,coal_base_conv pul 1971-1975,missing,missing,missing,missing,missing,missing,missing,missing,EJ
1954,0.0,0.0,0.0,0.0,0.0,0.0,0.0,0.0,0.0,innovation-rhodium18b,high,MT,missing,coal_base_conv pul 1976-1980,missing,missing,missing,missing,missing,missing,missing,missing,EJ
1955,0.0,0.0,0.004304585,0.004304103,0.0003520201,0.0001796903,0.0001784551,1.1088693e-05,8.349037e-06,innovation-rhodium18b,high,MT,missing,coal_base_conv pul 1981-1985,missing,missing,missing,missing,missing,missing,missing,missing,EJ
1956,0.0,0.0,0.0042959029999999,0.004295497,0.0003513438,0.0001794087,0.0001784561,1.1166275e-05,8.657026e-06,innovation-rhodium18b,high,MT,missing,coal_base_conv pul 1986-1990,missing,missing,missing,missing,missing,missing,missing,missing,EJ
1957,0.0,0.0,0.00013102098,0.00013101087,1.0716871e-05,5.474743e-06,5.456087e-06,3.443159e-07,2.770891e-07,innovation-rhodium18b,high,MT,missing,coal_base_conv pul 2006-2010,missing,missing,missing,missing,missing,missing,missing,missing,EJ
1958,0.0,0.0,4.838887e-06,4.8385290000000005e-06,3.95798e-07,2.0219460000000002e-07,2.015073e-07,1.2717014e-08,1.0235702e-08,innovation-rhodium18b,high,MT,missing,coal_base_conv pul 2011-2015,missing,missing,missing,missing,missing,missing,missing,missing,EJ
1959,0.0,0.0,7.255745e-06,5.626014e-06,0.0,0.0,0.0,0.0,0.0,innovation-rhodium18b,high,MT,missing,coal_base_conv pul before 1950,missing,missing,missing,missing,missing,missing,missing,missing,EJ
1960,0.0,0.0,0.0,0.0,0.001167698,0.001801586,0.002402962,0.0030532099999999,0.003580727,innovation-rhodium18b,high,MT,missing,coal_base_conv pul_CCS,missing,missing,missing,missing,missing,missing,missing,missing,EJ
1961,0.003596449,0.004290519,0.0,0.0,0.0,0.0,0.0,0.0,0.0,innovation-rhodium18b,high,MT,missing,coal_base_conv pul_retire_2020,missing,missing,missing,missing,missing,missing,missing,missing,EJ
1962,0.0,0.0,0.0,0.0,0.00029270100000000003,0.0004732973,0.0006315295,0.0008982857999999999,0.0013288012,innovation-rhodium18b,high,MT,missing,coal_int_IGCC_CCS,missing,missing,missing,missing,missing,missing,missing,missing,EJ
1963,0.0267685,0.03885299,0.0,0.0,0.0,0.0,0.0,0.0,0.0,innovation-rhodium18b,high,MT,missing,coal_int_conv pul,missing,missing,missing,missing,missing,missing,missing,missing,EJ
1964,0.0,0.0,0.0,0.0,0.0,0.0,0.0,0.0,0.0,innovation-rhodium18b,high,MT,missing,coal_int_conv pul 1956-1960,missing,missing,missing,missing,missing,missing,missing,missing,EJ
1965,0.0,0.0,0.0,0.0,0.0,0.0,0.0,0.0,0.0,innovation-rhodium18b,high,MT,missing,coal_int_conv pul 1971-1975,missing,missing,missing,missing,missing,missing,missing,missing,EJ
1966,0.0,0.0,0.0,0.0,0.0,0.0,0.0,0.0,0.0,innovation-rhodium18b,high,MT,missing,coal_int_conv pul 1976-1980,missing,missing,missing,missing,missing,missing,missing,missing,EJ
1967,0.0,0.0,0.0150789699999999,0.01507853,0.00657814,0.005055548,0.005363483,0.00144407,0.0011018252,innovation-rhodium18b,high,MT,missing,coal_int_conv pul 1981-1985,missing,missing,missing,missing,missing,missing,missing,missing,EJ
1968,0.0,0.0,0.01504853,0.0150484,0.006565504,0.005047616,0.005363516,0.00145417,0.0011424656999999,innovation-rhodium18b,high,MT,missing,coal_int_conv pul 1986-1990,missing,missing,missing,missing,missing,missing,missing,missing,EJ
1969,0.0,0.0,0.0004589647,0.0004589685,0.0002002645,0.0001540309,0.0001639834,4.4840010000000005e-05,3.656755e-05,innovation-rhodium18b,high,MT,missing,coal_int_conv pul 2006-2010,missing,missing,missing,missing,missing,missing,missing,missing,EJ
1970,0.0,0.0,1.69506e-05,1.69507e-05,7.396206e-06,5.688713e-06,6.056346999999999e-06,1.656121e-06,1.3508029e-06,innovation-rhodium18b,high,MT,missing,coal_int_conv pul 2011-2015,missing,missing,missing,missing,missing,missing,missing,missing,EJ
1971,0.0,0.0,2.541684e-05,1.97095e-05,0.0,0.0,0.0,0.0,0.0,innovation-rhodium18b,high,MT,missing,coal_int_conv pul before 1950,missing,missing,missing,missing,missing,missing,missing,missing,EJ
1972,0.0,0.0,0.0,0.0,0.000341507,0.0005405134,0.0007078519,0.0009763658,0.0013978762,innovation-rhodium18b,high,MT,missing,coal_int_conv pul_CCS,missing,missing,missing,missing,missing,missing,missing,missing,EJ
1973,0.005327623,0.007732771,0.0,0.0,0.0,0.0,0.0,0.0,0.0,innovation-rhodium18b,high,MT,missing,coal_int_conv pul_retire_2020,missing,missing,missing,missing,missing,missing,missing,missing,EJ
1974,0.0007228899,0.0,0.0,0.0,0.0,0.0,0.0,0.0,0.0,innovation-rhodium18b,high,MT,missing,coal_peak_conv pul,missing,missing,missing,missing,missing,missing,missing,missing,EJ
1975,0.000143874,0.0,0.0,0.0,0.0,0.0,0.0,0.0,0.0,innovation-rhodium18b,high,MT,missing,coal_peak_conv pul_retire_2020,missing,missing,missing,missing,missing,missing,missing,missing,EJ
1976,0.005075714,0.0,0.0,0.0,0.0,0.0,0.0,0.0,0.0,innovation-rhodium18b,high,MT,missing,coal_subpeak_conv pul,missing,missing,missing,missing,missing,missing,missing,missing,EJ
1977,0.0010102005,0.0,0.0,0.0,0.0,0.0,0.0,0.0,0.0,innovation-rhodium18b,high,MT,missing,coal_subpeak_conv pul_retire_2020,missing,missing,missing,missing,missing,missing,missing,missing,EJ
1978,0.0,0.0,0.00403288373,0.0106134882,0.01095639018,0.00978428603,0.010184023482,0.004068652172,0.0032459036127,innovation-rhodium18b,high,MT,missing,gas_base_CC,missing,missing,missing,missing,missing,missing,missing,missing,EJ
1979,0.0,0.0,0.0,0.0,0.004205734,0.0062378739999999,0.008120895,0.010265468,0.0116733029999999,innovation-rhodium18b,high,MT,missing,gas_base_CC_CCS,missing,missing,missing,missing,missing,missing,missing,missing,EJ
1980,0.00010800338,6.630022e-05,0.0160497311,0.0245071955,0.0299246554999999,0.0325712809,0.0350967602999999,0.03512720621,0.03813014687,innovation-rhodium18b,high,MT,missing,gas_int_CC,missing,missing,missing,missing,missing,missing,missing,missing,EJ
1981,0.0,0.0,0.0,0.0,0.003053124,0.004816175,0.006301462,0.008747876,0.01250492,innovation-rhodium18b,high,MT,missing,gas_int_CC_CCS,missing,missing,missing,missing,missing,missing,missing,missing,EJ
1982,2.9998758e-06,2.3000657e-06,3.721280143e-05,3.390398062e-05,2.4344862990000004e-05,1.917596963e-05,1.5036117109999998e-05,8.328750379999999e-06,5.31176152e-06,innovation-rhodium18b,high,MT,missing,gas_peak_CC,missing,missing,missing,missing,missing,missing,missing,missing,EJ
1983,0.0,0.0,0.0,0.0,1.032382e-08,1.5506143e-08,2.0478163e-08,2.7817330000000003e-08,4.473339899999999e-08,innovation-rhodium18b,high,MT,missing,gas_peak_CC_CCS,missing,missing,missing,missing,missing,missing,missing,missing,EJ
1984,2.199905e-06,8.00023e-07,1.71393845e-05,1.5058923499999998e-05,3.96886046e-06,2.73531408e-06,2.15993346e-06,7.8994067e-07,5.1083149e-07,innovation-rhodium18b,high,MT,missing,gas_peak_steam/CT,missing,missing,missing,missing,missing,missing,missing,missing,EJ
1985,2.0600353e-05,1.6300136000000002e-05,0.0002035861,0.00018942926,0.000150659591,0.000125213689,0.000103710221,7.214408099999998e-05,5.707275399999999e-05,innovation-rhodium18b,high,MT,missing,gas_subpeak_CC,missing,missing,missing,missing,missing,missing,missing,missing,EJ
1986,0.0,0.0,0.0,0.0,8.40702e-07,1.3259843e-06,1.7942689e-06,3.2015133e-06,4.6163089e-06,innovation-rhodium18b,high,MT,missing,gas_subpeak_CC_CCS,missing,missing,missing,missing,missing,missing,missing,missing,EJ
1987,1.530029e-05,5.700053e-06,0.00010165878,9.2280114e-05,3.3612863e-05,2.4784419e-05,2.113077e-05,1.1831278e-05,9.355073e-06,innovation-rhodium18b,high,MT,missing,gas_subpeak_steam/CT,missing,missing,missing,missing,missing,missing,missing,missing,EJ
1988,0.0,0.0,0.0001576565,0.00034624760000000004,0.0011883388,0.0018192433,0.0024639508,0.0036854739,0.0044747722,innovation-rhodium18b,high,MT,missing,geo_base,missing,missing,missing,missing,missing,missing,missing,missing,EJ
1989,0.027425,0.035249,0.0424263,0.0423612,0.0423151,0.0423213,0.0422265,0.0418723,0.0419189,innovation-rhodium18b,high,MT,missing,hydro_base,missing,missing,missing,missing,missing,missing,missing,missing,EJ
1990,0.00894496,0.0,0.0,0.0,0.0,0.0,0.0,0.0,0.0,innovation-rhodium18b,high,MT,missing,hydro_int,missing,missing,missing,missing,missing,missing,missing,missing,EJ
1991,0.0,0.0,0.000312904,0.000249489,9.78631e-05,7.047e-05,5.33288e-05,8.45227e-06,5.45639e-06,innovation-rhodium18b,high,MT,missing,refined liquids_base_steam/CT,missing,missing,missing,missing,missing,missing,missing,missing,EJ
1992,0.000102903,0.00217391,0.0,0.0,0.0,0.0,0.0,0.0,0.0,innovation-rhodium18b,high,MT,missing,refined liquids_int_steam/CT,missing,missing,missing,missing,missing,missing,missing,missing,EJ
1993,0.0,0.0,0.0,0.0,0.0,0.0,0.0,0.0,0.0,innovation-rhodium18b,high,MT,missing,refined liquids_peak_steam/CT,missing,missing,missing,missing,missing,missing,missing,missing,EJ
1994,2.57005e-05,0.000543505,0.0,0.0,0.0,0.0,0.0,0.0,0.0,innovation-rhodium18b,high,MT,missing,refined liquids_subpeak_steam/CT,missing,missing,missing,missing,missing,missing,missing,missing,EJ
1995,0.0,0.0,2.41072e-05,0.000107287,0.000267469,0.000440775,0.00061789,0.000610595,0.000743317,innovation-rhodium18b,high,MT,missing,rooftop_pv,missing,missing,missing,missing,missing,missing,missing,missing,EJ
1996,0.0,0.0,0.01368372,0.02676212,0.07807192,0.10764562,0.13220482,0.1666717,0.1892145,innovation-rhodium18b,high,MT,missing,wind_base,missing,missing,missing,missing,missing,missing,missing,missing,EJ
1997,0.0,0.0,0.000127328,0.000345003,0.001215195,0.001703765,0.002099676,0.002750287,0.003060631,innovation-rhodium18b,high,MT,missing,wind_base_storage,missing,missing,missing,missing,missing,missing,missing,missing,EJ
1998,0.0,0.0,6.26001e-05,0.0001288044,0.0007182864,0.0011101624,0.0012704574,0.0015857713999999,0.0016635723,innovation-rhodium18b,high,NE,missing,CSP_base_storage,missing,missing,missing,missing,missing,missing,missing,missing,EJ
1999,0.0,0.0,0.000270038,0.000589178,0.003325978,0.004780652,0.0059216059999999,0.010030206,0.0124184079999999,innovation-rhodium18b,high,NE,missing,CSP_int,missing,missing,missing,missing,missing,missing,missing,missing,EJ
2000,0.0,0.0,5.25846e-06,8.95246e-06,1.93206e-05,2.5549e-05,3.610378e-05,5.000148e-05,7.579042e-05,innovation-rhodium18b,high,NE,missing,CSP_peak,missing,missing,missing,missing,missing,missing,missing,missing,EJ
2001,9.96022e-05,8.9501e-05,0.0006061622,0.000691363,0.0007497932,0.0008136571999999999,0.0009473707999999998,0.0017731167999999,0.0020367005999999,innovation-rhodium18b,high,NE,missing,CSP_subpeak,missing,missing,missing,missing,missing,missing,missing,missing,EJ
2002,0.0,0.0,1.05707e-05,2.27898e-05,0.0001355618,0.0002123487,0.0002442633,0.0003077082,0.0003255858,innovation-rhodium18b,high,NE,missing,PV_base_storage,missing,missing,missing,missing,missing,missing,missing,missing,EJ
2003,0.0,0.0,0.00240597,0.00569008,0.02813318,0.03726271,0.04346687,0.05799987,0.06453861,innovation-rhodium18b,high,NE,missing,PV_int,missing,missing,missing,missing,missing,missing,missing,missing,EJ
2004,0.0,0.0,4.68517e-05,8.48648e-05,0.0001698888,0.0002089782,0.0002663719,0.0003155309,0.0003731502,innovation-rhodium18b,high,NE,missing,PV_peak,missing,missing,missing,missing,missing,missing,missing,missing,EJ
2005,0.0,0.0,0.000657366,0.001534127,0.002013285,0.002414095,0.00314119,0.00794517,0.008422994,innovation-rhodium18b,high,NE,missing,PV_subpeak,missing,missing,missing,missing,missing,missing,missing,missing,EJ
2006,0.0,0.0,5.64123e-05,0.00013647269,0.0006649642099999999,0.00050659746,0.00023764859,0.000389683823,0.00017633219199999998,innovation-rhodium18b,high,NE,missing,biogas_base_CC,missing,missing,missing,missing,missing,missing,missing,missing,EJ
2007,0.0,0.0,0.0,0.0,0.000583013,0.0005136485,0.0002698777,0.00056198366,0.00028639588,innovation-rhodium18b,high,NE,missing,biogas_base_CC_CCS,missing,missing,missing,missing,missing,missing,missing,missing,EJ
2008,0.0,0.0,0.000114405,0.00016947362,0.0006729532,0.0004929182,0.0004732529,0.0016669987,0.0016535159999999,innovation-rhodium18b,high,NE,missing,biogas_int_CC,missing,missing,missing,missing,missing,missing,missing,missing,EJ
2009,0.0,0.0,0.0,0.0,0.000358599,0.00030778800000000003,0.0003336067,0.0013954,0.001764039,innovation-rhodium18b,high,NE,missing,biogas_int_CC_CCS,missing,missing,missing,missing,missing,missing,missing,missing,EJ
2010,0.0,0.0,5.57268e-08,5.081665e-08,9.877279e-08,7.532676e-08,1.1690826000000001e-07,2.483892e-07,4.701594e-07,innovation-rhodium18b,high,NE,missing,biogas_peak_CC,missing,missing,missing,missing,missing,missing,missing,missing,EJ
2011,0.0,0.0,0.0,0.0,1.50453e-08,1.19394e-08,2.020042e-08,5.250101e-08,1.0700566e-07,innovation-rhodium18b,high,NE,missing,biogas_peak_CC_CCS,missing,missing,missing,missing,missing,missing,missing,missing,EJ
2012,0.0,0.0,5.212648e-08,4.363292e-08,8.05296e-08,4.8607968e-08,7.7033845e-08,1.41247005e-07,2.969365429999999e-07,innovation-rhodium18b,high,NE,missing,biogas_peak_steam/CT,missing,missing,missing,missing,missing,missing,missing,missing,EJ
2013,0.0,0.0,7.15956e-08,3.9086989e-07,2.29009632e-06,2.74456979e-06,5.4660739600000005e-06,6.704827239999999e-05,4.06695565e-05,innovation-rhodium18b,high,NE,missing,biogas_subpeak_CC,missing,missing,missing,missing,missing,missing,missing,missing,EJ
2014,0.0,0.0,0.0,0.0,5.57871e-07,7.36103e-07,1.550287e-06,2.0729522e-05,2.0289273e-05,innovation-rhodium18b,high,NE,missing,biogas_subpeak_CC_CCS,missing,missing,missing,missing,missing,missing,missing,missing,EJ
2015,0.0,0.0,4.873432e-08,2.56370958e-07,1.4662679319999998e-06,1.574748228e-06,3.090636195e-06,4.050113512199999e-05,1.217043994e-05,innovation-rhodium18b,high,NE,missing,biogas_subpeak_steam/CT,missing,missing,missing,missing,missing,missing,missing,missing,EJ
2016,0.0,0.0,1.04253e-05,2.453129e-05,0.00012994432999999998,0.00022316377,0.00024503805,0.000273562378,0.000203626596,innovation-rhodium18b,high,NE,missing,biomass_base_IGCC,missing,missing,missing,missing,missing,missing,missing,missing,EJ
2017,0.0,0.0,0.0,0.0,0.000231825,0.000558504,0.0007266470000000001,0.0025225499999999,0.0035012197,innovation-rhodium18b,high,NE,missing,biomass_base_IGCC_CCS,missing,missing,missing,missing,missing,missing,missing,missing,EJ
2018,0.0,6.54007e-05,2.832034e-05,4.287164e-05,0.00022063401,0.00033707495000000003,0.0003166605,0.000307486325,0.000185850434,innovation-rhodium18b,high,NE,missing,biomass_base_conv,missing,missing,missing,missing,missing,missing,missing,missing,EJ
2019,0.0,0.0,0.0,0.0,0.000541608,0.001456073,0.0018841639999999,0.013654201,0.019455475,innovation-rhodium18b,high,NE,missing,biomass_base_conv_CCS,missing,missing,missing,missing,missing,missing,missing,missing,EJ
2020,0.0,0.0,3.08764e-06,6.726939999999999e-06,2.131069e-05,3.089599e-05,3.947403e-05,9.311051e-05,0.00013131437000000004,innovation-rhodium18b,high,NE,missing,biomass_int_IGCC,missing,missing,missing,missing,missing,missing,missing,missing,EJ
2021,0.0,0.0,0.0,0.0,1.125659e-05,1.995145e-05,2.834478e-05,0.00010031574,0.00015801628999999998,innovation-rhodium18b,high,NE,missing,biomass_int_IGCC_CCS,missing,missing,missing,missing,missing,missing,missing,missing,EJ
2022,0.0,6.54006e-05,5.081197e-05,5.3485360000000005e-05,0.00010090653,0.00011884676,0.00012430662,0.00022590455,0.00028141514,innovation-rhodium18b,high,NE,missing,biomass_int_conv,missing,missing,missing,missing,missing,missing,missing,missing,EJ
2023,0.0,0.0,0.0,0.0,2.27914e-05,4.09522e-05,5.7780000000000006e-05,0.0002261325,0.00035675629999999995,innovation-rhodium18b,high,NE,missing,biomass_int_conv_CCS,missing,missing,missing,missing,missing,missing,missing,missing,EJ
2024,0.0,0.0,0.0,0.0,0.0017266199999999,0.002968498,0.003569483,0.004522841,0.004995669,innovation-rhodium18b,high,NE,missing,coal_base_IGCC_CCS,missing,missing,missing,missing,missing,missing,missing,missing,EJ
2025,0.0258685899999999,0.04462245,0.0,0.0,0.0,0.0,0.0,0.0,0.0,innovation-rhodium18b,high,NE,missing,coal_base_conv pul,missing,missing,missing,missing,missing,missing,missing,missing,EJ
2026,0.0,0.0,7.026485e-05,6.681744e-05,9.31189e-06,3.517737e-06,0.0,0.0,0.0,innovation-rhodium18b,high,NE,missing,coal_base_conv pul 1956-1960,missing,missing,missing,missing,missing,missing,missing,missing,EJ
2027,0.0,0.0,0.003578103,0.003536521,0.0005715227,0.0003197895,0.0001598823,0.0,0.0,innovation-rhodium18b,high,NE,missing,coal_base_conv pul 1961-1965,missing,missing,missing,missing,missing,missing,missing,missing,EJ
2028,0.0,0.0,0.002197736,0.002191719,0.0003681404,0.0002388662,0.00017688800000000002,3.2262700000000004e-06,0.0,innovation-rhodium18b,high,NE,missing,coal_base_conv pul 1966-1970,missing,missing,missing,missing,missing,missing,missing,missing,EJ
2029,0.0,0.0,0.01952462,0.01951824,0.003313934,0.002252941,0.002002811,6.170693e-05,3.661517e-05,innovation-rhodium18b,high,NE,missing,coal_base_conv pul 1976-1980,missing,missing,missing,missing,missing,missing,missing,missing,EJ
2030,0.0,0.0,0.0106872799999999,0.01068494,0.0018149949999999,0.001236467,0.0011093189999999,3.552951e-05,2.419118e-05,innovation-rhodium18b,high,NE,missing,coal_base_conv pul 1981-1985,missing,missing,missing,missing,missing,missing,missing,missing,EJ
2031,0.0,0.0,0.0001076061,0.0001075886,1.828006e-05,1.246708e-05,1.12404e-05,3.678934e-07,2.737336e-07,innovation-rhodium18b,high,NE,missing,coal_base_conv pul 1986-1990,missing,missing,missing,missing,missing,missing,missing,missing,EJ
2032,0.0,0.0,0.01100811,0.01100649,0.001870207,0.001275899,0.001151993,3.794409e-05,2.9032050000000003e-05,innovation-rhodium18b,high,NE,missing,coal_base_conv pul 2006-2010,missing,missing,missing,missing,missing,missing,missing,missing,EJ
2033,0.0,0.0,0.002235494,0.002235173,0.0003797973,0.0002591058,0.0002339436,7.705639999999999e-06,5.895949e-06,innovation-rhodium18b,high,NE,missing,coal_base_conv pul 2011-2015,missing,missing,missing,missing,missing,missing,missing,missing,EJ
2034,0.0,0.0,0.0,0.0,0.0019200889999999,0.0032373019999999,0.003859035,0.004727465,0.00515901,innovation-rhodium18b,high,NE,missing,coal_base_conv pul_CCS,missing,missing,missing,missing,missing,missing,missing,missing,EJ
2035,0.000984838,0.001698814,0.0,0.0,0.0,0.0,0.0,0.0,0.0,innovation-rhodium18b,high,NE,missing,coal_base_conv pul_retire_2020,missing,missing,missing,missing,missing,missing,missing,missing,EJ
2036,0.0,0.0,0.0,0.0,0.0001883897,0.00028771650000000004,0.0003681412,0.0007616627999999999,0.0010282417,innovation-rhodium18b,high,NE,missing,coal_int_IGCC_CCS,missing,missing,missing,missing,missing,missing,missing,missing,EJ
2037,0.0213022,0.03415092,0.0,0.0,0.0,0.0,0.0,0.0,0.0,innovation-rhodium18b,high,NE,missing,coal_int_conv pul,missing,missing,missing,missing,missing,missing,missing,missing,EJ
2038,0.0,0.0,5.410314e-05,5.145595e-05,2.239535e-05,1.057914e-05,0.0,0.0,0.0,innovation-rhodium18b,high,NE,missing,coal_int_conv pul 1956-1960,missing,missing,missing,missing,missing,missing,missing,missing,EJ
2039,0.0,0.0,0.002755104,0.002723456,0.0013745279999999,0.000961727,0.000566456,0.0,0.0,innovation-rhodium18b,high,NE,missing,coal_int_conv pul 1961-1965,missing,missing,missing,missing,missing,missing,missing,missing,EJ
2040,0.0,0.0,0.0016922349999999,0.001687834,0.000885388,0.00071836,0.0006267029,0.0001883032,0.0,innovation-rhodium18b,high,NE,missing,coal_int_conv pul 1966-1970,missing,missing,missing,missing,missing,missing,missing,missing,EJ
2041,0.0,0.0,0.01503373,0.01503095,0.00797011,0.006775425,0.00709584,0.0036015649999999,0.00248628,innovation-rhodium18b,high,NE,missing,coal_int_conv pul 1976-1980,missing,missing,missing,missing,missing,missing,missing,missing,EJ
2042,0.0,0.0,0.00822908,0.00822844,0.004365121,0.003718508,0.003930254,0.002073709,0.001642656,innovation-rhodium18b,high,NE,missing,coal_int_conv pul 1981-1985,missing,missing,missing,missing,missing,missing,missing,missing,EJ
2043,0.0,0.0,8.28555e-05,8.285359999999999e-05,4.39641e-05,3.749307e-05,3.982415e-05,2.147243e-05,1.858733e-05,innovation-rhodium18b,high,NE,missing,coal_int_conv pul 1986-1990,missing,missing,missing,missing,missing,missing,missing,missing,EJ
2044,0.0,0.0,0.00847612,0.00847606,0.004497911,0.003837095,0.004081442,0.002214631,0.001971368,innovation-rhodium18b,high,NE,missing,coal_int_conv pul 2006-2010,missing,missing,missing,missing,missing,missing,missing,missing,EJ
2045,0.0,0.0,0.001721312,0.001721292,0.000913425,0.000779227,0.000828851,0.0004497451,0.0004003524,innovation-rhodium18b,high,NE,missing,coal_int_conv pul 2011-2015,missing,missing,missing,missing,missing,missing,missing,missing,EJ
2046,0.0,0.0,0.0,0.0,0.000221161,0.00033125580000000003,0.0004166989,0.0008150394000000001,0.0010770779,innovation-rhodium18b,high,NE,missing,coal_int_conv pul_CCS,missing,missing,missing,missing,missing,missing,missing,missing,EJ
2047,0.0008109899999999999,0.0013001459999999,0.0,0.0,0.0,0.0,0.0,0.0,0.0,innovation-rhodium18b,high,NE,missing,coal_int_conv pul_retire_2020,missing,missing,missing,missing,missing,missing,missing,missing,EJ
2048,0.0002559737,0.0,0.0,0.0,0.0,0.0,0.0,0.0,0.0,innovation-rhodium18b,high,NE,missing,coal_peak_conv pul,missing,missing,missing,missing,missing,missing,missing,missing,EJ
2049,9.74509e-06,0.0,0.0,0.0,0.0,0.0,0.0,0.0,0.0,innovation-rhodium18b,high,NE,missing,coal_peak_conv pul_retire_2020,missing,missing,missing,missing,missing,missing,missing,missing,EJ
2050,0.001674584,0.0,0.0,0.0,0.0,0.0,0.0,0.0,0.0,innovation-rhodium18b,high,NE,missing,coal_subpeak_conv pul,missing,missing,missing,missing,missing,missing,missing,missing,EJ
2051,6.375272e-05,0.0,0.0,0.0,0.0,0.0,0.0,0.0,0.0,innovation-rhodium18b,high,NE,missing,coal_subpeak_conv pul_retire_2020,missing,missing,missing,missing,missing,missing,missing,missing,EJ
2052,0.000167405,0.000515606,0.00298061,0.008417373,0.013876715,0.0161603636,0.0163623237,0.00583964382,0.0041848099,innovation-rhodium18b,high,NE,missing,gas_base_CC,missing,missing,missing,missing,missing,missing,missing,missing,EJ
2053,0.0,0.0,0.0,0.0,0.00701797,0.01169684,0.01372043,0.0162875099999999,0.01719565,innovation-rhodium18b,high,NE,missing,gas_base_CC_CCS,missing,missing,missing,missing,missing,missing,missing,missing,EJ
2054,4.59012e-05,0.000141201,0.0036918,0.00687789,0.011445616,0.013265931,0.014674553,0.019677681,0.02240675,innovation-rhodium18b,high,NE,missing,gas_int_CC,missing,missing,missing,missing,missing,missing,missing,missing,EJ
2055,0.0,0.0,0.0,0.0,0.00206325,0.00308425,0.003878867,0.007664053,0.010106634,innovation-rhodium18b,high,NE,missing,gas_int_CC_CCS,missing,missing,missing,missing,missing,missing,missing,missing,EJ
2056,8.26057e-05,0.00032761,9.662668e-05,8.860229299999998e-05,7.1293365e-05,5.9735035e-05,4.773201e-05,3.6350347e-05,2.7253674000000005e-05,innovation-rhodium18b,high,NE,missing,gas_peak_CC,missing,missing,missing,missing,missing,missing,missing,missing,EJ
2057,0.0,0.0,0.0,0.0,4.68718e-08,7.376339999999999e-08,1.189473e-07,2.0142460000000002e-07,3.875545e-07,innovation-rhodium18b,high,NE,missing,gas_peak_CC_CCS,missing,missing,missing,missing,missing,missing,missing,missing,EJ
2058,6.12042e-05,0.000115203,4.87635e-05,4.30015e-05,1.73011e-05,1.46375e-05,1.18669e-05,8.8003e-06,5.47738e-06,innovation-rhodium18b,high,NE,missing,gas_peak_steam/CT,missing,missing,missing,missing,missing,missing,missing,missing,EJ
2059,0.00043391,0.00172072,0.0001297594,0.0001399651,0.0001326751,0.000132231,0.00014709319999999998,0.0004707749,0.0005207327,innovation-rhodium18b,high,NE,missing,gas_subpeak_CC,missing,missing,missing,missing,missing,missing,missing,missing,EJ
2060,0.0,0.0,0.0,0.0,2.29082e-06,4.67206e-06,9.58652e-06,7.694704e-05,9.370074e-05,innovation-rhodium18b,high,NE,missing,gas_subpeak_CC_CCS,missing,missing,missing,missing,missing,missing,missing,missing,EJ
2061,0.000321407,0.000605307,6.03402e-05,5.42074e-05,2.28305e-05,1.88272e-05,1.51963e-05,1.18685e-05,7.47946e-06,innovation-rhodium18b,high,NE,missing,gas_subpeak_steam/CT,missing,missing,missing,missing,missing,missing,missing,missing,EJ
2062,0.0038691,0.0032041,0.0072298,0.0072187,0.0072108,0.0072119,0.0071957,0.0071354,0.0071433,innovation-rhodium18b,high,NE,missing,hydro_base,missing,missing,missing,missing,missing,missing,missing,missing,EJ
2063,0.0286641,0.0328516,0.0387099,0.0386259,0.0272856,0.0,0.0,0.0,0.0,innovation-rhodium18b,high,NE,missing,nuc_base_Gen II,missing,missing,missing,missing,missing,missing,missing,missing,EJ
2064,0.0,0.0,0.0,0.0,0.00861846,0.01453556,0.01702438,0.02202666,0.02429208,innovation-rhodium18b,high,NE,missing,nuc_base_Gen III,missing,missing,missing,missing,missing,missing,missing,missing,EJ
2065,0.0,0.0,1.14664e-05,9.32984e-06,3.080147e-06,3.341647e-06,2.838744e-06,2.680798e-06,1.822707e-06,innovation-rhodium18b,high,NE,missing,refined liquids_peak_steam/CT,missing,missing,missing,missing,missing,missing,missing,missing,EJ
2066,6.400154e-05,0.0001400017,1.258664e-05,1.100825e-05,3.411666e-06,3.554225e-06,3.001094e-06,2.961043e-06,2.02297e-06,innovation-rhodium18b,high,NE,missing,refined liquids_subpeak_steam/CT,missing,missing,missing,missing,missing,missing,missing,missing,EJ
2067,0.0,0.0,9.03251e-05,0.00066257,0.00298359,0.00397625,0.00465018,0.00330879,0.00396658,innovation-rhodium18b,high,NE,missing,rooftop_pv,missing,missing,missing,missing,missing,missing,missing,missing,EJ
2068,0.0,0.000209502,0.00954152,0.01561136,0.04580066,0.06293066,0.0707130099999999,0.08870623,0.09802229,innovation-rhodium18b,high,NE,missing,wind_base,missing,missing,missing,missing,missing,missing,missing,missing,EJ
2069,0.0,0.0,6.42891e-05,0.0001980631,0.0013307230999999,0.0020910450999999,0.0024120161,0.0030865581,0.003327273,innovation-rhodium18b,high,NE,missing,wind_base_storage,missing,missing,missing,missing,missing,missing,missing,missing,EJ
2070,0.0,8.73008e-05,0.00289911,0.00289911,0.00289911,0.00289911,0.00289911,0.0,0.0,innovation-rhodium18b,high,NE,missing,wind_int,missing,missing,missing,missing,missing,missing,missing,missing,EJ
2071,0.0,5.24006e-05,0.00173944,0.00173944,0.00173944,0.00173944,0.00173944,0.0,0.0,innovation-rhodium18b,high,NE,missing,wind_subpeak,missing,missing,missing,missing,missing,missing,missing,missing,EJ
2072,0.0,0.0,4.97905e-05,0.0001305552,0.0005236612,0.0007418582,0.0009198892,0.0012470602,0.0014219857,innovation-rhodium18b,high,NV,missing,CSP_base_storage,missing,missing,missing,missing,missing,missing,missing,missing,EJ
2073,0.0,0.0,0.001003136,0.001812178,0.007185538,0.010610958,0.013494138,0.018375198,0.0252395419999999,innovation-rhodium18b,high,NV,missing,CSP_int,missing,missing,missing,missing,missing,missing,missing,missing,EJ
2074,0.0,0.0,0.0001844318,0.00028708140000000004,0.0007387834,0.0009932874,0.0012355934,0.0015749694,0.0021873356,innovation-rhodium18b,high,NV,missing,CSP_peak,missing,missing,missing,missing,missing,missing,missing,missing,EJ
2075,0.0001705032,0.0001532016,0.001816382,0.002394386,0.004826606,0.00637754,0.007876366,0.01126258,0.0148262039999999,innovation-rhodium18b,high,NV,missing,CSP_subpeak,missing,missing,missing,missing,missing,missing,missing,missing,EJ
2076,0.0,0.0,7.81025e-06,2.1746550000000003e-05,9.206415e-05,0.00013204085,0.00016518425,0.00022674485,0.0002615191,innovation-rhodium18b,high,NV,missing,PV_base_storage,missing,missing,missing,missing,missing,missing,missing,missing,EJ
2077,0.0,0.0,0.0050296,0.00931493,0.0270298299999999,0.03554989,0.04167713,0.0503755399999999,0.05875354,innovation-rhodium18b,high,NV,missing,PV_int,missing,missing,missing,missing,missing,missing,missing,missing,EJ
2078,0.0,0.0,0.000924719,0.0014684329999999,0.0029576029999999,0.0035906349999999,0.0041055779999999,0.0047103719999999,0.005143543,innovation-rhodium18b,high,NV,missing,PV_peak,missing,missing,missing,missing,missing,missing,missing,missing,EJ
2079,0.0,0.0,0.01214373,0.0152053,0.02322386,0.02708151,0.03026677,0.0303195499999999,0.0333970299999999,innovation-rhodium18b,high,NV,missing,PV_subpeak,missing,missing,missing,missing,missing,missing,missing,missing,EJ
2080,0.0,0.0,2.21888e-05,8.26864853e-05,0.000219981596,0.000136364246,0.000116022433,0.000199272063,0.0001363891037,innovation-rhodium18b,high,NV,missing,biogas_base_CC,missing,missing,missing,missing,missing,missing,missing,missing,EJ
2081,0.0,0.0,0.0,0.0,0.000193915,0.0001371835,0.00012417212,0.00028364427,0.00021100409,innovation-rhodium18b,high,NV,missing,biogas_base_CC_CCS,missing,missing,missing,missing,missing,missing,missing,missing,EJ
2082,0.0,0.0,0.000160647,0.00016876362,0.0005483543,0.0004201937,0.0003974591,0.000617465,0.0008558391,innovation-rhodium18b,high,NV,missing,biogas_int_CC,missing,missing,missing,missing,missing,missing,missing,missing,EJ
2083,0.0,0.0,0.0,0.0,0.000292653,0.000257985,0.0002747195,0.0005950816,0.0009202257,innovation-rhodium18b,high,NV,missing,biogas_int_CC_CCS,missing,missing,missing,missing,missing,missing,missing,missing,EJ
2084,0.0,0.0,7.55088e-07,5.513312e-07,1.7369652e-06,1.032932e-06,9.835757e-07,1.3752021e-06,2.7936488e-06,innovation-rhodium18b,high,NV,missing,biogas_peak_CC,missing,missing,missing,missing,missing,missing,missing,missing,EJ
2085,0.0,0.0,0.0,0.0,2.78096e-07,1.733453e-07,1.764765e-07,3.092512e-07,6.180154e-07,innovation-rhodium18b,high,NV,missing,biogas_peak_CC_CCS,missing,missing,missing,missing,missing,missing,missing,missing,EJ
2086,0.0,0.0,7.02596e-07,4.84207846e-07,1.4751511519999997e-06,7.882580350000001e-07,7.064303529999998e-07,9.83252818e-07,2.138117715e-06,innovation-rhodium18b,high,NV,missing,biogas_peak_steam/CT,missing,missing,missing,missing,missing,missing,missing,missing,EJ
2087,0.0,0.0,1.45748e-05,1.3745049e-05,4.04782e-05,2.7950745e-05,2.7452717e-05,6.916377899999999e-05,7.0708994e-05,innovation-rhodium18b,high,NV,missing,biogas_subpeak_CC,missing,missing,missing,missing,missing,missing,missing,missing,EJ
2088,0.0,0.0,0.0,0.0,9.79244e-06,7.29597e-06,7.798165e-06,2.369119e-05,2.865546e-05,innovation-rhodium18b,high,NV,missing,biogas_subpeak_CC_CCS,missing,missing,missing,missing,missing,missing,missing,missing,EJ
2089,0.0,0.0,9.86484e-06,8.8438133e-06,2.5413477699999995e-05,1.5523162400000003e-05,1.412382523e-05,3.895715942e-05,3.801834872e-05,innovation-rhodium18b,high,NV,missing,biogas_subpeak_steam/CT,missing,missing,missing,missing,missing,missing,missing,missing,EJ
2090,0.0,0.0,4.89095e-06,1.658041e-05,5.182244e-05,7.300445e-05,8.804855999999999e-05,0.00013578556999999995,0.000127544104,innovation-rhodium18b,high,NV,missing,biomass_base_IGCC,missing,missing,missing,missing,missing,missing,missing,missing,EJ
2091,0.0,0.0,0.0,0.0,8.70473e-05,0.0001885767,0.0002916958,0.0013328321,0.0022014604,innovation-rhodium18b,high,NV,missing,biomass_base_IGCC_CCS,missing,missing,missing,missing,missing,missing,missing,missing,EJ
2092,0.0,0.0,1.404885e-05,2.919492e-05,8.181991e-05,9.921698e-05,0.000104579515,0.000158047439,0.000127654772,innovation-rhodium18b,high,NV,missing,biomass_base_conv,missing,missing,missing,missing,missing,missing,missing,missing,EJ
2093,0.0,0.0,0.0,0.0,0.000207013,0.000497511,0.000765106,0.007919751,0.013287328,innovation-rhodium18b,high,NV,missing,biomass_base_conv_CCS,missing,missing,missing,missing,missing,missing,missing,missing,EJ
2094,0.0,0.0,4.538160000000001e-06,8.09429e-06,2.047473e-05,2.98301e-05,3.866852e-05,5.7416840000000005e-05,9.015533e-05,innovation-rhodium18b,high,NV,missing,biomass_int_IGCC,missing,missing,missing,missing,missing,missing,missing,missing,EJ
2095,0.0,0.0,0.0,0.0,9.55918e-06,1.817783e-05,2.704964e-05,5.389621e-05,0.00010564701,innovation-rhodium18b,high,NV,missing,biomass_int_IGCC_CCS,missing,missing,missing,missing,missing,missing,missing,missing,EJ
2096,0.0,0.0,2.7400700000000003e-05,3.379496e-05,6.78872e-05,8.611439000000001e-05,9.812095e-05,0.00012752108999999998,0.00017741826,innovation-rhodium18b,high,NV,missing,biomass_int_conv,missing,missing,missing,missing,missing,missing,missing,missing,EJ
2097,0.0,0.0,0.0,0.0,1.94541e-05,3.75511e-05,5.54247e-05,0.0001185757,0.000236324,innovation-rhodium18b,high,NV,missing,biomass_int_conv_CCS,missing,missing,missing,missing,missing,missing,missing,missing,EJ
2098,0.0,0.0,0.0,0.0,0.000549869,0.0008728849999999999,0.001192114,0.001661967,0.0020333929999999,innovation-rhodium18b,high,NV,missing,coal_base_IGCC_CCS,missing,missing,missing,missing,missing,missing,missing,missing,EJ
2099,0.0199647,0.0238826,0.0,0.0,0.0,0.0,0.0,0.0,0.0,innovation-rhodium18b,high,NV,missing,coal_base_conv pul,missing,missing,missing,missing,missing,missing,missing,missing,EJ
2100,0.0,0.0,0.00102441,0.0,0.0,0.0,0.0,0.0,0.0,innovation-rhodium18b,high,NV,missing,coal_base_conv pul 1981-1985,missing,missing,missing,missing,missing,missing,missing,missing,EJ
2101,0.0,0.0,0.000961035,0.000960976,7.8514e-05,4.00886e-05,3.99291e-05,2.51974e-06,2.02674e-06,innovation-rhodium18b,high,NV,missing,coal_base_conv pul 2006-2010,missing,missing,missing,missing,missing,missing,missing,missing,EJ
2102,0.0,0.0,0.0,0.0,0.000603345,0.000938286,0.0012652359999999,0.001685495,0.002026112,innovation-rhodium18b,high,NV,missing,coal_base_conv pul_CCS,missing,missing,missing,missing,missing,missing,missing,missing,EJ
2103,0.00138186,0.00165304,0.0,0.0,0.0,0.0,0.0,0.0,0.0,innovation-rhodium18b,high,NV,missing,coal_base_conv pul_retire_2020,missing,missing,missing,missing,missing,missing,missing,missing,EJ
2104,0.0,0.0,0.0,0.0,0.0001528698,0.0002469388,0.00032831310000000003,0.0004683806,0.0006970211999999999,innovation-rhodium18b,high,NV,missing,coal_int_IGCC_CCS,missing,missing,missing,missing,missing,missing,missing,missing,EJ
2105,0.0295748,0.0430432,0.0,0.0,0.0,0.0,0.0,0.0,0.0,innovation-rhodium18b,high,NV,missing,coal_int_conv pul,missing,missing,missing,missing,missing,missing,missing,missing,EJ
2106,0.0,0.0,0.00358851,0.0,0.0,0.0,0.0,0.0,0.0,innovation-rhodium18b,high,NV,missing,coal_int_conv pul 1981-1985,missing,missing,missing,missing,missing,missing,missing,missing,EJ
2107,0.0,0.0,0.0033665,0.00336654,0.00146787,0.00112849,0.00120099,0.00032822,0.000267534,innovation-rhodium18b,high,NV,missing,coal_int_conv pul 2006-2010,missing,missing,missing,missing,missing,missing,missing,missing,EJ
2108,0.0,0.0,0.0,0.0,0.0001783264,0.0002819595,0.0003679909,0.0005089288999999999,0.0007326866000000001,innovation-rhodium18b,high,NV,missing,coal_int_conv pul_CCS,missing,missing,missing,missing,missing,missing,missing,missing,EJ
2109,0.00204703,0.00297925,0.0,0.0,0.0,0.0,0.0,0.0,0.0,innovation-rhodium18b,high,NV,missing,coal_int_conv pul_retire_2020,missing,missing,missing,missing,missing,missing,missing,missing,EJ
2110,0.000798684,0.0,0.0,0.0,0.0,0.0,0.0,0.0,0.0,innovation-rhodium18b,high,NV,missing,coal_peak_conv pul,missing,missing,missing,missing,missing,missing,missing,missing,EJ
2111,5.52811e-05,0.0,0.0,0.0,0.0,0.0,0.0,0.0,0.0,innovation-rhodium18b,high,NV,missing,coal_peak_conv pul_retire_2020,missing,missing,missing,missing,missing,missing,missing,missing,EJ
2112,0.00560786,0.0,0.0,0.0,0.0,0.0,0.0,0.0,0.0,innovation-rhodium18b,high,NV,missing,coal_subpeak_conv pul,missing,missing,missing,missing,missing,missing,missing,missing,EJ
2113,0.00038815,0.0,0.0,0.0,0.0,0.0,0.0,0.0,0.0,innovation-rhodium18b,high,NV,missing,coal_subpeak_conv pul_retire_2020,missing,missing,missing,missing,missing,missing,missing,missing,EJ
2114,0.0,0.0,0.0139587568999999,0.0159434163,0.0091942153,0.0068612809,0.006374568,0.00210463587,0.00161590049,innovation-rhodium18b,high,NV,missing,gas_base_CC,missing,missing,missing,missing,missing,missing,missing,missing,EJ
2115,0.0,0.0,0.0,0.0,0.0018539198,0.0027353829,0.0035894116999999,0.0047101287999999,0.0054314879,innovation-rhodium18b,high,NV,missing,gas_base_CC_CCS,missing,missing,missing,missing,missing,missing,missing,missing,EJ
2116,0.005600472,0.0472369699999999,0.0680986869999999,0.0658115885,0.0540780765,0.0468394538999999,0.0406798716999999,0.0298795241,0.0255470859,innovation-rhodium18b,high,NV,missing,gas_int_CC,missing,missing,missing,missing,missing,missing,missing,missing,EJ
2117,0.0,0.0,0.0,0.0,0.0013109092,0.0020618025,0.0026854302,0.0037363781,0.0053646553,innovation-rhodium18b,high,NV,missing,gas_int_CC_CCS,missing,missing,missing,missing,missing,missing,missing,missing,EJ
2118,0.00015309414,0.0016629475,0.001213413016,0.0011054975257999,0.0007932170577,0.0006244860880999999,0.0004894619275999999,0.00027047435900000007,0.0001719933545,innovation-rhodium18b,high,NV,missing,gas_peak_CC,missing,missing,missing,missing,missing,missing,missing,missing,EJ
2119,0.0,0.0,0.0,0.0,3.952527e-07,5.9100431e-07,7.788515099999999e-07,1.05384399e-06,1.68342171e-06,innovation-rhodium18b,high,NV,missing,gas_peak_CC_CCS,missing,missing,missing,missing,missing,missing,missing,missing,EJ
2120,0.00011339511,0.0005849162,0.0005635330830000001,0.0004964617888,0.00013178358629999996,9.09966131e-05,7.226908830000001e-05,2.70612256e-05,1.858943881e-05,innovation-rhodium18b,high,NV,missing,gas_peak_steam/CT,missing,missing,missing,missing,missing,missing,missing,missing,EJ
2121,0.0010699204,0.011621844,0.00660085134,0.00609717799,0.0047647130299999,0.00390310383,0.00316854233,0.002076270088,0.001528320407,innovation-rhodium18b,high,NV,missing,gas_subpeak_CC,missing,missing,missing,missing,missing,missing,missing,missing,EJ
2122,0.0,0.0,0.0,0.0,1.8798049000000003e-05,2.9556412e-05,3.9873507e-05,7.0404404e-05,0.000100803435,innovation-rhodium18b,high,NV,missing,gas_subpeak_CC_CCS,missing,missing,missing,missing,missing,missing,missing,missing,EJ
2123,0.0007926157,0.004087841,0.00334693907,0.0030350844799999,0.00108877453,0.0008013564599999999,0.0006794535579999998,0.000363641483,0.00028037845500000004,innovation-rhodium18b,high,NV,missing,gas_subpeak_steam/CT,missing,missing,missing,missing,missing,missing,missing,missing,EJ
2124,0.00284308,0.00519139,0.01646873,0.01930805,0.02827223,0.03318308,0.03711529,0.03163046,0.03348606,innovation-rhodium18b,high,NV,missing,geo_base,missing,missing,missing,missing,missing,missing,missing,missing,EJ
2125,0.00444011,0.006259,0.0097148,0.0096999,0.0096893,0.0096907,0.009669,0.0095879,0.0095986,innovation-rhodium18b,high,NV,missing,hydro_base,missing,missing,missing,missing,missing,missing,missing,missing,EJ
2126,0.00144819,0.0,0.0,0.0,0.0,0.0,0.0,0.0,0.0,innovation-rhodium18b,high,NV,missing,hydro_int,missing,missing,missing,missing,missing,missing,missing,missing,EJ
2127,0.0,0.0,6.4825900000000006e-06,5.14646e-06,2.023767e-06,1.448647e-06,1.087941e-06,1.7155909999999997e-07,1.096398e-07,innovation-rhodium18b,high,NV,missing,refined liquids_base_steam/CT,missing,missing,missing,missing,missing,missing,missing,missing,EJ
2128,0.000929029,7.59002e-05,0.0,0.0,0.0,0.0,0.0,0.0,0.0,innovation-rhodium18b,high,NV,missing,refined liquids_int_steam/CT,missing,missing,missing,missing,missing,missing,missing,missing,EJ
2129,0.0,0.0,0.0,0.0,0.0,0.0,0.0,0.0,0.0,innovation-rhodium18b,high,NV,missing,refined liquids_peak_steam/CT,missing,missing,missing,missing,missing,missing,missing,missing,EJ
2130,0.0002323047,1.900015e-05,0.0,0.0,0.0,0.0,0.0,0.0,0.0,innovation-rhodium18b,high,NV,missing,refined liquids_subpeak_steam/CT,missing,missing,missing,missing,missing,missing,missing,missing,EJ
2131,0.0,0.0,0.00161213,0.00998636,0.0128,0.0173382,0.0210969,0.0180091,0.019364,innovation-rhodium18b,high,NV,missing,rooftop_pv,missing,missing,missing,missing,missing,missing,missing,missing,EJ
2132,0.0,0.0,0.002060087,0.005337387,0.018793187,0.026300237,0.032499917,0.042771557,0.04984432,innovation-rhodium18b,high,NV,missing,wind_base,missing,missing,missing,missing,missing,missing,missing,missing,EJ
2133,0.0,0.0,2.10835e-05,8.87172e-05,0.0004061442,0.0005858652,0.0007347272000000001,0.0010091792,0.0011776967,innovation-rhodium18b,high,NV,missing,wind_base_storage,missing,missing,missing,missing,missing,missing,missing,missing,EJ
2134,0.0,0.0,2.04018e-05,3.17773e-05,7.14129e-05,0.0001089737,0.0001338723,0.0001750409,0.000198,innovation-rhodium18b,high,NH,missing,PV_base_storage,missing,missing,missing,missing,missing,missing,missing,missing,EJ
2135,0.0,0.0,0.00060178,0.0015622779999999,0.0046779579999999,0.0063769979999999,0.007957908,0.010444318,0.0117360379999999,innovation-rhodium18b,high,NH,missing,PV_int,missing,missing,missing,missing,missing,missing,missing,missing,EJ
2136,0.0,0.0,2.65934e-05,5.18515e-05,0.0001249585,0.0001475964,0.0001699337,0.0002178849,0.0002430307,innovation-rhodium18b,high,NH,missing,PV_peak,missing,missing,missing,missing,missing,missing,missing,missing,EJ
2137,0.0,0.0,0.000100064,0.00024588400000000003,0.000672074,0.000822928,0.000968044,0.001483528,0.0016541,innovation-rhodium18b,high,NH,missing,PV_subpeak,missing,missing,missing,missing,missing,missing,missing,missing,EJ
2138,0.0,0.0,9.78425e-05,0.00011224593,0.00020888699,0.0002181238,0.00015855077000000002,0.000223599272,0.00023424531,innovation-rhodium18b,high,NH,missing,biogas_base_CC,missing,missing,missing,missing,missing,missing,missing,missing,EJ
2139,0.0,0.0,0.0,0.0,0.000170461,0.0002011395,0.0001563459,0.00029265169,0.00033029945000000003,innovation-rhodium18b,high,NH,missing,biogas_base_CC_CCS,missing,missing,missing,missing,missing,missing,missing,missing,EJ
2140,0.0,0.0,2.97297e-05,5.593144e-05,0.00014109559,0.00016368018,0.00023570639,0.0003994337,0.0004648448,innovation-rhodium18b,high,NH,missing,biogas_int_CC,missing,missing,missing,missing,missing,missing,missing,missing,EJ
2141,0.0,0.0,0.0,0.0,6.97602e-05,8.875739999999999e-05,0.00013984970000000002,0.0003046658,0.0004055934,innovation-rhodium18b,high,NH,missing,biogas_int_CC_CCS,missing,missing,missing,missing,missing,missing,missing,missing,EJ
2142,0.0,0.0,3.66404e-08,4.134339e-08,1.2963722000000004e-07,7.906345e-08,1.1582868e-07,2.4698496e-07,3.261507e-07,innovation-rhodium18b,high,NH,missing,biogas_peak_CC,missing,missing,missing,missing,missing,missing,missing,missing,EJ
2143,0.0,0.0,0.0,0.0,2.08203e-08,1.306173e-08,2.023185e-08,5.2263780000000007e-08,7.849982e-08,innovation-rhodium18b,high,NH,missing,biogas_peak_CC_CCS,missing,missing,missing,missing,missing,missing,missing,missing,EJ
2144,0.0,0.0,3.337788e-08,3.526731e-08,1.0654510000000001e-07,4.9316494e-08,6.4010415e-08,1.54763702e-07,1.84327237e-07,innovation-rhodium18b,high,NH,missing,biogas_peak_steam/CT,missing,missing,missing,missing,missing,missing,missing,missing,EJ
2145,0.0,0.0,6.12851e-07,1.0595494e-06,3.1612875e-06,2.3083092e-06,3.428397e-06,1.0145943e-05,9.528918e-06,innovation-rhodium18b,high,NH,missing,biogas_subpeak_CC,missing,missing,missing,missing,missing,missing,missing,missing,EJ
2146,0.0,0.0,0.0,0.0,7.66113e-07,5.886420000000001e-07,9.28772e-07,3.301176e-06,3.900954e-06,innovation-rhodium18b,high,NH,missing,biogas_subpeak_CC_CCS,missing,missing,missing,missing,missing,missing,missing,missing,EJ
2147,0.0,0.0,4.055775e-07,6.66480078e-07,1.926495097e-06,1.03452464e-06,1.32602386e-06,5.035679939999998e-06,3.20230633e-06,innovation-rhodium18b,high,NH,missing,biogas_subpeak_steam/CT,missing,missing,missing,missing,missing,missing,missing,missing,EJ
2148,0.0,0.0,0.0001113013,0.0001498054,0.0002536157,0.00035228120000000004,0.0004053338,0.0004440673,0.0005308185499999999,innovation-rhodium18b,high,NH,missing,biomass_base_IGCC,missing,missing,missing,missing,missing,missing,missing,missing,EJ
2149,0.0,0.0,0.0,0.0,0.0001735922,0.0004407245,0.0006293142,0.0018483379,0.0031830667999999,innovation-rhodium18b,high,NH,missing,biomass_base_IGCC_CCS,missing,missing,missing,missing,missing,missing,missing,missing,EJ
2150,0.001915337,0.001736313,0.001026223,0.000914494,0.0016308708,0.0015977521,0.0012805625999999,0.0006442068999999999,0.0006143184000000001,innovation-rhodium18b,high,NH,missing,biomass_base_conv,missing,missing,missing,missing,missing,missing,missing,missing,EJ
2151,0.0,0.0,0.0,0.0,0.000359386,0.000996588,0.00140537,0.006700562,0.011749521,innovation-rhodium18b,high,NH,missing,biomass_base_conv_CCS,missing,missing,missing,missing,missing,missing,missing,missing,EJ
2152,0.0,0.0,6.23e-05,0.0001119852,0.000187202,0.00024262980000000004,0.00030462320000000003,0.0004123556,0.0004949297,innovation-rhodium18b,high,NH,missing,biomass_int_IGCC,missing,missing,missing,missing,missing,missing,missing,missing,EJ
2153,0.0,0.0,0.0,0.0,5.4438e-05,0.0001000771,0.0001538221,0.0002876565,0.0003980962,innovation-rhodium18b,high,NH,missing,biomass_int_IGCC_CCS,missing,missing,missing,missing,missing,missing,missing,missing,EJ
2154,0.001915336,0.001736311,0.002323881,0.002229491,0.002552148,0.0025347889999999,0.002353696,0.002185074,0.001965081,innovation-rhodium18b,high,NH,missing,biomass_int_conv,missing,missing,missing,missing,missing,missing,missing,missing,EJ
2155,0.0,0.0,0.0,0.0,0.000105186,0.0001956347,0.0002975747,0.0005887946,0.0008191313999999999,innovation-rhodium18b,high,NH,missing,biomass_int_conv_CCS,missing,missing,missing,missing,missing,missing,missing,missing,EJ
2156,0.0,0.0,0.0,0.0,0.000369105,0.0007147960000000001,0.0009798804,0.0012247174,0.0016187972999999,innovation-rhodium18b,high,NH,missing,coal_base_IGCC_CCS,missing,missing,missing,missing,missing,missing,missing,missing,EJ
2157,0.0063822,0.0091983,0.0,0.0,0.0,0.0,0.0,0.0,0.0,innovation-rhodium18b,high,NH,missing,coal_base_conv pul,missing,missing,missing,missing,missing,missing,missing,missing,EJ
2158,0.0,0.0,0.000163903,0.000140549,1.11941e-05,0.0,0.0,0.0,0.0,innovation-rhodium18b,high,NH,missing,coal_base_conv pul 1951-1955,missing,missing,missing,missing,missing,missing,missing,missing,EJ
2159,0.0,0.0,0.000841612,0.000817623,9.47474e-05,4.06639e-05,0.0,0.0,0.0,innovation-rhodium18b,high,NH,missing,coal_base_conv pul 1956-1960,missing,missing,missing,missing,missing,missing,missing,missing,EJ
2160,0.0,0.0,0.00144796,0.00144292,0.000185759,0.000113273,9.70324e-05,3.84244e-06,0.0,innovation-rhodium18b,high,NH,missing,coal_base_conv pul 1966-1970,missing,missing,missing,missing,missing,missing,missing,missing,EJ
2161,0.0,0.0,0.0,0.0,0.000376867,0.000703838,0.0009528002,0.0010977335,0.0014253558,innovation-rhodium18b,high,NH,missing,coal_base_conv pul_CCS,missing,missing,missing,missing,missing,missing,missing,missing,EJ
2162,0.00267859,0.0038605,0.0,0.0,0.0,0.0,0.0,0.0,0.0,innovation-rhodium18b,high,NH,missing,coal_base_conv pul_retire_2020,missing,missing,missing,missing,missing,missing,missing,missing,EJ
2163,0.0,0.0,0.0,0.0,3.48627e-05,6.263003e-05,9.88926e-05,0.00016594166,0.00022425066,innovation-rhodium18b,high,NH,missing,coal_int_IGCC_CCS,missing,missing,missing,missing,missing,missing,missing,missing,EJ
2164,0.00159551,0.00229959,0.0,0.0,0.0,0.0,0.0,0.0,0.0,innovation-rhodium18b,high,NH,missing,coal_int_conv pul,missing,missing,missing,missing,missing,missing,missing,missing,EJ
2165,0.0,0.0,2.44409e-05,2.09727e-05,6.47109e-06,0.0,0.0,0.0,0.0,innovation-rhodium18b,high,NH,missing,coal_int_conv pul 1951-1955,missing,missing,missing,missing,missing,missing,missing,missing,EJ
2166,0.0,0.0,0.0001255,0.000122006,5.47714e-05,3.65672e-05,0.0,0.0,0.0,innovation-rhodium18b,high,NH,missing,coal_int_conv pul 1956-1960,missing,missing,missing,missing,missing,missing,missing,missing,EJ
2167,0.0,0.0,0.000215918,0.000215313,0.000107383,0.000101861,9.85633e-05,2.50322e-05,0.0,innovation-rhodium18b,high,NH,missing,coal_int_conv pul 1966-1970,missing,missing,missing,missing,missing,missing,missing,missing,EJ
2168,0.0,0.0,0.0,0.0,3.91573e-05,6.863159e-05,0.00010581057,0.00017142312,0.00022690713,innovation-rhodium18b,high,NH,missing,coal_int_conv pul_CCS,missing,missing,missing,missing,missing,missing,missing,missing,EJ
2169,0.000669632,0.000965131,0.0,0.0,0.0,0.0,0.0,0.0,0.0,innovation-rhodium18b,high,NH,missing,coal_int_conv pul_retire_2020,missing,missing,missing,missing,missing,missing,missing,missing,EJ
2170,0.0,0.00705215,0.00820418,0.01046423,0.00907887,0.0089989,0.009188552,0.004030244,0.004228842,innovation-rhodium18b,high,NH,missing,gas_base_CC,missing,missing,missing,missing,missing,missing,missing,missing,EJ
2171,0.0,0.0,0.0,0.0,0.00155427,0.0029347699999999,0.00389451,0.005033125,0.006551516,innovation-rhodium18b,high,NH,missing,gas_base_CC_CCS,missing,missing,missing,missing,missing,missing,missing,missing,EJ
2172,0.0,0.0114848,0.01202415,0.01225611,0.011000658,0.0103985449999999,0.009826384,0.00899217,0.008557387,innovation-rhodium18b,high,NH,missing,gas_int_CC,missing,missing,missing,missing,missing,missing,missing,missing,EJ
2173,0.0,0.0,0.0,0.0,0.000353886,0.000620825,0.000955081,0.001556866,0.002058307,innovation-rhodium18b,high,NH,missing,gas_int_CC_CCS,missing,missing,missing,missing,missing,missing,missing,missing,EJ
2174,0.0,0.000224215,0.000117833745,0.000107046725,8.004141699999999e-05,6.915350899999999e-05,5.701113000000001e-05,3.9196709e-05,2.8170501e-05,innovation-rhodium18b,high,NH,missing,gas_peak_CC,missing,missing,missing,missing,missing,missing,missing,missing,EJ
2175,0.0,0.0,0.0,0.0,3.84667e-08,5.469900000000001e-08,7.740420000000002e-08,1.359621e-07,2.066304e-07,innovation-rhodium18b,high,NH,missing,gas_peak_CC_CCS,missing,missing,missing,missing,missing,missing,missing,missing,EJ
2176,0.0,7.890531100000001e-05,5.404690293e-05,4.6012890467e-05,1.4739532097e-05,1.4679922804999996e-05,1.5222659639999998e-05,7.662089854e-06,5.659572042e-06,innovation-rhodium18b,high,NH,missing,gas_peak_steam/CT,missing,missing,missing,missing,missing,missing,missing,missing,EJ
2177,0.0,0.00116862,0.0007090018,0.00065322721,0.00052280573,0.00045637553,0.00038304235,0.00030128640000000003,0.00024161969,innovation-rhodium18b,high,NH,missing,gas_subpeak_CC,missing,missing,missing,missing,missing,missing,missing,missing,EJ
2178,0.0,0.0,0.0,0.0,1.8852e-06,2.808605e-06,4.037027e-06,9.207901e-06,1.2211743e-05,innovation-rhodium18b,high,NH,missing,gas_subpeak_CC_CCS,missing,missing,missing,missing,missing,missing,missing,missing,EJ
2179,0.0,0.00041100634,0.0003489920289,0.0003054115425,0.00012110357230000002,0.0001212066389,0.0001253322784,8.019004523999998e-05,6.450033737999999e-05,innovation-rhodium18b,high,NH,missing,gas_subpeak_steam/CT,missing,missing,missing,missing,missing,missing,missing,missing,EJ
2180,0.0057891,0.0065836,0.0054502,0.0054419,0.0054359,0.0054367,0.0054246,0.0053791,0.0053851,innovation-rhodium18b,high,NH,missing,hydro_base,missing,missing,missing,missing,missing,missing,missing,missing,EJ
2181,0.0155723,0.0352927,0.0355607,0.0355607,0.0355607,0.0355607,0.0355607,0.0355606,0.0,innovation-rhodium18b,high,NH,missing,nuc_base_Gen II,missing,missing,missing,missing,missing,missing,missing,missing,EJ
2182,0.0,0.0,0.0,0.0,0.00328102,0.00640314,0.00849218,0.01197848,0.01568329,innovation-rhodium18b,high,NH,missing,nuc_base_Gen III,missing,missing,missing,missing,missing,missing,missing,missing,EJ
2183,0.000791717,0.000514104,0.000196546,0.00016527,8.69361e-05,7.08229e-05,5.63779e-05,8.74858e-06,6.67785e-06,innovation-rhodium18b,high,NH,missing,refined liquids_base_steam/CT,missing,missing,missing,missing,missing,missing,missing,missing,EJ
2184,0.00690394,0.00411253,0.0,0.0,0.0,0.0,0.0,0.0,0.0,innovation-rhodium18b,high,NH,missing,refined liquids_int_steam/CT,missing,missing,missing,missing,missing,missing,missing,missing,EJ
2185,0.000167202,0.0,0.0,0.0,0.0,0.0,0.0,0.0,0.0,innovation-rhodium18b,high,NH,missing,refined liquids_peak_steam/CT,missing,missing,missing,missing,missing,missing,missing,missing,EJ
2186,0.000970623,0.000514107,0.0,0.0,0.0,0.0,0.0,0.0,0.0,innovation-rhodium18b,high,NH,missing,refined liquids_subpeak_steam/CT,missing,missing,missing,missing,missing,missing,missing,missing,EJ
2187,0.0,0.0,1.79327e-05,0.000108907,0.000610145,0.000942515,0.0012507,0.00118033,0.00157612,innovation-rhodium18b,high,NH,missing,rooftop_pv,missing,missing,missing,missing,missing,missing,missing,missing,EJ
2188,0.0,0.0,0.00568967,0.01019822,0.02262952,0.03275482,0.0390329,0.046784,0.05153708,innovation-rhodium18b,high,NH,missing,wind_base,missing,missing,missing,missing,missing,missing,missing,missing,EJ
2189,0.0,0.0,0.000119922,0.000243207,0.000630893,0.000975556,0.001196658,0.00154412,0.001777505,innovation-rhodium18b,high,NH,missing,wind_base_storage,missing,missing,missing,missing,missing,missing,missing,missing,EJ
2190,0.0,0.0,6.13502e-05,8.28547e-05,0.0001816293,0.0002739181,0.0003828761,0.0005253761,0.0005656659,innovation-rhodium18b,high,NJ,missing,PV_base_storage,missing,missing,missing,missing,missing,missing,missing,missing,EJ
2191,0.0,0.0,0.00327549,0.00578064,0.01730974,0.02385525,0.02922922,0.04026442,0.0466290699999999,innovation-rhodium18b,high,NJ,missing,PV_int,missing,missing,missing,missing,missing,missing,missing,missing,EJ
2192,0.0,0.0,0.000406915,0.0007063449999999999,0.001502367,0.001873933,0.0022471929999999,0.0029512479999999,0.003482752,innovation-rhodium18b,high,NJ,missing,PV_peak,missing,missing,missing,missing,missing,missing,missing,missing,EJ
2193,0.0,0.0,0.0045916399999999,0.0064635999999999,0.01132971,0.0138985699999999,0.0164499899999999,0.01998714,0.02337812,innovation-rhodium18b,high,NJ,missing,PV_subpeak,missing,missing,missing,missing,missing,missing,missing,missing,EJ
2194,0.0,0.0,0.000327998,0.00023784984,0.00058771414,0.0006090332999999999,0.00074173958,0.00085625795,0.00061033227,innovation-rhodium18b,high,NJ,missing,biogas_base_CC,missing,missing,missing,missing,missing,missing,missing,missing,EJ
2195,0.0,0.0,0.0,0.0,0.000499441,0.0005998551999999999,0.0007937352,0.0012308635,0.0009766963,innovation-rhodium18b,high,NJ,missing,biogas_base_CC_CCS,missing,missing,missing,missing,missing,missing,missing,missing,EJ
2196,0.0,0.0,0.000174477,0.00015600414000000002,0.0005035784,0.0005522627,0.0007136114,0.0014840112,0.001783025,innovation-rhodium18b,high,NJ,missing,biogas_int_CC,missing,missing,missing,missing,missing,missing,missing,missing,EJ
2197,0.0,0.0,0.0,0.0,0.000258748,0.000323497,0.000466402,0.0012416249999999,0.0017826179999999,innovation-rhodium18b,high,NJ,missing,biogas_int_CC_CCS,missing,missing,missing,missing,missing,missing,missing,missing,EJ
2198,0.0,0.0,5.68417e-07,4.976534e-07,1.3272077e-06,1.1142873e-06,1.6221142000000002e-06,3.4390700000000003e-06,5.141541e-06,innovation-rhodium18b,high,NJ,missing,biogas_peak_CC,missing,missing,missing,missing,missing,missing,missing,missing,EJ
2199,0.0,0.0,0.0,0.0,2.07725e-07,1.839908e-07,2.905289000000001e-07,7.46977e-07,1.2604339e-06,innovation-rhodium18b,high,NJ,missing,biogas_peak_CC_CCS,missing,missing,missing,missing,missing,missing,missing,missing,EJ
2200,0.0,0.0,5.256742e-07,4.24271866e-07,1.0928247700000002e-06,7.31083968e-07,9.466141199999998e-07,2.15186401e-06,3.0581821800000004e-06,innovation-rhodium18b,high,NJ,missing,biogas_peak_steam/CT,missing,missing,missing,missing,missing,missing,missing,missing,EJ
2201,0.0,0.0,1.29644e-05,1.3996726e-05,3.510401e-05,3.469681e-05,5.161144e-05,0.00012140621,0.00015429077,innovation-rhodium18b,high,NJ,missing,biogas_subpeak_CC,missing,missing,missing,missing,missing,missing,missing,missing,EJ
2202,0.0,0.0,0.0,0.0,8.23442e-06,8.78055e-06,1.42603e-05,4.075258e-05,6.154333e-05,innovation-rhodium18b,high,NJ,missing,biogas_subpeak_CC_CCS,missing,missing,missing,missing,missing,missing,missing,missing,EJ
2203,0.0,0.0,8.71768e-06,8.655471300000001e-06,2.11814937e-05,1.62793026e-05,2.1059393000000005e-05,5.649941040000001e-05,6.02657368e-05,innovation-rhodium18b,high,NJ,missing,biogas_subpeak_steam/CT,missing,missing,missing,missing,missing,missing,missing,missing,EJ
2204,0.0,0.0,9.20665e-05,0.0001076831,0.0002410659,0.0003834737,0.0005699216,0.00079848772,0.00084817657,innovation-rhodium18b,high,NJ,missing,biomass_base_IGCC,missing,missing,missing,missing,missing,missing,missing,missing,EJ
2205,0.0,0.0,0.0,0.0,0.0002556961,0.0007346681,0.0014185107999999,0.0062413404,0.0103788385999999,innovation-rhodium18b,high,NJ,missing,biomass_base_IGCC_CCS,missing,missing,missing,missing,missing,missing,missing,missing,EJ
2206,0.00053511285,0.0018063131,0.00045453364,0.00039974683,0.00102922126,0.00108889662,0.001121217792,0.000918154437,0.0007960979530000002,innovation-rhodium18b,high,NJ,missing,biomass_base_conv,missing,missing,missing,missing,missing,missing,missing,missing,EJ
2207,0.0,0.0,0.0,0.0,0.0005954900000000001,0.0019420824,0.0036845696999999,0.0369512123,0.0626783314,innovation-rhodium18b,high,NJ,missing,biomass_base_conv_CCS,missing,missing,missing,missing,missing,missing,missing,missing,EJ
2208,0.0,0.0,2.977024e-05,4.091848e-05,7.105648e-05,9.582374999999998e-05,0.00012302078,0.00019917723,0.00027393562,innovation-rhodium18b,high,NJ,missing,biomass_int_IGCC,missing,missing,missing,missing,missing,missing,missing,missing,EJ
2209,0.0,0.0,0.0,0.0,2.244385e-05,4.432266e-05,6.993666000000001e-05,0.00017358731,0.00028532467,innovation-rhodium18b,high,NJ,missing,biomass_int_IGCC_CCS,missing,missing,missing,missing,missing,missing,missing,missing,EJ
2210,0.00053511285,0.0018063131,0.00093303775,0.00089022348,0.001171993102,0.001172043945,0.001065008297,0.0010246372219999,0.000964045427,innovation-rhodium18b,high,NJ,missing,biomass_int_conv,missing,missing,missing,missing,missing,missing,missing,missing,EJ
2211,0.0,0.0,0.0,0.0,4.4602297e-05,8.9470202e-05,0.000139829314,0.000378315018,0.000626907853,innovation-rhodium18b,high,NJ,missing,biomass_int_conv_CCS,missing,missing,missing,missing,missing,missing,missing,missing,EJ
2212,0.0,0.0,0.0,0.0,0.001415727,0.00281271,0.004730186,0.006883933,0.008578168,innovation-rhodium18b,high,NJ,missing,coal_base_IGCC_CCS,missing,missing,missing,missing,missing,missing,missing,missing,EJ
2213,0.00927523,0.0157368999999999,0.0,0.0,0.0,0.0,0.0,0.0,0.0,innovation-rhodium18b,high,NJ,missing,coal_base_conv pul,missing,missing,missing,missing,missing,missing,missing,missing,EJ
2214,0.0,0.0,0.0,0.0,0.0,0.0,0.0,0.0,0.0,innovation-rhodium18b,high,NJ,missing,coal_base_conv pul 1961-1965,missing,missing,missing,missing,missing,missing,missing,missing,EJ
2215,0.0,0.0,0.003576602,0.0035766979999999,0.0008712570000000001,0.000494,0.0005243672,2.252191e-05,1.735826e-05,innovation-rhodium18b,high,NJ,missing,coal_base_conv pul 1991-1995,missing,missing,missing,missing,missing,missing,missing,missing,EJ
2216,0.0,0.0,0.0,0.0,0.001538624,0.002990438,0.004937331,0.0069460269999999,0.008520739,innovation-rhodium18b,high,NJ,missing,coal_base_conv pul_CCS,missing,missing,missing,missing,missing,missing,missing,missing,EJ
2217,0.004400495,0.00746612,0.0,0.0,0.0,0.0,0.0,0.0,0.0,innovation-rhodium18b,high,NJ,missing,coal_base_conv pul_retire_2020,missing,missing,missing,missing,missing,missing,missing,missing,EJ
2218,0.0,0.0,0.0,0.0,0.00013890350000000002,0.0002515141,0.0003790326,0.0007075559,0.0010340465999999,innovation-rhodium18b,high,NJ,missing,coal_int_IGCC_CCS,missing,missing,missing,missing,missing,missing,missing,missing,EJ
2219,0.00873427,0.01569301,0.0,0.0,0.0,0.0,0.0,0.0,0.0,innovation-rhodium18b,high,NJ,missing,coal_int_conv pul,missing,missing,missing,missing,missing,missing,missing,missing,EJ
2220,0.0,0.0,0.0,0.0,0.0,0.0,0.0,0.0,0.0,innovation-rhodium18b,high,NJ,missing,coal_int_conv pul 1961-1965,missing,missing,missing,missing,missing,missing,missing,missing,EJ
2221,0.0,0.0,0.002112907,0.002112908,0.001174869,0.001097607,0.001265301,0.000553662,0.0005160201,innovation-rhodium18b,high,NJ,missing,coal_int_conv pul 1991-1995,missing,missing,missing,missing,missing,missing,missing,missing,EJ
2222,0.0,0.0,0.0,0.0,0.00016138,0.0002850845,0.0004194561,0.0007496372,0.0010685245,innovation-rhodium18b,high,NJ,missing,coal_int_conv pul_CCS,missing,missing,missing,missing,missing,missing,missing,missing,EJ
2223,0.004143838,0.0074452999999999,0.0,0.0,0.0,0.0,0.0,0.0,0.0,innovation-rhodium18b,high,NJ,missing,coal_int_conv pul_retire_2020,missing,missing,missing,missing,missing,missing,missing,missing,EJ
2224,9.29189e-05,0.0,0.0,0.0,0.0,0.0,0.0,0.0,0.0,innovation-rhodium18b,high,NJ,missing,coal_peak_conv pul,missing,missing,missing,missing,missing,missing,missing,missing,EJ
2225,4.40839e-05,0.0,0.0,0.0,0.0,0.0,0.0,0.0,0.0,innovation-rhodium18b,high,NJ,missing,coal_peak_conv pul_retire_2020,missing,missing,missing,missing,missing,missing,missing,missing,EJ
2226,0.0003840868,0.0,0.0,0.0,0.0,0.0,0.0,0.0,0.0,innovation-rhodium18b,high,NJ,missing,coal_subpeak_conv pul,missing,missing,missing,missing,missing,missing,missing,missing,EJ
2227,0.0001822242,0.0,0.0,0.0,0.0,0.0,0.0,0.0,0.0,innovation-rhodium18b,high,NJ,missing,coal_subpeak_conv pul_retire_2020,missing,missing,missing,missing,missing,missing,missing,missing,EJ
2228,0.0,0.0,0.028894075,0.033965522,0.031791641,0.0304069874,0.0329969216,0.0129314137,0.01079687719,innovation-rhodium18b,high,NJ,missing,gas_base_CC,missing,missing,missing,missing,missing,missing,missing,missing,EJ
2229,0.0,0.0,0.0,0.0,0.00510538,0.0098096,0.01586342,0.02232643,0.02691152,innovation-rhodium18b,high,NJ,missing,gas_base_CC_CCS,missing,missing,missing,missing,missing,missing,missing,missing,EJ
2230,0.012454897,0.032515637,0.09291332,0.0885991929999999,0.075168438,0.067129669,0.05906396,0.04936784,0.0436747479999999,innovation-rhodium18b,high,NJ,missing,gas_int_CC,missing,missing,missing,missing,missing,missing,missing,missing,EJ
2231,0.0,0.0,0.0,0.0,0.001315314,0.002319708,0.003411258,0.0061494299999999,0.008746605,innovation-rhodium18b,high,NJ,missing,gas_int_CC_CCS,missing,missing,missing,missing,missing,missing,missing,missing,EJ
2232,0.00072541529,0.0024391554,0.00121439863,0.00110955055,0.00087723144,0.0007445748,0.00060697311,0.000434344158,0.0003202357749999999,innovation-rhodium18b,high,NJ,missing,gas_peak_CC,missing,missing,missing,missing,missing,missing,missing,missing,EJ
2233,0.0,0.0,0.0,0.0,5.82097e-07,9.53138e-07,1.448584e-06,2.6346220000000003e-06,4.368674e-06,innovation-rhodium18b,high,NJ,missing,gas_peak_CC_CCS,missing,missing,missing,missing,missing,missing,missing,missing,EJ
2234,0.000537411,0.00085792,0.000601422,0.000527722,0.000198257,0.000182773,0.000175652,9.04235e-05,5.99999e-05,innovation-rhodium18b,high,NJ,missing,gas_peak_steam/CT,missing,missing,missing,missing,missing,missing,missing,missing,EJ
2235,0.0042435793,0.014267528,0.008434453,0.0079048733,0.0066569241999999,0.0058277838,0.0049842477,0.0041407016,0.0036171346,innovation-rhodium18b,high,NJ,missing,gas_subpeak_CC,missing,missing,missing,missing,missing,missing,missing,missing,EJ
2236,0.0,0.0,0.0,0.0,3.033602e-05,5.213506e-05,8.073593e-05,0.0001624534,0.00024827861,innovation-rhodium18b,high,NJ,missing,gas_subpeak_CC_CCS,missing,missing,missing,missing,missing,missing,missing,missing,EJ
2237,0.00314376,0.00501845,0.0041342,0.00365916,0.00163651,0.00150196,0.00139482,0.000767834,0.000513508,innovation-rhodium18b,high,NJ,missing,gas_subpeak_steam/CT,missing,missing,missing,missing,missing,missing,missing,missing,EJ
2238,0.0001064,0.0001081,4.1e-05,4.09e-05,4.09e-05,4.09e-05,4.08e-05,4.05e-05,4.05e-05,innovation-rhodium18b,high,NJ,missing,hydro_base,missing,missing,missing,missing,missing,missing,missing,missing,EJ
2239,0.0907099,0.117164,0.1236062,0.1212507999999999,0.1143048999999999,0.0966444,0.0647393,0.0315334399999999,0.0,innovation-rhodium18b,high,NJ,missing,nuc_base_Gen II,missing,missing,missing,missing,missing,missing,missing,missing,EJ
2240,0.0,0.0,0.0,0.0,0.00808693,0.0156744399999999,0.02471676,0.0366547599999999,0.04524662,innovation-rhodium18b,high,NJ,missing,nuc_base_Gen III,missing,missing,missing,missing,missing,missing,missing,missing,EJ
2241,0.0,0.0,5.89012e-05,5.26357e-05,4.19571e-05,3.06607e-05,2.47643e-05,2.56882e-06,1.59021e-06,innovation-rhodium18b,high,NJ,missing,refined liquids_base_steam/CT,missing,missing,missing,missing,missing,missing,missing,missing,EJ
2242,0.00610895,0.00237821,0.0,0.0,0.0,0.0,0.0,0.0,0.0,innovation-rhodium18b,high,NJ,missing,refined liquids_int_steam/CT,missing,missing,missing,missing,missing,missing,missing,missing,EJ
2243,0.0,0.0,0.0,0.0,0.0,0.0,0.0,0.0,0.0,innovation-rhodium18b,high,NJ,missing,refined liquids_peak_steam/CT,missing,missing,missing,missing,missing,missing,missing,missing,EJ
2244,0.00152723,0.000594605,0.0,0.0,0.0,0.0,0.0,0.0,0.0,innovation-rhodium18b,high,NJ,missing,refined liquids_subpeak_steam/CT,missing,missing,missing,missing,missing,missing,missing,missing,EJ
2245,0.0,0.0,0.00011882,0.000863004,0.00561612,0.00819357,0.0109961,0.00878387,0.011258,innovation-rhodium18b,high,NJ,missing,rooftop_pv,missing,missing,missing,missing,missing,missing,missing,missing,EJ
2246,0.0,0.0,0.0030505481,0.0045342281,0.0062519581,0.0063327465999999,0.0063677015,0.0063540116,0.0061420816,innovation-rhodium18b,high,NJ,missing,wind_base,missing,missing,missing,missing,missing,missing,missing,missing,EJ
2247,0.0,0.0,0.0,0.000260786,0.0026728159999999,0.007956976,0.015816706,0.026839506,0.03130994,innovation-rhodium18b,high,NJ,missing,wind_base_offshore,missing,missing,missing,missing,missing,missing,missing,missing,EJ
2248,0.0,0.0,0.000115759,0.000171601,0.000294358,0.0003204113,0.0003351975,0.0003605999,0.0004064669,innovation-rhodium18b,high,NJ,missing,wind_base_storage,missing,missing,missing,missing,missing,missing,missing,missing,EJ
2249,0.0,0.0,0.000200996,0.0002594981,0.0008544790999999999,0.0010074190999999,0.0011376990999999,0.0014321110999999,0.0015390881,innovation-rhodium18b,high,NM,missing,CSP_base_storage,missing,missing,missing,missing,missing,missing,missing,missing,EJ
2250,0.0,0.0,0.000579906,0.001092622,0.004187662,0.0059645359999999,0.007991376,0.013283576,0.01707353,innovation-rhodium18b,high,NM,missing,CSP_int,missing,missing,missing,missing,missing,missing,missing,missing,EJ
2251,0.0,0.0,3.00086e-05,5.25686e-05,0.000128512,0.00016652620000000005,0.0002189582,0.0003264642,0.0004353616000000001,innovation-rhodium18b,high,NM,missing,CSP_peak,missing,missing,missing,missing,missing,missing,missing,missing,EJ
2252,0.000345506,0.000310598,0.0019437738,0.0020674952,0.0023088192,0.0025007708,0.0028076928,0.0034304428,0.004064717,innovation-rhodium18b,high,NM,missing,CSP_subpeak,missing,missing,missing,missing,missing,missing,missing,missing,EJ
2253,0.0,0.0,3.09381e-05,4.0873460000000005e-05,0.00014561446000000002,0.00017319106000000003,0.00019706176000000003,0.00025158766,0.00027809646,innovation-rhodium18b,high,NM,missing,PV_base_storage,missing,missing,missing,missing,missing,missing,missing,missing,EJ
2254,0.0,0.0,0.00300889,0.00573097,0.01502997,0.01887359,0.02271059,0.03189023,0.0361471099999999,innovation-rhodium18b,high,NM,missing,PV_int,missing,missing,missing,missing,missing,missing,missing,missing,EJ
2255,0.0,0.0,0.000155702,0.000275476,0.000503647,0.0005858769,0.0006851353,0.0008716103,0.0009468673,innovation-rhodium18b,high,NM,missing,PV_peak,missing,missing,missing,missing,missing,missing,missing,missing,EJ
2256,0.0,0.0,0.003407936,0.004064789,0.004789845,0.005205063,0.005786095,0.007165045,0.007877559,innovation-rhodium18b,high,NM,missing,PV_subpeak,missing,missing,missing,missing,missing,missing,missing,missing,EJ
2257,0.0,0.0,0.000103434,6.9632354e-05,0.0003871027,0.00012072311,0.00010800306,0.000210481574,0.00021780173,innovation-rhodium18b,high,NM,missing,biogas_base_CC,missing,missing,missing,missing,missing,missing,missing,missing,EJ
2258,0.0,0.0,0.0,0.0,0.000343617,0.0001254749,0.00012023876,0.00030876296,0.00034575903,innovation-rhodium18b,high,NM,missing,biogas_base_CC_CCS,missing,missing,missing,missing,missing,missing,missing,missing,EJ
2259,0.0,0.0,0.000112018,0.00013051580000000002,0.00041225765,0.0003263752,0.0004007352,0.000824931,0.0007999365000000001,innovation-rhodium18b,high,NM,missing,biogas_int_CC,missing,missing,missing,missing,missing,missing,missing,missing,EJ
2260,0.0,0.0,0.0,0.0,0.000219783,0.0002016033,0.0002759262,0.0007598065,0.0009504177,innovation-rhodium18b,high,NM,missing,biogas_int_CC_CCS,missing,missing,missing,missing,missing,missing,missing,missing,EJ
2261,0.0,0.0,1.44251e-07,1.4339482e-07,3.7082813000000004e-07,2.2080096e-07,3.0645818e-07,5.747151099999999e-07,7.3358797e-07,innovation-rhodium18b,high,NM,missing,biogas_peak_CC,missing,missing,missing,missing,missing,missing,missing,missing,EJ
2262,0.0,0.0,0.0,0.0,5.89705e-08,3.704641e-08,5.461377e-08,1.2199722e-07,1.7377019999999998e-07,innovation-rhodium18b,high,NM,missing,biogas_peak_CC_CCS,missing,missing,missing,missing,missing,missing,missing,missing,EJ
2263,0.0,0.0,1.350852e-07,1.274363e-07,3.16277338e-07,1.6347132499999998e-07,2.2314413300000006e-07,4.37073868e-07,5.481599600000001e-07,innovation-rhodium18b,high,NM,missing,biogas_peak_steam/CT,missing,missing,missing,missing,missing,missing,missing,missing,EJ
2264,0.0,0.0,7.21203e-07,2.4084258e-06,5.1315528e-06,4.728397e-06,7.5907472e-06,5.15701722e-05,2.01995576e-05,innovation-rhodium18b,high,NM,missing,biogas_subpeak_CC,missing,missing,missing,missing,missing,missing,missing,missing,EJ
2265,0.0,0.0,0.0,0.0,1.23753e-06,1.236659e-06,2.132162e-06,1.6186541e-05,1.0700927e-05,innovation-rhodium18b,high,NM,missing,biogas_subpeak_CC_CCS,missing,missing,missing,missing,missing,missing,missing,missing,EJ
2266,0.0,0.0,4.914996e-07,1.591618207e-06,3.250251103e-06,2.678335252e-06,4.223738377e-06,3.1659966683e-05,9.445534222999998e-06,innovation-rhodium18b,high,NM,missing,biogas_subpeak_steam/CT,missing,missing,missing,missing,missing,missing,missing,missing,EJ
2267,0.0,0.0,1.6843210000000002e-05,1.681208e-05,7.952157e-05,9.239602000000002e-05,0.0001037575,0.00014524058,0.000181807057,innovation-rhodium18b,high,NM,missing,biomass_base_IGCC,missing,missing,missing,missing,missing,missing,missing,missing,EJ
2268,0.0,0.0,0.0,0.0,0.0001376077,0.0002143777,0.0002970022,0.0013592251,0.0027213701,innovation-rhodium18b,high,NM,missing,biomass_base_IGCC_CCS,missing,missing,missing,missing,missing,missing,missing,missing,EJ
2269,1.950035e-05,5.99993e-06,4.0893240000000006e-05,2.838944e-05,0.00013457641,0.00013532818,0.0001323216,0.000166473829,0.000187888133,innovation-rhodium18b,high,NM,missing,biomass_base_conv,missing,missing,missing,missing,missing,missing,missing,missing,EJ
2270,0.0,0.0,0.0,0.0,0.000333487,0.000558414,0.000777292,0.008495774,0.017366742,innovation-rhodium18b,high,NM,missing,biomass_base_conv_CCS,missing,missing,missing,missing,missing,missing,missing,missing,EJ
2271,0.0,0.0,4.688669999999999e-06,7.88108e-06,1.849768e-05,2.594671e-05,3.591635e-05,6.662850000000001e-05,9.349006e-05,innovation-rhodium18b,high,NM,missing,biomass_int_IGCC,missing,missing,missing,missing,missing,missing,missing,missing,EJ
2272,0.0,0.0,0.0,0.0,8.15155e-06,1.500846e-05,2.484294e-05,6.860372999999999e-05,0.00011269738,innovation-rhodium18b,high,NM,missing,biomass_int_IGCC_CCS,missing,missing,missing,missing,missing,missing,missing,missing,EJ
2273,1.950033e-05,5.99993e-06,3.466118e-05,3.861775e-05,7.4855e-05,8.972011e-05,0.00010175337,0.00015013929,0.00018593885,innovation-rhodium18b,high,NM,missing,biomass_int_conv,missing,missing,missing,missing,missing,missing,missing,missing,EJ
2274,0.0,0.0,0.0,0.0,1.6678e-05,3.1155900000000004e-05,5.10695e-05,0.0001546458,0.00025556010000000003,innovation-rhodium18b,high,NM,missing,biomass_int_conv_CCS,missing,missing,missing,missing,missing,missing,missing,missing,EJ
2275,0.0,0.0,0.0,0.0,0.001020078,0.0013005259999999,0.001588161,0.002142683,0.00280649,innovation-rhodium18b,high,NM,missing,coal_base_IGCC_CCS,missing,missing,missing,missing,missing,missing,missing,missing,EJ
2276,0.0378721999999999,0.0517985,0.0,0.0,0.0,0.0,0.0,0.0,0.0,innovation-rhodium18b,high,NM,missing,coal_base_conv pul,missing,missing,missing,missing,missing,missing,missing,missing,EJ
2277,0.0,0.0,0.0220969,0.0220525,0.00308704,0.0016524019999999,0.001343712,4.44547e-05,0.0,innovation-rhodium18b,high,NM,missing,coal_base_conv pul 1966-1970,missing,missing,missing,missing,missing,missing,missing,missing,EJ
2278,0.0,0.0,0.00425548,0.00425374,0.000599738,0.000331188,0.000305117,1.468678e-05,7.90908e-06,innovation-rhodium18b,high,NM,missing,coal_base_conv pul 1976-1980,missing,missing,missing,missing,missing,missing,missing,missing,EJ
2279,0.0,0.0,0.01330488,0.0133029599999999,0.001877823,0.00104249,0.000983071,5.20817e-05,3.83477e-05,innovation-rhodium18b,high,NM,missing,coal_base_conv pul 1981-1985,missing,missing,missing,missing,missing,missing,missing,missing,EJ
2280,0.0,0.0,0.0,0.0,0.0011380869999999,0.001434905,0.001733506,0.002256876,0.00288976,innovation-rhodium18b,high,NM,missing,coal_base_conv pul_CCS,missing,missing,missing,missing,missing,missing,missing,missing,EJ
2281,0.01988841,0.0272017999999999,0.0,0.0,0.0,0.0,0.0,0.0,0.0,innovation-rhodium18b,high,NM,missing,coal_base_conv pul_retire_2020,missing,missing,missing,missing,missing,missing,missing,missing,EJ
2282,0.0,0.0,0.0,0.0,0.000114773,0.0001837187,0.0002691211,0.0004891824,0.0006793697,innovation-rhodium18b,high,NM,missing,coal_int_IGCC_CCS,missing,missing,missing,missing,missing,missing,missing,missing,EJ
2283,0.0262576,0.0249254,0.0,0.0,0.0,0.0,0.0,0.0,0.0,innovation-rhodium18b,high,NM,missing,coal_int_conv pul,missing,missing,missing,missing,missing,missing,missing,missing,EJ
2284,0.0,0.0,0.0068571,0.00684392,0.00310848,0.00253762,0.00234752,0.00035945499999999995,0.0,innovation-rhodium18b,high,NM,missing,coal_int_conv pul 1966-1970,missing,missing,missing,missing,missing,missing,missing,missing,EJ
2285,0.0,0.0,0.00132056,0.001320137,0.000603901,0.0005086089999999999,0.000533051,0.0001187557,6.77818e-05,innovation-rhodium18b,high,NM,missing,coal_int_conv pul 1976-1980,missing,missing,missing,missing,missing,missing,missing,missing,EJ
2286,0.0,0.0,0.00412876,0.00412854,0.001890861,0.001600967,0.001717462,0.000421128,0.000328645,innovation-rhodium18b,high,NM,missing,coal_int_conv pul 1981-1985,missing,missing,missing,missing,missing,missing,missing,missing,EJ
2287,0.0,0.0,0.0,0.0,0.0001349494,0.0002114653,0.0003022662,0.000525024,0.0007119565999999999,innovation-rhodium18b,high,NM,missing,coal_int_conv pul_CCS,missing,missing,missing,missing,missing,missing,missing,missing,EJ
2288,0.01378907,0.0130895,0.0,0.0,0.0,0.0,0.0,0.0,0.0,innovation-rhodium18b,high,NM,missing,coal_int_conv pul_retire_2020,missing,missing,missing,missing,missing,missing,missing,missing,EJ
2289,0.00034732,0.0,0.0,0.0,0.0,0.0,0.0,0.0,0.0,innovation-rhodium18b,high,NM,missing,coal_peak_conv pul,missing,missing,missing,missing,missing,missing,missing,missing,EJ
2290,0.0001823938,0.0,0.0,0.0,0.0,0.0,0.0,0.0,0.0,innovation-rhodium18b,high,NM,missing,coal_peak_conv pul_retire_2020,missing,missing,missing,missing,missing,missing,missing,missing,EJ
2291,0.0023082099999999,0.0,0.0,0.0,0.0,0.0,0.0,0.0,0.0,innovation-rhodium18b,high,NM,missing,coal_subpeak_conv pul,missing,missing,missing,missing,missing,missing,missing,missing,EJ
2292,0.001212147,0.0,0.0,0.0,0.0,0.0,0.0,0.0,0.0,innovation-rhodium18b,high,NM,missing,coal_subpeak_conv pul_retire_2020,missing,missing,missing,missing,missing,missing,missing,missing,EJ
2293,0.001220324,0.0026544719999999,0.00467335,0.007080811,0.0094123979999999,0.008551418,0.0087156269999999,0.0034731008999999,0.0032791800999999,innovation-rhodium18b,high,NM,missing,gas_base_CC,missing,missing,missing,missing,missing,missing,missing,missing,EJ
2294,0.0,0.0,0.0,0.0,0.0038914099999999,0.0047926049999999,0.005719806,0.0074075619999999,0.009437222,innovation-rhodium18b,high,NM,missing,gas_base_CC_CCS,missing,missing,missing,missing,missing,missing,missing,missing,EJ
2295,0.0051422889999999,0.01118547,0.0365575,0.037390079,0.033518842,0.031090088,0.0290312559999999,0.025068159,0.023839724,innovation-rhodium18b,high,NM,missing,gas_int_CC,missing,missing,missing,missing,missing,missing,missing,missing,EJ
2296,0.0,0.0,0.0,0.0,0.001226539,0.001918193,0.0027417599999999,0.004802354,0.006498123,innovation-rhodium18b,high,NM,missing,gas_int_CC_CCS,missing,missing,missing,missing,missing,missing,missing,missing,EJ
2297,0.0001322038,0.0003702927,0.000486296708,0.000443315982,0.00032681501299999994,0.00026968163230000003,0.0002144020343,0.00011929042460000002,7.8829536e-05,innovation-rhodium18b,high,NM,missing,gas_peak_CC,missing,missing,missing,missing,missing,missing,missing,missing,EJ
2298,0.0,0.0,0.0,0.0,1.0456990000000001e-07,1.5648014000000001e-07,2.3224315e-07,3.888369600000001e-07,5.9357699e-07,innovation-rhodium18b,high,NM,missing,gas_peak_CC_CCS,missing,missing,missing,missing,missing,missing,missing,missing,EJ
2299,9.79027e-05,0.000130197,0.00022883084,0.000202889287,5.7928837e-05,4.7123832e-05,3.957047e-05,1.27741784e-05,8.254550100000002e-06,innovation-rhodium18b,high,NM,missing,gas_peak_steam/CT,missing,missing,missing,missing,missing,missing,missing,missing,EJ
2300,0.000870814,0.002439385,0.00095071925,0.0008905345000000001,0.00071279845,0.00061104752,0.00051820268,0.00047835849,0.00039531033,innovation-rhodium18b,high,NM,missing,gas_subpeak_CC,missing,missing,missing,missing,missing,missing,missing,missing,EJ
2301,0.0,0.0,0.0,0.0,2.98223e-06,5.358588e-06,9.322651e-06,4.109644399999999e-05,5.0353616e-05,innovation-rhodium18b,high,NM,missing,gas_subpeak_CC_CCS,missing,missing,missing,missing,missing,missing,missing,missing,EJ
2302,0.000645111,0.000857995,0.0004642647,0.0004370137,0.00016630516999999997,0.00014344630999999996,0.00013362254,0.00013089382,7.368229e-05,innovation-rhodium18b,high,NM,missing,gas_subpeak_steam/CT,missing,missing,missing,missing,missing,missing,missing,missing,EJ
2303,0.0,0.0,0.0002480288,0.0003180538,0.0011184285,0.0014055347,0.001726851,0.002572414,0.0034713389,innovation-rhodium18b,high,NM,missing,geo_base,missing,missing,missing,missing,missing,missing,missing,missing,EJ
2304,0.0006972,0.0006067,0.0004268,0.0004261,0.0004257,0.0004257,0.0004248,0.0004212,0.0004217,innovation-rhodium18b,high,NM,missing,hydro_base,missing,missing,missing,missing,missing,missing,missing,missing,EJ
2305,0.0,0.0,6.434947e-06,4.524575e-06,3.228583e-06,2.473767e-06,1.7665799999999998e-06,2.383433e-07,1.5218399999999998e-07,innovation-rhodium18b,high,NM,missing,refined liquids_base_steam/CT,missing,missing,missing,missing,missing,missing,missing,missing,EJ
2306,0.0,0.0,9.36306e-05,8.42098e-05,4.950255e-05,4.939465e-05,4.061973e-05,2.025956e-05,1.361455e-05,innovation-rhodium18b,high,NM,missing,refined liquids_int_steam/CT,missing,missing,missing,missing,missing,missing,missing,missing,EJ
2307,0.0,0.0,0.0,0.0,0.0,0.0,0.0,0.0,0.0,innovation-rhodium18b,high,NM,missing,refined liquids_peak_steam/CT,missing,missing,missing,missing,missing,missing,missing,missing,EJ
2308,0.0001458024,0.0001391992,0.0,0.0,0.0,0.0,0.0,0.0,0.0,innovation-rhodium18b,high,NM,missing,refined liquids_subpeak_steam/CT,missing,missing,missing,missing,missing,missing,missing,missing,EJ
2309,0.0,0.0,0.000991371,0.00536996,0.00894964,0.0129365,0.0158046,0.0123778,0.0135251,innovation-rhodium18b,high,NM,missing,rooftop_pv,missing,missing,missing,missing,missing,missing,missing,missing,EJ
2310,0.0,0.00172328,0.01359558,0.01778527,0.04583457,0.05305637,0.05959922,0.06813841,0.07889264,innovation-rhodium18b,high,NM,missing,wind_base,missing,missing,missing,missing,missing,missing,missing,missing,EJ
2311,0.0,0.0,0.000116066,0.000185101,0.000873706,0.001055936,0.001215149,0.001582575,0.001853679,innovation-rhodium18b,high,NM,missing,wind_base_storage,missing,missing,missing,missing,missing,missing,missing,missing,EJ
2312,0.0,0.000717992,0.0,0.0,0.0,0.0,0.0,0.0,0.0,innovation-rhodium18b,high,NM,missing,wind_int,missing,missing,missing,missing,missing,missing,missing,missing,EJ
2313,0.0,0.000430798,0.0,0.0,0.0,0.0,0.0,0.0,0.0,innovation-rhodium18b,high,NM,missing,wind_subpeak,missing,missing,missing,missing,missing,missing,missing,missing,EJ
2314,0.0,0.0,6.17398e-05,0.0001074472,0.0002920902,0.0004869672,0.0006354522,0.0007662702,0.0007892236,innovation-rhodium18b,high,NY,missing,PV_base_storage,missing,missing,missing,missing,missing,missing,missing,missing,EJ
2315,0.0,0.0,0.0113583,0.021364,0.0564964,0.0757976,0.0929739,0.1201299,0.1353409,innovation-rhodium18b,high,NY,missing,PV_int,missing,missing,missing,missing,missing,missing,missing,missing,EJ
2316,0.0,0.0,0.000595387,0.000944604,0.0019466639999999,0.002312487,0.0026698,0.003350451,0.0038246639999999,innovation-rhodium18b,high,NY,missing,PV_peak,missing,missing,missing,missing,missing,missing,missing,missing,EJ
2317,0.0,0.0,0.003774886,0.006123296,0.012794236,0.015415716,0.017916066,0.0225471,0.02567651,innovation-rhodium18b,high,NY,missing,PV_subpeak,missing,missing,missing,missing,missing,missing,missing,missing,EJ
2318,0.0,0.0,0.000296879,0.000452179727,0.00095947285,0.00109016233,0.00086669932,0.00070915348,0.00045739511,innovation-rhodium18b,high,NY,missing,biogas_base_CC,missing,missing,missing,missing,missing,missing,missing,missing,EJ
2319,0.0,0.0,0.0,0.0,0.000827153,0.0010651119,0.0009055189,0.0009913845,0.0006971632,innovation-rhodium18b,high,NY,missing,biogas_base_CC_CCS,missing,missing,missing,missing,missing,missing,missing,missing,EJ
2320,0.0,0.0,0.000531887,0.0005565754,0.0015319602,0.00165808,0.002251457,0.003943607,0.004828038,innovation-rhodium18b,high,NY,missing,biogas_int_CC,missing,missing,missing,missing,missing,missing,missing,missing,EJ
2321,0.0,0.0,0.0,0.0,0.000789109,0.000951987,0.0014319089999999,0.003279961,0.004706378,innovation-rhodium18b,high,NY,missing,biogas_int_CC_CCS,missing,missing,missing,missing,missing,missing,missing,missing,EJ
2322,0.0,0.0,7.68301e-07,5.444176e-07,1.7363604e-06,1.1927535e-06,1.6911451e-06,3.4436178e-06,5.595572899999999e-06,innovation-rhodium18b,high,NY,missing,biogas_peak_CC,missing,missing,missing,missing,missing,missing,missing,missing,EJ
2323,0.0,0.0,0.0,0.0,2.77724e-07,1.983653e-07,3.018718e-07,7.529175e-07,1.3456115e-06,innovation-rhodium18b,high,NY,missing,biogas_peak_CC_CCS,missing,missing,missing,missing,missing,missing,missing,missing,EJ
2324,0.0,0.0,7.019579999999999e-07,4.61534148e-07,1.427152585e-06,7.648732259999999e-07,9.63013e-07,2.1347477500000003e-06,3.47983382e-06,innovation-rhodium18b,high,NY,missing,biogas_peak_steam/CT,missing,missing,missing,missing,missing,missing,missing,missing,EJ
2325,0.0,0.0,1.88022e-05,1.647237e-05,4.883137e-05,3.84225e-05,5.527682e-05,0.00011301186,0.00016000586,innovation-rhodium18b,high,NY,missing,biogas_subpeak_CC,missing,missing,missing,missing,missing,missing,missing,missing,EJ
2326,0.0,0.0,0.0,0.0,1.1777e-05,9.8186e-06,1.523832e-05,3.882754e-05,6.296373e-05,innovation-rhodium18b,high,NY,missing,biogas_subpeak_CC_CCS,missing,missing,missing,missing,missing,missing,missing,missing,EJ
2327,0.0,0.0,1.248171e-05,1.01514908e-05,2.95028965e-05,1.73439241e-05,2.15779503e-05,4.98102356e-05,6.632244440000001e-05,innovation-rhodium18b,high,NY,missing,biogas_subpeak_steam/CT,missing,missing,missing,missing,missing,missing,missing,missing,EJ
2328,0.0,0.0,0.0001223266,0.0001894652,0.0004321919,0.0007470294999999999,0.0009647201,0.0009573136,0.00084278222,innovation-rhodium18b,high,NY,missing,biomass_base_IGCC,missing,missing,missing,missing,missing,missing,missing,missing,EJ
2329,0.0,0.0,0.0,0.0,0.0005128660000000001,0.001551159,0.002487131,0.0066873939999999,0.009906511,innovation-rhodium18b,high,NY,missing,biomass_base_IGCC_CCS,missing,missing,missing,missing,missing,missing,missing,missing,EJ
2330,0.00354767,0.00375579,0.000717504,0.0006859357000000001,0.001495667,0.001829405,0.0017315179999999,0.0010743767,0.0007768744,innovation-rhodium18b,high,NY,missing,biomass_base_conv,missing,missing,missing,missing,missing,missing,missing,missing,EJ
2331,0.0,0.0,0.0,0.0,0.00116951,0.00399877,0.00631878,0.03259774,0.0507894299999999,innovation-rhodium18b,high,NY,missing,biomass_base_conv_CCS,missing,missing,missing,missing,missing,missing,missing,missing,EJ
2332,0.0,0.0,0.0001108723,0.0001620327,0.00026987690000000004,0.000357735,0.0004613135,0.0006734823000000001,0.0009023305,innovation-rhodium18b,high,NY,missing,biomass_int_IGCC,missing,missing,missing,missing,missing,missing,missing,missing,EJ
2333,0.0,0.0,0.0,0.0,8.02332e-05,0.00015650769999999998,0.00025222380000000004,0.000537064,0.0008727370000000002,innovation-rhodium18b,high,NY,missing,biomass_int_IGCC_CCS,missing,missing,missing,missing,missing,missing,missing,missing,EJ
2334,0.00354764,0.0037558,0.002548285,0.0024430209999999,0.00306306,0.003134839,0.002973767,0.002930093,0.00288065,innovation-rhodium18b,high,NY,missing,biomass_int_conv,missing,missing,missing,missing,missing,missing,missing,missing,EJ
2335,0.0,0.0,0.0,0.0,0.000159709,0.000316257,0.0005047140000000001,0.001158593,0.0019037099999999,innovation-rhodium18b,high,NY,missing,biomass_int_conv_CCS,missing,missing,missing,missing,missing,missing,missing,missing,EJ
2336,0.0,0.0,0.0,0.0,0.002182917,0.004554353,0.006684447,0.007766052,0.00866043,innovation-rhodium18b,high,NY,missing,coal_base_IGCC_CCS,missing,missing,missing,missing,missing,missing,missing,missing,EJ
2337,0.02527612,0.02065634,0.0,0.0,0.0,0.0,0.0,0.0,0.0,innovation-rhodium18b,high,NY,missing,coal_base_conv pul,missing,missing,missing,missing,missing,missing,missing,missing,EJ
2338,0.0,0.0,0.000175881,0.0001644876,9.951956e-06,0.0,0.0,0.0,0.0,innovation-rhodium18b,high,NY,missing,coal_base_conv pul 1951-1955,missing,missing,missing,missing,missing,missing,missing,missing,EJ
2339,0.0,0.0,2.778485e-05,2.701227e-05,1.875325e-06,8.401250000000001e-07,0.0,0.0,0.0,innovation-rhodium18b,high,NY,missing,coal_base_conv pul 1956-1960,missing,missing,missing,missing,missing,missing,missing,missing,EJ
2340,0.0,0.0,2.119358e-06,2.100892e-06,1.5787920000000004e-07,9.068501e-08,6.223608e-08,0.0,0.0,innovation-rhodium18b,high,NY,missing,coal_base_conv pul 1961-1965,missing,missing,missing,missing,missing,missing,missing,missing,EJ
2341,0.0,0.0,0.0004210213,0.0004198563,3.238259e-05,2.061154e-05,1.897049e-05,6.693331e-07,0.0,innovation-rhodium18b,high,NY,missing,coal_base_conv pul 1966-1970,missing,missing,missing,missing,missing,missing,missing,missing,EJ
2342,0.0,0.0,0.0012894519,0.0012891739,0.00010056775,6.725139e-05,7.520471e-05,4.718038e-06,3.183928e-06,innovation-rhodium18b,high,NY,missing,coal_base_conv pul 1981-1985,missing,missing,missing,missing,missing,missing,missing,missing,EJ
2343,0.0,0.0,0.0003626429,0.0003625734,2.82871e-05,1.892485e-05,2.120693e-05,1.3426918e-06,9.419289e-07,innovation-rhodium18b,high,NY,missing,coal_base_conv pul 1986-1990,missing,missing,missing,missing,missing,missing,missing,missing,EJ
2344,0.0,0.0,1.874745e-05,1.874413e-05,1.4624781e-06,9.787491e-07,1.0983323e-06,6.998339e-08,5.0488940000000004e-08,innovation-rhodium18b,high,NY,missing,coal_base_conv pul 2011-2015,missing,missing,missing,missing,missing,missing,missing,missing,EJ
2345,0.0,0.0,0.0,0.0,0.002308771,0.004678381,0.00678598,0.00747236,0.008166967,innovation-rhodium18b,high,NY,missing,coal_base_conv pul_CCS,missing,missing,missing,missing,missing,missing,missing,missing,EJ
2346,0.05196684,0.04246869,0.0,0.0,0.0,0.0,0.0,0.0,0.0,innovation-rhodium18b,high,NY,missing,coal_base_conv pul_retire_2020,missing,missing,missing,missing,missing,missing,missing,missing,EJ
2347,0.0,0.0,0.0,0.0,0.000424765,0.000764836,0.00118285,0.001986834,0.0028683719999999,innovation-rhodium18b,high,NY,missing,coal_int_IGCC_CCS,missing,missing,missing,missing,missing,missing,missing,missing,EJ
2348,0.006318998,0.005164095,0.0,0.0,0.0,0.0,0.0,0.0,0.0,innovation-rhodium18b,high,NY,missing,coal_int_conv pul,missing,missing,missing,missing,missing,missing,missing,missing,EJ
2349,0.0,0.0,2.613816e-05,2.444838e-05,9.251929e-06,0.0,0.0,0.0,0.0,innovation-rhodium18b,high,NY,missing,coal_int_conv pul 1951-1955,missing,missing,missing,missing,missing,missing,missing,missing,EJ
2350,0.0,0.0,4.129176e-06,4.014923e-06,1.743416e-06,1.1333727e-06,0.0,0.0,0.0,innovation-rhodium18b,high,NY,missing,coal_int_conv pul 1956-1960,missing,missing,missing,missing,missing,missing,missing,missing,EJ
2351,0.0,0.0,3.149628e-07,3.122635e-07,1.4677401999999998e-07,1.2233922e-07,8.887309e-08,0.0,0.0,innovation-rhodium18b,high,NY,missing,coal_int_conv pul 1961-1965,missing,missing,missing,missing,missing,missing,missing,missing,EJ
2352,0.0,0.0,6.256909e-05,6.240476e-05,3.010482e-05,2.780615e-05,2.708994e-05,6.4453980000000005e-06,0.0,innovation-rhodium18b,high,NY,missing,coal_int_conv pul 1966-1970,missing,missing,missing,missing,missing,missing,missing,missing,EJ
2353,0.0,0.0,0.000191628,0.0001916141,9.349371e-05,9.072597e-05,0.00010739191,4.543275e-05,3.954966e-05,innovation-rhodium18b,high,NY,missing,coal_int_conv pul 1981-1985,missing,missing,missing,missing,missing,missing,missing,missing,EJ
2354,0.0,0.0,5.389335e-05,5.389057e-05,2.629746e-05,2.553078e-05,3.028352e-05,1.2929554e-05,1.1700339e-05,innovation-rhodium18b,high,NY,missing,coal_int_conv pul 1986-1990,missing,missing,missing,missing,missing,missing,missing,missing,EJ
2355,0.0,0.0,2.786101e-06,2.786005e-06,1.359608e-06,1.3203883e-06,1.5684180000000002e-06,6.739102e-07,6.27156e-07,innovation-rhodium18b,high,NY,missing,coal_int_conv pul 2011-2015,missing,missing,missing,missing,missing,missing,missing,missing,EJ
2356,0.0,0.0,0.0,0.0,0.000486627,0.0008553230000000001,0.001291146,0.002091385,0.002944984,innovation-rhodium18b,high,NY,missing,coal_int_conv pul_CCS,missing,missing,missing,missing,missing,missing,missing,missing,EJ
2357,0.0129916559999999,0.0106171999999999,0.0,0.0,0.0,0.0,0.0,0.0,0.0,innovation-rhodium18b,high,NY,missing,coal_int_conv pul_retire_2020,missing,missing,missing,missing,missing,missing,missing,missing,EJ
2358,0.0,0.02429069,0.03355656,0.04085755,0.02903091,0.02925587,0.0311006,0.010192085,0.0075104871,innovation-rhodium18b,high,NY,missing,gas_base_CC,missing,missing,missing,missing,missing,missing,missing,missing,EJ
2359,0.0,0.0,0.0,0.0,0.0076171699999999,0.01493401,0.02097076,0.02269171,0.02376013,innovation-rhodium18b,high,NY,missing,gas_base_CC_CCS,missing,missing,missing,missing,missing,missing,missing,missing,EJ
2360,0.0656147,0.0939015999999999,0.1651701299999999,0.16287,0.13977616,0.13071922,0.12167192,0.10680204,0.1003093699999999,innovation-rhodium18b,high,NY,missing,gas_int_CC,missing,missing,missing,missing,missing,missing,missing,missing,EJ
2361,0.0,0.0,0.0,0.0,0.00386793,0.006781613,0.01022826,0.016695803,0.0234655729999999,innovation-rhodium18b,high,NY,missing,gas_int_CC_CCS,missing,missing,missing,missing,missing,missing,missing,missing,EJ
2362,0.0,0.002079816,0.00145623546,0.0013230779219999,0.0009962964560000002,0.0008562021779999999,0.000703163517,0.000485546847,0.0003470588739999999,innovation-rhodium18b,high,NY,missing,gas_peak_CC,missing,missing,missing,missing,missing,missing,missing,missing,EJ
2363,0.0,0.0,0.0,0.0,4.786650000000001e-07,7.176858e-07,1.0361165e-06,1.7865864000000002e-06,3.064603e-06,innovation-rhodium18b,high,NY,missing,gas_peak_CC_CCS,missing,missing,missing,missing,missing,missing,missing,missing,EJ
2364,0.0,0.000731506,0.00067334692,0.00057395457,0.000189111008,0.000184474847,0.000187268337,9.7202519e-05,7.077187e-05,innovation-rhodium18b,high,NY,missing,gas_peak_steam/CT,missing,missing,missing,missing,missing,missing,missing,missing,EJ
2365,0.00418797,0.00829527,0.0105303330999999,0.0096957173,0.007787687,0.0067830042,0.0056913126,0.0043402507,0.0035116787,innovation-rhodium18b,high,NY,missing,gas_subpeak_CC,missing,missing,missing,missing,missing,missing,missing,missing,EJ
2366,0.0,0.0,0.0,0.0,2.710136e-05,4.178827e-05,6.063734e-05,0.00010747127999999998,0.00017138944,innovation-rhodium18b,high,NY,missing,gas_subpeak_CC_CCS,missing,missing,missing,missing,missing,missing,missing,missing,EJ
2367,0.003102553,0.0029177839999999,0.00529388,0.0046213999,0.0018799852,0.0018573779,0.0019022892,0.0011810225,0.0009941572,innovation-rhodium18b,high,NY,missing,gas_subpeak_steam/CT,missing,missing,missing,missing,missing,missing,missing,missing,EJ
2368,0.0952017,0.0945621,0.111338,0.111168,0.111046,0.111063,0.110814,0.109885,0.110007,innovation-rhodium18b,high,NY,missing,hydro_base,missing,missing,missing,missing,missing,missing,missing,missing,EJ
2369,0.0901483,0.1584107,0.1639170999999999,0.1512796,0.1079358,0.0433057,0.0,0.0,0.0,innovation-rhodium18b,high,NY,missing,nuc_base_Gen II,missing,missing,missing,missing,missing,missing,missing,missing,EJ
2370,0.0,0.0,0.0,0.0,0.0149332,0.0307569,0.0429254,0.0537447999999999,0.0608114899999999,innovation-rhodium18b,high,NY,missing,nuc_base_Gen III,missing,missing,missing,missing,missing,missing,missing,missing,EJ
2371,0.0371706699999999,0.00902848,0.000840301,0.000719748,0.0003498326,0.00031245769999999995,0.0002662834,3.799961e-05,2.178942e-05,innovation-rhodium18b,high,NY,missing,refined liquids_base_steam/CT,missing,missing,missing,missing,missing,missing,missing,missing,EJ
2372,0.0708129,0.0722278,0.0,0.0,0.0,0.0,0.0,0.0,0.0,innovation-rhodium18b,high,NY,missing,refined liquids_int_steam/CT,missing,missing,missing,missing,missing,missing,missing,missing,EJ
2373,0.00241187,0.0,0.0,0.0,0.0,0.0,0.0,0.0,0.0,innovation-rhodium18b,high,NY,missing,refined liquids_peak_steam/CT,missing,missing,missing,missing,missing,missing,missing,missing,EJ
2374,0.0100749599999999,0.00902847,0.0,0.0,0.0,0.0,0.0,0.0,0.0,innovation-rhodium18b,high,NY,missing,refined liquids_subpeak_steam/CT,missing,missing,missing,missing,missing,missing,missing,missing,EJ
2375,0.0,0.0,0.000319443,0.00196237,0.00770484,0.0118692,0.0159935,0.0153379,0.0187656,innovation-rhodium18b,high,NY,missing,rooftop_pv,missing,missing,missing,missing,missing,missing,missing,missing,EJ
2376,0.0,0.000372299,0.0292921,0.0470716,0.0952531,0.1370773,0.1651229,0.1760485,0.1791167,innovation-rhodium18b,high,NY,missing,wind_base,missing,missing,missing,missing,missing,missing,missing,missing,EJ
2377,0.0,0.0,0.0,0.00177226,0.01557546,0.03158576,0.04487676,0.05848226,0.0672173,innovation-rhodium18b,high,NY,missing,wind_base_offshore,missing,missing,missing,missing,missing,missing,missing,missing,EJ
2378,0.0,0.0,0.000430047,0.000896671,0.002277081,0.003646141,0.004654661,0.005539725,0.0056855,innovation-rhodium18b,high,NY,missing,wind_base_storage,missing,missing,missing,missing,missing,missing,missing,missing,EJ
2379,0.0,0.0,9.71995e-05,0.000126654,0.000342603,0.0004940810000000001,0.0006525740000000001,0.0008802290000000001,0.0009075325,innovation-rhodium18b,high,NC,missing,PV_base_storage,missing,missing,missing,missing,missing,missing,missing,missing,EJ
2380,0.0,0.0,0.00550677,0.01100098,0.02739428,0.0367570299999999,0.0446323399999999,0.0621429399999999,0.07061547,innovation-rhodium18b,high,NC,missing,PV_int,missing,missing,missing,missing,missing,missing,missing,missing,EJ
2381,0.0,0.0,0.00026474,0.000459411,0.000879498,0.001037215,0.001181046,0.001541596,0.001745135,innovation-rhodium18b,high,NC,missing,PV_peak,missing,missing,missing,missing,missing,missing,missing,missing,EJ
2382,0.0,0.0,0.0079654599999999,0.0093267499999999,0.0120241699999999,0.0131794899999999,0.0142352599999999,0.0113130999999999,0.01250218,innovation-rhodium18b,high,NC,missing,PV_subpeak,missing,missing,missing,missing,missing,missing,missing,missing,EJ
2383,0.0,0.0,0.000492375,0.00030925976000000004,0.0012104637,0.0009701074,0.0010479377,0.00130965785,0.00072980378,innovation-rhodium18b,high,NC,missing,biogas_base_CC,missing,missing,missing,missing,missing,missing,missing,missing,EJ
2384,0.0,0.0,0.0,0.0,0.00104186,0.0009765674,0.0011491129,0.0019408619,0.0012562784,innovation-rhodium18b,high,NC,missing,biogas_base_CC_CCS,missing,missing,missing,missing,missing,missing,missing,missing,EJ
2385,0.0,0.0,0.000267944,0.00030712074,0.0006981791,0.000723799,0.000938344,0.0021098095,0.002394019,innovation-rhodium18b,high,NC,missing,biogas_int_CC,missing,missing,missing,missing,missing,missing,missing,missing,EJ
2386,0.0,0.0,0.0,0.0,0.000362187,0.00042555,0.000617091,0.0018220789999999,0.002551804,innovation-rhodium18b,high,NC,missing,biogas_int_CC_CCS,missing,missing,missing,missing,missing,missing,missing,missing,EJ
2387,0.0,0.0,3.19388e-07,2.741799700000001e-07,6.469698e-07,4.2290780000000003e-07,5.631697e-07,1.4719597e-06,2.1821969e-06,innovation-rhodium18b,high,NC,missing,biogas_peak_CC,missing,missing,missing,missing,missing,missing,missing,missing,EJ
2388,0.0,0.0,0.0,0.0,1.016e-07,6.95076e-08,1.000426e-07,3.127962e-07,5.349214e-07,innovation-rhodium18b,high,NC,missing,biogas_peak_CC_CCS,missing,missing,missing,missing,missing,missing,missing,missing,EJ
2389,0.0,0.0,2.994043e-07,2.40933327e-07,5.47859302e-07,2.99109827e-07,3.5368476300000005e-07,1.033062677e-06,1.445767743e-06,innovation-rhodium18b,high,NC,missing,biogas_peak_steam/CT,missing,missing,missing,missing,missing,missing,missing,missing,EJ
2390,0.0,0.0,7.75884e-06,8.292348e-06,1.8251804e-05,1.4061207e-05,1.936367e-05,5.632679e-05,6.905175e-05,innovation-rhodium18b,high,NC,missing,biogas_subpeak_CC,missing,missing,missing,missing,missing,missing,missing,missing,EJ
2391,0.0,0.0,0.0,0.0,4.30708e-06,3.555526e-06,5.343868000000001e-06,1.887242e-05,2.852159e-05,innovation-rhodium18b,high,NC,missing,biogas_subpeak_CC_CCS,missing,missing,missing,missing,missing,missing,missing,missing,EJ
2392,0.0,0.0,5.293909999999999e-06,5.324817010000001e-06,1.140289125e-05,7.1886578500000005e-06,8.568196200000001e-06,2.9365381600000003e-05,3.0650786200000006e-05,innovation-rhodium18b,high,NC,missing,biogas_subpeak_steam/CT,missing,missing,missing,missing,missing,missing,missing,missing,EJ
2393,0.0,0.0,0.000126073,0.000121779,0.00037657110000000006,0.0005691803,0.0007832415999999999,0.00109624597,0.00103103187,innovation-rhodium18b,high,NC,missing,biomass_base_IGCC,missing,missing,missing,missing,missing,missing,missing,missing,EJ
2394,0.0,0.0,0.0,0.0,0.000474518,0.001139418,0.001980449,0.008431785,0.012678181,innovation-rhodium18b,high,NC,missing,biomass_base_IGCC_CCS,missing,missing,missing,missing,missing,missing,missing,missing,EJ
2395,0.0002205142,0.0009970055,0.0004834381,0.0003718798,0.0013972816,0.0014744093,0.001443233,0.00128515627,0.00096248979,innovation-rhodium18b,high,NC,missing,biomass_base_conv,missing,missing,missing,missing,missing,missing,missing,missing,EJ
2396,0.0,0.0,0.0,0.0,0.00110798,0.00297608,0.0051214599999999,0.048688,0.07461706,innovation-rhodium18b,high,NC,missing,biomass_base_conv_CCS,missing,missing,missing,missing,missing,missing,missing,missing,EJ
2397,0.0,0.0,6.547129999999999e-05,9.32697e-05,0.0001494232,0.0001943918,0.0002428968,0.0003815765,0.000501575,innovation-rhodium18b,high,NC,missing,biomass_int_IGCC,missing,missing,missing,missing,missing,missing,missing,missing,EJ
2398,0.0,0.0,0.0,0.0,4.08127e-05,8.017790000000001e-05,0.00012616570000000002,0.0003158071,0.0004993027999999999,innovation-rhodium18b,high,NC,missing,biomass_int_IGCC_CCS,missing,missing,missing,missing,missing,missing,missing,missing,EJ
2399,0.0002205131,0.0009970054,0.0010288144,0.0009915751,0.0014359375,0.0015285907,0.0014472449,0.001486504,0.0014640839,innovation-rhodium18b,high,NC,missing,biomass_int_conv,missing,missing,missing,missing,missing,missing,missing,missing,EJ
2400,0.0,0.0,0.0,0.0,8.1804e-05,0.0001632078,0.0002544314,0.0006939947,0.0011054652,innovation-rhodium18b,high,NC,missing,biomass_int_conv_CCS,missing,missing,missing,missing,missing,missing,missing,missing,EJ
2401,0.0,0.0,0.0,0.0,0.002577577,0.004477688,0.006797103,0.009609743,0.011278647,innovation-rhodium18b,high,NC,missing,coal_base_IGCC_CCS,missing,missing,missing,missing,missing,missing,missing,missing,EJ
2402,0.0646108,0.1217424,0.0,0.0,0.0,0.0,0.0,0.0,0.0,innovation-rhodium18b,high,NC,missing,coal_base_conv pul,missing,missing,missing,missing,missing,missing,missing,missing,EJ
2403,0.0,0.0,0.0001752383,0.0001504079,1.9731e-05,0.0,0.0,0.0,0.0,innovation-rhodium18b,high,NC,missing,coal_base_conv pul 1951-1955,missing,missing,missing,missing,missing,missing,missing,missing,EJ
2404,0.0,0.0,0.001365611,0.000989716,0.0,0.0,0.0,0.0,0.0,innovation-rhodium18b,high,NC,missing,coal_base_conv pul 1956-1960,missing,missing,missing,missing,missing,missing,missing,missing,EJ
2405,0.0,0.0,0.005976998,0.005684764,0.001000127,0.0003035757,0.0,0.0,0.0,innovation-rhodium18b,high,NC,missing,coal_base_conv pul 1961-1965,missing,missing,missing,missing,missing,missing,missing,missing,EJ
2406,0.0,0.0,0.0317947,0.0317133,0.0067245699999999,0.003505851,0.002776922,8.25418e-05,0.0,innovation-rhodium18b,high,NC,missing,coal_base_conv pul 1966-1970,missing,missing,missing,missing,missing,missing,missing,missing,EJ
2407,0.0,0.0,0.0352733999999999,0.03523714,0.00752295,0.004038619,0.0035697309999999,0.0001388725,4.654299e-05,innovation-rhodium18b,high,NC,missing,coal_base_conv pul 1971-1975,missing,missing,missing,missing,missing,missing,missing,missing,EJ
2408,0.0,0.0,0.005401388,0.005400864,0.001157838,0.0006330437,0.0006043457000000001,3.085397e-05,1.894447e-05,innovation-rhodium18b,high,NC,missing,coal_base_conv pul 1976-1980,missing,missing,missing,missing,missing,missing,missing,missing,EJ
2409,0.0,0.0,0.004630622,0.0046305159999999,0.000993034,0.0005437727999999999,0.0005226761,2.747732e-05,1.882685e-05,innovation-rhodium18b,high,NC,missing,coal_base_conv pul 1981-1985,missing,missing,missing,missing,missing,missing,missing,missing,EJ
2410,0.0,0.0,0.0,0.0,0.0,0.0,0.0,0.0,0.0,innovation-rhodium18b,high,NC,missing,coal_base_conv pul 1986-1990,missing,missing,missing,missing,missing,missing,missing,missing,EJ
2411,0.0,0.0,0.0001574452,0.0001574489,3.377261e-05,1.851058e-05,1.786625e-05,9.5657e-07,7.078940000000001e-07,innovation-rhodium18b,high,NC,missing,coal_base_conv pul 1991-1995,missing,missing,missing,missing,missing,missing,missing,missing,EJ
2412,0.0,0.0,0.01338709,0.01338749,0.0028716799999999,0.001574157,0.001520239,8.16049e-05,6.108841e-05,innovation-rhodium18b,high,NC,missing,coal_base_conv pul 2011-2015,missing,missing,missing,missing,missing,missing,missing,missing,EJ
2413,0.0,0.0,0.0003792392,0.0,0.0,0.0,0.0,0.0,0.0,innovation-rhodium18b,high,NC,missing,coal_base_conv pul before 1950,missing,missing,missing,missing,missing,missing,missing,missing,EJ
2414,0.0,0.0,0.0,0.0,0.002790589,0.0047536279999999,0.007100689,0.009681785,0.0111992359999999,innovation-rhodium18b,high,NC,missing,coal_base_conv pul_CCS,missing,missing,missing,missing,missing,missing,missing,missing,EJ
2415,0.01676475,0.03158895,0.0,0.0,0.0,0.0,0.0,0.0,0.0,innovation-rhodium18b,high,NC,missing,coal_base_conv pul_retire_2020,missing,missing,missing,missing,missing,missing,missing,missing,EJ
2416,0.0,0.0,0.0,0.0,0.0001771553,0.0003251939,0.0004992506999999999,0.0009724189999999998,0.0014077471,innovation-rhodium18b,high,NC,missing,coal_int_IGCC_CCS,missing,missing,missing,missing,missing,missing,missing,missing,EJ
2417,0.0746456,0.1050791,0.0,0.0,0.0,0.0,0.0,0.0,0.0,innovation-rhodium18b,high,NC,missing,coal_int_conv pul,missing,missing,missing,missing,missing,missing,missing,missing,EJ
2418,0.0,0.0,2.590075e-05,2.223007e-05,4.863396000000001e-06,0.0,0.0,0.0,0.0,innovation-rhodium18b,high,NC,missing,coal_int_conv pul 1951-1955,missing,missing,missing,missing,missing,missing,missing,missing,EJ
2419,0.0,0.0,0.000201841,0.0001462788,0.0,0.0,0.0,0.0,0.0,innovation-rhodium18b,high,NC,missing,coal_int_conv pul 1956-1960,missing,missing,missing,missing,missing,missing,missing,missing,EJ
2420,0.0,0.0,0.000883418,0.0008402010000000001,0.0002465161,0.0001245614,0.0,0.0,0.0,innovation-rhodium18b,high,NC,missing,coal_int_conv pul 1961-1965,missing,missing,missing,missing,missing,missing,missing,missing,EJ
2421,0.0,0.0,0.004699357,0.0046871829999999,0.001657504,0.0014384979999999,0.001526027,0.0003067961,0.0,innovation-rhodium18b,high,NC,missing,coal_int_conv pul 1966-1970,missing,missing,missing,missing,missing,missing,missing,missing,EJ
2422,0.0,0.0,0.005213506,0.005208005,0.00185429,0.0016571,0.001961702,0.0005161682,0.0002266394,innovation-rhodium18b,high,NC,missing,coal_int_conv pul 1971-1975,missing,missing,missing,missing,missing,missing,missing,missing,EJ
2423,0.0,0.0,0.0007983420000000001,0.00079824,0.0002853887,0.0002597465,0.0003321108,0.0001146795,9.22495e-05,innovation-rhodium18b,high,NC,missing,coal_int_conv pul 1976-1980,missing,missing,missing,missing,missing,missing,missing,missing,EJ
2424,0.0,0.0,0.0006844199999999999,0.000684383,0.0002447674,0.0002231177,0.0002872305,0.0001021292,9.1677e-05,innovation-rhodium18b,high,NC,missing,coal_int_conv pul 1981-1985,missing,missing,missing,missing,missing,missing,missing,missing,EJ
2425,0.0,0.0,0.0,0.0,0.0,0.0,0.0,0.0,0.0,innovation-rhodium18b,high,NC,missing,coal_int_conv pul 1986-1990,missing,missing,missing,missing,missing,missing,missing,missing,EJ
2426,0.0,0.0,2.327089e-05,2.327073e-05,8.324419999999999e-06,7.595140000000001e-06,9.81819e-06,3.55543e-06,3.447074e-06,innovation-rhodium18b,high,NC,missing,coal_int_conv pul 1991-1995,missing,missing,missing,missing,missing,missing,missing,missing,EJ
2427,0.0,0.0,0.001978648,0.001978649,0.0007078249999999999,0.000645898,0.00083543,0.0003033138,0.000297469,innovation-rhodium18b,high,NC,missing,coal_int_conv pul 2011-2015,missing,missing,missing,missing,missing,missing,missing,missing,EJ
2428,0.0,0.0,5.605278e-05,0.0,0.0,0.0,0.0,0.0,0.0,innovation-rhodium18b,high,NC,missing,coal_int_conv pul before 1950,missing,missing,missing,missing,missing,missing,missing,missing,EJ
2429,0.0,0.0,0.0,0.0,0.0002054265,0.000367643,0.0005508335000000001,0.0010256776,0.0014503391999999,innovation-rhodium18b,high,NC,missing,coal_int_conv pul_CCS,missing,missing,missing,missing,missing,missing,missing,missing,EJ
2430,0.0193685,0.02726526,0.0,0.0,0.0,0.0,0.0,0.0,0.0,innovation-rhodium18b,high,NC,missing,coal_int_conv pul_retire_2020,missing,missing,missing,missing,missing,missing,missing,missing,EJ
2431,0.0005879819,0.0,0.0,0.0,0.0,0.0,0.0,0.0,0.0,innovation-rhodium18b,high,NC,missing,coal_peak_conv pul,missing,missing,missing,missing,missing,missing,missing,missing,EJ
2432,0.00015256550000000002,0.0,0.0,0.0,0.0,0.0,0.0,0.0,0.0,innovation-rhodium18b,high,NC,missing,coal_peak_conv pul_retire_2020,missing,missing,missing,missing,missing,missing,missing,missing,EJ
2433,0.004369704,0.0,0.0,0.0,0.0,0.0,0.0,0.0,0.0,innovation-rhodium18b,high,NC,missing,coal_subpeak_conv pul,missing,missing,missing,missing,missing,missing,missing,missing,EJ
2434,0.001133821,0.0,0.0,0.0,0.0,0.0,0.0,0.0,0.0,innovation-rhodium18b,high,NC,missing,coal_subpeak_conv pul_retire_2020,missing,missing,missing,missing,missing,missing,missing,missing,EJ
2435,0.0,0.0,0.02982496,0.0417679399999999,0.05028583,0.05290279,0.05844076,0.0298605089999999,0.024283684,innovation-rhodium18b,high,NC,missing,gas_base_CC,missing,missing,missing,missing,missing,missing,missing,missing,EJ
2436,0.0,0.0,0.0,0.0,0.0128722,0.02183653,0.03200613,0.0452512199999999,0.05210833,innovation-rhodium18b,high,NC,missing,gas_base_CC_CCS,missing,missing,missing,missing,missing,missing,missing,missing,EJ
2437,0.000587634,0.00766204,0.1100913999999999,0.11069982,0.0947407099999999,0.08739781,0.08135123,0.07244039,0.06862178,innovation-rhodium18b,high,NC,missing,gas_int_CC,missing,missing,missing,missing,missing,missing,missing,missing,EJ
2438,0.0,0.0,0.0,0.0,0.00210713,0.00376401,0.00563073,0.0105371099999999,0.01484174,innovation-rhodium18b,high,NC,missing,gas_int_CC_CCS,missing,missing,missing,missing,missing,missing,missing,missing,EJ
2439,2.30015e-05,0.000385999,0.00104920484,0.00095640886,0.00072524027,0.0006083890159999999,0.0004999954540000001,0.00033893900900000003,0.000242186345,innovation-rhodium18b,high,NC,missing,gas_peak_CC,missing,missing,missing,missing,missing,missing,missing,missing,EJ
2440,0.0,0.0,0.0,0.0,1.89275e-07,2.88858e-07,4.12064e-07,7.97577e-07,1.356325e-06,innovation-rhodium18b,high,NC,missing,gas_peak_CC_CCS,missing,missing,missing,missing,missing,missing,missing,missing,EJ
2441,1.7001082299999998e-05,0.00013579975,0.0005296555506000001,0.00046762375609,0.00014464702597,0.00012719740033999998,0.0001310405808,6.301087837000001e-05,4.635283113000001e-05,innovation-rhodium18b,high,NC,missing,gas_peak_steam/CT,missing,missing,missing,missing,missing,missing,missing,missing,EJ
2442,0.000153009,0.00256881,0.007218704,0.0066590308,0.005339843,0.0045504604999999,0.003792,0.002851129,0.0022712773,innovation-rhodium18b,high,NC,missing,gas_subpeak_CC,missing,missing,missing,missing,missing,missing,missing,missing,EJ
2443,0.0,0.0,0.0,0.0,1.09078e-05,1.7459889999999998e-05,2.552019e-05,5.549788e-05,8.705877e-05,innovation-rhodium18b,high,NC,missing,gas_subpeak_CC_CCS,missing,missing,missing,missing,missing,missing,missing,missing,EJ
2444,0.000113306775,0.00090360416,0.0037649507439999,0.0033982184779999,0.001314193322,0.001184339138,0.0012210709644999,0.0007127988889000001,0.0005918770973999998,innovation-rhodium18b,high,NC,missing,gas_subpeak_steam/CT,missing,missing,missing,missing,missing,missing,missing,missing,EJ
2445,0.0230515,0.01712,0.0203001,0.0202689,0.0202468,0.0202498,0.0202045,0.020035,0.0200573,innovation-rhodium18b,high,NC,missing,hydro_base,missing,missing,missing,missing,missing,missing,missing,missing,EJ
2446,0.0988609,0.1492248,0.1578238,0.1577290999999999,0.1568949999999999,0.1498596999999999,0.1072607,0.03048901,0.0,innovation-rhodium18b,high,NC,missing,nuc_base_Gen II,missing,missing,missing,missing,missing,missing,missing,missing,EJ
2447,0.0,0.0,0.0,0.0,0.0150794,0.0256992,0.0369139,0.0531704999999999,0.0621398499999999,innovation-rhodium18b,high,NC,missing,nuc_base_Gen III,missing,missing,missing,missing,missing,missing,missing,missing,EJ
2448,0.0,0.0,0.00027885311,0.00024568903999999995,0.00025468898,0.00018245644,0.00013476841,1.7277192e-05,1.0331246e-05,innovation-rhodium18b,high,NC,missing,refined liquids_base_steam/CT,missing,missing,missing,missing,missing,missing,missing,missing,EJ
2449,0.00063513687,0.0009504054,0.0,0.0,0.0,0.0,0.0,0.0,0.0,innovation-rhodium18b,high,NC,missing,refined liquids_int_steam/CT,missing,missing,missing,missing,missing,missing,missing,missing,EJ
2450,0.0,0.0,0.0,0.0,0.0,0.0,0.0,0.0,0.0,innovation-rhodium18b,high,NC,missing,refined liquids_peak_steam/CT,missing,missing,missing,missing,missing,missing,missing,missing,EJ
2451,0.00015880937,0.000237601,0.0,0.0,0.0,0.0,0.0,0.0,0.0,innovation-rhodium18b,high,NC,missing,refined liquids_subpeak_steam/CT,missing,missing,missing,missing,missing,missing,missing,missing,EJ
2452,0.0,0.0,0.000448448,0.00361093,0.0181244,0.0219356,0.0264537,0.0215999,0.0256975,innovation-rhodium18b,high,NC,missing,rooftop_pv,missing,missing,missing,missing,missing,missing,missing,missing,EJ
2453,0.0,0.0,0.00486964,0.0072056599999999,0.01896246,0.02728561,0.03594874,0.04775124,0.04970331,innovation-rhodium18b,high,NC,missing,wind_base,missing,missing,missing,missing,missing,missing,missing,missing,EJ
2454,0.0,0.0,0.0,0.000574314,0.009884724,0.0187310939999999,0.0304909939999999,0.050165794,0.0625068799999999,innovation-rhodium18b,high,NC,missing,wind_base_offshore,missing,missing,missing,missing,missing,missing,missing,missing,EJ
2455,0.0,0.0,0.000250169,0.0003583,0.000930646,0.001330034,0.00175033,0.002355171,0.002444581,innovation-rhodium18b,high,NC,missing,wind_base_storage,missing,missing,missing,missing,missing,missing,missing,missing,EJ
2456,0.0,0.0,2.9262e-05,6.08737e-05,0.0004344177,0.0006796687,0.0007796554,0.0009734054,0.0010298612,innovation-rhodium18b,high,ND,missing,CSP_base_storage,missing,missing,missing,missing,missing,missing,missing,missing,EJ
2457,0.0,0.0,0.000298348,0.00065022,0.00329096,0.004668342,0.005752168,0.0099542079999999,0.0123871599999999,innovation-rhodium18b,high,ND,missing,CSP_int,missing,missing,missing,missing,missing,missing,missing,missing,EJ
2458,0.0,0.0,8.6205e-06,1.4829220000000002e-05,3.182812e-05,4.18525e-05,5.880851999999999e-05,8.178712e-05,0.00012478522,innovation-rhodium18b,high,ND,missing,CSP_peak,missing,missing,missing,missing,missing,missing,missing,missing,EJ
2459,7.00016e-07,7.00008e-07,8.032e-06,2.007974e-05,4.088134e-05,6.307233999999999e-05,0.00010942454,0.0005968826599999999,0.00071581014,innovation-rhodium18b,high,ND,missing,CSP_subpeak,missing,missing,missing,missing,missing,missing,missing,missing,EJ
2460,0.0,0.0,3.65583e-06,7.994190000000001e-06,6.111809e-05,9.683509e-05,0.00011162879,0.00014059669,0.00014984566,innovation-rhodium18b,high,ND,missing,PV_base_storage,missing,missing,missing,missing,missing,missing,missing,missing,EJ
2461,0.0,0.0,0.00179436,0.0042235499999999,0.01709605,0.02187229,0.02505971,0.03373792,0.03735723,innovation-rhodium18b,high,ND,missing,PV_int,missing,missing,missing,missing,missing,missing,missing,missing,EJ
2462,0.0,0.0,5.18462e-05,9.47089e-05,0.0001775714,0.0002123322,0.000262198,0.0003096544,0.00036012020000000003,innovation-rhodium18b,high,ND,missing,PV_peak,missing,missing,missing,missing,missing,missing,missing,missing,EJ
2463,0.0,0.0,2.42503e-05,0.0001074233,0.0002088233,0.0002857731,0.0004220901,0.0014370701,0.0016565357999999,innovation-rhodium18b,high,ND,missing,PV_subpeak,missing,missing,missing,missing,missing,missing,missing,missing,EJ
2464,0.0,0.0,2.50603e-05,6.19418716e-05,0.000399952526,0.0003007557,0.000140468161,0.000227625657,0.00010236896,innovation-rhodium18b,high,ND,missing,biogas_base_CC,missing,missing,missing,missing,missing,missing,missing,missing,EJ
2465,0.0,0.0,0.0,0.0,0.000351211,0.0003058677,0.00016037799999999995,0.00032866084,0.00016668964,innovation-rhodium18b,high,ND,missing,biogas_base_CC_CCS,missing,missing,missing,missing,missing,missing,missing,missing,EJ
2466,0.0,0.0,0.000136016,0.0002011148,0.0007186879,0.0005260530000000001,0.0005062947,0.0018295335,0.0018161584,innovation-rhodium18b,high,ND,missing,biogas_int_CC,missing,missing,missing,missing,missing,missing,missing,missing,EJ
2467,0.0,0.0,0.0,0.0,0.000380979,0.000325068,0.0003527914,0.001519472,0.001928135,innovation-rhodium18b,high,ND,missing,biogas_int_CC_CCS,missing,missing,missing,missing,missing,missing,missing,missing,EJ
2468,0.0,0.0,9.83066e-08,9.181734e-08,1.7818558000000004e-07,1.3493846e-07,2.0905442000000003e-07,4.444296e-07,8.420706e-07,innovation-rhodium18b,high,ND,missing,biogas_peak_CC,missing,missing,missing,missing,missing,missing,missing,missing,EJ
2469,0.0,0.0,0.0,0.0,2.71597e-08,2.141407e-08,3.614963e-08,9.40033e-08,1.9166771000000005e-07,innovation-rhodium18b,high,ND,missing,biogas_peak_CC_CCS,missing,missing,missing,missing,missing,missing,missing,missing,EJ
2470,0.0,0.0,9.19586e-08,7.931217599999999e-08,1.4637698799999997e-07,8.7286268e-08,1.3791874800000004e-07,2.5255674800000004e-07,5.3189126e-07,innovation-rhodium18b,high,ND,missing,biogas_peak_steam/CT,missing,missing,missing,missing,missing,missing,missing,missing,EJ
2471,0.0,0.0,1.77223e-07,7.612603999999999e-07,9.501594e-07,1.1458508e-06,2.1975357e-06,2.64347066e-05,1.61214582e-05,innovation-rhodium18b,high,ND,missing,biogas_subpeak_CC,missing,missing,missing,missing,missing,missing,missing,missing,EJ
2472,0.0,0.0,0.0,0.0,2.18675e-07,2.850829e-07,5.985026e-07,8.103438e-06,7.938301e-06,innovation-rhodium18b,high,ND,missing,biogas_subpeak_CC_CCS,missing,missing,missing,missing,missing,missing,missing,missing,EJ
2473,0.0,0.0,1.206399e-07,4.978259839999999e-07,5.78812633e-07,6.153215359999999e-07,1.1985645400000002e-06,1.5865933849000002e-05,4.793424895999999e-06,innovation-rhodium18b,high,ND,missing,biogas_subpeak_steam/CT,missing,missing,missing,missing,missing,missing,missing,missing,EJ
2474,0.0,0.0,3.46203e-06,9.394394e-06,6.6707e-05,0.00011858398,0.00013177418999999998,0.000152447254,0.000113682772,innovation-rhodium18b,high,ND,missing,biomass_base_IGCC,missing,missing,missing,missing,missing,missing,missing,missing,EJ
2475,0.0,0.0,0.0,0.0,0.0001269815,0.0003086998,0.0004034304,0.0014198807,0.0019737802,innovation-rhodium18b,high,ND,missing,biomass_base_IGCC_CCS,missing,missing,missing,missing,missing,missing,missing,missing,EJ
2476,0.0,0.0,7.00687e-06,1.4051193e-05,9.74249e-05,0.00015850878,0.00015272476099999996,0.000161539974,9.64376425e-05,innovation-rhodium18b,high,ND,missing,biomass_base_conv,missing,missing,missing,missing,missing,missing,missing,missing,EJ
2477,0.0,0.0,0.0,0.0,0.000287355,0.0007828589999999999,0.001016892,0.007737638,0.01103088,innovation-rhodium18b,high,ND,missing,biomass_base_conv_CCS,missing,missing,missing,missing,missing,missing,missing,missing,EJ
2478,0.0,0.0,3.16116e-06,7.19457e-06,2.1938260000000004e-05,3.168244e-05,4.049986e-05,9.853515e-05,0.00014011951,innovation-rhodium18b,high,ND,missing,biomass_int_IGCC,missing,missing,missing,missing,missing,missing,missing,missing,EJ
2479,0.0,0.0,0.0,0.0,1.138836e-05,2.022349e-05,2.884908e-05,0.00010673561,0.00016949207,innovation-rhodium18b,high,ND,missing,biomass_int_IGCC_CCS,missing,missing,missing,missing,missing,missing,missing,missing,EJ
2480,0.0,0.0,8.76035e-06,1.7043949999999998e-05,4.998064e-05,6.977069e-05,8.569271000000001e-05,0.00019546419000000004,0.0002638342,innovation-rhodium18b,high,ND,missing,biomass_int_conv,missing,missing,missing,missing,missing,missing,missing,missing,EJ
2481,0.0,0.0,0.0,0.0,2.21987e-05,3.997051e-05,5.659481e-05,0.00023244263,0.00036934832,innovation-rhodium18b,high,ND,missing,biomass_int_conv_CCS,missing,missing,missing,missing,missing,missing,missing,missing,EJ
2482,0.0,0.0,0.0,0.0,0.001040182,0.001779031,0.002135446,0.002690357,0.00296418,innovation-rhodium18b,high,ND,missing,coal_base_IGCC_CCS,missing,missing,missing,missing,missing,missing,missing,missing,EJ
2483,0.0557491,0.0698692,0.0,0.0,0.0,0.0,0.0,0.0,0.0,innovation-rhodium18b,high,ND,missing,coal_base_conv pul,missing,missing,missing,missing,missing,missing,missing,missing,EJ
2484,0.0,0.0,9.10036e-05,0.0,0.0,0.0,0.0,0.0,0.0,innovation-rhodium18b,high,ND,missing,coal_base_conv pul 1951-1955,missing,missing,missing,missing,missing,missing,missing,missing,EJ
2485,0.0,0.0,0.00064784,0.0,0.0,0.0,0.0,0.0,0.0,innovation-rhodium18b,high,ND,missing,coal_base_conv pul 1961-1965,missing,missing,missing,missing,missing,missing,missing,missing,EJ
2486,0.0,0.0,0.00639981,0.00638295,0.001086687,0.0007040700000000001,0.0005218757999999999,9.49148e-06,0.0,innovation-rhodium18b,high,ND,missing,coal_base_conv pul 1966-1970,missing,missing,missing,missing,missing,missing,missing,missing,EJ
2487,0.0,0.0,0.004954222,0.004951874,0.000851198,0.000574914,0.0005004312,1.410718e-05,6.60187e-06,innovation-rhodium18b,high,ND,missing,coal_base_conv pul 1971-1975,missing,missing,missing,missing,missing,missing,missing,missing,EJ
2488,0.0,0.0,0.0295325099999999,0.029526,0.005081142,0.003449351,0.003069274,9.42961e-05,5.59536e-05,innovation-rhodium18b,high,ND,missing,coal_base_conv pul 1976-1980,missing,missing,missing,missing,missing,missing,missing,missing,EJ
2489,0.0,0.0,0.0148766099999999,0.01487516,0.0025612729999999,0.001742984,0.001567791,5.042974e-05,3.531903e-05,innovation-rhodium18b,high,ND,missing,coal_base_conv pul 1981-1985,missing,missing,missing,missing,missing,missing,missing,missing,EJ
2490,0.0,0.0,0.00748141,0.00748092,0.001288277,0.0008772389999999999,0.000791276,2.576749e-05,1.899117e-05,innovation-rhodium18b,high,ND,missing,coal_base_conv pul 1986-1990,missing,missing,missing,missing,missing,missing,missing,missing,EJ
2491,0.0,0.0,0.0004848268000000001,0.0004848048,8.34956e-05,5.688e-05,5.140471e-05,1.688373e-06,1.291928e-06,innovation-rhodium18b,high,ND,missing,coal_base_conv pul 2011-2015,missing,missing,missing,missing,missing,missing,missing,missing,EJ
2492,0.0,0.0,0.0,0.0,0.001156798,0.0019404879999999,0.00230923,0.002813536,0.00306311,innovation-rhodium18b,high,ND,missing,coal_base_conv pul_CCS,missing,missing,missing,missing,missing,missing,missing,missing,EJ
2493,0.0001842042,0.0002308592,0.0,0.0,0.0,0.0,0.0,0.0,0.0,innovation-rhodium18b,high,ND,missing,coal_base_conv pul_retire_2020,missing,missing,missing,missing,missing,missing,missing,missing,EJ
2494,0.0,0.0,0.0,0.0,0.0002001503,0.0003047326,0.0003896776,0.0008248445,0.0011199645,innovation-rhodium18b,high,ND,missing,coal_int_IGCC_CCS,missing,missing,missing,missing,missing,missing,missing,missing,EJ
2495,0.04590811,0.05347289,0.0,0.0,0.0,0.0,0.0,0.0,0.0,innovation-rhodium18b,high,ND,missing,coal_int_conv pul,missing,missing,missing,missing,missing,missing,missing,missing,EJ
2496,0.0,0.0,7.00654e-05,0.0,0.0,0.0,0.0,0.0,0.0,innovation-rhodium18b,high,ND,missing,coal_int_conv pul 1951-1955,missing,missing,missing,missing,missing,missing,missing,missing,EJ
2497,0.0,0.0,0.0004987839,0.0,0.0,0.0,0.0,0.0,0.0,innovation-rhodium18b,high,ND,missing,coal_int_conv pul 1961-1965,missing,missing,missing,missing,missing,missing,missing,missing,EJ
2498,0.0,0.0,0.004927335,0.004914558,0.002597982,0.002107534,0.00183873,0.000552497,0.0,innovation-rhodium18b,high,ND,missing,coal_int_conv pul 1966-1970,missing,missing,missing,missing,missing,missing,missing,missing,EJ
2499,0.0,0.0,0.003814341,0.0038127,0.002034992,0.001720923,0.001763173,0.0008211749999999999,0.0004472172,innovation-rhodium18b,high,ND,missing,coal_int_conv pul 1971-1975,missing,missing,missing,missing,missing,missing,missing,missing,EJ
2500,0.0,0.0,0.0227376,0.02273358,0.01214767,0.01032515,0.01081401,0.005488949,0.003790358,innovation-rhodium18b,high,ND,missing,coal_int_conv pul 1976-1980,missing,missing,missing,missing,missing,missing,missing,missing,EJ
2501,0.0,0.0,0.0114537699999999,0.01145316,0.00612333,0.00521736,0.00552381,0.002935503,0.002392547,innovation-rhodium18b,high,ND,missing,coal_int_conv pul 1981-1985,missing,missing,missing,missing,missing,missing,missing,missing,EJ
2502,0.0,0.0,0.00576007,0.00575994,0.003079936,0.002625891,0.002787909,0.00149992,0.001286483,innovation-rhodium18b,high,ND,missing,coal_int_conv pul 1986-1990,missing,missing,missing,missing,missing,missing,missing,missing,EJ
2503,0.0,0.0,0.0003732767,0.0003732764,0.0001996157,0.0001702625,0.0001811144,9.82794e-05,8.75165e-05,innovation-rhodium18b,high,ND,missing,coal_int_conv pul 2011-2015,missing,missing,missing,missing,missing,missing,missing,missing,EJ
2504,0.0,0.0,0.0,0.0,0.000234972,0.0003508936,0.0004411428,0.00088165,0.0011717503,innovation-rhodium18b,high,ND,missing,coal_int_conv pul_CCS,missing,missing,missing,missing,missing,missing,missing,missing,EJ
2505,0.00015168799999999995,0.0001766835,0.0,0.0,0.0,0.0,0.0,0.0,0.0,innovation-rhodium18b,high,ND,missing,coal_int_conv pul_retire_2020,missing,missing,missing,missing,missing,missing,missing,missing,EJ
2506,0.000551616,0.0,0.0,0.0,0.0,0.0,0.0,0.0,0.0,innovation-rhodium18b,high,ND,missing,coal_peak_conv pul,missing,missing,missing,missing,missing,missing,missing,missing,EJ
2507,1.822625e-06,0.0,0.0,0.0,0.0,0.0,0.0,0.0,0.0,innovation-rhodium18b,high,ND,missing,coal_peak_conv pul_retire_2020,missing,missing,missing,missing,missing,missing,missing,missing,EJ
2508,0.003608961,0.0,0.0,0.0,0.0,0.0,0.0,0.0,0.0,innovation-rhodium18b,high,ND,missing,coal_subpeak_conv pul,missing,missing,missing,missing,missing,missing,missing,missing,EJ
2509,1.192459e-05,0.0,0.0,0.0,0.0,0.0,0.0,0.0,0.0,innovation-rhodium18b,high,ND,missing,coal_subpeak_conv pul_retire_2020,missing,missing,missing,missing,missing,missing,missing,missing,EJ
2510,1.0000287e-07,1.0000102e-07,0.0015475505699999,0.00388152413,0.0071784543099999,0.0084602439999999,0.00856438834,0.003107925213,0.0022002215905,innovation-rhodium18b,high,ND,missing,gas_base_CC,missing,missing,missing,missing,missing,missing,missing,missing,EJ
2511,0.0,0.0,0.0,0.0,0.004113111,0.006815029,0.007977747,0.009376503,0.009858561,innovation-rhodium18b,high,ND,missing,gas_base_CC_CCS,missing,missing,missing,missing,missing,missing,missing,missing,EJ
2512,0.0,0.0,0.0046806484,0.0082116816,0.0126483489,0.0143698940999999,0.0156977073,0.0208907739999999,0.02369171295,innovation-rhodium18b,high,ND,missing,gas_int_CC,missing,missing,missing,missing,missing,missing,missing,missing,EJ
2513,0.0,0.0,0.0,0.0,0.002118373,0.003156721,0.003967313,0.008013705,0.0106273029999999,innovation-rhodium18b,high,ND,missing,gas_int_CC_CCS,missing,missing,missing,missing,missing,missing,missing,missing,EJ
2514,1.0000689e-07,0.0,0.00014995315030000002,0.0001370557145,0.0001098593293,9.16776495e-05,7.269125599999999e-05,5.45456293e-05,3.95513659e-05,innovation-rhodium18b,high,ND,missing,gas_peak_CC,missing,missing,missing,missing,missing,missing,missing,missing,EJ
2515,0.0,0.0,0.0,0.0,4.8517230000000004e-08,7.613053e-08,1.2249866e-07,2.0799701e-07,4.0184888e-07,innovation-rhodium18b,high,ND,missing,gas_peak_CC_CCS,missing,missing,missing,missing,missing,missing,missing,missing,EJ
2516,0.0,0.0,7.727842200000001e-05,6.9067111e-05,2.82521532e-05,2.4044506300000005e-05,1.99306382e-05,1.5419400699999998e-05,1.0889543600000002e-05,innovation-rhodium18b,high,ND,missing,gas_peak_steam/CT,missing,missing,missing,missing,missing,missing,missing,missing,EJ
2517,3.0000693e-07,2.0000275000000001e-07,0.000195633418,0.00019643558200000004,0.00016539285000000006,0.00014531150500000003,0.00012807700800000004,0.00018267661799999997,0.00017650006800000003,innovation-rhodium18b,high,ND,missing,gas_subpeak_CC,missing,missing,missing,missing,missing,missing,missing,missing,EJ
2518,0.0,0.0,0.0,0.0,5.302077e-07,1.0759926e-06,2.2018255999999995e-06,1.8121494e-05,2.21093529e-05,innovation-rhodium18b,high,ND,missing,gas_subpeak_CC_CCS,missing,missing,missing,missing,missing,missing,missing,missing,EJ
2519,2.00005e-07,1.000012e-07,0.00010520893000000002,0.00010828296000000002,5.026515e-05,4.4897005e-05,4.2766393000000005e-05,7.9876724e-05,6.520743500000001e-05,innovation-rhodium18b,high,ND,missing,gas_subpeak_steam/CT,missing,missing,missing,missing,missing,missing,missing,missing,EJ
2520,0.0058071,0.0049334,0.0089859,0.0089721,0.0089623,0.0089637,0.0089436,0.0088686,0.0088784,innovation-rhodium18b,high,ND,missing,hydro_base,missing,missing,missing,missing,missing,missing,missing,missing,EJ
2521,0.0,0.0,3.518263e-05,2.8740160000000004e-05,9.43247e-06,1.022892e-05,8.68976e-06,8.20161e-06,5.576746e-06,innovation-rhodium18b,high,ND,missing,refined liquids_peak_steam/CT,missing,missing,missing,missing,missing,missing,missing,missing,EJ
2522,0.0001154027,0.0001523018,3.857321e-05,3.3813490000000003e-05,1.044675e-05,1.0878919999999998e-05,9.1861e-06,9.05777e-06,6.188592e-06,innovation-rhodium18b,high,ND,missing,refined liquids_subpeak_steam/CT,missing,missing,missing,missing,missing,missing,missing,missing,EJ
2523,0.0,0.0,1.55752e-05,0.000130139,0.000494073,0.000724002,0.000887746,0.000702708,0.000871614,innovation-rhodium18b,high,ND,missing,rooftop_pv,missing,missing,missing,missing,missing,missing,missing,missing,EJ
2524,0.0,0.000477805,0.01559047,0.01872798,0.03944588,0.05099878,0.05623889,0.05874799,0.06533252,innovation-rhodium18b,high,ND,missing,wind_base,missing,missing,missing,missing,missing,missing,missing,missing,EJ
2525,0.0,0.0,3.27498e-05,9.94043e-05,0.0008379842999999999,0.0013275773,0.0015335823,0.0019602283,0.0021191465,innovation-rhodium18b,high,ND,missing,wind_base_storage,missing,missing,missing,missing,missing,missing,missing,missing,EJ
2526,0.0,0.000199102,0.00593013,0.00593013,0.00593013,0.00593013,0.00593013,0.0,0.0,innovation-rhodium18b,high,ND,missing,wind_int,missing,missing,missing,missing,missing,missing,missing,missing,EJ
2527,0.0,0.000119401,0.00355809,0.00355809,0.00355809,0.00355809,0.00355809,0.0,0.0,innovation-rhodium18b,high,ND,missing,wind_subpeak,missing,missing,missing,missing,missing,missing,missing,missing,EJ
2528,0.0,0.0,7.89711e-05,0.0001073534,0.0004146364,0.0005173574,0.0005962118,0.0007401948,0.0007499520999999999,innovation-rhodium18b,high,OH,missing,PV_base_storage,missing,missing,missing,missing,missing,missing,missing,missing,EJ
2529,0.0,0.0,0.00796346,0.0130724,0.0340802,0.0442271,0.05190017,0.07248807,0.0815239099999999,innovation-rhodium18b,high,OH,missing,PV_int,missing,missing,missing,missing,missing,missing,missing,missing,EJ
2530,0.0,0.0,0.00116878,0.0014570899999999,0.0022532109999999,0.002373443,0.0026361189999999,0.0031632859999999,0.003569486,innovation-rhodium18b,high,OH,missing,PV_peak,missing,missing,missing,missing,missing,missing,missing,missing,EJ
2531,0.0,0.0,0.003568022,0.006368002,0.011236872,0.013900822,0.017117902,0.02415767,0.02836126,innovation-rhodium18b,high,OH,missing,PV_subpeak,missing,missing,missing,missing,missing,missing,missing,missing,EJ
2532,0.0,0.0,0.000510804,0.00038002363,0.0021616496,0.0008668342,0.0007119409,0.00104778928,0.00064291256,innovation-rhodium18b,high,OH,missing,biogas_base_CC,missing,missing,missing,missing,missing,missing,missing,missing,EJ
2533,0.0,0.0,0.0,0.0,0.00190691,0.000899253,0.0008036097000000001,0.0015292071,0.0010362804,innovation-rhodium18b,high,OH,missing,biogas_base_CC_CCS,missing,missing,missing,missing,missing,missing,missing,missing,EJ
2534,0.0,0.0,0.000487549,0.0003712136,0.0012606242,0.0012606629,0.0014280251,0.0035587809999999,0.0040594429999999,innovation-rhodium18b,high,OH,missing,biogas_int_CC,missing,missing,missing,missing,missing,missing,missing,missing,EJ
2535,0.0,0.0,0.0,0.0,0.000637763,0.0007319690000000001,0.000934469,0.002913439,0.004082474,innovation-rhodium18b,high,OH,missing,biogas_int_CC_CCS,missing,missing,missing,missing,missing,missing,missing,missing,EJ
2536,0.0,0.0,1.83075e-06,5.932449e-07,1.8438931e-06,9.207801e-07,1.632074e-06,3.727609e-06,9.0690185e-06,innovation-rhodium18b,high,OH,missing,biogas_peak_CC,missing,missing,missing,missing,missing,missing,missing,missing,EJ
2537,0.0,0.0,0.0,0.0,2.72401e-07,1.2986059999999998e-07,2.551744e-07,7.278021e-07,1.9437328e-06,innovation-rhodium18b,high,OH,missing,biogas_peak_CC_CCS,missing,missing,missing,missing,missing,missing,missing,missing,EJ
2538,0.0,0.0,1.70328e-06,4.7004817e-07,1.4583122300000002e-06,3.6125027e-07,8.289264900000001e-07,2.13391763e-06,6.113029719999999e-06,innovation-rhodium18b,high,OH,missing,biogas_peak_steam/CT,missing,missing,missing,missing,missing,missing,missing,missing,EJ
2539,0.0,0.0,2.36737e-05,2.476317e-05,4.9059180000000005e-05,5.230791e-05,7.812081e-05,0.00019997187,0.00025650746,innovation-rhodium18b,high,OH,missing,biogas_subpeak_CC,missing,missing,missing,missing,missing,missing,missing,missing,EJ
2540,0.0,0.0,0.0,0.0,1.09036e-05,1.252799e-05,2.087381e-05,6.429627e-05,9.933148e-05,innovation-rhodium18b,high,OH,missing,biogas_subpeak_CC_CCS,missing,missing,missing,missing,missing,missing,missing,missing,EJ
2541,0.0,0.0,1.6021709999999997e-05,1.52525927e-05,2.85545645e-05,2.2877321900000007e-05,3.2116838399999994e-05,9.2089789e-05,0.00010019804300000004,innovation-rhodium18b,high,OH,missing,biogas_subpeak_steam/CT,missing,missing,missing,missing,missing,missing,missing,missing,EJ
2542,0.0,0.0,0.000243014,0.0002512877,0.0008543375999999999,0.0010446841,0.0011764261,0.0011160272,0.000945846,innovation-rhodium18b,high,OH,missing,biomass_base_IGCC,missing,missing,missing,missing,missing,missing,missing,missing,EJ
2543,0.0,0.0,0.0,0.0,0.001237377,0.0020566409999999,0.0028148889999999,0.009560242,0.0145548939999999,innovation-rhodium18b,high,OH,missing,biomass_base_IGCC_CCS,missing,missing,missing,missing,missing,missing,missing,missing,EJ
2544,0.000455314,0.0001524,8.50287e-05,7.18574e-05,0.000274875,0.000232189,0.000141467,1.60867e-05,6.58489e-06,innovation-rhodium18b,high,OH,missing,biomass_base_conv,missing,missing,missing,missing,missing,missing,missing,missing,EJ
2545,0.0,0.0,0.0,0.0,0.00292245,0.00528348,0.007255237,0.058579602,0.0927247159999999,innovation-rhodium18b,high,OH,missing,biomass_base_conv_CCS,missing,missing,missing,missing,missing,missing,missing,missing,EJ
2546,0.0,0.0,3.50499e-05,5.176954e-05,9.22008e-05,0.00012543019,0.00015991105999999997,0.00031569457,0.00046319066000000006,innovation-rhodium18b,high,OH,missing,biomass_int_IGCC,missing,missing,missing,missing,missing,missing,missing,missing,EJ
2547,0.0,0.0,0.0,0.0,3.04739e-05,6.04677e-05,9.38745e-05,0.00030923280000000005,0.0005344283,innovation-rhodium18b,high,OH,missing,biomass_int_IGCC_CCS,missing,missing,missing,missing,missing,missing,missing,missing,EJ
2548,0.000455314,0.0001524,0.000434307,0.000396773,0.000535768,0.000501689,0.000407218,0.000320675,0.00021838,innovation-rhodium18b,high,OH,missing,biomass_int_conv,missing,missing,missing,missing,missing,missing,missing,missing,EJ
2549,0.0,0.0,0.0,0.0,6.01317e-05,0.0001212683,0.0001864945,0.0006808790999999999,0.0011806717,innovation-rhodium18b,high,OH,missing,biomass_int_conv_CCS,missing,missing,missing,missing,missing,missing,missing,missing,EJ
2550,0.0,0.0,0.0,0.0,0.00555147,0.007493898,0.009246359,0.011809095,0.013586755,innovation-rhodium18b,high,OH,missing,coal_base_IGCC_CCS,missing,missing,missing,missing,missing,missing,missing,missing,EJ
2551,0.2143440999999999,0.259915,0.0,0.0,0.0,0.0,0.0,0.0,0.0,innovation-rhodium18b,high,OH,missing,coal_base_conv pul,missing,missing,missing,missing,missing,missing,missing,missing,EJ
2552,0.0,0.0,0.01569095,0.0146767,0.00229472,0.0,0.0,0.0,0.0,innovation-rhodium18b,high,OH,missing,coal_base_conv pul 1951-1955,missing,missing,missing,missing,missing,missing,missing,missing,EJ
2553,0.0,0.0,0.0,0.0,0.0,0.0,0.0,0.0,0.0,innovation-rhodium18b,high,OH,missing,coal_base_conv pul 1956-1960,missing,missing,missing,missing,missing,missing,missing,missing,EJ
2554,0.0,0.0,0.000225561,0.0,0.0,0.0,0.0,0.0,0.0,innovation-rhodium18b,high,OH,missing,coal_base_conv pul 1961-1965,missing,missing,missing,missing,missing,missing,missing,missing,EJ
2555,0.0,0.0,0.0278634,0.0277905,0.00553902,0.00312647,0.00252446,4.82384e-05,0.0,innovation-rhodium18b,high,OH,missing,coal_base_conv pul 1966-1970,missing,missing,missing,missing,missing,missing,missing,missing,EJ
2556,0.0,0.0,0.0646299999999999,0.0644609,0.01284791,0.00725194,0.00585558,0.0001118905,0.0,innovation-rhodium18b,high,OH,missing,coal_base_conv pul 1971-1975,missing,missing,missing,missing,missing,missing,missing,missing,EJ
2557,0.0,0.0,0.02131966,0.0209905,0.0039588,0.0018218829999999,0.0008939569999999999,0.0,0.0,innovation-rhodium18b,high,OH,missing,coal_base_conv pul 1976-1980,missing,missing,missing,missing,missing,missing,missing,missing,EJ
2558,0.0,0.0,2.32494e-05,2.32484e-05,4.68729e-06,2.78115e-06,2.73512e-06,9.39399e-08,6.57876e-08,innovation-rhodium18b,high,OH,missing,coal_base_conv pul 1986-1990,missing,missing,missing,missing,missing,missing,missing,missing,EJ
2559,0.0,0.0,0.0223500999999999,0.0223494,0.00450614,0.00267395,0.00263094,9.05541e-05,6.401120000000001e-05,innovation-rhodium18b,high,OH,missing,coal_base_conv pul 1991-1995,missing,missing,missing,missing,missing,missing,missing,missing,EJ
2560,0.0,0.0,0.0,0.0,0.00612522,0.0081653189999999,0.0099699419999999,0.012289802,0.013919164,innovation-rhodium18b,high,OH,missing,coal_base_conv pul_CCS,missing,missing,missing,missing,missing,missing,missing,missing,EJ
2561,0.0466351,0.0565499,0.0,0.0,0.0,0.0,0.0,0.0,0.0,innovation-rhodium18b,high,OH,missing,coal_base_conv pul_retire_2020,missing,missing,missing,missing,missing,missing,missing,missing,EJ
2562,0.0,0.0,0.0,0.0,0.000336364,0.0005662950000000001,0.000784683,0.0015748589999999,0.002280898,innovation-rhodium18b,high,OH,missing,coal_int_IGCC_CCS,missing,missing,missing,missing,missing,missing,missing,missing,EJ
2563,0.1288386,0.157773,0.0,0.0,0.0,0.0,0.0,0.0,0.0,innovation-rhodium18b,high,OH,missing,coal_int_conv pul,missing,missing,missing,missing,missing,missing,missing,missing,EJ
2564,0.0,0.0,0.00723738,0.00676974,0.00322328,0.0,0.0,0.0,0.0,innovation-rhodium18b,high,OH,missing,coal_int_conv pul 1951-1955,missing,missing,missing,missing,missing,missing,missing,missing,EJ
2565,0.0,0.0,0.0,0.0,0.0,0.0,0.0,0.0,0.0,innovation-rhodium18b,high,OH,missing,coal_int_conv pul 1956-1960,missing,missing,missing,missing,missing,missing,missing,missing,EJ
2566,0.0,0.0,0.0001040391,0.0,0.0,0.0,0.0,0.0,0.0,innovation-rhodium18b,high,OH,missing,coal_int_conv pul 1961-1965,missing,missing,missing,missing,missing,missing,missing,missing,EJ
2567,0.0,0.0,0.01285187,0.01281858,0.00778039,0.00671965,0.00596731,0.001556,0.0,innovation-rhodium18b,high,OH,missing,coal_int_conv pul 1966-1970,missing,missing,missing,missing,missing,missing,missing,missing,EJ
2568,0.0,0.0,0.0298102999999999,0.0297331,0.0180468599999999,0.0155864299999999,0.01384136,0.0036092,0.0,innovation-rhodium18b,high,OH,missing,coal_int_conv pul 1971-1975,missing,missing,missing,missing,missing,missing,missing,missing,EJ
2569,0.0,0.0,0.00983362,0.00968206,0.00556075,0.00391574,0.002113125,0.0,0.0,innovation-rhodium18b,high,OH,missing,coal_int_conv pul 1976-1980,missing,missing,missing,missing,missing,missing,missing,missing,EJ
2570,0.0,0.0,1.072369e-05,1.072356e-05,6.58401e-06,5.97747e-06,6.4652500000000005e-06,3.03017e-06,2.66788e-06,innovation-rhodium18b,high,OH,missing,coal_int_conv pul 1986-1990,missing,missing,missing,missing,missing,missing,missing,missing,EJ
2571,0.0,0.0,0.01030893,0.01030885,0.00632955,0.00574706,0.006219,0.00292095,0.00259584,innovation-rhodium18b,high,OH,missing,coal_int_conv pul 1991-1995,missing,missing,missing,missing,missing,missing,missing,missing,EJ
2572,0.0,0.0,0.0,0.0,0.000393415,0.00064755,0.000878938,0.001677094,0.002369951,innovation-rhodium18b,high,OH,missing,coal_int_conv pul_CCS,missing,missing,missing,missing,missing,missing,missing,missing,EJ
2573,0.0280315,0.0343269,0.0,0.0,0.0,0.0,0.0,0.0,0.0,innovation-rhodium18b,high,OH,missing,coal_int_conv pul_retire_2020,missing,missing,missing,missing,missing,missing,missing,missing,EJ
2574,0.00132392,0.0,0.0,0.0,0.0,0.0,0.0,0.0,0.0,innovation-rhodium18b,high,OH,missing,coal_peak_conv pul,missing,missing,missing,missing,missing,missing,missing,missing,EJ
2575,0.00028804700000000004,0.0,0.0,0.0,0.0,0.0,0.0,0.0,0.0,innovation-rhodium18b,high,OH,missing,coal_peak_conv pul_retire_2020,missing,missing,missing,missing,missing,missing,missing,missing,EJ
2576,0.00918472,0.0,0.0,0.0,0.0,0.0,0.0,0.0,0.0,innovation-rhodium18b,high,OH,missing,coal_subpeak_conv pul,missing,missing,missing,missing,missing,missing,missing,missing,EJ
2577,0.001998331,0.0,0.0,0.0,0.0,0.0,0.0,0.0,0.0,innovation-rhodium18b,high,OH,missing,coal_subpeak_conv pul_retire_2020,missing,missing,missing,missing,missing,missing,missing,missing,EJ
2578,5.88018e-05,0.0018422,0.0362216,0.04777,0.06073165,0.05811014,0.05938822,0.019380512,0.014521265,innovation-rhodium18b,high,OH,missing,gas_base_CC,missing,missing,missing,missing,missing,missing,missing,missing,EJ
2579,0.0,0.0,0.0,0.0,0.0221379,0.0290752499999999,0.03508839,0.04223842,0.04642715,innovation-rhodium18b,high,OH,missing,gas_base_CC_CCS,missing,missing,missing,missing,missing,missing,missing,missing,EJ
2580,5.66017e-05,0.0017738,0.0705518,0.07218131,0.07014027,0.06734454,0.06392566,0.06485515,0.06611818,innovation-rhodium18b,high,OH,missing,gas_int_CC,missing,missing,missing,missing,missing,missing,missing,missing,EJ
2581,0.0,0.0,0.0,0.0,0.00360367,0.00592657,0.00804349,0.01549112,0.02184317,innovation-rhodium18b,high,OH,missing,gas_int_CC_CCS,missing,missing,missing,missing,missing,missing,missing,missing,EJ
2582,2.72011e-05,0.00109889,5.68077e-06,7.258893000000001e-06,1.1173522e-05,1.1864188e-05,1.4247429e-05,1.9315084000000004e-05,3.5432816e-05,innovation-rhodium18b,high,OH,missing,gas_peak_CC,missing,missing,missing,missing,missing,missing,missing,missing,EJ
2583,0.0,0.0,0.0,0.0,4.494060000000001e-07,5.399758e-07,7.842169000000002e-07,1.4598551e-06,3.5722178e-06,innovation-rhodium18b,high,OH,missing,gas_peak_CC_CCS,missing,missing,missing,missing,missing,missing,missing,missing,EJ
2584,2.02008e-05,0.0003864985,4.9138e-06,5.846709e-06,6.149172999999999e-06,5.594060000000001e-06,7.345751799999999e-06,9.031104e-06,1.7170903600000003e-05,innovation-rhodium18b,high,OH,missing,gas_peak_steam/CT,missing,missing,missing,missing,missing,missing,missing,missing,EJ
2585,0.000130804,0.00528119,0.01077759,0.010063461,0.008627849,0.007443104,0.006235368,0.005209861,0.004492884,innovation-rhodium18b,high,OH,missing,gas_subpeak_CC,missing,missing,missing,missing,missing,missing,missing,missing,EJ
2586,0.0,0.0,0.0,0.0,2.74637e-05,4.79831e-05,7.77744e-05,0.00016936099999999998,0.0002682052,innovation-rhodium18b,high,OH,missing,gas_subpeak_CC_CCS,missing,missing,missing,missing,missing,missing,missing,missing,EJ
2587,9.69031e-05,0.0018576,0.005695052,0.005252488,0.0029619723,0.0026797310999999,0.0024399787,0.0018463875,0.0015556978,innovation-rhodium18b,high,OH,missing,gas_subpeak_steam/CT,missing,missing,missing,missing,missing,missing,missing,missing,EJ
2588,0.0006157,0.0018962,0.0019596,0.0019566,0.0019545,0.0019548,0.0019504,0.001934,0.0019362,innovation-rhodium18b,high,OH,missing,hydro_base,missing,missing,missing,missing,missing,missing,missing,missing,EJ
2589,0.0406946,0.0552481,0.0650273,0.0646542,0.063198,0.0579509,0.0434523,0.021667,0.0,innovation-rhodium18b,high,OH,missing,nuc_base_Gen II,missing,missing,missing,missing,missing,missing,missing,missing,EJ
2590,0.0,0.0,0.0,0.0,0.0291156,0.0388863,0.04645576,0.06040317,0.06907395,innovation-rhodium18b,high,OH,missing,nuc_base_Gen III,missing,missing,missing,missing,missing,missing,missing,missing,EJ
2591,0.0,0.0,0.0016505,0.00149133,0.000619949,0.000673775,0.000609701,0.000427932,0.000293258,innovation-rhodium18b,high,OH,missing,refined liquids_peak_steam/CT,missing,missing,missing,missing,missing,missing,missing,missing,EJ
2592,0.00121834,0.00549659,0.00233468,0.00194716,0.000887689,0.000934325,0.000823472,0.000583139,0.000400398,innovation-rhodium18b,high,OH,missing,refined liquids_subpeak_steam/CT,missing,missing,missing,missing,missing,missing,missing,missing,EJ
2593,0.0,0.0,0.000126679,0.000831534,0.00558641,0.00852626,0.0111106,0.00843781,0.0105004,innovation-rhodium18b,high,OH,missing,rooftop_pv,missing,missing,missing,missing,missing,missing,missing,missing,EJ
2594,0.0,2.88999e-05,0.02111731,0.03303141,0.09652671,0.11552361,0.12974421,0.1523359999999999,0.1516557999999999,innovation-rhodium18b,high,OH,missing,wind_base,missing,missing,missing,missing,missing,missing,missing,missing,EJ
2595,0.0,0.0,0.0,0.000803664,0.014678064,0.020012064,0.024814704,0.034676654,0.04144068,innovation-rhodium18b,high,OH,missing,wind_base_offshore,missing,missing,missing,missing,missing,missing,missing,missing,EJ
2596,0.0,0.0,0.000434755,0.00067743,0.00256773,0.0031745949999999,0.0036302279999999,0.004445874,0.004517151,innovation-rhodium18b,high,OH,missing,wind_base_storage,missing,missing,missing,missing,missing,missing,missing,missing,EJ
2597,0.0,1.2e-05,0.00106566,0.00106566,0.00106566,0.00106566,0.00106566,0.0,0.0,innovation-rhodium18b,high,OH,missing,wind_int,missing,missing,missing,missing,missing,missing,missing,missing,EJ
2598,0.0,7.19999e-06,0.000639379,0.000639379,0.000639379,0.000639379,0.000639379,0.0,0.0,innovation-rhodium18b,high,OH,missing,wind_subpeak,missing,missing,missing,missing,missing,missing,missing,missing,EJ
2599,0.0,0.0,0.0,2.36034e-05,0.0008232834,0.0010730423999999,0.0012233843999999,0.0017231914,0.0018867374,innovation-rhodium18b,high,OK,missing,CSP_base_storage,missing,missing,missing,missing,missing,missing,missing,missing,EJ
2600,0.0,0.0,0.0,0.000369742,0.004778662,0.007880762,0.010663122,0.019548202,0.0255289819999999,innovation-rhodium18b,high,OK,missing,CSP_int,missing,missing,missing,missing,missing,missing,missing,missing,EJ
2601,0.0,0.0,0.0,2.74186e-05,0.00015710359999999998,0.00021443,0.0002676768,0.000377797,0.0005129786000000001,innovation-rhodium18b,high,OK,missing,CSP_peak,missing,missing,missing,missing,missing,missing,missing,missing,EJ
2602,0.000103935,9.2686e-05,0.000457172,0.000482368,0.000523962,0.0005998889999999999,0.0007786518,0.0034264398,0.0039886658,innovation-rhodium18b,high,OK,missing,CSP_subpeak,missing,missing,missing,missing,missing,missing,missing,missing,EJ
2603,0.0,0.0,0.0,4.14229e-06,0.00014962329000000002,0.00019616289,0.00022462889,0.00032027259,0.00035178959,innovation-rhodium18b,high,OK,missing,PV_base_storage,missing,missing,missing,missing,missing,missing,missing,missing,EJ
2604,0.0,0.0,0.0,0.0029005,0.0301638,0.0442135,0.05402342,0.07443102,0.08742582,innovation-rhodium18b,high,OK,missing,PV_int,missing,missing,missing,missing,missing,missing,missing,missing,EJ
2605,0.0,0.0,0.0,0.000215089,0.00101702,0.001276656,0.001464391,0.00171732,0.002011037,innovation-rhodium18b,high,OK,missing,PV_peak,missing,missing,missing,missing,missing,missing,missing,missing,EJ
2606,0.0,0.0,6.24127e-06,6.58523e-06,7.15307e-06,0.00020333261,0.00083360761,0.008186148,0.009407728,innovation-rhodium18b,high,OK,missing,PV_subpeak,missing,missing,missing,missing,missing,missing,missing,missing,EJ
2607,0.0,0.0,0.0,3.61854e-05,0.000668371968,0.00024924822,0.0001644706,0.000456346789,0.000152806224,innovation-rhodium18b,high,OK,missing,biogas_base_CC,missing,missing,missing,missing,missing,missing,missing,missing,EJ
2608,0.0,0.0,0.0,0.0,0.000594027,0.0002642342,0.0001913349,0.00065970679,0.0002550382,innovation-rhodium18b,high,OK,missing,biogas_base_CC_CCS,missing,missing,missing,missing,missing,missing,missing,missing,EJ
2609,0.0,0.0,0.0,0.000122963,0.00065033758,0.00048398101,0.00048116187,0.0018913326,0.001782221,innovation-rhodium18b,high,OK,missing,biogas_int_CC,missing,missing,missing,missing,missing,missing,missing,missing,EJ
2610,0.0,0.0,0.0,0.0,0.000362085,0.0003084606,0.0003440173,0.001704838,0.002146805,innovation-rhodium18b,high,OK,missing,biogas_int_CC_CCS,missing,missing,missing,missing,missing,missing,missing,missing,EJ
2611,0.0,0.0,0.0,2.28947e-07,7.2231553e-07,3.2841795e-07,3.2141033e-07,9.185827e-07,1.2100896e-06,innovation-rhodium18b,high,OK,missing,biogas_peak_CC,missing,missing,missing,missing,missing,missing,missing,missing,EJ
2612,0.0,0.0,0.0,0.0,1.16923e-07,5.590341e-08,5.855601e-08,2.067711e-07,3.104315e-07,innovation-rhodium18b,high,OK,missing,biogas_peak_CC_CCS,missing,missing,missing,missing,missing,missing,missing,missing,EJ
2613,0.0,0.0,0.0,2.064397e-07,6.25995e-07,2.6436333200000004e-07,2.42024192e-07,6.623492120000001e-07,8.333968600000002e-07,innovation-rhodium18b,high,OK,missing,biogas_peak_steam/CT,missing,missing,missing,missing,missing,missing,missing,missing,EJ
2614,0.0,0.0,0.0,0.0,0.0,1.00057e-06,4.1172362e-06,9.5801782e-05,3.3702016e-05,innovation-rhodium18b,high,OK,missing,biogas_subpeak_CC,missing,missing,missing,missing,missing,missing,missing,missing,EJ
2615,0.0,0.0,0.0,0.0,0.0,2.56443e-07,1.1025841e-06,2.910193e-05,2.0454218e-05,innovation-rhodium18b,high,OK,missing,biogas_subpeak_CC_CCS,missing,missing,missing,missing,missing,missing,missing,missing,EJ
2616,0.0,0.0,0.0,0.0,0.0,6.42861e-07,2.594835274e-06,6.001487286e-05,1.201660212e-05,innovation-rhodium18b,high,OK,missing,biogas_subpeak_steam/CT,missing,missing,missing,missing,missing,missing,missing,missing,EJ
2617,0.0,0.0,0.0,4.85231e-06,0.00010150973,0.00013565146,0.00015288745,0.000267701753,0.000177001132,innovation-rhodium18b,high,OK,missing,biomass_base_IGCC,missing,missing,missing,missing,missing,missing,missing,missing,EJ
2618,0.0,0.0,0.0,0.0,0.000223463,0.0003761268,0.0004933203999999999,0.0026883809,0.0035744363,innovation-rhodium18b,high,OK,missing,biomass_base_IGCC_CCS,missing,missing,missing,missing,missing,missing,missing,missing,EJ
2619,0.0,0.0,1.474696e-06,8.940645e-06,0.00016131912,0.00018884063,0.00018856995000000003,0.0003174316785,0.00015874475670000002,innovation-rhodium18b,high,OK,missing,biomass_base_conv,missing,missing,missing,missing,missing,missing,missing,missing,EJ
2620,0.0,0.0,0.0,0.0,0.00053351,0.000972675,0.001278411,0.016630874,0.022219221,innovation-rhodium18b,high,OK,missing,biomass_base_conv_CCS,missing,missing,missing,missing,missing,missing,missing,missing,EJ
2621,0.0,0.0,0.0,2.8394e-06,1.6703949999999998e-05,2.834734e-05,4.127953e-05,0.00011404973,0.00016929412000000002,innovation-rhodium18b,high,OK,missing,biomass_int_IGCC,missing,missing,missing,missing,missing,missing,missing,missing,EJ
2622,0.0,0.0,0.0,0.0,1.110939e-05,2.238746e-05,3.540206e-05,0.00013401952999999995,0.00022055721,innovation-rhodium18b,high,OK,missing,biomass_int_IGCC_CCS,missing,missing,missing,missing,missing,missing,missing,missing,EJ
2623,0.0,0.0,6.508799999999999e-06,1.268363e-05,4.45688e-05,6.752648e-05,9.056769e-05,0.00023470969,0.00032512755,innovation-rhodium18b,high,OK,missing,biomass_int_conv,missing,missing,missing,missing,missing,missing,missing,missing,EJ
2624,0.0,0.0,0.0,0.0,2.26338e-05,4.63443e-05,7.259809999999999e-05,0.000305049,0.0005024348,innovation-rhodium18b,high,OK,missing,biomass_int_conv_CCS,missing,missing,missing,missing,missing,missing,missing,missing,EJ
2625,0.0,0.0,0.0,0.0,0.00176627,0.002359777,0.002786599,0.00399095,0.00441011,innovation-rhodium18b,high,OK,missing,coal_base_IGCC_CCS,missing,missing,missing,missing,missing,missing,missing,missing,EJ
2626,0.04467603,0.0689912,0.0,0.0,0.0,0.0,0.0,0.0,0.0,innovation-rhodium18b,high,OK,missing,coal_base_conv pul,missing,missing,missing,missing,missing,missing,missing,missing,EJ
2627,0.0,0.0,0.03572957,0.03608422,0.00703519,0.003795883,0.0033570229999999,0.0001115934,6.72265e-05,innovation-rhodium18b,high,OK,missing,coal_base_conv pul 1976-1980,missing,missing,missing,missing,missing,missing,missing,missing,EJ
2628,0.0,0.0,0.01532058,0.01547474,0.003018878,0.001633291,0.001461943,5.11537e-05,3.717226e-05,innovation-rhodium18b,high,OK,missing,coal_base_conv pul 1981-1985,missing,missing,missing,missing,missing,missing,missing,missing,EJ
2629,0.0,0.0,0.0071685599999999,0.00724093,0.00141278,0.0007648150000000001,0.000686441,2.430957e-05,1.859437e-05,innovation-rhodium18b,high,OK,missing,coal_base_conv pul 1986-1990,missing,missing,missing,missing,missing,missing,missing,missing,EJ
2630,0.0,0.0,0.0,0.0,0.001969449,0.002598866,0.003041709,0.004175445,0.004560475,innovation-rhodium18b,high,OK,missing,coal_base_conv pul_CCS,missing,missing,missing,missing,missing,missing,missing,missing,EJ
2631,0.02975561,0.04595033,0.0,0.0,0.0,0.0,0.0,0.0,0.0,innovation-rhodium18b,high,OK,missing,coal_base_conv pul_retire_2020,missing,missing,missing,missing,missing,missing,missing,missing,EJ
2632,0.0,0.0,0.0,0.0,0.0001896103,0.0003198633,0.0004457378,0.0009865022,0.0013865482,innovation-rhodium18b,high,OK,missing,coal_int_IGCC_CCS,missing,missing,missing,missing,missing,missing,missing,missing,EJ
2633,0.01322485,0.01507843,0.0,0.0,0.0,0.0,0.0,0.0,0.0,innovation-rhodium18b,high,OK,missing,coal_int_conv pul,missing,missing,missing,missing,missing,missing,missing,missing,EJ
2634,0.0,0.0,0.000603938,0.000642952,0.0001620967,0.00012354140000000002,0.0001621661,8.15921e-05,6.0075e-05,innovation-rhodium18b,high,OK,missing,coal_int_conv pul 1976-1980,missing,missing,missing,missing,missing,missing,missing,missing,EJ
2635,0.0,0.0,0.000258964,0.0002757304,6.955769999999999e-05,5.31572e-05,7.06215e-05,3.740138e-05,3.321797e-05,innovation-rhodium18b,high,OK,missing,coal_int_conv pul 1981-1985,missing,missing,missing,missing,missing,missing,missing,missing,EJ
2636,0.0,0.0,0.0001211704,0.0001290189,3.25518e-05,2.489172e-05,3.315969e-05,1.777404e-05,1.661631e-05,innovation-rhodium18b,high,OK,missing,coal_int_conv pul 1986-1990,missing,missing,missing,missing,missing,missing,missing,missing,EJ
2637,0.0,0.0,0.0,0.0,0.000222878,0.0003673055,0.0005011983999999999,0.0010489043,0.0014423225,innovation-rhodium18b,high,OK,missing,coal_int_conv pul_CCS,missing,missing,missing,missing,missing,missing,missing,missing,EJ
2638,0.00880814,0.01004274,0.0,0.0,0.0,0.0,0.0,0.0,0.0,innovation-rhodium18b,high,OK,missing,coal_int_conv pul_retire_2020,missing,missing,missing,missing,missing,missing,missing,missing,EJ
2639,6.58635e-05,0.0,0.0,0.0,0.0,0.0,0.0,0.0,0.0,innovation-rhodium18b,high,OK,missing,coal_peak_conv pul,missing,missing,missing,missing,missing,missing,missing,missing,EJ
2640,4.38672e-05,0.0,0.0,0.0,0.0,0.0,0.0,0.0,0.0,innovation-rhodium18b,high,OK,missing,coal_peak_conv pul_retire_2020,missing,missing,missing,missing,missing,missing,missing,missing,EJ
2641,0.001162359,0.0,0.0,0.0,0.0,0.0,0.0,0.0,0.0,innovation-rhodium18b,high,OK,missing,coal_subpeak_conv pul,missing,missing,missing,missing,missing,missing,missing,missing,EJ
2642,0.000774168,0.0,0.0,0.0,0.0,0.0,0.0,0.0,0.0,innovation-rhodium18b,high,OK,missing,coal_subpeak_conv pul_retire_2020,missing,missing,missing,missing,missing,missing,missing,missing,EJ
2643,0.0011975032,0.002230788,0.0,0.00140354,0.007778568,0.00790021,0.0082379849999999,0.0042297073,0.0025937672999999,innovation-rhodium18b,high,OK,missing,gas_base_CC,missing,missing,missing,missing,missing,missing,missing,missing,EJ
2644,0.0,0.0,0.0,0.0,0.00666834,0.00863911,0.009974315,0.013443637,0.014069545,innovation-rhodium18b,high,OK,missing,gas_base_CC_CCS,missing,missing,missing,missing,missing,missing,missing,missing,EJ
2645,0.0486628199999999,0.09067593,0.09511111,0.095340028,0.065385166,0.056148772,0.0517647269999999,0.048963978,0.043929967,innovation-rhodium18b,high,OK,missing,gas_int_CC,missing,missing,missing,missing,missing,missing,missing,missing,EJ
2646,0.0,0.0,0.0,0.0,0.00209791,0.00343649,0.00469316,0.00995443,0.01365198,innovation-rhodium18b,high,OK,missing,gas_int_CC_CCS,missing,missing,missing,missing,missing,missing,missing,missing,EJ
2647,0.0006480997,0.001555253,0.001195993,0.0011111556309,0.0006834435306000001,0.0005419410613999999,0.000462739238,0.0003522649763999999,0.0002442615365,innovation-rhodium18b,high,OK,missing,gas_peak_CC,missing,missing,missing,missing,missing,missing,missing,missing,EJ
2648,0.0,0.0,0.0,0.0,2.17794e-07,3.023288e-07,3.900466e-07,6.438392e-07,9.694815e-07,innovation-rhodium18b,high,OK,missing,gas_peak_CC_CCS,missing,missing,missing,missing,missing,missing,missing,missing,EJ
2649,0.00048015877,0.0005470017,0.0005867144,0.000508094221,7.889432310000001e-05,5.820668749999999e-05,5.830143699999999e-05,4.8847407200000005e-05,3.34906189e-05,innovation-rhodium18b,high,OK,missing,gas_peak_steam/CT,missing,missing,missing,missing,missing,missing,missing,missing,EJ
2650,0.003132428,0.007516984,0.0007214319999999999,0.0006918067999999999,0.0004902222,0.000422648355,0.000374003356,0.0006083354019999999,0.0005417467269999999,innovation-rhodium18b,high,OK,missing,gas_subpeak_CC,missing,missing,missing,missing,missing,missing,missing,missing,EJ
2651,0.0,0.0,0.0,0.0,0.0,6.17515e-07,3.224517e-06,6.6818673e-05,7.8429013e-05,innovation-rhodium18b,high,OK,missing,gas_subpeak_CC_CCS,missing,missing,missing,missing,missing,missing,missing,missing,EJ
2652,0.0023206197,0.0026440277,0.00035526533,0.0003254445,6.312795e-05,5.3365694e-05,6.173440299999999e-05,0.000215109712,0.000125897788,innovation-rhodium18b,high,OK,missing,gas_subpeak_steam/CT,missing,missing,missing,missing,missing,missing,missing,missing,EJ
2653,0.0092671,0.0096708,0.0113155,0.0114128,0.0114004,0.0114021,0.0113765,0.0112811,0.0112937,innovation-rhodium18b,high,OK,missing,hydro_base,missing,missing,missing,missing,missing,missing,missing,missing,EJ
2654,0.0001849915,5.523527e-05,8.924829999999999e-07,6.393619e-07,6.639005e-07,4.856732e-07,3.296227e-07,2.973384e-08,1.846043e-08,innovation-rhodium18b,high,OK,missing,refined liquids_base_steam/CT,missing,missing,missing,missing,missing,missing,missing,missing,EJ
2655,0.0,0.0,1.319794e-05,1.164732e-05,3.512841e-06,3.520382e-06,3.551066e-06,3.622128e-06,2.64379e-06,innovation-rhodium18b,high,OK,missing,refined liquids_int_steam/CT,missing,missing,missing,missing,missing,missing,missing,missing,EJ
2656,0.000185006,5.52552e-05,0.0,0.0,0.0,0.0,0.0,0.0,0.0,innovation-rhodium18b,high,OK,missing,refined liquids_subpeak_steam/CT,missing,missing,missing,missing,missing,missing,missing,missing,EJ
2657,0.0,0.0,0.000241922,0.00191096,0.00634798,0.006599,0.00747346,0.00586929,0.00709376,innovation-rhodium18b,high,OK,missing,rooftop_pv,missing,missing,missing,missing,missing,missing,missing,missing,EJ
2658,0.0,0.00181989,0.0303856,0.03238099,0.0601782899999999,0.06914255,0.0751103499999999,0.07551565,0.08595675,innovation-rhodium18b,high,OK,missing,wind_base,missing,missing,missing,missing,missing,missing,missing,missing,EJ
2659,0.0,0.0,0.0,3.91624e-05,0.0012383824,0.0016252044,0.0018653684,0.0027150304,0.0029961344,innovation-rhodium18b,high,OK,missing,wind_base_storage,missing,missing,missing,missing,missing,missing,missing,missing,EJ
2660,0.0,0.000758515,0.0120111,0.0127892,0.0127892,0.0127892,0.0127892,0.0,0.0,innovation-rhodium18b,high,OK,missing,wind_int,missing,missing,missing,missing,missing,missing,missing,missing,EJ
2661,0.0,0.000455112,0.00630195,0.00664926,0.00722262,0.0076735,0.0076735,0.0,0.0,innovation-rhodium18b,high,OK,missing,wind_subpeak,missing,missing,missing,missing,missing,missing,missing,missing,EJ
2662,0.0,0.0,2.58688e-05,6.41814e-05,0.0002313284,0.0003211043,0.0003937649,0.0005253339,0.0005874843,innovation-rhodium18b,high,OR,missing,CSP_base_storage,missing,missing,missing,missing,missing,missing,missing,missing,EJ
2663,0.0,0.0,0.0001876994,0.000336562,0.000983018,0.001355826,0.001660948,0.002151754,0.0027418325999999,innovation-rhodium18b,high,OR,missing,CSP_int,missing,missing,missing,missing,missing,missing,missing,missing,EJ
2664,0.0,0.0,2.49564e-05,3.86908e-05,8.608880000000001e-05,0.0001101084,0.00013200720000000005,0.0001617678,0.00020584860000000003,innovation-rhodium18b,high,OR,missing,CSP_peak,missing,missing,missing,missing,missing,missing,missing,missing,EJ
2665,5.78012e-05,5.19006e-05,0.0004511484,0.0005430646,0.0008440886,0.0010158766,0.0011748397999999,0.0013108978,0.0016259614,innovation-rhodium18b,high,OR,missing,CSP_subpeak,missing,missing,missing,missing,missing,missing,missing,missing,EJ
2666,0.0,0.0,4.41365e-06,1.15439e-05,4.37938e-05,6.153639999999999e-05,7.612799999999999e-05,0.0001028306,0.00011640645,innovation-rhodium18b,high,OR,missing,PV_base_storage,missing,missing,missing,missing,missing,missing,missing,missing,EJ
2667,0.0,0.0,0.00157564,0.0028220199999999,0.0058292899999999,0.0072725899999999,0.00836734,0.00999185,0.01091349,innovation-rhodium18b,high,OR,missing,PV_int,missing,missing,missing,missing,missing,missing,missing,missing,EJ
2668,0.0,0.0,0.000209496,0.00032449,0.000544982,0.0006379729,0.0007165442999999999,0.0008150484,0.0008272164,innovation-rhodium18b,high,OR,missing,PV_peak,missing,missing,missing,missing,missing,missing,missing,missing,EJ
2669,0.0,0.0,0.001308738,0.002078327,0.003478667,0.004143735,0.004714082,0.006072234,0.006346444,innovation-rhodium18b,high,OR,missing,PV_subpeak,missing,missing,missing,missing,missing,missing,missing,missing,EJ
2670,0.0,0.0,2.25397e-05,7.618995640000001e-05,0.000181778093,0.000109188021,9.2193691e-05,0.0001556800887,0.0001038520972,innovation-rhodium18b,high,OR,missing,biogas_base_CC,missing,missing,missing,missing,missing,missing,missing,missing,EJ
2671,0.0,0.0,0.0,0.0,0.000159956,0.00010959683,9.844074e-05,0.00022136194,0.0001606575,innovation-rhodium18b,high,OR,missing,biogas_base_CC_CCS,missing,missing,missing,missing,missing,missing,missing,missing,EJ
2672,0.0,0.0,8.0625e-05,8.659037000000001e-05,0.00023350977,0.00017949952,0.00017131978,0.0002614278,0.00035880641,innovation-rhodium18b,high,OR,missing,biogas_int_CC,missing,missing,missing,missing,missing,missing,missing,missing,EJ
2673,0.0,0.0,0.0,0.0,0.00012324,0.0001081015,0.000115917,0.0002484467,0.000382338,innovation-rhodium18b,high,OR,missing,biogas_int_CC_CCS,missing,missing,missing,missing,missing,missing,missing,missing,EJ
2674,0.0,0.0,2.74051e-07,2.0568207e-07,6.3843166e-07,3.7575515e-07,3.5705826e-07,4.9883456e-07,1.01329568e-06,innovation-rhodium18b,high,OR,missing,biogas_peak_CC,missing,missing,missing,missing,missing,missing,missing,missing,EJ
2675,0.0,0.0,0.0,0.0,1.02196e-07,6.303407e-08,6.402916e-08,1.1215775000000001e-07,2.240735e-07,innovation-rhodium18b,high,OR,missing,biogas_peak_CC_CCS,missing,missing,missing,missing,missing,missing,missing,missing,EJ
2676,0.0,0.0,2.550161e-07,1.80691097e-07,5.42162519e-07,2.86434434e-07,2.56067777e-07,3.56254589e-07,7.752145759999999e-07,innovation-rhodium18b,high,OR,missing,biogas_peak_steam/CT,missing,missing,missing,missing,missing,missing,missing,missing,EJ
2677,0.0,0.0,6.37411e-06,6.156282e-06,1.7559712e-05,1.1960986e-05,1.1724131e-05,2.9611862e-05,3.0299763000000003e-05,innovation-rhodium18b,high,OR,missing,biogas_subpeak_CC,missing,missing,missing,missing,missing,missing,missing,missing,EJ
2678,0.0,0.0,0.0,0.0,4.24376e-06,3.116539e-06,3.323296e-06,1.0128956e-05,1.2256797e-05,innovation-rhodium18b,high,OR,missing,biogas_subpeak_CC_CCS,missing,missing,missing,missing,missing,missing,missing,missing,EJ
2679,0.0,0.0,4.31465e-06,3.96395234e-06,1.101974756e-05,6.62269296e-06,6.01069548e-06,1.666614368e-05,1.6285506589999998e-05,innovation-rhodium18b,high,OR,missing,biogas_subpeak_steam/CT,missing,missing,missing,missing,missing,missing,missing,missing,EJ
2680,0.0,0.0,4.49307e-05,9.594713e-05,0.00021526816,0.00026121805000000004,0.00027687499000000003,0.00029952872,0.00025094504,innovation-rhodium18b,high,OR,missing,biomass_base_IGCC,missing,missing,missing,missing,missing,missing,missing,missing,EJ
2681,0.0,0.0,0.0,0.0,0.0002930367,0.0005552179,0.0007753979,0.0026603174,0.004009034,innovation-rhodium18b,high,OR,missing,biomass_base_IGCC_CCS,missing,missing,missing,missing,missing,missing,missing,missing,EJ
2682,0.000895257,0.000981918,0.0001814502,0.00021158805000000004,0.0004213314,0.0004038924,0.00033526547000000003,0.00030722377999999994,0.00021433190000000004,innovation-rhodium18b,high,OR,missing,biomass_base_conv,missing,missing,missing,missing,missing,missing,missing,missing,EJ
2683,0.0,0.0,0.0,0.0,0.000670929,0.001396711,0.001947737,0.014869423,0.0231507569999999,innovation-rhodium18b,high,OR,missing,biomass_base_conv_CCS,missing,missing,missing,missing,missing,missing,missing,missing,EJ
2684,0.0,0.0,2.125912e-05,2.980357e-05,5.001706999999999e-05,6.150186e-05,7.012304e-05,8.576325e-05,0.00010940614,innovation-rhodium18b,high,OR,missing,biomass_int_IGCC,missing,missing,missing,missing,missing,missing,missing,missing,EJ
2685,0.0,0.0,0.0,0.0,1.488644e-05,2.538552e-05,3.451455e-05,5.7911140000000005e-05,9.778788e-05,innovation-rhodium18b,high,OR,missing,biomass_int_IGCC_CCS,missing,missing,missing,missing,missing,missing,missing,missing,EJ
2686,0.000895228,0.000981904,0.0004121923,0.00040866771,0.0005745308199999999,0.00055963031,0.00046510703,0.0003851749,0.00032155885,innovation-rhodium18b,high,OR,missing,biomass_int_conv,missing,missing,missing,missing,missing,missing,missing,missing,EJ
2687,0.0,0.0,0.0,0.0,2.90204e-05,5.013946000000001e-05,6.772559e-05,0.00012054037,0.00020747895,innovation-rhodium18b,high,OR,missing,biomass_int_conv_CCS,missing,missing,missing,missing,missing,missing,missing,missing,EJ
2688,0.0,0.0,0.0,0.0,0.00046124900000000006,0.0007234517000000001,0.0009807097,0.0013530044,0.0016400879,innovation-rhodium18b,high,OR,missing,coal_base_IGCC_CCS,missing,missing,missing,missing,missing,missing,missing,missing,EJ
2689,0.00116591,0.00290685,0.0,0.0,0.0,0.0,0.0,0.0,0.0,innovation-rhodium18b,high,OR,missing,coal_base_conv pul,missing,missing,missing,missing,missing,missing,missing,missing,EJ
2690,0.0,0.0,0.000616845,0.0,0.0,0.0,0.0,0.0,0.0,innovation-rhodium18b,high,OR,missing,coal_base_conv pul 1976-1980,missing,missing,missing,missing,missing,missing,missing,missing,EJ
2691,0.0,0.0,0.0,0.0,0.000506685,0.0007788332999999999,0.0010426030999999,0.0013755221999999,0.0016390353,innovation-rhodium18b,high,OR,missing,coal_base_conv pul_CCS,missing,missing,missing,missing,missing,missing,missing,missing,EJ
2692,0.00071171,0.00177444,0.0,0.0,0.0,0.0,0.0,0.0,0.0,innovation-rhodium18b,high,OR,missing,coal_base_conv pul_retire_2020,missing,missing,missing,missing,missing,missing,missing,missing,EJ
2693,0.0,0.0,0.0,0.0,6.55679e-05,0.0001057016,0.000140879,0.0002001881,0.0002966526,innovation-rhodium18b,high,OR,missing,coal_int_IGCC_CCS,missing,missing,missing,missing,missing,missing,missing,missing,EJ
2694,0.0017271,0.00523904,0.0,0.0,0.0,0.0,0.0,0.0,0.0,innovation-rhodium18b,high,OR,missing,coal_int_conv pul,missing,missing,missing,missing,missing,missing,missing,missing,EJ
2695,0.0,0.0,0.00216076,0.0,0.0,0.0,0.0,0.0,0.0,innovation-rhodium18b,high,OR,missing,coal_int_conv pul 1976-1980,missing,missing,missing,missing,missing,missing,missing,missing,EJ
2696,0.0,0.0,0.0,0.0,7.65787e-05,0.000120835,0.00015805119999999997,0.0002177624,0.00031220660000000003,innovation-rhodium18b,high,OR,missing,coal_int_conv pul_CCS,missing,missing,missing,missing,missing,missing,missing,missing,EJ
2697,0.00105428,0.00319809,0.0,0.0,0.0,0.0,0.0,0.0,0.0,innovation-rhodium18b,high,OR,missing,coal_int_conv pul_retire_2020,missing,missing,missing,missing,missing,missing,missing,missing,EJ
2698,4.66315e-05,0.0,0.0,0.0,0.0,0.0,0.0,0.0,0.0,innovation-rhodium18b,high,OR,missing,coal_peak_conv pul,missing,missing,missing,missing,missing,missing,missing,missing,EJ
2699,2.84654e-05,0.0,0.0,0.0,0.0,0.0,0.0,0.0,0.0,innovation-rhodium18b,high,OR,missing,coal_peak_conv pul_retire_2020,missing,missing,missing,missing,missing,missing,missing,missing,EJ
2700,0.000327496,0.0,0.0,0.0,0.0,0.0,0.0,0.0,0.0,innovation-rhodium18b,high,OR,missing,coal_subpeak_conv pul,missing,missing,missing,missing,missing,missing,missing,missing,EJ
2701,0.000199914,0.0,0.0,0.0,0.0,0.0,0.0,0.0,0.0,innovation-rhodium18b,high,OR,missing,coal_subpeak_conv pul_retire_2020,missing,missing,missing,missing,missing,missing,missing,missing,EJ
2702,0.0,0.0,0.00821194,0.01080652,0.0074482199999999,0.006015328,0.0058687539999999,0.002140555,0.0016887593999999,innovation-rhodium18b,high,OR,missing,gas_base_CC,missing,missing,missing,missing,missing,missing,missing,missing,EJ
2703,0.0,0.0,0.0,0.0,0.00184156,0.00272478,0.003562519,0.0047087139999999,0.005441937,innovation-rhodium18b,high,OR,missing,gas_base_CC_CCS,missing,missing,missing,missing,missing,missing,missing,missing,EJ
2704,0.00169245,0.0276863,0.0379228,0.03725518,0.03097442,0.027105474,0.023813602,0.0179932859999999,0.0156672089999999,innovation-rhodium18b,high,OR,missing,gas_int_CC,missing,missing,missing,missing,missing,missing,missing,missing,EJ
2705,0.0,0.0,0.0,0.0,0.000694496,0.001092281,0.001427472,0.001978737,0.002831836,innovation-rhodium18b,high,OR,missing,gas_int_CC_CCS,missing,missing,missing,missing,missing,missing,missing,missing,EJ
2706,4.62981e-05,0.000974728,0.0006567378,0.0005984656899999999,0.00042995595,0.000338817346,0.00026584212700000006,0.00014750054799999996,9.4399854e-05,innovation-rhodium18b,high,OR,missing,gas_peak_CC,missing,missing,missing,missing,missing,missing,missing,missing,EJ
2707,0.0,0.0,0.0,0.0,1.90042e-07,2.852815e-07,3.763047e-07,5.101806e-07,8.185594999999999e-07,innovation-rhodium18b,high,OR,missing,gas_peak_CC_CCS,missing,missing,missing,missing,missing,missing,missing,missing,EJ
2708,3.4298576e-05,0.00034281013,0.000303607946,0.00026706672794,7.012793730000003e-05,4.828627573000001e-05,3.809896553600001e-05,1.3929205415e-05,9.010498956999998e-06,innovation-rhodium18b,high,OR,missing,gas_peak_steam/CT,missing,missing,missing,missing,missing,missing,missing,missing,EJ
2709,0.000323306,0.00681167,0.0035944659999999,0.0033343745,0.0026277472,0.0021687338,0.0017779885,0.0011994329,0.0009153522,innovation-rhodium18b,high,OR,missing,gas_subpeak_CC,missing,missing,missing,missing,missing,missing,missing,missing,EJ
2710,0.0,0.0,0.0,0.0,1.06782e-05,1.678408e-05,2.263512e-05,4.008831e-05,5.762152999999999e-05,innovation-rhodium18b,high,OR,missing,gas_subpeak_CC_CCS,missing,missing,missing,missing,missing,missing,missing,missing,EJ
2711,0.000239504622,0.00239592387,0.0017912362189999,0.001617216609,0.000569497644,0.0004160999182,0.0003485967414,0.00017806821309999997,0.0001333734624,innovation-rhodium18b,high,OR,missing,gas_subpeak_steam/CT,missing,missing,missing,missing,missing,missing,missing,missing,EJ
2712,0.0,0.0,0.000970673,0.001200626,0.002044496,0.002584884,0.0030989579999999,0.003409419,0.003995217,innovation-rhodium18b,high,OR,missing,geo_base,missing,missing,missing,missing,missing,missing,missing,missing,EJ
2713,0.105537,0.113785,0.134104,0.133898,0.133752,0.133772,0.133472,0.132353,0.1325,innovation-rhodium18b,high,OR,missing,hydro_base,missing,missing,missing,missing,missing,missing,missing,missing,EJ
2714,0.034422,0.0,0.0,0.0,0.0,0.0,0.0,0.0,0.0,innovation-rhodium18b,high,OR,missing,hydro_int,missing,missing,missing,missing,missing,missing,missing,missing,EJ
2715,0.02317908,0.0,0.0,0.0,0.0,0.0,0.0,0.0,0.0,innovation-rhodium18b,high,OR,missing,nuc_base_Gen II,missing,missing,missing,missing,missing,missing,missing,missing,EJ
2716,0.0,0.0,2.2633818e-06,1.8036603e-06,7.0737018e-07,5.0904583e-07,3.8491039e-07,6.097108300000002e-08,3.9310235e-08,innovation-rhodium18b,high,OR,missing,refined liquids_base_steam/CT,missing,missing,missing,missing,missing,missing,missing,missing,EJ
2717,9.1202826e-05,0.00016180061,0.0,0.0,0.0,0.0,0.0,0.0,0.0,innovation-rhodium18b,high,OR,missing,refined liquids_int_steam/CT,missing,missing,missing,missing,missing,missing,missing,missing,EJ
2718,0.0,0.0,0.0,0.0,0.0,0.0,0.0,0.0,0.0,innovation-rhodium18b,high,OR,missing,refined liquids_peak_steam/CT,missing,missing,missing,missing,missing,missing,missing,missing,EJ
2719,2.2800444000000003e-05,4.0400392e-05,0.0,0.0,0.0,0.0,0.0,0.0,0.0,innovation-rhodium18b,high,OR,missing,refined liquids_subpeak_steam/CT,missing,missing,missing,missing,missing,missing,missing,missing,EJ
2720,0.0,0.0,7.30151e-05,0.000312942,0.000742358,0.00118385,0.00161762,0.00158794,0.00190972,innovation-rhodium18b,high,OR,missing,rooftop_pv,missing,missing,missing,missing,missing,missing,missing,missing,EJ
2721,2.30015e-06,0.00265385,0.02710503,0.03148177,0.04178477,0.0474727,0.05217568,0.03749854,0.0410911,innovation-rhodium18b,high,OR,missing,wind_base,missing,missing,missing,missing,missing,missing,missing,missing,EJ
2722,0.0,0.0,0.0,0.000302947,0.002130757,0.003372067,0.004594607,0.007192357,0.00888384,innovation-rhodium18b,high,OR,missing,wind_base_offshore,missing,missing,missing,missing,missing,missing,missing,missing,EJ
2723,0.0,0.0,7.19648e-05,0.0001649905,0.0003880975,0.0005079695,0.0006046357,0.0007851047,0.0008331529000000001,innovation-rhodium18b,high,OR,missing,wind_base_storage,missing,missing,missing,missing,missing,missing,missing,missing,EJ
2724,0.0,0.0,0.000144363,0.0001938559,0.0004603849,0.0007105029,0.0009994069,0.0013387658999999,0.0014356129,innovation-rhodium18b,high,PA,missing,PV_base_storage,missing,missing,missing,missing,missing,missing,missing,missing,EJ
2725,0.0,0.0,0.0131436,0.023208,0.0630032,0.0848789,0.1033307,0.1421498,0.1635272,innovation-rhodium18b,high,PA,missing,PV_int,missing,missing,missing,missing,missing,missing,missing,missing,EJ
2726,0.0,0.0,0.000495343,0.0008644989999999999,0.0017482169999999,0.002143427,0.002543639,0.003318037,0.0038688939999999,innovation-rhodium18b,high,PA,missing,PV_peak,missing,missing,missing,missing,missing,missing,missing,missing,EJ
2727,0.0,0.0,0.002798624,0.0050480839999999,0.010291584,0.012936974,0.015592514,0.02164499,0.0252493,innovation-rhodium18b,high,PA,missing,PV_subpeak,missing,missing,missing,missing,missing,missing,missing,missing,EJ
2728,0.0,0.0,0.000896697,0.00063747768,0.0018361977,0.0019104091,0.0022835888,0.00237943746,0.00169109135,innovation-rhodium18b,high,PA,missing,biogas_base_CC,missing,missing,missing,missing,missing,missing,missing,missing,EJ
2729,0.0,0.0,0.0,0.0,0.00157028,0.001893873,0.002458803,0.0034418308,0.0027251572,innovation-rhodium18b,high,PA,missing,biogas_base_CC_CCS,missing,missing,missing,missing,missing,missing,missing,missing,EJ
2730,0.0,0.0,0.00078623,0.000707437,0.0021719725,0.002390326,0.003113053,0.006480551,0.007807587,innovation-rhodium18b,high,PA,missing,biogas_int_CC,missing,missing,missing,missing,missing,missing,missing,missing,EJ
2731,0.0,0.0,0.0,0.0,0.00111161,0.0013925089999999,0.002024881,0.0054098589999999,0.007795373,innovation-rhodium18b,high,PA,missing,biogas_int_CC_CCS,missing,missing,missing,missing,missing,missing,missing,missing,EJ
2732,0.0,0.0,7.7704e-07,6.921119999999999e-07,1.8323968e-06,1.5286388e-06,2.220693e-06,4.707724e-06,7.0402590000000005e-06,innovation-rhodium18b,high,PA,missing,biogas_peak_CC,missing,missing,missing,missing,missing,missing,missing,missing,EJ
2733,0.0,0.0,0.0,0.0,2.86867e-07,2.52612e-07,3.980731e-07,1.023255e-06,1.726783e-06,innovation-rhodium18b,high,PA,missing,biogas_peak_CC_CCS,missing,missing,missing,missing,missing,missing,missing,missing,EJ
2734,0.0,0.0,7.186119999999999e-07,5.905100939999999e-07,1.508877727e-06,1.00120629e-06,1.2927147300000002e-06,2.942511780000001e-06,4.18573209e-06,innovation-rhodium18b,high,PA,missing,biogas_peak_steam/CT,missing,missing,missing,missing,missing,missing,missing,missing,EJ
2735,0.0,0.0,1.80477e-05,1.945604e-05,4.716282e-05,4.635959e-05,6.89055e-05,0.00016224213999999998,0.00020643981,innovation-rhodium18b,high,PA,missing,biogas_subpeak_CC,missing,missing,missing,missing,missing,missing,missing,missing,EJ
2736,0.0,0.0,0.0,0.0,1.10394e-05,1.168513e-05,1.896427e-05,5.434019e-05,8.220674e-05,innovation-rhodium18b,high,PA,missing,biogas_subpeak_CC_CCS,missing,missing,missing,missing,missing,missing,missing,missing,EJ
2737,0.0,0.0,1.213596e-05,1.20304642e-05,2.8395463e-05,2.16083312e-05,2.7947624300000004e-05,7.538375480000002e-05,8.06172327e-05,innovation-rhodium18b,high,PA,missing,biogas_subpeak_steam/CT,missing,missing,missing,missing,missing,missing,missing,missing,EJ
2738,0.0,0.0,0.000234503,0.0002717504,0.0006658749999999999,0.0011001575,0.0016573665,0.0022086612,0.0023092635,innovation-rhodium18b,high,PA,missing,biomass_base_IGCC,missing,missing,missing,missing,missing,missing,missing,missing,EJ
2739,0.0,0.0,0.0,0.0,0.0007817049999999999,0.002263638,0.0043395379999999,0.017596301,0.0289483229999999,innovation-rhodium18b,high,PA,missing,biomass_base_IGCC_CCS,missing,missing,missing,missing,missing,missing,missing,missing,EJ
2740,0.00110403,0.00343992,0.0010722689999999,0.00094354,0.002490735,0.00281408,0.0030963519999999,0.002627038,0.0022877704,innovation-rhodium18b,high,PA,missing,biomass_base_conv,missing,missing,missing,missing,missing,missing,missing,missing,EJ
2741,0.0,0.0,0.0,0.0,0.00186432,0.00612504,0.01154345,0.10430711,0.17606905,innovation-rhodium18b,high,PA,missing,biomass_base_conv_CCS,missing,missing,missing,missing,missing,missing,missing,missing,EJ
2742,0.0,0.0,0.0001869521,0.0002531798,0.0004203396,0.0005525772,0.0006951976,0.0010842614,0.0014581289,innovation-rhodium18b,high,PA,missing,biomass_int_IGCC,missing,missing,missing,missing,missing,missing,missing,missing,EJ
2743,0.0,0.0,0.0,0.0,0.00012449329999999998,0.0002420746,0.0003777485,0.000912876,0.0014788802,innovation-rhodium18b,high,PA,missing,biomass_int_IGCC_CCS,missing,missing,missing,missing,missing,missing,missing,missing,EJ
2744,0.00110403,0.00343992,0.002370437,0.002352682,0.0032173799999999,0.003398697,0.0033447929999999,0.003704903,0.003960832,innovation-rhodium18b,high,PA,missing,biomass_int_conv,missing,missing,missing,missing,missing,missing,missing,missing,EJ
2745,0.0,0.0,0.0,0.0,0.000253573,0.000500768,0.000774526,0.002036478,0.00332843,innovation-rhodium18b,high,PA,missing,biomass_int_conv_CCS,missing,missing,missing,missing,missing,missing,missing,missing,EJ
2746,0.0,0.0,0.0,0.0,0.00437806,0.00871415,0.0145360299999999,0.02034148,0.02492507,innovation-rhodium18b,high,PA,missing,coal_base_IGCC_CCS,missing,missing,missing,missing,missing,missing,missing,missing,EJ
2747,0.1344839,0.1556968,0.0,0.0,0.0,0.0,0.0,0.0,0.0,innovation-rhodium18b,high,PA,missing,coal_base_conv pul,missing,missing,missing,missing,missing,missing,missing,missing,EJ
2748,0.0,0.0,0.001466689,0.001444119,0.0003299434,0.0001449376,7.66427e-05,0.0,0.0,innovation-rhodium18b,high,PA,missing,coal_base_conv pul 1961-1965,missing,missing,missing,missing,missing,missing,missing,missing,EJ
2749,0.0,0.0,0.0536053,0.0535038,0.01295708,0.00706961,0.00643763,0.0001692258,0.0,innovation-rhodium18b,high,PA,missing,coal_base_conv pul 1966-1970,missing,missing,missing,missing,missing,missing,missing,missing,EJ
2750,0.0,0.0,0.0217799999999999,0.02175773,0.0052894199999999,0.002934487,0.002849526,8.87649e-05,3.077061e-05,innovation-rhodium18b,high,PA,missing,coal_base_conv pul 1971-1975,missing,missing,missing,missing,missing,missing,missing,missing,EJ
2751,0.0,0.0,0.00984761,0.00602263,0.0,0.0,0.0,0.0,0.0,innovation-rhodium18b,high,PA,missing,coal_base_conv pul 1976-1980,missing,missing,missing,missing,missing,missing,missing,missing,EJ
2752,0.0,0.0,0.00607718,0.00607729,0.0014843399999999,0.000840662,0.0008909740000000001,3.811657e-05,2.890466e-05,innovation-rhodium18b,high,PA,missing,coal_base_conv pul 1986-1990,missing,missing,missing,missing,missing,missing,missing,missing,EJ
2753,0.0,0.0,0.00548166,0.00548129,0.001338263,0.0007566550000000001,0.000795935,3.2951269999999995e-05,2.189897e-05,innovation-rhodium18b,high,PA,missing,coal_base_conv pul 1991-1995,missing,missing,missing,missing,missing,missing,missing,missing,EJ
2754,0.0,0.0,0.00626356,0.00626374,0.001529958,0.0008666980000000001,0.000919518,3.952e-05,3.058811e-05,innovation-rhodium18b,high,PA,missing,coal_base_conv pul 2001-2005,missing,missing,missing,missing,missing,missing,missing,missing,EJ
2755,0.0,0.0,0.0,0.0,0.00475475,0.00925859,0.0151681499999999,0.02054599,0.0247978599999999,innovation-rhodium18b,high,PA,missing,coal_base_conv pul_CCS,missing,missing,missing,missing,missing,missing,missing,missing,EJ
2756,0.0617398,0.0714783,0.0,0.0,0.0,0.0,0.0,0.0,0.0,innovation-rhodium18b,high,PA,missing,coal_base_conv pul_retire_2020,missing,missing,missing,missing,missing,missing,missing,missing,EJ
2757,0.0,0.0,0.0,0.0,0.000585949,0.0010616839999999,0.0016088209999999,0.003018117,0.0044257939999999,innovation-rhodium18b,high,PA,missing,coal_int_IGCC_CCS,missing,missing,missing,missing,missing,missing,missing,missing,EJ
2758,0.1266408,0.1552624,0.0,0.0,0.0,0.0,0.0,0.0,0.0,innovation-rhodium18b,high,PA,missing,coal_int_conv pul,missing,missing,missing,missing,missing,missing,missing,missing,EJ
2759,0.0,0.0,0.0008664219999999999,0.000853071,0.000444411,0.0003217748,0.0001848301,0.0,0.0,innovation-rhodium18b,high,PA,missing,coal_int_conv pul 1961-1965,missing,missing,missing,missing,missing,missing,missing,missing,EJ
2760,0.0,0.0,0.03166647,0.03160575,0.01745226,0.01569515,0.01552495,0.00415922,0.0,innovation-rhodium18b,high,PA,missing,coal_int_conv pul 1966-1970,missing,missing,missing,missing,missing,missing,missing,missing,EJ
2761,0.0,0.0,0.01286624,0.0128527,0.00712449,0.00651482,0.00687189,0.002181657,0.000914563,innovation-rhodium18b,high,PA,missing,coal_int_conv pul 1971-1975,missing,missing,missing,missing,missing,missing,missing,missing,EJ
2762,0.0,0.0,0.00581733,0.00355769,0.0,0.0,0.0,0.0,0.0,innovation-rhodium18b,high,PA,missing,coal_int_conv pul 1976-1980,missing,missing,missing,missing,missing,missing,missing,missing,EJ
2763,0.0,0.0,0.003590007,0.003589979,0.001999299,0.001866337,0.00214866,0.000936827,0.000859104,innovation-rhodium18b,high,PA,missing,coal_int_conv pul 1986-1990,missing,missing,missing,missing,missing,missing,missing,missing,EJ
2764,0.0,0.0,0.003238209,0.003237903,0.001802546,0.00167984,0.0019194709999999,0.000809875,0.000650879,innovation-rhodium18b,high,PA,missing,coal_int_conv pul 1991-1995,missing,missing,missing,missing,missing,missing,missing,missing,EJ
2765,0.0,0.0,0.003700106,0.003700119,0.0020607439999999,0.001924149,0.002217501,0.00097132,0.000909139,innovation-rhodium18b,high,PA,missing,coal_int_conv pul 2001-2005,missing,missing,missing,missing,missing,missing,missing,missing,EJ
2766,0.0,0.0,0.0,0.0,0.000680078,0.001202316,0.001778624,0.003194783,0.004569694,innovation-rhodium18b,high,PA,missing,coal_int_conv pul_CCS,missing,missing,missing,missing,missing,missing,missing,missing,EJ
2767,0.0581389999999999,0.0712787,0.0,0.0,0.0,0.0,0.0,0.0,0.0,innovation-rhodium18b,high,PA,missing,coal_int_conv pul_retire_2020,missing,missing,missing,missing,missing,missing,missing,missing,EJ
2768,0.00134717,0.0,0.0,0.0,0.0,0.0,0.0,0.0,0.0,innovation-rhodium18b,high,PA,missing,coal_peak_conv pul,missing,missing,missing,missing,missing,missing,missing,missing,EJ
2769,0.0006184680000000001,0.0,0.0,0.0,0.0,0.0,0.0,0.0,0.0,innovation-rhodium18b,high,PA,missing,coal_peak_conv pul_retire_2020,missing,missing,missing,missing,missing,missing,missing,missing,EJ
2770,0.00556873,0.0,0.0,0.0,0.0,0.0,0.0,0.0,0.0,innovation-rhodium18b,high,PA,missing,coal_subpeak_conv pul,missing,missing,missing,missing,missing,missing,missing,missing,EJ
2771,0.002556522,0.0,0.0,0.0,0.0,0.0,0.0,0.0,0.0,innovation-rhodium18b,high,PA,missing,coal_subpeak_conv pul_retire_2020,missing,missing,missing,missing,missing,missing,missing,missing,EJ
2772,0.0,0.0,0.06141187,0.0783886599999999,0.081327612,0.083221697,0.094410748,0.0396783969,0.0335522578,innovation-rhodium18b,high,PA,missing,gas_base_CC,missing,missing,missing,missing,missing,missing,missing,missing,EJ
2773,0.0,0.0,0.0,0.0,0.016911734,0.03260781,0.052344542,0.0710179299999999,0.084470926,innovation-rhodium18b,high,PA,missing,gas_base_CC_CCS,missing,missing,missing,missing,missing,missing,missing,missing,EJ
2774,0.002538863,0.0209848199999999,0.17433164,0.1796372,0.1668471289999999,0.1606400979999999,0.155202587,0.150367472,0.151310027,innovation-rhodium18b,high,PA,missing,gas_int_CC,missing,missing,missing,missing,missing,missing,missing,missing,EJ
2775,0.0,0.0,0.0,0.0,0.006024544,0.010637495,0.01573296,0.028501608,0.040683509,innovation-rhodium18b,high,PA,missing,gas_int_CC_CCS,missing,missing,missing,missing,missing,missing,missing,missing,EJ
2776,0.00014790331,0.001574137,0.001870933664,0.00170584471,0.0013447729169999,0.001137846847,0.000922381923,0.0006515352710000001,0.00046886576600000014,innovation-rhodium18b,high,PA,missing,gas_peak_CC,missing,missing,missing,missing,missing,missing,missing,missing,EJ
2777,0.0,0.0,0.0,0.0,5.241112e-07,8.570393000000001e-07,1.3010956e-06,2.3770338000000005e-06,3.9586185e-06,innovation-rhodium18b,high,PA,missing,gas_peak_CC_CCS,missing,missing,missing,missing,missing,missing,missing,missing,EJ
2778,0.0001096022,0.0005537126,0.00093832144,0.0008268344180000001,0.000315800619,0.000292005798,0.000283867695,0.00015356717400000005,0.00011107645100000005,innovation-rhodium18b,high,PA,missing,gas_peak_steam/CT,missing,missing,missing,missing,missing,missing,missing,missing,EJ
2779,0.000865017,0.009207986,0.0127550524,0.01179522966,0.0097905738,0.00843466521,0.0070279708599999,0.0055425227199999,0.00454336092,innovation-rhodium18b,high,PA,missing,gas_subpeak_CC,missing,missing,missing,missing,missing,missing,missing,missing,EJ
2780,0.0,0.0,0.0,0.0,2.719131e-05,4.6664071e-05,7.227854899999999e-05,0.00014712144900000002,0.00022632965000000005,innovation-rhodium18b,high,PA,missing,gas_subpeak_CC_CCS,missing,missing,missing,missing,missing,missing,missing,missing,EJ
2781,0.0006408124000000001,0.003238829,0.0066363212999999,0.0060011274,0.0028271229,0.0026595168999999,0.0026012876999999,0.0017085361,0.0014192114999999,innovation-rhodium18b,high,PA,missing,gas_subpeak_steam/CT,missing,missing,missing,missing,missing,missing,missing,missing,EJ
2782,0.0097372,0.008207,0.011172,0.0111548,0.0111427,0.0111443,0.0111193,0.0110261,0.0110383,innovation-rhodium18b,high,PA,missing,hydro_base,missing,missing,missing,missing,missing,missing,missing,missing,EJ
2783,0.2205209,0.2847377,0.2998052,0.2951202,0.2806573,0.2416066,0.1656125,0.0812896,0.0,innovation-rhodium18b,high,PA,missing,nuc_base_Gen II,missing,missing,missing,missing,missing,missing,missing,missing,EJ
2784,0.0,0.0,0.0,0.0,0.0253745,0.0492822,0.0771536999999999,0.1101974,0.1338936,innovation-rhodium18b,high,PA,missing,nuc_base_Gen III,missing,missing,missing,missing,missing,missing,missing,missing,EJ
2785,0.0,0.0,0.000429982,0.000384249,0.0003064666,0.0002239957,0.0001809433,1.876983e-05,1.161952e-05,innovation-rhodium18b,high,PA,missing,refined liquids_base_steam/CT,missing,missing,missing,missing,missing,missing,missing,missing,EJ
2786,0.01687099,0.01633231,0.0,0.0,0.0,0.0,0.0,0.0,0.0,innovation-rhodium18b,high,PA,missing,refined liquids_int_steam/CT,missing,missing,missing,missing,missing,missing,missing,missing,EJ
2787,0.0,0.0,0.0,0.0,0.0,0.0,0.0,0.0,0.0,innovation-rhodium18b,high,PA,missing,refined liquids_peak_steam/CT,missing,missing,missing,missing,missing,missing,missing,missing,EJ
2788,0.00421778,0.00408304,0.0,0.0,0.0,0.0,0.0,0.0,0.0,innovation-rhodium18b,high,PA,missing,refined liquids_subpeak_steam/CT,missing,missing,missing,missing,missing,missing,missing,missing,EJ
2789,0.0,0.0,0.000213215,0.00141517,0.00829512,0.011805,0.0155455,0.0124111,0.015629,innovation-rhodium18b,high,PA,missing,rooftop_pv,missing,missing,missing,missing,missing,missing,missing,missing,EJ
2790,0.0,0.00102731,0.0339931,0.0462924,0.0912915,0.1298648,0.1704279,0.222161,0.2442076,innovation-rhodium18b,high,PA,missing,wind_base,missing,missing,missing,missing,missing,missing,missing,missing,EJ
2791,0.0,0.0,0.0,0.00136918,0.01660688,0.03452298,0.05267008,0.05372119,0.05361966,innovation-rhodium18b,high,PA,missing,wind_base_offshore,missing,missing,missing,missing,missing,missing,missing,missing,EJ
2792,0.0,0.0,0.000738488,0.001110756,0.002545326,0.003809896,0.005230246,0.007650636,0.008535518,innovation-rhodium18b,high,PA,missing,wind_base_storage,missing,missing,missing,missing,missing,missing,missing,missing,EJ
2793,0.0,0.0,1.1544e-06,2.01404e-06,6.16566e-06,1.016867e-05,1.281647e-05,1.7539960000000002e-05,2.1368880000000003e-05,innovation-rhodium18b,high,RI,missing,PV_base_storage,missing,missing,missing,missing,missing,missing,missing,missing,EJ
2794,0.0,0.0,0.000502219,0.001185494,0.003329234,0.0045059639999999,0.005575004,0.0072902639999999,0.008054645,innovation-rhodium18b,high,RI,missing,PV_int,missing,missing,missing,missing,missing,missing,missing,missing,EJ
2795,0.0,0.0,3.48887e-05,6.78005e-05,0.0001625125,0.000191795,0.0002206655,0.0002825826,0.0003144879,innovation-rhodium18b,high,RI,missing,PV_peak,missing,missing,missing,missing,missing,missing,missing,missing,EJ
2796,0.0,0.0,0.0002028463,0.0003945553,0.0009476243,0.0011430252999999,0.0013307533,0.001928567,0.002142947,innovation-rhodium18b,high,RI,missing,PV_subpeak,missing,missing,missing,missing,missing,missing,missing,missing,EJ
2797,0.0,0.0,5.48708e-06,8.4070935e-06,2.1485569e-05,2.2775889e-05,1.6453137e-05,2.52832272e-05,2.65299335e-05,innovation-rhodium18b,high,RI,missing,biogas_base_CC,missing,missing,missing,missing,missing,missing,missing,missing,EJ
2798,0.0,0.0,0.0,0.0,1.77201e-05,2.125401e-05,1.648584e-05,3.3144257e-05,3.7476295e-05,innovation-rhodium18b,high,RI,missing,biogas_base_CC_CCS,missing,missing,missing,missing,missing,missing,missing,missing,EJ
2799,0.0,0.0,2.39498e-05,3.860858e-05,9.481113e-05,0.00011106227,0.00015798172,0.00026902282000000003,0.00030957774,innovation-rhodium18b,high,RI,missing,biogas_int_CC,missing,missing,missing,missing,missing,missing,missing,missing,EJ
2800,0.0,0.0,0.0,0.0,4.6439e-05,5.94673e-05,9.27046e-05,0.0002035857,0.0002686657,innovation-rhodium18b,high,RI,missing,biogas_int_CC_CCS,missing,missing,missing,missing,missing,missing,missing,missing,EJ
2801,0.0,0.0,4.64009e-08,5.200697e-08,1.6252548e-07,9.926784e-08,1.4554093e-07,3.1043647e-07,4.1005421e-07,innovation-rhodium18b,high,RI,missing,biogas_peak_CC,missing,missing,missing,missing,missing,missing,missing,missing,EJ
2802,0.0,0.0,0.0,0.0,2.60969e-08,1.638925e-08,2.540597e-08,6.566228e-08,9.866193e-08,innovation-rhodium18b,high,RI,missing,biogas_peak_CC_CCS,missing,missing,missing,missing,missing,missing,missing,missing,EJ
2803,0.0,0.0,4.226936e-08,4.435503e-08,1.335476e-07,6.1906215e-08,8.067509900000001e-08,1.946795e-07,2.31799216e-07,innovation-rhodium18b,high,RI,missing,biogas_peak_steam/CT,missing,missing,missing,missing,missing,missing,missing,missing,EJ
2804,0.0,0.0,7.75783e-07,1.335227e-06,3.969937e-06,2.902009e-06,4.312035e-06,1.2757419e-05,1.1982011e-05,innovation-rhodium18b,high,RI,missing,biogas_subpeak_CC,missing,missing,missing,missing,missing,missing,missing,missing,EJ
2805,0.0,0.0,0.0,0.0,9.61889e-07,7.39651e-07,1.167576e-06,4.150084e-06,4.904287e-06,innovation-rhodium18b,high,RI,missing,biogas_subpeak_CC_CCS,missing,missing,missing,missing,missing,missing,missing,missing,EJ
2806,0.0,0.0,5.134042e-07,8.397814640000001e-07,2.418860996e-06,1.3004184200000002e-06,1.6679933399999995e-06,6.3315643800000005e-06,4.026625140000001e-06,innovation-rhodium18b,high,RI,missing,biogas_subpeak_steam/CT,missing,missing,missing,missing,missing,missing,missing,missing,EJ
2807,0.0,0.0,5.77086e-06,9.00015e-06,1.8574410000000004e-05,2.8581730000000003e-05,3.431453e-05,4.2328503e-05,5.2930425e-05,innovation-rhodium18b,high,RI,missing,biomass_base_IGCC,missing,missing,missing,missing,missing,missing,missing,missing,EJ
2808,0.0,0.0,0.0,0.0,1.706949e-05,4.401629e-05,6.312631e-05,0.00019733998,0.00034522037,innovation-rhodium18b,high,RI,missing,biomass_base_IGCC_CCS,missing,missing,missing,missing,missing,missing,missing,missing,EJ
2809,0.00012440265999999998,0.0,7.9266316e-05,7.141380499999998e-05,0.00013235827899999998,0.00013148600100000002,0.00010611268349999998,5.85957081e-05,5.83695091e-05,innovation-rhodium18b,high,RI,missing,biomass_base_conv,missing,missing,missing,missing,missing,missing,missing,missing,EJ
2810,0.0,0.0,0.0,0.0,3.4998069e-05,9.872674799999998e-05,0.000139755324,0.0007211987260000001,0.001278130908,innovation-rhodium18b,high,RI,missing,biomass_base_conv_CCS,missing,missing,missing,missing,missing,missing,missing,missing,EJ
2811,0.0,0.0,4.14317e-06,7.429879999999998e-06,1.301464e-05,1.7800899999999998e-05,2.38283e-05,3.610872e-05,4.660285e-05,innovation-rhodium18b,high,RI,missing,biomass_int_IGCC,missing,missing,missing,missing,missing,missing,missing,missing,EJ
2812,0.0,0.0,0.0,0.0,4.045629999999999e-06,7.99152e-06,1.32099e-05,2.841727e-05,4.234486999999999e-05,innovation-rhodium18b,high,RI,missing,biomass_int_IGCC_CCS,missing,missing,missing,missing,missing,missing,missing,missing,EJ
2813,0.00012440256,0.0,0.000193854162,0.000183583478,0.000208866359,0.000207340744,0.000193297427,0.00018455599900000003,0.0001718089040000001,innovation-rhodium18b,high,RI,missing,biomass_int_conv,missing,missing,missing,missing,missing,missing,missing,missing,EJ
2814,0.0,0.0,0.0,0.0,7.734656e-06,1.5472702e-05,2.5262046e-05,5.8020613e-05,8.676326700000001e-05,innovation-rhodium18b,high,RI,missing,biomass_int_conv_CCS,missing,missing,missing,missing,missing,missing,missing,missing,EJ
2815,0.0,0.0,0.0,0.0,3.83702e-05,7.49734e-05,0.00010293726,0.00013237933000000002,0.00017741861999999998,innovation-rhodium18b,high,RI,missing,coal_base_IGCC_CCS,missing,missing,missing,missing,missing,missing,missing,missing,EJ
2816,0.0,0.0,0.0,0.0,3.9177e-05,7.38248e-05,0.00010008304,0.00011876598,0.00015626764,innovation-rhodium18b,high,RI,missing,coal_base_conv pul_CCS,missing,missing,missing,missing,missing,missing,missing,missing,EJ
2817,0.0,0.0,0.0,0.0,2.3207960000000003e-05,4.187163e-05,6.571571e-05,0.0001107501,0.00014874178,innovation-rhodium18b,high,RI,missing,coal_int_IGCC_CCS,missing,missing,missing,missing,missing,missing,missing,missing,EJ
2818,0.0,0.0,0.0,0.0,2.606683e-05,4.587886e-05,7.032533e-05,0.00011439609,0.00015054462,innovation-rhodium18b,high,RI,missing,coal_int_conv pul_CCS,missing,missing,missing,missing,missing,missing,missing,missing,EJ
2819,0.0,0.0065933499999999,0.005993415,0.005546727,0.0034254395999999,0.0026933796,0.0023111059,0.0006366366800000001,0.0005887172099999999,innovation-rhodium18b,high,RI,missing,gas_base_CC,missing,missing,missing,missing,missing,missing,missing,missing,EJ
2820,0.0,0.0,0.0,0.0,0.0001549076,0.000294342,0.0003907717,0.0005169851,0.0006815745,innovation-rhodium18b,high,RI,missing,gas_base_CC_CCS,missing,missing,missing,missing,missing,missing,missing,missing,EJ
2821,0.002587956,0.0107377699999999,0.013426653,0.013031309,0.0111337069999999,0.0101196714999999,0.009057183,0.007652318,0.0067718845999999,innovation-rhodium18b,high,RI,missing,gas_int_CC,missing,missing,missing,missing,missing,missing,missing,missing,EJ
2822,0.0,0.0,0.0,0.0,0.0002235785,0.000393736,0.0006021570000000001,0.0009858957,0.0012959719,innovation-rhodium18b,high,RI,missing,gas_int_CC_CCS,missing,missing,missing,missing,missing,missing,missing,missing,EJ
2823,0.0,0.0002096141,0.000137815264,0.0001251811885,9.35594375e-05,8.08098526e-05,6.658854559999999e-05,4.5710581700000005e-05,3.27667422e-05,innovation-rhodium18b,high,RI,missing,gas_peak_CC,missing,missing,missing,missing,missing,missing,missing,missing,EJ
2824,0.0,0.0,0.0,0.0,4.517547e-08,6.415637e-08,9.080625e-08,1.5942657e-07,2.4217052e-07,innovation-rhodium18b,high,RI,missing,gas_peak_CC_CCS,missing,missing,missing,missing,missing,missing,missing,missing,EJ
2825,0.0,7.3704899e-05,6.323164192e-05,5.384486448e-05,1.7268851699e-05,1.7198882067e-05,1.7847225703e-05,9.010552678e-06,6.681625479000001e-06,innovation-rhodium18b,high,RI,missing,gas_peak_steam/CT,missing,missing,missing,missing,missing,missing,missing,missing,EJ
2826,0.000165204,0.001092615,0.0008285056999999999,0.00076274463,0.0006094166499999999,0.0005313585000000002,0.00044515358,0.00034796426,0.00027729214999999994,innovation-rhodium18b,high,RI,missing,gas_subpeak_CC,missing,missing,missing,missing,missing,missing,missing,missing,EJ
2827,0.0,0.0,0.0,0.0,2.217508e-06,3.300854e-06,4.7447530000000005e-06,1.081401e-05,1.433579e-05,innovation-rhodium18b,high,RI,missing,gas_subpeak_CC_CCS,missing,missing,missing,missing,missing,missing,missing,missing,EJ
2828,0.000122402976,0.00038430598,0.0004087326656,0.00035817022170000004,0.0001425774864,0.00014277705539999995,0.00014800861769999996,9.57180502e-05,7.746038439999998e-05,innovation-rhodium18b,high,RI,missing,gas_subpeak_steam/CT,missing,missing,missing,missing,missing,missing,missing,missing,EJ
2829,3.36e-05,2.46e-05,1.33e-05,1.33e-05,1.33e-05,1.33e-05,1.32e-05,1.31e-05,1.32e-05,innovation-rhodium18b,high,RI,missing,hydro_base,missing,missing,missing,missing,missing,missing,missing,missing,EJ
2830,7.03015e-05,5.90005e-06,9.60832e-05,8.07939e-05,4.24989e-05,3.46219e-05,2.75604e-05,4.27677e-06,3.26449e-06,innovation-rhodium18b,high,RI,missing,refined liquids_base_steam/CT,missing,missing,missing,missing,missing,missing,missing,missing,EJ
2831,0.000613112,4.74003e-05,0.0,0.0,0.0,0.0,0.0,0.0,0.0,innovation-rhodium18b,high,RI,missing,refined liquids_int_steam/CT,missing,missing,missing,missing,missing,missing,missing,missing,EJ
2832,1.48002e-05,0.0,0.0,0.0,0.0,0.0,0.0,0.0,0.0,innovation-rhodium18b,high,RI,missing,refined liquids_peak_steam/CT,missing,missing,missing,missing,missing,missing,missing,missing,EJ
2833,8.62021e-05,5.90008e-06,0.0,0.0,0.0,0.0,0.0,0.0,0.0,innovation-rhodium18b,high,RI,missing,refined liquids_subpeak_steam/CT,missing,missing,missing,missing,missing,missing,missing,missing,EJ
2834,0.0,0.0,1.5687e-05,9.48256e-05,0.000541494,0.000837566,0.00111049,0.00105154,0.0014073,innovation-rhodium18b,high,RI,missing,rooftop_pv,missing,missing,missing,missing,missing,missing,missing,missing,EJ
2835,0.0,0.0,0.0001510098,0.0003262708,0.0008615268,0.0012821478,0.0014999768,0.0015782781999999,0.0015717682,innovation-rhodium18b,high,RI,missing,wind_base,missing,missing,missing,missing,missing,missing,missing,missing,EJ
2836,0.0,0.0,0.0,1.90065e-05,0.0002086825,0.0004325575,0.0006115175000000001,0.0010705135,0.0015659329999999,innovation-rhodium18b,high,RI,missing,wind_base_offshore,missing,missing,missing,missing,missing,missing,missing,missing,EJ
2837,0.0,0.0,4.3156e-06,9.12685e-06,2.545055e-05,3.974375e-05,4.827502e-05,5.734723e-05,6.409792999999999e-05,innovation-rhodium18b,high,RI,missing,wind_base_storage,missing,missing,missing,missing,missing,missing,missing,missing,EJ
2838,0.0,0.0,0.000146089,0.0001902376,0.0004937775999999999,0.0007045246,0.0009231976,0.0012560046,0.0012915626,innovation-rhodium18b,high,SC,missing,PV_base_storage,missing,missing,missing,missing,missing,missing,missing,missing,EJ
2839,0.0,0.0,0.00403233,0.00820489,0.0244113899999999,0.03434455,0.04241509,0.05947719,0.0685634599999999,innovation-rhodium18b,high,SC,missing,PV_int,missing,missing,missing,missing,missing,missing,missing,missing,EJ
2840,0.0,0.0,0.000183022,0.000316421,0.000655402,0.00079308,0.000917509,0.001216769,0.001410213,innovation-rhodium18b,high,SC,missing,PV_peak,missing,missing,missing,missing,missing,missing,missing,missing,EJ
2841,0.0,0.0,0.0010433894,0.0019009944,0.0039913644,0.0049686964,0.0058534573999999,0.008392198,0.0097101479999999,innovation-rhodium18b,high,SC,missing,PV_subpeak,missing,missing,missing,missing,missing,missing,missing,missing,EJ
2842,0.0,0.0,0.000557181,0.00034888152000000003,0.0012831388,0.0010194428,0.001092533,0.0014391919599999,0.00080004804,innovation-rhodium18b,high,SC,missing,biogas_base_CC,missing,missing,missing,missing,missing,missing,missing,missing,EJ
2843,0.0,0.0,0.0,0.0,0.00110222,0.0010236989999999,0.0011958588999999,0.0021269917,0.0013729007,innovation-rhodium18b,high,SC,missing,biogas_base_CC_CCS,missing,missing,missing,missing,missing,missing,missing,missing,EJ
2844,0.0,0.0,0.000148367,0.0001747778,0.0004379806,0.0004535245,0.0005807948,0.0013006429,0.0014705374,innovation-rhodium18b,high,SC,missing,biogas_int_CC,missing,missing,missing,missing,missing,missing,missing,missing,EJ
2845,0.0,0.0,0.0,0.0,0.000229005,0.0002700869,0.0003871934,0.0011326,0.0015785,innovation-rhodium18b,high,SC,missing,biogas_int_CC_CCS,missing,missing,missing,missing,missing,missing,missing,missing,EJ
2846,0.0,0.0,1.6697e-07,1.4094849e-07,3.3394532e-07,2.2063017e-07,2.949118e-07,7.720528e-07,1.1438775e-06,innovation-rhodium18b,high,SC,missing,biogas_peak_CC,missing,missing,missing,missing,missing,missing,missing,missing,EJ
2847,0.0,0.0,0.0,0.0,5.24347e-08,3.624804e-08,5.237022e-08,1.639587e-07,2.804058e-07,innovation-rhodium18b,high,SC,missing,biogas_peak_CC_CCS,missing,missing,missing,missing,missing,missing,missing,missing,EJ
2848,0.0,0.0,1.565227e-07,1.23738112e-07,2.8259566e-07,1.5633547099999996e-07,1.85846671e-07,5.427081300000001e-07,7.58479909e-07,innovation-rhodium18b,high,SC,missing,biogas_peak_steam/CT,missing,missing,missing,missing,missing,missing,missing,missing,EJ
2849,0.0,0.0,4.33075e-06,4.255906e-06,9.076231e-06,7.142402e-06,9.872531e-06,2.856728e-05,3.4900533e-05,innovation-rhodium18b,high,SC,missing,biogas_subpeak_CC,missing,missing,missing,missing,missing,missing,missing,missing,EJ
2850,0.0,0.0,0.0,0.0,2.13476e-06,1.792586e-06,2.703647e-06,9.540142e-06,1.4389392e-05,innovation-rhodium18b,high,SC,missing,biogas_subpeak_CC_CCS,missing,missing,missing,missing,missing,missing,missing,missing,EJ
2851,0.0,0.0,2.954901e-06,2.72412874e-06,5.6540003800000005e-06,3.64366684e-06,4.365123420000001e-06,1.4872893200000002e-05,1.54527523e-05,innovation-rhodium18b,high,SC,missing,biogas_subpeak_steam/CT,missing,missing,missing,missing,missing,missing,missing,missing,EJ
2852,0.0,0.0,0.00013087869999999998,0.0001282614,0.0003888098,0.0005850595,0.000802414,0.00115995121,0.0010968382199999,innovation-rhodium18b,high,SC,missing,biomass_base_IGCC,missing,missing,missing,missing,missing,missing,missing,missing,EJ
2853,0.0,0.0,0.0,0.0,0.00048411800000000007,0.0011619999999999,0.002017685,0.009003575,0.013607903,innovation-rhodium18b,high,SC,missing,biomass_base_IGCC_CCS,missing,missing,missing,missing,missing,missing,missing,missing,EJ
2854,0.0,0.000952006,0.0005026528,0.0003897173,0.0014465752,0.0015215869,0.0014835328,0.0013652383,0.0010264934,innovation-rhodium18b,high,SC,missing,biomass_base_conv,missing,missing,missing,missing,missing,missing,missing,missing,EJ
2855,0.0,0.0,0.0,0.0,0.00113039,0.00303494,0.00521768,0.05239377,0.08050824,innovation-rhodium18b,high,SC,missing,biomass_base_conv_CCS,missing,missing,missing,missing,missing,missing,missing,missing,EJ
2856,0.0,0.0,7.16804e-05,0.0001012547,0.0001648063,0.0002136074,0.00026285469999999994,0.0003961924000000001,0.000505309,innovation-rhodium18b,high,SC,missing,biomass_int_IGCC,missing,missing,missing,missing,missing,missing,missing,missing,EJ
2857,0.0,0.0,0.0,0.0,4.62576e-05,8.903060000000001e-05,0.0001358097,0.000318454,0.0004863536,innovation-rhodium18b,high,SC,missing,biomass_int_IGCC_CCS,missing,missing,missing,missing,missing,missing,missing,missing,EJ
2858,0.0,0.000952005,0.001079374,0.0010409913,0.0015123581,0.0016122695,0.0015253856,0.0015458559,0.0014951953999999,innovation-rhodium18b,high,SC,missing,biomass_int_conv,missing,missing,missing,missing,missing,missing,missing,missing,EJ
2859,0.0,0.0,0.0,0.0,9.27172e-05,0.0001811679,0.0002739609,0.0006973032,0.0010738012,innovation-rhodium18b,high,SC,missing,biomass_int_conv_CCS,missing,missing,missing,missing,missing,missing,missing,missing,EJ
2860,0.0,0.0,0.0,0.0,0.002726901,0.004716387,0.007125048,0.010232699,0.012067998,innovation-rhodium18b,high,SC,missing,coal_base_IGCC_CCS,missing,missing,missing,missing,missing,missing,missing,missing,EJ
2861,0.03325058,0.0675564,0.0,0.0,0.0,0.0,0.0,0.0,0.0,innovation-rhodium18b,high,SC,missing,coal_base_conv pul,missing,missing,missing,missing,missing,missing,missing,missing,EJ
2862,0.0,0.0,0.0002752174,0.000261761,4.613389e-05,1.3996559999999998e-05,0.0,0.0,0.0,innovation-rhodium18b,high,SC,missing,coal_base_conv pul 1956-1960,missing,missing,missing,missing,missing,missing,missing,missing,EJ
2863,0.0,0.0,0.00577248,0.00576442,0.001230838,0.0006557420000000001,0.000563216,2.022899e-05,0.0,innovation-rhodium18b,high,SC,missing,coal_base_conv pul 1966-1970,missing,missing,missing,missing,missing,missing,missing,missing,EJ
2864,0.0,0.0,0.01787867,0.01786518,0.00382558,0.002063728,0.001863348,7.75284e-05,2.892541e-05,innovation-rhodium18b,high,SC,missing,coal_base_conv pul 1971-1975,missing,missing,missing,missing,missing,missing,missing,missing,EJ
2865,0.0,0.0,0.002508439,0.00250807,0.0005385289999999999,0.000294029,0.0002794435,1.402496e-05,8.14116e-06,innovation-rhodium18b,high,SC,missing,coal_base_conv pul 1976-1980,missing,missing,missing,missing,missing,missing,missing,missing,EJ
2866,0.0,0.0,0.001370021,0.0013699889999999,0.0002943221,0.00016108909999999998,0.00015476280000000002,8.13234e-06,5.57168e-06,innovation-rhodium18b,high,SC,missing,coal_base_conv pul 1981-1985,missing,missing,missing,missing,missing,missing,missing,missing,EJ
2867,0.0,0.0,0.00917358,0.00917382,0.001971301,0.001080021,0.001042269,5.58648e-05,4.162187e-05,innovation-rhodium18b,high,SC,missing,coal_base_conv pul 1991-1995,missing,missing,missing,missing,missing,missing,missing,missing,EJ
2868,0.0,0.0,0.00560149,0.00560165,0.001203704,0.000659485,0.000636471,3.412361e-05,2.545479e-05,innovation-rhodium18b,high,SC,missing,coal_base_conv pul 1996-2000,missing,missing,missing,missing,missing,missing,missing,missing,EJ
2869,0.0,0.0,0.02157694,0.02157761,0.004636726,0.0025404629999999,0.002452226,0.000131572,9.84783e-05,innovation-rhodium18b,high,SC,missing,coal_base_conv pul 2006-2010,missing,missing,missing,missing,missing,missing,missing,missing,EJ
2870,0.0,0.0,0.0,0.0,0.002952247,0.005007493,0.007444889,0.01030413,0.0119744209999999,innovation-rhodium18b,high,SC,missing,coal_base_conv pul_CCS,missing,missing,missing,missing,missing,missing,missing,missing,EJ
2871,0.0051324189999999,0.0104277,0.0,0.0,0.0,0.0,0.0,0.0,0.0,innovation-rhodium18b,high,SC,missing,coal_base_conv pul_retire_2020,missing,missing,missing,missing,missing,missing,missing,missing,EJ
2872,0.0,0.0,0.0,0.0,0.0001120126,0.0002060805,0.00031449760000000005,0.000606392,0.0008730251999999999,innovation-rhodium18b,high,SC,missing,coal_int_IGCC_CCS,missing,missing,missing,missing,missing,missing,missing,missing,EJ
2873,0.03841484,0.0583097,0.0,0.0,0.0,0.0,0.0,0.0,0.0,innovation-rhodium18b,high,SC,missing,coal_int_conv pul,missing,missing,missing,missing,missing,missing,missing,missing,EJ
2874,0.0,0.0,4.067687e-05,3.868687e-05,1.136755e-05,5.7412e-06,0.0,0.0,0.0,innovation-rhodium18b,high,SC,missing,coal_int_conv pul 1956-1960,missing,missing,missing,missing,missing,missing,missing,missing,EJ
2875,0.0,0.0,0.000853165,0.0008519500000000001,0.0003032829,0.0002689758,0.0003094204,7.51843e-05,0.0,innovation-rhodium18b,high,SC,missing,coal_int_conv pul 1966-1970,missing,missing,missing,missing,missing,missing,missing,missing,EJ
2876,0.0,0.0,0.002642443,0.002640381,0.000942635,0.000846512,0.001023685,0.0002881457,0.0001408458,innovation-rhodium18b,high,SC,missing,coal_int_conv pul 1971-1975,missing,missing,missing,missing,missing,missing,missing,missing,EJ
2877,0.0,0.0,0.0003707443,0.00037068,0.0001326954,0.0001206067,0.0001535211,5.212594000000001e-05,3.964149e-05,innovation-rhodium18b,high,SC,missing,coal_int_conv pul 1976-1980,missing,missing,missing,missing,missing,missing,missing,missing,EJ
2878,0.0,0.0,0.000202487,0.0002024774,7.25221e-05,6.607649999999999e-05,8.50237e-05,3.022507e-05,2.713004e-05,innovation-rhodium18b,high,SC,missing,coal_int_conv pul 1981-1985,missing,missing,missing,missing,missing,missing,missing,missing,EJ
2879,0.0,0.0,0.0013558449999999,0.001355841,0.0004857369,0.0004430102,0.000572603,0.0002076301,0.0002026683,innovation-rhodium18b,high,SC,missing,coal_int_conv pul 1991-1995,missing,missing,missing,missing,missing,missing,missing,missing,EJ
2880,0.0,0.0,0.000827894,0.000827893,0.0002965977,0.0002705116,0.0003496654,0.0001268256,0.0001239461,innovation-rhodium18b,high,SC,missing,coal_int_conv pul 1996-2000,missing,missing,missing,missing,missing,missing,missing,missing,EJ
2881,0.0,0.0,0.003189058,0.003189058,0.001142507,0.001042061,0.001347203,0.0004890073,0.0004795173,innovation-rhodium18b,high,SC,missing,coal_int_conv pul 2006-2010,missing,missing,missing,missing,missing,missing,missing,missing,EJ
2882,0.0,0.0,0.0,0.0,0.000129888,0.00023296560000000003,0.00034707220000000004,0.0006399964,0.0009000973,innovation-rhodium18b,high,SC,missing,coal_int_conv pul_CCS,missing,missing,missing,missing,missing,missing,missing,missing,EJ
2883,0.00592954,0.00900043,0.0,0.0,0.0,0.0,0.0,0.0,0.0,innovation-rhodium18b,high,SC,missing,coal_int_conv pul_retire_2020,missing,missing,missing,missing,missing,missing,missing,missing,EJ
2884,0.0003026129,0.0,0.0,0.0,0.0,0.0,0.0,0.0,0.0,innovation-rhodium18b,high,SC,missing,coal_peak_conv pul,missing,missing,missing,missing,missing,missing,missing,missing,EJ
2885,4.670998e-05,0.0,0.0,0.0,0.0,0.0,0.0,0.0,0.0,innovation-rhodium18b,high,SC,missing,coal_peak_conv pul_retire_2020,missing,missing,missing,missing,missing,missing,missing,missing,EJ
2886,0.0022488359999999,0.0,0.0,0.0,0.0,0.0,0.0,0.0,0.0,innovation-rhodium18b,high,SC,missing,coal_subpeak_conv pul,missing,missing,missing,missing,missing,missing,missing,missing,EJ
2887,0.0003471201,0.0,0.0,0.0,0.0,0.0,0.0,0.0,0.0,innovation-rhodium18b,high,SC,missing,coal_subpeak_conv pul_retire_2020,missing,missing,missing,missing,missing,missing,missing,missing,EJ
2888,0.0,0.0,0.03053449,0.044301088,0.053765108,0.0568009689999999,0.062774366,0.0324461706,0.0264176471,innovation-rhodium18b,high,SC,missing,gas_base_CC,missing,missing,missing,missing,missing,missing,missing,missing,EJ
2889,0.0,0.0,0.0,0.0,0.0136179,0.02300277,0.0335622099999999,0.04821317,0.05577017,innovation-rhodium18b,high,SC,missing,gas_base_CC_CCS,missing,missing,missing,missing,missing,missing,missing,missing,EJ
2890,0.001445383,0.01303467,0.0562555199999999,0.05716677,0.0497327299999999,0.04649,0.04392349,0.04011905,0.0387651199999999,innovation-rhodium18b,high,SC,missing,gas_int_CC,missing,missing,missing,missing,missing,missing,missing,missing,EJ
2891,0.0,0.0,0.0,0.0,0.0013323,0.00238514,0.00354786,0.00657463,0.00921113,innovation-rhodium18b,high,SC,missing,gas_int_CC_CCS,missing,missing,missing,missing,missing,missing,missing,missing,EJ
2892,5.65036e-05,0.000656599,0.00052759853,0.000480948233,0.000364648355,0.000305960601,0.000251526504,0.00017061529000000005,0.000122063248,innovation-rhodium18b,high,SC,missing,gas_peak_CC,missing,missing,missing,missing,missing,missing,missing,missing,EJ
2893,0.0,0.0,0.0,0.0,9.7683e-08,1.497619e-07,2.145411e-07,4.171236e-07,7.103034e-07,innovation-rhodium18b,high,SC,missing,gas_peak_CC_CCS,missing,missing,missing,missing,missing,missing,missing,missing,EJ
2894,4.1902707e-05,0.000230999577,0.00026634312128000003,0.00023515960891000003,7.275413736999998e-05,6.399101015999999e-05,6.594874493e-05,3.1766163747e-05,2.342550688699999e-05,innovation-rhodium18b,high,SC,missing,gas_peak_steam/CT,missing,missing,missing,missing,missing,missing,missing,missing,EJ
2895,0.000376322,0.00437022,0.0036373251,0.0033565254999999,0.0026915206,0.002295185,0.0019146209,0.0014416938999999,0.0011503052,innovation-rhodium18b,high,SC,missing,gas_subpeak_CC,missing,missing,missing,missing,missing,missing,missing,missing,EJ
2896,0.0,0.0,0.0,0.0,5.40633e-06,8.72687e-06,1.283212e-05,2.801086e-05,4.391234e-05,innovation-rhodium18b,high,SC,missing,gas_subpeak_CC_CCS,missing,missing,missing,missing,missing,missing,missing,missing,EJ
2897,0.00027881659,0.00153720725,0.00189906534,0.001714821005,0.0006631990481999999,0.0005983894616999999,0.0006177865696,0.0003613037995,0.0003004516317,innovation-rhodium18b,high,SC,missing,gas_subpeak_steam/CT,missing,missing,missing,missing,missing,missing,missing,missing,EJ
2898,0.0111848,0.010793,0.0109929,0.0109761,0.0109641,0.0109657,0.0109412,0.0108494,0.0108615,innovation-rhodium18b,high,SC,missing,hydro_base,missing,missing,missing,missing,missing,missing,missing,missing,EJ
2899,0.1636428,0.1983269999999999,0.1944742,0.185878,0.1647045,0.1237087,0.0717558,0.03229893,0.0,innovation-rhodium18b,high,SC,missing,nuc_base_Gen II,missing,missing,missing,missing,missing,missing,missing,missing,EJ
2900,0.0,0.0,0.0,0.0,0.0159649,0.0270966,0.0387577,0.0566723,0.06653727,innovation-rhodium18b,high,SC,missing,nuc_base_Gen III,missing,missing,missing,missing,missing,missing,missing,missing,EJ
2901,0.0,0.0,0.000120213,0.000105902,0.000110108,7.89281e-05,5.83367e-05,7.48215e-06,4.4746e-06,innovation-rhodium18b,high,SC,missing,refined liquids_base_steam/CT,missing,missing,missing,missing,missing,missing,missing,missing,EJ
2902,0.000205312,0.00146241,0.0,0.0,0.0,0.0,0.0,0.0,0.0,innovation-rhodium18b,high,SC,missing,refined liquids_int_steam/CT,missing,missing,missing,missing,missing,missing,missing,missing,EJ
2903,0.0,0.0,0.0,0.0,0.0,0.0,0.0,0.0,0.0,innovation-rhodium18b,high,SC,missing,refined liquids_peak_steam/CT,missing,missing,missing,missing,missing,missing,missing,missing,EJ
2904,5.1303e-05,0.000365602,0.0,0.0,0.0,0.0,0.0,0.0,0.0,innovation-rhodium18b,high,SC,missing,refined liquids_subpeak_steam/CT,missing,missing,missing,missing,missing,missing,missing,missing,EJ
2905,0.0,0.0,0.0002194,0.0018754,0.00983251,0.0118412,0.0142329,0.01147,0.0136331,innovation-rhodium18b,high,SC,missing,rooftop_pv,missing,missing,missing,missing,missing,missing,missing,missing,EJ
2906,0.0,0.0,0.00388466,0.0058703,0.016115,0.02323548,0.03026256,0.03971683,0.04114311,innovation-rhodium18b,high,SC,missing,wind_base,missing,missing,missing,missing,missing,missing,missing,missing,EJ
2907,0.0,0.0,0.0,0.000323477,0.005114537,0.009388327,0.014596707,0.022910567,0.0278278399999999,innovation-rhodium18b,high,SC,missing,wind_base_offshore,missing,missing,missing,missing,missing,missing,missing,missing,EJ
2908,0.0,0.0,0.000157929,0.0002283313,0.0005903453,0.0008382033,0.0010933023,0.0014776723,0.0015318313,innovation-rhodium18b,high,SC,missing,wind_base_storage,missing,missing,missing,missing,missing,missing,missing,missing,EJ
2909,0.0,0.0,1.41159e-06,3.60738e-06,3.473348e-05,5.517068e-05,6.350264000000001e-05,7.965114000000001e-05,8.538392e-05,innovation-rhodium18b,high,SD,missing,CSP_base_storage,missing,missing,missing,missing,missing,missing,missing,missing,EJ
2910,0.0,0.0,1.208904e-05,2.732598e-05,0.00016206697999999998,0.00023363718,0.00028974418,0.00049107218,0.00060923354,innovation-rhodium18b,high,SD,missing,CSP_int,missing,missing,missing,missing,missing,missing,missing,missing,EJ
2911,0.0,0.0,8.92548e-06,1.516808e-05,3.2528e-05,4.297038e-05,6.067710000000001e-05,8.40451e-05,0.00012733482000000003,innovation-rhodium18b,high,SD,missing,CSP_peak,missing,missing,missing,missing,missing,missing,missing,missing,EJ
2912,3.35008e-05,3.01004e-05,0.0002151956,0.0002575798,0.00029496559999999994,0.0003359206,0.0004217595999999999,0.0011173234,0.0012984,innovation-rhodium18b,high,SD,missing,CSP_subpeak,missing,missing,missing,missing,missing,missing,missing,missing,EJ
2913,0.0,0.0,2.38861e-07,6.448219999999999e-07,6.609932e-06,1.0621642e-05,1.2283492e-05,1.5538592e-05,1.6749931e-05,innovation-rhodium18b,high,SD,missing,PV_base_storage,missing,missing,missing,missing,missing,missing,missing,missing,EJ
2914,0.0,0.0,0.000108576,0.000266648,0.0013807679999999,0.0018335369999999,0.0021410509999999,0.002857752,0.003190254,innovation-rhodium18b,high,SD,missing,PV_int,missing,missing,missing,missing,missing,missing,missing,missing,EJ
2915,0.0,0.0,8.01626e-05,0.000144925,0.00028846700000000004,0.0003545277,0.0004515756,0.0005347623,0.0006314207,innovation-rhodium18b,high,SD,missing,PV_peak,missing,missing,missing,missing,missing,missing,missing,missing,EJ
2916,0.0,0.0,0.000325136,0.000764841,0.001073969,0.001333059,0.001803529,0.004916839,0.005327486,innovation-rhodium18b,high,SD,missing,PV_subpeak,missing,missing,missing,missing,missing,missing,missing,missing,EJ
2917,0.0,0.0,1.2727e-06,4.52691029e-06,3.5033486e-05,2.63220696e-05,1.22751048e-05,1.995626554e-05,8.971666490000001e-06,innovation-rhodium18b,high,SD,missing,biogas_base_CC,missing,missing,missing,missing,missing,missing,missing,missing,EJ
2918,0.0,0.0,0.0,0.0,3.07974e-05,2.682244e-05,1.406363e-05,2.8825591000000003e-05,1.4619522e-05,innovation-rhodium18b,high,SD,missing,biogas_base_CC_CCS,missing,missing,missing,missing,missing,missing,missing,missing,EJ
2919,0.0,0.0,5.11517e-06,8.070632000000001e-06,3.300948e-05,2.4108963e-05,2.3134729e-05,8.148150000000001e-05,8.082788e-05,innovation-rhodium18b,high,SD,missing,biogas_int_CC,missing,missing,missing,missing,missing,missing,missing,missing,EJ
2920,0.0,0.0,0.0,0.0,1.76317e-05,1.51272e-05,1.6392339999999998e-05,6.840993e-05,8.645573e-05,innovation-rhodium18b,high,SD,missing,biogas_int_CC_CCS,missing,missing,missing,missing,missing,missing,missing,missing,EJ
2921,0.0,0.0,9.44681e-08,8.578577e-08,1.6528348e-07,1.2628381e-07,1.960128e-07,4.171678e-07,7.898756000000001e-07,innovation-rhodium18b,high,SD,missing,biogas_peak_CC,missing,missing,missing,missing,missing,missing,missing,missing,EJ
2922,0.0,0.0,0.0,0.0,2.5158e-08,1.998495e-08,3.383313e-08,8.805607e-08,1.7965036e-07,innovation-rhodium18b,high,SD,missing,biogas_peak_CC_CCS,missing,missing,missing,missing,missing,missing,missing,missing,EJ
2923,0.0,0.0,8.836520000000002e-08,7.4007767e-08,1.35608303e-07,8.1669466e-08,1.29365339e-07,2.3727301000000007e-07,4.9894024e-07,innovation-rhodium18b,high,SD,missing,biogas_peak_steam/CT,missing,missing,missing,missing,missing,missing,missing,missing,EJ
2924,0.0,0.0,7.27813e-08,3.8021992e-07,1.47432248e-06,1.77477078e-06,3.52205118e-06,4.3172403e-05,2.62002075e-05,innovation-rhodium18b,high,SD,missing,biogas_subpeak_CC,missing,missing,missing,missing,missing,missing,missing,missing,EJ
2925,0.0,0.0,0.0,0.0,3.56476e-07,4.712752e-07,9.935972e-07,1.3332132e-05,1.3049612e-05,innovation-rhodium18b,high,SD,missing,biogas_subpeak_CC_CCS,missing,missing,missing,missing,missing,missing,missing,missing,EJ
2926,0.0,0.0,4.954175e-08,2.4924902e-07,9.37758908e-07,1.009901013e-06,1.982967583e-06,2.6060952114e-05,7.834400168e-06,innovation-rhodium18b,high,SD,missing,biogas_subpeak_steam/CT,missing,missing,missing,missing,missing,missing,missing,missing,EJ
2927,0.0,0.0,1.758043e-07,6.598834000000001e-07,5.649949000000001e-06,1.01950006e-05,1.13764548e-05,1.33126405e-05,9.93294058e-06,innovation-rhodium18b,high,SD,missing,biomass_base_IGCC,missing,missing,missing,missing,missing,missing,missing,missing,EJ
2928,0.0,0.0,0.0,0.0,1.113422e-05,2.706854e-05,3.5374900000000006e-05,0.0001245123,0.0001730859,innovation-rhodium18b,high,SD,missing,biomass_base_IGCC_CCS,missing,missing,missing,missing,missing,missing,missing,missing,EJ
2929,0.0,0.0,3.55748e-07,9.980709e-07,8.263818300000001e-06,1.36093395e-05,1.31658776e-05,1.4120663039999998e-05,8.429381830000001e-06,innovation-rhodium18b,high,SD,missing,biomass_base_conv,missing,missing,missing,missing,missing,missing,missing,missing,EJ
2930,0.0,0.0,0.0,0.0,2.51944e-05,6.86399e-05,8.915894e-05,0.00067841682,0.0009671544,innovation-rhodium18b,high,SD,missing,biomass_base_conv_CCS,missing,missing,missing,missing,missing,missing,missing,missing,EJ
2931,0.0,0.0,1.1887640000000001e-07,2.818569e-07,9.633611e-07,1.4177439e-06,1.8285013e-06,4.3975545e-06,6.236338e-06,innovation-rhodium18b,high,SD,missing,biomass_int_IGCC,missing,missing,missing,missing,missing,missing,missing,missing,EJ
2932,0.0,0.0,0.0,0.0,5.27048e-07,9.39366e-07,1.340467e-06,4.788751e-06,7.563979e-06,innovation-rhodium18b,high,SD,missing,biomass_int_IGCC_CCS,missing,missing,missing,missing,missing,missing,missing,missing,EJ
2933,0.0,0.0,3.294031e-07,6.673461000000001e-07,2.1876422e-06,3.1091765e-06,3.8539352e-06,8.711489200000001e-06,1.17341011e-05,innovation-rhodium18b,high,SD,missing,biomass_int_conv,missing,missing,missing,missing,missing,missing,missing,missing,EJ
2934,0.0,0.0,0.0,0.0,1.0273209999999998e-06,1.856676e-06,2.629711e-06,1.0414813e-05,1.6468891e-05,innovation-rhodium18b,high,SD,missing,biomass_int_conv_CCS,missing,missing,missing,missing,missing,missing,missing,missing,EJ
2935,0.0,0.0,0.0,0.0,9.12086e-05,0.0001559981,0.0001872508,0.0002359174,0.0002599317,innovation-rhodium18b,high,SD,missing,coal_base_IGCC_CCS,missing,missing,missing,missing,missing,missing,missing,missing,EJ
2936,0.006048477,0.006783571,0.0,0.0,0.0,0.0,0.0,0.0,0.0,innovation-rhodium18b,high,SD,missing,coal_base_conv pul,missing,missing,missing,missing,missing,missing,missing,missing,EJ
2937,0.0,0.0,0.003404571,0.0034029,0.0005830905,0.0003939638,0.00034284830000000003,9.671328e-06,4.525949e-06,innovation-rhodium18b,high,SD,missing,coal_base_conv pul 1971-1975,missing,missing,missing,missing,missing,missing,missing,missing,EJ
2938,0.0,0.0,0.0,0.0,0.0001014293,0.0001701475,0.0002024798,0.0002467038,0.0002685892,innovation-rhodium18b,high,SD,missing,coal_base_conv pul_CCS,missing,missing,missing,missing,missing,missing,missing,missing,EJ
2939,0.0,0.0,0.0,0.0,9.26284e-06,1.414354e-05,1.809355e-05,3.735975e-05,5.041066e-05,innovation-rhodium18b,high,SD,missing,coal_int_IGCC_CCS,missing,missing,missing,missing,missing,missing,missing,missing,EJ
2940,0.0049807309999999,0.005191746,0.0,0.0,0.0,0.0,0.0,0.0,0.0,innovation-rhodium18b,high,SD,missing,coal_int_conv pul,missing,missing,missing,missing,missing,missing,missing,missing,EJ
2941,0.0,0.0,0.0026213546,0.0026202278,0.0013960129,0.0011806017,0.0012095703,0.0005633361,0.0003067738,innovation-rhodium18b,high,SD,missing,coal_int_conv pul 1971-1975,missing,missing,missing,missing,missing,missing,missing,missing,EJ
2942,0.0,0.0,0.0,0.0,1.087417e-05,1.628398e-05,2.048054e-05,3.998273000000001e-05,5.281137e-05,innovation-rhodium18b,high,SD,missing,coal_int_conv pul_CCS,missing,missing,missing,missing,missing,missing,missing,missing,EJ
2943,5.980417e-05,0.0,0.0,0.0,0.0,0.0,0.0,0.0,0.0,innovation-rhodium18b,high,SD,missing,coal_peak_conv pul,missing,missing,missing,missing,missing,missing,missing,missing,EJ
2944,0.0003915094,0.0,0.0,0.0,0.0,0.0,0.0,0.0,0.0,innovation-rhodium18b,high,SD,missing,coal_subpeak_conv pul,missing,missing,missing,missing,missing,missing,missing,missing,EJ
2945,1.1200321000000004e-05,0.00023040263,0.00041359959,0.0005463977899999999,0.0007421353,0.00081726812,0.00079328494,0.000271343449,0.0001901286163,innovation-rhodium18b,high,SD,missing,gas_base_CC,missing,missing,missing,missing,missing,missing,missing,missing,EJ
2946,0.0,0.0,0.0,0.0,0.0003606488,0.0005975716000000001,0.0006995209,0.0008221922000000001,0.0008644616,innovation-rhodium18b,high,SD,missing,gas_base_CC_CCS,missing,missing,missing,missing,missing,missing,missing,missing,EJ
2947,3.100079e-06,6.310059e-05,0.00183155589,0.00183159963,0.00171349547,0.00158777143,0.00144489311,0.00146884971,0.00142147493,innovation-rhodium18b,high,SD,missing,gas_int_CC,missing,missing,missing,missing,missing,missing,missing,missing,EJ
2948,0.0,0.0,0.0,0.0,9.80341e-05,0.00014649462,0.00018418621,0.00036334088,0.00047891390000000006,innovation-rhodium18b,high,SD,missing,gas_int_CC_CCS,missing,missing,missing,missing,missing,missing,missing,missing,EJ
2949,5.500384500000001e-06,0.00014640398000000002,0.0001377609636,0.0001259200099,0.0001009409167,8.424754220000001e-05,6.68188865e-05,5.01681766e-05,3.64244557e-05,innovation-rhodium18b,high,SD,missing,gas_peak_CC,missing,missing,missing,missing,missing,missing,missing,missing,EJ
2950,0.0,0.0,0.0,0.0,4.494108e-08,7.077945e-08,1.1427515000000001e-07,1.9461738e-07,3.7646219000000003e-07,innovation-rhodium18b,high,SD,missing,gas_peak_CC_CCS,missing,missing,missing,missing,missing,missing,missing,missing,EJ
2951,4.100281e-06,5.150149e-05,7.103180699999999e-05,6.345599799999999e-05,2.59633179e-05,2.21050427e-05,1.83325439e-05,1.4199802600000004e-05,1.00515573e-05,innovation-rhodium18b,high,SD,missing,gas_peak_steam/CT,missing,missing,missing,missing,missing,missing,missing,missing,EJ
2952,2.9100635000000003e-05,0.0007692088,0.000179909127,0.000182405911,0.00015625022799999996,0.000140166916,0.00012929074,0.00023540009,0.00024004549099999997,innovation-rhodium18b,high,SD,missing,gas_subpeak_CC,missing,missing,missing,missing,missing,missing,missing,missing,EJ
2953,0.0,0.0,0.0,0.0,8.64309e-07,1.769097e-06,3.641924e-06,2.9819866e-05,3.6354488000000006e-05,innovation-rhodium18b,high,SD,missing,gas_subpeak_CC_CCS,missing,missing,missing,missing,missing,missing,missing,missing,EJ
2954,2.1500510000000003e-05,0.0002705037,9.683868000000002e-05,0.00010094677999999998,4.849469e-05,4.4365322e-05,4.4815029e-05,0.000109180061,9.0722427e-05,innovation-rhodium18b,high,SD,missing,gas_subpeak_steam/CT,missing,missing,missing,missing,missing,missing,missing,missing,EJ
2955,0.0133525,0.0113041,0.0208126,0.0207806,0.020758,0.020761,0.0207146,0.0205408,0.0205637,innovation-rhodium18b,high,SD,missing,hydro_base,missing,missing,missing,missing,missing,missing,missing,missing,EJ
2956,0.0,0.0,2.752171e-05,2.240429e-05,7.39124e-06,8.018319999999999e-06,6.811643e-06,6.432188e-06,4.373356e-06,innovation-rhodium18b,high,SD,missing,refined liquids_peak_steam/CT,missing,missing,missing,missing,missing,missing,missing,missing,EJ
2957,6.540157999999999e-05,0.0001124013,3.020614e-05,2.64256e-05,8.18667e-06,8.528339999999999e-06,7.201128e-06,7.104499e-06,4.85379e-06,innovation-rhodium18b,high,SD,missing,refined liquids_subpeak_steam/CT,missing,missing,missing,missing,missing,missing,missing,missing,EJ
2958,0.0,0.0,3.65923e-05,0.000238228,0.00113596,0.00152455,0.00178463,0.00129344,0.00154684,innovation-rhodium18b,high,SD,missing,rooftop_pv,missing,missing,missing,missing,missing,missing,missing,missing,EJ
2959,0.0,0.000342904,0.0056329069999999,0.0059583569999999,0.0077734569999999,0.0087859869999999,0.0092452729999999,0.005251553,0.005779697,innovation-rhodium18b,high,SD,missing,wind_base,missing,missing,missing,missing,missing,missing,missing,missing,EJ
2960,0.0,0.0,4.08741e-06,1.101091e-05,7.575421e-05,0.00011867871,0.00013674021,0.00017417531,0.0001869054,innovation-rhodium18b,high,SD,missing,wind_base_storage,missing,missing,missing,missing,missing,missing,missing,missing,EJ
2961,0.0,0.000142901,0.00227653,0.00227653,0.00227653,0.00227653,0.00227653,0.0,0.0,innovation-rhodium18b,high,SD,missing,wind_int,missing,missing,missing,missing,missing,missing,missing,missing,EJ
2962,0.0,8.5701e-05,0.00136586,0.00136586,0.00136586,0.00136586,0.00136586,0.0,0.0,innovation-rhodium18b,high,SD,missing,wind_subpeak,missing,missing,missing,missing,missing,missing,missing,missing,EJ
2963,0.0,0.0,5.82737e-05,7.559609999999999e-05,0.0002264271,0.0003314691,0.0004391981,0.0005855381000000001,0.0006074332000000001,innovation-rhodium18b,high,TN,missing,PV_base_storage,missing,missing,missing,missing,missing,missing,missing,missing,EJ
2964,0.0,0.0,0.00321443,0.0063643699999999,0.01586008,0.02125602,0.02575655,0.03579725,0.0405586999999999,innovation-rhodium18b,high,TN,missing,PV_int,missing,missing,missing,missing,missing,missing,missing,missing,EJ
2965,0.0,0.0,7.51174e-05,0.0001300055,0.0002476075,0.0002916309,0.000331707,0.000431963,0.0004869896,innovation-rhodium18b,high,TN,missing,PV_peak,missing,missing,missing,missing,missing,missing,missing,missing,EJ
2966,0.0,0.0,0.0007720590000000001,0.001118779,0.001818687,0.002117492,0.002389952,0.002866529,0.003221125,innovation-rhodium18b,high,TN,missing,PV_subpeak,missing,missing,missing,missing,missing,missing,missing,missing,EJ
2967,0.0,0.0,0.000291781,0.00018017557,0.00083369214,0.0006630547300000001,0.00070433975,0.00083526116,0.00046654491,innovation-rhodium18b,high,TN,missing,biogas_base_CC,missing,missing,missing,missing,missing,missing,missing,missing,EJ
2968,0.0,0.0,0.0,0.0,0.000721525,0.0006721405000000001,0.0007776673,0.001244917,0.0008086173000000001,innovation-rhodium18b,high,TN,missing,biogas_base_CC_CCS,missing,missing,missing,missing,missing,missing,missing,missing,EJ
2969,0.0,0.0,0.000149275,0.00016809271,0.0003872454,0.0004010339,0.0005181007000000001,0.001168523,0.001323148,innovation-rhodium18b,high,TN,missing,biogas_int_CC,missing,missing,missing,missing,missing,missing,missing,missing,EJ
2970,0.0,0.0,0.0,0.0,0.000201141,0.0002362614,0.00034153410000000003,0.001010571,0.001413363,innovation-rhodium18b,high,TN,missing,biogas_int_CC_CCS,missing,missing,missing,missing,missing,missing,missing,missing,EJ
2971,0.0,0.0,8.64919e-08,7.378464e-08,1.7354726e-07,1.1358192e-07,1.5135682e-07,3.9563217e-07,5.866251100000001e-07,innovation-rhodium18b,high,TN,missing,biogas_peak_CC,missing,missing,missing,missing,missing,missing,missing,missing,EJ
2972,0.0,0.0,0.0,0.0,2.72535e-08,1.867032e-08,2.689564e-08,8.410326e-08,1.4388155e-07,innovation-rhodium18b,high,TN,missing,biogas_peak_CC_CCS,missing,missing,missing,missing,missing,missing,missing,missing,EJ
2973,0.0,0.0,8.10798e-08,6.45955e-08,1.46348e-07,8.0158169e-08,9.5042015e-08,2.77651494e-07,3.88655689e-07,innovation-rhodium18b,high,TN,missing,biogas_peak_steam/CT,missing,missing,missing,missing,missing,missing,missing,missing,EJ
2974,0.0,0.0,2.12768e-06,2.1506897e-06,4.550736e-06,3.5223610000000003e-06,4.855534e-06,1.4057784e-05,1.7225845e-05,innovation-rhodium18b,high,TN,missing,biogas_subpeak_CC,missing,missing,missing,missing,missing,missing,missing,missing,EJ
2975,0.0,0.0,0.0,0.0,1.07104e-06,8.85138e-07,1.3310960000000002e-06,4.69811e-06,7.101567e-06,innovation-rhodium18b,high,TN,missing,biogas_subpeak_CC_CCS,missing,missing,missing,missing,missing,missing,missing,missing,EJ
2976,0.0,0.0,1.451728e-06,1.37813535e-06,2.83545757e-06,1.7901231700000004e-06,2.13538337e-06,7.307980999999999e-06,7.62788328e-06,innovation-rhodium18b,high,TN,missing,biogas_subpeak_steam/CT,missing,missing,missing,missing,missing,missing,missing,missing,EJ
2977,0.0,0.0,4.53599e-05,4.767079e-05,0.0001833596,0.0002983472,0.00042884858,0.0006193883900000001,0.00058514601,innovation-rhodium18b,high,TN,missing,biomass_base_IGCC,missing,missing,missing,missing,missing,missing,missing,missing,EJ
2978,0.0,0.0,0.0,0.0,0.000273087,0.000673193,0.001184587,0.005006065,0.0075644269999999,innovation-rhodium18b,high,TN,missing,biomass_base_IGCC_CCS,missing,missing,missing,missing,missing,missing,missing,missing,EJ
2979,0.0,4.42003e-05,0.0001076409,8.13055e-05,0.00033575809999999995,0.0004767794,0.0006053711,0.00071279074,0.00055209747,innovation-rhodium18b,high,TN,missing,biomass_base_conv,missing,missing,missing,missing,missing,missing,missing,missing,EJ
2980,0.0,0.0,0.0,0.0,0.000647395,0.001788892,0.003114259,0.0293709139999999,0.045271617,innovation-rhodium18b,high,TN,missing,biomass_base_conv_CCS,missing,missing,missing,missing,missing,missing,missing,missing,EJ
2981,0.0,0.0,9.81227e-06,1.5223660000000002e-05,2.749593e-05,3.893623e-05,5.2864840000000005e-05,9.697513e-05,0.00013849757,innovation-rhodium18b,high,TN,missing,biomass_int_IGCC,missing,missing,missing,missing,missing,missing,missing,missing,EJ
2982,0.0,0.0,0.0,0.0,9.20811e-06,1.940484e-05,3.26747e-05,9.332624e-05,0.00015674642999999997,innovation-rhodium18b,high,TN,missing,biomass_int_IGCC_CCS,missing,missing,missing,missing,missing,missing,missing,missing,EJ
2983,0.0,4.42002e-05,7.20285e-05,7.73223e-05,0.000122653,0.0001475913,0.0001666986,0.00024012940000000003,0.0003006039,innovation-rhodium18b,high,TN,missing,biomass_int_conv,missing,missing,missing,missing,missing,missing,missing,missing,EJ
2984,0.0,0.0,0.0,0.0,1.8723e-05,4.01198e-05,6.68466e-05,0.0002095559,0.0003540044,innovation-rhodium18b,high,TN,missing,biomass_int_conv_CCS,missing,missing,missing,missing,missing,missing,missing,missing,EJ
2985,0.0,0.0,0.0,0.0,0.001755576,0.003039409,0.004575627,0.006319948,0.00736153,innovation-rhodium18b,high,TN,missing,coal_base_IGCC_CCS,missing,missing,missing,missing,missing,missing,missing,missing,EJ
2986,0.05686927132,0.07856120671,0.0,0.0,0.0,0.0,0.0,0.0,0.0,innovation-rhodium18b,high,TN,missing,coal_base_conv pul,missing,missing,missing,missing,missing,missing,missing,missing,EJ
2987,0.0,0.0,0.01014898002,0.00949340735,0.001564939884,0.0,0.0,0.0,0.0,innovation-rhodium18b,high,TN,missing,coal_base_conv pul 1951-1955,missing,missing,missing,missing,missing,missing,missing,missing,EJ
2988,0.0,0.0,0.01710285706,0.01647307765,0.00300557389,0.001005958556,0.0,0.0,0.0,innovation-rhodium18b,high,TN,missing,coal_base_conv pul 1956-1960,missing,missing,missing,missing,missing,missing,missing,missing,EJ
2989,0.0,0.0,0.000324769961,0.0003210494921,6.491019074000001e-05,2.913582342e-05,1.554558892e-05,0.0,0.0,innovation-rhodium18b,high,TN,missing,coal_base_conv pul 1961-1965,missing,missing,missing,missing,missing,missing,missing,missing,EJ
2990,0.0,0.0,0.003178000819,0.0,0.0,0.0,0.0,0.0,0.0,innovation-rhodium18b,high,TN,missing,coal_base_conv pul 1966-1970,missing,missing,missing,missing,missing,missing,missing,missing,EJ
2991,0.0,0.0,0.03521574151,0.03518893818,0.007454372119,0.00401673332,0.003620303184,0.0001509032623,5.630388605e-05,innovation-rhodium18b,high,TN,missing,coal_base_conv pul 1971-1975,missing,missing,missing,missing,missing,missing,missing,missing,EJ
2992,0.0,0.0,0.000290557646,0.0002905436446,6.174438638e-05,3.374331223e-05,3.230763346e-05,1.68863555e-06,1.124823561e-06,innovation-rhodium18b,high,TN,missing,coal_base_conv pul 1981-1985,missing,missing,missing,missing,missing,missing,missing,missing,EJ
2993,0.0,0.0,0.00074625612,0.0007462691226,0.0001586412626,8.68161947e-05,8.36332001e-05,4.490783236e-06,3.346007051e-06,innovation-rhodium18b,high,TN,missing,coal_base_conv pul 1991-1995,missing,missing,missing,missing,missing,missing,missing,missing,EJ
2994,0.0,0.0,0.0002607308841,0.0,0.0,0.0,0.0,0.0,0.0,innovation-rhodium18b,high,TN,missing,coal_base_conv pul before 1950,missing,missing,missing,missing,missing,missing,missing,missing,EJ
2995,0.0,0.0,0.0,0.0,0.001899245,0.0032246529999999,0.004778654,0.0063691989999999,0.00731353,innovation-rhodium18b,high,TN,missing,coal_base_conv pul_CCS,missing,missing,missing,missing,missing,missing,missing,missing,EJ
2996,0.02592696944,0.0358165165199999,0.0,0.0,0.0,0.0,0.0,0.0,0.0,innovation-rhodium18b,high,TN,missing,coal_base_conv pul_retire_2020,missing,missing,missing,missing,missing,missing,missing,missing,EJ
2997,0.0,0.0,0.0,0.0,9.65992e-05,0.0001771861,0.0002713614,0.0005286589,0.0007642941,innovation-rhodium18b,high,TN,missing,coal_int_IGCC_CCS,missing,missing,missing,missing,missing,missing,missing,missing,EJ
2998,0.06570168511,0.06780815074,0.0,0.0,0.0,0.0,0.0,0.0,0.0,innovation-rhodium18b,high,TN,missing,coal_int_conv pul,missing,missing,missing,missing,missing,missing,missing,missing,EJ
2999,0.0,0.0,0.001500159178,0.001403226955,0.0003863732351,0.0,0.0,0.0,0.0,innovation-rhodium18b,high,TN,missing,coal_int_conv pul 1951-1955,missing,missing,missing,missing,missing,missing,missing,missing,EJ
3000,0.0,0.0,0.0025280387989999,0.002434887053,0.0007420555591,0.0004138017157,0.0,0.0,0.0,innovation-rhodium18b,high,TN,missing,coal_int_conv pul 1956-1960,missing,missing,missing,missing,missing,missing,missing,missing,EJ
3001,0.0,0.0,4.800555376e-05,4.745458428e-05,1.602584216e-05,1.198512682e-05,8.58148242e-06,0.0,0.0,innovation-rhodium18b,high,TN,missing,coal_int_conv pul 1961-1965,missing,missing,missing,missing,missing,missing,missing,missing,EJ
3002,0.0,0.0,0.0004697532384,0.0,0.0,0.0,0.0,0.0,0.0,innovation-rhodium18b,high,TN,missing,coal_int_conv pul 1966-1970,missing,missing,missing,missing,missing,missing,missing,missing,EJ
3003,0.0,0.0,0.005205376425,0.005201295912,0.001840434524,0.001652290492,0.001998474406,0.0005618445893,0.0002746359903,innovation-rhodium18b,high,TN,missing,coal_int_conv pul 1971-1975,missing,missing,missing,missing,missing,missing,missing,missing,EJ
3004,0.0,0.0,4.294851603e-05,4.294541565e-05,1.524424256e-05,1.388036827e-05,1.783447032e-05,6.287161101e-06,5.486589025e-06,innovation-rhodium18b,high,TN,missing,coal_int_conv pul 1981-1985,missing,missing,missing,missing,missing,missing,missing,missing,EJ
3005,0.0,0.0,0.0001103069103,0.0001103069103,3.9167391050000005e-05,3.5712049480000005e-05,4.616717707e-05,1.672013046e-05,1.632097939e-05,innovation-rhodium18b,high,TN,missing,coal_int_conv pul 1991-1995,missing,missing,missing,missing,missing,missing,missing,missing,EJ
3006,0.0,0.0,3.853966005e-05,0.0,0.0,0.0,0.0,0.0,0.0,innovation-rhodium18b,high,TN,missing,coal_int_conv pul before 1950,missing,missing,missing,missing,missing,missing,missing,missing,EJ
3007,0.0,0.0,0.0,0.0,0.0001119005,0.0002001399,0.0002992155,0.0005573668000000001,0.0007872239999999998,innovation-rhodium18b,high,TN,missing,coal_int_conv pul_CCS,missing,missing,missing,missing,missing,missing,missing,missing,EJ
3008,0.02995377723,0.03091409833,0.0,0.0,0.0,0.0,0.0,0.0,0.0,innovation-rhodium18b,high,TN,missing,coal_int_conv pul_retire_2020,missing,missing,missing,missing,missing,missing,missing,missing,EJ
3009,0.0005175112592,0.0,0.0,0.0,0.0,0.0,0.0,0.0,0.0,innovation-rhodium18b,high,TN,missing,coal_peak_conv pul,missing,missing,missing,missing,missing,missing,missing,missing,EJ
3010,0.000235936752,0.0,0.0,0.0,0.0,0.0,0.0,0.0,0.0,innovation-rhodium18b,high,TN,missing,coal_peak_conv pul_retire_2020,missing,missing,missing,missing,missing,missing,missing,missing,EJ
3011,0.003846155007,0.0,0.0,0.0,0.0,0.0,0.0,0.0,0.0,innovation-rhodium18b,high,TN,missing,coal_subpeak_conv pul,missing,missing,missing,missing,missing,missing,missing,missing,EJ
3012,0.001753481117,0.0,0.0,0.0,0.0,0.0,0.0,0.0,0.0,innovation-rhodium18b,high,TN,missing,coal_subpeak_conv pul_retire_2020,missing,missing,missing,missing,missing,missing,missing,missing,EJ
3013,0.0,0.0,0.0154740104999999,0.0222937492,0.0287193848,0.0309545306499999,0.0347723634399999,0.0178232472599999,0.014471139644,innovation-rhodium18b,high,TN,missing,gas_base_CC,missing,missing,missing,missing,missing,missing,missing,missing,EJ
3014,0.0,0.0,0.0,0.0,0.0086831799999999,0.014680365,0.021348236,0.029465208,0.033673008,innovation-rhodium18b,high,TN,missing,gas_base_CC_CCS,missing,missing,missing,missing,missing,missing,missing,missing,EJ
3015,0.00011740675,0.0016112068999999,0.032629706,0.035186563,0.0321980689999999,0.0312745429999999,0.0308782849999999,0.030127112,0.0305615177999999,innovation-rhodium18b,high,TN,missing,gas_int_CC,missing,missing,missing,missing,missing,missing,missing,missing,EJ
3016,0.0,0.0,0.0,0.0,0.001131189,0.002019488,0.0030143229999999,0.0056461199999999,0.007945018,innovation-rhodium18b,high,TN,missing,gas_int_CC_CCS,missing,missing,missing,missing,missing,missing,missing,missing,EJ
3017,4.6002984e-06,8.119983e-05,0.0002641449022,0.0002407743687,0.0001825460131,0.00015312286399999996,0.00012583105840000003,8.525885959999997e-05,6.0873326600000006e-05,innovation-rhodium18b,high,TN,missing,gas_peak_CC,missing,missing,missing,missing,missing,missing,missing,missing,EJ
3018,0.0,0.0,0.0,0.0,4.871609e-08,7.432582000000002e-08,1.0603393e-07,2.0517724e-07,3.488166599999999e-07,innovation-rhodium18b,high,TN,missing,gas_peak_CC_CCS,missing,missing,missing,missing,missing,missing,missing,missing,EJ
3019,3.4002189999999995e-06,2.849989e-05,0.000133453872,0.0001178489048,3.64654083e-05,3.205370250000001e-05,3.3020431800000004e-05,1.59014512e-05,1.17298838e-05,innovation-rhodium18b,high,TN,missing,gas_peak_steam/CT,missing,missing,missing,missing,missing,missing,missing,missing,EJ
3020,3.0601788e-05,0.00054020257,0.0018178309199999,0.0016759517199999,0.00134190418,0.001142285234,0.000950254412,0.0007100343230000001,0.0005608365250000001,innovation-rhodium18b,high,TN,missing,gas_subpeak_CC,missing,missing,missing,missing,missing,missing,missing,missing,EJ
3021,0.0,0.0,0.0,0.0,2.6027240000000003e-06,4.165066e-06,6.087348999999999e-06,1.3228654e-05,2.0743512e-05,innovation-rhodium18b,high,TN,missing,gas_subpeak_CC_CCS,missing,missing,missing,missing,missing,missing,missing,missing,EJ
3022,2.260139e-05,0.0001900004,0.00095004952,0.0008577892299999999,0.00033150847,0.000298733,0.00030795975,0.00017926031799999996,0.000148567814,innovation-rhodium18b,high,TN,missing,gas_subpeak_steam/CT,missing,missing,missing,missing,missing,missing,missing,missing,EJ
3023,0.0339897,0.0313908,0.0411114,0.0410483,0.0410036,0.0410096,0.0409177,0.0405746,0.0406197,innovation-rhodium18b,high,TN,missing,hydro_base,missing,missing,missing,missing,missing,missing,missing,missing,EJ
3024,0.0534371,0.10377,0.0934083,0.0930494,0.0919801,0.0888854,0.0806668,0.0630215,0.0379107,innovation-rhodium18b,high,TN,missing,nuc_base_Gen II,missing,missing,missing,missing,missing,missing,missing,missing,EJ
3025,0.0,0.0,0.0,0.0,0.0104297,0.01772135,0.02526802,0.03561313,0.04133029,innovation-rhodium18b,high,TN,missing,nuc_base_Gen III,missing,missing,missing,missing,missing,missing,missing,missing,EJ
3026,0.0,0.0,9.31005e-05,8.200170000000001e-05,8.50363e-05,6.088675e-05,4.494079e-05,5.758378e-06,3.442889e-06,innovation-rhodium18b,high,TN,missing,refined liquids_base_steam/CT,missing,missing,missing,missing,missing,missing,missing,missing,EJ
3027,0.0003781218,0.0006928032,0.0,0.0,0.0,0.0,0.0,0.0,0.0,innovation-rhodium18b,high,TN,missing,refined liquids_int_steam/CT,missing,missing,missing,missing,missing,missing,missing,missing,EJ
3028,0.0,0.0,0.0,0.0,0.0,0.0,0.0,0.0,0.0,innovation-rhodium18b,high,TN,missing,refined liquids_peak_steam/CT,missing,missing,missing,missing,missing,missing,missing,missing,EJ
3029,9.45056e-05,0.0001732009,0.0,0.0,0.0,0.0,0.0,0.0,0.0,innovation-rhodium18b,high,TN,missing,refined liquids_subpeak_steam/CT,missing,missing,missing,missing,missing,missing,missing,missing,EJ
3030,0.0,0.0,0.000335728,0.00256838,0.0122572,0.0149874,0.0182338,0.0151984,0.0182074,innovation-rhodium18b,high,TN,missing,rooftop_pv,missing,missing,missing,missing,missing,missing,missing,missing,EJ
3031,0.0,1.19001e-05,0.0059486839999999,0.0097629939999999,0.039012994,0.059529094,0.080048694,0.1055102,0.11416831,innovation-rhodium18b,high,TN,missing,wind_base,missing,missing,missing,missing,missing,missing,missing,missing,EJ
3032,0.0,0.0,0.00019024,0.000300177,0.001193034,0.001808316,0.002432874,0.0032658569999999,0.003534014,innovation-rhodium18b,high,TN,missing,wind_base_storage,missing,missing,missing,missing,missing,missing,missing,missing,EJ
3033,0.0,0.0,0.00104395,0.001604623,0.006984363,0.008827623,0.010129973,0.013579023,0.015087203,innovation-rhodium18b,high,TX,missing,CSP_base_storage,missing,missing,missing,missing,missing,missing,missing,missing,EJ
3034,0.0,0.0,0.00278446,0.0061119,0.0242322,0.03567816,0.04607326,0.07703426,0.1005572,innovation-rhodium18b,high,TX,missing,CSP_int,missing,missing,missing,missing,missing,missing,missing,missing,EJ
3035,0.0,0.0,0.0001650684,0.0002922466,0.0007044966000000001,0.0009082506,0.0011127965999999,0.0016064325999999,0.0022653882,innovation-rhodium18b,high,TX,missing,CSP_peak,missing,missing,missing,missing,missing,missing,missing,missing,EJ
3036,0.00046834,0.000420892,0.0031320099999999,0.003782776,0.005406522,0.006493438,0.007696558,0.0144698779999999,0.018175188,innovation-rhodium18b,high,TX,missing,CSP_subpeak,missing,missing,missing,missing,missing,missing,missing,missing,EJ
3037,0.0,0.0,0.000203621,0.000323987,0.001521147,0.001941291,0.002242929,0.0030502759999999,0.003448261,innovation-rhodium18b,high,TX,missing,PV_base_storage,missing,missing,missing,missing,missing,missing,missing,missing,EJ
3038,0.0,0.0,0.0232097,0.0548611,0.1861831,0.2483762,0.294201,0.395658,0.4528795,innovation-rhodium18b,high,TX,missing,PV_int,missing,missing,missing,missing,missing,missing,missing,missing,EJ
3039,0.0,0.0,0.00137592,0.00258567,0.0055733499999999,0.0066804699999999,0.0075821759999999,0.009199776,0.010343186,innovation-rhodium18b,high,TX,missing,PV_peak,missing,missing,missing,missing,missing,missing,missing,missing,EJ
3040,0.0,0.0,0.00712716,0.01331739,0.02508509,0.03099098,0.03629471,0.06480863,0.07281675,innovation-rhodium18b,high,TX,missing,PV_subpeak,missing,missing,missing,missing,missing,missing,missing,missing,EJ
3041,0.0,0.0,0.00080533,0.00100138557,0.0052649365,0.0021388602,0.0016251246,0.00369310444,0.0027267849399999,innovation-rhodium18b,high,TX,missing,biogas_base_CC,missing,missing,missing,missing,missing,missing,missing,missing,EJ
3042,0.0,0.0,0.0,0.0,0.0047221,0.002272409,0.001883188,0.0056017848,0.0046104221,innovation-rhodium18b,high,TX,missing,biogas_base_CC_CCS,missing,missing,missing,missing,missing,missing,missing,missing,EJ
3043,0.0,0.0,0.000785382,0.0011775778,0.0029882255,0.0021092918,0.0021443749,0.006804318,0.0069821164,innovation-rhodium18b,high,TX,missing,biogas_int_CC,missing,missing,missing,missing,missing,missing,missing,missing,EJ
3044,0.0,0.0,0.0,0.0,0.00162289,0.001308309,0.001489835,0.006212127,0.008345371,innovation-rhodium18b,high,TX,missing,biogas_int_CC_CCS,missing,missing,missing,missing,missing,missing,missing,missing,EJ
3045,0.0,0.0,1.07012e-06,1.0437671e-06,2.347457e-06,1.2329569e-06,1.3046815e-06,3.6910904e-06,6.2126068e-06,innovation-rhodium18b,high,TX,missing,biogas_peak_CC,missing,missing,missing,missing,missing,missing,missing,missing,EJ
3046,0.0,0.0,0.0,0.0,3.70211e-07,2.0232080000000002e-07,2.28003e-07,7.739178e-07,1.4270155e-06,innovation-rhodium18b,high,TX,missing,biogas_peak_CC_CCS,missing,missing,missing,missing,missing,missing,missing,missing,EJ
3047,0.0,0.0,1.021403e-06,9.48117167e-07,2.058851703e-06,9.978057069999998e-07,9.9773214e-07,2.8432458380000006e-06,4.768477055e-06,innovation-rhodium18b,high,TX,missing,biogas_peak_steam/CT,missing,missing,missing,missing,missing,missing,missing,missing,EJ
3048,0.0,0.0,1.68601e-05,2.4548162e-05,4.161292e-05,2.9569644e-05,3.4346883e-05,0.00028116492,0.00016776195999999998,innovation-rhodium18b,high,TX,missing,biogas_subpeak_CC,missing,missing,missing,missing,missing,missing,missing,missing,EJ
3049,0.0,0.0,0.0,0.0,9.877e-06,7.445449e-06,9.313088e-06,8.696021e-05,8.041507e-05,innovation-rhodium18b,high,TX,missing,biogas_subpeak_CC_CCS,missing,missing,missing,missing,missing,missing,missing,missing,EJ
3050,0.0,0.0,1.173243e-05,1.645691096e-05,2.709478004e-05,1.7904045180000003e-05,1.967197312e-05,0.0001739551349,8.403861830000001e-05,innovation-rhodium18b,high,TX,missing,biogas_subpeak_steam/CT,missing,missing,missing,missing,missing,missing,missing,missing,EJ
3051,0.0,0.0,0.0001568057,0.00018039716,0.0010088207,0.0012501871,0.001379721,0.00218432837,0.00219917543,innovation-rhodium18b,high,TX,missing,biomass_base_IGCC,missing,missing,missing,missing,missing,missing,missing,missing,EJ
3052,0.0,0.0,0.0,0.0,0.001821048,0.00313423,0.004286255,0.021479049,0.03701473,innovation-rhodium18b,high,TX,missing,biomass_base_IGCC_CCS,missing,missing,missing,missing,missing,missing,missing,missing,EJ
3053,0.000407035,0.000376592,0.0003631343,0.000303851,0.0017419369999999,0.0018190519999999,0.001689239,0.0024934256,0.00214929604,innovation-rhodium18b,high,TX,missing,biomass_base_conv,missing,missing,missing,missing,missing,missing,missing,missing,EJ
3054,0.0,0.0,0.0,0.0,0.00437573,0.00820197,0.0112391,0.13807854,0.24139416,innovation-rhodium18b,high,TX,missing,biomass_base_conv_CCS,missing,missing,missing,missing,missing,missing,missing,missing,EJ
3055,0.0,0.0,5.29907e-05,8.634699999999999e-05,0.0001766973,0.0002379988,0.0002990874,0.0005893398,0.0008388987,innovation-rhodium18b,high,TX,missing,biomass_int_IGCC,missing,missing,missing,missing,missing,missing,missing,missing,EJ
3056,0.0,0.0,0.0,0.0,7.254269999999999e-05,0.0001326732,0.0001983106,0.0005936353,0.0010084433,innovation-rhodium18b,high,TX,missing,biomass_int_IGCC_CCS,missing,missing,missing,missing,missing,missing,missing,missing,EJ
3057,0.000407035,0.000376592,0.000484521,0.0004825766,0.0007691108,0.0008925529999999999,0.0009054781,0.0014296534,0.0016920566999999,innovation-rhodium18b,high,TX,missing,biomass_int_conv,missing,missing,missing,missing,missing,missing,missing,missing,EJ
3058,0.0,0.0,0.0,0.0,0.000146595,0.000272019,0.000403303,0.001329154,0.0022689529999999,innovation-rhodium18b,high,TX,missing,biomass_int_conv_CCS,missing,missing,missing,missing,missing,missing,missing,missing,EJ
3059,0.0,0.0,0.0,0.0,0.01245249,0.01703566,0.02092287,0.02981681,0.03721099,innovation-rhodium18b,high,TX,missing,coal_base_IGCC_CCS,missing,missing,missing,missing,missing,missing,missing,missing,EJ
3060,0.3316956,0.4241821,0.0,0.0,0.0,0.0,0.0,0.0,0.0,innovation-rhodium18b,high,TX,missing,coal_base_conv pul,missing,missing,missing,missing,missing,missing,missing,missing,EJ
3061,0.0,0.0,0.1742542,0.1740592,0.02048164,0.01141632,0.010052706,0.0003891642,0.0001385143,innovation-rhodium18b,high,TX,missing,coal_base_conv pul 1976-1980,missing,missing,missing,missing,missing,missing,missing,missing,EJ
3062,0.0,0.0,0.07964265,0.07957534,0.009375099,0.005253625,0.0047279,0.0001958387,7.760218999999999e-05,innovation-rhodium18b,high,TX,missing,coal_base_conv pul 1981-1985,missing,missing,missing,missing,missing,missing,missing,missing,EJ
3063,0.0,0.0,0.04208421,0.0420808399999999,0.004974734,0.002830489,0.002719326,0.0001443371,0.0001115827,innovation-rhodium18b,high,TX,missing,coal_base_conv pul 1986-1990,missing,missing,missing,missing,missing,missing,missing,missing,EJ
3064,0.0,0.0,0.01500295,0.01500193,0.001773595,0.0010093507,0.0009706763,5.175093e-05,4.079295e-05,innovation-rhodium18b,high,TX,missing,coal_base_conv pul 1991-1995,missing,missing,missing,missing,missing,missing,missing,missing,EJ
3065,0.0,0.0,0.03825918,0.03825673,0.004522985,0.00257427,0.002476688,0.0001322951,0.00010517248,innovation-rhodium18b,high,TX,missing,coal_base_conv pul 2006-2010,missing,missing,missing,missing,missing,missing,missing,missing,EJ
3066,0.0,0.0,0.04213583,0.04213312,0.004981282,0.00283511,0.002727639,0.00014570050000000005,0.0001158318,innovation-rhodium18b,high,TX,missing,coal_base_conv pul 2011-2015,missing,missing,missing,missing,missing,missing,missing,missing,EJ
3067,0.0,0.0,0.0,0.0,0.0139797499999999,0.01886784,0.0229263799999999,0.03144912,0.03852347,innovation-rhodium18b,high,TX,missing,coal_base_conv pul_CCS,missing,missing,missing,missing,missing,missing,missing,missing,EJ
3068,0.02918736,0.03732565,0.0,0.0,0.0,0.0,0.0,0.0,0.0,innovation-rhodium18b,high,TX,missing,coal_base_conv pul_retire_2020,missing,missing,missing,missing,missing,missing,missing,missing,EJ
3069,0.0,0.0,0.0,0.0,0.000775451,0.001265917,0.001752392,0.0035102739999999,0.005135181,innovation-rhodium18b,high,TX,missing,coal_int_IGCC_CCS,missing,missing,missing,missing,missing,missing,missing,missing,EJ
3070,0.09734627,0.1060456,0.0,0.0,0.0,0.0,0.0,0.0,0.0,innovation-rhodium18b,high,TX,missing,coal_int_conv pul,missing,missing,missing,missing,missing,missing,missing,missing,EJ
3071,0.0,0.0,0.02572207,0.02569461,0.004981036,0.003711924,0.004462026,0.001217344,0.0005194011000000001,innovation-rhodium18b,high,TX,missing,coal_int_conv pul 1976-1980,missing,missing,missing,missing,missing,missing,missing,missing,EJ
3072,0.0,0.0,0.01175622,0.01174689,0.002279977,0.001708173,0.0020985409999999,0.0006126028,0.0002909933,innovation-rhodium18b,high,TX,missing,coal_int_conv pul 1981-1985,missing,missing,missing,missing,missing,missing,missing,missing,EJ
3073,0.0,0.0,0.00621214,0.006211962,0.001209835,0.0009203109,0.001207011,0.0004515008,0.0004184128,innovation-rhodium18b,high,TX,missing,coal_int_conv pul 1986-1990,missing,missing,missing,missing,missing,missing,missing,missing,EJ
3074,0.0,0.0,0.002214618,0.002214581,0.0004313296,0.00032818180000000004,0.000430849,0.00016188200000000002,0.0001529654,innovation-rhodium18b,high,TX,missing,coal_int_conv pul 1991-1995,missing,missing,missing,missing,missing,missing,missing,missing,EJ
3075,0.0,0.0,0.005647529,0.005647463,0.00109997,0.0008370032000000001,0.0010993139999999,0.0004138314,0.0003943758,innovation-rhodium18b,high,TX,missing,coal_int_conv pul 2006-2010,missing,missing,missing,missing,missing,missing,missing,missing,EJ
3076,0.0,0.0,0.006219751,0.006219693,0.001211424,0.000921813,0.001210702,0.0004557658,0.0004343456,innovation-rhodium18b,high,TX,missing,coal_int_conv pul 2011-2015,missing,missing,missing,missing,missing,missing,missing,missing,EJ
3077,0.0,0.0,0.0,0.0,0.000914981,0.001460514,0.0019794549999999,0.003763616,0.0053648889999999,innovation-rhodium18b,high,TX,missing,coal_int_conv pul_CCS,missing,missing,missing,missing,missing,missing,missing,missing,EJ
3078,0.008565941,0.009331432,0.0,0.0,0.0,0.0,0.0,0.0,0.0,innovation-rhodium18b,high,TX,missing,coal_int_conv pul_retire_2020,missing,missing,missing,missing,missing,missing,missing,missing,EJ
3079,0.0005534601,0.0,0.0,0.0,0.0,0.0,0.0,0.0,0.0,innovation-rhodium18b,high,TX,missing,coal_peak_conv pul,missing,missing,missing,missing,missing,missing,missing,missing,EJ
3080,4.870133e-05,0.0,0.0,0.0,0.0,0.0,0.0,0.0,0.0,innovation-rhodium18b,high,TX,missing,coal_peak_conv pul_retire_2020,missing,missing,missing,missing,missing,missing,missing,missing,EJ
3081,0.003925902,0.0,0.0,0.0,0.0,0.0,0.0,0.0,0.0,innovation-rhodium18b,high,TX,missing,coal_subpeak_conv pul,missing,missing,missing,missing,missing,missing,missing,missing,EJ
3082,0.000345458,0.0,0.0,0.0,0.0,0.0,0.0,0.0,0.0,innovation-rhodium18b,high,TX,missing,coal_subpeak_conv pul_retire_2020,missing,missing,missing,missing,missing,missing,missing,missing,EJ
3083,0.13976153,0.24806921,0.34863769,0.385722,0.34870267,0.301124898,0.27950621,0.1022666157,0.0848173741999999,innovation-rhodium18b,high,TX,missing,gas_base_CC,missing,missing,missing,missing,missing,missing,missing,missing,EJ
3084,0.0,0.0,0.0,0.0,0.07096689,0.0953096819999999,0.1145229239999999,0.162564663,0.198638817,innovation-rhodium18b,high,TX,missing,gas_base_CC_CCS,missing,missing,missing,missing,missing,missing,missing,missing,EJ
3085,0.19027779,0.3377326,0.4192504099999999,0.4291058149999999,0.3454353169999999,0.309782389,0.291353248,0.2628110119999999,0.250179905,innovation-rhodium18b,high,TX,missing,gas_int_CC,missing,missing,missing,missing,missing,missing,missing,missing,EJ
3086,0.0,0.0,0.0,0.0,0.010145709,0.016147895,0.021859721,0.0417706729999999,0.059272707,innovation-rhodium18b,high,TX,missing,gas_int_CC_CCS,missing,missing,missing,missing,missing,missing,missing,missing,EJ
3087,0.0022480229,0.0051385652,0.004439628288,0.0040485851289999,0.0027857508091,0.0022155912372,0.0018347624731999,0.0012191762253,0.0008467823288000001,innovation-rhodium18b,high,TX,missing,gas_peak_CC,missing,missing,missing,missing,missing,missing,missing,missing,EJ
3088,0.0,0.0,0.0,0.0,6.801892000000001e-07,1.0001655e-06,1.34203557e-06,2.37159883e-06,4.17521285e-06,innovation-rhodium18b,high,TX,missing,gas_peak_CC_CCS,missing,missing,missing,missing,missing,missing,missing,missing,EJ
3089,0.001665368,0.0018074519999999,0.00227225425,0.002011188383,0.000402337108,0.000290743469,0.0002777062802,0.00015131820589999996,0.0001062314641,innovation-rhodium18b,high,TX,missing,gas_peak_steam/CT,missing,missing,missing,missing,missing,missing,missing,missing,EJ
3090,0.015837197,0.036201181,0.01616076937,0.01497850795,0.01109899017,0.00911274705,0.00771204363,0.0063341790899999,0.0051215157099999,innovation-rhodium18b,high,TX,missing,gas_subpeak_CC,missing,missing,missing,missing,missing,missing,missing,missing,EJ
3091,0.0,0.0,0.0,0.0,2.4971031e-05,4.0966731e-05,5.9575272e-05,0.000235031363,0.00032053734699999994,innovation-rhodium18b,high,TX,missing,gas_subpeak_CC_CCS,missing,missing,missing,missing,missing,missing,missing,missing,EJ
3092,0.01173252,0.01273353,0.0084847494,0.0077436556,0.0019974774499999,0.0015136876999999,0.00151284756,0.0013522216899999,0.00099662532,innovation-rhodium18b,high,TX,missing,gas_subpeak_steam/CT,missing,missing,missing,missing,missing,missing,missing,missing,EJ
3093,0.006087,0.0048992,0.0041039,0.0040976,0.0040931,0.0040937,0.0040845,0.0040503,0.0040548,innovation-rhodium18b,high,TX,missing,hydro_base,missing,missing,missing,missing,missing,missing,missing,missing,EJ
3094,0.0605242,0.142692,0.147547,0.147545,0.147552,0.147552,0.147551,0.147549,0.0337689,innovation-rhodium18b,high,TX,missing,nuc_base_Gen II,missing,missing,missing,missing,missing,missing,missing,missing,EJ
3095,0.0,0.0,0.0,0.0,0.057631,0.0779815,0.0927287,0.1325165999999999,0.1623795,innovation-rhodium18b,high,TX,missing,nuc_base_Gen III,missing,missing,missing,missing,missing,missing,missing,missing,EJ
3096,0.0002026179,0.0006556859999999999,2.09478e-05,1.91144e-05,2.53154e-05,2.039239e-05,1.498452e-05,2.042998e-06,1.30992e-06,innovation-rhodium18b,high,TX,missing,refined liquids_base_steam/CT,missing,missing,missing,missing,missing,missing,missing,missing,EJ
3097,0.001621039,0.00524538,0.0,0.0,0.0,0.0,0.0,0.0,0.0,innovation-rhodium18b,high,TX,missing,refined liquids_int_steam/CT,missing,missing,missing,missing,missing,missing,missing,missing,EJ
3098,0.0002026178,0.0006556859999999999,0.0,0.0,0.0,0.0,0.0,0.0,0.0,innovation-rhodium18b,high,TX,missing,refined liquids_subpeak_steam/CT,missing,missing,missing,missing,missing,missing,missing,missing,EJ
3099,0.0,0.0,0.00170285,0.0137362,0.037148,0.0470648,0.0599341,0.056358,0.0684871,innovation-rhodium18b,high,TX,missing,rooftop_pv,missing,missing,missing,missing,missing,missing,missing,missing,EJ
3100,0.0,0.015314,0.1429614,0.1887117,0.4253887,0.5026743,0.5586686000000001,0.6365491,0.7200352000000001,innovation-rhodium18b,high,TX,missing,wind_base,missing,missing,missing,missing,missing,missing,missing,missing,EJ
3101,0.0,0.0,0.0,0.00193332,0.02917212,0.04019892,0.0495082899999999,0.07968609,0.10212327,innovation-rhodium18b,high,TX,missing,wind_base_offshore,missing,missing,missing,missing,missing,missing,missing,missing,EJ
3102,0.0,0.0,0.000900296,0.001681749,0.007586189,0.009598419,0.011019369,0.014862379,0.016785613,innovation-rhodium18b,high,TX,missing,wind_base_storage,missing,missing,missing,missing,missing,missing,missing,missing,EJ
3103,0.0,0.0,0.0408373,0.0408373,0.0408373,0.0408373,0.0408373,0.0,0.0,innovation-rhodium18b,high,TX,missing,wind_int,missing,missing,missing,missing,missing,missing,missing,missing,EJ
3104,0.0,0.0,0.0245024,0.0245024,0.0245024,0.0245024,0.0245024,0.0,0.0,innovation-rhodium18b,high,TX,missing,wind_subpeak,missing,missing,missing,missing,missing,missing,missing,missing,EJ
3105,0.0,0.0,0.000127679,0.00025917400000000004,0.00074472,0.001004241,0.001208672,0.001573637,0.001688246,innovation-rhodium18b,high,UT,missing,CSP_base_storage,missing,missing,missing,missing,missing,missing,missing,missing,EJ
3106,0.0,0.0,0.00684082,0.0104769,0.02914866,0.04072656,0.05033006,0.06630896,0.08505634,innovation-rhodium18b,high,UT,missing,CSP_int,missing,missing,missing,missing,missing,missing,missing,missing,EJ
3107,0.0,0.0,3.54226e-05,5.515384000000001e-05,0.00013874464000000002,0.00018471424000000004,0.00022786124000000004,0.0002874198400000001,0.00039121924,innovation-rhodium18b,high,UT,missing,CSP_peak,missing,missing,missing,missing,missing,missing,missing,missing,EJ
3108,0.000104102,9.3601e-05,0.000778236,0.0009194848,0.0014900368,0.0018441488,0.0021810948,0.0025767068,0.0033411328,innovation-rhodium18b,high,UT,missing,CSP_subpeak,missing,missing,missing,missing,missing,missing,missing,missing,EJ
3109,0.0,0.0,2.12621e-05,4.50489e-05,0.00013611230000000002,0.00018596990000000003,0.00022587850000000003,0.00029788890000000004,0.00032477320000000006,innovation-rhodium18b,high,UT,missing,PV_base_storage,missing,missing,missing,missing,missing,missing,missing,missing,EJ
3110,0.0,0.0,0.0409032,0.0635659,0.1332524,0.1660415999999999,0.1895869999999999,0.2230342,0.2335757,innovation-rhodium18b,high,UT,missing,PV_int,missing,missing,missing,missing,missing,missing,missing,missing,EJ
3111,0.0,0.0,0.000211801,0.000334781,0.000646757,0.0007769459999999999,0.0008827319999999999,0.0010074009999999,0.001075503,innovation-rhodium18b,high,UT,missing,PV_peak,missing,missing,missing,missing,missing,missing,missing,missing,EJ
3112,0.0,0.0,0.001475268,0.002355634,0.004485044,0.005487904,0.006314015,0.008156787,0.008814387,innovation-rhodium18b,high,UT,missing,PV_subpeak,missing,missing,missing,missing,missing,missing,missing,missing,EJ
3113,0.0,0.0,6.68395e-05,0.000156417574,0.000316322912,0.000189364462,0.000155889517,0.000258662687,0.00017134967799999998,innovation-rhodium18b,high,UT,missing,biogas_base_CC,missing,missing,missing,missing,missing,missing,missing,missing,EJ
3114,0.0,0.0,0.0,0.0,0.000278175,0.0001897519,0.00016620867,0.00036820445,0.00026546137,innovation-rhodium18b,high,UT,missing,biogas_base_CC_CCS,missing,missing,missing,missing,missing,missing,missing,missing,EJ
3115,0.0,0.0,0.00132261,0.0009298271,0.0024578266,0.001912089,0.0018122479999999,0.002770464,0.003778599,innovation-rhodium18b,high,UT,missing,biogas_int_CC,missing,missing,missing,missing,missing,missing,missing,missing,EJ
3116,0.0,0.0,0.0,0.0,0.00127624,0.001119782,0.001191266,0.002573841,0.003970186,innovation-rhodium18b,high,UT,missing,biogas_int_CC_CCS,missing,missing,missing,missing,missing,missing,missing,missing,EJ
3117,0.0,0.0,1.75085e-07,1.2832871000000004e-07,4.0338611000000004e-07,2.3926622e-07,2.2759654e-07,3.1786921e-07,6.4551455e-07,innovation-rhodium18b,high,UT,missing,biogas_peak_CC,missing,missing,missing,missing,missing,missing,missing,missing,EJ
3118,0.0,0.0,0.0,0.0,6.4584e-08,4.015567e-08,4.084097e-08,7.151802e-08,1.4284409e-07,innovation-rhodium18b,high,UT,missing,biogas_peak_CC_CCS,missing,missing,missing,missing,missing,missing,missing,missing,EJ
3119,0.0,0.0,1.629239e-07,1.124275e-07,3.42492043e-07,1.8239777700000005e-07,1.63250911e-07,2.27019359e-07,4.938995289999999e-07,innovation-rhodium18b,high,UT,missing,biogas_peak_steam/CT,missing,missing,missing,missing,missing,missing,missing,missing,EJ
3120,0.0,0.0,4.25687e-06,4.053176e-06,1.191508e-05,8.186847e-06,8.025132999999999e-06,2.018619e-05,2.0636601e-05,innovation-rhodium18b,high,UT,missing,biogas_subpeak_CC,missing,missing,missing,missing,missing,missing,missing,missing,EJ
3121,0.0,0.0,0.0,0.0,2.88277e-06,2.137584e-06,2.280437e-06,6.91844e-06,8.366867e-06,innovation-rhodium18b,high,UT,missing,biogas_subpeak_CC_CCS,missing,missing,missing,missing,missing,missing,missing,missing,EJ
3122,0.0,0.0,2.881493e-06,2.60883853e-06,7.482208180000001e-06,4.54487379e-06,4.12528372e-06,1.1366717329999998e-05,1.109444917e-05,innovation-rhodium18b,high,UT,missing,biogas_subpeak_steam/CT,missing,missing,missing,missing,missing,missing,missing,missing,EJ
3123,0.0,0.0,1.878825e-05,4.015401e-05,9.588518999999998e-05,0.00012556919000000002,0.00014281795,0.00019368567,0.000175267208,innovation-rhodium18b,high,UT,missing,biomass_base_IGCC,missing,missing,missing,missing,missing,missing,missing,missing,EJ
3124,0.0,0.0,0.0,0.0,0.0001382213,0.0002894563,0.0004352157,0.0018503475,0.0029819553,innovation-rhodium18b,high,UT,missing,biomass_base_IGCC_CCS,missing,missing,missing,missing,missing,missing,missing,missing,EJ
3125,0.0,0.000107302,5.677534e-05,7.624775e-05,0.00016507609999999998,0.00018252692,0.00017613946999999998,0.000223884116,0.000173779052,innovation-rhodium18b,high,UT,missing,biomass_base_conv,missing,missing,missing,missing,missing,missing,missing,missing,EJ
3126,0.0,0.0,0.0,0.0,0.000329226,0.000762967,0.001142273,0.010940014,0.017995534,innovation-rhodium18b,high,UT,missing,biomass_base_conv_CCS,missing,missing,missing,missing,missing,missing,missing,missing,EJ
3127,0.0,0.0,3.54536e-05,5.28829e-05,0.00010694795,0.0001471127,0.0001846309,0.0002643593,0.00040342129,innovation-rhodium18b,high,UT,missing,biomass_int_IGCC,missing,missing,missing,missing,missing,missing,missing,missing,EJ
3128,0.0,0.0,0.0,0.0,4.10013e-05,7.79187e-05,0.0001159752,0.000230943,0.0004524596,innovation-rhodium18b,high,UT,missing,biomass_int_IGCC_CCS,missing,missing,missing,missing,missing,missing,missing,missing,EJ
3129,0.0,0.0001073004,0.0001672996,0.0001941428,0.00034586670000000003,0.000424321,0.0004731854,0.0005954405000000001,0.0008033008000000001,innovation-rhodium18b,high,UT,missing,biomass_int_conv,missing,missing,missing,missing,missing,missing,missing,missing,EJ
3130,0.0,0.0,0.0,0.0,8.34822e-05,0.0001610482,0.00023777820000000003,0.0005085331000000001,0.0010132805,innovation-rhodium18b,high,UT,missing,biomass_int_conv_CCS,missing,missing,missing,missing,missing,missing,missing,missing,EJ
3131,0.0,0.0,0.0,0.0,0.000789145,0.001235138,0.0016612999999999,0.002263211,0.002726516,innovation-rhodium18b,high,UT,missing,coal_base_IGCC_CCS,missing,missing,missing,missing,missing,missing,missing,missing,EJ
3132,0.0342512,0.0407382,0.0,0.0,0.0,0.0,0.0,0.0,0.0,innovation-rhodium18b,high,UT,missing,coal_base_conv pul,missing,missing,missing,missing,missing,missing,missing,missing,EJ
3133,0.0,0.0,0.00220598,0.00220457,0.000180068,9.09165e-05,8.61777e-05,4.45934e-06,1.98756e-06,innovation-rhodium18b,high,UT,missing,coal_base_conv pul 1971-1975,missing,missing,missing,missing,missing,missing,missing,missing,EJ
3134,0.0,0.0,0.00643091,0.0064294,0.000526104,0.000267775,0.000262761,1.55067e-05,9.67879e-06,innovation-rhodium18b,high,UT,missing,coal_base_conv pul 1976-1980,missing,missing,missing,missing,missing,missing,missing,missing,EJ
3135,0.0,0.0,0.00244697,0.00244669,0.000200317,0.000102206,0.000101383,6.26422e-06,4.61481e-06,innovation-rhodium18b,high,UT,missing,coal_base_conv pul 1981-1985,missing,missing,missing,missing,missing,missing,missing,missing,EJ
3136,0.0,0.0,0.00986733,0.00922921,0.00058608,0.000149197,0.0,0.0,0.0,innovation-rhodium18b,high,UT,missing,coal_base_conv pul 1986-1990,missing,missing,missing,missing,missing,missing,missing,missing,EJ
3137,0.0,0.0,0.000342011,0.000341989,2.80057e-05,1.43032e-05,1.42506e-05,8.97807e-07,7.18074e-07,innovation-rhodium18b,high,UT,missing,coal_base_conv pul 1991-1995,missing,missing,missing,missing,missing,missing,missing,missing,EJ
3138,0.0,0.0,0.0,0.0,0.0008662889999999999,0.0013288439999999,0.00176574,0.002300486,0.002724956,innovation-rhodium18b,high,UT,missing,coal_base_conv pul_CCS,missing,missing,missing,missing,missing,missing,missing,missing,EJ
3139,0.00703344,0.00836555,0.0,0.0,0.0,0.0,0.0,0.0,0.0,innovation-rhodium18b,high,UT,missing,coal_base_conv pul_retire_2020,missing,missing,missing,missing,missing,missing,missing,missing,EJ
3140,0.0,0.0,0.0,0.0,0.000666767,0.00107448,0.0014266179999999,0.002030408,0.003014075,innovation-rhodium18b,high,UT,missing,coal_int_IGCC_CCS,missing,missing,missing,missing,missing,missing,missing,missing,EJ
3141,0.0507382,0.0734219,0.0,0.0,0.0,0.0,0.0,0.0,0.0,innovation-rhodium18b,high,UT,missing,coal_int_conv pul,missing,missing,missing,missing,missing,missing,missing,missing,EJ
3142,0.0,0.0,0.00772743,0.00772302,0.00336345,0.00255718,0.00258926,0.0005807,0.000262286,innovation-rhodium18b,high,UT,missing,coal_int_conv pul 1971-1975,missing,missing,missing,missing,missing,missing,missing,missing,EJ
3143,0.0,0.0,0.0225271,0.0225234,0.00982695,0.00753164,0.0078948,0.00201931,0.00127725,innovation-rhodium18b,high,UT,missing,coal_int_conv pul 1976-1980,missing,missing,missing,missing,missing,missing,missing,missing,EJ
3144,0.0,0.0,0.00857161,0.00857124,0.00374167,0.00287473,0.00304611,0.000815734,0.000608988,innovation-rhodium18b,high,UT,missing,coal_int_conv pul 1981-1985,missing,missing,missing,missing,missing,missing,missing,missing,EJ
3145,0.0,0.0,0.0345648,0.0323317,0.0109472,0.00419643,0.0,0.0,0.0,innovation-rhodium18b,high,UT,missing,coal_int_conv pul 1986-1990,missing,missing,missing,missing,missing,missing,missing,missing,EJ
3146,0.0,0.0,0.00119805,0.00119805,0.000523111,0.000402303,0.000428166,0.000116914,9.47598e-05,innovation-rhodium18b,high,UT,missing,coal_int_conv pul 1991-1995,missing,missing,missing,missing,missing,missing,missing,missing,EJ
3147,0.0,0.0,0.0,0.0,0.000777956,0.001227235,0.001599641,0.002207405,0.003170501,innovation-rhodium18b,high,UT,missing,coal_int_conv pul_CCS,missing,missing,missing,missing,missing,missing,missing,missing,EJ
3148,0.010419,0.0150771,0.0,0.0,0.0,0.0,0.0,0.0,0.0,innovation-rhodium18b,high,UT,missing,coal_int_conv pul_retire_2020,missing,missing,missing,missing,missing,missing,missing,missing,EJ
3149,0.00137017,0.0,0.0,0.0,0.0,0.0,0.0,0.0,0.0,innovation-rhodium18b,high,UT,missing,coal_peak_conv pul,missing,missing,missing,missing,missing,missing,missing,missing,EJ
3150,0.000281363,0.0,0.0,0.0,0.0,0.0,0.0,0.0,0.0,innovation-rhodium18b,high,UT,missing,coal_peak_conv pul_retire_2020,missing,missing,missing,missing,missing,missing,missing,missing,EJ
3151,0.0096208,0.0,0.0,0.0,0.0,0.0,0.0,0.0,0.0,innovation-rhodium18b,high,UT,missing,coal_subpeak_conv pul,missing,missing,missing,missing,missing,missing,missing,missing,EJ
3152,0.00197562,0.0,0.0,0.0,0.0,0.0,0.0,0.0,0.0,innovation-rhodium18b,high,UT,missing,coal_subpeak_conv pul_retire_2020,missing,missing,missing,missing,missing,missing,missing,missing,EJ
3153,0.0,0.0,0.00626504,0.01117725,0.0092516059999999,0.007794329,0.0078465929999999,0.0030073730999999,0.002368969,innovation-rhodium18b,high,UT,missing,gas_base_CC,missing,missing,missing,missing,missing,missing,missing,missing,EJ
3154,0.0,0.0,0.0,0.0,0.00295919,0.004343796,0.00562951,0.007288332,0.0083373959999999,innovation-rhodium18b,high,UT,missing,gas_base_CC_CCS,missing,missing,missing,missing,missing,missing,missing,missing,EJ
3155,0.0002077063,0.00394221,0.04093134,0.05376809,0.0623365399999999,0.06599507,0.0695345,0.0676989899999999,0.07292583,innovation-rhodium18b,high,UT,missing,gas_int_CC,missing,missing,missing,missing,missing,missing,missing,missing,EJ
3156,0.0,0.0,0.0,0.0,0.00650688,0.01022556,0.01331298,0.01849541,0.02652524,innovation-rhodium18b,high,UT,missing,gas_int_CC_CCS,missing,missing,missing,missing,missing,missing,missing,missing,EJ
3157,5.69976e-06,0.000138804,0.000324583311,0.000295771696,0.00021244631800000004,0.00016737728300000003,0.00013129934700000003,7.276778799999999e-05,4.6492596e-05,innovation-rhodium18b,high,UT,missing,gas_peak_CC,missing,missing,missing,missing,missing,missing,missing,missing,EJ
3158,0.0,0.0,0.0,0.0,1.064875e-07,1.59827e-07,2.108844e-07,2.857679e-07,4.577712e-07,innovation-rhodium18b,high,UT,missing,gas_peak_CC_CCS,missing,missing,missing,missing,missing,missing,missing,missing,EJ
3159,4.19983e-06,4.88014e-05,0.00015041011,0.00013244081,3.5027037e-05,2.416713e-05,1.9147400999999995e-05,7.0952875e-06,4.7474772e-06,innovation-rhodium18b,high,UT,missing,gas_peak_steam/CT,missing,missing,missing,missing,missing,missing,missing,missing,EJ
3160,3.97008e-05,0.00096991,0.0017805843,0.0016533351,0.0013053386,0.00107900235,0.0008871096500000001,0.0006011622299999999,0.00046110138,innovation-rhodium18b,high,UT,missing,gas_subpeak_CC,missing,missing,missing,missing,missing,missing,missing,missing,EJ
3161,0.0,0.0,0.0,0.0,6.4267100000000005e-06,1.0119129999999998e-05,1.365469e-05,2.412452e-05,3.460073e-05,innovation-rhodium18b,high,UT,missing,gas_subpeak_CC_CCS,missing,missing,missing,missing,missing,missing,missing,missing,EJ
3162,2.94006e-05,0.000341203,0.0008993662,0.000817704,0.00029608721,0.00021855599,0.00018629628,0.00010172152,7.939155e-05,innovation-rhodium18b,high,UT,missing,gas_subpeak_steam/CT,missing,missing,missing,missing,missing,missing,missing,missing,EJ
3163,0.000566936,0.000759814,0.002513457,0.003016794,0.004561639,0.005550877,0.006463236,0.006542244,0.007262398,innovation-rhodium18b,high,UT,missing,geo_base,missing,missing,missing,missing,missing,missing,missing,missing,EJ
3164,0.0013012,0.0028842,0.0032985,0.0032935,0.0032899,0.0032903,0.003283,0.0032554,0.0032591,innovation-rhodium18b,high,UT,missing,hydro_base,missing,missing,missing,missing,missing,missing,missing,missing,EJ
3165,0.0004244,0.0,0.0,0.0,0.0,0.0,0.0,0.0,0.0,innovation-rhodium18b,high,UT,missing,hydro_int,missing,missing,missing,missing,missing,missing,missing,missing,EJ
3166,0.0,0.0,7.1713e-06,5.716563e-06,2.242555e-06,1.614197e-06,1.220934e-06,1.934444e-07,1.247944e-07,innovation-rhodium18b,high,UT,missing,refined liquids_base_steam/CT,missing,missing,missing,missing,missing,missing,missing,missing,EJ
3167,0.0001367043,0.0001284004,0.0,0.0,0.0,0.0,0.0,0.0,0.0,innovation-rhodium18b,high,UT,missing,refined liquids_int_steam/CT,missing,missing,missing,missing,missing,missing,missing,missing,EJ
3168,0.0,0.0,0.0,0.0,0.0,0.0,0.0,0.0,0.0,innovation-rhodium18b,high,UT,missing,refined liquids_peak_steam/CT,missing,missing,missing,missing,missing,missing,missing,missing,EJ
3169,3.4200670000000004e-05,3.210028e-05,0.0,0.0,0.0,0.0,0.0,0.0,0.0,innovation-rhodium18b,high,UT,missing,refined liquids_subpeak_steam/CT,missing,missing,missing,missing,missing,missing,missing,missing,EJ
3170,0.0,0.0,0.000149098,0.000874033,0.00187625,0.00303336,0.00418033,0.00387827,0.00458527,innovation-rhodium18b,high,UT,missing,rooftop_pv,missing,missing,missing,missing,missing,missing,missing,missing,EJ
3171,0.0,0.0,0.00512459,0.01152953,0.03218953,0.04338683,0.05237026,0.06624485,0.07444167,innovation-rhodium18b,high,UT,missing,wind_base,missing,missing,missing,missing,missing,missing,missing,missing,EJ
3172,0.0,0.0,6.57435e-05,0.0002003635,0.0006861155,0.0009513555,0.0011636765,0.0015446065,0.001733742,innovation-rhodium18b,high,UT,missing,wind_base_storage,missing,missing,missing,missing,missing,missing,missing,missing,EJ
3173,0.0,0.0,5.4752e-08,1.181505e-07,4.986675e-07,8.620345e-07,1.1410135e-06,1.5025895e-06,1.8772985e-06,innovation-rhodium18b,high,VT,missing,PV_base_storage,missing,missing,missing,missing,missing,missing,missing,missing,EJ
3174,0.0,0.0,0.00054763,0.001106391,0.002392451,0.0030873569999999,0.0037488899999999,0.0048311999999999,0.005106328,innovation-rhodium18b,high,VT,missing,PV_int,missing,missing,missing,missing,missing,missing,missing,missing,EJ
3175,0.0,0.0,1.1874e-08,2.30469e-08,5.18956e-08,6.058271e-08,6.936655e-08,8.868215e-08,9.804885e-08,innovation-rhodium18b,high,VT,missing,PV_peak,missing,missing,missing,missing,missing,missing,missing,missing,EJ
3176,0.0,0.0,0.0002397565,0.0002511427,0.0002734718,0.00028113498000000004,0.00028871014000000006,8.924724e-05,9.140334e-05,innovation-rhodium18b,high,VT,missing,PV_subpeak,missing,missing,missing,missing,missing,missing,missing,missing,EJ
3177,0.0,0.0,3.05333e-07,7.2659367e-07,2.29826783e-06,2.41285791e-06,1.98444483e-06,2.2869774100000003e-06,2.68418948e-06,innovation-rhodium18b,high,VT,missing,biogas_base_CC,missing,missing,missing,missing,missing,missing,missing,missing,EJ
3178,0.0,0.0,0.0,0.0,1.91005e-06,2.271084e-06,2.00375e-06,3.0348289000000004e-06,3.8103757e-06,innovation-rhodium18b,high,VT,missing,biogas_base_CC_CCS,missing,missing,missing,missing,missing,missing,missing,missing,EJ
3179,0.0,0.0,3.04827e-05,3.760726e-05,7.722004e-05,9.211072e-05,0.0001312482,0.0002203885,0.00025373089999999995,innovation-rhodium18b,high,VT,missing,biogas_int_CC,missing,missing,missing,missing,missing,missing,missing,missing,EJ
3180,0.0,0.0,0.0,0.0,3.63354e-05,4.66684e-05,7.3588e-05,0.0001618884,0.0002147887,innovation-rhodium18b,high,VT,missing,biogas_int_CC_CCS,missing,missing,missing,missing,missing,missing,missing,missing,EJ
3181,0.0,0.0,0.0,0.0,0.0,0.0,0.0,0.0,1.04045e-10,innovation-rhodium18b,high,VT,missing,biogas_peak_CC,missing,missing,missing,missing,missing,missing,missing,missing,EJ
3182,0.0,0.0,2.91173e-08,6.231914999999999e-08,2.0735899e-07,1.4878701e-07,2.2140719000000002e-07,6.6399794e-07,6.2418577e-07,innovation-rhodium18b,high,VT,missing,biogas_subpeak_CC,missing,missing,missing,missing,missing,missing,missing,missing,EJ
3183,0.0,0.0,0.0,0.0,5.06155e-08,3.86905e-08,6.11569e-08,2.177793e-07,2.57984e-07,innovation-rhodium18b,high,VT,missing,biogas_subpeak_CC_CCS,missing,missing,missing,missing,missing,missing,missing,missing,EJ
3184,0.0,0.0,1.926944e-08,3.929187e-08,1.2687901700000004e-07,6.7163278e-08,8.6624187e-08,3.31380795e-07,2.1117699100000006e-07,innovation-rhodium18b,high,VT,missing,biogas_subpeak_steam/CT,missing,missing,missing,missing,missing,missing,missing,missing,EJ
3185,0.0,0.0,1.601015e-05,2.892841e-05,6.502657e-05,9.727065e-05,0.00011552903,0.00011656722,0.00013225553,innovation-rhodium18b,high,VT,missing,biomass_base_IGCC,missing,missing,missing,missing,missing,missing,missing,missing,EJ
3186,0.0,0.0,0.0,0.0,6.693810000000001e-05,0.0001566356,0.0002198236,0.0004989187999999999,0.0007953557,innovation-rhodium18b,high,VT,missing,biomass_base_IGCC_CCS,missing,missing,missing,missing,missing,missing,missing,missing,EJ
3187,0.0001225026,0.000730006,0.0002456554,0.0002274776,0.0004292123,0.0004289513,0.0003505754,0.00016944163000000002,0.00015556019,innovation-rhodium18b,high,VT,missing,biomass_base_conv,missing,missing,missing,missing,missing,missing,missing,missing,EJ
3188,0.0,0.0,0.0,0.0,0.000141066,0.000359086,0.000498748,0.00174187,0.002893644,innovation-rhodium18b,high,VT,missing,biomass_base_conv_CCS,missing,missing,missing,missing,missing,missing,missing,missing,EJ
3189,0.0,0.0,1.441739e-05,2.199643e-05,3.1877e-05,3.960528e-05,4.868911000000001e-05,6.5768e-05,7.947550999999999e-05,innovation-rhodium18b,high,VT,missing,biomass_int_IGCC,missing,missing,missing,missing,missing,missing,missing,missing,EJ
3190,0.0,0.0,0.0,0.0,7.1216e-06,1.350774e-05,2.146294e-05,4.293132000000001e-05,6.149397e-05,innovation-rhodium18b,high,VT,missing,biomass_int_IGCC_CCS,missing,missing,missing,missing,missing,missing,missing,missing,EJ
3191,0.0001225025,0.000730004,0.0006138891,0.0005757928,0.0006392558,0.00061973,0.0005567352000000001,0.0004905825,0.0004181781,innovation-rhodium18b,high,VT,missing,biomass_int_conv,missing,missing,missing,missing,missing,missing,missing,missing,EJ
3192,0.0,0.0,0.0,0.0,1.39721e-05,2.68289e-05,4.21679e-05,8.96705e-05,0.0001290754,innovation-rhodium18b,high,VT,missing,biomass_int_conv_CCS,missing,missing,missing,missing,missing,missing,missing,missing,EJ
3193,0.0,0.0,0.0,0.0,4.070569999999999e-06,7.91003e-06,1.134255e-05,1.3545920000000002e-05,1.811156e-05,innovation-rhodium18b,high,VT,missing,coal_base_IGCC_CCS,missing,missing,missing,missing,missing,missing,missing,missing,EJ
3194,0.0,0.0,0.0,0.0,4.15444e-06,7.784330000000001e-06,1.101889e-05,1.211473e-05,1.5952050000000003e-05,innovation-rhodium18b,high,VT,missing,coal_base_conv pul_CCS,missing,missing,missing,missing,missing,missing,missing,missing,EJ
3195,0.0,0.0,0.0,0.0,1.783413e-05,3.2211189999999993e-05,5.09607e-05,8.62219e-05,0.00011631612,innovation-rhodium18b,high,VT,missing,coal_int_IGCC_CCS,missing,missing,missing,missing,missing,missing,missing,missing,EJ
3196,0.0,0.0,0.0,0.0,2.001497e-05,3.526794e-05,5.448687e-05,8.899343e-05,0.0001176352,innovation-rhodium18b,high,VT,missing,coal_int_conv pul_CCS,missing,missing,missing,missing,missing,missing,missing,missing,EJ
3197,0.0,4.2000337e-06,1.13489274e-05,2.93903392e-05,4.13610203e-05,4.99341716e-05,5.76729456e-05,3.032015772e-05,3.437274529e-05,innovation-rhodium18b,high,VT,missing,gas_base_CC,missing,missing,missing,missing,missing,missing,missing,missing,EJ
3198,0.0,0.0,0.0,0.0,1.698521e-05,3.21611e-05,4.45352e-05,5.494711e-05,7.235185999999999e-05,innovation-rhodium18b,high,VT,missing,gas_base_CC_CCS,missing,missing,missing,missing,missing,missing,missing,missing,EJ
3199,0.0001950038,6.900042999999999e-06,0.0004869693503,0.0010049319573,0.0013874668344999,0.0016693083529,0.0020195058484999,0.0024196115426,0.0027467936871,innovation-rhodium18b,high,VT,missing,gas_int_CC,missing,missing,missing,missing,missing,missing,missing,missing,EJ
3200,0.0,0.0,0.0,0.0,0.0001784688,0.0003147575,0.0004851945000000001,0.0007976756,0.0010532273,innovation-rhodium18b,high,VT,missing,gas_int_CC_CCS,missing,missing,missing,missing,missing,missing,missing,missing,EJ
3201,0.0,1.0000667e-07,8.4276727e-08,7.640272e-08,5.6963536e-08,4.9054167000000014e-08,4.0199339e-08,2.7315734e-08,1.9238319e-08,innovation-rhodium18b,high,VT,missing,gas_peak_CC,missing,missing,missing,missing,missing,missing,missing,missing,EJ
3202,0.0,0.0,0.0,0.0,0.0,0.0,0.0,0.0,0.0,innovation-rhodium18b,high,VT,missing,gas_peak_steam/CT,missing,missing,missing,missing,missing,missing,missing,missing,EJ
3203,1.2400301e-05,7.000104000000001e-07,4.9686932e-07,7.858037599999999e-07,1.4201543399999995e-06,1.69793894e-06,2.12132782e-06,3.51004552e-06,4.22934614e-06,innovation-rhodium18b,high,VT,missing,gas_subpeak_CC,missing,missing,missing,missing,missing,missing,missing,missing,EJ
3204,0.0,0.0,0.0,0.0,1.1957979999999998e-07,1.7748623e-07,2.5482901e-07,5.8165788e-07,7.721549199999999e-07,innovation-rhodium18b,high,VT,missing,gas_subpeak_CC_CCS,missing,missing,missing,missing,missing,missing,missing,missing,EJ
3205,9.20022e-06,2.000032e-07,2.765121e-07,4.657173e-07,6.417224700000001e-07,6.5689183e-07,9.3139402e-07,1.4501924900000002e-06,1.5207621799999995e-06,innovation-rhodium18b,high,VT,missing,gas_subpeak_steam/CT,missing,missing,missing,missing,missing,missing,missing,missing,EJ
3206,0.0045748,0.0043738,0.0048894,0.0048819,0.0048766,0.0048773,0.0048664,0.0048255,0.0048309,innovation-rhodium18b,high,VT,missing,hydro_base,missing,missing,missing,missing,missing,missing,missing,missing,EJ
3207,0.0137998,0.0151965,0.0,0.0,0.0,0.0,0.0,0.0,0.0,innovation-rhodium18b,high,VT,missing,nuc_base_Gen II,missing,missing,missing,missing,missing,missing,missing,missing,EJ
3208,1.400031e-06,2.600023e-06,3.137021e-06,2.6378030000000003e-06,1.387936e-06,1.130842e-06,9.00281e-07,1.3970579999999998e-07,1.066392e-07,innovation-rhodium18b,high,VT,missing,refined liquids_base_steam/CT,missing,missing,missing,missing,missing,missing,missing,missing,EJ
3209,1.2300249999999998e-05,2.090016e-05,0.0,0.0,0.0,0.0,0.0,0.0,0.0,innovation-rhodium18b,high,VT,missing,refined liquids_int_steam/CT,missing,missing,missing,missing,missing,missing,missing,missing,EJ
3210,3.000031e-07,0.0,0.0,0.0,0.0,0.0,0.0,0.0,0.0,innovation-rhodium18b,high,VT,missing,refined liquids_peak_steam/CT,missing,missing,missing,missing,missing,missing,missing,missing,EJ
3211,1.700041e-06,2.6000400000000004e-06,0.0,0.0,0.0,0.0,0.0,0.0,0.0,innovation-rhodium18b,high,VT,missing,refined liquids_subpeak_steam/CT,missing,missing,missing,missing,missing,missing,missing,missing,EJ
3212,0.0,0.0,6.80229e-06,4.1864e-05,0.000215536,0.000336805,0.000451465,0.000433566,0.000582385,innovation-rhodium18b,high,VT,missing,rooftop_pv,missing,missing,missing,missing,missing,missing,missing,missing,EJ
3213,0.0,4.16003e-05,0.0012460943,0.0013277727,0.0016762537,0.0020223827,0.0022996947,0.0015196757,0.0019277084,innovation-rhodium18b,high,VT,missing,wind_base,missing,missing,missing,missing,missing,missing,missing,missing,EJ
3214,0.0,0.0,1.45639e-06,3.12549e-06,9.83839e-06,1.627332e-05,2.123547e-05,2.785952e-05,3.4209290000000004e-05,innovation-rhodium18b,high,VT,missing,wind_base_storage,missing,missing,missing,missing,missing,missing,missing,missing,EJ
3215,0.0,0.0,6.05278e-05,7.953720000000001e-05,0.0002275912,0.00033173320000000003,0.0004407722,0.0006008762,0.0006276191,innovation-rhodium18b,high,VA,missing,PV_base_storage,missing,missing,missing,missing,missing,missing,missing,missing,EJ
3216,0.0,0.0,0.0045607,0.00922335,0.0234661499999999,0.03149676,0.0382051,0.0530223,0.0603173,innovation-rhodium18b,high,VA,missing,PV_int,missing,missing,missing,missing,missing,missing,missing,missing,EJ
3217,0.0,0.0,0.000328287,0.000563585,0.0010637609999999,0.0012515959999999,0.0014230899999999,0.0018523189999999,0.002081575,innovation-rhodium18b,high,VA,missing,PV_peak,missing,missing,missing,missing,missing,missing,missing,missing,EJ
3218,0.0,0.0,0.00178813,0.0032579799999999,0.0061940899999999,0.0074505699999999,0.0085989799999999,0.0120625699999999,0.0135562799999999,innovation-rhodium18b,high,VA,missing,PV_subpeak,missing,missing,missing,missing,missing,missing,missing,missing,EJ
3219,0.0,0.0,0.000303923,0.0001981085,0.00082197218,0.00065999638,0.0007137658500000001,0.00091297649,0.0005068809699999999,innovation-rhodium18b,high,VA,missing,biogas_base_CC,missing,missing,missing,missing,missing,missing,missing,missing,EJ
3220,0.0,0.0,0.0,0.0,0.000709109,0.0006662936,0.0007844995,0.0013523168,0.0008724937,innovation-rhodium18b,high,VA,missing,biogas_base_CC_CCS,missing,missing,missing,missing,missing,missing,missing,missing,EJ
3221,0.0,0.0,0.000214217,0.00025144229000000003,0.0005857287999999999,0.0006018549000000001,0.0007779388,0.0017429949,0.0019803237,innovation-rhodium18b,high,VA,missing,biogas_int_CC,missing,missing,missing,missing,missing,missing,missing,missing,EJ
3222,0.0,0.0,0.0,0.0,0.000304644,0.0003552643,0.000513547,0.001508915,0.0021133519999999,innovation-rhodium18b,high,VA,missing,biogas_int_CC_CCS,missing,missing,missing,missing,missing,missing,missing,missing,EJ
3223,0.0,0.0,3.8232e-07,3.2012813e-07,7.463879e-07,4.898844e-07,6.539558e-07,1.7086828e-06,2.5341765e-06,innovation-rhodium18b,high,VA,missing,biogas_peak_CC,missing,missing,missing,missing,missing,missing,missing,missing,EJ
3224,0.0,0.0,0.0,0.0,1.17114e-07,8.03318e-08,1.158672e-07,3.625571000000001e-07,6.205213999999999e-07,innovation-rhodium18b,high,VA,missing,biogas_peak_CC_CCS,missing,missing,missing,missing,missing,missing,missing,missing,EJ
3225,0.0,0.0,3.583985e-07,2.81115813e-07,6.31580895e-07,3.45998936e-07,4.1039625700000005e-07,1.198783383e-06,1.678776887e-06,innovation-rhodium18b,high,VA,missing,biogas_peak_steam/CT,missing,missing,missing,missing,missing,missing,missing,missing,EJ
3226,0.0,0.0,9.6735e-06,9.398657e-06,1.9337195e-05,1.5030232e-05,2.075214e-05,5.979954e-05,7.324869e-05,innovation-rhodium18b,high,VA,missing,biogas_subpeak_CC,missing,missing,missing,missing,missing,missing,missing,missing,EJ
3227,0.0,0.0,0.0,0.0,4.53879e-06,3.753038e-06,5.648532e-06,1.991924e-05,3.010054e-05,innovation-rhodium18b,high,VA,missing,biogas_subpeak_CC_CCS,missing,missing,missing,missing,missing,missing,missing,missing,EJ
3228,0.0,0.0,6.60029e-06,6.01317794e-06,1.2024217310000002e-05,7.605972899999999e-06,9.0898533e-06,3.10186748e-05,3.237550569999999e-05,innovation-rhodium18b,high,VA,missing,biogas_subpeak_steam/CT,missing,missing,missing,missing,missing,missing,missing,missing,EJ
3229,0.0,0.0,0.00015029100000000002,0.0001347946,0.0003888725,0.0005571768,0.0007307438999999999,0.0009494461,0.0008715483899999996,innovation-rhodium18b,high,VA,missing,biomass_base_IGCC,missing,missing,missing,missing,missing,missing,missing,missing,EJ
3230,0.0,0.0,0.0,0.0,0.000452674,0.001041448,0.0017469879999999,0.0070576719999999,0.010432923,innovation-rhodium18b,high,VA,missing,biomass_base_IGCC_CCS,missing,missing,missing,missing,missing,missing,missing,missing,EJ
3231,0.000829853,0.001897314,0.0007653229999999999,0.0005956369,0.0022467035,0.0021203218,0.0017819963999999,0.0011833704,0.0008421016,innovation-rhodium18b,high,VA,missing,biomass_base_conv,missing,missing,missing,missing,missing,missing,missing,missing,EJ
3232,0.0,0.0,0.0,0.0,0.00105699,0.00271123,0.0045109999999999,0.04037411,0.06098306,innovation-rhodium18b,high,VA,missing,biomass_base_conv_CCS,missing,missing,missing,missing,missing,missing,missing,missing,EJ
3233,0.0,0.0,0.0001013267,0.000142991,0.0002263641,0.00028939319999999995,0.0003538457,0.0005293316000000001,0.0006745714,innovation-rhodium18b,high,VA,missing,biomass_int_IGCC,missing,missing,missing,missing,missing,missing,missing,missing,EJ
3234,0.0,0.0,0.0,0.0,6.03833e-05,0.000115462,0.00017668589999999995,0.0004171497,0.0006406992000000001,innovation-rhodium18b,high,VA,missing,biomass_int_IGCC_CCS,missing,missing,missing,missing,missing,missing,missing,missing,EJ
3235,0.000829848,0.001897313,0.002005938,0.001907756,0.0027310889999999,0.002855489,0.002622214,0.002502892,0.002292724,innovation-rhodium18b,high,VA,missing,biomass_int_conv,missing,missing,missing,missing,missing,missing,missing,missing,EJ
3236,0.0,0.0,0.0,0.0,0.000121031,0.000234929,0.000356376,0.000913736,0.00141502,innovation-rhodium18b,high,VA,missing,biomass_int_conv_CCS,missing,missing,missing,missing,missing,missing,missing,missing,EJ
3237,0.0,0.0,0.0,0.0,0.001754349,0.003051161,0.004635119,0.006602788,0.007764585,innovation-rhodium18b,high,VA,missing,coal_base_IGCC_CCS,missing,missing,missing,missing,missing,missing,missing,missing,EJ
3238,0.02063652,0.0393576,0.0,0.0,0.0,0.0,0.0,0.0,0.0,innovation-rhodium18b,high,VA,missing,coal_base_conv pul,missing,missing,missing,missing,missing,missing,missing,missing,EJ
3239,0.0,0.0,0.0,0.0,0.0,0.0,0.0,0.0,0.0,innovation-rhodium18b,high,VA,missing,coal_base_conv pul 1951-1955,missing,missing,missing,missing,missing,missing,missing,missing,EJ
3240,0.0,0.0,0.0,0.0,0.0,0.0,0.0,0.0,0.0,innovation-rhodium18b,high,VA,missing,coal_base_conv pul 1956-1960,missing,missing,missing,missing,missing,missing,missing,missing,EJ
3241,0.0,0.0,0.00237663,0.00235643,0.00048726,0.000229235,0.0001353501,0.0,0.0,innovation-rhodium18b,high,VA,missing,coal_base_conv pul 1961-1965,missing,missing,missing,missing,missing,missing,missing,missing,EJ
3242,0.0,0.0,0.00388872,0.00388137,0.000826175,0.000436176,0.00036143,1.185934e-05,0.0,innovation-rhodium18b,high,VA,missing,coal_base_conv pul 1966-1970,missing,missing,missing,missing,missing,missing,missing,missing,EJ
3243,0.0,0.0,0.0008163269999999999,0.0006330369999999999,0.0,0.0,0.0,0.0,0.0,innovation-rhodium18b,high,VA,missing,coal_base_conv pul 1986-1990,missing,missing,missing,missing,missing,missing,missing,missing,EJ
3244,0.0,0.0,0.00552214,0.00552102,0.001184051,0.000645973,0.000610774,2.99924e-05,1.627105e-05,innovation-rhodium18b,high,VA,missing,coal_base_conv pul 1991-1995,missing,missing,missing,missing,missing,missing,missing,missing,EJ
3245,0.0,0.0,0.00688769,0.00688789,0.001478743,0.0008105289999999999,0.000782396,4.19451e-05,3.12891e-05,innovation-rhodium18b,high,VA,missing,coal_base_conv pul 1996-2000,missing,missing,missing,missing,missing,missing,missing,missing,EJ
3246,0.0,0.0,0.01030599,0.0103063099999999,0.00221265,0.001212847,0.0011709519999999,6.28242e-05,4.70259e-05,innovation-rhodium18b,high,VA,missing,coal_base_conv pul 2011-2015,missing,missing,missing,missing,missing,missing,missing,missing,EJ
3247,0.0,0.0,0.0,0.0,0.00189933,0.003239115,0.0048419479999999,0.006650148,0.007706918,innovation-rhodium18b,high,VA,missing,coal_base_conv pul_CCS,missing,missing,missing,missing,missing,missing,missing,missing,EJ
3248,0.01778357,0.0339166,0.0,0.0,0.0,0.0,0.0,0.0,0.0,innovation-rhodium18b,high,VA,missing,coal_base_conv pul_retire_2020,missing,missing,missing,missing,missing,missing,missing,missing,EJ
3249,0.0,0.0,0.0,0.0,0.0001490096,0.0002723048,0.0004165706000000001,0.0008068162,0.0011668701,innovation-rhodium18b,high,VA,missing,coal_int_IGCC_CCS,missing,missing,missing,missing,missing,missing,missing,missing,EJ
3250,0.0238415,0.0339706,0.0,0.0,0.0,0.0,0.0,0.0,0.0,innovation-rhodium18b,high,VA,missing,coal_int_conv pul,missing,missing,missing,missing,missing,missing,missing,missing,EJ
3251,0.0,0.0,0.0,0.0,0.0,0.0,0.0,0.0,0.0,innovation-rhodium18b,high,VA,missing,coal_int_conv pul 1951-1955,missing,missing,missing,missing,missing,missing,missing,missing,EJ
3252,0.0,0.0,0.0,0.0,0.0,0.0,0.0,0.0,0.0,innovation-rhodium18b,high,VA,missing,coal_int_conv pul 1956-1960,missing,missing,missing,missing,missing,missing,missing,missing,EJ
3253,0.0,0.0,0.000351268,0.000348269,0.0001200824,9.40396e-05,7.43661e-05,0.0,0.0,innovation-rhodium18b,high,VA,missing,coal_int_conv pul 1961-1965,missing,missing,missing,missing,missing,missing,missing,missing,EJ
3254,0.0,0.0,0.000574753,0.00057365,0.0002036057,0.0001789331,0.0001985822,4.40791e-05,0.0,innovation-rhodium18b,high,VA,missing,coal_int_conv pul 1966-1970,missing,missing,missing,missing,missing,missing,missing,missing,EJ
3255,0.0,0.0,0.0001206535,9.35603e-05,0.0,0.0,0.0,0.0,0.0,innovation-rhodium18b,high,VA,missing,coal_int_conv pul 1986-1990,missing,missing,missing,missing,missing,missing,missing,missing,EJ
3256,0.0,0.0,0.0008161749999999999,0.0008159829999999999,0.000291802,0.000264998,0.000335581,0.0001114767,7.92317e-05,innovation-rhodium18b,high,VA,missing,coal_int_conv pul 1991-1995,missing,missing,missing,missing,missing,missing,missing,missing,EJ
3257,0.0,0.0,0.001018003,0.001018002,0.000364427,0.000332505,0.000429876,0.0001559023,0.00015236219999999998,innovation-rhodium18b,high,VA,missing,coal_int_conv pul 1996-2000,missing,missing,missing,missing,missing,missing,missing,missing,EJ
3258,0.0,0.0,0.001523229,0.00152323,0.000545296,0.000497547,0.000643362,0.000233507,0.000228992,innovation-rhodium18b,high,VA,missing,coal_int_conv pul 2011-2015,missing,missing,missing,missing,missing,missing,missing,missing,EJ
3259,0.0,0.0,0.0,0.0,0.0001727894,0.0003078908,0.0004597282,0.0008513528,0.0012025860999999,innovation-rhodium18b,high,VA,missing,coal_int_conv pul_CCS,missing,missing,missing,missing,missing,missing,missing,missing,EJ
3260,0.02054557,0.0292743,0.0,0.0,0.0,0.0,0.0,0.0,0.0,innovation-rhodium18b,high,VA,missing,coal_int_conv pul_retire_2020,missing,missing,missing,missing,missing,missing,missing,missing,EJ
3261,0.0001877919,0.0,0.0,0.0,0.0,0.0,0.0,0.0,0.0,innovation-rhodium18b,high,VA,missing,coal_peak_conv pul,missing,missing,missing,missing,missing,missing,missing,missing,EJ
3262,0.0001618304,0.0,0.0,0.0,0.0,0.0,0.0,0.0,0.0,innovation-rhodium18b,high,VA,missing,coal_peak_conv pul_retire_2020,missing,missing,missing,missing,missing,missing,missing,missing,EJ
3263,0.001395702,0.0,0.0,0.0,0.0,0.0,0.0,0.0,0.0,innovation-rhodium18b,high,VA,missing,coal_subpeak_conv pul,missing,missing,missing,missing,missing,missing,missing,missing,EJ
3264,0.001202752,0.0,0.0,0.0,0.0,0.0,0.0,0.0,0.0,innovation-rhodium18b,high,VA,missing,coal_subpeak_conv pul_retire_2020,missing,missing,missing,missing,missing,missing,missing,missing,EJ
3265,0.0,0.0,0.01837209,0.02504063,0.0299389579999999,0.031197415,0.0344096049999999,0.017128615,0.0137453029999999,innovation-rhodium18b,high,VA,missing,gas_base_CC,missing,missing,missing,missing,missing,missing,missing,missing,EJ
3266,0.0,0.0,0.0,0.0,0.00814275,0.01381376,0.02025273,0.0287638,0.03310934,innovation-rhodium18b,high,VA,missing,gas_base_CC_CCS,missing,missing,missing,missing,missing,missing,missing,missing,EJ
3267,0.002037816,0.019337,0.09726867,0.09583236,0.08031706,0.07286647,0.06648337,0.057097546,0.052540141,innovation-rhodium18b,high,VA,missing,gas_int_CC,missing,missing,missing,missing,missing,missing,missing,missing,EJ
3268,0.0,0.0,0.0,0.0,0.0016167349999999,0.002874507,0.004283988,0.007978918,0.0112282989999999,innovation-rhodium18b,high,VA,missing,gas_int_CC_CCS,missing,missing,missing,missing,missing,missing,missing,missing,EJ
3269,7.9705e-05,0.000974097,0.0009671137,0.000881618406,0.0006683859110000001,0.0005607327229999999,0.0004608942499999999,0.0003123906699999999,0.000223197897,innovation-rhodium18b,high,VA,missing,gas_peak_CC,missing,missing,missing,missing,missing,missing,missing,missing,EJ
3270,0.0,0.0,0.0,0.0,1.969398e-07,3.006574e-07,4.295423e-07,8.325234e-07,1.4162694e-06,innovation-rhodium18b,high,VA,missing,gas_peak_CC_CCS,missing,missing,missing,missing,missing,missing,missing,missing,EJ
3271,5.90038e-05,0.0003426,0.00048739042,0.00042994214,0.000132401037,0.000116295064,0.00011952960600000002,5.6732902e-05,4.0920657e-05,innovation-rhodium18b,high,VA,missing,gas_peak_steam/CT,missing,missing,missing,missing,missing,missing,missing,missing,EJ
3272,0.000530531,0.00648323,0.0066690583,0.0061542158999999,0.0049297172,0.0042002071,0.0034998456,0.0026221434,0.0020792311999999,innovation-rhodium18b,high,VA,missing,gas_subpeak_CC,missing,missing,missing,missing,missing,missing,missing,missing,EJ
3273,0.0,0.0,0.0,0.0,1.045101e-05,1.6730320000000003e-05,2.4473410000000003e-05,5.31775e-05,8.336386000000001e-05,innovation-rhodium18b,high,VA,missing,gas_subpeak_CC_CCS,missing,missing,missing,missing,missing,missing,missing,missing,EJ
3274,0.000393024,0.002280406,0.0034531109,0.0031030819,0.0011788257,0.001055725,0.00107915576,0.00060265967,0.00047812368,innovation-rhodium18b,high,VA,missing,gas_subpeak_steam/CT,missing,missing,missing,missing,missing,missing,missing,missing,EJ
3275,0.004444,0.0054088,0.0049174,0.0049099,0.0049045,0.0049052,0.0048942,0.0048532,0.0048586,innovation-rhodium18b,high,VA,missing,hydro_base,missing,missing,missing,missing,missing,missing,missing,missing,EJ
3276,0.0909035,0.104201,0.105208,0.105187,0.103822,0.0564525,0.0,0.0,0.0,innovation-rhodium18b,high,VA,missing,nuc_base_Gen II,missing,missing,missing,missing,missing,missing,missing,missing,EJ
3277,0.0,0.0,0.0,0.0,0.01028992,0.01755715,0.02523707,0.03661749,0.0428757399999999,innovation-rhodium18b,high,VA,missing,nuc_base_Gen III,missing,missing,missing,missing,missing,missing,missing,missing,EJ
3278,0.0,0.0,0.0006989380000000001,0.0006158579999999999,0.0006386709999999999,0.00045763,0.000338047,4.33333e-05,2.59117e-05,innovation-rhodium18b,high,VA,missing,refined liquids_base_steam/CT,missing,missing,missing,missing,missing,missing,missing,missing,EJ
3279,0.00339829,0.0126521599999999,0.0,0.0,0.0,0.0,0.0,0.0,0.0,innovation-rhodium18b,high,VA,missing,refined liquids_int_steam/CT,missing,missing,missing,missing,missing,missing,missing,missing,EJ
3280,0.0,0.0,0.0,0.0,0.0,0.0,0.0,0.0,0.0,innovation-rhodium18b,high,VA,missing,refined liquids_peak_steam/CT,missing,missing,missing,missing,missing,missing,missing,missing,EJ
3281,0.000849551,0.00316302,0.0,0.0,0.0,0.0,0.0,0.0,0.0,innovation-rhodium18b,high,VA,missing,refined liquids_subpeak_steam/CT,missing,missing,missing,missing,missing,missing,missing,missing,EJ
3282,0.0,0.0,0.000231426,0.00168702,0.00914311,0.0116768,0.0146489,0.0124124,0.0152035,innovation-rhodium18b,high,VA,missing,rooftop_pv,missing,missing,missing,missing,missing,missing,missing,missing,EJ
3283,0.0,0.0,0.00384655,0.00576766,0.0154730499999999,0.0221949499999999,0.0290636,0.0384472,0.03998088,innovation-rhodium18b,high,VA,missing,wind_base,missing,missing,missing,missing,missing,missing,missing,missing,EJ
3284,0.0,0.0,0.0,0.000378591,0.006774711,0.012802591,0.0207574609999999,0.034288461,0.04273683,innovation-rhodium18b,high,VA,missing,wind_base_offshore,missing,missing,missing,missing,missing,missing,missing,missing,EJ
3285,0.0,0.0,0.000171827,0.000249163,0.000671121,0.000961804,0.001264469,0.001705684,0.001779772,innovation-rhodium18b,high,VA,missing,wind_base_storage,missing,missing,missing,missing,missing,missing,missing,missing,EJ
3286,0.0,0.0,0.000225951,0.00045018,0.001052915,0.001378858,0.001639245,0.0021360069999999,0.0022421819999999,innovation-rhodium18b,high,WA,missing,CSP_base_storage,missing,missing,missing,missing,missing,missing,missing,missing,EJ
3287,0.0,0.0,0.000278534,0.000499396,0.001391454,0.001916244,0.002351622,0.003053044,0.003887486,innovation-rhodium18b,high,WA,missing,CSP_int,missing,missing,missing,missing,missing,missing,missing,missing,EJ
3288,0.0,0.0,2.0765e-05,3.21528e-05,7.076399999999999e-05,9.06282e-05,0.00010891636,0.00013403215999999998,0.00017165895999999995,innovation-rhodium18b,high,WA,missing,CSP_peak,missing,missing,missing,missing,missing,missing,missing,missing,EJ
3289,3.30006e-06,3.00002e-06,0.00011706234,0.00018469694,0.00040520294,0.00053377894,0.00065434894,0.0009787132,0.0012320006,innovation-rhodium18b,high,WA,missing,CSP_subpeak,missing,missing,missing,missing,missing,missing,missing,missing,EJ
3290,0.0,0.0,2.95766e-05,6.15425e-05,0.0001506259,0.0001999709,0.000240027,0.0003172583,0.0003396796,innovation-rhodium18b,high,WA,missing,PV_base_storage,missing,missing,missing,missing,missing,missing,missing,missing,EJ
3291,0.0,0.0,0.00175245,0.00305995,0.0056945699999999,0.00703645,0.00809675,0.00971891,0.01046641,innovation-rhodium18b,high,WA,missing,PV_int,missing,missing,missing,missing,missing,missing,missing,missing,EJ
3292,0.0,0.0,0.000130646,0.0001980618,0.0003120968,0.0003628893,0.0004074275,0.0004655122,0.0004660252,innovation-rhodium18b,high,WA,missing,PV_peak,missing,missing,missing,missing,missing,missing,missing,missing,EJ
3293,0.0,0.0,0.00062802895,0.00102842595,0.00167967495,0.00200844195,0.00230207295,0.0030898849999999,0.003257249,innovation-rhodium18b,high,WA,missing,PV_subpeak,missing,missing,missing,missing,missing,missing,missing,missing,EJ
3294,0.0,0.0,0.000188767,0.00042717859,0.00063065159,0.00038258496,0.00031929936,0.0005636147560000001,0.000375889577,innovation-rhodium18b,high,WA,missing,biogas_base_CC,missing,missing,missing,missing,missing,missing,missing,missing,EJ
3295,0.0,0.0,0.0,0.0,0.000552343,0.0003809644,0.00033805453,0.00079942917,0.00057969935,innovation-rhodium18b,high,WA,missing,biogas_base_CC_CCS,missing,missing,missing,missing,missing,missing,missing,missing,EJ
3296,0.0,0.0,0.000126694,0.00013740047,0.0003501439,0.0002716309,0.00026051190000000004,0.0003962298,0.0005434414,innovation-rhodium18b,high,WA,missing,biogas_int_CC,missing,missing,missing,missing,missing,missing,missing,missing,EJ
3297,0.0,0.0,0.0,0.0,0.000184158,0.0001626383,0.0001751921,0.0003749371,0.0005775243,innovation-rhodium18b,high,WA,missing,biogas_int_CC_CCS,missing,missing,missing,missing,missing,missing,missing,missing,EJ
3298,0.0,0.0,2.41464e-07,1.8240993e-07,5.6320683e-07,3.3273403e-07,3.1717723e-07,4.4475891e-07,9.0517783e-07,innovation-rhodium18b,high,WA,missing,biogas_peak_CC,missing,missing,missing,missing,missing,missing,missing,missing,EJ
3299,0.0,0.0,0.0,0.0,9.01509e-08,5.581046e-08,5.686347e-08,9.98817e-08,2.0002581000000002e-07,innovation-rhodium18b,high,WA,missing,biogas_peak_CC_CCS,missing,missing,missing,missing,missing,missing,missing,missing,EJ
3300,0.0,0.0,2.246932e-07,1.6026926e-07,4.78175156e-07,2.53638051e-07,2.2758601300000003e-07,3.18053263e-07,6.929558310000002e-07,innovation-rhodium18b,high,WA,missing,biogas_peak_steam/CT,missing,missing,missing,missing,missing,missing,missing,missing,EJ
3301,0.0,0.0,5.25759e-06,4.99027e-06,1.3941932e-05,9.591072e-06,9.455567e-06,2.4058153e-05,2.4652776e-05,innovation-rhodium18b,high,WA,missing,biogas_subpeak_CC,missing,missing,missing,missing,missing,missing,missing,missing,EJ
3302,0.0,0.0,0.0,0.0,3.36633e-06,2.494485e-06,2.674719e-06,8.211399e-06,9.955402e-06,innovation-rhodium18b,high,WA,missing,biogas_subpeak_CC_CCS,missing,missing,missing,missing,missing,missing,missing,missing,EJ
3303,0.0,0.0,3.558906e-06,3.21176878e-06,8.7424277e-06,5.309956710000001e-06,4.853731370000001e-06,1.355801839e-05,1.326726679e-05,innovation-rhodium18b,high,WA,missing,biogas_subpeak_steam/CT,missing,missing,missing,missing,missing,missing,missing,missing,EJ
3304,0.0,0.0,8.860359999999999e-05,0.000165227,0.0003077455,0.0003776041,0.0004088552,0.0005089485,0.00045461575,innovation-rhodium18b,high,WA,missing,biomass_base_IGCC,missing,missing,missing,missing,missing,missing,missing,missing,EJ
3305,0.0,0.0,0.0,0.0,0.000354897,0.0007248949999999999,0.001072274,0.004552245,0.0072891979999999,innovation-rhodium18b,high,WA,missing,biomass_base_IGCC_CCS,missing,missing,missing,missing,missing,missing,missing,missing,EJ
3306,0.0004646296,0.0015372229999999,0.0002914358,0.00033113855,0.0005801108000000001,0.0005806403999999998,0.0005047062499999999,0.00055199407,0.00041660682000000006,innovation-rhodium18b,high,WA,missing,biomass_base_conv,missing,missing,missing,missing,missing,missing,missing,missing,EJ
3307,0.0,0.0,0.0,0.0,0.0008218100000000001,0.0018556869999999,0.002734492,0.0265196129999999,0.043315494,innovation-rhodium18b,high,WA,missing,biomass_base_conv_CCS,missing,missing,missing,missing,missing,missing,missing,missing,EJ
3308,0.0,0.0,4.24969e-05,5.933968e-05,9.642894e-05,0.0001172123,0.00013250875999999998,0.00015963731999999998,0.00019980274,innovation-rhodium18b,high,WA,missing,biomass_int_IGCC,missing,missing,missing,missing,missing,missing,missing,missing,EJ
3309,0.0,0.0,0.0,0.0,2.717823e-05,4.616268e-05,6.250415e-05,0.00010345827000000002,0.00017215766,innovation-rhodium18b,high,WA,missing,biomass_int_IGCC_CCS,missing,missing,missing,missing,missing,missing,missing,missing,EJ
3310,0.0004646144,0.0015372089999999,0.0005469868,0.0005521978,0.0007844891800000001,0.00078100831,0.0006738784,0.0005891770399999999,0.0005262108799999999,innovation-rhodium18b,high,WA,missing,biomass_int_conv,missing,missing,missing,missing,missing,missing,missing,missing,EJ
3311,0.0,0.0,0.0,0.0,5.37017e-05,9.240355e-05,0.00012432867,0.0002179538,0.00036972977,innovation-rhodium18b,high,WA,missing,biomass_int_conv_CCS,missing,missing,missing,missing,missing,missing,missing,missing,EJ
3312,0.0,0.0,0.0,0.0,0.001592788,0.002504671,0.003387567,0.004743542,0.005782634,innovation-rhodium18b,high,WA,missing,coal_base_IGCC_CCS,missing,missing,missing,missing,missing,missing,missing,missing,EJ
3313,0.010445968,0.014645865,0.0,0.0,0.0,0.0,0.0,0.0,0.0,innovation-rhodium18b,high,WA,missing,coal_base_conv pul,missing,missing,missing,missing,missing,missing,missing,missing,EJ
3314,0.0,0.0,0.002993105,0.0,0.0,0.0,0.0,0.0,0.0,innovation-rhodium18b,high,WA,missing,coal_base_conv pul 1971-1975,missing,missing,missing,missing,missing,missing,missing,missing,EJ
3315,0.0,0.0,0.0,0.0,0.00174975,0.002696366,0.003601663,0.004820143,0.005774968,innovation-rhodium18b,high,WA,missing,coal_base_conv pul_CCS,missing,missing,missing,missing,missing,missing,missing,missing,EJ
3316,0.0,0.0,0.0,0.0,9.79795e-05,0.0001584995,0.0002119497,0.0003016358,0.00044753799999999993,innovation-rhodium18b,high,WA,missing,coal_int_IGCC_CCS,missing,missing,missing,missing,missing,missing,missing,missing,EJ
3317,0.015474171,0.0263961799999999,0.0,0.0,0.0,0.0,0.0,0.0,0.0,innovation-rhodium18b,high,WA,missing,coal_int_conv pul,missing,missing,missing,missing,missing,missing,missing,missing,EJ
3318,0.0,0.0,0.010484825,0.0,0.0,0.0,0.0,0.0,0.0,innovation-rhodium18b,high,WA,missing,coal_int_conv pul 1971-1975,missing,missing,missing,missing,missing,missing,missing,missing,EJ
3319,0.0,0.0,0.0,0.0,0.0001144347,0.0001811735,0.0002377227,0.00032802160000000005,0.0004708742000000001,innovation-rhodium18b,high,WA,missing,coal_int_conv pul_CCS,missing,missing,missing,missing,missing,missing,missing,missing,EJ
3320,0.0004178833,0.0,0.0,0.0,0.0,0.0,0.0,0.0,0.0,innovation-rhodium18b,high,WA,missing,coal_peak_conv pul,missing,missing,missing,missing,missing,missing,missing,missing,EJ
3321,0.00293416,0.0,0.0,0.0,0.0,0.0,0.0,0.0,0.0,innovation-rhodium18b,high,WA,missing,coal_subpeak_conv pul,missing,missing,missing,missing,missing,missing,missing,missing,EJ
3322,0.0,0.0,0.0143792399999999,0.028984119,0.023581894,0.0200602669999999,0.0201895809999999,0.007592577,0.0060501691999999,innovation-rhodium18b,high,WA,missing,gas_base_CC,missing,missing,missing,missing,missing,missing,missing,missing,EJ
3323,0.0,0.0,0.0,0.0,0.0061662819999999,0.00912519,0.0118975089999999,0.015941673,0.018483045,innovation-rhodium18b,high,WA,missing,gas_base_CC_CCS,missing,missing,missing,missing,missing,missing,missing,missing,EJ
3324,4.380131e-05,0.02077163,0.03613421,0.036983848,0.032093649,0.029042922,0.0265137329999999,0.0213085529999999,0.0196138299999999,innovation-rhodium18b,high,WA,missing,gas_int_CC,missing,missing,missing,missing,missing,missing,missing,missing,EJ
3325,0.0,0.0,0.0,0.0,0.000998407,0.0015751729,0.0020648272999999,0.0028672047999999,0.0041089658,innovation-rhodium18b,high,WA,missing,gas_int_CC_CCS,missing,missing,missing,missing,missing,missing,missing,missing,EJ
3326,1.19995e-06,0.00073122,0.000574194049,0.0005231470679999999,0.000375642574,0.000295876032,0.000231987693,0.00012848544529999996,8.191412079999998e-05,innovation-rhodium18b,high,WA,missing,gas_peak_CC,missing,missing,missing,missing,missing,missing,missing,missing,EJ
3327,0.0,0.0,0.0,0.0,1.599352e-07,2.401327e-07,3.170897e-07,4.306533e-07,6.923540000000001e-07,innovation-rhodium18b,high,WA,missing,gas_peak_CC_CCS,missing,missing,missing,missing,missing,missing,missing,missing,EJ
3328,8.999630200000001e-07,0.00025720739,0.0002656605931,0.0002337774575,6.152502976000001e-05,4.2401376806000006e-05,3.349396224999999e-05,1.2261116224e-05,7.950976483000001e-06,innovation-rhodium18b,high,WA,missing,gas_peak_steam/CT,missing,missing,missing,missing,missing,missing,missing,missing,EJ
3329,8.40016e-06,0.0051104539999999,0.0031293666,0.00289441522,0.00226711766,0.00186134402,0.0015148918,0.0010027050899999,0.0007476893500000001,innovation-rhodium18b,high,WA,missing,gas_subpeak_CC,missing,missing,missing,missing,missing,missing,missing,missing,EJ
3330,0.0,0.0,0.0,0.0,8.077730000000001e-06,1.2735684e-05,1.7230423e-05,3.073437300000001e-05,4.4306632e-05,innovation-rhodium18b,high,WA,missing,gas_subpeak_CC_CCS,missing,missing,missing,missing,missing,missing,missing,missing,EJ
3331,6.2001272e-06,0.00179751704,0.0015624562219999,0.0014084471499999,0.0004929965859,0.0003597227739999999,0.00030028593490000004,0.00015067737130000002,0.00011157729110000004,innovation-rhodium18b,high,WA,missing,gas_subpeak_steam/CT,missing,missing,missing,missing,missing,missing,missing,missing,EJ
3332,0.0,0.0,0.000345725,0.000753439,0.001854799,0.002625693,0.0033764949999999,0.004784924,0.0054578859999999,innovation-rhodium18b,high,WA,missing,geo_base,missing,missing,missing,missing,missing,missing,missing,missing,EJ
3333,0.223132,0.264801,0.314966,0.314482,0.314139,0.314186,0.313482,0.310853,0.311199,innovation-rhodium18b,high,WA,missing,hydro_base,missing,missing,missing,missing,missing,missing,missing,missing,EJ
3334,0.0727769,0.0,0.0,0.0,0.0,0.0,0.0,0.0,0.0,innovation-rhodium18b,high,WA,missing,hydro_int,missing,missing,missing,missing,missing,missing,missing,missing,EJ
3335,0.0219129,0.0307632,0.0305982,0.0305981,0.0305983,0.0305983,0.0305982,0.0,0.0,innovation-rhodium18b,high,WA,missing,nuc_base_Gen II,missing,missing,missing,missing,missing,missing,missing,missing,EJ
3336,0.0,0.0,0.0,0.0,0.0084912,0.01323338,0.01712949,0.02472452,0.0298896,innovation-rhodium18b,high,WA,missing,nuc_base_Gen III,missing,missing,missing,missing,missing,missing,missing,missing,EJ
3337,0.0,0.0,4.5429567e-06,3.6224232e-06,1.4207774e-06,1.0230844000000002e-06,7.7422754e-07,1.2271089e-07,7.921649799999999e-08,innovation-rhodium18b,high,WA,missing,refined liquids_base_steam/CT,missing,missing,missing,missing,missing,missing,missing,missing,EJ
3338,5.0901649e-05,3.6000154e-05,0.0,0.0,0.0,0.0,0.0,0.0,0.0,innovation-rhodium18b,high,WA,missing,refined liquids_int_steam/CT,missing,missing,missing,missing,missing,missing,missing,missing,EJ
3339,0.0,0.0,0.0,0.0,0.0,0.0,0.0,0.0,0.0,innovation-rhodium18b,high,WA,missing,refined liquids_peak_steam/CT,missing,missing,missing,missing,missing,missing,missing,missing,EJ
3340,1.2700255e-05,9.0000792e-06,0.0,0.0,0.0,0.0,0.0,0.0,0.0,innovation-rhodium18b,high,WA,missing,refined liquids_subpeak_steam/CT,missing,missing,missing,missing,missing,missing,missing,missing,EJ
3341,0.0,0.0,8.14681e-05,0.000360821,0.000892218,0.00145093,0.00200575,0.00201,0.00244982,innovation-rhodium18b,high,WA,missing,rooftop_pv,missing,missing,missing,missing,missing,missing,missing,missing,EJ
3342,0.0,0.00180153,0.0346689,0.0481979,0.0736737,0.0874904,0.0985837,0.0951125999999999,0.1015331999999999,innovation-rhodium18b,high,WA,missing,wind_base,missing,missing,missing,missing,missing,missing,missing,missing,EJ
3343,0.0,0.0,0.0,0.000930944,0.005531904,0.008639104,0.011634774,0.018262064,0.02240847,innovation-rhodium18b,high,WA,missing,wind_base_offshore,missing,missing,missing,missing,missing,missing,missing,missing,EJ
3344,0.0,0.0,0.000234306,0.0005528639999999999,0.001187589,0.001528851,0.001799572,0.002321875,0.002435307,innovation-rhodium18b,high,WA,missing,wind_base_storage,missing,missing,missing,missing,missing,missing,missing,missing,EJ
3345,0.0,0.0,4.43155e-05,5.9587e-05,0.000252394,0.0003166751,0.0003657955,0.0004640704,0.00047992240000000006,innovation-rhodium18b,high,WV,missing,PV_base_storage,missing,missing,missing,missing,missing,missing,missing,missing,EJ
3346,0.0,0.0,0.00857832,0.0137255,0.0344958,0.044537,0.05212603,0.07259133,0.08090871,innovation-rhodium18b,high,WV,missing,PV_int,missing,missing,missing,missing,missing,missing,missing,missing,EJ
3347,0.0,0.0,0.000109474,0.00013645900000000002,0.0002109883,0.0002222594,0.000246895,0.0002963728,0.0003346568,innovation-rhodium18b,high,WV,missing,PV_peak,missing,missing,missing,missing,missing,missing,missing,missing,EJ
3348,0.0,0.0,0.000167955,0.00030987,0.0005567409999999999,0.0006920959999999999,0.0008556949999999998,0.0012262089999999,0.001441429,innovation-rhodium18b,high,WV,missing,PV_subpeak,missing,missing,missing,missing,missing,missing,missing,missing,EJ
3349,0.0,0.0,0.000288449,0.000205591762,0.0013623847199999,0.00054370206,0.00044474843,0.00071791143,0.000437510481,innovation-rhodium18b,high,WV,missing,biogas_base_CC,missing,missing,missing,missing,missing,missing,missing,missing,EJ
3350,0.0,0.0,0.0,0.0,0.00120358,0.0005663876,0.0005044172,0.001045697,0.0007039749,innovation-rhodium18b,high,WV,missing,biogas_base_CC_CCS,missing,missing,missing,missing,missing,missing,missing,missing,EJ
3351,0.0,0.0,0.000538577,0.0003849473,0.0012862971,0.0012897698,0.0014595753,0.003630885,0.004139521,innovation-rhodium18b,high,WV,missing,biogas_int_CC,missing,missing,missing,missing,missing,missing,missing,missing,EJ
3352,0.0,0.0,0.0,0.0,0.000646784,0.000741976,0.000946721,0.002957838,0.004146433,innovation-rhodium18b,high,WV,missing,biogas_int_CC_CCS,missing,missing,missing,missing,missing,missing,missing,missing,EJ
3353,0.0,0.0,1.75847e-07,5.697262e-08,1.7706443e-07,8.841693999999998e-08,1.5669371e-07,3.5780717e-07,8.7035765e-07,innovation-rhodium18b,high,WV,missing,biogas_peak_CC,missing,missing,missing,missing,missing,missing,missing,missing,EJ
3354,0.0,0.0,0.0,0.0,2.61574e-08,1.246851e-08,2.449704e-08,6.985737000000002e-08,1.8653774e-07,innovation-rhodium18b,high,WV,missing,biogas_peak_CC_CCS,missing,missing,missing,missing,missing,missing,missing,missing,EJ
3355,0.0,0.0,1.636034e-07,4.5140226e-08,1.39975032e-07,3.4682877e-08,7.9570811e-08,2.0479559200000006e-07,5.86621749e-07,innovation-rhodium18b,high,WV,missing,biogas_peak_steam/CT,missing,missing,missing,missing,missing,missing,missing,missing,EJ
3356,0.0,0.0,1.23872e-06,1.2916825e-06,2.5527430000000003e-06,2.723366e-06,4.067403e-06,1.0409459e-05,1.3350879e-05,innovation-rhodium18b,high,WV,missing,biogas_subpeak_CC,missing,missing,missing,missing,missing,missing,missing,missing,EJ
3357,0.0,0.0,0.0,0.0,5.67086e-07,6.51777e-07,1.086185e-06,3.345872e-06,5.168975000000001e-06,innovation-rhodium18b,high,WV,missing,biogas_subpeak_CC_CCS,missing,missing,missing,missing,missing,missing,missing,missing,EJ
3358,0.0,0.0,8.38327e-07,7.954137800000001e-07,1.4851942800000002e-06,1.1905195600000003e-06,1.67169864e-06,4.792827949999999e-06,5.214348069999999e-06,innovation-rhodium18b,high,WV,missing,biogas_subpeak_steam/CT,missing,missing,missing,missing,missing,missing,missing,missing,EJ
3359,0.0,0.0,4.20842e-05,4.817513e-05,0.0002677449,0.0003513661,0.0004181982,0.0005305106899999999,0.00047364699,innovation-rhodium18b,high,WV,missing,biomass_base_IGCC,missing,missing,missing,missing,missing,missing,missing,missing,EJ
3360,0.0,0.0,0.0,0.0,0.00048608,0.000834003,0.001167246,0.004978875,0.007849166,innovation-rhodium18b,high,WV,missing,biomass_base_IGCC_CCS,missing,missing,missing,missing,missing,missing,missing,missing,EJ
3361,0.0,9.99998e-07,9.002046199999999e-05,7.2777576e-05,0.00042287156,0.00050779411,0.000554078267,0.0006035858467000001,0.0004552457406,innovation-rhodium18b,high,WV,missing,biomass_base_conv,missing,missing,missing,missing,missing,missing,missing,missing,EJ
3362,0.0,0.0,0.0,0.0,0.00118383,0.00221148,0.003103262,0.031667947,0.051114937,innovation-rhodium18b,high,WV,missing,biomass_base_conv_CCS,missing,missing,missing,missing,missing,missing,missing,missing,EJ
3363,0.0,0.0,1.313781e-05,2.047023e-05,4.684554e-05,6.954719e-05,9.387882e-05,0.00020304998,0.00030828634,innovation-rhodium18b,high,WV,missing,biomass_int_IGCC,missing,missing,missing,missing,missing,missing,missing,missing,EJ
3364,0.0,0.0,0.0,0.0,2.029855e-05,4.087355e-05,6.433686e-05,0.00021521074,0.00037544475,innovation-rhodium18b,high,WV,missing,biomass_int_IGCC_CCS,missing,missing,missing,missing,missing,missing,missing,missing,EJ
3365,0.0,9.99997e-07,4.227671e-05,5.605516e-05,0.00012081109,0.00017045618,0.00021886296,0.00043125166,0.0006183117389999999,innovation-rhodium18b,high,WV,missing,biomass_int_conv,missing,missing,missing,missing,missing,missing,missing,missing,EJ
3366,0.0,0.0,0.0,0.0,4.15921e-05,8.51263e-05,0.0001327675,0.0004914699,0.0008603476,innovation-rhodium18b,high,WV,missing,biomass_int_conv_CCS,missing,missing,missing,missing,missing,missing,missing,missing,EJ
3367,0.0,0.0,0.0,0.0,0.00350391,0.004726821,0.00582529,0.007606203,0.008824625,innovation-rhodium18b,high,WV,missing,coal_base_IGCC_CCS,missing,missing,missing,missing,missing,missing,missing,missing,EJ
3368,0.153783602,0.19019674,0.0,0.0,0.0,0.0,0.0,0.0,0.0,innovation-rhodium18b,high,WV,missing,coal_base_conv pul,missing,missing,missing,missing,missing,missing,missing,missing,EJ
3369,0.0,0.0,0.0053863192,0.0053520242,0.00104928577,0.0005541213399999999,0.00036518187,0.0,0.0,innovation-rhodium18b,high,WV,missing,coal_base_conv pul 1961-1965,missing,missing,missing,missing,missing,missing,missing,missing,EJ
3370,0.0,0.0,0.0195271,0.0194583949999999,0.0038628367,0.0021444455,0.0016371456999999,2.8157417e-05,0.0,innovation-rhodium18b,high,WV,missing,coal_base_conv pul 1966-1970,missing,missing,missing,missing,missing,missing,missing,missing,EJ
3371,0.0,0.0,0.086730375,0.086636495,0.017385945,0.0101052994,0.0091055787,0.00022771781,7.290052100000002e-05,innovation-rhodium18b,high,WV,missing,coal_base_conv pul 1971-1975,missing,missing,missing,missing,missing,missing,missing,missing,EJ
3372,0.0,0.0,0.03285525,0.0328501079999999,0.0066195916,0.0039185349,0.0038135604,0.00012515995299999997,7.3406146e-05,innovation-rhodium18b,high,WV,missing,coal_base_conv pul 1976-1980,missing,missing,missing,missing,missing,missing,missing,missing,EJ
3373,0.0,0.0,0.0026276532,0.0026275717,0.0005297747,0.00031438929,0.00030938662,1.06557783e-05,7.5548225e-06,innovation-rhodium18b,high,WV,missing,coal_base_conv pul 1991-1995,missing,missing,missing,missing,missing,missing,missing,missing,EJ
3374,0.0,0.0,0.0134836708999999,0.0134833186999999,0.0027185889,0.00161346663,0.00158847786,5.4814059e-05,3.91943e-05,innovation-rhodium18b,high,WV,missing,coal_base_conv pul 2011-2015,missing,missing,missing,missing,missing,missing,missing,missing,EJ
3375,0.0,0.0,0.0,0.0,0.00386603,0.005150425,0.006281593,0.007905983,0.009025669,innovation-rhodium18b,high,WV,missing,coal_base_conv pul_CCS,missing,missing,missing,missing,missing,missing,missing,missing,EJ
3376,0.0135765345,0.0167911709999999,0.0,0.0,0.0,0.0,0.0,0.0,0.0,innovation-rhodium18b,high,WV,missing,coal_base_conv pul_retire_2020,missing,missing,missing,missing,missing,missing,missing,missing,EJ
3377,0.0,0.0,0.0,0.0,0.000341122,0.0005741359999999999,0.0007952,0.001598335,0.002316123,innovation-rhodium18b,high,WV,missing,coal_int_IGCC_CCS,missing,missing,missing,missing,missing,missing,missing,missing,EJ
3378,0.092436771,0.1154527129999999,0.0,0.0,0.0,0.0,0.0,0.0,0.0,innovation-rhodium18b,high,WV,missing,coal_int_conv pul,missing,missing,missing,missing,missing,missing,missing,missing,EJ
3379,0.0,0.0,0.002484412,0.0024686656,0.00147388853,0.00119094865,0.0008631914500000001,0.0,0.0,innovation-rhodium18b,high,WV,missing,coal_int_conv pul 1961-1965,missing,missing,missing,missing,missing,missing,missing,missing,EJ
3380,0.0,0.0,0.0090067831,0.0089753186,0.0054259728,0.0046089736999999,0.0038697706,0.00090824834,0.0,innovation-rhodium18b,high,WV,missing,coal_int_conv pul 1966-1970,missing,missing,missing,missing,missing,missing,missing,missing,EJ
3381,0.0,0.0,0.04000406,0.039961799,0.024421289,0.021718853,0.021523141,0.0073452999,0.0029563070999999,innovation-rhodium18b,high,WV,missing,coal_int_conv pul 1971-1975,missing,missing,missing,missing,missing,missing,missing,missing,EJ
3382,0.0,0.0,0.0151543858,0.0151523636,0.009298269,0.0084219247,0.0090142213,0.0040371774,0.0029768089,innovation-rhodium18b,high,WV,missing,coal_int_conv pul 1976-1980,missing,missing,missing,missing,missing,missing,missing,missing,EJ
3383,0.0,0.0,0.00121199327,0.00121198623,0.00074415211,0.0006757027800000001,0.00073130735,0.00034371459999999994,0.00030636717,innovation-rhodium18b,high,WV,missing,coal_int_conv pul 1991-1995,missing,missing,missing,missing,missing,missing,missing,missing,EJ
3384,0.0,0.0,0.006219288,0.006219287,0.0038186848,0.0034677655,0.0037547246,0.0017680934999999,0.0015894263,innovation-rhodium18b,high,WV,missing,coal_int_conv pul 2011-2015,missing,missing,missing,missing,missing,missing,missing,missing,EJ
3385,0.0,0.0,0.0,0.0,0.000398979,0.00065652,0.000890745,0.00170199,0.002406376,innovation-rhodium18b,high,WV,missing,coal_int_conv pul_CCS,missing,missing,missing,missing,missing,missing,missing,missing,EJ
3386,0.0081606096,0.0101925411999999,0.0,0.0,0.0,0.0,0.0,0.0,0.0,innovation-rhodium18b,high,WV,missing,coal_int_conv pul_retire_2020,missing,missing,missing,missing,missing,missing,missing,missing,EJ
3387,0.0009498844,0.0,0.0,0.0,0.0,0.0,0.0,0.0,0.0,innovation-rhodium18b,high,WV,missing,coal_peak_conv pul,missing,missing,missing,missing,missing,missing,missing,missing,EJ
3388,8.385880799999999e-05,0.0,0.0,0.0,0.0,0.0,0.0,0.0,0.0,innovation-rhodium18b,high,WV,missing,coal_peak_conv pul_retire_2020,missing,missing,missing,missing,missing,missing,missing,missing,EJ
3389,0.006589665,0.0,0.0,0.0,0.0,0.0,0.0,0.0,0.0,innovation-rhodium18b,high,WV,missing,coal_subpeak_conv pul,missing,missing,missing,missing,missing,missing,missing,missing,EJ
3390,0.0005817568299999999,0.0,0.0,0.0,0.0,0.0,0.0,0.0,0.0,innovation-rhodium18b,high,WV,missing,coal_subpeak_conv pul_retire_2020,missing,missing,missing,missing,missing,missing,missing,missing,EJ
3391,6.400197e-06,0.0001522992,0.0129582496,0.0194975548,0.02982427644,0.0294248289299999,0.03087258015,0.011001875033,0.008253402726,innovation-rhodium18b,high,WV,missing,gas_base_CC,missing,missing,missing,missing,missing,missing,missing,missing,EJ
3392,0.0,0.0,0.0,0.0,0.01359443,0.0178270369999999,0.021486697,0.026406435,0.029200382,innovation-rhodium18b,high,WV,missing,gas_base_CC_CCS,missing,missing,missing,missing,missing,missing,missing,missing,EJ
3393,6.200193000000001e-06,0.00014659983999999995,0.0143409389,0.0204756751,0.0275764045,0.0315287578,0.0350533461,0.043688052,0.0505170186,innovation-rhodium18b,high,WV,missing,gas_int_CC,missing,missing,missing,missing,missing,missing,missing,missing,EJ
3394,0.0,0.0,0.0,0.0,0.003532591,0.005807369,0.007877574,0.015196549,0.021439128,innovation-rhodium18b,high,WV,missing,gas_int_CC_CCS,missing,missing,missing,missing,missing,missing,missing,missing,EJ
3395,3.0001223e-06,9.079953999999998e-05,5.45642e-07,6.971934000000001e-07,1.0730803e-06,1.1393791e-06,1.3681491999999998e-06,1.8544477e-06,3.401099e-06,innovation-rhodium18b,high,WV,missing,gas_peak_CC,missing,missing,missing,missing,missing,missing,missing,missing,EJ
3396,0.0,0.0,0.0,0.0,4.31542e-08,5.184908e-08,7.529324e-08,1.4013216999999998e-07,3.4283682e-07,innovation-rhodium18b,high,WV,missing,gas_peak_CC_CCS,missing,missing,missing,missing,missing,missing,missing,missing,EJ
3397,2.200088e-06,3.199985e-05,4.71979e-07,5.615616e-07,5.905437e-07,5.372286999999999e-07,7.0539246e-07,8.670371600000001e-07,1.6480955000000003e-06,innovation-rhodium18b,high,WV,missing,gas_peak_steam/CT,missing,missing,missing,missing,missing,missing,missing,missing,EJ
3398,1.4300475e-05,0.00043659954,0.00068269477,0.000633731967,0.0005393175030000001,0.0004614956649999999,0.000381272226,0.000308795236,0.00025595803100000007,innovation-rhodium18b,high,WV,missing,gas_subpeak_CC,missing,missing,missing,missing,missing,missing,missing,missing,EJ
3399,0.0,0.0,0.0,0.0,1.369952e-06,2.392704e-06,3.87701e-06,8.43793e-06,1.3357468e-05,innovation-rhodium18b,high,WV,missing,gas_subpeak_CC_CCS,missing,missing,missing,missing,missing,missing,missing,missing,EJ
3400,1.060033e-05,0.0001535997,0.00036057886,0.00033070451000000005,0.00018478766,0.00016610564,0.000149454725,0.00010981041499999998,8.967636100000001e-05,innovation-rhodium18b,high,WV,missing,gas_subpeak_steam/CT,missing,missing,missing,missing,missing,missing,missing,missing,EJ
3401,0.0023262,0.0032791,0.0035716,0.0035662,0.0035623,0.0035628,0.0035548,0.003525,0.0035289,innovation-rhodium18b,high,WV,missing,hydro_base,missing,missing,missing,missing,missing,missing,missing,missing,EJ
3402,0.0,0.0,0.0001475915,0.0001333587,5.543733e-05,6.025337e-05,5.452501e-05,3.826978e-05,2.622595e-05,innovation-rhodium18b,high,WV,missing,refined liquids_peak_steam/CT,missing,missing,missing,missing,missing,missing,missing,missing,EJ
3403,0.0007484230999999999,0.0007549981,0.0002087826,0.00017412460000000002,7.938010000000001e-05,8.35541e-05,7.364235000000001e-05,5.214973e-05,3.580736e-05,innovation-rhodium18b,high,WV,missing,refined liquids_subpeak_steam/CT,missing,missing,missing,missing,missing,missing,missing,missing,EJ
3404,0.0,0.0,1.81175e-05,0.000142635,0.000803953,0.00122063,0.0015743,0.00116844,0.00143358,innovation-rhodium18b,high,WV,missing,rooftop_pv,missing,missing,missing,missing,missing,missing,missing,missing,EJ
3405,0.0,0.000333799,0.00790039,0.01139582,0.0366381199999999,0.04453667,0.05054963,0.0593517299999999,0.0624808999999999,innovation-rhodium18b,high,WV,missing,wind_base,missing,missing,missing,missing,missing,missing,missing,missing,EJ
3406,0.0,0.0,0.000201784,0.000333085,0.001722955,0.002179799,0.00252813,0.00321977,0.003447787,innovation-rhodium18b,high,WV,missing,wind_base_storage,missing,missing,missing,missing,missing,missing,missing,missing,EJ
3407,0.0,0.0001391,0.00125446,0.00125446,0.00125446,0.00125446,0.00125446,0.0,0.0,innovation-rhodium18b,high,WV,missing,wind_int,missing,missing,missing,missing,missing,missing,missing,missing,EJ
3408,0.0,8.33998e-05,0.000752676,0.000752676,0.000752676,0.000752676,0.000752676,0.0,0.0,innovation-rhodium18b,high,WV,missing,wind_subpeak,missing,missing,missing,missing,missing,missing,missing,missing,EJ
3409,0.0,0.0,5.153e-05,6.57624e-05,0.000137386,0.0001737959,0.0002036055,0.0002581172,0.000266,innovation-rhodium18b,high,WI,missing,PV_base_storage,missing,missing,missing,missing,missing,missing,missing,missing,EJ
3410,0.0,0.0,0.013305,0.01755604,0.03543574,0.04382403,0.05031149,0.06727399,0.07394769,innovation-rhodium18b,high,WI,missing,PV_int,missing,missing,missing,missing,missing,missing,missing,missing,EJ
3411,0.0,0.0,0.000995108,0.001422767,0.002208191,0.002599589,0.003057515,0.0036624559999999,0.004371108,innovation-rhodium18b,high,WI,missing,PV_peak,missing,missing,missing,missing,missing,missing,missing,missing,EJ
3412,0.0,0.0,0.00560199986,0.00843860986,0.01326133986,0.01616877986,0.01950340986,0.02702691,0.03201721,innovation-rhodium18b,high,WI,missing,PV_subpeak,missing,missing,missing,missing,missing,missing,missing,missing,EJ
3413,0.0,0.0,0.000260816,0.00014881615,0.00039547411,0.00022700616,0.00019464437,0.000308424434,0.00032850584000000005,innovation-rhodium18b,high,WI,missing,biogas_base_CC,missing,missing,missing,missing,missing,missing,missing,missing,EJ
3414,0.0,0.0,0.0,0.0,0.00034433,0.0002241579,0.00020617,0.0004361591,0.00049679887,innovation-rhodium18b,high,WI,missing,biogas_base_CC_CCS,missing,missing,missing,missing,missing,missing,missing,missing,EJ
3415,0.0,0.0,0.000689088,0.00027849589999999995,0.0010197476,0.0009487994,0.0010395294,0.0025113678,0.0031651496,innovation-rhodium18b,high,WI,missing,biogas_int_CC,missing,missing,missing,missing,missing,missing,missing,missing,EJ
3416,0.0,0.0,0.0,0.0,0.000504104,0.000521429,0.0006422159999999999,0.002017322,0.003116207,innovation-rhodium18b,high,WI,missing,biogas_int_CC_CCS,missing,missing,missing,missing,missing,missing,missing,missing,EJ
3417,0.0,0.0,1.37999e-06,7.472925e-07,1.743797e-06,1.5162733e-06,2.080322e-06,3.765134e-06,8.178599e-06,innovation-rhodium18b,high,WI,missing,biogas_peak_CC,missing,missing,missing,missing,missing,missing,missing,missing,EJ
3418,0.0,0.0,0.0,0.0,2.62719e-07,2.3615920000000005e-07,3.573221e-07,8.13288e-07,1.8528701e-06,innovation-rhodium18b,high,WI,missing,biogas_peak_CC_CCS,missing,missing,missing,missing,missing,missing,missing,missing,EJ
3419,0.0,0.0,1.269762e-06,6.217505170000001e-07,1.375143604e-06,9.3074818e-07,1.2190941999999998e-06,2.1278168e-06,5.48433387e-06,innovation-rhodium18b,high,WI,missing,biogas_peak_steam/CT,missing,missing,missing,missing,missing,missing,missing,missing,EJ
3420,0.0,0.0,3.50175e-05,2.296512e-05,4.713646e-05,5.041891e-05,6.959004999999999e-05,0.00017542506,0.00024882034,innovation-rhodium18b,high,WI,missing,biogas_subpeak_CC,missing,missing,missing,missing,missing,missing,missing,missing,EJ
3421,0.0,0.0,0.0,0.0,1.03977e-05,1.182748e-05,1.83606e-05,5.711464e-05,9.669186e-05,innovation-rhodium18b,high,WI,missing,biogas_subpeak_CC_CCS,missing,missing,missing,missing,missing,missing,missing,missing,EJ
3422,0.0,0.0,2.342028e-05,1.37218784e-05,2.6642502e-05,2.2112161e-05,2.85496142e-05,8.08057536e-05,0.00010915442020000002,innovation-rhodium18b,high,WI,missing,biogas_subpeak_steam/CT,missing,missing,missing,missing,missing,missing,missing,missing,EJ
3423,0.0,0.0,0.000550193,0.0004213047,0.0008189415,0.0009314486,0.0009623971,0.0007347297999999999,0.0007085065,innovation-rhodium18b,high,WI,missing,biomass_base_IGCC,missing,missing,missing,missing,missing,missing,missing,missing,EJ
3424,0.0,0.0,0.0,0.0,0.000551058,0.001022467,0.001434645,0.004737559,0.008725996,innovation-rhodium18b,high,WI,missing,biomass_base_IGCC_CCS,missing,missing,missing,missing,missing,missing,missing,missing,EJ
3425,0.000428412,0.0009254,0.000219194,0.000181204,0.000576789,0.00050833,0.000313782,4.65703e-05,1.80326e-05,innovation-rhodium18b,high,WI,missing,biomass_base_conv,missing,missing,missing,missing,missing,missing,missing,missing,EJ
3426,0.0,0.0,0.0,0.0,0.001291205,0.002635582,0.0036968379999999,0.0281025819999999,0.054511345,innovation-rhodium18b,high,WI,missing,biomass_base_conv_CCS,missing,missing,missing,missing,missing,missing,missing,missing,EJ
3427,0.0,0.0,9.46522e-05,0.0001094917,0.0001572556,0.0001892709,0.00022001320000000004,0.0003517608,0.0005167834,innovation-rhodium18b,high,WI,missing,biomass_int_IGCC,missing,missing,missing,missing,missing,missing,missing,missing,EJ
3428,0.0,0.0,0.0,0.0,3.37352e-05,6.23611e-05,9.25851e-05,0.00027424420000000005,0.0005261282,innovation-rhodium18b,high,WI,missing,biomass_int_IGCC_CCS,missing,missing,missing,missing,missing,missing,missing,missing,EJ
3429,0.000428411,0.000925399,0.00116933,0.00107989,0.00140188,0.00129825,0.00104935,0.000824098,0.000548342,innovation-rhodium18b,high,WI,missing,biomass_int_conv,missing,missing,missing,missing,missing,missing,missing,missing,EJ
3430,0.0,0.0,0.0,0.0,6.641810000000001e-05,0.0001246228,0.0001834892,0.0005991163,0.0011560054,innovation-rhodium18b,high,WI,missing,biomass_int_conv_CCS,missing,missing,missing,missing,missing,missing,missing,missing,EJ
3431,0.0,0.0,0.0,0.0,0.001156004,0.001773383,0.002364043,0.003288681,0.0044055069999999,innovation-rhodium18b,high,WI,missing,coal_base_IGCC_CCS,missing,missing,missing,missing,missing,missing,missing,missing,EJ
3432,0.04509402,0.0761729999999999,0.0,0.0,0.0,0.0,0.0,0.0,0.0,innovation-rhodium18b,high,WI,missing,coal_base_conv pul,missing,missing,missing,missing,missing,missing,missing,missing,EJ
3433,0.0,0.0,0.002410593,0.002343941,0.0003581274,0.000147832,0.0,0.0,0.0,innovation-rhodium18b,high,WI,missing,coal_base_conv pul 1956-1960,missing,missing,missing,missing,missing,missing,missing,missing,EJ
3434,0.0,0.0,0.004379716,0.004329384,0.000707035,0.00035759670000000003,0.000204744,0.0,0.0,innovation-rhodium18b,high,WI,missing,coal_base_conv pul 1961-1965,missing,missing,missing,missing,missing,missing,missing,missing,EJ
3435,0.0,0.0,0.00602314,0.0060074399999999,0.001019705,0.000598051,0.0005071787,1.283107e-05,0.0,innovation-rhodium18b,high,WI,missing,coal_base_conv pul 1966-1970,missing,missing,missing,missing,missing,missing,missing,missing,EJ
3436,0.0,0.0,0.00699805,0.00699494,0.001198803,0.0007329470000000001,0.0007299380000000001,2.862308e-05,1.177046e-05,innovation-rhodium18b,high,WI,missing,coal_base_conv pul 1971-1975,missing,missing,missing,missing,missing,missing,missing,missing,EJ
3437,0.0,0.0,0.00971773,0.00971587,0.00166702,0.0010243989999999,0.001042893,4.456892e-05,2.323899e-05,innovation-rhodium18b,high,WI,missing,coal_base_conv pul 1976-1980,missing,missing,missing,missing,missing,missing,missing,missing,EJ
3438,0.0,0.0,0.00629078,0.00629035,0.00107987,0.000665212,0.0006845859999999999,3.0631e-05,1.885103e-05,innovation-rhodium18b,high,WI,missing,coal_base_conv pul 1981-1985,missing,missing,missing,missing,missing,missing,missing,missing,EJ
3439,0.0,0.0,0.000197973,0.0001979672,3.399069e-05,2.095409e-05,2.163558e-05,9.82215e-07,6.42201e-07,innovation-rhodium18b,high,WI,missing,coal_base_conv pul 1986-1990,missing,missing,missing,missing,missing,missing,missing,missing,EJ
3440,0.0,0.0,0.01402457,0.01402434,0.00240814,0.001485006,0.001535477,7.01512e-05,4.7166e-05,innovation-rhodium18b,high,WI,missing,coal_base_conv pul 2006-2010,missing,missing,missing,missing,missing,missing,missing,missing,EJ
3441,0.0,0.0,0.00814165,0.00814151,0.00139799,0.000862088,0.000891387,4.072494e-05,2.738193e-05,innovation-rhodium18b,high,WI,missing,coal_base_conv pul 2011-2015,missing,missing,missing,missing,missing,missing,missing,missing,EJ
3442,0.0,0.0,0.0,0.0,0.0012854329999999,0.001939744,0.002551389,0.0034320199999999,0.004491482,innovation-rhodium18b,high,WI,missing,coal_base_conv pul_CCS,missing,missing,missing,missing,missing,missing,missing,missing,EJ
3443,0.004882803,0.00824805,0.0,0.0,0.0,0.0,0.0,0.0,0.0,innovation-rhodium18b,high,WI,missing,coal_base_conv pul_retire_2020,missing,missing,missing,missing,missing,missing,missing,missing,EJ
3444,0.0,0.0,0.0,0.0,0.000290942,0.0004741114,0.000646619,0.0012482853,0.0019793948,innovation-rhodium18b,high,WI,missing,coal_int_IGCC_CCS,missing,missing,missing,missing,missing,missing,missing,missing,EJ
3445,0.064873,0.0827355,0.0,0.0,0.0,0.0,0.0,0.0,0.0,innovation-rhodium18b,high,WI,missing,coal_int_conv pul,missing,missing,missing,missing,missing,missing,missing,missing,EJ
3446,0.0,0.0,0.002856609,0.002777672,0.0016388359999999,0.000977717,0.0,0.0,0.0,innovation-rhodium18b,high,WI,missing,coal_int_conv pul 1956-1960,missing,missing,missing,missing,missing,missing,missing,missing,EJ
3447,0.0,0.0,0.005190073,0.005130513,0.003235483,0.00236504,0.001396151,0.0,0.0,innovation-rhodium18b,high,WI,missing,coal_int_conv pul 1961-1965,missing,missing,missing,missing,missing,missing,missing,missing,EJ
3448,0.0,0.0,0.0071375699999999,0.0071190899999999,0.004666305,0.003955323,0.003458462,0.000904025,0.0,innovation-rhodium18b,high,WI,missing,coal_int_conv pul 1966-1970,missing,missing,missing,missing,missing,missing,missing,missing,EJ
3449,0.0,0.0,0.00829288,0.00828932,0.00548588,0.004847485,0.004977456,0.002016665,0.001050061,innovation-rhodium18b,high,WI,missing,coal_int_conv pul 1971-1975,missing,missing,missing,missing,missing,missing,missing,missing,EJ
3450,0.0,0.0,0.01151575,0.01151375,0.00762851,0.0067750599999999,0.0071115,0.003140144,0.002073185,innovation-rhodium18b,high,WI,missing,coal_int_conv pul 1976-1980,missing,missing,missing,missing,missing,missing,missing,missing,EJ
3451,0.0,0.0,0.00745474,0.0074543399999999,0.004941624,0.0043995089999999,0.004668199,0.002158138,0.001681727,innovation-rhodium18b,high,WI,missing,coal_int_conv pul 1981-1985,missing,missing,missing,missing,missing,missing,missing,missing,EJ
3452,0.0,0.0,0.0002346035,0.0002345999,0.000155546,0.0001385842,0.0001475328,6.92029e-05,5.729176e-05,innovation-rhodium18b,high,WI,missing,coal_int_conv pul 1986-1990,missing,missing,missing,missing,missing,missing,missing,missing,EJ
3453,0.0,0.0,0.01661948,0.01661948,0.01101995,0.00982138,0.01047041,0.004942569,0.004207747,innovation-rhodium18b,high,WI,missing,coal_int_conv pul 2006-2010,missing,missing,missing,missing,missing,missing,missing,missing,EJ
3454,0.0,0.0,0.00964805,0.00964806,0.00639738,0.005701579,0.00607838,0.00286932,0.002442788,innovation-rhodium18b,high,WI,missing,coal_int_conv pul 2011-2015,missing,missing,missing,missing,missing,missing,missing,missing,EJ
3455,0.0,0.0,0.0,0.0,0.000341539,0.0005446332000000001,0.0007279059,0.001337021,0.0020558884,innovation-rhodium18b,high,WI,missing,coal_int_conv pul_CCS,missing,missing,missing,missing,missing,missing,missing,missing,EJ
3456,0.00702448,0.00895864,0.0,0.0,0.0,0.0,0.0,0.0,0.0,innovation-rhodium18b,high,WI,missing,coal_int_conv pul_retire_2020,missing,missing,missing,missing,missing,missing,missing,missing,EJ
3457,0.0008774070000000001,0.0,0.0,0.0,0.0,0.0,0.0,0.0,0.0,innovation-rhodium18b,high,WI,missing,coal_peak_conv pul,missing,missing,missing,missing,missing,missing,missing,missing,EJ
3458,9.5006e-05,0.0,0.0,0.0,0.0,0.0,0.0,0.0,0.0,innovation-rhodium18b,high,WI,missing,coal_peak_conv pul_retire_2020,missing,missing,missing,missing,missing,missing,missing,missing,EJ
3459,0.0052586989999999,0.0,0.0,0.0,0.0,0.0,0.0,0.0,0.0,innovation-rhodium18b,high,WI,missing,coal_subpeak_conv pul,missing,missing,missing,missing,missing,missing,missing,missing,EJ
3460,0.0005694140000000001,0.0,0.0,0.0,0.0,0.0,0.0,0.0,0.0,innovation-rhodium18b,high,WI,missing,coal_subpeak_conv pul_retire_2020,missing,missing,missing,missing,missing,missing,missing,missing,EJ
3461,0.0001263034,0.0037942,0.0161576,0.01885748,0.017025425,0.015732823,0.015978906,0.0051755486,0.0043907311,innovation-rhodium18b,high,WI,missing,gas_base_CC,missing,missing,missing,missing,missing,missing,missing,missing,EJ
3462,0.0,0.0,0.0,0.0,0.00359601,0.00523616,0.0067817599999999,0.00868211,0.0109848,innovation-rhodium18b,high,WI,missing,gas_base_CC_CCS,missing,missing,missing,missing,missing,missing,missing,missing,EJ
3463,6.650180000000001e-05,0.001995894,0.03127464,0.03390854,0.03625964,0.0370944099999999,0.03772261,0.04118924,0.04590213,innovation-rhodium18b,high,WI,missing,gas_int_CC,missing,missing,missing,missing,missing,missing,missing,missing,EJ
3464,0.0,0.0,0.0,0.0,0.00271418,0.00432267,0.00578135,0.01075961,0.01653362,innovation-rhodium18b,high,WI,missing,gas_int_CC_CCS,missing,missing,missing,missing,missing,missing,missing,missing,EJ
3465,4.97006e-05,0.001920684,0.0014941992,0.00136772765,0.00110186444,0.00092617676,0.0007472023399999999,0.00054577891,0.00040938149,innovation-rhodium18b,high,WI,missing,gas_peak_CC,missing,missing,missing,missing,missing,missing,missing,missing,EJ
3466,0.0,0.0,0.0,0.0,8.13512e-07,1.335317e-06,2.051232e-06,3.336755e-06,6.940649999999999e-06,innovation-rhodium18b,high,WI,missing,gas_peak_CC_CCS,missing,missing,missing,missing,missing,missing,missing,missing,EJ
3467,3.68005e-05,0.000675595,0.000712155,0.000620604,0.000261021,0.000220864,0.000186704,0.000105327,6.0615e-05,innovation-rhodium18b,high,WI,missing,gas_peak_steam/CT,missing,missing,missing,missing,missing,missing,missing,missing,EJ
3468,0.000321806,0.01244648,0.01083108,0.0103171869999999,0.00892794,0.007907297,0.006903962,0.006109208,0.0057724119999999,innovation-rhodium18b,high,WI,missing,gas_subpeak_CC,missing,missing,missing,missing,missing,missing,missing,missing,EJ
3469,0.0,0.0,0.0,0.0,4.19403e-05,7.43919e-05,0.000117783,0.0002477931,0.0004287534,innovation-rhodium18b,high,WI,missing,gas_subpeak_CC_CCS,missing,missing,missing,missing,missing,missing,missing,missing,EJ
3470,0.000238405,0.00437799,0.00487446,0.0042744,0.002102,0.00178652,0.00149217,0.000882238,0.000520847,innovation-rhodium18b,high,WI,missing,gas_subpeak_steam/CT,missing,missing,missing,missing,missing,missing,missing,missing,EJ
3471,0.0061141,0.0056262,0.009344,0.0093297,0.0093195,0.0093209,0.0093,0.009222,0.0092323,innovation-rhodium18b,high,WI,missing,hydro_base,missing,missing,missing,missing,missing,missing,missing,missing,EJ
3472,0.0428394,0.037028,0.0375251,0.0375205,0.0173808,0.0,0.0,0.0,0.0,innovation-rhodium18b,high,WI,missing,nuc_base_Gen II,missing,missing,missing,missing,missing,missing,missing,missing,EJ
3473,0.0,0.0,0.0,0.0,0.00578433,0.00873626,0.0111752999999999,0.01567623,0.0206251999999999,innovation-rhodium18b,high,WI,missing,nuc_base_Gen III,missing,missing,missing,missing,missing,missing,missing,missing,EJ
3474,0.0,0.0,0.000176294,0.000150395,6.82901e-05,6.93992e-05,6.02938e-05,4.12751e-05,2.65256e-05,innovation-rhodium18b,high,WI,missing,refined liquids_peak_steam/CT,missing,missing,missing,missing,missing,missing,missing,missing,EJ
3475,0.000231405,0.0024166,0.000206717,0.000173322,8.66247e-05,8.58655e-05,7.32879e-05,5.08753e-05,3.31172e-05,innovation-rhodium18b,high,WI,missing,refined liquids_subpeak_steam/CT,missing,missing,missing,missing,missing,missing,missing,missing,EJ
3476,0.0,0.0,5.40647e-05,0.000376808,0.00190491,0.0031111,0.00429863,0.00380926,0.0046037,innovation-rhodium18b,high,WI,missing,rooftop_pv,missing,missing,missing,missing,missing,missing,missing,missing,EJ
3477,0.0,0.0002006,0.01559084,0.02131416,0.03753926,0.04480046,0.05050027,0.05723523,0.05862523,innovation-rhodium18b,high,WI,missing,wind_base,missing,missing,missing,missing,missing,missing,missing,missing,EJ
3478,0.0,0.0,0.0,0.000361175,0.003324675,0.005015705,0.006602065,0.009824645,0.01392561,innovation-rhodium18b,high,WI,missing,wind_base_offshore,missing,missing,missing,missing,missing,missing,missing,missing,EJ
3479,0.0,0.0,0.000290411,0.000412762,0.0008765299999999999,0.001102919,0.0012839,0.001609885,0.001678789,innovation-rhodium18b,high,WI,missing,wind_base_storage,missing,missing,missing,missing,missing,missing,missing,missing,EJ
3480,0.0,8.35999e-05,0.00144197,0.00144197,0.00144197,0.00144197,0.00144197,0.0,0.0,innovation-rhodium18b,high,WI,missing,wind_int,missing,missing,missing,missing,missing,missing,missing,missing,EJ
3481,0.0,5.01999e-05,0.000865182,0.000865182,0.000865182,0.000865182,0.000865182,0.0,0.0,innovation-rhodium18b,high,WI,missing,wind_subpeak,missing,missing,missing,missing,missing,missing,missing,missing,EJ
3482,0.0,0.0,0.000343669,0.0004434202,0.0014633702,0.0017267682,0.0019517521999999,0.0024664151999999,0.0026637501999999,innovation-rhodium18b,high,WY,missing,CSP_base_storage,missing,missing,missing,missing,missing,missing,missing,missing,EJ
3483,0.0,0.0,0.001575496,0.0024652759999999,0.006022656,0.008046916,0.0103712559999999,0.016285636,0.01958522,innovation-rhodium18b,high,WY,missing,CSP_int,missing,missing,missing,missing,missing,missing,missing,missing,EJ
3484,0.0,0.0,2.85578e-07,4.98156e-07,1.143418e-06,1.456974e-06,1.88731e-06,2.7676140000000004e-06,3.6204e-06,innovation-rhodium18b,high,WY,missing,CSP_peak,missing,missing,missing,missing,missing,missing,missing,missing,EJ
3485,0.0001111018,9.98994e-05,0.0006095248400000001,0.0006264703000000001,0.0006515843000000001,0.0006710852600000001,0.0007022714600000001,0.00035958746,0.00041850382,innovation-rhodium18b,high,WY,missing,CSP_subpeak,missing,missing,missing,missing,missing,missing,missing,missing,EJ
3486,0.0,0.0,4.35213e-05,5.7284e-05,0.000203151,0.0002417341,0.0002752204,0.0003526369,0.0003910651,innovation-rhodium18b,high,WY,missing,PV_base_storage,missing,missing,missing,missing,missing,missing,missing,missing,EJ
3487,0.0,0.0,0.00797948,0.01222798,0.02023383,0.02387795,0.02785534,0.03742977,0.03715553,innovation-rhodium18b,high,WY,missing,PV_int,missing,missing,missing,missing,missing,missing,missing,missing,EJ
3488,0.0,0.0,1.44638e-06,2.46139e-06,3.91354e-06,4.47801e-06,5.214393e-06,6.639462999999999e-06,6.992303e-06,innovation-rhodium18b,high,WY,missing,PV_peak,missing,missing,missing,missing,missing,missing,missing,missing,EJ
3489,0.0,0.0,7.92167e-05,0.0001601274,0.0002166462,0.0002517522,0.0003051175,0.0007117715,0.0007503948000000001,innovation-rhodium18b,high,WY,missing,PV_subpeak,missing,missing,missing,missing,missing,missing,missing,missing,EJ
3490,0.0,0.0,0.000212322,0.000140666215,0.0007853910600000001,0.00024320469,0.0002176557,0.000434680035,0.000452079915,innovation-rhodium18b,high,WY,missing,biogas_base_CC,missing,missing,missing,missing,missing,missing,missing,missing,EJ
3491,0.0,0.0,0.0,0.0,0.000695907,0.0002505329,0.0002395224,0.00062926342,0.00070591295,innovation-rhodium18b,high,WY,missing,biogas_base_CC_CCS,missing,missing,missing,missing,missing,missing,missing,missing,EJ
3492,0.0,0.0,0.000442575,0.00033894732,0.0007928508000000001,0.0006417381,0.0007849655999999999,0.0015750507,0.0015071339,innovation-rhodium18b,high,WY,missing,biogas_int_CC,missing,missing,missing,missing,missing,missing,missing,missing,EJ
3493,0.0,0.0,0.0,0.0,0.000412831,0.000372509,0.0005109341,0.001409197,0.001735991,innovation-rhodium18b,high,WY,missing,biogas_int_CC_CCS,missing,missing,missing,missing,missing,missing,missing,missing,EJ
3494,0.0,0.0,2.05088e-09,2.03389e-09,5.14696e-09,2.9067480000000003e-09,4.197223e-09,7.942643e-09,1.0208592e-08,innovation-rhodium18b,high,WY,missing,biogas_peak_CC,missing,missing,missing,missing,missing,missing,missing,missing,EJ
3495,0.0,0.0,0.0,0.0,8.43283e-10,4.40507e-10,6.24893e-10,1.623324e-09,2.340466e-09,innovation-rhodium18b,high,WY,missing,biogas_peak_CC_CCS,missing,missing,missing,missing,missing,missing,missing,missing,EJ
3496,0.0,0.0,1.908345e-09,1.822894e-09,4.456041e-09,2.257619e-09,3.086076e-09,6.121939999999999e-09,7.67841e-09,innovation-rhodium18b,high,WY,missing,biogas_peak_steam/CT,missing,missing,missing,missing,missing,missing,missing,missing,EJ
3497,0.0,0.0,1.71963e-07,4.9882906e-07,8.8615956e-07,8.140482000000001e-07,1.311065e-06,9.02745192e-06,3.45922364e-06,innovation-rhodium18b,high,WY,missing,biogas_subpeak_CC,missing,missing,missing,missing,missing,missing,missing,missing,EJ
3498,0.0,0.0,0.0,0.0,2.14868e-07,2.117577e-07,3.66224e-07,2.8400362e-06,1.7872592e-06,innovation-rhodium18b,high,WY,missing,biogas_subpeak_CC_CCS,missing,missing,missing,missing,missing,missing,missing,missing,EJ
3499,0.0,0.0,1.163943e-07,3.271605e-07,5.5620185e-07,4.5972065700000004e-07,7.306180249999999e-07,5.523933635999999e-06,1.6470207749999995e-06,innovation-rhodium18b,high,WY,missing,biogas_subpeak_steam/CT,missing,missing,missing,missing,missing,missing,missing,missing,EJ
3500,0.0,0.0,3.0543900000000004e-05,3.1878859999999994e-05,0.00015784381,0.00018516036,0.00021021842,0.00030848933,0.00039214761,innovation-rhodium18b,high,WY,missing,biomass_base_IGCC,missing,missing,missing,missing,missing,missing,missing,missing,EJ
3501,0.0,0.0,0.0,0.0,0.00027912900000000003,0.0004384285,0.0006120085999999999,0.0029233212,0.0059166446,innovation-rhodium18b,high,WY,missing,biomass_base_IGCC_CCS,missing,missing,missing,missing,missing,missing,missing,missing,EJ
3502,0.0,0.0,6.18101e-05,4.420252e-05,0.0002307333,0.00023551769,0.0002400116,0.00033536291,0.00038441485600000007,innovation-rhodium18b,high,WY,missing,biomass_base_conv,missing,missing,missing,missing,missing,missing,missing,missing,EJ
3503,0.0,0.0,0.0,0.0,0.000659094,0.001117807,0.001568626,0.0190462429999999,0.039292699,innovation-rhodium18b,high,WY,missing,biomass_base_conv_CCS,missing,missing,missing,missing,missing,missing,missing,missing,EJ
3504,0.0,0.0,1.064632e-05,1.662436e-05,3.3616929999999995e-05,4.64051e-05,6.433178e-05,0.00011988489,0.00016946861,innovation-rhodium18b,high,WY,missing,biomass_int_IGCC,missing,missing,missing,missing,missing,missing,missing,missing,EJ
3505,0.0,0.0,0.0,0.0,1.285269e-05,2.4552650000000003e-05,4.223674e-05,0.00012145282,0.00020273934,innovation-rhodium18b,high,WY,missing,biomass_int_IGCC_CCS,missing,missing,missing,missing,missing,missing,missing,missing,EJ
3506,0.0,0.0,2.950143e-05,3.850385e-05,7.811339e-05,0.00010455107,0.00013766901,0.00023507948,0.00030743989,innovation-rhodium18b,high,WY,missing,biomass_int_conv,missing,missing,missing,missing,missing,missing,missing,missing,EJ
3507,0.0,0.0,0.0,0.0,2.53595e-05,4.9203e-05,8.372e-05,0.0002654373,0.0004456,innovation-rhodium18b,high,WY,missing,biomass_int_conv_CCS,missing,missing,missing,missing,missing,missing,missing,missing,EJ
3508,0.0,0.0,0.0,0.0,0.00218469,0.002788518,0.003409635,0.0046255689999999,0.00608656,innovation-rhodium18b,high,WY,missing,coal_base_IGCC_CCS,missing,missing,missing,missing,missing,missing,missing,missing,EJ
3509,0.08052086,0.10546483,0.0,0.0,0.0,0.0,0.0,0.0,0.0,innovation-rhodium18b,high,WY,missing,coal_base_conv pul,missing,missing,missing,missing,missing,missing,missing,missing,EJ
3510,0.0,0.0,0.00014996779999999998,0.00013343406,1.3286946e-05,0.0,0.0,0.0,0.0,innovation-rhodium18b,high,WY,missing,coal_base_conv pul 1951-1955,missing,missing,missing,missing,missing,missing,missing,missing,EJ
3511,0.0,0.0,0.0016225939999999,0.001577672,0.0002088263,7.84428e-05,0.0,0.0,0.0,innovation-rhodium18b,high,WY,missing,coal_base_conv pul 1956-1960,missing,missing,missing,missing,missing,missing,missing,missing,EJ
3512,0.0,0.0,0.0102288669999999,0.010110935,0.001430479,0.0006583734,0.0003512915,0.0,0.0,innovation-rhodium18b,high,WY,missing,coal_base_conv pul 1961-1965,missing,missing,missing,missing,missing,missing,missing,missing,EJ
3513,0.0,0.0,0.004987849,0.004974662,0.0007315181,0.0003904134,0.0003085505,9.22031e-06,0.0,innovation-rhodium18b,high,WY,missing,coal_base_conv pul 1966-1970,missing,missing,missing,missing,missing,missing,missing,missing,EJ
3514,0.0,0.0,0.02779999,0.02777679,0.004117542,0.002274968,0.002050506,8.580877e-05,3.482804e-05,innovation-rhodium18b,high,WY,missing,coal_base_conv pul 1971-1975,missing,missing,missing,missing,missing,missing,missing,missing,EJ
3515,0.0,0.0,0.02473417,0.02472855,0.0036756569999999,0.002055415,0.001950063,9.843686999999998e-05,6.216136e-05,innovation-rhodium18b,high,WY,missing,coal_base_conv pul 1976-1980,missing,missing,missing,missing,missing,missing,missing,missing,EJ
3516,0.0,0.0,0.03193836,0.03193355,0.00474827,0.0026594039999999,0.002540717,0.00013206019,9.230244000000002e-05,innovation-rhodium18b,high,WY,missing,coal_base_conv pul 1981-1985,missing,missing,missing,missing,missing,missing,missing,missing,EJ
3517,0.0,0.0,0.001923601,0.001923499,0.0002861287,0.0001605545,0.0001546728,8.338256e-06,6.758302999999999e-06,innovation-rhodium18b,high,WY,missing,coal_base_conv pul 1991-1995,missing,missing,missing,missing,missing,missing,missing,missing,EJ
3518,0.0,0.0,0.001910539,0.001910437,0.0002841895,0.0001594743,0.0001536653,8.291875e-06,6.749598e-06,innovation-rhodium18b,high,WY,missing,coal_base_conv pul 2001-2005,missing,missing,missing,missing,missing,missing,missing,missing,EJ
3519,0.0,0.0,0.004844877,0.004844618,0.0007206668,0.0004044065,0.000389682,2.102911e-05,1.712341e-05,innovation-rhodium18b,high,WY,missing,coal_base_conv pul 2006-2010,missing,missing,missing,missing,missing,missing,missing,missing,EJ
3520,0.0,0.0,0.008902308,0.008901829,0.0013242007,0.0007430843,0.0007160297,3.864055e-05,3.146472e-05,innovation-rhodium18b,high,WY,missing,coal_base_conv pul 2011-2015,missing,missing,missing,missing,missing,missing,missing,missing,EJ
3521,0.0,0.0,0.0,0.0,0.00244082,0.003081227,0.003727514,0.0048819399999999,0.00628127,innovation-rhodium18b,high,WY,missing,coal_base_conv pul_CCS,missing,missing,missing,missing,missing,missing,missing,missing,EJ
3522,0.006951283,0.009104665,0.0,0.0,0.0,0.0,0.0,0.0,0.0,innovation-rhodium18b,high,WY,missing,coal_base_conv pul_retire_2020,missing,missing,missing,missing,missing,missing,missing,missing,EJ
3523,0.0,0.0,0.0,0.0,0.000224552,0.0003620717,0.0005349496,0.0009716185,0.0013487213,innovation-rhodium18b,high,WY,missing,coal_int_IGCC_CCS,missing,missing,missing,missing,missing,missing,missing,missing,EJ
3524,0.05582691,0.05074952,0.0,0.0,0.0,0.0,0.0,0.0,0.0,innovation-rhodium18b,high,WY,missing,coal_int_conv pul,missing,missing,missing,missing,missing,missing,missing,missing,EJ
3525,0.0,0.0,4.653566e-05,4.140755e-05,1.3125158e-05,0.0,0.0,0.0,0.0,innovation-rhodium18b,high,WY,missing,coal_int_conv pul 1951-1955,missing,missing,missing,missing,missing,missing,missing,missing,EJ
3526,0.0,0.0,0.0005035003,0.0004895871,0.0002062826,0.00011800048,0.0,0.0,0.0,innovation-rhodium18b,high,WY,missing,coal_int_conv pul 1956-1960,missing,missing,missing,missing,missing,missing,missing,missing,EJ
3527,0.0,0.0,0.0031740709999999,0.003137638,0.001413057,0.000990382,0.0005961441000000001,0.0,0.0,innovation-rhodium18b,high,WY,missing,coal_int_conv pul 1961-1965,missing,missing,missing,missing,missing,missing,missing,missing,EJ
3528,0.0,0.0,0.00154775,0.0015437439999999,0.0007226071,0.000587294,0.0005236117,7.398769e-05,0.0,innovation-rhodium18b,high,WY,missing,coal_int_conv pul 1966-1970,missing,missing,missing,missing,missing,missing,missing,missing,EJ
3529,0.0,0.0,0.0086264899999999,0.008619747,0.0040673839999999,0.0034222049999999,0.00347972,0.000688566,0.0002962403,innovation-rhodium18b,high,WY,missing,coal_int_conv pul 1971-1975,missing,missing,missing,missing,missing,missing,missing,missing,EJ
3530,0.0,0.0,0.0076751489999999,0.007673821,0.003630876,0.003091931,0.003309261,0.0007898995,0.0005287311,innovation-rhodium18b,high,WY,missing,coal_int_conv pul 1976-1980,missing,missing,missing,missing,missing,missing,missing,missing,EJ
3531,0.0,0.0,0.0099106199999999,0.009909674,0.004690429,0.004000511,0.004311617,0.0010597096,0.0007851042,innovation-rhodium18b,high,WY,missing,coal_int_conv pul 1981-1985,missing,missing,missing,missing,missing,missing,missing,missing,EJ
3532,0.0,0.0,0.0005969029,0.0005969025,0.00028264249999999995,0.0002415202,0.0002624814,6.690971e-05,5.74847e-05,innovation-rhodium18b,high,WY,missing,coal_int_conv pul 1991-1995,missing,missing,missing,missing,missing,missing,missing,missing,EJ
3533,0.0,0.0,0.0005928505,0.0005928513,0.000280727,0.0002398949,0.0002607709,6.65375e-05,5.741062e-05,innovation-rhodium18b,high,WY,missing,coal_int_conv pul 2001-2005,missing,missing,missing,missing,missing,missing,missing,missing,EJ
3534,0.0,0.0,0.001503384,0.001503393,0.0007118874,0.0006083428,0.0006612936000000001,0.0001687469,0.0001456479,innovation-rhodium18b,high,WY,missing,coal_int_conv pul 2006-2010,missing,missing,missing,missing,missing,missing,missing,missing,EJ
3535,0.0,0.0,0.00276243,0.002762429,0.0013080702,0.0011178111,0.0012151084,0.0003100682,0.000267632,innovation-rhodium18b,high,WY,missing,coal_int_conv pul 2011-2015,missing,missing,missing,missing,missing,missing,missing,missing,EJ
3536,0.0,0.0,0.0,0.0,0.000264183,0.0004169195,0.0006008969,0.0010434389,0.0014146215,innovation-rhodium18b,high,WY,missing,coal_int_conv pul_CCS,missing,missing,missing,missing,missing,missing,missing,missing,EJ
3537,0.00481947,0.004381156,0.0,0.0,0.0,0.0,0.0,0.0,0.0,innovation-rhodium18b,high,WY,missing,coal_int_conv pul_retire_2020,missing,missing,missing,missing,missing,missing,missing,missing,EJ
3538,0.0007384702,0.0,0.0,0.0,0.0,0.0,0.0,0.0,0.0,innovation-rhodium18b,high,WY,missing,coal_peak_conv pul,missing,missing,missing,missing,missing,missing,missing,missing,EJ
3539,6.37514e-05,0.0,0.0,0.0,0.0,0.0,0.0,0.0,0.0,innovation-rhodium18b,high,WY,missing,coal_peak_conv pul_retire_2020,missing,missing,missing,missing,missing,missing,missing,missing,EJ
3540,0.004907522,0.0,0.0,0.0,0.0,0.0,0.0,0.0,0.0,innovation-rhodium18b,high,WY,missing,coal_subpeak_conv pul,missing,missing,missing,missing,missing,missing,missing,missing,EJ
3541,0.0004236615,0.0,0.0,0.0,0.0,0.0,0.0,0.0,0.0,innovation-rhodium18b,high,WY,missing,coal_subpeak_conv pul_retire_2020,missing,missing,missing,missing,missing,missing,missing,missing,EJ
3542,3.3000657e-06,3.4099591e-05,0.0101918,0.01538608,0.0205110399999999,0.01875347,0.019205934,0.0078147531,0.0074484707,innovation-rhodium18b,high,WY,missing,gas_base_CC,missing,missing,missing,missing,missing,missing,missing,missing,EJ
3543,0.0,0.0,0.0,0.0,0.00833566,0.01027834,0.0122812889999999,0.015996214,0.0204686989999999,innovation-rhodium18b,high,WY,missing,gas_base_CC_CCS,missing,missing,missing,missing,missing,missing,missing,missing,EJ
3544,1.3900205e-05,0.00014389846,0.01010432813,0.016568459,0.0214047156599999,0.02392464678,0.02713091195,0.03046267093,0.0335503536099999,innovation-rhodium18b,high,WY,missing,gas_int_CC,missing,missing,missing,missing,missing,missing,missing,missing,EJ
3545,0.0,0.0,0.0,0.0,0.002416799,0.00380675,0.005486592,0.009606242,0.012995263,innovation-rhodium18b,high,WY,missing,gas_int_CC_CCS,missing,missing,missing,missing,missing,missing,missing,missing,EJ
3546,4.0001091e-07,4.799900299999999e-06,7.699979670000002e-06,7.018627045e-06,5.174883552000001e-06,4.269784086999999e-06,3.3935604010000007e-06,1.8876919300000003e-06,1.2457290320000005e-06,innovation-rhodium18b,high,WY,missing,gas_peak_CC,missing,missing,missing,missing,missing,missing,missing,missing,EJ
3547,0.0,0.0,0.0,0.0,1.523637e-09,2.2793059999999996e-09,3.286338e-09,5.581285000000001e-09,8.587188999999998e-09,innovation-rhodium18b,high,WY,missing,gas_peak_CC_CCS,missing,missing,missing,missing,missing,missing,missing,missing,EJ
3548,3.000084e-07,1.699967e-06,3.6105495e-06,3.19709844e-06,9.16872149e-07,7.46532293e-07,6.270697389999998e-07,2.01695793e-07,1.2960309900000001e-07,innovation-rhodium18b,high,WY,missing,gas_peak_steam/CT,missing,missing,missing,missing,missing,missing,missing,missing,EJ
3549,2.4000358e-06,3.1399783e-05,1.5933933400000003e-05,1.75931845e-05,1.76209394e-05,1.81347792e-05,2.0475598199999992e-05,4.33516964e-05,4.3131442100000005e-05,innovation-rhodium18b,high,WY,missing,gas_subpeak_CC,missing,missing,missing,missing,missing,missing,missing,missing,EJ
3550,0.0,0.0,0.0,0.0,5.323902e-07,9.585281e-07,1.6752742999999998e-06,7.460034499999999e-06,9.1521422e-06,innovation-rhodium18b,high,WY,missing,gas_subpeak_CC_CCS,missing,missing,missing,missing,missing,missing,missing,missing,EJ
3551,1.700033e-06,1.099994e-05,8.021762999999999e-06,9.484818e-06,5.715294999999999e-06,5.6838110000000015e-06,7.212355999999999e-06,1.82125438e-05,1.0078522699999998e-05,innovation-rhodium18b,high,WY,missing,gas_subpeak_steam/CT,missing,missing,missing,missing,missing,missing,missing,missing,EJ
3552,0.0,0.0,0.000375282,0.0004983195,0.0017356835,0.0021367007,0.0025594714,0.0034427084,0.0041081489,innovation-rhodium18b,high,WY,missing,geo_base,missing,missing,missing,missing,missing,missing,missing,missing,EJ
3553,0.0021876,0.0029721,0.0037254,0.0037197,0.0037157,0.0037162,0.0037079,0.0036768,0.0036809,innovation-rhodium18b,high,WY,missing,hydro_base,missing,missing,missing,missing,missing,missing,missing,missing,EJ
3554,0.0,0.0,4.07542e-06,2.92437e-06,2.06939e-06,1.61262e-06,1.18077e-06,1.6245e-07,1.06332e-07,innovation-rhodium18b,high,WY,missing,refined liquids_base_steam/CT,missing,missing,missing,missing,missing,missing,missing,missing,EJ
3555,0.0,0.0,5.7721e-05,5.25081e-05,3.10918e-05,3.11975e-05,2.60122e-05,1.33142e-05,9.12877e-06,innovation-rhodium18b,high,WY,missing,refined liquids_int_steam/CT,missing,missing,missing,missing,missing,missing,missing,missing,EJ
3556,0.0,0.0,0.0,0.0,0.0,0.0,0.0,0.0,0.0,innovation-rhodium18b,high,WY,missing,refined liquids_peak_steam/CT,missing,missing,missing,missing,missing,missing,missing,missing,EJ
3557,0.000201403,0.000165999,0.0,0.0,0.0,0.0,0.0,0.0,0.0,innovation-rhodium18b,high,WY,missing,refined liquids_subpeak_steam/CT,missing,missing,missing,missing,missing,missing,missing,missing,EJ
3558,0.0,0.0,5.73821e-05,0.000224668,0.000634425,0.00106307,0.00143439,0.00121843,0.00144554,innovation-rhodium18b,high,WY,missing,rooftop_pv,missing,missing,missing,missing,missing,missing,missing,missing,EJ
3559,0.0,0.00155538,0.0260065999999999,0.03453109,0.0936365899999999,0.1090311899999999,0.1230344899999999,0.1442464899999999,0.16835909,innovation-rhodium18b,high,WY,missing,wind_base,missing,missing,missing,missing,missing,missing,missing,missing,EJ
3560,0.0,0.0,0.000255128,0.000406026,0.001921066,0.0023241069999999,0.0026772399999999,0.0035017479999999,0.0041194069999999,innovation-rhodium18b,high,WY,missing,wind_base_storage,missing,missing,missing,missing,missing,missing,missing,missing,EJ
3561,0.0,0.000648093,0.0,0.0,0.0,0.0,0.0,0.0,0.0,innovation-rhodium18b,high,WY,missing,wind_int,missing,missing,missing,missing,missing,missing,missing,missing,EJ
3562,0.0,0.000388898,0.0,0.0,0.0,0.0,0.0,0.0,0.0,innovation-rhodium18b,high,WY,missing,wind_subpeak,missing,missing,missing,missing,missing,missing,missing,missing,EJ
