average,Non-Staples,4.693402933973901, %
average,Staples,0.8957487751022409, %
