1990,2005,2010,2015,2020,2025,2030,2035,2040,2045,2050,2055,2060,2065,2070,2075,2080,2085,2090,2095,2100,SSP,Version,GCAM,sector,subsector,technology,output,concentration,input,product,fuel,LandLeaf,GHG,Units
0.363544,0.644215,0.762866,0.909664,1.05186,1.18086,1.32018,1.45983,1.59999,1.74272,1.88458,2.02018,2.1501,2.27386,2.39083,2.50126,2.60474,2.69958,2.78558,2.86299,2.93221,SSP1,HighCropYield baseline,Global,missing,missing,missing,missing,missing,missing,missing,missing,missing,missing,degreesC
