,1990,2005,2020,2025,2030,2035,2040,2045,2050,scenario,baseline,GCAM,sector,subsector,technology,output,concentration,input,product,fuel,LandLeaf,GHG,Units
0,0.0,0.0,0.0,0.0,0.0,0.0136557,0.0316308,0.0479882,0.062224,innovation-DACHubs,low,Africa_Eastern,missing,biomass,biomass (IGCC CCS),electricity,missing,missing,missing,missing,missing,missing,EJ
1,0.0,0.0,0.0,0.00190834,0.00444912,0.00617739,0.0097843,0.0135921,0.0166612,innovation-DACHubs,low,Africa_Eastern,missing,biomass,biomass (IGCC),electricity,missing,missing,missing,missing,missing,missing,EJ
2,0.0,0.0,0.0,0.0,0.0,0.000286204,0.00238813,0.00814881,0.0205151,innovation-DACHubs,low,Africa_Eastern,missing,biomass,biomass (conv CCS),electricity,missing,missing,missing,missing,missing,missing,EJ
3,0.0012925,0.00210251,0.00815307,0.0140884,0.0213117,0.0243125,0.0291478,0.0285146,0.0250392,innovation-DACHubs,low,Africa_Eastern,missing,biomass,biomass (conv),electricity,missing,missing,missing,missing,missing,missing,EJ
4,0.0,0.0,5.49295e-05,4.96071e-05,6.08668e-05,7.00353e-05,7.31625e-05,6.35247e-05,5.36172e-05,innovation-DACHubs,low,Africa_Eastern,missing,biomass,biomass cogen,electricity,missing,missing,missing,missing,missing,missing,EJ
5,0.0,0.0,0.0,0.0,0.0,5.13215e-05,0.000430635,0.00133662,0.00308632,innovation-DACHubs,low,Africa_Eastern,missing,coal,coal (IGCC CCS),electricity,missing,missing,missing,missing,missing,missing,EJ
6,0.0,0.0,0.0,0.00203787,0.004247,0.00731278,0.0105065,0.0130275,0.0147554,innovation-DACHubs,low,Africa_Eastern,missing,coal,coal (IGCC),electricity,missing,missing,missing,missing,missing,missing,EJ
7,0.0,0.0,0.0,0.0,0.0,6.27388e-05,0.000469287,0.00130666,0.00277393,innovation-DACHubs,low,Africa_Eastern,missing,coal,coal (conv pul CCS),electricity,missing,missing,missing,missing,missing,missing,EJ
8,0.000661901,0.00468252,0.0126143,0.0186225,0.0244272,0.0318198,0.0368131,0.0386393,0.0379473,innovation-DACHubs,low,Africa_Eastern,missing,coal,coal (conv pul),electricity,missing,missing,missing,missing,missing,missing,EJ
9,0.0,0.0,9.31487e-06,1.45489e-05,2.59273e-05,4.19651e-05,7.67086e-05,0.000106819,0.000135716,innovation-DACHubs,low,Africa_Eastern,missing,gas,biogas cogen,electricity,missing,missing,missing,missing,missing,missing,EJ
10,0.0,0.0,0.0,0.0,0.0,0.00146366,0.00510693,0.0103592,0.0175904,innovation-DACHubs,low,Africa_Eastern,missing,gas,gas (CC CCS),electricity,missing,missing,missing,missing,missing,missing,EJ
11,0.0,0.0,0.00189441,0.00451601,0.00820144,0.0125736,0.0172849,0.0223367,0.027784,innovation-DACHubs,low,Africa_Eastern,missing,gas,gas (CC),electricity,missing,missing,missing,missing,missing,missing,EJ
12,0.0,0.0,0.00424196,0.00677104,0.00858515,0.0095446,0.00848732,0.00689123,0.00506432,innovation-DACHubs,low,Africa_Eastern,missing,gas,gas (steam/CT),electricity,missing,missing,missing,missing,missing,missing,EJ
13,0.00117369,0.00361098,0.0350802,0.0543542,0.0709054,0.0862876,0.10182,0.108079,0.11311,innovation-DACHubs,low,Africa_Eastern,missing,geothermal,geothermal,electricity,missing,missing,missing,missing,missing,missing,EJ
14,0.0220885,0.0372506,0.124544,0.152375,0.180205,0.208035,0.235866,0.263696,0.291526,innovation-DACHubs,low,Africa_Eastern,missing,hydro,hydro,electricity,missing,missing,missing,missing,missing,missing,EJ
15,0.0,0.0,0.000271835,0.000596822,0.00138066,0.00366457,0.00463482,0.00637233,0.00868467,innovation-DACHubs,low,Africa_Eastern,missing,hydrogen,hydrogen cogen,electricity,missing,missing,missing,missing,missing,missing,EJ
16,0.0,0.0,0.00217662,0.0183174,0.0471753,0.100317,0.20076,0.337519,0.519241,innovation-DACHubs,low,Africa_Eastern,missing,nuclear,Gen_III,electricity,missing,missing,missing,missing,missing,missing,EJ
17,0.0,0.0,0.0,0.0,0.0,0.0232401,0.0428319,0.049559,0.0552075,innovation-DACHubs,low,Africa_Eastern,missing,refined liquids,refined liquids (CC CCS),electricity,missing,missing,missing,missing,missing,missing,EJ
18,0.0,0.0,0.0296021,0.0517171,0.0641056,0.0598608,0.054556,0.04931,0.0504443,innovation-DACHubs,low,Africa_Eastern,missing,refined liquids,refined liquids (CC),electricity,missing,missing,missing,missing,missing,missing,EJ
19,0.0092828,0.0284467,0.0806916,0.0901678,0.0823611,0.0692805,0.0436656,0.0251283,0.0152569,innovation-DACHubs,low,Africa_Eastern,missing,refined liquids,refined liquids (steam/CT),electricity,missing,missing,missing,missing,missing,missing,EJ
20,0.0,0.0,0.0287641,0.0661409,0.150128,0.294334,0.476381,0.675267,0.891874,innovation-DACHubs,low,Africa_Eastern,missing,rooftop_pv,rooftop_pv,elect_td_bld,missing,missing,missing,missing,missing,missing,EJ
21,0.0,0.0,1.22088e-05,0.000187898,0.00137422,0.00624405,0.023548,0.0588483,0.120772,innovation-DACHubs,low,Africa_Eastern,missing,solar,CSP_storage,electricity,missing,missing,missing,missing,missing,missing,EJ
22,0.0,5.21026e-05,0.030238437,0.090284637,0.153027637,0.238752737,0.3818207369999999,0.5604,0.7656543,innovation-DACHubs,low,Africa_Eastern,missing,solar,PV,electricity,missing,missing,missing,missing,missing,missing,EJ
23,0.0,0.0,3.89001e-05,0.0004590941,0.0033742540999999,0.0171859540999999,0.0741231541,0.2052831541,0.450458254,innovation-DACHubs,low,Africa_Eastern,missing,solar,PV_storage,electricity,missing,missing,missing,missing,missing,missing,EJ
24,0.0,1.03005e-05,0.06500212,0.16815012,0.28467612,0.43606512,0.66824812,0.9416002,1.229833,innovation-DACHubs,low,Africa_Eastern,missing,wind,wind,electricity,missing,missing,missing,missing,missing,missing,EJ
25,0.0,0.0,0.000253662,0.002364372,0.009688462,0.031396262,0.093090462,0.2056508,0.39405809,innovation-DACHubs,low,Africa_Eastern,missing,wind,wind_offshore,electricity,missing,missing,missing,missing,missing,missing,EJ
26,0.0,0.0,0.000211121,0.0014933109999999,0.005963011,0.020122311,0.065290511,0.150835111,0.29030499,innovation-DACHubs,low,Africa_Eastern,missing,wind,wind_storage,electricity,missing,missing,missing,missing,missing,missing,EJ
27,0.0,0.0,0.0,0.0,0.0,0.00293684,0.00549285,0.00901422,0.0119887,innovation-DACHubs,low,Africa_Northern,missing,biomass,biomass (IGCC CCS),electricity,missing,missing,missing,missing,missing,missing,EJ
28,0.0,0.0,0.0,0.000435159,0.001269,0.00155963,0.00209437,0.00297948,0.00375565,innovation-DACHubs,low,Africa_Northern,missing,biomass,biomass (IGCC),electricity,missing,missing,missing,missing,missing,missing,EJ
29,0.0,0.0,0.0,0.0,0.0,6.44541e-05,0.000365637,0.00162234,0.00416934,innovation-DACHubs,low,Africa_Northern,missing,biomass,biomass (conv CCS),electricity,missing,missing,missing,missing,missing,missing,EJ
30,0.0,0.0,0.00196403,0.00310751,0.00523096,0.00500387,0.00586454,0.00604395,0.00559662,innovation-DACHubs,low,Africa_Northern,missing,biomass,biomass (conv),electricity,missing,missing,missing,missing,missing,missing,EJ
31,0.0,0.0,4.72115e-06,4.06263e-06,3.57218e-06,3.48866e-06,4.95651e-06,4.38752e-06,3.83351e-06,innovation-DACHubs,low,Africa_Northern,missing,biomass,biomass cogen,electricity,missing,missing,missing,missing,missing,missing,EJ
32,0.0,0.0,0.0,0.0,0.0,7.31212e-05,0.000392908,0.00141678,0.00312598,innovation-DACHubs,low,Africa_Northern,missing,coal,coal (IGCC CCS),electricity,missing,missing,missing,missing,missing,missing,EJ
33,0.0,0.0,0.0,0.0040919,0.00961666,0.0142384,0.0169891,0.0199091,0.0216078,innovation-DACHubs,low,Africa_Northern,missing,coal,coal (IGCC),electricity,missing,missing,missing,missing,missing,missing,EJ
34,0.0,0.0,0.0,0.0,0.0,9.01697e-05,0.000437723,0.00139831,0.00285109,innovation-DACHubs,low,Africa_Northern,missing,coal,coal (conv pul CCS),electricity,missing,missing,missing,missing,missing,missing,EJ
35,0.00796429,0.0458413,0.0870657,0.0965774,0.107494,0.113569,0.110102,0.101565,0.0885628,innovation-DACHubs,low,Africa_Northern,missing,coal,coal (conv pul),electricity,missing,missing,missing,missing,missing,missing,EJ
36,0.0,0.0,0.000299113,0.000351538,0.000402081,0.000462562,0.000882309,0.00106278,0.00121569,innovation-DACHubs,low,Africa_Northern,missing,gas,biogas cogen,electricity,missing,missing,missing,missing,missing,missing,EJ
37,0.0,0.0,0.0,0.0,0.0,0.0262251,0.0708868,0.160982,0.265202,innovation-DACHubs,low,Africa_Northern,missing,gas,gas (CC CCS),electricity,missing,missing,missing,missing,missing,missing,EJ
38,0.0752972,0.198004,0.547991,0.671688,0.872853,1.01421,1.06446,1.15085,1.22204,innovation-DACHubs,low,Africa_Northern,missing,gas,gas (CC),electricity,missing,missing,missing,missing,missing,missing,EJ
39,0.0604991,0.284393,0.568586,0.601153,0.635841,0.625403,0.547342,0.463956,0.37446,innovation-DACHubs,low,Africa_Northern,missing,gas,gas (steam/CT),electricity,missing,missing,missing,missing,missing,missing,EJ
40,0.0,0.0,0.00126097,0.000987099,0.000905003,0.000978931,0.0010372,0.000901806,0.000766588,innovation-DACHubs,low,Africa_Northern,missing,gas,gas cogen,electricity,missing,missing,missing,missing,missing,missing,EJ
41,0.0,0.0,0.00886318,0.0177809,0.0306224,0.0414631,0.0522746,0.0675667,0.0754354,innovation-DACHubs,low,Africa_Northern,missing,geothermal,geothermal,electricity,missing,missing,missing,missing,missing,missing,EJ
42,0.0408229,0.0516283,0.0615764,0.0667426,0.0719089,0.0770751,0.0822413,0.0874075,0.0925738,innovation-DACHubs,low,Africa_Northern,missing,hydro,hydro,electricity,missing,missing,missing,missing,missing,missing,EJ
43,0.0,0.0,0.000120565,0.000250019,0.000427684,0.000799343,0.00126185,0.00166223,0.00215095,innovation-DACHubs,low,Africa_Northern,missing,hydrogen,hydrogen cogen,electricity,missing,missing,missing,missing,missing,missing,EJ
44,0.0,0.0,0.00108679,0.00597432,0.0176596,0.0316059,0.0480883,0.0813531,0.123729,innovation-DACHubs,low,Africa_Northern,missing,nuclear,Gen_III,electricity,missing,missing,missing,missing,missing,missing,EJ
45,0.0,0.0,0.0,0.0,0.0,0.0378229,0.0572937,0.10899,0.149585,innovation-DACHubs,low,Africa_Northern,missing,refined liquids,refined liquids (CC CCS),electricity,missing,missing,missing,missing,missing,missing,EJ
46,0.0,0.0,0.0560367,0.0742499,0.138645,0.136182,0.143544,0.174326,0.188418,innovation-DACHubs,low,Africa_Northern,missing,refined liquids,refined liquids (CC),electricity,missing,missing,missing,missing,missing,missing,EJ
47,0.117712,0.127327,0.182743,0.171332,0.177919,0.169889,0.159855,0.136092,0.115188,innovation-DACHubs,low,Africa_Northern,missing,refined liquids,refined liquids (steam/CT),electricity,missing,missing,missing,missing,missing,missing,EJ
48,0.0,0.0,0.0711655,0.220289,0.321927,0.429524,0.639079,0.826137,1.00586,innovation-DACHubs,low,Africa_Northern,missing,rooftop_pv,rooftop_pv,elect_td_bld,missing,missing,missing,missing,missing,missing,EJ
49,0.0,0.0,1.44014e-05,1.44014e-05,1.44014e-05,1.44014e-05,1.44014e-05,0.0,0.0,innovation-DACHubs,low,Africa_Northern,missing,solar,CSP,electricity,missing,missing,missing,missing,missing,missing,EJ
50,0.0,0.0,4.18756e-06,2.66832e-05,0.000203181,0.000835826,0.00301278,0.0101519,0.0227335,innovation-DACHubs,low,Africa_Northern,missing,solar,CSP_storage,electricity,missing,missing,missing,missing,missing,missing,EJ
51,0.0,7.19924e-06,0.02214501,0.06483901,0.14718211,0.21337821,0.25120601,0.3086708999999999,0.3511006,innovation-DACHubs,low,Africa_Northern,missing,solar,PV,electricity,missing,missing,missing,missing,missing,missing,EJ
52,0.0,0.0,1.43299e-05,7.227279999999999e-05,0.0005407418,0.0024852618,0.0102915018,0.0393346018,0.0941300719,innovation-DACHubs,low,Africa_Northern,missing,solar,PV_storage,electricity,missing,missing,missing,missing,missing,missing,EJ
53,0.0,0.0028798,0.046653,0.0781444,0.1331231,0.1857104,0.2425749999999999,0.3260640999999999,0.410516,innovation-DACHubs,low,Africa_Northern,missing,wind,wind,electricity,missing,missing,missing,missing,missing,missing,EJ
54,0.0,0.0,0.000278159,0.001623349,0.008636489,0.024151789,0.055779689,0.14026073,0.26077154,innovation-DACHubs,low,Africa_Northern,missing,wind,wind_offshore,electricity,missing,missing,missing,missing,missing,missing,EJ
55,0.0,0.0,0.000134692,0.000448267,0.001495057,0.003215427,0.006174657,0.014087077,0.026717585,innovation-DACHubs,low,Africa_Northern,missing,wind,wind_storage,electricity,missing,missing,missing,missing,missing,missing,EJ
56,0.0,0.0,0.0,0.0,0.0,0.000626757,0.00122002,0.00251208,0.00423655,innovation-DACHubs,low,Africa_Southern,missing,biomass,biomass (IGCC CCS),electricity,missing,missing,missing,missing,missing,missing,EJ
57,0.0,0.0,0.0,7.95e-05,0.000271754,0.000355009,0.000486264,0.000893052,0.00159759,innovation-DACHubs,low,Africa_Southern,missing,biomass,biomass (IGCC),electricity,missing,missing,missing,missing,missing,missing,EJ
58,0.0,0.0,0.0,0.0,0.0,1.45411e-05,8.92386e-05,0.000575677,0.00208322,innovation-DACHubs,low,Africa_Southern,missing,biomass,biomass (conv CCS),electricity,missing,missing,missing,missing,missing,missing,EJ
59,0.0,0.0,0.000840943,0.00110504,0.0016824,0.00183835,0.00208606,0.00270286,0.00356706,innovation-DACHubs,low,Africa_Southern,missing,biomass,biomass (conv),electricity,missing,missing,missing,missing,missing,missing,EJ
60,0.0,0.0,8.52348e-05,7.82435e-05,6.10703e-05,6.26321e-05,9.02e-05,8.02486e-05,6.61576e-05,innovation-DACHubs,low,Africa_Southern,missing,biomass,biomass cogen,electricity,missing,missing,missing,missing,missing,missing,EJ
61,0.0,0.0,0.0,0.0,0.0,0.00010113,0.000625001,0.00346444,0.0107823,innovation-DACHubs,low,Africa_Southern,missing,coal,coal (IGCC CCS),electricity,missing,missing,missing,missing,missing,missing,EJ
62,0.0,0.0,0.0,0.00308144,0.00955177,0.0153238,0.0198051,0.0281734,0.0381081,innovation-DACHubs,low,Africa_Southern,missing,coal,coal (IGCC),electricity,missing,missing,missing,missing,missing,missing,EJ
63,0.0,0.0,0.0,0.0,0.0,0.00012652,0.000693609,0.00332644,0.00943233,innovation-DACHubs,low,Africa_Southern,missing,coal,coal (conv pul CCS),electricity,missing,missing,missing,missing,missing,missing,EJ
64,0.0213304,0.0204676,0.0387961,0.0475718,0.0645614,0.0775209,0.0828549,0.0912145,0.0992088,innovation-DACHubs,low,Africa_Southern,missing,coal,coal (conv pul),electricity,missing,missing,missing,missing,missing,missing,EJ
65,0.0,0.0,3.63693e-05,5.22335e-05,6.81166e-05,9.65444e-05,0.000206918,0.000298164,0.000390776,innovation-DACHubs,low,Africa_Southern,missing,gas,biogas cogen,electricity,missing,missing,missing,missing,missing,missing,EJ
66,0.0,0.0,0.0,0.0,0.0,0.00267278,0.00746221,0.0232327,0.0516839,innovation-DACHubs,low,Africa_Southern,missing,gas,gas (CC CCS),electricity,missing,missing,missing,missing,missing,missing,EJ
67,0.0,0.000782675,0.013924,0.0196435,0.0344191,0.0447715,0.0515036,0.0692217,0.0959395,innovation-DACHubs,low,Africa_Southern,missing,gas,gas (CC),electricity,missing,missing,missing,missing,missing,missing,EJ
68,0.0,0.00337894,0.0214612,0.0243559,0.0296325,0.0306545,0.0290823,0.0283351,0.027388,innovation-DACHubs,low,Africa_Southern,missing,gas,gas (steam/CT),electricity,missing,missing,missing,missing,missing,missing,EJ
69,0.0,0.0,0.000371043,0.00117751,0.00356048,0.00624172,0.0102092,0.0209198,0.0359466,innovation-DACHubs,low,Africa_Southern,missing,geothermal,geothermal,electricity,missing,missing,missing,missing,missing,missing,EJ
70,0.0548817,0.120117,0.175234,0.188839,0.202445,0.216051,0.229657,0.243262,0.256868,innovation-DACHubs,low,Africa_Southern,missing,hydro,hydro,electricity,missing,missing,missing,missing,missing,missing,EJ
71,0.0,0.0,0.000351292,0.00078355,0.00134061,0.00322161,0.00478268,0.0069289,0.0096421,innovation-DACHubs,low,Africa_Southern,missing,hydrogen,hydrogen cogen,electricity,missing,missing,missing,missing,missing,missing,EJ
72,0.0,0.0,3.5649e-05,0.000315773,0.00138625,0.00278851,0.00492831,0.0122665,0.0270017,innovation-DACHubs,low,Africa_Southern,missing,nuclear,Gen_III,electricity,missing,missing,missing,missing,missing,missing,EJ
73,0.0,0.0,0.0,0.0,0.0,0.0318594,0.0648799,0.159331,0.276164,innovation-DACHubs,low,Africa_Southern,missing,refined liquids,refined liquids (CC CCS),electricity,missing,missing,missing,missing,missing,missing,EJ
74,0.0,0.0,0.0162389,0.0394737,0.109834,0.140696,0.161568,0.224322,0.294641,innovation-DACHubs,low,Africa_Southern,missing,refined liquids,refined liquids (CC),electricity,missing,missing,missing,missing,missing,missing,EJ
75,0.00254618,0.00617975,0.0374457,0.0564677,0.0896545,0.0985934,0.0986233,0.097829,0.092456,innovation-DACHubs,low,Africa_Southern,missing,refined liquids,refined liquids (steam/CT),electricity,missing,missing,missing,missing,missing,missing,EJ
76,0.0,0.0,0.0406568,0.0854826,0.154425,0.25594,0.424163,0.607645,0.820511,innovation-DACHubs,low,Africa_Southern,missing,rooftop_pv,rooftop_pv,elect_td_bld,missing,missing,missing,missing,missing,missing,EJ
77,0.0,0.0,2.08529e-07,3.39765e-06,4.44393e-05,0.000173986,0.000562634,0.00257549,0.00801889,innovation-DACHubs,low,Africa_Southern,missing,solar,CSP_storage,electricity,missing,missing,missing,missing,missing,missing,EJ
78,0.0,1.12e-05,0.000633587,0.0016583269999999,0.004222007,0.006376077,0.008865237,0.016185821,0.02896022,innovation-DACHubs,low,Africa_Southern,missing,solar,PV,electricity,missing,missing,missing,missing,missing,missing,EJ
79,0.0,0.0,6.29822e-07,7.835842e-06,0.000102707742,0.000446742742,0.001639262742,0.008592272742,0.02856764292,innovation-DACHubs,low,Africa_Southern,missing,solar,PV_storage,electricity,missing,missing,missing,missing,missing,missing,EJ
80,0.0,2.20001e-06,0.0005652444,0.0018449944,0.0058644944,0.0102944043999999,0.0166247244,0.0355274349999999,0.0666149799999999,innovation-DACHubs,low,Africa_Southern,missing,wind,wind,electricity,missing,missing,missing,missing,missing,missing,EJ
81,0.0,0.0,6.89836e-06,7.586796e-05,0.00070688496,0.00234419496,0.00703219496,0.0312309965999999,0.091490127,innovation-DACHubs,low,Africa_Southern,missing,wind,wind_offshore,electricity,missing,missing,missing,missing,missing,missing,EJ
82,0.0,0.0,2.11662e-06,1.12622e-05,6.18636e-05,0.0001569803,0.0003713073,0.0013207183,0.00367494168,innovation-DACHubs,low,Africa_Southern,missing,wind,wind_storage,electricity,missing,missing,missing,missing,missing,missing,EJ
83,0.0,0.0,0.0,0.0,0.0,0.00591657,0.0123847,0.020509,0.0291543,innovation-DACHubs,low,Africa_Western,missing,biomass,biomass (IGCC CCS),electricity,missing,missing,missing,missing,missing,missing,EJ
84,0.0,0.0,0.0,0.000465488,0.00179829,0.00245399,0.00378498,0.00596839,0.00877201,innovation-DACHubs,low,Africa_Western,missing,biomass,biomass (IGCC),electricity,missing,missing,missing,missing,missing,missing,EJ
85,0.0,0.0,0.0,0.0,0.0,0.000139384,0.000957825,0.00406575,0.0118946,innovation-DACHubs,low,Africa_Western,missing,biomass,biomass (conv CCS),electricity,missing,missing,missing,missing,missing,missing,EJ
86,0.000169199,0.0006156,0.00194473,0.00328499,0.00733056,0.00812907,0.0106309,0.0127004,0.0142432,innovation-DACHubs,low,Africa_Western,missing,biomass,biomass (conv),electricity,missing,missing,missing,missing,missing,missing,EJ
87,0.0,0.0,0.000554527,0.000545663,0.000606897,0.000770899,0.00110018,0.00120936,0.00128476,innovation-DACHubs,low,Africa_Western,missing,biomass,biomass cogen,electricity,missing,missing,missing,missing,missing,missing,EJ
88,0.0,0.0,0.0,0.0,0.0,1.532e-05,0.000115905,0.00046924,0.00131457,innovation-DACHubs,low,Africa_Western,missing,coal,coal (IGCC CCS),electricity,missing,missing,missing,missing,missing,missing,EJ
89,0.0,0.0,0.0,0.000243,0.000927966,0.00181243,0.00266359,0.0036793,0.00473086,innovation-DACHubs,low,Africa_Western,missing,coal,coal (IGCC),electricity,missing,missing,missing,missing,missing,missing,EJ
90,0.0,0.0,0.0,0.0,0.0,1.91397e-05,0.000127641,0.000456231,0.00116633,innovation-DACHubs,low,Africa_Western,missing,coal,coal (conv pul CCS),electricity,missing,missing,missing,missing,missing,missing,EJ
91,0.000469068,0.00274717,0.00166561,0.00238377,0.00426685,0.00651095,0.0076483,0.00897369,0.0100958,innovation-DACHubs,low,Africa_Western,missing,coal,coal (conv pul),electricity,missing,missing,missing,missing,missing,missing,EJ
92,0.0,0.0,0.000143996,0.000203734,0.000321341,0.000523012,0.00114159,0.00185231,0.00275921,innovation-DACHubs,low,Africa_Western,missing,gas,biogas cogen,electricity,missing,missing,missing,missing,missing,missing,EJ
93,0.0,0.0,0.0,0.0,0.0,0.026734,0.0829145,0.187774,0.342296,innovation-DACHubs,low,Africa_Western,missing,gas,gas (CC CCS),electricity,missing,missing,missing,missing,missing,missing,EJ
94,0.00903382,0.0270922,0.020429,0.0440541,0.135043,0.236363,0.320769,0.435505,0.573375,innovation-DACHubs,low,Africa_Western,missing,gas,gas (CC),electricity,missing,missing,missing,missing,missing,missing,EJ
95,0.0176241,0.046229,0.149307,0.163873,0.207834,0.224491,0.198744,0.171701,0.144945,innovation-DACHubs,low,Africa_Western,missing,gas,gas (steam/CT),electricity,missing,missing,missing,missing,missing,missing,EJ
96,0.0,0.0,0.00175342,0.00592279,0.019445,0.0367767,0.0611385,0.0958448,0.132474,innovation-DACHubs,low,Africa_Western,missing,geothermal,geothermal,electricity,missing,missing,missing,missing,missing,missing,EJ
97,0.0804331,0.108752,0.160889,0.203657,0.246425,0.289193,0.331962,0.37473,0.417498,innovation-DACHubs,low,Africa_Western,missing,hydro,hydro,electricity,missing,missing,missing,missing,missing,missing,EJ
98,0.0,0.0,0.00036104,0.000833493,0.00186426,0.00502371,0.00815563,0.0135642,0.0225873,innovation-DACHubs,low,Africa_Western,missing,hydrogen,hydrogen cogen,electricity,missing,missing,missing,missing,missing,missing,EJ
99,0.0,0.0,0.000170882,0.00169526,0.00893596,0.0216207,0.0440624,0.0896738,0.165979,innovation-DACHubs,low,Africa_Western,missing,nuclear,Gen_III,electricity,missing,missing,missing,missing,missing,missing,EJ
100,0.0,0.0,0.0,0.0,0.0,0.0167848,0.0338709,0.0667888,0.101,innovation-DACHubs,low,Africa_Western,missing,refined liquids,refined liquids (CC CCS),electricity,missing,missing,missing,missing,missing,missing,EJ
101,0.0,0.0,0.00378243,0.00867907,0.0329096,0.0408284,0.0514232,0.0764788,0.0970048,innovation-DACHubs,low,Africa_Western,missing,refined liquids,refined liquids (CC),electricity,missing,missing,missing,missing,missing,missing,EJ
102,0.0167247,0.0221465,0.0308378,0.0306395,0.0386535,0.0391303,0.0353334,0.0320935,0.0268012,innovation-DACHubs,low,Africa_Western,missing,refined liquids,refined liquids (steam/CT),electricity,missing,missing,missing,missing,missing,missing,EJ
103,0.0,0.0,0.0279396,0.0722375,0.134976,0.247973,0.486137,0.832156,1.3126,innovation-DACHubs,low,Africa_Western,missing,rooftop_pv,rooftop_pv,elect_td_bld,missing,missing,missing,missing,missing,missing,EJ
104,0.0,0.0,1.3911e-06,1.67518e-05,0.000258102,0.00142575,0.00596471,0.0200118,0.0516606,innovation-DACHubs,low,Africa_Western,missing,solar,CSP_storage,electricity,missing,missing,missing,missing,missing,missing,EJ
105,0.0,1.95e-05,0.00712138,0.01849518,0.05207888,0.08464878,0.11831188,0.1702246399999999,0.2421168,innovation-DACHubs,low,Africa_Western,missing,solar,PV,electricity,missing,missing,missing,missing,missing,missing,EJ
106,0.0,0.0,3.75811e-06,3.480131e-05,0.0005337373099999999,0.0033068173099999,0.01576321731,0.05917481731,0.1631410592,innovation-DACHubs,low,Africa_Western,missing,solar,PV_storage,electricity,missing,missing,missing,missing,missing,missing,EJ
107,0.0,9e-06,0.004012005,0.014001115,0.050636415,0.102236715,0.181053815,0.31171113,0.49291481,innovation-DACHubs,low,Africa_Western,missing,wind,wind,electricity,missing,missing,missing,missing,missing,missing,EJ
108,0.0,0.0,2.70553e-05,0.0003357843,0.0038472943,0.0155778943,0.0487852943,0.123557539,0.23436081,innovation-DACHubs,low,Africa_Western,missing,wind,wind_offshore,electricity,missing,missing,missing,missing,missing,missing,EJ
109,0.0,0.0,1.12705e-05,7.42976e-05,0.0005494936,0.0018242436,0.0055120636,0.0168370636,0.0435025931,innovation-DACHubs,low,Africa_Western,missing,wind,wind_storage,electricity,missing,missing,missing,missing,missing,missing,EJ
110,0.0,0.0,0.0,0.0,0.0,0.00160641,0.00379866,0.00716511,0.00971594,innovation-DACHubs,low,Australia_NZ,missing,biomass,biomass (IGCC CCS),electricity,missing,missing,missing,missing,missing,missing,EJ
111,0.0,0.0,0.0,0.000377913,0.00080668,0.000838859,0.00118546,0.00181938,0.0022183,innovation-DACHubs,low,Australia_NZ,missing,biomass,biomass (IGCC),electricity,missing,missing,missing,missing,missing,missing,EJ
112,0.0,0.0,0.0,0.0,0.0,3.83096e-05,0.000315743,0.00167021,0.00422281,innovation-DACHubs,low,Australia_NZ,missing,biomass,biomass (conv CCS),electricity,missing,missing,missing,missing,missing,missing,EJ
113,0.0,0.00187915,0.00266559,0.00324939,0.00389042,0.00318777,0.00377677,0.00404991,0.00354977,innovation-DACHubs,low,Australia_NZ,missing,biomass,biomass (conv),electricity,missing,missing,missing,missing,missing,missing,EJ
114,0.00399456,0.0108301,0.00898182,0.00753692,0.00640653,0.00633147,0.00840391,0.00777831,0.00686045,innovation-DACHubs,low,Australia_NZ,missing,biomass,biomass cogen,electricity,missing,missing,missing,missing,missing,missing,EJ
115,0.0,0.0,0.0,0.0,0.0,0.000298547,0.00233169,0.00952498,0.0200643,innovation-DACHubs,low,Australia_NZ,missing,coal,coal (IGCC CCS),electricity,missing,missing,missing,missing,missing,missing,EJ
116,0.0,0.0,0.0,0.0252286,0.0486942,0.0635189,0.0764123,0.0904936,0.0951877,innovation-DACHubs,low,Australia_NZ,missing,coal,coal (IGCC),electricity,missing,missing,missing,missing,missing,missing,EJ
117,0.0,0.0,0.0,0.0,0.0,0.000400549,0.00279689,0.0100876,0.0197406,innovation-DACHubs,low,Australia_NZ,missing,coal,coal (conv pul CCS),electricity,missing,missing,missing,missing,missing,missing,EJ
118,0.438993,0.672492,0.700641,0.756877,0.787966,0.777331,0.729682,0.636081,0.504253,innovation-DACHubs,low,Australia_NZ,missing,coal,coal (conv pul),electricity,missing,missing,missing,missing,missing,missing,EJ
119,0.000708817,0.00232755,0.00179883,0.00107971,0.000758272,0.000784557,0.000426991,0.000229112,0.000152205,innovation-DACHubs,low,Australia_NZ,missing,coal,coal cogen,electricity,missing,missing,missing,missing,missing,missing,EJ
120,0.0,0.0,0.000230044,0.000258741,0.000269818,0.000309267,0.000568435,0.000688219,0.000772094,innovation-DACHubs,low,Australia_NZ,missing,gas,biogas cogen,electricity,missing,missing,missing,missing,missing,missing,EJ
121,0.0,0.0,0.0,0.0,0.0,0.00515817,0.0166752,0.041845,0.0674646,innovation-DACHubs,low,Australia_NZ,missing,gas,gas (CC CCS),electricity,missing,missing,missing,missing,missing,missing,EJ
122,0.0392072,0.0562996,0.0388044,0.06023,0.0898412,0.105738,0.11684,0.13675,0.150252,innovation-DACHubs,low,Australia_NZ,missing,gas,gas (CC),electricity,missing,missing,missing,missing,missing,missing,EJ
123,0.0329209,0.0523672,0.180738,0.179676,0.174566,0.158632,0.119033,0.0891583,0.062868,innovation-DACHubs,low,Australia_NZ,missing,gas,gas (steam/CT),electricity,missing,missing,missing,missing,missing,missing,EJ
124,0.000622289,0.0135637,0.0247975,0.0179052,0.0157119,0.0157682,0.0149152,0.0134676,0.0116775,innovation-DACHubs,low,Australia_NZ,missing,gas,gas cogen,electricity,missing,missing,missing,missing,missing,missing,EJ
125,0.00746625,0.0111489,0.0418674,0.0548162,0.068545,0.0784716,0.0947597,0.102879,0.124838,innovation-DACHubs,low,Australia_NZ,missing,geothermal,geothermal,electricity,missing,missing,missing,missing,missing,missing,EJ
126,0.134392,0.139082,0.142893,0.149486,0.156079,0.162672,0.169265,0.175858,0.182451,innovation-DACHubs,low,Australia_NZ,missing,hydro,hydro,electricity,missing,missing,missing,missing,missing,missing,EJ
127,0.0,0.0,7.99677e-05,0.000148959,0.000228663,0.000439357,0.000631638,0.000808024,0.00101274,innovation-DACHubs,low,Australia_NZ,missing,hydrogen,hydrogen cogen,electricity,missing,missing,missing,missing,missing,missing,EJ
128,0.0,0.0,0.0,0.000922692,0.0026059,0.0042163,0.00923883,0.0245064,0.0454028,innovation-DACHubs,low,Australia_NZ,missing,nuclear,Gen_III,electricity,missing,missing,missing,missing,missing,missing,EJ
129,0.0,0.0,0.0,0.0,0.0,0.00142523,0.00277914,0.00592787,0.00690378,innovation-DACHubs,low,Australia_NZ,missing,refined liquids,refined liquids (CC CCS),electricity,missing,missing,missing,missing,missing,missing,EJ
130,0.0,0.0,0.00240426,0.00321346,0.00473321,0.00320174,0.00375412,0.00578761,0.00591674,innovation-DACHubs,low,Australia_NZ,missing,refined liquids,refined liquids (CC),electricity,missing,missing,missing,missing,missing,missing,EJ
131,0.0128229,0.0102417,0.0160259,0.0126696,0.0106315,0.00947309,0.00780852,0.00572348,0.00390632,innovation-DACHubs,low,Australia_NZ,missing,refined liquids,refined liquids (steam/CT),electricity,missing,missing,missing,missing,missing,missing,EJ
132,0.0,0.0,0.000172287,0.000194324,0.000203757,0.000240902,0.000265692,0.000269721,0.000267663,innovation-DACHubs,low,Australia_NZ,missing,refined liquids,refined liquids cogen,electricity,missing,missing,missing,missing,missing,missing,EJ
133,0.0,0.0,0.0109196,0.0478708,0.0699555,0.0925873,0.130229,0.160907,0.194338,innovation-DACHubs,low,Australia_NZ,missing,rooftop_pv,rooftop_pv,elect_td_bld,missing,missing,missing,missing,missing,missing,EJ
134,0.0,3.59991e-06,1.43856e-05,1.43856e-05,1.43856e-05,1.43856e-05,1.43856e-05,0.0,0.0,innovation-DACHubs,low,Australia_NZ,missing,solar,CSP,electricity,missing,missing,missing,missing,missing,missing,EJ
135,0.0,0.0,6.97288e-06,3.13895e-05,0.000137702,0.000407805,0.00182067,0.00766701,0.0171214,innovation-DACHubs,low,Australia_NZ,missing,solar,CSP_storage,electricity,missing,missing,missing,missing,missing,missing,EJ
136,0.0,0.000280793,0.0500404,0.1211721,0.2137905,0.271303,0.3291002,0.3958618,0.4396983,innovation-DACHubs,low,Australia_NZ,missing,solar,PV,electricity,missing,missing,missing,missing,missing,missing,EJ
137,0.0,0.0,2.11661e-05,7.65847e-05,0.0003232397,0.0010425707,0.0053877307,0.0256190307,0.0603672646,innovation-DACHubs,low,Australia_NZ,missing,solar,PV_storage,electricity,missing,missing,missing,missing,missing,missing,EJ
138,0.0,0.00539626,0.076977,0.1056742,0.1378223,0.1605039,0.1964241,0.2184874,0.2583368,innovation-DACHubs,low,Australia_NZ,missing,wind,wind,electricity,missing,missing,missing,missing,missing,missing,EJ
139,0.0,0.0,0.000398184,0.002126834,0.007497694,0.015936424,0.040565624,0.11364754,0.20664179,innovation-DACHubs,low,Australia_NZ,missing,wind,wind_offshore,electricity,missing,missing,missing,missing,missing,missing,EJ
140,0.0,0.0,0.000168023,0.0005310180000000001,0.001279867,0.002160666,0.004367166,0.010919446,0.0201811329999999,innovation-DACHubs,low,Australia_NZ,missing,wind,wind_storage,electricity,missing,missing,missing,missing,missing,missing,EJ
141,0.0,0.0,0.0,0.0,0.0,0.00400966,0.00775425,0.0120483,0.0153046,innovation-DACHubs,low,Brazil,missing,biomass,biomass (IGCC CCS),electricity,missing,missing,missing,missing,missing,missing,EJ
142,0.0,0.0,0.0,0.000734598,0.00180812,0.00206477,0.00260441,0.0032951,0.00373928,innovation-DACHubs,low,Brazil,missing,biomass,biomass (IGCC),electricity,missing,missing,missing,missing,missing,missing,EJ
143,0.0,0.0,0.0,0.0,0.0,9.22769e-05,0.000551848,0.00220745,0.00534258,innovation-DACHubs,low,Brazil,missing,biomass,biomass (conv CCS),electricity,missing,missing,missing,missing,missing,missing,EJ
144,0.0,0.0,0.00470207,0.00676464,0.00928754,0.00836607,0.00882564,0.00816639,0.00686722,innovation-DACHubs,low,Brazil,missing,biomass,biomass (conv),electricity,missing,missing,missing,missing,missing,missing,EJ
145,0.0138874,0.0488845,0.130592,0.107966,0.0850958,0.0769711,0.0867819,0.0748515,0.0630068,innovation-DACHubs,low,Brazil,missing,biomass,biomass cogen,electricity,missing,missing,missing,missing,missing,missing,EJ
146,0.0,0.0,0.0,0.0,0.0,0.000219499,0.00122529,0.00392299,0.00793736,innovation-DACHubs,low,Brazil,missing,coal,coal (IGCC CCS),electricity,missing,missing,missing,missing,missing,missing,EJ
147,0.0,0.0,0.0,0.0123719,0.0265901,0.0372472,0.0436856,0.0487065,0.0498962,innovation-DACHubs,low,Brazil,missing,coal,coal (IGCC),electricity,missing,missing,missing,missing,missing,missing,EJ
148,0.0,0.0,0.0,0.0,0.0,0.000274671,0.00137714,0.00391268,0.00732095,innovation-DACHubs,low,Brazil,missing,coal,coal (conv pul CCS),electricity,missing,missing,missing,missing,missing,missing,EJ
149,0.0097564,0.0219918,0.119904,0.155755,0.191858,0.214086,0.217328,0.208079,0.185446,innovation-DACHubs,low,Brazil,missing,coal,coal (conv pul),electricity,missing,missing,missing,missing,missing,missing,EJ
150,0.00735083,0.0166706,0.0164257,0.00992032,0.00653362,0.00599705,0.00248202,0.00130814,0.000874403,innovation-DACHubs,low,Brazil,missing,coal,coal cogen,electricity,missing,missing,missing,missing,missing,missing,EJ
151,0.0,0.0,0.000250155,0.000288018,0.000302626,0.00033486,0.000551271,0.000646628,0.000715141,innovation-DACHubs,low,Brazil,missing,gas,biogas cogen,electricity,missing,missing,missing,missing,missing,missing,EJ
152,0.0,0.0,0.0,0.0,0.0,0.0297289,0.0771662,0.156396,0.237787,innovation-DACHubs,low,Brazil,missing,gas,gas (CC CCS),electricity,missing,missing,missing,missing,missing,missing,EJ
153,0.0,0.0321801,0.220899,0.360863,0.553102,0.670793,0.71977,0.778785,0.812568,innovation-DACHubs,low,Brazil,missing,gas,gas (CC),electricity,missing,missing,missing,missing,missing,missing,EJ
154,4.31858e-05,0.0178595,0.223454,0.286547,0.339918,0.344674,0.281615,0.231788,0.180937,innovation-DACHubs,low,Brazil,missing,gas,gas (steam/CT),electricity,missing,missing,missing,missing,missing,missing,EJ
155,0.00112947,0.0177077,0.0337307,0.0262149,0.0222768,0.0217345,0.0182014,0.016153,0.0138949,innovation-DACHubs,low,Brazil,missing,gas,gas cogen,electricity,missing,missing,missing,missing,missing,missing,EJ
156,0.0,0.0,0.00914146,0.0259194,0.0512068,0.0741406,0.101591,0.143162,0.177049,innovation-DACHubs,low,Brazil,missing,geothermal,geothermal,electricity,missing,missing,missing,missing,missing,missing,EJ
157,0.744149,1.21485,1.33772,1.38037,1.42302,1.46567,1.50832,1.55097,1.59362,innovation-DACHubs,low,Brazil,missing,hydro,hydro,electricity,missing,missing,missing,missing,missing,missing,EJ
158,0.0,0.0,0.000339919,0.000674305,0.0010345,0.00208196,0.00263473,0.00323777,0.00399427,innovation-DACHubs,low,Brazil,missing,hydrogen,hydrogen cogen,electricity,missing,missing,missing,missing,missing,missing,EJ
159,0.0,0.0,0.00907902,0.0206969,0.0367195,0.0510427,0.0689637,0.0997889,0.135057,innovation-DACHubs,low,Brazil,missing,nuclear,Gen_III,electricity,missing,missing,missing,missing,missing,missing,EJ
160,0.00805056,0.0354828,0.0490042,0.0467058,0.0433532,0.0387655,0.0330069,0.0265132,0.0200196,innovation-DACHubs,low,Brazil,missing,nuclear,Gen_II_LWR,electricity,missing,missing,missing,missing,missing,missing,EJ
161,0.0,0.0,0.0,0.0,0.0,0.0276719,0.0356117,0.0499793,0.0524963,innovation-DACHubs,low,Brazil,missing,refined liquids,refined liquids (CC CCS),electricity,missing,missing,missing,missing,missing,missing,EJ
162,0.0,0.0,0.0322442,0.0521102,0.0856234,0.0593546,0.0506328,0.0519655,0.0486066,innovation-DACHubs,low,Brazil,missing,refined liquids,refined liquids (CC),electricity,missing,missing,missing,missing,missing,missing,EJ
163,0.00848962,0.0296789,0.0946237,0.0900078,0.0868598,0.0681375,0.0519394,0.0355116,0.0269331,innovation-DACHubs,low,Brazil,missing,refined liquids,refined liquids (steam/CT),electricity,missing,missing,missing,missing,missing,missing,EJ
164,0.0092831,0.0123593,0.0110606,0.00991478,0.00983498,0.0111693,0.0100005,0.00828573,0.00755064,innovation-DACHubs,low,Brazil,missing,refined liquids,refined liquids cogen,electricity,missing,missing,missing,missing,missing,missing,EJ
165,0.0,0.0,0.0383778,0.196924,0.309932,0.389377,0.485226,0.567066,0.653172,innovation-DACHubs,low,Brazil,missing,rooftop_pv,rooftop_pv,elect_td_bld,missing,missing,missing,missing,missing,missing,EJ
166,0.0,0.0,1.05222e-05,7.61557e-05,0.000441135,0.00153121,0.00546928,0.0184355,0.0411766,innovation-DACHubs,low,Brazil,missing,solar,CSP_storage,electricity,missing,missing,missing,missing,missing,missing,EJ
167,0.0,0.0,0.012103237,0.064573337,0.173591337,0.269904037,0.3512967369999999,0.4499107,0.5214897,innovation-DACHubs,low,Brazil,missing,solar,PV,electricity,missing,missing,missing,missing,missing,missing,EJ
168,0.0,0.0,7.59658e-06,4.320768e-05,0.00024674668,0.00094800868,0.00388599868,0.01480949868,0.0352145021,innovation-DACHubs,low,Brazil,missing,solar,PV_storage,electricity,missing,missing,missing,missing,missing,missing,EJ
169,0.0,0.000334846,0.1820416,0.3116685999999999,0.4805785999999999,0.6205265999999999,0.7738495999999999,0.928221,1.059403,innovation-DACHubs,low,Brazil,missing,wind,wind,electricity,missing,missing,missing,missing,missing,missing,EJ
170,0.0,0.0,7.77644e-05,0.0004913173999999999,0.0020125874,0.0047667874,0.0101286474,0.0223608829999999,0.0389997299999999,innovation-DACHubs,low,Brazil,missing,wind,wind_offshore,electricity,missing,missing,missing,missing,missing,missing,EJ
171,0.0,0.0,0.000313212,0.001228092,0.003770532,0.007743132,0.015478802,0.033527202,0.05900349,innovation-DACHubs,low,Brazil,missing,wind,wind_storage,electricity,missing,missing,missing,missing,missing,missing,EJ
172,0.0,0.0,0.0,0.0,0.0,0.00537606,0.0131168,0.0195454,0.0236709,innovation-DACHubs,low,Canada,missing,biomass,biomass (IGCC CCS),electricity,missing,missing,missing,missing,missing,missing,EJ
173,0.0,0.0,0.0,0.0019223,0.0038138,0.00420673,0.00549602,0.00651764,0.00658214,innovation-DACHubs,low,Canada,missing,biomass,biomass (IGCC),electricity,missing,missing,missing,missing,missing,missing,EJ
174,0.0,0.0,0.0,0.0,0.0,0.000126287,0.00113815,0.00371668,0.00801346,innovation-DACHubs,low,Canada,missing,biomass,biomass (conv CCS),electricity,missing,missing,missing,missing,missing,missing,EJ
175,0.0142055,0.0305674,0.0516193,0.0549948,0.05563,0.0492613,0.0444769,0.0329524,0.0213415,innovation-DACHubs,low,Canada,missing,biomass,biomass (conv),electricity,missing,missing,missing,missing,missing,missing,EJ
176,0.0,0.0,0.0,0.0,0.0,0.000148427,0.00131689,0.00375967,0.00718432,innovation-DACHubs,low,Canada,missing,coal,coal (IGCC CCS),electricity,missing,missing,missing,missing,missing,missing,EJ
177,0.0,0.0,0.0,0.0134224,0.0256649,0.0338187,0.0429804,0.0492342,0.0503988,innovation-DACHubs,low,Canada,missing,coal,coal (IGCC),electricity,missing,missing,missing,missing,missing,missing,EJ
178,0.0,0.0,0.0,0.0,0.0,0.00019863,0.00155259,0.00396138,0.0070275,innovation-DACHubs,low,Canada,missing,coal,coal (conv pul CCS),electricity,missing,missing,missing,missing,missing,missing,EJ
179,0.29599,0.362107,0.310109,0.344016,0.365609,0.367723,0.358103,0.32522,0.266059,innovation-DACHubs,low,Canada,missing,coal,coal (conv pul),electricity,missing,missing,missing,missing,missing,missing,EJ
180,0.0,0.0,0.000711489,0.000903605,0.000852594,0.000830723,0.00120753,0.0012825,0.00133694,innovation-DACHubs,low,Canada,missing,gas,biogas cogen,electricity,missing,missing,missing,missing,missing,missing,EJ
181,0.0,0.0,0.0,0.0,0.0,0.00826211,0.0314372,0.0604959,0.0867567,innovation-DACHubs,low,Canada,missing,gas,gas (CC CCS),electricity,missing,missing,missing,missing,missing,missing,EJ
182,0.0338349,0.0870798,0.052271,0.0834852,0.126908,0.154888,0.18686,0.214751,0.226598,innovation-DACHubs,low,Canada,missing,gas,gas (CC),electricity,missing,missing,missing,missing,missing,missing,EJ
183,0.00100202,0.0574988,0.256119,0.267266,0.270119,0.25287,0.200773,0.144835,0.0917324,innovation-DACHubs,low,Canada,missing,gas,gas (steam/CT),electricity,missing,missing,missing,missing,missing,missing,EJ
184,0.0,0.0,0.000208458,0.000150012,0.000120774,0.000107257,7.46183e-05,5.28775e-05,3.76919e-05,innovation-DACHubs,low,Canada,missing,gas,gas cogen,electricity,missing,missing,missing,missing,missing,missing,EJ
185,0.0,0.0,0.00675931,0.011973,0.0173148,0.0213804,0.0318364,0.0432345,0.0481289,innovation-DACHubs,low,Canada,missing,geothermal,geothermal,electricity,missing,missing,missing,missing,missing,missing,EJ
186,1.06835,1.30301,1.40009,1.42433,1.44857,1.4728,1.49704,1.52128,1.54552,innovation-DACHubs,low,Canada,missing,hydro,hydro,electricity,missing,missing,missing,missing,missing,missing,EJ
187,0.0,0.0,0.000285341,0.000571542,0.000822753,0.00146929,0.00157316,0.00164294,0.00180249,innovation-DACHubs,low,Canada,missing,hydrogen,hydrogen cogen,electricity,missing,missing,missing,missing,missing,missing,EJ
188,0.0,0.0,0.125942,0.230478,0.336264,0.415386,0.567032,0.749727,0.917476,innovation-DACHubs,low,Canada,missing,nuclear,Gen_III,electricity,missing,missing,missing,missing,missing,missing,EJ
189,0.262679,0.331342,0.338394,0.322522,0.299372,0.267692,0.227926,0.183085,0.138244,innovation-DACHubs,low,Canada,missing,nuclear,Gen_II_LWR,electricity,missing,missing,missing,missing,missing,missing,EJ
190,0.0,0.0,0.0,0.0,0.0,0.00498727,0.0123334,0.0172431,0.0189656,innovation-DACHubs,low,Canada,missing,refined liquids,refined liquids (CC CCS),electricity,missing,missing,missing,missing,missing,missing,EJ
191,0.0,0.0,0.00918964,0.0140607,0.0213472,0.0189985,0.020649,0.0213368,0.0192077,innovation-DACHubs,low,Canada,missing,refined liquids,refined liquids (CC),electricity,missing,missing,missing,missing,missing,missing,EJ
192,0.0592843,0.0563432,0.0258408,0.0276658,0.0279343,0.0255236,0.0192735,0.0139254,0.00993756,innovation-DACHubs,low,Canada,missing,refined liquids,refined liquids (steam/CT),electricity,missing,missing,missing,missing,missing,missing,EJ
193,0.0,0.0,0.000780587,0.0110169,0.0312118,0.0462184,0.0495758,0.0467582,0.0480963,innovation-DACHubs,low,Canada,missing,rooftop_pv,rooftop_pv,elect_td_bld,missing,missing,missing,missing,missing,missing,EJ
194,0.0,0.0,0.00113289,0.00353747,0.00896715,0.0178958,0.0614097,0.163282,0.305686,innovation-DACHubs,low,Canada,missing,solar,CSP_storage,electricity,missing,missing,missing,missing,missing,missing,EJ
195,0.0,6.11996e-05,0.027954,0.0656044,0.1294159,0.1813376,0.2622725,0.3329606,0.382715,innovation-DACHubs,low,Canada,missing,solar,PV,electricity,missing,missing,missing,missing,missing,missing,EJ
196,0.0,0.0,1.11665e-05,2.90115e-05,7.04821e-05,0.0001492369,0.0005945699,0.0017718599,0.0035267934,innovation-DACHubs,low,Canada,missing,solar,PV_storage,electricity,missing,missing,missing,missing,missing,missing,EJ
197,0.0,0.00564116,0.1685082,0.2447096,0.3296489999999999,0.3934649999999999,0.516347,0.5712349999999999,0.6310108,innovation-DACHubs,low,Canada,missing,wind,wind,electricity,missing,missing,missing,missing,missing,missing,EJ
198,0.0,0.0,0.000638082,0.0032716119999999,0.011176232,0.024105032,0.070180232,0.15606415,0.26352762,innovation-DACHubs,low,Canada,missing,wind,wind_offshore,electricity,missing,missing,missing,missing,missing,missing,EJ
199,0.0,0.0,0.000252525,0.000822342,0.0020713019999999,0.0037385319999999,0.009344662,0.019589062,0.032505537,innovation-DACHubs,low,Canada,missing,wind,wind_storage,electricity,missing,missing,missing,missing,missing,missing,EJ
200,0.0,0.0,0.0,0.0,0.0,0.00855053,0.0174872,0.0260074,0.0340291,innovation-DACHubs,low,Central America and Caribbean,missing,biomass,biomass (IGCC CCS),electricity,missing,missing,missing,missing,missing,missing,EJ
201,0.0,0.0,0.0,0.00359882,0.00665869,0.00755178,0.00918267,0.0110334,0.0125282,innovation-DACHubs,low,Central America and Caribbean,missing,biomass,biomass (IGCC),electricity,missing,missing,missing,missing,missing,missing,EJ
202,0.0,0.0,0.0,0.0,0.0,0.000203081,0.00134515,0.00448102,0.011521,innovation-DACHubs,low,Central America and Caribbean,missing,biomass,biomass (conv CCS),electricity,missing,missing,missing,missing,missing,missing,EJ
203,0.00722302,0.00742259,0.0332,0.0414877,0.0482061,0.0476029,0.0476605,0.0407087,0.0310828,innovation-DACHubs,low,Central America and Caribbean,missing,biomass,biomass (conv),electricity,missing,missing,missing,missing,missing,missing,EJ
204,0.000352673,0.000406442,0.000537937,0.000336868,0.000307195,0.000305876,0.000337435,0.000268041,0.000199037,innovation-DACHubs,low,Central America and Caribbean,missing,biomass,biomass cogen,electricity,missing,missing,missing,missing,missing,missing,EJ
205,0.0,0.0,0.0,0.0,0.0,3.00113e-05,0.000207708,0.000653633,0.00158343,innovation-DACHubs,low,Central America and Caribbean,missing,coal,coal (IGCC CCS),electricity,missing,missing,missing,missing,missing,missing,EJ
206,0.0,0.0,0.0,0.00249697,0.00455563,0.00608275,0.00742637,0.00862908,0.00952953,innovation-DACHubs,low,Central America and Caribbean,missing,coal,coal (IGCC),electricity,missing,missing,missing,missing,missing,missing,EJ
207,0.0,0.0,0.0,0.0,0.0,3.78204e-05,0.000231281,0.000635099,0.00139927,innovation-DACHubs,low,Central America and Caribbean,missing,coal,coal (conv pul CCS),electricity,missing,missing,missing,missing,missing,missing,EJ
208,0.000154792,0.00896675,0.0406982,0.047445,0.051779,0.0537421,0.0534561,0.0509095,0.0458313,innovation-DACHubs,low,Central America and Caribbean,missing,coal,coal (conv pul),electricity,missing,missing,missing,missing,missing,missing,EJ
209,0.0,0.0,9.29079e-05,9.64862e-05,0.00011244,0.000133101,0.000220291,0.000252913,0.000266073,innovation-DACHubs,low,Central America and Caribbean,missing,gas,biogas cogen,electricity,missing,missing,missing,missing,missing,missing,EJ
210,0.0,0.0,0.0,0.0,0.0,0.00303392,0.00933747,0.0186958,0.03124,innovation-DACHubs,low,Central America and Caribbean,missing,gas,gas (CC CCS),electricity,missing,missing,missing,missing,missing,missing,EJ
211,0.0,0.0,0.0151564,0.0281348,0.0439701,0.0552335,0.0645427,0.0750867,0.085538,innovation-DACHubs,low,Central America and Caribbean,missing,gas,gas (CC),electricity,missing,missing,missing,missing,missing,missing,EJ
212,0.0129172,0.0429885,0.100616,0.110264,0.113521,0.108964,0.0954605,0.0804318,0.0618273,innovation-DACHubs,low,Central America and Caribbean,missing,gas,gas (steam/CT),electricity,missing,missing,missing,missing,missing,missing,EJ
213,0.00289785,0.0094887,0.0282489,0.0376435,0.0455369,0.0513432,0.0605797,0.0634109,0.0682974,innovation-DACHubs,low,Central America and Caribbean,missing,geothermal,geothermal,electricity,missing,missing,missing,missing,missing,missing,EJ
214,0.049193,0.0743529,0.0907238,0.0963713,0.102019,0.107666,0.113314,0.118961,0.124609,innovation-DACHubs,low,Central America and Caribbean,missing,hydro,hydro,electricity,missing,missing,missing,missing,missing,missing,EJ
215,0.0,0.0,0.000365734,0.000589576,0.00104342,0.00219108,0.00264289,0.00308455,0.00346381,innovation-DACHubs,low,Central America and Caribbean,missing,hydrogen,hydrogen cogen,electricity,missing,missing,missing,missing,missing,missing,EJ
216,0.0,0.0,0.0,0.0,0.0,0.0,0.0098022,0.036375,0.0866736,innovation-DACHubs,low,Central America and Caribbean,missing,nuclear,Gen_III,electricity,missing,missing,missing,missing,missing,missing,EJ
217,0.0,0.0,0.0,0.0,0.0,0.0116586,0.0231183,0.0357528,0.0479652,innovation-DACHubs,low,Central America and Caribbean,missing,refined liquids,refined liquids (CC CCS),electricity,missing,missing,missing,missing,missing,missing,EJ
218,0.0,0.0,0.0289206,0.0402347,0.056939,0.0596587,0.0576992,0.0568189,0.054801,innovation-DACHubs,low,Central America and Caribbean,missing,refined liquids,refined liquids (CC),electricity,missing,missing,missing,missing,missing,missing,EJ
219,0.124956,0.232929,0.226341,0.212012,0.199374,0.180601,0.14329,0.105052,0.0698629,innovation-DACHubs,low,Central America and Caribbean,missing,refined liquids,refined liquids (steam/CT),electricity,missing,missing,missing,missing,missing,missing,EJ
220,0.0,0.0,0.0248904,0.0508086,0.083721,0.136948,0.214884,0.276999,0.321949,innovation-DACHubs,low,Central America and Caribbean,missing,rooftop_pv,rooftop_pv,elect_td_bld,missing,missing,missing,missing,missing,missing,EJ
221,0.0,0.0,3.30162e-05,0.000253715,0.00140034,0.00446058,0.0150121,0.0401477,0.0872127,innovation-DACHubs,low,Central America and Caribbean,missing,solar,CSP_storage,electricity,missing,missing,missing,missing,missing,missing,EJ
222,0.0,0.000134487,0.0446330999999999,0.1042162,0.1566726,0.1898408,0.2284532,0.2770126,0.3041551999999999,innovation-DACHubs,low,Central America and Caribbean,missing,solar,PV,electricity,missing,missing,missing,missing,missing,missing,EJ
223,0.0,0.0,3.76823e-05,0.0002264693,0.0012315093,0.0043176893,0.0166284893,0.0498687893,0.116325007,innovation-DACHubs,low,Central America and Caribbean,missing,solar,PV_storage,electricity,missing,missing,missing,missing,missing,missing,EJ
224,0.0,0.00139077,0.0904249,0.1677495,0.2389054,0.2912640999999999,0.3562098999999999,0.4241747999999999,0.4569389,innovation-DACHubs,low,Central America and Caribbean,missing,wind,wind,electricity,missing,missing,missing,missing,missing,missing,EJ
225,0.0,0.0,0.000331816,0.001914306,0.006303146,0.013604736,0.030834036,0.06346882,0.1186316299999999,innovation-DACHubs,low,Central America and Caribbean,missing,wind,wind_offshore,electricity,missing,missing,missing,missing,missing,missing,EJ
226,0.0,0.0,0.000189798,0.0008218100000000001,0.0025339,0.00561732,0.01486743,0.03635953,0.075097832,innovation-DACHubs,low,Central America and Caribbean,missing,wind,wind_storage,electricity,missing,missing,missing,missing,missing,missing,EJ
227,0.0,0.0,0.0,0.0,0.0,0.00159121,0.00448042,0.00696977,0.00892886,innovation-DACHubs,low,Central Asia,missing,biomass,biomass (IGCC CCS),electricity,missing,missing,missing,missing,missing,missing,EJ
228,0.0,0.0,0.0,0.000380211,0.000924662,0.000967845,0.00146558,0.00190273,0.0022484,innovation-DACHubs,low,Central Asia,missing,biomass,biomass (IGCC),electricity,missing,missing,missing,missing,missing,missing,EJ
229,0.0,0.0,0.0,0.0,0.0,3.38136e-05,0.00037018,0.00126109,0.0030152,innovation-DACHubs,low,Central Asia,missing,biomass,biomass (conv CCS),electricity,missing,missing,missing,missing,missing,missing,EJ
230,0.0,0.0,0.0027829,0.00329279,0.00428078,0.00351223,0.00459437,0.00441672,0.00394165,innovation-DACHubs,low,Central Asia,missing,biomass,biomass (conv),electricity,missing,missing,missing,missing,missing,missing,EJ
231,0.0,0.0,0.0,0.0,0.0,0.000136556,0.00144587,0.00408543,0.00807087,innovation-DACHubs,low,Central Asia,missing,coal,coal (IGCC CCS),electricity,missing,missing,missing,missing,missing,missing,EJ
232,0.0,0.0,0.0,0.0127858,0.026819,0.034614,0.0437098,0.0493749,0.0519876,innovation-DACHubs,low,Central Asia,missing,coal,coal (IGCC),electricity,missing,missing,missing,missing,missing,missing,EJ
233,0.0,0.0,0.0,0.0,0.0,0.00018552,0.00174205,0.00440298,0.00801606,innovation-DACHubs,low,Central Asia,missing,coal,coal (conv pul CCS),electricity,missing,missing,missing,missing,missing,missing,EJ
234,0.25661,0.20445,0.426586,0.45634,0.479687,0.475062,0.44502,0.375363,0.309952,innovation-DACHubs,low,Central Asia,missing,coal,coal (conv pul),electricity,missing,missing,missing,missing,missing,missing,EJ
235,0.0,0.0,0.000409053,0.000484944,0.000490116,0.000540873,0.00105623,0.00134698,0.00156197,innovation-DACHubs,low,Central Asia,missing,gas,biogas cogen,electricity,missing,missing,missing,missing,missing,missing,EJ
236,0.0,0.0,0.0,0.0,0.0,0.015539,0.0620374,0.114717,0.167202,innovation-DACHubs,low,Central Asia,missing,gas,gas (CC CCS),electricity,missing,missing,missing,missing,missing,missing,EJ
237,0.0256506,0.0,0.0851649,0.147512,0.254783,0.31203,0.373663,0.420815,0.45251,innovation-DACHubs,low,Central Asia,missing,gas,gas (CC),electricity,missing,missing,missing,missing,missing,missing,EJ
238,0.293241,0.254898,0.482479,0.498708,0.505108,0.477989,0.381492,0.307258,0.237837,innovation-DACHubs,low,Central Asia,missing,gas,gas (steam/CT),electricity,missing,missing,missing,missing,missing,missing,EJ
239,0.0,0.000598186,0.00123311,0.00108934,0.000889089,0.000863272,0.00084168,0.000752366,0.000633903,innovation-DACHubs,low,Central Asia,missing,gas,gas cogen,electricity,missing,missing,missing,missing,missing,missing,EJ
240,0.0,0.0,0.00983461,0.0171241,0.0262492,0.0319647,0.0432463,0.0542008,0.0573983,innovation-DACHubs,low,Central Asia,missing,geothermal,geothermal,electricity,missing,missing,missing,missing,missing,missing,EJ
241,0.187164,0.207216,0.22609,0.247721,0.269353,0.290984,0.312616,0.334247,0.355879,innovation-DACHubs,low,Central Asia,missing,hydro,hydro,electricity,missing,missing,missing,missing,missing,missing,EJ
242,0.0,0.0,0.000182972,0.0003925,0.000587859,0.00105582,0.00160839,0.00216088,0.00276872,innovation-DACHubs,low,Central Asia,missing,hydrogen,hydrogen cogen,electricity,missing,missing,missing,missing,missing,missing,EJ
243,0.0,0.0,0.0980495,0.158405,0.23931,0.293325,0.40535,0.529462,0.65733,innovation-DACHubs,low,Central Asia,missing,nuclear,Gen_III,electricity,missing,missing,missing,missing,missing,missing,EJ
244,0.0,0.00976449,0.00925685,0.00882243,0.00818847,0.00732129,0.00623356,0.00500663,0.00377965,innovation-DACHubs,low,Central Asia,missing,nuclear,Gen_II_LWR,electricity,missing,missing,missing,missing,missing,missing,EJ
245,0.0,0.0,0.0,0.0,0.0,0.00118128,0.00301076,0.00383764,0.00441575,innovation-DACHubs,low,Central Asia,missing,refined liquids,refined liquids (CC CCS),electricity,missing,missing,missing,missing,missing,missing,EJ
246,0.0,0.0,0.00347851,0.00319611,0.00510479,0.00351288,0.00446067,0.00445201,0.00429569,innovation-DACHubs,low,Central Asia,missing,refined liquids,refined liquids (CC),electricity,missing,missing,missing,missing,missing,missing,EJ
247,0.109773,0.043063,0.00789429,0.00612311,0.00581961,0.00508161,0.00458607,0.0036362,0.00284165,innovation-DACHubs,low,Central Asia,missing,refined liquids,refined liquids (steam/CT),electricity,missing,missing,missing,missing,missing,missing,EJ
248,0.0,0.0,1.22621e-06,1.44105e-06,1.50397e-06,1.74232e-06,1.99144e-06,2.016e-06,1.97786e-06,innovation-DACHubs,low,Central Asia,missing,refined liquids,refined liquids cogen,electricity,missing,missing,missing,missing,missing,missing,EJ
249,0.0,0.0,0.0053439,0.0424171,0.0874343,0.122269,0.15993,0.191315,0.227549,innovation-DACHubs,low,Central Asia,missing,rooftop_pv,rooftop_pv,elect_td_bld,missing,missing,missing,missing,missing,missing,EJ
250,0.0,0.0,1.69081e-05,5.90044e-05,0.000241391,0.000617218,0.0035704,0.0113735,0.0257069,innovation-DACHubs,low,Central Asia,missing,solar,CSP_storage,electricity,missing,missing,missing,missing,missing,missing,EJ
251,0.0,0.0,0.010699755,0.036099055,0.098251855,0.142747355,0.210451755,0.2670893,0.3046547,innovation-DACHubs,low,Central Asia,missing,solar,PV,electricity,missing,missing,missing,missing,missing,missing,EJ
252,0.0,0.0,6.67845e-06,1.919915e-05,7.504805e-05,0.00020802905,0.00142354905,0.00506081905,0.0121985106,innovation-DACHubs,low,Central Asia,missing,solar,PV_storage,electricity,missing,missing,missing,missing,missing,missing,EJ
253,0.0,0.0,0.01729449,0.03409929,0.06359969,0.08667549,0.1465834899999999,0.2229006,0.2954470999999999,innovation-DACHubs,low,Central Asia,missing,wind,wind,electricity,missing,missing,missing,missing,missing,missing,EJ
254,0.0,0.0,1.23991e-08,5.97414e-08,2.533704e-07,5.442804e-07,1.2883023999999998e-06,2.0297533e-06,2.914318e-06,innovation-DACHubs,low,Central Asia,missing,wind,wind_offshore,electricity,missing,missing,missing,missing,missing,missing,EJ
255,0.0,0.0,4.55423e-05,0.0001438307,0.0004739847,0.0009240417,0.0028526717,0.0066006916999999,0.0126121494,innovation-DACHubs,low,Central Asia,missing,wind,wind_storage,electricity,missing,missing,missing,missing,missing,missing,EJ
256,0.0,0.0,0.0,0.0,0.0,0.0468397,0.125841,0.198543,0.242687,innovation-DACHubs,low,China,missing,biomass,biomass (IGCC CCS),electricity,missing,missing,missing,missing,missing,missing,EJ
257,0.0,0.0,0.0,0.0173441,0.0346602,0.0363892,0.0496031,0.0638885,0.070638,innovation-DACHubs,low,China,missing,biomass,biomass (IGCC),electricity,missing,missing,missing,missing,missing,missing,EJ
258,0.0,0.0,0.0,0.0,0.0,0.00109463,0.0105815,0.0385225,0.0820097,innovation-DACHubs,low,China,missing,biomass,biomass (conv CCS),electricity,missing,missing,missing,missing,missing,missing,EJ
259,1.44586e-06,0.0187199,0.223559,0.239938,0.248066,0.210147,0.23681,0.20637,0.163844,innovation-DACHubs,low,China,missing,biomass,biomass (conv),electricity,missing,missing,missing,missing,missing,missing,EJ
260,0.0,0.0,0.0,0.0,0.0,0.00634773,0.0612771,0.186712,0.343404,innovation-DACHubs,low,China,missing,coal,coal (IGCC CCS),electricity,missing,missing,missing,missing,missing,missing,EJ
261,0.0,0.0,0.0,0.65245,1.25289,1.57493,1.94666,2.24117,2.35264,innovation-DACHubs,low,China,missing,coal,coal (IGCC),electricity,missing,missing,missing,missing,missing,missing,EJ
262,0.0,0.0,0.0,0.0,0.0,0.00863838,0.0742881,0.20194,0.345228,innovation-DACHubs,low,China,missing,coal,coal (conv pul CCS),electricity,missing,missing,missing,missing,missing,missing,EJ
263,1.69113,7.22625,17.0845,18.4659,19.1942,18.7304,17.6506,15.7144,13.1472,innovation-DACHubs,low,China,missing,coal,coal (conv pul),electricity,missing,missing,missing,missing,missing,missing,EJ
264,0.0,0.0,0.00216802,0.00260249,0.00280501,0.00311366,0.00591221,0.00708755,0.00761293,innovation-DACHubs,low,China,missing,gas,biogas cogen,electricity,missing,missing,missing,missing,missing,missing,EJ
265,0.0,0.0,0.0,0.0,0.0,0.0131459,0.0523089,0.112308,0.168614,innovation-DACHubs,low,China,missing,gas,gas (CC CCS),electricity,missing,missing,missing,missing,missing,missing,EJ
266,0.00690793,0.0341542,0.191863,0.279518,0.371935,0.401065,0.440902,0.490531,0.520698,innovation-DACHubs,low,China,missing,gas,gas (CC),electricity,missing,missing,missing,missing,missing,missing,EJ
267,0.00306759,0.0501498,0.37988,0.344273,0.316998,0.277477,0.222275,0.176787,0.132423,innovation-DACHubs,low,China,missing,gas,gas (steam/CT),electricity,missing,missing,missing,missing,missing,missing,EJ
268,0.0,0.0,0.000686689,0.000553009,0.000519948,0.000527475,0.000646349,0.00067348,0.000608709,innovation-DACHubs,low,China,missing,gas,gas cogen,electricity,missing,missing,missing,missing,missing,missing,EJ
269,0.000205198,0.000413997,0.0621968,0.116894,0.174077,0.203441,0.301741,0.401224,0.441326,innovation-DACHubs,low,China,missing,geothermal,geothermal,electricity,missing,missing,missing,missing,missing,missing,EJ
270,0.456446,1.42964,4.01308,4.01308,4.01308,4.01308,4.01308,4.01308,4.01308,innovation-DACHubs,low,China,missing,hydro,hydro,electricity,missing,missing,missing,missing,missing,missing,EJ
271,0.0,0.0,0.00137166,0.00278141,0.00440967,0.00920181,0.0142471,0.0183889,0.0227198,innovation-DACHubs,low,China,missing,hydrogen,hydrogen cogen,electricity,missing,missing,missing,missing,missing,missing,EJ
272,0.0,0.0,0.439126,0.983659,1.59542,1.99036,2.97606,4.55958,6.15699,innovation-DACHubs,low,China,missing,nuclear,Gen_III,electricity,missing,missing,missing,missing,missing,missing,EJ
273,0.0,0.191116,0.567877,0.541235,0.502378,0.44921,0.382484,0.307239,0.231994,innovation-DACHubs,low,China,missing,nuclear,Gen_II_LWR,electricity,missing,missing,missing,missing,missing,missing,EJ
274,0.0,0.0,0.0,0.0,0.0,0.00352638,0.00874176,0.0132538,0.0144139,innovation-DACHubs,low,China,missing,refined liquids,refined liquids (CC CCS),electricity,missing,missing,missing,missing,missing,missing,EJ
275,0.0,0.0,0.00587482,0.00987001,0.0144445,0.00959063,0.0127773,0.0153532,0.0146784,innovation-DACHubs,low,China,missing,refined liquids,refined liquids (CC),electricity,missing,missing,missing,missing,missing,missing,EJ
276,0.183375,0.182674,0.0198388,0.0190106,0.0177839,0.0156283,0.01431,0.0117901,0.00945347,innovation-DACHubs,low,China,missing,refined liquids,refined liquids (steam/CT),electricity,missing,missing,missing,missing,missing,missing,EJ
277,0.0,0.0,0.153444,1.14527,1.84545,2.37001,3.23105,3.98918,4.68821,innovation-DACHubs,low,China,missing,rooftop_pv,rooftop_pv,elect_td_bld,missing,missing,missing,missing,missing,missing,EJ
278,0.0,0.0,9.71453e-05,9.71453e-05,9.71453e-05,9.71453e-05,9.71453e-05,0.0,0.0,innovation-DACHubs,low,China,missing,solar,CSP,electricity,missing,missing,missing,missing,missing,missing,EJ
279,0.0,0.0,0.000188404,0.00108207,0.00520454,0.0143489,0.0783908,0.258863,0.516009,innovation-DACHubs,low,China,missing,solar,CSP_storage,electricity,missing,missing,missing,missing,missing,missing,EJ
280,7.19995e-06,0.000310298,0.482889,1.533219,2.933939,3.684739,4.6605,5.455827,5.822525,innovation-DACHubs,low,China,missing,solar,PV,electricity,missing,missing,missing,missing,missing,missing,EJ
281,0.0,0.0,0.000207244,0.000945291,0.004437681,0.013361451,0.0857485509999999,0.315331551,0.661350307,innovation-DACHubs,low,China,missing,solar,PV_storage,electricity,missing,missing,missing,missing,missing,missing,EJ
282,7.19995e-06,0.00730145,1.117977,1.81572,2.674899,3.244047,4.456087,5.451955,6.387170000000001,innovation-DACHubs,low,China,missing,wind,wind,electricity,missing,missing,missing,missing,missing,missing,EJ
283,0.0,0.0,0.00140785,0.0095238,0.0349773,0.0698653,0.2011963,0.46881145,0.7797335000000001,innovation-DACHubs,low,China,missing,wind,wind_offshore,electricity,missing,missing,missing,missing,missing,missing,EJ
284,0.0,0.0,0.00128755,0.00580888,0.01721988,0.03089788,0.08356968,0.19884568,0.34455313,innovation-DACHubs,low,China,missing,wind,wind_storage,electricity,missing,missing,missing,missing,missing,missing,EJ
285,0.0,0.0,0.0,0.0,0.0,0.00544906,0.0117944,0.0185054,0.0227662,innovation-DACHubs,low,EU-12,missing,biomass,biomass (IGCC CCS),electricity,missing,missing,missing,missing,missing,missing,EJ
286,0.0,0.0,0.0,0.00187677,0.0037626,0.00433057,0.00566554,0.00729424,0.00819851,innovation-DACHubs,low,EU-12,missing,biomass,biomass (IGCC),electricity,missing,missing,missing,missing,missing,missing,EJ
287,0.0,0.0,0.0,0.0,0.0,0.000128759,0.000938139,0.00354284,0.0076127,innovation-DACHubs,low,EU-12,missing,biomass,biomass (conv CCS),electricity,missing,missing,missing,missing,missing,missing,EJ
288,0.000165603,0.00983885,0.0503834,0.0510042,0.0493979,0.0433082,0.0418695,0.0330542,0.0244834,innovation-DACHubs,low,EU-12,missing,biomass,biomass (conv),electricity,missing,missing,missing,missing,missing,missing,EJ
289,0.000885281,0.00425505,0.0136447,0.0123929,0.0103277,0.00924214,0.0114634,0.00978174,0.00816664,innovation-DACHubs,low,EU-12,missing,biomass,biomass cogen,electricity,missing,missing,missing,missing,missing,missing,EJ
290,0.0,0.0,0.0,0.0,0.0,0.000399406,0.00315576,0.0106582,0.0208611,innovation-DACHubs,low,EU-12,missing,coal,coal (IGCC CCS),electricity,missing,missing,missing,missing,missing,missing,EJ
291,0.0,0.0,0.0,0.0355033,0.0702528,0.0975661,0.122159,0.143711,0.153771,innovation-DACHubs,low,EU-12,missing,coal,coal (IGCC),electricity,missing,missing,missing,missing,missing,missing,EJ
292,0.0,0.0,0.0,0.0,0.0,0.000500532,0.0035276,0.0105457,0.019197,innovation-DACHubs,low,EU-12,missing,coal,coal (conv pul CCS),electricity,missing,missing,missing,missing,missing,missing,EJ
293,0.858619,0.892779,1.02366,1.10785,1.16029,1.16402,1.11366,0.998163,0.844728,innovation-DACHubs,low,EU-12,missing,coal,coal (conv pul),electricity,missing,missing,missing,missing,missing,missing,EJ
294,0.0571659,0.0506593,0.0198173,0.0143429,0.00926088,0.00775753,0.00286341,0.00122299,0.000762042,innovation-DACHubs,low,EU-12,missing,coal,coal cogen,electricity,missing,missing,missing,missing,missing,missing,EJ
295,0.0,0.0,0.000246791,0.000282842,0.000290687,0.000304637,0.00051519,0.000580983,0.000623401,innovation-DACHubs,low,EU-12,missing,gas,biogas cogen,electricity,missing,missing,missing,missing,missing,missing,EJ
296,0.0,0.0,0.0,0.0,0.0,0.00535104,0.0176584,0.0381568,0.0571067,innovation-DACHubs,low,EU-12,missing,gas,gas (CC CCS),electricity,missing,missing,missing,missing,missing,missing,EJ
297,0.0,0.0,0.013853,0.0296514,0.0547955,0.0750636,0.0939878,0.117767,0.134624,innovation-DACHubs,low,EU-12,missing,gas,gas (CC),electricity,missing,missing,missing,missing,missing,missing,EJ
298,0.140305,0.127549,0.116923,0.124959,0.129452,0.123989,0.103441,0.0859602,0.0686535,innovation-DACHubs,low,EU-12,missing,gas,gas (steam/CT),electricity,missing,missing,missing,missing,missing,missing,EJ
299,0.0112803,0.0180068,0.04042,0.0352346,0.0317268,0.030164,0.0275566,0.0237093,0.0196071,innovation-DACHubs,low,EU-12,missing,gas,gas cogen,electricity,missing,missing,missing,missing,missing,missing,EJ
300,0.0,0.0,0.0084855,0.0173819,0.0270954,0.0351159,0.0463742,0.0605631,0.0685882,innovation-DACHubs,low,EU-12,missing,geothermal,geothermal,electricity,missing,missing,missing,missing,missing,missing,EJ
301,0.0929088,0.14841,0.135083,0.140333,0.145582,0.150832,0.156081,0.161331,0.16658,innovation-DACHubs,low,EU-12,missing,hydro,hydro,electricity,missing,missing,missing,missing,missing,missing,EJ
302,0.0,0.0,0.00171509,0.00356966,0.00550525,0.00977085,0.0130359,0.0155578,0.0186662,innovation-DACHubs,low,EU-12,missing,hydrogen,hydrogen cogen,electricity,missing,missing,missing,missing,missing,missing,EJ
303,0.0,0.0,0.105735,0.178828,0.250379,0.307934,0.397062,0.53166,0.655387,innovation-DACHubs,low,EU-12,missing,nuclear,Gen_III,electricity,missing,missing,missing,missing,missing,missing,EJ
304,0.268824,0.348187,0.300832,0.286722,0.266142,0.237978,0.202627,0.162763,0.122899,innovation-DACHubs,low,EU-12,missing,nuclear,Gen_II_LWR,electricity,missing,missing,missing,missing,missing,missing,EJ
305,0.0,0.0,0.0,0.0,0.0,0.00415855,0.00849086,0.0140086,0.0160006,innovation-DACHubs,low,EU-12,missing,refined liquids,refined liquids (CC CCS),electricity,missing,missing,missing,missing,missing,missing,EJ
306,0.0,0.0,0.00736017,0.0104829,0.0167506,0.016739,0.0178981,0.0199877,0.0188023,innovation-DACHubs,low,EU-12,missing,refined liquids,refined liquids (CC),electricity,missing,missing,missing,missing,missing,missing,EJ
307,0.0841875,0.0370118,0.0193351,0.0199183,0.0213421,0.0209162,0.0179574,0.0146221,0.0120133,innovation-DACHubs,low,EU-12,missing,refined liquids,refined liquids (steam/CT),electricity,missing,missing,missing,missing,missing,missing,EJ
308,0.0149473,0.012935,0.00377235,0.00396687,0.00409572,0.00445507,0.00464832,0.00443824,0.00421254,innovation-DACHubs,low,EU-12,missing,refined liquids,refined liquids cogen,electricity,missing,missing,missing,missing,missing,missing,EJ
309,0.0,0.0,0.00290776,0.0280749,0.0543774,0.0707361,0.0935111,0.111629,0.133117,innovation-DACHubs,low,EU-12,missing,rooftop_pv,rooftop_pv,elect_td_bld,missing,missing,missing,missing,missing,missing,EJ
310,0.0,0.0,0.000171672,0.00057385,0.0019209,0.00518171,0.0188903,0.0573771,0.111311,innovation-DACHubs,low,EU-12,missing,solar,CSP_storage,electricity,missing,missing,missing,missing,missing,missing,EJ
311,0.0,3.60002e-06,0.0555933,0.1104335999999999,0.1829621,0.2374380999999999,0.294354,0.3365304,0.3574846,innovation-DACHubs,low,EU-12,missing,solar,PV,electricity,missing,missing,missing,missing,missing,missing,EJ
312,0.0,0.0,2.05104e-05,5.64798e-05,0.0001798188,0.0005228188,0.0021883188,0.0074522588,0.0152938984,innovation-DACHubs,low,EU-12,missing,solar,PV_storage,electricity,missing,missing,missing,missing,missing,missing,EJ
313,0.0,0.00100801,0.1299399,0.1820687,0.2500384,0.314252,0.4150149999999999,0.4850065999999999,0.5618820999999999,innovation-DACHubs,low,EU-12,missing,wind,wind,electricity,missing,missing,missing,missing,missing,missing,EJ
314,0.0,0.0,9.80173e-05,0.0005028413000000001,0.0019309813,0.0049389313,0.0142753213,0.036902004,0.06487018,innovation-DACHubs,low,EU-12,missing,wind,wind_offshore,electricity,missing,missing,missing,missing,missing,missing,EJ
315,0.0,0.0,9.15824e-05,0.0003072494,0.0008890064,0.0019537764,0.0052815864,0.0137724763999999,0.0258314939999999,innovation-DACHubs,low,EU-12,missing,wind,wind_storage,electricity,missing,missing,missing,missing,missing,missing,EJ
316,0.0,0.0,0.0,0.0,0.0,0.0316385,0.071296,0.120304,0.143375,innovation-DACHubs,low,EU-15,missing,biomass,biomass (IGCC CCS),electricity,missing,missing,missing,missing,missing,missing,EJ
317,0.0,0.0,0.0,0.0118042,0.0222801,0.0254709,0.0333282,0.0449196,0.0478991,innovation-DACHubs,low,EU-15,missing,biomass,biomass (IGCC),electricity,missing,missing,missing,missing,missing,missing,EJ
318,0.0,0.0,0.0,0.0,0.0,0.000697053,0.0054362,0.0235886,0.0455165,innovation-DACHubs,low,EU-15,missing,biomass,biomass (conv CCS),electricity,missing,missing,missing,missing,missing,missing,EJ
319,0.0284664,0.166771,0.324069,0.319331,0.302927,0.261428,0.240355,0.177174,0.123075,innovation-DACHubs,low,EU-15,missing,biomass,biomass (conv),electricity,missing,missing,missing,missing,missing,missing,EJ
320,0.0378044,0.0758104,0.0982933,0.0810565,0.0679768,0.0607818,0.0690849,0.0542668,0.045351,innovation-DACHubs,low,EU-15,missing,biomass,biomass cogen,electricity,missing,missing,missing,missing,missing,missing,EJ
321,0.0,0.0,0.0,0.0,0.0,0.000734598,0.00625427,0.0244981,0.0436637,innovation-DACHubs,low,EU-15,missing,coal,coal (IGCC CCS),electricity,missing,missing,missing,missing,missing,missing,EJ
322,0.0,0.0,0.0,0.0706589,0.133945,0.185691,0.235891,0.291221,0.307745,innovation-DACHubs,low,EU-15,missing,coal,coal (IGCC),electricity,missing,missing,missing,missing,missing,missing,EJ
323,0.0,0.0,0.0,0.0,0.0,0.000901783,0.00680995,0.0236588,0.0395425,innovation-DACHubs,low,EU-15,missing,coal,coal (conv pul CCS),electricity,missing,missing,missing,missing,missing,missing,EJ
324,2.83936,2.59761,2.35197,2.49135,2.54803,2.51149,2.37008,2.12956,1.75754,innovation-DACHubs,low,EU-15,missing,coal,coal (conv pul),electricity,missing,missing,missing,missing,missing,missing,EJ
325,0.0230923,0.028517,0.0168198,0.010202,0.00766747,0.00707069,0.0022828,0.000955029,0.000572237,innovation-DACHubs,low,EU-15,missing,coal,coal cogen,electricity,missing,missing,missing,missing,missing,missing,EJ
326,0.0,0.0,0.00154045,0.00167368,0.00171964,0.00179904,0.00292225,0.00314918,0.00338454,innovation-DACHubs,low,EU-15,missing,gas,biogas cogen,electricity,missing,missing,missing,missing,missing,missing,EJ
327,0.0,0.0,0.0,0.0,0.0,0.0023398,0.0128439,0.0450115,0.078996,innovation-DACHubs,low,EU-15,missing,gas,gas (CC CCS),electricity,missing,missing,missing,missing,missing,missing,EJ
328,0.280426,1.64082,0.982963,1.1142,1.20796,1.25157,1.28454,1.37817,1.38055,innovation-DACHubs,low,EU-15,missing,gas,gas (CC),electricity,missing,missing,missing,missing,missing,missing,EJ
329,0.183574,0.297134,0.630302,0.664253,0.678722,0.668091,0.580337,0.506927,0.40747,innovation-DACHubs,low,EU-15,missing,gas,gas (steam/CT),electricity,missing,missing,missing,missing,missing,missing,EJ
330,0.076225,0.36996,0.443377,0.333976,0.294527,0.278486,0.225383,0.171851,0.140978,innovation-DACHubs,low,EU-15,missing,gas,gas cogen,electricity,missing,missing,missing,missing,missing,missing,EJ
331,0.0116132,0.0194279,0.0678583,0.116763,0.163618,0.201793,0.257886,0.336339,0.376195,innovation-DACHubs,low,EU-15,missing,geothermal,geothermal,electricity,missing,missing,missing,missing,missing,missing,EJ
332,0.940387,0.966583,1.0788,1.0788,1.0788,1.0788,1.0788,1.0788,1.0788,innovation-DACHubs,low,EU-15,missing,hydro,hydro,electricity,missing,missing,missing,missing,missing,missing,EJ
333,0.0,0.0,0.00857433,0.0161688,0.0249184,0.0457245,0.0554861,0.0599419,0.0698805,innovation-DACHubs,low,EU-15,missing,hydrogen,hydrogen cogen,electricity,missing,missing,missing,missing,missing,missing,EJ
334,0.0,0.0,0.478266,0.845071,1.15625,1.40389,1.84972,2.70565,3.363,innovation-DACHubs,low,EU-15,missing,nuclear,Gen_III,electricity,missing,missing,missing,missing,missing,missing,EJ
335,2.5926,3.24331,2.54849,2.42895,2.2546,2.01601,1.71653,1.37882,1.04112,innovation-DACHubs,low,EU-15,missing,nuclear,Gen_II_LWR,electricity,missing,missing,missing,missing,missing,missing,EJ
336,0.0,0.0,0.0,0.0,0.0,0.0143087,0.0303241,0.0562942,0.0501261,innovation-DACHubs,low,EU-15,missing,refined liquids,refined liquids (CC CCS),electricity,missing,missing,missing,missing,missing,missing,EJ
337,0.0,0.0,0.0225096,0.0344747,0.0503141,0.0467307,0.0511093,0.0663164,0.0533803,innovation-DACHubs,low,EU-15,missing,refined liquids,refined liquids (CC),electricity,missing,missing,missing,missing,missing,missing,EJ
338,0.625782,0.363025,0.103752,0.0933622,0.0877528,0.0799481,0.0597484,0.0409339,0.0291126,innovation-DACHubs,low,EU-15,missing,refined liquids,refined liquids (steam/CT),electricity,missing,missing,missing,missing,missing,missing,EJ
339,0.0728785,0.096687,0.0172005,0.0177884,0.0179197,0.0194103,0.0194771,0.0179096,0.0168575,innovation-DACHubs,low,EU-15,missing,refined liquids,refined liquids cogen,electricity,missing,missing,missing,missing,missing,missing,EJ
340,0.0,0.0,0.0172954,0.0848026,0.140366,0.194416,0.283906,0.366718,0.472991,innovation-DACHubs,low,EU-15,missing,rooftop_pv,rooftop_pv,elect_td_bld,missing,missing,missing,missing,missing,missing,EJ
341,0.0,0.0,0.0201215,0.0201215,0.0201215,0.0201215,0.0201215,0.0,0.0,innovation-DACHubs,low,EU-15,missing,solar,CSP,electricity,missing,missing,missing,missing,missing,missing,EJ
342,0.0,0.0,0.0013285,0.00558001,0.0194816,0.0521207,0.180168,0.537297,0.889221,innovation-DACHubs,low,EU-15,missing,solar,CSP_storage,electricity,missing,missing,missing,missing,missing,missing,EJ
343,5.39981e-05,0.00528024,0.636823,1.084142,1.510058,1.805692,2.151146,2.381949,2.476905,innovation-DACHubs,low,EU-15,missing,solar,PV,electricity,missing,missing,missing,missing,missing,missing,EJ
344,0.0,0.0,0.000237107,0.000806722,0.0027177219999999,0.0078852519999999,0.031360252,0.105174752,0.182512245,innovation-DACHubs,low,EU-15,missing,solar,PV_storage,electricity,missing,missing,missing,missing,missing,missing,EJ
345,0.0028007,0.252577,1.366319,1.767857,2.191605,2.561611,3.13244,3.20008,3.527922,innovation-DACHubs,low,EU-15,missing,wind,wind,electricity,missing,missing,missing,missing,missing,missing,EJ
346,0.0,0.0,0.00142981,0.00792988,0.02730788,0.06585238,0.18437138,0.52000857,0.8366015,innovation-DACHubs,low,EU-15,missing,wind,wind_offshore,electricity,missing,missing,missing,missing,missing,missing,EJ
347,0.0,0.0,0.00113085,0.00400617,0.01047021,0.02164611,0.05649691,0.15134551,0.24914646,innovation-DACHubs,low,EU-15,missing,wind,wind_storage,electricity,missing,missing,missing,missing,missing,missing,EJ
348,0.0,0.0,0.0,0.0,0.0,0.00142271,0.0039232,0.00584626,0.00723277,innovation-DACHubs,low,Europe_Eastern,missing,biomass,biomass (IGCC CCS),electricity,missing,missing,missing,missing,missing,missing,EJ
349,0.0,0.0,0.0,0.000278126,0.000712604,0.000847431,0.00137816,0.00181991,0.0020973,innovation-DACHubs,low,Europe_Eastern,missing,biomass,biomass (IGCC),electricity,missing,missing,missing,missing,missing,missing,EJ
350,0.0,0.0,0.0,0.0,0.0,3.36398e-05,0.000358723,0.00111283,0.00245791,innovation-DACHubs,low,Europe_Eastern,missing,biomass,biomass (conv CCS),electricity,missing,missing,missing,missing,missing,missing,EJ
351,0.0,0.0,0.0019363,0.00266195,0.00379527,0.00371805,0.00470505,0.00446781,0.00378672,innovation-DACHubs,low,Europe_Eastern,missing,biomass,biomass (conv),electricity,missing,missing,missing,missing,missing,missing,EJ
352,0.0,0.0,0.000457527,0.000422779,0.000330704,0.000295209,0.000363713,0.000309652,0.000251944,innovation-DACHubs,low,Europe_Eastern,missing,biomass,biomass cogen,electricity,missing,missing,missing,missing,missing,missing,EJ
353,0.0,0.0,0.0,0.0,0.0,7.58093e-05,0.000743407,0.00199532,0.00381155,innovation-DACHubs,low,Europe_Eastern,missing,coal,coal (IGCC CCS),electricity,missing,missing,missing,missing,missing,missing,EJ
354,0.0,0.0,0.0,0.00573959,0.0122314,0.0168534,0.0229123,0.0264859,0.0282277,innovation-DACHubs,low,Europe_Eastern,missing,coal,coal (IGCC),electricity,missing,missing,missing,missing,missing,missing,EJ
355,0.0,0.0,0.0,0.0,0.0,0.000102463,0.000878588,0.00214344,0.00380721,innovation-DACHubs,low,Europe_Eastern,missing,coal,coal (conv pul CCS),electricity,missing,missing,missing,missing,missing,missing,EJ
356,0.428483,0.180041,0.245299,0.256057,0.263514,0.259598,0.248578,0.220871,0.183252,innovation-DACHubs,low,Europe_Eastern,missing,coal,coal (conv pul),electricity,missing,missing,missing,missing,missing,missing,EJ
357,0.0,1.43898e-05,0.00148338,0.0012922,0.000893484,0.00084865,0.000272166,0.000118649,6.94843e-05,innovation-DACHubs,low,Europe_Eastern,missing,coal,coal cogen,electricity,missing,missing,missing,missing,missing,missing,EJ
358,0.0,0.0,6.93693e-05,7.95277e-05,7.96194e-05,8.34307e-05,0.000146644,0.000169375,0.00018114,innovation-DACHubs,low,Europe_Eastern,missing,gas,biogas cogen,electricity,missing,missing,missing,missing,missing,missing,EJ
359,0.0,0.0,0.0,0.0,0.0,0.00462473,0.01832,0.0327431,0.0466214,innovation-DACHubs,low,Europe_Eastern,missing,gas,gas (CC CCS),electricity,missing,missing,missing,missing,missing,missing,EJ
360,0.0752631,0.0,0.0161945,0.0285422,0.050533,0.0655185,0.0856989,0.100913,0.111447,innovation-DACHubs,low,Europe_Eastern,missing,gas,gas (CC),electricity,missing,missing,missing,missing,missing,missing,EJ
361,0.173926,0.230757,0.158417,0.157933,0.153392,0.141813,0.108235,0.0826819,0.0605811,innovation-DACHubs,low,Europe_Eastern,missing,gas,gas (steam/CT),electricity,missing,missing,missing,missing,missing,missing,EJ
362,0.0292656,0.0203203,0.00979004,0.00898012,0.0077134,0.00744988,0.00654109,0.00562483,0.00456764,innovation-DACHubs,low,Europe_Eastern,missing,gas,gas cogen,electricity,missing,missing,missing,missing,missing,missing,EJ
363,0.0,0.0,0.00422786,0.00680851,0.00932856,0.0113015,0.0169908,0.0219795,0.0237553,innovation-DACHubs,low,Europe_Eastern,missing,geothermal,geothermal,electricity,missing,missing,missing,missing,missing,missing,EJ
364,0.0388476,0.0459936,0.0215649,0.0223507,0.0231364,0.0239221,0.0247079,0.0254936,0.0262793,innovation-DACHubs,low,Europe_Eastern,missing,hydro,hydro,electricity,missing,missing,missing,missing,missing,missing,EJ
365,0.0,0.0,3.20548e-05,6.90545e-05,0.000105507,0.000194939,0.000251233,0.0003142,0.000382909,innovation-DACHubs,low,Europe_Eastern,missing,hydrogen,hydrogen cogen,electricity,missing,missing,missing,missing,missing,missing,EJ
366,0.0,0.0,0.0695792,0.113874,0.174393,0.225621,0.339234,0.45074,0.556187,innovation-DACHubs,low,Europe_Eastern,missing,nuclear,Gen_III,electricity,missing,missing,missing,missing,missing,missing,EJ
367,0.274249,0.319512,0.291442,0.277772,0.257834,0.23055,0.196302,0.157682,0.119063,innovation-DACHubs,low,Europe_Eastern,missing,nuclear,Gen_II_LWR,electricity,missing,missing,missing,missing,missing,missing,EJ
368,0.0,0.0,0.0,0.0,0.0,0.000653615,0.00211313,0.00326989,0.00436641,innovation-DACHubs,low,Europe_Eastern,missing,refined liquids,refined liquids (CC CCS),electricity,missing,missing,missing,missing,missing,missing,EJ
369,0.0,0.0,0.00163913,0.00225823,0.0039081,0.004552,0.00563987,0.00595988,0.0059322,innovation-DACHubs,low,Europe_Eastern,missing,refined liquids,refined liquids (CC),electricity,missing,missing,missing,missing,missing,missing,EJ
370,0.255453,0.00540343,0.00396305,0.00445465,0.00511108,0.00531543,0.00492097,0.00441306,0.00388034,innovation-DACHubs,low,Europe_Eastern,missing,refined liquids,refined liquids (steam/CT),electricity,missing,missing,missing,missing,missing,missing,EJ
371,0.000252062,0.000125932,0.0004489,0.000469014,0.000482169,0.000521414,0.000578011,0.000586653,0.000574913,innovation-DACHubs,low,Europe_Eastern,missing,refined liquids,refined liquids cogen,electricity,missing,missing,missing,missing,missing,missing,EJ
372,0.0,0.0,0.00122647,0.0145685,0.0340917,0.0447824,0.0512997,0.0559153,0.0613109,innovation-DACHubs,low,Europe_Eastern,missing,rooftop_pv,rooftop_pv,elect_td_bld,missing,missing,missing,missing,missing,missing,EJ
373,0.0,0.0,6.4372e-05,0.00019904,0.000744138,0.0020746,0.0114525,0.0314512,0.0640674,innovation-DACHubs,low,Europe_Eastern,missing,solar,CSP_storage,electricity,missing,missing,missing,missing,missing,missing,EJ
374,0.0,0.0,0.00640626,0.01610069,0.03835139,0.05708929,0.08986779,0.1157159,0.13472543,innovation-DACHubs,low,Europe_Eastern,missing,solar,PV,electricity,missing,missing,missing,missing,missing,missing,EJ
375,0.0,0.0,2.97905e-06,7.666069999999999e-06,2.720517e-05,8.220887e-05,0.00053116487,0.00161072487,0.00348510582,innovation-DACHubs,low,Europe_Eastern,missing,solar,PV_storage,electricity,missing,missing,missing,missing,missing,missing,EJ
376,0.0,0.000140396,0.01339933,0.02318565,0.04064885,0.05747365,0.10005225,0.1394452199999999,0.17070222,innovation-DACHubs,low,Europe_Eastern,missing,wind,wind,electricity,missing,missing,missing,missing,missing,missing,EJ
377,0.0,0.0,1.50331e-05,7.24034e-05,0.0003378534,0.0008935354,0.0036669354,0.0084980423,0.0153989219999999,innovation-DACHubs,low,Europe_Eastern,missing,wind,wind_offshore,electricity,missing,missing,missing,missing,missing,missing,EJ
378,0.0,0.0,1.46762e-05,4.63713e-05,0.0001566123,0.0003514503,0.0012953453,0.0029975853,0.0055860691,innovation-DACHubs,low,Europe_Eastern,missing,wind,wind_storage,electricity,missing,missing,missing,missing,missing,missing,EJ
379,0.0,0.0,0.0,0.0,0.0,0.00204441,0.00411609,0.00664507,0.00844786,innovation-DACHubs,low,Europe_Non_EU,missing,biomass,biomass (IGCC CCS),electricity,missing,missing,missing,missing,missing,missing,EJ
380,0.0,0.0,0.0,0.00035293,0.000923317,0.00106865,0.00152155,0.00219268,0.00270224,innovation-DACHubs,low,Europe_Non_EU,missing,biomass,biomass (IGCC),electricity,missing,missing,missing,missing,missing,missing,EJ
381,0.0,0.0,0.0,0.0,0.0,4.25532e-05,0.00027907,0.00116667,0.00270845,innovation-DACHubs,low,Europe_Non_EU,missing,biomass,biomass (conv CCS),electricity,missing,missing,missing,missing,missing,missing,EJ
382,0.0,4.31994e-05,0.000953257,0.00187901,0.00317993,0.00280195,0.00367811,0.00420731,0.00406272,innovation-DACHubs,low,Europe_Non_EU,missing,biomass,biomass (conv),electricity,missing,missing,missing,missing,missing,missing,EJ
383,3.95857e-05,2.1581e-05,0.000101549,0.000101941,8.82872e-05,8.41793e-05,0.000128602,0.000133506,0.000128335,innovation-DACHubs,low,Europe_Non_EU,missing,biomass,biomass cogen,electricity,missing,missing,missing,missing,missing,missing,EJ
384,0.0,0.0,0.0,0.0,0.0,0.00031636,0.00199936,0.00681992,0.0134599,innovation-DACHubs,low,Europe_Non_EU,missing,coal,coal (IGCC CCS),electricity,missing,missing,missing,missing,missing,missing,EJ
385,0.0,0.0,0.0,0.0209619,0.047204,0.0683999,0.0831802,0.097025,0.103819,innovation-DACHubs,low,Europe_Non_EU,missing,coal,coal (IGCC),electricity,missing,missing,missing,missing,missing,missing,EJ
386,0.0,0.0,0.0,0.0,0.0,0.000387365,0.00220673,0.00669327,0.0122629,innovation-DACHubs,low,Europe_Non_EU,missing,coal,coal (conv pul CCS),electricity,missing,missing,missing,missing,missing,missing,EJ
387,0.231688,0.307824,0.502967,0.549099,0.594627,0.610781,0.574927,0.513311,0.441259,innovation-DACHubs,low,Europe_Non_EU,missing,coal,coal (conv pul),electricity,missing,missing,missing,missing,missing,missing,EJ
388,0.00157235,0.00241029,0.00382588,0.00349548,0.00266521,0.00261146,0.00163438,0.00102799,0.000745955,innovation-DACHubs,low,Europe_Non_EU,missing,coal,coal cogen,electricity,missing,missing,missing,missing,missing,missing,EJ
389,0.0,0.0,0.000227018,0.000277431,0.000294942,0.000325817,0.000650545,0.000843628,0.00100395,innovation-DACHubs,low,Europe_Non_EU,missing,gas,biogas cogen,electricity,missing,missing,missing,missing,missing,missing,EJ
390,0.0,0.0,0.0,0.0,0.0,0.00111946,0.00445789,0.0128594,0.0237449,innovation-DACHubs,low,Europe_Non_EU,missing,gas,gas (CC CCS),electricity,missing,missing,missing,missing,missing,missing,EJ
391,0.0315042,0.233907,0.308436,0.356755,0.414224,0.445868,0.452389,0.469253,0.471722,innovation-DACHubs,low,Europe_Non_EU,missing,gas,gas (CC),electricity,missing,missing,missing,missing,missing,missing,EJ
392,0.0140465,0.024721,0.0514162,0.0503977,0.0486151,0.0457034,0.0384974,0.0339966,0.0286189,innovation-DACHubs,low,Europe_Non_EU,missing,gas,gas (steam/CT),electricity,missing,missing,missing,missing,missing,missing,EJ
393,0.000784156,0.0135997,0.0185211,0.0181647,0.0166496,0.0168482,0.0201456,0.0216505,0.0210291,innovation-DACHubs,low,Europe_Non_EU,missing,gas,gas cogen,electricity,missing,missing,missing,missing,missing,missing,EJ
394,0.000287999,0.000338395,0.0168169,0.0233305,0.0314974,0.0378825,0.0456938,0.0478934,0.0550505,innovation-DACHubs,low,Europe_Non_EU,missing,geothermal,geothermal,electricity,missing,missing,missing,missing,missing,missing,EJ
395,0.147445,0.262537,0.365473,0.376134,0.386795,0.397456,0.408117,0.418778,0.429438,innovation-DACHubs,low,Europe_Non_EU,missing,hydro,hydro,electricity,missing,missing,missing,missing,missing,missing,EJ
396,0.0,0.0,0.000766533,0.00174223,0.00280241,0.00515483,0.00863571,0.0126532,0.0175143,innovation-DACHubs,low,Europe_Non_EU,missing,hydrogen,hydrogen cogen,electricity,missing,missing,missing,missing,missing,missing,EJ
397,0.0,0.0,0.0323063,0.0695257,0.114012,0.149348,0.194666,0.270293,0.346055,innovation-DACHubs,low,Europe_Non_EU,missing,nuclear,Gen_III,electricity,missing,missing,missing,missing,missing,missing,EJ
398,0.0,0.0,0.0,0.0,0.0,0.000861014,0.00134638,0.00234726,0.00276106,innovation-DACHubs,low,Europe_Non_EU,missing,refined liquids,refined liquids (CC CCS),electricity,missing,missing,missing,missing,missing,missing,EJ
399,0.0,0.0,0.000612049,0.00125965,0.00243113,0.00193791,0.00210744,0.00284463,0.0029262,innovation-DACHubs,low,Europe_Non_EU,missing,refined liquids,refined liquids (CC),electricity,missing,missing,missing,missing,missing,missing,EJ
400,0.0257903,0.0251024,0.00429468,0.00410855,0.0037796,0.00315533,0.00283784,0.00239288,0.00191992,innovation-DACHubs,low,Europe_Non_EU,missing,refined liquids,refined liquids (steam/CT),electricity,missing,missing,missing,missing,missing,missing,EJ
401,0.0114688,0.00467747,0.000763313,0.000923299,0.000999135,0.00116673,0.00141668,0.0015239,0.00157507,innovation-DACHubs,low,Europe_Non_EU,missing,refined liquids,refined liquids cogen,electricity,missing,missing,missing,missing,missing,missing,EJ
402,0.0,0.0,0.00617493,0.0499019,0.0981722,0.125126,0.167534,0.203833,0.250822,innovation-DACHubs,low,Europe_Non_EU,missing,rooftop_pv,rooftop_pv,elect_td_bld,missing,missing,missing,missing,missing,missing,EJ
403,0.0,0.0,5.51003e-06,3.84994e-05,0.000207379,0.000740255,0.00319369,0.0125419,0.028409,innovation-DACHubs,low,Europe_Non_EU,missing,solar,CSP_storage,electricity,missing,missing,missing,missing,missing,missing,EJ
404,0.0,0.0,0.00510304,0.02903724,0.09010424,0.14782534,0.19476894,0.24231935,0.2716233,innovation-DACHubs,low,Europe_Non_EU,missing,solar,PV,electricity,missing,missing,missing,missing,missing,missing,EJ
405,0.0,0.0,2.63765e-06,1.456085e-05,7.763985e-05,0.00030847685,0.0015497568499999,0.0069246068499999,0.0167097692,innovation-DACHubs,low,Europe_Non_EU,missing,solar,PV_storage,electricity,missing,missing,missing,missing,missing,missing,EJ
406,0.0,0.000248396,0.0591944,0.0825386999999999,0.1191124,0.1538799,0.1984844999999999,0.2282831,0.2815694,innovation-DACHubs,low,Europe_Non_EU,missing,wind,wind,electricity,missing,missing,missing,missing,missing,missing,EJ
407,0.0,0.0,3.59904e-05,0.0002168324,0.0008239434000000001,0.0018838134,0.0041288534,0.009204963,0.015546581,innovation-DACHubs,low,Europe_Non_EU,missing,wind,wind_offshore,electricity,missing,missing,missing,missing,missing,missing,EJ
408,0.0,0.0,2.3201e-05,0.0001067334,0.0003714954,0.0008455294,0.0019700893999999,0.0049099394,0.0092212984,innovation-DACHubs,low,Europe_Non_EU,missing,wind,wind_storage,electricity,missing,missing,missing,missing,missing,missing,EJ
409,0.0,0.0,0.0,0.0,0.0,0.00237851,0.00484078,0.00659039,0.00841583,innovation-DACHubs,low,European Free Trade Association,missing,biomass,biomass (IGCC CCS),electricity,missing,missing,missing,missing,missing,missing,EJ
410,0.0,0.0,0.0,0.00124907,0.00215961,0.00239739,0.0027975,0.00312049,0.00353569,innovation-DACHubs,low,European Free Trade Association,missing,biomass,biomass (IGCC),electricity,missing,missing,missing,missing,missing,missing,EJ
411,0.0,0.0,0.0,0.0,0.0,5.23441e-05,0.000369868,0.0011311,0.00319597,innovation-DACHubs,low,European Free Trade Association,missing,biomass,biomass (conv CCS),electricity,missing,missing,missing,missing,missing,missing,EJ
412,0.00165601,0.00277205,0.0103542,0.015334,0.0178424,0.0169629,0.0164041,0.0144843,0.0123927,innovation-DACHubs,low,European Free Trade Association,missing,biomass,biomass (conv),electricity,missing,missing,missing,missing,missing,missing,EJ
413,0.00182094,0.00566501,0.00808975,0.00475016,0.00318825,0.00244967,0.00223022,0.00189454,0.00156386,innovation-DACHubs,low,European Free Trade Association,missing,biomass,biomass cogen,electricity,missing,missing,missing,missing,missing,missing,EJ
414,0.0,0.0,0.0,0.0,0.0,3.47912e-06,2.57956e-05,7.13624e-05,0.000180949,innovation-DACHubs,low,European Free Trade Association,missing,coal,coal (IGCC CCS),electricity,missing,missing,missing,missing,missing,missing,EJ
415,0.0,0.0,0.0,0.000460135,0.000791525,0.00102098,0.00121645,0.00132412,0.00139108,innovation-DACHubs,low,European Free Trade Association,missing,coal,coal (IGCC),electricity,missing,missing,missing,missing,missing,missing,EJ
416,0.0,0.0,0.0,0.0,0.0,4.39372e-06,2.91699e-05,7.28093e-05,0.000168164,innovation-DACHubs,low,European Free Trade Association,missing,coal,coal (conv pul CCS),electricity,missing,missing,missing,missing,missing,missing,EJ
417,0.000338402,0.000475209,0.00317557,0.00462936,0.00555823,0.00612586,0.00639031,0.00621086,0.0056868,innovation-DACHubs,low,European Free Trade Association,missing,coal,coal (conv pul),electricity,missing,missing,missing,missing,missing,missing,EJ
418,0.000100746,0.0,0.0,0.0,0.0,0.0,0.0,0.0,0.0,innovation-DACHubs,low,European Free Trade Association,missing,coal,coal cogen,electricity,missing,missing,missing,missing,missing,missing,EJ
419,0.0,0.0,0.000123259,0.000115681,0.000104399,0.000101861,0.000141491,0.000158149,0.000167976,innovation-DACHubs,low,European Free Trade Association,missing,gas,biogas cogen,electricity,missing,missing,missing,missing,missing,missing,EJ
420,0.0,0.0,0.0,0.0,0.0,0.000259693,0.000877346,0.00169001,0.00315552,innovation-DACHubs,low,European Free Trade Association,missing,gas,gas (CC CCS),electricity,missing,missing,missing,missing,missing,missing,EJ
421,0.0,0.0,0.00225679,0.00422528,0.00611213,0.00733685,0.00821771,0.00899307,0.0100694,innovation-DACHubs,low,European Free Trade Association,missing,gas,gas (CC),electricity,missing,missing,missing,missing,missing,missing,EJ
422,0.000712805,0.00230044,0.00289377,0.0042348,0.00493465,0.00499604,0.0039843,0.00325755,0.00251221,innovation-DACHubs,low,European Free Trade Association,missing,gas,gas (steam/CT),electricity,missing,missing,missing,missing,missing,missing,EJ
423,0.000762574,0.00272427,0.00518474,0.00200031,0.00128072,0.000941413,0.0005421,0.000426443,0.000329581,innovation-DACHubs,low,European Free Trade Association,missing,gas,gas cogen,electricity,missing,missing,missing,missing,missing,missing,EJ
424,0.00108001,0.00596891,0.0345881,0.0446047,0.0481614,0.0491343,0.0536025,0.0469287,0.0428261,innovation-DACHubs,low,European Free Trade Association,missing,geothermal,geothermal,electricity,missing,missing,missing,missing,missing,missing,EJ
425,0.558752,0.626339,0.681628,0.681628,0.681628,0.681628,0.681628,0.681628,0.681628,innovation-DACHubs,low,European Free Trade Association,missing,hydro,hydro,electricity,missing,missing,missing,missing,missing,missing,EJ
426,0.0,0.0,0.00160865,0.00216496,0.00271155,0.0053237,0.00495609,0.00514666,0.00548432,innovation-DACHubs,low,European Free Trade Association,missing,hydrogen,hydrogen cogen,electricity,missing,missing,missing,missing,missing,missing,EJ
427,0.0,0.0,0.0431385,0.0759443,0.0967468,0.109718,0.126913,0.144212,0.16927,innovation-DACHubs,low,European Free Trade Association,missing,nuclear,Gen_III,electricity,missing,missing,missing,missing,missing,missing,EJ
428,0.0850902,0.0840291,0.0767321,0.0731332,0.0678837,0.0607002,0.0516831,0.0415153,0.0313474,innovation-DACHubs,low,European Free Trade Association,missing,nuclear,Gen_II_LWR,electricity,missing,missing,missing,missing,missing,missing,EJ
429,0.0,0.0,0.0,0.0,0.0,3.71448e-05,5.94437e-05,6.32476e-05,8.20738e-05,innovation-DACHubs,low,European Free Trade Association,missing,refined liquids,refined liquids (CC CCS),electricity,missing,missing,missing,missing,missing,missing,EJ
430,0.0,0.0,0.000123606,0.000196685,0.000216283,0.000163684,0.00012179,9.84565e-05,9.77257e-05,innovation-DACHubs,low,European Free Trade Association,missing,refined liquids,refined liquids (CC),electricity,missing,missing,missing,missing,missing,missing,EJ
431,0.00107641,0.000309606,0.000284446,0.000314199,0.000278258,0.000229572,0.000144658,0.000100424,6.83935e-05,innovation-DACHubs,low,European Free Trade Association,missing,refined liquids,refined liquids (steam/CT),electricity,missing,missing,missing,missing,missing,missing,EJ
432,0.000356488,0.000561297,3.82678e-05,3.43525e-05,3.0613e-05,3.0728e-05,2.6526e-05,2.36341e-05,2.08839e-05,innovation-DACHubs,low,European Free Trade Association,missing,refined liquids,refined liquids cogen,electricity,missing,missing,missing,missing,missing,missing,EJ
433,0.0,0.0,0.000105628,0.000710566,0.00122072,0.00155828,0.00177976,0.00218731,0.00320772,innovation-DACHubs,low,European Free Trade Association,missing,rooftop_pv,rooftop_pv,elect_td_bld,missing,missing,missing,missing,missing,missing,EJ
434,0.0,0.0,1.9907e-05,7.32597e-05,0.000182738,0.000360422,0.000884179,0.00174666,0.00329642,innovation-DACHubs,low,European Free Trade Association,missing,solar,CSP_storage,electricity,missing,missing,missing,missing,missing,missing,EJ
435,3.60003e-06,7.56014e-05,0.02238525,0.05208315,0.07579045,0.09055745,0.10629525,0.1156396,0.1174358,innovation-DACHubs,low,European Free Trade Association,missing,solar,PV,electricity,missing,missing,missing,missing,missing,missing,EJ
436,0.0,0.0,1.2581e-05,3.73905e-05,8.859929999999999e-05,0.0001826534,0.0004990284,0.0010801284,0.0021835274,innovation-DACHubs,low,European Free Trade Association,missing,solar,PV_storage,electricity,missing,missing,missing,missing,missing,missing,EJ
437,0.0,0.00182523,0.06118476,0.1330254599999999,0.1953546599999999,0.2401743599999999,0.2966681599999999,0.3383417999999999,0.3556505,innovation-DACHubs,low,European Free Trade Association,missing,wind,wind,electricity,missing,missing,missing,missing,missing,missing,EJ
438,0.0,0.0,0.000136566,0.000867521,0.002605851,0.005421541,0.012524321,0.023376155,0.0441403999999999,innovation-DACHubs,low,European Free Trade Association,missing,wind,wind_offshore,electricity,missing,missing,missing,missing,missing,missing,EJ
439,0.0,0.0,8.47032e-05,0.0003748532,0.0009784142,0.0019383562,0.0046884961999999,0.0095908062,0.020286403,innovation-DACHubs,low,European Free Trade Association,missing,wind,wind_storage,electricity,missing,missing,missing,missing,missing,missing,EJ
440,0.0,0.0,0.0,0.0,0.0,0.105498,0.188813,0.285036,0.36196,innovation-DACHubs,low,India,missing,biomass,biomass (IGCC CCS),electricity,missing,missing,missing,missing,missing,missing,EJ
441,0.0,0.0,0.0,0.0321298,0.0657641,0.0772879,0.0964608,0.123621,0.148207,innovation-DACHubs,low,India,missing,biomass,biomass (IGCC),electricity,missing,missing,missing,missing,missing,missing,EJ
442,0.0,0.0,0.0,0.0,0.0,0.00228404,0.0122517,0.0468691,0.112387,innovation-DACHubs,low,India,missing,biomass,biomass (conv CCS),electricity,missing,missing,missing,missing,missing,missing,EJ
443,0.0,0.017604,0.163975,0.246488,0.321487,0.313864,0.351894,0.339733,0.297421,innovation-DACHubs,low,India,missing,biomass,biomass (conv),electricity,missing,missing,missing,missing,missing,missing,EJ
444,0.0,0.0,0.0,0.0,0.0,0.00703207,0.0396726,0.136912,0.300568,innovation-DACHubs,low,India,missing,coal,coal (IGCC CCS),electricity,missing,missing,missing,missing,missing,missing,EJ
445,0.0,0.0,0.0,0.462819,0.950704,1.38875,1.6776,1.98449,2.21286,innovation-DACHubs,low,India,missing,coal,coal (IGCC),electricity,missing,missing,missing,missing,missing,missing,EJ
446,0.0,0.0,0.0,0.0,0.0,0.00847877,0.0432353,0.132282,0.267767,innovation-DACHubs,low,India,missing,coal,coal (conv pul CCS),electricity,missing,missing,missing,missing,missing,missing,EJ
447,0.689896,1.72255,5.4789,6.75002,7.86124,8.634,8.60023,8.34471,7.88889,innovation-DACHubs,low,India,missing,coal,coal (conv pul),electricity,missing,missing,missing,missing,missing,missing,EJ
448,0.0,0.0,0.000191409,0.000282445,0.000364253,0.000455281,0.000999054,0.0013747,0.00163673,innovation-DACHubs,low,India,missing,gas,biogas cogen,electricity,missing,missing,missing,missing,missing,missing,EJ
449,0.0,0.0,0.0,0.0,0.0,0.0272084,0.0781836,0.179343,0.306596,innovation-DACHubs,low,India,missing,gas,gas (CC CCS),electricity,missing,missing,missing,missing,missing,missing,EJ
450,0.0,0.217786,0.15035,0.2702,0.439891,0.595294,0.693361,0.838049,0.987953,innovation-DACHubs,low,India,missing,gas,gas (CC),electricity,missing,missing,missing,missing,missing,missing,EJ
451,0.0358497,0.0538954,0.227318,0.303765,0.371011,0.400114,0.384282,0.368964,0.341221,innovation-DACHubs,low,India,missing,gas,gas (steam/CT),electricity,missing,missing,missing,missing,missing,missing,EJ
452,0.0,0.0,0.0347826,0.0747127,0.120287,0.157958,0.212495,0.280524,0.323558,innovation-DACHubs,low,India,missing,geothermal,geothermal,electricity,missing,missing,missing,missing,missing,missing,EJ
453,0.257962,0.389236,0.541944,0.592507,0.643069,0.693632,0.744194,0.794756,0.845319,innovation-DACHubs,low,India,missing,hydro,hydro,electricity,missing,missing,missing,missing,missing,missing,EJ
454,0.0,0.0,0.000332178,0.000917621,0.00182996,0.0038097,0.00699546,0.0107003,0.0143785,innovation-DACHubs,low,India,missing,hydrogen,hydrogen cogen,electricity,missing,missing,missing,missing,missing,missing,EJ
455,0.0,0.0,0.141827,0.29599,0.453816,0.594475,0.768438,1.09579,1.52371,innovation-DACHubs,low,India,missing,nuclear,Gen_III,electricity,missing,missing,missing,missing,missing,missing,EJ
456,0.0221081,0.0623664,0.12443,0.118538,0.109884,0.0977709,0.08279,0.0656168,0.0476349,innovation-DACHubs,low,India,missing,nuclear,Gen_II_LWR,electricity,missing,missing,missing,missing,missing,missing,EJ
457,0.0,0.0,0.0,0.0,0.0,0.0718035,0.113338,0.206196,0.281532,innovation-DACHubs,low,India,missing,refined liquids,refined liquids (CC CCS),electricity,missing,missing,missing,missing,missing,missing,EJ
458,0.0,0.0,0.0666202,0.135018,0.229885,0.236517,0.258382,0.320795,0.357382,innovation-DACHubs,low,India,missing,refined liquids,refined liquids (CC),electricity,missing,missing,missing,missing,missing,missing,EJ
459,0.0479244,0.0913176,0.116267,0.164334,0.201208,0.204791,0.206374,0.196064,0.176365,innovation-DACHubs,low,India,missing,refined liquids,refined liquids (steam/CT),electricity,missing,missing,missing,missing,missing,missing,EJ
460,0.0,0.0,0.178814,0.807304,1.33332,2.02962,3.57254,5.1264,6.43342,innovation-DACHubs,low,India,missing,rooftop_pv,rooftop_pv,elect_td_bld,missing,missing,missing,missing,missing,missing,EJ
461,0.0,0.0,0.000132927,0.00124277,0.00829012,0.0338496,0.117907,0.375162,0.83532,innovation-DACHubs,low,India,missing,solar,CSP_storage,electricity,missing,missing,missing,missing,missing,missing,EJ
462,0.0,1.08e-05,0.2259246,0.7510526000000001,1.4076116,1.9295236,2.2642936,2.7194490000000004,3.1031860000000004,innovation-DACHubs,low,India,missing,solar,PV,electricity,missing,missing,missing,missing,missing,missing,EJ
463,0.0,0.0,0.00012871,0.00094203,0.0062949699999999,0.02901577,0.11732007,0.42803507,1.0339043600000002,innovation-DACHubs,low,India,missing,solar,PV_storage,electricity,missing,missing,missing,missing,missing,missing,EJ
464,0.000115203,0.0223596,0.387246,0.821509,1.42315,2.058165,2.785826,3.788233,4.809159999999999,innovation-DACHubs,low,India,missing,wind,wind,electricity,missing,missing,missing,missing,missing,missing,EJ
465,0.0,0.0,0.000539046,0.004218816,0.016885216,0.043313216,0.094825816,0.21250477,0.381677,innovation-DACHubs,low,India,missing,wind,wind_offshore,electricity,missing,missing,missing,missing,missing,missing,EJ
466,0.0,0.0,0.000532255,0.002888225,0.010138425,0.025553725,0.060210925,0.162359925,0.34674667,innovation-DACHubs,low,India,missing,wind,wind_storage,electricity,missing,missing,missing,missing,missing,missing,EJ
467,0.0,0.0,0.0,0.0,0.0,0.00498595,0.00855861,0.0148149,0.0204931,innovation-DACHubs,low,Indonesia,missing,biomass,biomass (IGCC CCS),electricity,missing,missing,missing,missing,missing,missing,EJ
468,0.0,0.0,0.0,0.000691693,0.00202985,0.00270199,0.00357686,0.00566884,0.00823568,innovation-DACHubs,low,Indonesia,missing,biomass,biomass (IGCC),electricity,missing,missing,missing,missing,missing,missing,EJ
469,0.0,0.0,0.0,0.0,0.0,0.000120696,0.000583061,0.00300123,0.00807905,innovation-DACHubs,low,Indonesia,missing,biomass,biomass (conv CCS),electricity,missing,missing,missing,missing,missing,missing,EJ
470,0.0,7.91986e-05,0.00386531,0.00593975,0.00986361,0.0108772,0.0133145,0.0155814,0.0165311,innovation-DACHubs,low,Indonesia,missing,biomass,biomass (conv),electricity,missing,missing,missing,missing,missing,missing,EJ
471,0.0,0.0,0.0,0.0,0.0,0.000736842,0.00344438,0.0142878,0.0323518,innovation-DACHubs,low,Indonesia,missing,coal,coal (IGCC CCS),electricity,missing,missing,missing,missing,missing,missing,EJ
472,0.0,0.0,0.0,0.0373706,0.0905251,0.139922,0.16535,0.202145,0.232062,innovation-DACHubs,low,Indonesia,missing,coal,coal (IGCC),electricity,missing,missing,missing,missing,missing,missing,EJ
473,0.0,0.0,0.0,0.0,0.0,0.000923484,0.00389806,0.0140561,0.0291115,innovation-DACHubs,low,Indonesia,missing,coal,coal (conv pul CCS),electricity,missing,missing,missing,missing,missing,missing,EJ
474,0.0351637,0.186451,0.667929,0.770071,0.896162,0.988121,0.983794,0.971367,0.922755,innovation-DACHubs,low,Indonesia,missing,coal,coal (conv pul),electricity,missing,missing,missing,missing,missing,missing,EJ
475,0.0,0.0,0.000442382,0.000612557,0.000773669,0.00100571,0.0022877,0.00294336,0.0033863,innovation-DACHubs,low,Indonesia,missing,gas,biogas cogen,electricity,missing,missing,missing,missing,missing,missing,EJ
476,0.0,0.0,0.0,0.0,0.0,0.0168469,0.0381403,0.0907923,0.152147,innovation-DACHubs,low,Indonesia,missing,gas,gas (CC CCS),electricity,missing,missing,missing,missing,missing,missing,EJ
477,1.56595e-05,0.0350207,0.0692096,0.114558,0.206935,0.286954,0.320442,0.386828,0.454125,innovation-DACHubs,low,Indonesia,missing,gas,gas (CC),electricity,missing,missing,missing,missing,missing,missing,EJ
478,0.00262666,0.0336877,0.224567,0.258347,0.298273,0.304674,0.279136,0.251023,0.210873,innovation-DACHubs,low,Indonesia,missing,gas,gas (steam/CT),electricity,missing,missing,missing,missing,missing,missing,EJ
479,0.00404987,0.023774,0.057316,0.0748614,0.0979159,0.117904,0.135375,0.141984,0.166813,innovation-DACHubs,low,Indonesia,missing,geothermal,geothermal,electricity,missing,missing,missing,missing,missing,missing,EJ
480,0.0205488,0.03861,0.0512443,0.0530209,0.0547976,0.0565743,0.058351,0.0601276,0.0619043,innovation-DACHubs,low,Indonesia,missing,hydro,hydro,electricity,missing,missing,missing,missing,missing,missing,EJ
481,0.0,0.0,0.000162544,0.000409186,0.000774009,0.00159469,0.00285406,0.00372757,0.00437869,innovation-DACHubs,low,Indonesia,missing,hydrogen,hydrogen cogen,electricity,missing,missing,missing,missing,missing,missing,EJ
482,0.0,0.0,0.00501343,0.0130326,0.0297859,0.0505554,0.0714794,0.126742,0.20483,innovation-DACHubs,low,Indonesia,missing,nuclear,Gen_III,electricity,missing,missing,missing,missing,missing,missing,EJ
483,0.0,0.0,0.0,0.0,0.0,0.0218378,0.0293616,0.0609193,0.0796596,innovation-DACHubs,low,Indonesia,missing,refined liquids,refined liquids (CC CCS),electricity,missing,missing,missing,missing,missing,missing,EJ
484,0.0,0.0,0.0202078,0.0312536,0.0654472,0.0703309,0.0774981,0.0974897,0.103851,innovation-DACHubs,low,Indonesia,missing,refined liquids,refined liquids (CC),electricity,missing,missing,missing,missing,missing,missing,EJ
485,0.0551935,0.141474,0.0629008,0.0661657,0.0773734,0.0791491,0.0804683,0.0695686,0.055404,innovation-DACHubs,low,Indonesia,missing,refined liquids,refined liquids (steam/CT),electricity,missing,missing,missing,missing,missing,missing,EJ
486,0.0,0.0,0.0186101,0.120796,0.197273,0.281027,0.468854,0.648266,0.790339,innovation-DACHubs,low,Indonesia,missing,rooftop_pv,rooftop_pv,elect_td_bld,missing,missing,missing,missing,missing,missing,EJ
487,0.0,0.0,1.74311e-05,0.000128045,0.00109522,0.00513542,0.0182888,0.0762566,0.187175,innovation-DACHubs,low,Indonesia,missing,solar,CSP_storage,electricity,missing,missing,missing,missing,missing,missing,EJ
488,0.0,0.0,0.0101955891,0.0423230891,0.1081611891,0.1646772891,0.1870893891,0.2311514,0.2757177,innovation-DACHubs,low,Indonesia,missing,solar,PV,electricity,missing,missing,missing,missing,missing,missing,EJ
489,0.0,0.0,6.50475e-06,3.755065e-05,0.00031663365000000003,0.00166172365,0.00673883365,0.03199053365,0.0834141289,innovation-DACHubs,low,Indonesia,missing,solar,PV_storage,electricity,missing,missing,missing,missing,missing,missing,EJ
490,0.0,0.0,0.0037912913,0.0098155113,0.0210017113,0.0327812113,0.0433892113,0.06614302,0.0876855199999999,innovation-DACHubs,low,Indonesia,missing,wind,wind,electricity,missing,missing,missing,missing,missing,missing,EJ
491,0.0,0.0,6.81698e-05,0.0006042198000000001,0.0039576298,0.0130485698,0.0302946698,0.1008978,0.22803475,innovation-DACHubs,low,Indonesia,missing,wind,wind_offshore,electricity,missing,missing,missing,missing,missing,missing,EJ
492,0.0,0.0,1.72235e-05,7.5435e-05,0.000283594,0.0006581549999999999,0.0011784299999999,0.0028256899999999,0.0055135164999999,innovation-DACHubs,low,Indonesia,missing,wind,wind_storage,electricity,missing,missing,missing,missing,missing,missing,EJ
493,0.0,0.0,0.0,0.0,0.0,0.00336333,0.00836889,0.0137988,0.0173232,innovation-DACHubs,low,Japan,missing,biomass,biomass (IGCC CCS),electricity,missing,missing,missing,missing,missing,missing,EJ
494,0.0,0.0,0.0,0.00134587,0.0025833,0.00278653,0.00382891,0.00495106,0.00533391,innovation-DACHubs,low,Japan,missing,biomass,biomass (IGCC),electricity,missing,missing,missing,missing,missing,missing,EJ
495,0.0,0.0,0.0,0.0,0.0,8.03299e-05,0.000719064,0.0027866,0.00612351,innovation-DACHubs,low,Japan,missing,biomass,biomass (conv CCS),electricity,missing,missing,missing,missing,missing,missing,EJ
496,0.0313952,0.0522352,0.125342,0.119043,0.111476,0.0980121,0.0866345,0.0656894,0.0443484,innovation-DACHubs,low,Japan,missing,biomass,biomass (conv),electricity,missing,missing,missing,missing,missing,missing,EJ
497,0.0,0.0,0.0,0.0,0.0,0.00032731,0.00303165,0.0108122,0.0220423,innovation-DACHubs,low,Japan,missing,coal,coal (IGCC CCS),electricity,missing,missing,missing,missing,missing,missing,EJ
498,0.0,0.0,0.0,0.026274,0.0518276,0.0695455,0.0924037,0.113531,0.12283,innovation-DACHubs,low,Japan,missing,coal,coal (IGCC),electricity,missing,missing,missing,missing,missing,missing,EJ
499,0.0,0.0,0.0,0.0,0.0,0.000412514,0.0033338,0.010651,0.0202916,innovation-DACHubs,low,Japan,missing,coal,coal (conv pul CCS),electricity,missing,missing,missing,missing,missing,missing,EJ
500,0.441664,1.05433,1.4998,1.52752,1.51996,1.45664,1.35529,1.19732,0.980816,innovation-DACHubs,low,Japan,missing,coal,coal (conv pul),electricity,missing,missing,missing,missing,missing,missing,EJ
501,0.0,0.0,0.000266817,0.000281347,0.000278486,0.000279027,0.000466708,0.000500222,0.000503224,innovation-DACHubs,low,Japan,missing,gas,biogas cogen,electricity,missing,missing,missing,missing,missing,missing,EJ
502,0.0,0.0,0.0,0.0,0.0,0.00133507,0.0085169,0.0276927,0.0551555,innovation-DACHubs,low,Japan,missing,gas,gas (CC CCS),electricity,missing,missing,missing,missing,missing,missing,EJ
503,0.554789,0.787902,1.15255,1.18316,1.19337,1.1501,1.11943,1.11039,1.07682,innovation-DACHubs,low,Japan,missing,gas,gas (CC),electricity,missing,missing,missing,missing,missing,missing,EJ
504,0.051619,0.103848,0.461185,0.450314,0.436576,0.406948,0.347363,0.289467,0.224798,innovation-DACHubs,low,Japan,missing,gas,gas (steam/CT),electricity,missing,missing,missing,missing,missing,missing,EJ
505,0.00626751,0.0116134,0.0179214,0.0229806,0.0287342,0.0331856,0.0425233,0.0481318,0.0532052,innovation-DACHubs,low,Japan,missing,geothermal,geothermal,electricity,missing,missing,missing,missing,missing,missing,EJ
506,0.386734,0.351482,0.31453,0.315436,0.316342,0.317247,0.318153,0.319059,0.319964,innovation-DACHubs,low,Japan,missing,hydro,hydro,electricity,missing,missing,missing,missing,missing,missing,EJ
507,0.0,0.0,9.81456e-05,0.000189977,0.000289266,0.00050581,0.000658912,0.000759978,0.000860802,innovation-DACHubs,low,Japan,missing,hydrogen,hydrogen cogen,electricity,missing,missing,missing,missing,missing,missing,EJ
508,0.0,0.0,0.0,0.0290795,0.0837438,0.140166,0.26459,0.457941,0.643146,innovation-DACHubs,low,Japan,missing,nuclear,Gen_III,electricity,missing,missing,missing,missing,missing,missing,EJ
509,0.728169,1.0971,0.0313814,0.0299095,0.0277627,0.0248248,0.0211371,0.0169787,0.0128203,innovation-DACHubs,low,Japan,missing,nuclear,Gen_II_LWR,electricity,missing,missing,missing,missing,missing,missing,EJ
510,0.0,0.0,0.0,0.0,0.0,0.00872029,0.0225593,0.037621,0.0408241,innovation-DACHubs,low,Japan,missing,refined liquids,refined liquids (CC CCS),electricity,missing,missing,missing,missing,missing,missing,EJ
511,0.0,0.0,0.0298744,0.0255204,0.0371158,0.0323199,0.0403551,0.046335,0.0417852,innovation-DACHubs,low,Japan,missing,refined liquids,refined liquids (CC),electricity,missing,missing,missing,missing,missing,missing,EJ
512,0.900636,0.487908,0.260101,0.21891,0.194736,0.172723,0.132699,0.0872709,0.0542794,innovation-DACHubs,low,Japan,missing,refined liquids,refined liquids (steam/CT),electricity,missing,missing,missing,missing,missing,missing,EJ
513,0.0,0.0,0.00590498,0.0387824,0.0691864,0.0902881,0.11811,0.153281,0.180788,innovation-DACHubs,low,Japan,missing,rooftop_pv,rooftop_pv,elect_td_bld,missing,missing,missing,missing,missing,missing,EJ
514,0.0,0.0,0.0013253,0.00309338,0.008586,0.0191337,0.0772521,0.210484,0.376324,innovation-DACHubs,low,Japan,missing,solar,CSP_storage,electricity,missing,missing,missing,missing,missing,missing,EJ
515,0.000241197,0.00511192,0.241737,0.3406202,0.4517512,0.5168711,0.6052176,0.6094126,0.6076716,innovation-DACHubs,low,Japan,missing,solar,PV,electricity,missing,missing,missing,missing,missing,missing,EJ
516,0.0,0.0,8.956e-05,0.0001797031,0.0004685251,0.0011103661,0.0052205061,0.0158728061,0.0300251461,innovation-DACHubs,low,Japan,missing,solar,PV_storage,electricity,missing,missing,missing,missing,missing,missing,EJ
517,0.0,0.00630351,0.041073,0.0576675,0.0826397,0.106136,0.168153,0.2547834,0.34013,innovation-DACHubs,low,Japan,missing,wind,wind,electricity,missing,missing,missing,missing,missing,missing,EJ
518,0.0,0.0,6.79148e-05,0.0002574178,0.0009345748,0.0022136348,0.0079667148,0.0227284,0.043519497,innovation-DACHubs,low,Japan,missing,wind,wind_offshore,electricity,missing,missing,missing,missing,missing,missing,EJ
519,0.0,0.0,3.57303e-05,9.37033e-05,0.0002583763,0.0005294513,0.0017182513,0.0048356913,0.009326871,innovation-DACHubs,low,Japan,missing,wind,wind_storage,electricity,missing,missing,missing,missing,missing,missing,EJ
520,0.0,0.0,0.0,0.0,0.0,0.0171167,0.029015,0.0417714,0.0506424,innovation-DACHubs,low,Mexico,missing,biomass,biomass (IGCC CCS),electricity,missing,missing,missing,missing,missing,missing,EJ
521,0.0,0.0,0.0,0.00391597,0.0087628,0.0099064,0.0119946,0.0145857,0.0163425,innovation-DACHubs,low,Mexico,missing,biomass,biomass (IGCC),electricity,missing,missing,missing,missing,missing,missing,EJ
522,0.0,0.0,0.0,0.0,0.0,0.000355484,0.0017374,0.00648398,0.0148255,innovation-DACHubs,low,Mexico,missing,biomass,biomass (conv CCS),electricity,missing,missing,missing,missing,missing,missing,EJ
523,0.0,0.010965,0.0175904,0.0294181,0.0415811,0.0379686,0.042782,0.0411592,0.0361455,innovation-DACHubs,low,Mexico,missing,biomass,biomass (conv),electricity,missing,missing,missing,missing,missing,missing,EJ
524,0.0,0.0,0.00123659,0.00102643,0.000852621,0.000757663,0.00107468,0.00103627,0.000953641,innovation-DACHubs,low,Mexico,missing,biomass,biomass cogen,electricity,missing,missing,missing,missing,missing,missing,EJ
525,0.0,0.0,0.0,0.0,0.0,0.000167748,0.000879358,0.00297655,0.00632342,innovation-DACHubs,low,Mexico,missing,coal,coal (IGCC CCS),electricity,missing,missing,missing,missing,missing,missing,EJ
526,0.0,0.0,0.0,0.00691421,0.0162036,0.0247086,0.0296941,0.0347566,0.0376714,innovation-DACHubs,low,Mexico,missing,coal,coal (IGCC),electricity,missing,missing,missing,missing,missing,missing,EJ
527,0.0,0.0,0.0,0.0,0.0,0.000211207,0.000994229,0.00295389,0.00578419,innovation-DACHubs,low,Mexico,missing,coal,coal (conv pul CCS),electricity,missing,missing,missing,missing,missing,missing,EJ
528,0.0279849,0.117865,0.137194,0.153489,0.171744,0.18299,0.175855,0.158972,0.137358,innovation-DACHubs,low,Mexico,missing,coal,coal (conv pul),electricity,missing,missing,missing,missing,missing,missing,EJ
529,0.0,0.0,0.000472744,0.000520728,0.0005521,0.000581017,0.00108041,0.00134174,0.00155479,innovation-DACHubs,low,Mexico,missing,gas,biogas cogen,electricity,missing,missing,missing,missing,missing,missing,EJ
530,0.0,0.0,0.0,0.0,0.0,0.0022527,0.00866819,0.0275051,0.0588926,innovation-DACHubs,low,Mexico,missing,gas,gas (CC CCS),electricity,missing,missing,missing,missing,missing,missing,EJ
531,0.0268694,0.251785,0.440535,0.523425,0.639694,0.737365,0.77532,0.848543,0.909299,innovation-DACHubs,low,Mexico,missing,gas,gas (CC),electricity,missing,missing,missing,missing,missing,missing,EJ
532,0.0251838,0.0855095,0.195277,0.215888,0.242625,0.260653,0.245885,0.240393,0.226821,innovation-DACHubs,low,Mexico,missing,gas,gas (steam/CT),electricity,missing,missing,missing,missing,missing,missing,EJ
533,0.0,0.0251238,0.0678554,0.0527974,0.0453196,0.0430877,0.0453607,0.0436437,0.0401736,innovation-DACHubs,low,Mexico,missing,gas,gas cogen,electricity,missing,missing,missing,missing,missing,missing,EJ
534,0.0184454,0.026275,0.0285202,0.0369211,0.0479285,0.0576975,0.0677183,0.0660555,0.0798828,innovation-DACHubs,low,Mexico,missing,geothermal,geothermal,electricity,missing,missing,missing,missing,missing,missing,EJ
535,0.0845208,0.0997524,0.111165,0.111396,0.111626,0.111857,0.112088,0.112319,0.11255,innovation-DACHubs,low,Mexico,missing,hydro,hydro,electricity,missing,missing,missing,missing,missing,missing,EJ
536,0.0,0.0,0.000172342,0.000340213,0.000531753,0.00100416,0.00150749,0.00199645,0.00264333,innovation-DACHubs,low,Mexico,missing,hydrogen,hydrogen cogen,electricity,missing,missing,missing,missing,missing,missing,EJ
537,0.0,0.0,0.00362296,0.00936159,0.0180853,0.0271998,0.0381515,0.0598291,0.0867629,innovation-DACHubs,low,Mexico,missing,nuclear,Gen_III,electricity,missing,missing,missing,missing,missing,missing,EJ
538,0.0105726,0.0388959,0.0384959,0.0366894,0.0340541,0.0304478,0.025924,0.0208215,0.0157187,innovation-DACHubs,low,Mexico,missing,nuclear,Gen_II_LWR,electricity,missing,missing,missing,missing,missing,missing,EJ
539,0.0,0.0,0.0,0.0,0.0,0.0237043,0.0346314,0.0564131,0.0642438,innovation-DACHubs,low,Mexico,missing,refined liquids,refined liquids (CC CCS),electricity,missing,missing,missing,missing,missing,missing,EJ
540,0.0,0.0,0.0153711,0.0368558,0.072966,0.0698435,0.0695041,0.0748208,0.0688004,innovation-DACHubs,low,Mexico,missing,refined liquids,refined liquids (CC),electricity,missing,missing,missing,missing,missing,missing,EJ
541,0.223411,0.24595,0.0927153,0.0959339,0.0979326,0.0855202,0.0755121,0.0568211,0.0414046,innovation-DACHubs,low,Mexico,missing,refined liquids,refined liquids (steam/CT),electricity,missing,missing,missing,missing,missing,missing,EJ
542,0.0,0.000525316,0.00226753,0.00255973,0.00269069,0.00302809,0.00340146,0.00331941,0.00321012,innovation-DACHubs,low,Mexico,missing,refined liquids,refined liquids cogen,electricity,missing,missing,missing,missing,missing,missing,EJ
543,0.0,0.0,0.0268346,0.119755,0.181637,0.226778,0.308256,0.393106,0.491659,innovation-DACHubs,low,Mexico,missing,rooftop_pv,rooftop_pv,elect_td_bld,missing,missing,missing,missing,missing,missing,EJ
544,0.0,0.0,1.53412e-06,1.52318e-05,0.0001124,0.000483256,0.00189318,0.00714835,0.0168281,innovation-DACHubs,low,Mexico,missing,solar,CSP_storage,electricity,missing,missing,missing,missing,missing,missing,EJ
545,3.59981e-06,3.23983e-05,0.006064509,0.034803009,0.098827409,0.164447209,0.208479009,0.26332164,0.3082922999999999,innovation-DACHubs,low,Mexico,missing,solar,PV,electricity,missing,missing,missing,missing,missing,missing,EJ
546,0.0,0.0,3.3318e-06,2.56919e-05,0.0001886919,0.0009068409,0.0040827909,0.0174902909,0.0438838591,innovation-DACHubs,low,Mexico,missing,solar,PV_storage,electricity,missing,missing,missing,missing,missing,missing,EJ
547,3.59981e-06,6.83963e-05,0.0451851,0.0742882,0.124014,0.1771891,0.2358566999999999,0.3084665,0.4047786,innovation-DACHubs,low,Mexico,missing,wind,wind,electricity,missing,missing,missing,missing,missing,missing,EJ
548,0.0,0.0,6.5031e-05,0.000580234,0.002775014,0.007477704,0.016260294,0.037755263,0.06781206,innovation-DACHubs,low,Mexico,missing,wind,wind_offshore,electricity,missing,missing,missing,missing,missing,missing,EJ
549,0.0,0.0,4.72211e-05,0.00026844010000000003,0.0010346551,0.0025166051,0.0052313551,0.0124924951,0.023694574,innovation-DACHubs,low,Mexico,missing,wind,wind_storage,electricity,missing,missing,missing,missing,missing,missing,EJ
550,0.0,0.0,0.0,0.0,0.0,0.00740623,0.0145673,0.0232565,0.0312765,innovation-DACHubs,low,Middle East,missing,biomass,biomass (IGCC CCS),electricity,missing,missing,missing,missing,missing,missing,EJ
551,0.0,0.0,0.0,0.000903951,0.00277002,0.0035816,0.00510897,0.00748743,0.00996958,innovation-DACHubs,low,Middle East,missing,biomass,biomass (IGCC),electricity,missing,missing,missing,missing,missing,missing,EJ
552,0.0,0.0,0.0,0.0,0.0,0.000155676,0.000997871,0.00410701,0.010983,innovation-DACHubs,low,Middle East,missing,biomass,biomass (conv CCS),electricity,missing,missing,missing,missing,missing,missing,EJ
553,0.0,0.0,0.00266587,0.00577006,0.0111194,0.0121558,0.0151646,0.0171019,0.0173749,innovation-DACHubs,low,Middle East,missing,biomass,biomass (conv),electricity,missing,missing,missing,missing,missing,missing,EJ
554,0.0,0.0,0.0,0.0,0.0,9.65245e-05,0.000552135,0.00186792,0.00423986,innovation-DACHubs,low,Middle East,missing,coal,coal (IGCC CCS),electricity,missing,missing,missing,missing,missing,missing,EJ
555,0.0,0.0,0.0,0.00403908,0.00975376,0.0148661,0.0185935,0.0221889,0.0248095,innovation-DACHubs,low,Middle East,missing,coal,coal (IGCC),electricity,missing,missing,missing,missing,missing,missing,EJ
556,0.0,0.0,0.0,0.0,0.0,0.000121546,0.000615027,0.0018526,0.00388498,innovation-DACHubs,low,Middle East,missing,coal,coal (conv pul CCS),electricity,missing,missing,missing,missing,missing,missing,EJ
557,0.037911,0.132627,0.11943,0.127148,0.136246,0.14007,0.13489,0.125572,0.112631,innovation-DACHubs,low,Middle East,missing,coal,coal (conv pul),electricity,missing,missing,missing,missing,missing,missing,EJ
558,0.0,0.0,0.00379825,0.00385495,0.00362583,0.00386951,0.0074031,0.00877251,0.00971977,innovation-DACHubs,low,Middle East,missing,gas,biogas cogen,electricity,missing,missing,missing,missing,missing,missing,EJ
559,0.0,0.0,0.0,0.0,0.0,0.0783306,0.218314,0.456906,0.745526,innovation-DACHubs,low,Middle East,missing,gas,gas (CC CCS),electricity,missing,missing,missing,missing,missing,missing,EJ
560,0.0,0.0,0.111483,0.284891,0.669218,1.02498,1.27595,1.57581,1.85583,innovation-DACHubs,low,Middle East,missing,gas,gas (CC),electricity,missing,missing,missing,missing,missing,missing,EJ
561,0.410424,1.37907,2.57009,2.60668,2.62364,2.45112,2.12699,1.79793,1.48522,innovation-DACHubs,low,Middle East,missing,gas,gas (steam/CT),electricity,missing,missing,missing,missing,missing,missing,EJ
562,0.0,0.0,0.0110777,0.0247604,0.041875,0.0548362,0.0743053,0.104356,0.129139,innovation-DACHubs,low,Middle East,missing,geothermal,geothermal,electricity,missing,missing,missing,missing,missing,missing,EJ
563,0.04293,0.0992016,0.0920567,0.120735,0.149414,0.178093,0.206771,0.23545,0.264129,innovation-DACHubs,low,Middle East,missing,hydro,hydro,electricity,missing,missing,missing,missing,missing,missing,EJ
564,0.0,0.0,0.00218088,0.0037314,0.00508074,0.00852463,0.0126149,0.016237,0.0205654,innovation-DACHubs,low,Middle East,missing,hydrogen,hydrogen cogen,electricity,missing,missing,missing,missing,missing,missing,EJ
565,0.0,0.0,0.0158882,0.0401017,0.0850239,0.134923,0.201841,0.313401,0.453935,innovation-DACHubs,low,Middle East,missing,nuclear,Gen_III,electricity,missing,missing,missing,missing,missing,missing,EJ
566,0.0,0.0,0.00968735,0.00923287,0.00856986,0.00766241,0.00652368,0.00523937,0.00395473,innovation-DACHubs,low,Middle East,missing,nuclear,Gen_II_LWR,electricity,missing,missing,missing,missing,missing,missing,EJ
567,0.0,0.0,0.0,0.0,0.0,0.210068,0.36267,0.585794,0.744967,innovation-DACHubs,low,Middle East,missing,refined liquids,refined liquids (CC CCS),electricity,missing,missing,missing,missing,missing,missing,EJ
568,0.0,0.0,0.175511,0.358488,0.721304,0.799129,0.855153,0.898483,0.869969,innovation-DACHubs,low,Middle East,missing,refined liquids,refined liquids (CC),electricity,missing,missing,missing,missing,missing,missing,EJ
569,0.388706,0.71284,0.929525,0.930847,0.960042,0.927353,0.823374,0.666887,0.526994,innovation-DACHubs,low,Middle East,missing,refined liquids,refined liquids (steam/CT),electricity,missing,missing,missing,missing,missing,missing,EJ
570,0.0,0.0,0.356297,0.701691,0.94214,1.19925,1.64418,1.93797,2.15012,innovation-DACHubs,low,Middle East,missing,rooftop_pv,rooftop_pv,elect_td_bld,missing,missing,missing,missing,missing,missing,EJ
571,0.0,0.0,0.00087415,0.00087415,0.00087415,0.00087415,0.00087415,0.0,0.0,innovation-DACHubs,low,Middle East,missing,solar,CSP,electricity,missing,missing,missing,missing,missing,missing,EJ
572,0.0,0.0,8.19277e-06,7.8261e-05,0.000581822,0.00231528,0.00879373,0.0264609,0.0573307,innovation-DACHubs,low,Middle East,missing,solar,CSP_storage,electricity,missing,missing,missing,missing,missing,missing,EJ
573,0.0,0.0,0.03465673,0.10637333,0.25735333,0.39317833,0.49653333,0.6376911,0.7803435999999999,innovation-DACHubs,low,Middle East,missing,solar,PV,electricity,missing,missing,missing,missing,missing,missing,EJ
574,0.0,0.0,2.40289e-05,0.0001787669,0.0013234169,0.0058915169,0.0258668169,0.0878005169,0.203970488,innovation-DACHubs,low,Middle East,missing,solar,PV_storage,electricity,missing,missing,missing,missing,missing,missing,EJ
575,3.59926e-06,0.000305898,0.02710456,0.07752436,0.17509446,0.27973346,0.42018646,0.6424828,0.8827638999999999,innovation-DACHubs,low,Middle East,missing,wind,wind,electricity,missing,missing,missing,missing,missing,missing,EJ
576,0.0,0.0,0.000105512,0.001056932,0.006646692,0.020155092,0.052500692,0.12529918,0.23018976,innovation-DACHubs,low,Middle East,missing,wind,wind_offshore,electricity,missing,missing,missing,missing,missing,missing,EJ
577,0.0,0.0,0.00010838,0.000554797,0.002240507,0.005373307,0.012064957,0.027646057,0.053098377,innovation-DACHubs,low,Middle East,missing,wind,wind_storage,electricity,missing,missing,missing,missing,missing,missing,EJ
578,0.0,0.0,0.0,0.0,0.0,0.00730264,0.0226135,0.0331871,0.0373165,innovation-DACHubs,low,Pakistan,missing,biomass,biomass (IGCC CCS),electricity,missing,missing,missing,missing,missing,missing,EJ
579,0.0,0.0,0.0,0.00132993,0.00332165,0.00432269,0.00788232,0.011161,0.0123521,innovation-DACHubs,low,Pakistan,missing,biomass,biomass (IGCC),electricity,missing,missing,missing,missing,missing,missing,EJ
580,0.0,0.0,0.0,0.0,0.0,0.000153718,0.00194826,0.00559606,0.00914962,innovation-DACHubs,low,Pakistan,missing,biomass,biomass (conv CCS),electricity,missing,missing,missing,missing,missing,missing,EJ
581,0.0,0.0,0.00667201,0.0109045,0.0167209,0.0185678,0.0257547,0.0269157,0.0219919,innovation-DACHubs,low,Pakistan,missing,biomass,biomass (conv),electricity,missing,missing,missing,missing,missing,missing,EJ
582,0.0,0.0,0.0,0.0,0.0,1.75897e-05,0.000233058,0.000636185,0.00102134,innovation-DACHubs,low,Pakistan,missing,coal,coal (IGCC CCS),electricity,missing,missing,missing,missing,missing,missing,EJ
583,0.0,0.0,0.0,0.000917688,0.00203558,0.00318372,0.00518587,0.0065701,0.00718339,innovation-DACHubs,low,Pakistan,missing,coal,coal (IGCC),electricity,missing,missing,missing,missing,missing,missing,EJ
584,0.0,0.0,0.0,0.0,0.0,2.06287e-05,0.000239762,0.000588527,0.000880362,innovation-DACHubs,low,Pakistan,missing,coal,coal (conv pul CCS),electricity,missing,missing,missing,missing,missing,missing,EJ
585,0.00013679,0.000464408,0.00532987,0.008179,0.0113132,0.0142712,0.017676,0.0195919,0.0198966,innovation-DACHubs,low,Pakistan,missing,coal,coal (conv pul),electricity,missing,missing,missing,missing,missing,missing,EJ
586,0.0,0.0,0.000131716,0.000157676,0.000219909,0.000326962,0.000697122,0.000960643,0.00120618,innovation-DACHubs,low,Pakistan,missing,gas,biogas cogen,electricity,missing,missing,missing,missing,missing,missing,EJ
587,0.0,0.0,0.0,0.0,0.0,0.00780633,0.0348533,0.0599579,0.0734171,innovation-DACHubs,low,Pakistan,missing,gas,gas (CC CCS),electricity,missing,missing,missing,missing,missing,missing,EJ
588,0.00150008,0.0519449,0.0172417,0.0386791,0.0728334,0.101251,0.141925,0.171069,0.182659,innovation-DACHubs,low,Pakistan,missing,gas,gas (CC),electricity,missing,missing,missing,missing,missing,missing,EJ
589,0.0441049,0.0966872,0.149206,0.163227,0.172382,0.167026,0.145954,0.119754,0.0885049,innovation-DACHubs,low,Pakistan,missing,gas,gas (steam/CT),electricity,missing,missing,missing,missing,missing,missing,EJ
590,0.0,0.0,0.0160498,0.0332175,0.0512205,0.0661803,0.10371,0.138517,0.14509,innovation-DACHubs,low,Pakistan,missing,geothermal,geothermal,electricity,missing,missing,missing,missing,missing,missing,EJ
591,0.06093,0.111103,0.131602,0.138525,0.145448,0.152371,0.159295,0.166218,0.173141,innovation-DACHubs,low,Pakistan,missing,hydro,hydro,electricity,missing,missing,missing,missing,missing,missing,EJ
592,0.0,0.0,6.77584e-05,0.000129414,0.000265937,0.000654085,0.00100285,0.0013872,0.00178855,innovation-DACHubs,low,Pakistan,missing,hydrogen,hydrogen cogen,electricity,missing,missing,missing,missing,missing,missing,EJ
593,0.0,0.0,0.0118288,0.0224803,0.034824,0.0469912,0.0809764,0.115564,0.139023,innovation-DACHubs,low,Pakistan,missing,nuclear,Gen_III,electricity,missing,missing,missing,missing,missing,missing,EJ
594,0.00105472,0.00894255,0.015319,0.0146005,0.0135525,0.0121183,0.0103182,0.00828821,0.00625827,innovation-DACHubs,low,Pakistan,missing,nuclear,Gen_II_LWR,electricity,missing,missing,missing,missing,missing,missing,EJ
595,0.0,0.0,0.0,0.0,0.0,0.0134817,0.0417188,0.0499498,0.0427345,innovation-DACHubs,low,Pakistan,missing,refined liquids,refined liquids (CC CCS),electricity,missing,missing,missing,missing,missing,missing,EJ
596,0.0,0.0,0.0185339,0.030386,0.0508108,0.0571007,0.0754351,0.0721822,0.0556998,innovation-DACHubs,low,Pakistan,missing,refined liquids,refined liquids (CC),electricity,missing,missing,missing,missing,missing,missing,EJ
597,0.0278907,0.0679259,0.120417,0.1135,0.112143,0.107005,0.0890112,0.0665756,0.0463787,innovation-DACHubs,low,Pakistan,missing,refined liquids,refined liquids (steam/CT),electricity,missing,missing,missing,missing,missing,missing,EJ
598,0.0,0.0,0.0313298,0.0598347,0.104068,0.186863,0.32232,0.436138,0.536258,innovation-DACHubs,low,Pakistan,missing,rooftop_pv,rooftop_pv,elect_td_bld,missing,missing,missing,missing,missing,missing,EJ
599,0.0,0.0,1.77619e-05,0.00019455,0.00147676,0.0056125,0.0291418,0.0661895,0.0996615,innovation-DACHubs,low,Pakistan,missing,solar,CSP_storage,electricity,missing,missing,missing,missing,missing,missing,EJ
600,0.0,0.0,0.02927363,0.07925963,0.13621673,0.18204593,0.28827493,0.3838852,0.413068,innovation-DACHubs,low,Pakistan,missing,solar,PV,electricity,missing,missing,missing,missing,missing,missing,EJ
601,0.0,0.0,2.7097e-05,0.000231386,0.001769176,0.007575126,0.046801526,0.118635426,0.192141229,innovation-DACHubs,low,Pakistan,missing,solar,PV_storage,electricity,missing,missing,missing,missing,missing,missing,EJ
602,0.0,0.0,0.03222073,0.07955803,0.14550843,0.21098033,0.35719733,0.485849,0.5420254,innovation-DACHubs,low,Pakistan,missing,wind,wind,electricity,missing,missing,missing,missing,missing,missing,EJ
603,0.0,0.0,9.81046e-06,6.364936e-05,0.00024484536,0.00061844736,0.00220698736,0.0044828869,0.006514648,innovation-DACHubs,low,Pakistan,missing,wind,wind_offshore,electricity,missing,missing,missing,missing,missing,missing,EJ
604,0.0,0.0,5.73287e-05,0.00030575270000000003,0.0013033957,0.0039256357,0.0203366356999999,0.0482382356999999,0.075144007,innovation-DACHubs,low,Pakistan,missing,wind,wind_storage,electricity,missing,missing,missing,missing,missing,missing,EJ
605,0.0,0.0,0.0,0.0,0.0,0.00391896,0.013204,0.0198714,0.0247332,innovation-DACHubs,low,Russia,missing,biomass,biomass (IGCC CCS),electricity,missing,missing,missing,missing,missing,missing,EJ
606,0.0,0.0,0.0,0.000799565,0.00207426,0.00233663,0.00399258,0.00538187,0.00631268,innovation-DACHubs,low,Russia,missing,biomass,biomass (IGCC),electricity,missing,missing,missing,missing,missing,missing,EJ
607,0.0,0.0,0.0,0.0,0.0,8.86083e-05,0.00130219,0.00403424,0.0091314,innovation-DACHubs,low,Russia,missing,biomass,biomass (conv CCS),electricity,missing,missing,missing,missing,missing,missing,EJ
608,0.0,0.0,0.0071104,0.0087934,0.012216,0.01123,0.0151199,0.0145132,0.0124581,innovation-DACHubs,low,Russia,missing,biomass,biomass (conv),electricity,missing,missing,missing,missing,missing,missing,EJ
609,0.000133152,0.00948844,0.00978629,0.00842164,0.00662717,0.00587132,0.00741084,0.00637069,0.00528234,innovation-DACHubs,low,Russia,missing,biomass,biomass cogen,electricity,missing,missing,missing,missing,missing,missing,EJ
610,0.0,0.0,0.0,0.0,0.0,0.00015851,0.00207771,0.00526737,0.00983728,innovation-DACHubs,low,Russia,missing,coal,coal (IGCC CCS),electricity,missing,missing,missing,missing,missing,missing,EJ
611,0.0,0.0,0.0,0.0140059,0.0296313,0.038735,0.0533455,0.0614304,0.064303,innovation-DACHubs,low,Russia,missing,coal,coal (IGCC),electricity,missing,missing,missing,missing,missing,missing,EJ
612,0.0,0.0,0.0,0.0,0.0,0.000217731,0.00249812,0.00570343,0.00984266,innovation-DACHubs,low,Russia,missing,coal,coal (conv pul CCS),electricity,missing,missing,missing,missing,missing,missing,EJ
613,0.546129,0.551288,0.692529,0.7175,0.732591,0.713152,0.664952,0.528637,0.402704,innovation-DACHubs,low,Russia,missing,coal,coal (conv pul),electricity,missing,missing,missing,missing,missing,missing,EJ
614,0.0191956,0.0442918,0.0226231,0.0158356,0.0103454,0.00914726,0.00365096,0.00167078,0.00100064,innovation-DACHubs,low,Russia,missing,coal,coal cogen,electricity,missing,missing,missing,missing,missing,missing,EJ
615,0.0,0.0,0.000601077,0.000632463,0.000618098,0.000645321,0.00118027,0.00136658,0.00148926,innovation-DACHubs,low,Russia,missing,gas,biogas cogen,electricity,missing,missing,missing,missing,missing,missing,EJ
616,0.0,0.0,0.0,0.0,0.0,0.0367418,0.185133,0.331214,0.470103,innovation-DACHubs,low,Russia,missing,gas,gas (CC CCS),electricity,missing,missing,missing,missing,missing,missing,EJ
617,0.0,0.0,0.236891,0.376249,0.627497,0.774474,0.993874,1.14795,1.24126,innovation-DACHubs,low,Russia,missing,gas,gas (CC),electricity,missing,missing,missing,missing,missing,missing,EJ
618,1.69041,1.4949,1.7561,1.76091,1.73942,1.60753,1.19078,0.902655,0.645281,innovation-DACHubs,low,Russia,missing,gas,gas (steam/CT),electricity,missing,missing,missing,missing,missing,missing,EJ
619,0.153428,0.0866757,0.112934,0.0959154,0.0794358,0.0725702,0.060923,0.049439,0.0384793,innovation-DACHubs,low,Russia,missing,gas,gas cogen,electricity,missing,missing,missing,missing,missing,missing,EJ
620,0.000100804,0.00147597,0.0303432,0.0470719,0.0691297,0.083903,0.121095,0.150799,0.157353,innovation-DACHubs,low,Russia,missing,geothermal,geothermal,electricity,missing,missing,missing,missing,missing,missing,EJ
621,0.597301,0.621637,0.646028,0.687281,0.728534,0.769788,0.811041,0.852294,0.893547,innovation-DACHubs,low,Russia,missing,hydro,hydro,electricity,missing,missing,missing,missing,missing,missing,EJ
622,0.0,0.0,0.000721927,0.00141833,0.00207502,0.00375914,0.00496235,0.00571526,0.00663213,innovation-DACHubs,low,Russia,missing,hydrogen,hydrogen cogen,electricity,missing,missing,missing,missing,missing,missing,EJ
623,0.0,0.0,0.291109,0.427577,0.613724,0.744097,1.10541,1.45093,1.78298,innovation-DACHubs,low,Russia,missing,nuclear,Gen_III,electricity,missing,missing,missing,missing,missing,missing,EJ
624,0.425914,0.537993,0.650028,0.61954,0.575069,0.514215,0.437828,0.351692,0.265556,innovation-DACHubs,low,Russia,missing,nuclear,Gen_II_LWR,electricity,missing,missing,missing,missing,missing,missing,EJ
625,0.0,0.0,0.0,0.0,0.0,0.00384045,0.0130707,0.0148183,0.0158402,innovation-DACHubs,low,Russia,missing,refined liquids,refined liquids (CC CCS),electricity,missing,missing,missing,missing,missing,missing,EJ
626,0.0,0.0,0.0138909,0.010592,0.0166627,0.0120854,0.0181793,0.01719,0.0156823,innovation-DACHubs,low,Russia,missing,refined liquids,refined liquids (CC),electricity,missing,missing,missing,missing,missing,missing,EJ
627,0.463118,0.0644097,0.0242237,0.0172544,0.0178196,0.0159169,0.0148825,0.0114875,0.0084909,innovation-DACHubs,low,Russia,missing,refined liquids,refined liquids (steam/CT),electricity,missing,missing,missing,missing,missing,missing,EJ
628,0.0,0.0119671,0.00366662,0.00386608,0.00382307,0.0041589,0.00458834,0.00445728,0.0042136,innovation-DACHubs,low,Russia,missing,refined liquids,refined liquids cogen,electricity,missing,missing,missing,missing,missing,missing,EJ
629,0.0,0.0,0.000688545,0.0128165,0.0562924,0.119661,0.158985,0.159366,0.156061,innovation-DACHubs,low,Russia,missing,rooftop_pv,rooftop_pv,elect_td_bld,missing,missing,missing,missing,missing,missing,EJ
630,0.0,0.0,0.000665936,0.00168756,0.00483714,0.00949611,0.0465727,0.124495,0.2586,innovation-DACHubs,low,Russia,missing,solar,CSP_storage,electricity,missing,missing,missing,missing,missing,missing,EJ
631,0.0,0.0,0.00876324,0.02246844,0.06747124,0.11444734,0.24013334,0.34942486,0.4390497,innovation-DACHubs,low,Russia,missing,solar,PV,electricity,missing,missing,missing,missing,missing,missing,EJ
632,0.0,0.0,5.19275e-06,1.120165e-05,3.030815e-05,6.299495e-05,0.00036518495,0.00108303595,0.0024006432,innovation-DACHubs,low,Russia,missing,solar,PV_storage,electricity,missing,missing,missing,missing,missing,missing,EJ
633,0.0,2.51994e-05,0.070482068,0.123169368,0.210884768,0.277357468,0.4866104679999999,0.7020998999999999,0.8522744,innovation-DACHubs,low,Russia,missing,wind,wind,electricity,missing,missing,missing,missing,missing,missing,EJ
634,0.0,0.0,0.000312023,0.001220906,0.005135906,0.0113792459999999,0.045234546,0.098159723,0.17135514,innovation-DACHubs,low,Russia,missing,wind,wind_offshore,electricity,missing,missing,missing,missing,missing,missing,EJ
635,0.0,0.0,0.000319275,0.000809241,0.002323091,0.004242161,0.013962571,0.028512371,0.0480537959999999,innovation-DACHubs,low,Russia,missing,wind,wind_storage,electricity,missing,missing,missing,missing,missing,missing,EJ
636,0.0,0.0,0.0,0.0,0.0,0.00166691,0.00467085,0.00804042,0.0107311,innovation-DACHubs,low,South Africa,missing,biomass,biomass (IGCC CCS),electricity,missing,missing,missing,missing,missing,missing,EJ
637,0.0,0.0,0.0,0.000324186,0.000866526,0.00097239,0.00167556,0.00262881,0.00349363,innovation-DACHubs,low,South Africa,missing,biomass,biomass (IGCC),electricity,missing,missing,missing,missing,missing,missing,EJ
638,0.0,0.0,0.0,0.0,0.0,3.64853e-05,0.00038611,0.00154839,0.00376097,innovation-DACHubs,low,South Africa,missing,biomass,biomass (conv CCS),electricity,missing,missing,missing,missing,missing,missing,EJ
639,0.0,0.000932388,0.00152266,0.00210917,0.00333829,0.00292262,0.00453683,0.00534682,0.00537805,innovation-DACHubs,low,South Africa,missing,biomass,biomass (conv),electricity,missing,missing,missing,missing,missing,missing,EJ
640,0.0,0.0,0.0,0.0,0.0,0.000283005,0.00293263,0.00985815,0.020449,innovation-DACHubs,low,South Africa,missing,coal,coal (IGCC CCS),electricity,missing,missing,missing,missing,missing,missing,EJ
641,0.0,0.0,0.0,0.0224934,0.0514251,0.0707839,0.0946542,0.115918,0.129255,innovation-DACHubs,low,South Africa,missing,coal,coal (IGCC),electricity,missing,missing,missing,missing,missing,missing,EJ
642,0.0,0.0,0.0,0.0,0.0,0.000355717,0.00329363,0.00985819,0.0188541,innovation-DACHubs,low,South Africa,missing,coal,coal (conv pul CCS),electricity,missing,missing,missing,missing,missing,missing,EJ
643,0.561322,0.824681,0.884204,0.921354,0.952904,0.933076,0.877952,0.775012,0.645058,innovation-DACHubs,low,South Africa,missing,coal,coal (conv pul),electricity,missing,missing,missing,missing,missing,missing,EJ
644,0.0,0.0,9.08915e-05,9.7068e-05,0.000104176,0.000122761,0.00022536,0.000268617,0.000295577,innovation-DACHubs,low,South Africa,missing,gas,biogas cogen,electricity,missing,missing,missing,missing,missing,missing,EJ
645,0.0,0.0,0.0,0.0,0.0,0.000242358,0.000937131,0.00222386,0.00382163,innovation-DACHubs,low,South Africa,missing,gas,gas (CC CCS),electricity,missing,missing,missing,missing,missing,missing,EJ
646,0.0,0.0,0.000955864,0.00178115,0.0031262,0.0035852,0.00451892,0.0059594,0.00747343,innovation-DACHubs,low,South Africa,missing,gas,gas (CC),electricity,missing,missing,missing,missing,missing,missing,EJ
647,0.0,0.0,2.64004e-05,3.54189e-05,5.74223e-05,5.5846e-05,7.63219e-05,0.000104075,0.000122144,innovation-DACHubs,low,South Africa,missing,gas,gas (steam/CT),electricity,missing,missing,missing,missing,missing,missing,EJ
648,0.0,0.0,0.00361268,0.0077356,0.0122073,0.0145361,0.018955,0.0225422,0.0241994,innovation-DACHubs,low,South Africa,missing,geothermal,geothermal,electricity,missing,missing,missing,missing,missing,missing,EJ
649,0.003636,0.0047952,0.0033725,0.0038614,0.0043503,0.0048392,0.0053281,0.005817,0.0063059,innovation-DACHubs,low,South Africa,missing,hydro,hydro,electricity,missing,missing,missing,missing,missing,missing,EJ
650,0.0,0.0,3.25066e-05,6.146e-05,0.000102946,0.00020711,0.000361609,0.000531194,0.00069771,innovation-DACHubs,low,South Africa,missing,hydrogen,hydrogen cogen,electricity,missing,missing,missing,missing,missing,missing,EJ
651,0.0,0.0,0.000536459,0.00399293,0.0119731,0.0197002,0.0386874,0.0702753,0.108344,innovation-DACHubs,low,South Africa,missing,nuclear,Gen_III,electricity,missing,missing,missing,missing,missing,missing,EJ
652,0.0304158,0.0406543,0.0407077,0.0387972,0.0360066,0.0321906,0.0274113,0.022018,0.016625,innovation-DACHubs,low,South Africa,missing,nuclear,Gen_II_LWR,electricity,missing,missing,missing,missing,missing,missing,EJ
653,0.0,0.0,0.0,0.0,0.0,8.45908e-05,0.000223805,0.000374629,0.000467301,innovation-DACHubs,low,South Africa,missing,refined liquids,refined liquids (CC CCS),electricity,missing,missing,missing,missing,missing,missing,EJ
654,0.0,0.0,9.12999e-05,0.000143274,0.000284694,0.000213017,0.000333376,0.000449885,0.000495316,innovation-DACHubs,low,South Africa,missing,refined liquids,refined liquids (CC),electricity,missing,missing,missing,missing,missing,missing,EJ
655,0.0,0.0,0.000302517,0.00025783,0.000282238,0.000267468,0.000286547,0.000257392,0.000212188,innovation-DACHubs,low,South Africa,missing,refined liquids,refined liquids (steam/CT),electricity,missing,missing,missing,missing,missing,missing,EJ
656,0.0,0.0,0.0090384,0.0459243,0.0681142,0.0932065,0.15401,0.216996,0.273774,innovation-DACHubs,low,South Africa,missing,rooftop_pv,rooftop_pv,elect_td_bld,missing,missing,missing,missing,missing,missing,EJ
657,0.0,0.0,0.00068394,0.00068394,0.00068394,0.00068394,0.00068394,0.0,0.0,innovation-DACHubs,low,South Africa,missing,solar,CSP,electricity,missing,missing,missing,missing,missing,missing,EJ
658,0.0,0.0,2.75327e-06,1.57538e-05,0.00011061,0.00040563,0.00262078,0.00898014,0.0197227,innovation-DACHubs,low,South Africa,missing,solar,CSP_storage,electricity,missing,missing,missing,missing,missing,missing,EJ
659,0.0,0.0,0.02375291,0.07407371,0.15783781,0.2059469099999999,0.26056901,0.3098913,0.3473737,innovation-DACHubs,low,South Africa,missing,solar,PV,electricity,missing,missing,missing,missing,missing,missing,EJ
660,0.0,0.0,1.03569e-05,4.70664e-05,0.0003224304,0.0013107634,0.0099159834,0.0378008834,0.0878940265,innovation-DACHubs,low,South Africa,missing,solar,PV_storage,electricity,missing,missing,missing,missing,missing,missing,EJ
661,0.0,4.31995e-05,0.01761698,0.03343078,0.06339568,0.0888922799999999,0.14594348,0.21329267,0.2734651,innovation-DACHubs,low,South Africa,missing,wind,wind,electricity,missing,missing,missing,missing,missing,missing,EJ
662,0.0,0.0,2.9432e-05,0.000242614,0.001348194,0.003444194,0.012453684,0.032567552,0.05971667,innovation-DACHubs,low,South Africa,missing,wind,wind_offshore,electricity,missing,missing,missing,missing,missing,missing,EJ
663,0.0,0.0,2.25837e-05,0.000110425,0.000439788,0.000948461,0.003063631,0.0084596509999999,0.0177501673,innovation-DACHubs,low,South Africa,missing,wind,wind_storage,electricity,missing,missing,missing,missing,missing,missing,EJ
664,0.0,0.0,0.0,0.0,0.0,0.0,0.0,0.00043252,0.000732027,innovation-DACHubs,low,South America_Northern,missing,biomass,biomass (IGCC CCS),electricity,missing,missing,missing,missing,missing,missing,EJ
665,0.0,0.0,0.0,0.0,0.0,0.0,0.0,0.000110932,0.000183373,innovation-DACHubs,low,South America_Northern,missing,biomass,biomass (IGCC),electricity,missing,missing,missing,missing,missing,missing,EJ
666,0.0,0.0,0.0,0.0,0.0,0.0,0.0,0.00017024,0.000452655,innovation-DACHubs,low,South America_Northern,missing,biomass,biomass (conv CCS),electricity,missing,missing,missing,missing,missing,missing,EJ
667,6.07703e-05,9.18619e-05,1.66825e-05,1.19058e-05,6.36543e-06,4.23209e-06,3.63489e-06,0.000228614,0.000272469,innovation-DACHubs,low,South America_Northern,missing,biomass,biomass (conv),electricity,missing,missing,missing,missing,missing,missing,EJ
668,0.0,0.0,0.0,0.0,0.0,0.0,0.0,1.62327e-05,4.13857e-05,innovation-DACHubs,low,South America_Northern,missing,coal,coal (IGCC CCS),electricity,missing,missing,missing,missing,missing,missing,EJ
669,0.0,0.0,0.0,0.0,0.0,0.0,0.0,3.69971e-05,6.10675e-05,innovation-DACHubs,low,South America_Northern,missing,coal,coal (IGCC),electricity,missing,missing,missing,missing,missing,missing,EJ
670,0.0,0.0,0.0,0.0,0.0,0.0,0.0,1.56718e-05,3.75343e-05,innovation-DACHubs,low,South America_Northern,missing,coal,coal (conv pul CCS),electricity,missing,missing,missing,missing,missing,missing,EJ
671,0.0,0.0,0.0,0.0,0.0,0.0,0.0,5.73046e-05,8.86185e-05,innovation-DACHubs,low,South America_Northern,missing,coal,coal (conv pul),electricity,missing,missing,missing,missing,missing,missing,EJ
672,0.0,0.0,5.28541e-05,6.10929e-05,4.92491e-05,5.10913e-05,8.97082e-05,8.52669e-05,9.11449e-05,innovation-DACHubs,low,South America_Northern,missing,gas,biogas cogen,electricity,missing,missing,missing,missing,missing,missing,EJ
673,0.0,0.0,0.0,0.0,0.0,0.0,0.0,0.0134979,0.026801,innovation-DACHubs,low,South America_Northern,missing,gas,gas (CC CCS),electricity,missing,missing,missing,missing,missing,missing,EJ
674,0.0,0.0,0.0,0.0,0.0,0.0,0.0,0.0174446,0.0302508,innovation-DACHubs,low,South America_Northern,missing,gas,gas (CC),electricity,missing,missing,missing,missing,missing,missing,EJ
675,0.0558832,0.0543899,0.0444041,0.0397852,0.0476002,0.0489502,0.0419978,0.0284887,0.0188382,innovation-DACHubs,low,South America_Northern,missing,gas,gas (steam/CT),electricity,missing,missing,missing,missing,missing,missing,EJ
676,0.0,0.0,0.0,0.0,0.0,0.0,0.0,0.00683985,0.0128253,innovation-DACHubs,low,South America_Northern,missing,geothermal,geothermal,electricity,missing,missing,missing,missing,missing,missing,EJ
677,0.134775,0.282745,0.138193,0.140045,0.197722,0.253561,0.303087,0.308828,0.3145,innovation-DACHubs,low,South America_Northern,missing,hydro,hydro,electricity,missing,missing,missing,missing,missing,missing,EJ
678,0.0,0.0,3.53309e-05,6.01106e-05,7.40731e-05,0.000119915,0.000173398,0.000174901,0.000230135,innovation-DACHubs,low,South America_Northern,missing,hydrogen,hydrogen cogen,electricity,missing,missing,missing,missing,missing,missing,EJ
679,0.0,0.0,0.0,0.0,0.0,0.0,0.0,0.0023581,0.00550549,innovation-DACHubs,low,South America_Northern,missing,nuclear,Gen_III,electricity,missing,missing,missing,missing,missing,missing,EJ
680,0.0,0.0,0.0,0.0,0.0,0.0,0.0,0.0163285,0.0180066,innovation-DACHubs,low,South America_Northern,missing,refined liquids,refined liquids (CC CCS),electricity,missing,missing,missing,missing,missing,missing,EJ
681,0.0,0.0,0.0,0.0,0.0,0.0,0.0,0.013719,0.0130706,innovation-DACHubs,low,South America_Northern,missing,refined liquids,refined liquids (CC),electricity,missing,missing,missing,missing,missing,missing,EJ
682,0.0469143,0.0859248,0.0311597,0.0263439,0.0243304,0.0230933,0.0179651,0.00878274,0.00482832,innovation-DACHubs,low,South America_Northern,missing,refined liquids,refined liquids (steam/CT),electricity,missing,missing,missing,missing,missing,missing,EJ
683,0.0,0.0,0.016097,0.0322681,0.046912,0.0622748,0.082366,0.0943778,0.110043,innovation-DACHubs,low,South America_Northern,missing,rooftop_pv,rooftop_pv,elect_td_bld,missing,missing,missing,missing,missing,missing,EJ
684,0.0,0.0,0.0,0.0,0.0,0.0,0.0,0.00121238,0.00300734,innovation-DACHubs,low,South America_Northern,missing,solar,CSP_storage,electricity,missing,missing,missing,missing,missing,missing,EJ
685,0.0,5.31994e-05,2.99205e-05,2.97204e-05,4.1145e-05,5.17589e-05,6.0711e-05,0.0072677,0.0128972299999999,innovation-DACHubs,low,South America_Northern,missing,solar,PV,electricity,missing,missing,missing,missing,missing,missing,EJ
686,0.0,0.0,0.0,0.0,0.0,0.0,0.0,0.00121348,0.00312558,innovation-DACHubs,low,South America_Northern,missing,solar,PV_storage,electricity,missing,missing,missing,missing,missing,missing,EJ
687,0.0,0.000196298,0.00023547,0.000233895,0.000323805,0.000407335,0.000477786,0.0265399,0.0503382,innovation-DACHubs,low,South America_Northern,missing,wind,wind,electricity,missing,missing,missing,missing,missing,missing,EJ
688,0.0,0.0,0.0,0.0,0.0,0.0,0.0,0.00296103,0.0067283399999999,innovation-DACHubs,low,South America_Northern,missing,wind,wind_offshore,electricity,missing,missing,missing,missing,missing,missing,EJ
689,0.0,0.0,0.0,0.0,0.0,0.0,0.0,0.000927907,0.002194917,innovation-DACHubs,low,South America_Northern,missing,wind,wind_storage,electricity,missing,missing,missing,missing,missing,missing,EJ
690,0.0,0.0,0.0,0.0,0.0,0.00958149,0.0165419,0.0252323,0.0315195,innovation-DACHubs,low,South America_Southern,missing,biomass,biomass (IGCC CCS),electricity,missing,missing,missing,missing,missing,missing,EJ
691,0.0,0.0,0.0,0.00290611,0.00643842,0.00716198,0.00826406,0.00975018,0.0105332,innovation-DACHubs,low,South America_Southern,missing,biomass,biomass (IGCC),electricity,missing,missing,missing,missing,missing,missing,EJ
692,0.0,0.0,0.0,0.0,0.0,0.000204963,0.00101682,0.00418794,0.00987493,innovation-DACHubs,low,South America_Southern,missing,biomass,biomass (conv CCS),electricity,missing,missing,missing,missing,missing,missing,EJ
693,0.000737983,0.0020193,0.0183135,0.0267536,0.0352591,0.0331083,0.034452,0.0303621,0.024083,innovation-DACHubs,low,South America_Southern,missing,biomass,biomass (conv),electricity,missing,missing,missing,missing,missing,missing,EJ
694,0.0036131,0.00638438,0.0289036,0.02324,0.0184032,0.0168034,0.0205214,0.0170254,0.0135807,innovation-DACHubs,low,South America_Southern,missing,biomass,biomass cogen,electricity,missing,missing,missing,missing,missing,missing,EJ
695,0.0,0.0,0.0,0.0,0.0,0.000206045,0.00113712,0.00439361,0.00981578,innovation-DACHubs,low,South America_Southern,missing,coal,coal (IGCC CCS),electricity,missing,missing,missing,missing,missing,missing,EJ
696,0.0,0.0,0.0,0.0103246,0.0239184,0.0340052,0.0401559,0.0473512,0.0516416,innovation-DACHubs,low,South America_Southern,missing,coal,coal (IGCC),electricity,missing,missing,missing,missing,missing,missing,EJ
697,0.0,0.0,0.0,0.0,0.0,0.000255779,0.0012762,0.00433114,0.00893053,innovation-DACHubs,low,South America_Southern,missing,coal,coal (conv pul CCS),electricity,missing,missing,missing,missing,missing,missing,EJ
698,0.0234895,0.0288533,0.145172,0.172459,0.203821,0.220875,0.219982,0.212819,0.194718,innovation-DACHubs,low,South America_Southern,missing,coal,coal (conv pul),electricity,missing,missing,missing,missing,missing,missing,EJ
699,0.0,0.0,9.68161e-05,0.000111671,0.000117863,0.000130777,0.00022527,0.000259755,0.000276272,innovation-DACHubs,low,South America_Southern,missing,gas,biogas cogen,electricity,missing,missing,missing,missing,missing,missing,EJ
700,0.0,0.0,0.0,0.0,0.0,0.00887948,0.0232745,0.0545498,0.0907129,innovation-DACHubs,low,South America_Southern,missing,gas,gas (CC CCS),electricity,missing,missing,missing,missing,missing,missing,EJ
701,0.000989455,0.0454229,0.0942036,0.133227,0.194463,0.23015,0.24485,0.270689,0.291698,innovation-DACHubs,low,South America_Southern,missing,gas,gas (CC),electricity,missing,missing,missing,missing,missing,missing,EJ
702,0.00377323,0.0352124,0.111908,0.128446,0.144831,0.143706,0.125249,0.105643,0.0837163,innovation-DACHubs,low,South America_Southern,missing,gas,gas (steam/CT),electricity,missing,missing,missing,missing,missing,missing,EJ
703,0.0,0.0,0.0,0.0,0.0,0.0,0.0,0.0,0.0,innovation-DACHubs,low,South America_Southern,missing,gas,gas cogen,electricity,missing,missing,missing,missing,missing,missing,EJ
704,0.0,0.0,0.00242572,0.00695845,0.0150833,0.022627,0.0319488,0.0506536,0.0695513,innovation-DACHubs,low,South America_Southern,missing,geothermal,geothermal,electricity,missing,missing,missing,missing,missing,missing,EJ
705,0.215035,0.400529,0.506588,0.555399,0.604211,0.653023,0.701835,0.750646,0.799458,innovation-DACHubs,low,South America_Southern,missing,hydro,hydro,electricity,missing,missing,missing,missing,missing,missing,EJ
706,0.0,0.0,0.00171451,0.00322903,0.00494869,0.00986326,0.013007,0.0151079,0.0173357,innovation-DACHubs,low,South America_Southern,missing,hydrogen,hydrogen cogen,electricity,missing,missing,missing,missing,missing,missing,EJ
707,0.0,0.0,0.0,0.000623027,0.0021986,0.00394545,0.00744385,0.0176604,0.0332397,innovation-DACHubs,low,South America_Southern,missing,nuclear,Gen_III,electricity,missing,missing,missing,missing,missing,missing,EJ
708,0.0,0.0,0.0,0.0,0.0,0.015637,0.0221758,0.041587,0.0505588,innovation-DACHubs,low,South America_Southern,missing,refined liquids,refined liquids (CC CCS),electricity,missing,missing,missing,missing,missing,missing,EJ
709,0.0,0.0,0.0160099,0.0285673,0.0536449,0.0460904,0.0430213,0.0500587,0.0492774,innovation-DACHubs,low,South America_Southern,missing,refined liquids,refined liquids (CC),electricity,missing,missing,missing,missing,missing,missing,EJ
710,0.0240474,0.0373697,0.0472628,0.0504365,0.0554569,0.0508472,0.0436563,0.0343835,0.0260851,innovation-DACHubs,low,South America_Southern,missing,refined liquids,refined liquids (steam/CT),electricity,missing,missing,missing,missing,missing,missing,EJ
711,0.0,0.0,0.0,0.0,0.0,0.0,0.0,0.0,0.0,innovation-DACHubs,low,South America_Southern,missing,refined liquids,refined liquids cogen,electricity,missing,missing,missing,missing,missing,missing,EJ
712,0.0,0.0,0.0159346,0.0782286,0.122228,0.160928,0.216958,0.266413,0.314712,innovation-DACHubs,low,South America_Southern,missing,rooftop_pv,rooftop_pv,elect_td_bld,missing,missing,missing,missing,missing,missing,EJ
713,0.0,0.0,6.41853e-06,3.21974e-05,0.000167729,0.000516035,0.00165133,0.00590998,0.0134272,innovation-DACHubs,low,South America_Southern,missing,solar,CSP_storage,electricity,missing,missing,missing,missing,missing,missing,EJ
714,0.0,0.0,0.01846679,0.04904759,0.10110319,0.13846469,0.16480329,0.2007689999999999,0.2300113999999999,innovation-DACHubs,low,South America_Southern,missing,solar,PV,electricity,missing,missing,missing,missing,missing,missing,EJ
715,0.0,0.0,8.2991e-06,3.32904e-05,0.0001680344,0.0005668744,0.0020739644,0.0084565744,0.0204585753,innovation-DACHubs,low,South America_Southern,missing,solar,PV_storage,electricity,missing,missing,missing,missing,missing,missing,EJ
716,0.0,2.87957e-05,0.0332502,0.0549234,0.0891197,0.1176376,0.1491878999999999,0.1933463,0.2450774,innovation-DACHubs,low,South America_Southern,missing,wind,wind,electricity,missing,missing,missing,missing,missing,missing,EJ
717,0.0,0.0,8.4192e-05,0.000591979,0.003015299,0.007790009,0.018305709,0.052305617,0.1062948299999999,innovation-DACHubs,low,South America_Southern,missing,wind,wind_offshore,electricity,missing,missing,missing,missing,missing,missing,EJ
718,0.0,0.0,5.21113e-05,0.0002087753,0.0006966572999999999,0.0014105963,0.0026840663,0.0063783963,0.012117565,innovation-DACHubs,low,South America_Southern,missing,wind,wind_storage,electricity,missing,missing,missing,missing,missing,missing,EJ
719,0.0,0.0,0.0,0.0,0.0,0.00364618,0.00871044,0.0130185,0.0167487,innovation-DACHubs,low,South Asia,missing,biomass,biomass (IGCC CCS),electricity,missing,missing,missing,missing,missing,missing,EJ
720,0.0,0.0,0.0,0.000658103,0.00157413,0.00194948,0.00300355,0.00408472,0.00524669,innovation-DACHubs,low,South Asia,missing,biomass,biomass (IGCC),electricity,missing,missing,missing,missing,missing,missing,EJ
721,0.0,0.0,0.0,0.0,0.0,7.59274e-05,0.000655077,0.00215239,0.00531788,innovation-DACHubs,low,South Asia,missing,biomass,biomass (conv CCS),electricity,missing,missing,missing,missing,missing,missing,EJ
722,5.53668e-05,1.43999e-05,0.00234974,0.0045138,0.00688416,0.00686529,0.00891203,0.00903877,0.00870252,innovation-DACHubs,low,South Asia,missing,biomass,biomass (conv),electricity,missing,missing,missing,missing,missing,missing,EJ
723,0.0,0.0,0.0,0.0,0.0,0.000104709,0.000832202,0.00230994,0.00482729,innovation-DACHubs,low,South Asia,missing,coal,coal (IGCC CCS),electricity,missing,missing,missing,missing,missing,missing,EJ
724,0.0,0.0,0.0,0.0070167,0.0144333,0.0211592,0.0276211,0.0319587,0.0346781,innovation-DACHubs,low,South Asia,missing,coal,coal (IGCC),electricity,missing,missing,missing,missing,missing,missing,EJ
725,0.0,0.0,0.0,0.0,0.0,0.000122487,0.000867798,0.0021634,0.00413856,innovation-DACHubs,low,South Asia,missing,coal,coal (conv pul CCS),electricity,missing,missing,missing,missing,missing,missing,EJ
726,0.0,0.00142162,0.0595055,0.0801844,0.0992982,0.114298,0.120127,0.116714,0.110183,innovation-DACHubs,low,South Asia,missing,coal,coal (conv pul),electricity,missing,missing,missing,missing,missing,missing,EJ
727,0.0,0.0,0.000121724,0.000188128,0.000238878,0.000308057,0.000603365,0.00081467,0.000996383,innovation-DACHubs,low,South Asia,missing,gas,biogas cogen,electricity,missing,missing,missing,missing,missing,missing,EJ
728,0.0,0.0,0.0,0.0,0.0,0.0282501,0.0886127,0.157927,0.237713,innovation-DACHubs,low,South Asia,missing,gas,gas (CC CCS),electricity,missing,missing,missing,missing,missing,missing,EJ
729,0.00710692,0.0300655,0.0480266,0.113726,0.214043,0.296218,0.372451,0.440716,0.50583,innovation-DACHubs,low,South Asia,missing,gas,gas (CC),electricity,missing,missing,missing,missing,missing,missing,EJ
730,0.0163457,0.0574749,0.248597,0.280175,0.294922,0.289038,0.231894,0.189686,0.148283,innovation-DACHubs,low,South Asia,missing,gas,gas (steam/CT),electricity,missing,missing,missing,missing,missing,missing,EJ
731,0.0,0.0,0.00765771,0.0196011,0.0335346,0.0464131,0.0648271,0.0818029,0.0953864,innovation-DACHubs,low,South Asia,missing,geothermal,geothermal,electricity,missing,missing,missing,missing,missing,missing,EJ
732,0.0264292,0.0437314,0.102613,0.11081,0.119006,0.127202,0.135398,0.143594,0.15179,innovation-DACHubs,low,South Asia,missing,hydro,hydro,electricity,missing,missing,missing,missing,missing,missing,EJ
733,0.0,0.0,3.36561e-05,7.75307e-05,0.000139732,0.000328924,0.000500247,0.000706912,0.000961977,innovation-DACHubs,low,South Asia,missing,hydrogen,hydrogen cogen,electricity,missing,missing,missing,missing,missing,missing,EJ
734,0.0,0.0,0.00442213,0.0130773,0.0262003,0.0417769,0.0712177,0.109587,0.161398,innovation-DACHubs,low,South Asia,missing,nuclear,Gen_III,electricity,missing,missing,missing,missing,missing,missing,EJ
735,0.0,0.0,0.0,0.0,0.0,0.0110639,0.0208711,0.0256095,0.0304795,innovation-DACHubs,low,South Asia,missing,refined liquids,refined liquids (CC CCS),electricity,missing,missing,missing,missing,missing,missing,EJ
736,0.0,0.0,0.0128393,0.0220986,0.033407,0.0288859,0.0317763,0.0328224,0.0346341,innovation-DACHubs,low,South Asia,missing,refined liquids,refined liquids (CC),electricity,missing,missing,missing,missing,missing,missing,EJ
737,0.00849438,0.0423369,0.061666,0.0598002,0.0538919,0.046365,0.0367893,0.0285904,0.0215802,innovation-DACHubs,low,South Asia,missing,refined liquids,refined liquids (steam/CT),electricity,missing,missing,missing,missing,missing,missing,EJ
738,0.0,0.0,0.0135355,0.0573492,0.0863943,0.123547,0.189135,0.266165,0.354055,innovation-DACHubs,low,South Asia,missing,rooftop_pv,rooftop_pv,elect_td_bld,missing,missing,missing,missing,missing,missing,EJ
739,0.0,0.0,7.51235e-06,6.70485e-05,0.000420511,0.00168201,0.00775843,0.0211603,0.0463351,innovation-DACHubs,low,South Asia,missing,solar,CSP_storage,electricity,missing,missing,missing,missing,missing,missing,EJ
740,0.0,0.000485897,0.014567117,0.0585225169999999,0.124964517,0.187926017,0.264675917,0.337126,0.4049931,innovation-DACHubs,low,South Asia,missing,solar,PV,electricity,missing,missing,missing,missing,missing,missing,EJ
741,0.0,0.0,9.27264e-06,6.479254e-05,0.00040568254,0.00182420254,0.00986383254,0.03013163254,0.0712358599,innovation-DACHubs,low,South Asia,missing,solar,PV_storage,electricity,missing,missing,missing,missing,missing,missing,EJ
742,0.0,4.77997e-05,0.02910794,0.08749884,0.17496304,0.27018914,0.41970714,0.5775066,0.7334302,innovation-DACHubs,low,South Asia,missing,wind,wind,electricity,missing,missing,missing,missing,missing,missing,EJ
743,0.0,0.0,1.93652e-05,0.0001868822,0.0008896532000000001,0.0025798932,0.0074748332,0.015791898,0.029537481,innovation-DACHubs,low,South Asia,missing,wind,wind_offshore,electricity,missing,missing,missing,missing,missing,missing,EJ
744,0.0,0.0,5.57072e-05,0.0003396582,0.0013488182,0.0037666582,0.0127347682,0.0313205681999999,0.065238761,innovation-DACHubs,low,South Asia,missing,wind,wind_storage,electricity,missing,missing,missing,missing,missing,missing,EJ
745,0.0,0.0,0.0,0.0,0.0,0.00013444,0.000335525,0.000507811,0.000604234,innovation-DACHubs,low,South Korea,missing,biomass,biomass (IGCC CCS),electricity,missing,missing,missing,missing,missing,missing,EJ
746,0.0,0.0,0.0,0.000443849,0.00105391,0.00146277,0.00245567,0.00332728,0.00388868,innovation-DACHubs,low,South Korea,missing,biomass,biomass (IGCC),electricity,missing,missing,missing,missing,missing,missing,EJ
747,0.0,0.0,0.0,0.0,0.0,4.42005e-06,2.61523e-05,6.72328e-05,0.000127224,innovation-DACHubs,low,South Korea,missing,biomass,biomass (conv CCS),electricity,missing,missing,missing,missing,missing,missing,EJ
748,0.0,0.000162004,0.00944903,0.00999094,0.0102613,0.00949083,0.0103734,0.00909377,0.00725026,innovation-DACHubs,low,South Korea,missing,biomass,biomass (conv),electricity,missing,missing,missing,missing,missing,missing,EJ
749,0.0,0.000428023,0.000940542,0.000801663,0.000582198,0.000491933,0.000611446,0.000527933,0.000426132,innovation-DACHubs,low,South Korea,missing,biomass,biomass cogen,electricity,missing,missing,missing,missing,missing,missing,EJ
750,0.0,0.0,0.0,0.0,0.0,9.38823e-06,8.09448e-05,0.000252862,0.000539464,innovation-DACHubs,low,South Korea,missing,coal,coal (IGCC CCS),electricity,missing,missing,missing,missing,missing,missing,EJ
751,0.0,0.0,0.0,0.0226521,0.0480358,0.0664291,0.0858686,0.0999421,0.107885,innovation-DACHubs,low,South Korea,missing,coal,coal (IGCC),electricity,missing,missing,missing,missing,missing,missing,EJ
752,0.0,0.0,0.0,0.0,0.0,6.43956e-06,5.03141e-05,0.000141394,0.000279287,innovation-DACHubs,low,South Korea,missing,coal,coal (conv pul CCS),electricity,missing,missing,missing,missing,missing,missing,EJ
753,0.0423734,0.482672,0.858875,0.894249,0.915046,0.894489,0.838304,0.735572,0.606965,innovation-DACHubs,low,South Korea,missing,coal,coal (conv pul),electricity,missing,missing,missing,missing,missing,missing,EJ
754,0.0211961,0.0529509,0.0704989,0.0522338,0.0333095,0.0284776,0.0129035,0.0066463,0.00415251,innovation-DACHubs,low,South Korea,missing,coal,coal cogen,electricity,missing,missing,missing,missing,missing,missing,EJ
755,0.0,0.0,0.000171118,0.000185301,0.000173735,0.000173564,0.000292414,0.000327847,0.000338354,innovation-DACHubs,low,South Korea,missing,gas,biogas cogen,electricity,missing,missing,missing,missing,missing,missing,EJ
756,0.0,0.0,0.0,0.0,0.0,5.87431e-05,0.000314353,0.000790024,0.00147427,innovation-DACHubs,low,South Korea,missing,gas,gas (CC CCS),electricity,missing,missing,missing,missing,missing,missing,EJ
757,0.0269821,0.202728,0.443768,0.468759,0.490491,0.48501,0.47339,0.456796,0.435682,innovation-DACHubs,low,South Korea,missing,gas,gas (CC),electricity,missing,missing,missing,missing,missing,missing,EJ
758,0.00759339,0.0103367,0.00343974,0.00348078,0.00347921,0.0033449,0.00296989,0.00267361,0.00233912,innovation-DACHubs,low,South Korea,missing,gas,gas (steam/CT),electricity,missing,missing,missing,missing,missing,missing,EJ
759,0.0,0.0111745,0.0119142,0.0101795,0.00825449,0.00760738,0.00720478,0.00641207,0.00518803,innovation-DACHubs,low,South Korea,missing,gas,gas cogen,electricity,missing,missing,missing,missing,missing,missing,EJ
760,0.0228996,0.0132228,0.0108408,0.013956,0.0170712,0.0201864,0.0233017,0.0264169,0.0295321,innovation-DACHubs,low,South Korea,missing,hydro,hydro,electricity,missing,missing,missing,missing,missing,missing,EJ
761,0.0,0.0,0.00194111,0.00395198,0.00576102,0.00802063,0.0112384,0.014107,0.0159968,innovation-DACHubs,low,South Korea,missing,hydrogen,hydrogen cogen,electricity,missing,missing,missing,missing,missing,missing,EJ
762,0.0,0.0,0.154891,0.274663,0.408076,0.504489,0.660379,0.826229,0.981153,innovation-DACHubs,low,South Korea,missing,nuclear,Gen_III,electricity,missing,missing,missing,missing,missing,missing,EJ
763,0.190399,0.528419,0.547818,0.522123,0.484646,0.43336,0.368984,0.296392,0.2238,innovation-DACHubs,low,South Korea,missing,nuclear,Gen_II_LWR,electricity,missing,missing,missing,missing,missing,missing,EJ
764,0.0,0.0,0.0,0.0,0.0,0.000617967,0.00135195,0.001604,0.00160208,innovation-DACHubs,low,South Korea,missing,refined liquids,refined liquids (CC CCS),electricity,missing,missing,missing,missing,missing,missing,EJ
765,0.0,0.0,0.00317563,0.00471461,0.0081539,0.00865037,0.0114871,0.0124266,0.0120047,innovation-DACHubs,low,South Korea,missing,refined liquids,refined liquids (CC),electricity,missing,missing,missing,missing,missing,missing,EJ
766,0.0678874,0.0757497,0.0260169,0.0234126,0.0205786,0.018153,0.0148133,0.0112453,0.00821123,innovation-DACHubs,low,South Korea,missing,refined liquids,refined liquids (steam/CT),electricity,missing,missing,missing,missing,missing,missing,EJ
767,0.0,0.017814,0.00293884,0.00319056,0.00316992,0.00322399,0.00347584,0.00338948,0.00316915,innovation-DACHubs,low,South Korea,missing,refined liquids,refined liquids cogen,electricity,missing,missing,missing,missing,missing,missing,EJ
768,0.0,0.0,0.00589644,0.0491672,0.0970491,0.119869,0.142274,0.158126,0.170342,innovation-DACHubs,low,South Korea,missing,rooftop_pv,rooftop_pv,elect_td_bld,missing,missing,missing,missing,missing,missing,EJ
769,0.0,0.0,4.81746e-05,0.000183024,0.000686599,0.00187622,0.00815339,0.0226759,0.0461674,innovation-DACHubs,low,South Korea,missing,solar,CSP_storage,electricity,missing,missing,missing,missing,missing,missing,EJ
770,3.60012e-06,5.40015e-05,0.0288099,0.0677899999999999,0.1470080999999999,0.2098441999999999,0.2821714999999999,0.3257448,0.3536818,innovation-DACHubs,low,South Korea,missing,solar,PV,electricity,missing,missing,missing,missing,missing,missing,EJ
771,0.0,0.0,9.24803e-06,2.8954330000000004e-05,0.00010538393,0.00031585593,0.00161680593,0.00503975593,0.0109684679,innovation-DACHubs,low,South Korea,missing,solar,PV_storage,electricity,missing,missing,missing,missing,missing,missing,EJ
772,0.0,0.000468013,0.01182314,0.02363324,0.0446136399999999,0.06486054,0.10388924,0.14515276,0.1831843,innovation-DACHubs,low,South Korea,missing,wind,wind,electricity,missing,missing,missing,missing,missing,missing,EJ
773,0.0,0.0,2.26137e-05,0.0001534947,0.0006864887,0.0017110487,0.0051561287,0.011457585,0.0202869639999999,innovation-DACHubs,low,South Korea,missing,wind,wind_offshore,electricity,missing,missing,missing,missing,missing,missing,EJ
774,0.0,0.0,1.20746e-05,5.31266e-05,0.0001917006,0.0004289926,0.0012032715999999,0.0025984016,0.004559947,innovation-DACHubs,low,South Korea,missing,wind,wind_storage,electricity,missing,missing,missing,missing,missing,missing,EJ
775,0.0,0.0,0.0,0.0,0.0,0.0233337,0.0436588,0.0634392,0.0790365,innovation-DACHubs,low,Southeast Asia,missing,biomass,biomass (IGCC CCS),electricity,missing,missing,missing,missing,missing,missing,EJ
776,0.0,0.0,0.0,0.00595463,0.0125158,0.0140013,0.018082,0.0222147,0.0253698,innovation-DACHubs,low,Southeast Asia,missing,biomass,biomass (IGCC),electricity,missing,missing,missing,missing,missing,missing,EJ
777,0.0,0.0,0.0,0.0,0.0,0.000511937,0.00287863,0.00993605,0.0235554,innovation-DACHubs,low,Southeast Asia,missing,biomass,biomass (conv CCS),electricity,missing,missing,missing,missing,missing,missing,EJ
778,0.00221114,0.00917245,0.0447627,0.0545265,0.0658098,0.0582965,0.0656134,0.0602835,0.0517672,innovation-DACHubs,low,Southeast Asia,missing,biomass,biomass (conv),electricity,missing,missing,missing,missing,missing,missing,EJ
779,0.0,0.0,8.42888e-07,9.0802e-07,8.21226e-07,7.94524e-07,1.10227e-06,1.09901e-06,1.02469e-06,innovation-DACHubs,low,Southeast Asia,missing,biomass,biomass cogen,electricity,missing,missing,missing,missing,missing,missing,EJ
780,0.0,0.0,0.0,0.0,0.0,0.00122486,0.00750224,0.0243805,0.0540669,innovation-DACHubs,low,Southeast Asia,missing,coal,coal (IGCC CCS),electricity,missing,missing,missing,missing,missing,missing,EJ
781,0.0,0.0,0.0,0.062498,0.137775,0.205633,0.258161,0.303048,0.331559,innovation-DACHubs,low,Southeast Asia,missing,coal,coal (IGCC),electricity,missing,missing,missing,missing,missing,missing,EJ
782,0.0,0.0,0.0,0.0,0.0,0.00147454,0.00795855,0.0229898,0.0469949,innovation-DACHubs,low,Southeast Asia,missing,coal,coal (conv pul CCS),electricity,missing,missing,missing,missing,missing,missing,EJ
783,0.104593,0.279399,1.02954,1.1969,1.3675,1.48501,1.49399,1.4264,1.30232,innovation-DACHubs,low,Southeast Asia,missing,coal,coal (conv pul),electricity,missing,missing,missing,missing,missing,missing,EJ
784,0.0,0.0,0.00059444,0.000865725,0.000998614,0.00116206,0.00217342,0.00285878,0.00345672,innovation-DACHubs,low,Southeast Asia,missing,gas,biogas cogen,electricity,missing,missing,missing,missing,missing,missing,EJ
785,0.0,0.0,0.0,0.0,0.0,0.00466655,0.0195465,0.0561776,0.119778,innovation-DACHubs,low,Southeast Asia,missing,gas,gas (CC CCS),electricity,missing,missing,missing,missing,missing,missing,EJ
786,0.0456396,0.533428,0.8126,0.980002,1.18268,1.34147,1.44438,1.56947,1.67001,innovation-DACHubs,low,Southeast Asia,missing,gas,gas (CC),electricity,missing,missing,missing,missing,missing,missing,EJ
787,0.0459749,0.272899,0.658039,0.70526,0.77531,0.811068,0.740689,0.687514,0.601691,innovation-DACHubs,low,Southeast Asia,missing,gas,gas (steam/CT),electricity,missing,missing,missing,missing,missing,missing,EJ
788,0.0,0.00126484,0.00213504,0.00191152,0.00186813,0.00191144,0.00201275,0.00200692,0.00185034,innovation-DACHubs,low,Southeast Asia,missing,gas,gas cogen,electricity,missing,missing,missing,missing,missing,missing,EJ
789,0.0196808,0.035653,0.0675118,0.0929423,0.122992,0.149137,0.182112,0.195612,0.223225,innovation-DACHubs,low,Southeast Asia,missing,geothermal,geothermal,electricity,missing,missing,missing,missing,missing,missing,EJ
790,0.141419,0.200242,0.42751,0.443456,0.459402,0.475347,0.491293,0.507239,0.523185,innovation-DACHubs,low,Southeast Asia,missing,hydro,hydro,electricity,missing,missing,missing,missing,missing,missing,EJ
791,0.0,0.0,0.000187446,0.000440035,0.000759821,0.00154847,0.00226191,0.00319984,0.00436009,innovation-DACHubs,low,Southeast Asia,missing,hydrogen,hydrogen cogen,electricity,missing,missing,missing,missing,missing,missing,EJ
792,0.0,0.0,0.0132541,0.0317227,0.0622294,0.0977098,0.153336,0.246921,0.371534,innovation-DACHubs,low,Southeast Asia,missing,nuclear,Gen_III,electricity,missing,missing,missing,missing,missing,missing,EJ
793,0.0,0.0,0.0,0.0,0.0,0.0162748,0.0257889,0.0398934,0.0504147,innovation-DACHubs,low,Southeast Asia,missing,refined liquids,refined liquids (CC CCS),electricity,missing,missing,missing,missing,missing,missing,EJ
794,0.0,0.0,0.0173711,0.0255815,0.0454894,0.0398812,0.0426121,0.0502101,0.0530994,innovation-DACHubs,low,Southeast Asia,missing,refined liquids,refined liquids (CC),electricity,missing,missing,missing,missing,missing,missing,EJ
795,0.191671,0.116593,0.0377413,0.0389241,0.0431789,0.0390115,0.0358331,0.0317923,0.0272254,innovation-DACHubs,low,Southeast Asia,missing,refined liquids,refined liquids (steam/CT),electricity,missing,missing,missing,missing,missing,missing,EJ
796,0.0,0.0,0.0260432,0.211315,0.348847,0.451966,0.628149,0.826283,1.05235,innovation-DACHubs,low,Southeast Asia,missing,rooftop_pv,rooftop_pv,elect_td_bld,missing,missing,missing,missing,missing,missing,EJ
797,0.0,0.0,3.12342e-05,0.000158819,0.000886698,0.0034566,0.0150233,0.0504792,0.11923,innovation-DACHubs,low,Southeast Asia,missing,solar,CSP_storage,electricity,missing,missing,missing,missing,missing,missing,EJ
798,0.0,0.00026579,0.0477289,0.1512089,0.3347519,0.5056819,0.6526769,0.7945094,0.899468,innovation-DACHubs,low,Southeast Asia,missing,solar,PV,electricity,missing,missing,missing,missing,missing,missing,EJ
799,0.0,0.0,2.38754e-05,9.71424e-05,0.0005262804,0.0022732304,0.0113892904,0.0429304904,0.108041115,innovation-DACHubs,low,Southeast Asia,missing,solar,PV_storage,electricity,missing,missing,missing,missing,missing,missing,EJ
800,0.0,8.46967e-05,0.04618322,0.12112422,0.25439422,0.40471222,0.61609722,0.898193,1.152051,innovation-DACHubs,low,Southeast Asia,missing,wind,wind,electricity,missing,missing,missing,missing,missing,missing,EJ
801,0.0,0.0,0.000157915,0.001308255,0.0071490949999999,0.022234095,0.063881895,0.1600713799999999,0.30905604,innovation-DACHubs,low,Southeast Asia,missing,wind,wind_offshore,electricity,missing,missing,missing,missing,missing,missing,EJ
802,0.0,0.0,8.00866e-05,0.0003926916,0.0015394815999999,0.0039994616,0.0104039316,0.0262277315999999,0.054843245,innovation-DACHubs,low,Southeast Asia,missing,wind,wind_storage,electricity,missing,missing,missing,missing,missing,missing,EJ
803,0.0,0.0,0.0,0.0,0.0,0.00226617,0.00407384,0.00473522,0.00415023,innovation-DACHubs,low,Taiwan,missing,biomass,biomass (IGCC CCS),electricity,missing,missing,missing,missing,missing,missing,EJ
804,0.0,0.0,0.0,0.00116635,0.00216999,0.00227893,0.003325,0.00448398,0.00540386,innovation-DACHubs,low,Taiwan,missing,biomass,biomass (IGCC),electricity,missing,missing,missing,missing,missing,missing,EJ
805,0.0,0.0,0.0,0.0,0.0,5.81319e-05,0.000277916,0.000480746,0.000532258,innovation-DACHubs,low,Taiwan,missing,biomass,biomass (conv CCS),electricity,missing,missing,missing,missing,missing,missing,EJ
806,0.0,0.0118312,0.0164042,0.0160692,0.0151646,0.011863,0.0143965,0.0127999,0.0102376,innovation-DACHubs,low,Taiwan,missing,biomass,biomass (conv),electricity,missing,missing,missing,missing,missing,missing,EJ
807,0.0,0.0,0.0,0.0,0.0,0.000153849,0.00073055,0.00138326,0.00187688,innovation-DACHubs,low,Taiwan,missing,coal,coal (IGCC CCS),electricity,missing,missing,missing,missing,missing,missing,EJ
808,0.0,0.0,0.0,0.0181135,0.035431,0.0476632,0.0613268,0.0738228,0.0829432,innovation-DACHubs,low,Taiwan,missing,coal,coal (IGCC),electricity,missing,missing,missing,missing,missing,missing,EJ
809,0.0,0.0,0.0,0.0,0.0,0.000183536,0.000728045,0.00120215,0.00141078,innovation-DACHubs,low,Taiwan,missing,coal,coal (conv pul CCS),electricity,missing,missing,missing,missing,missing,missing,EJ
810,0.07806,0.333203,0.464691,0.507701,0.536837,0.541443,0.529433,0.495877,0.438838,innovation-DACHubs,low,Taiwan,missing,coal,coal (conv pul),electricity,missing,missing,missing,missing,missing,missing,EJ
811,0.0100818,0.116345,0.080722,0.0692711,0.0501778,0.045723,0.0280165,0.015356,0.0090577,innovation-DACHubs,low,Taiwan,missing,coal,coal cogen,electricity,missing,missing,missing,missing,missing,missing,EJ
812,0.0,0.0,4.1977e-05,4.68695e-05,4.59436e-05,4.62132e-05,8.85573e-05,0.0001042,0.000105627,innovation-DACHubs,low,Taiwan,missing,gas,biogas cogen,electricity,missing,missing,missing,missing,missing,missing,EJ
813,0.0,0.0,0.0,0.0,0.0,0.000568132,0.00212208,0.00393176,0.00555116,innovation-DACHubs,low,Taiwan,missing,gas,gas (CC CCS),electricity,missing,missing,missing,missing,missing,missing,EJ
814,0.0020986,0.114559,0.324613,0.368904,0.406106,0.420037,0.434937,0.452216,0.463551,innovation-DACHubs,low,Taiwan,missing,gas,gas (CC),electricity,missing,missing,missing,missing,missing,missing,EJ
815,0.00162746,0.0156849,0.0487678,0.0517739,0.0535505,0.052874,0.0494865,0.045813,0.0389449,innovation-DACHubs,low,Taiwan,missing,gas,gas (steam/CT),electricity,missing,missing,missing,missing,missing,missing,EJ
816,0.000751783,0.00285039,0.00124602,0.00116439,0.00102046,0.00098415,0.00117053,0.00110978,0.000854736,innovation-DACHubs,low,Taiwan,missing,gas,gas cogen,electricity,missing,missing,missing,missing,missing,missing,EJ
817,1.08002e-05,0.0,0.00241871,0.00385513,0.00539137,0.00637361,0.00940094,0.0121297,0.0133814,innovation-DACHubs,low,Taiwan,missing,geothermal,geothermal,electricity,missing,missing,missing,missing,missing,missing,EJ
818,0.0229716,0.0143496,0.0168527,0.0176134,0.0183741,0.0191348,0.0198955,0.0206562,0.0214169,innovation-DACHubs,low,Taiwan,missing,hydro,hydro,electricity,missing,missing,missing,missing,missing,missing,EJ
819,0.0,0.0,1.83168e-05,3.9115e-05,5.98792e-05,9.70166e-05,0.00014533,0.000184155,0.000201874,innovation-DACHubs,low,Taiwan,missing,hydrogen,hydrogen cogen,electricity,missing,missing,missing,missing,missing,missing,EJ
820,0.0,0.0,0.00408155,0.00818462,0.0138488,0.0191093,0.0299703,0.0461762,0.0661493,innovation-DACHubs,low,Taiwan,missing,nuclear,Gen_III,electricity,missing,missing,missing,missing,missing,missing,EJ
821,0.118319,0.143918,0.121205,0.11552,0.107228,0.0958814,0.0816382,0.0655771,0.049516,innovation-DACHubs,low,Taiwan,missing,nuclear,Gen_II_LWR,electricity,missing,missing,missing,missing,missing,missing,EJ
822,0.0,0.0,0.0,0.0,0.0,0.00295753,0.00530932,0.00576822,0.00487284,innovation-DACHubs,low,Taiwan,missing,refined liquids,refined liquids (CC CCS),electricity,missing,missing,missing,missing,missing,missing,EJ
823,0.0,0.0,0.00794938,0.00812107,0.0119403,0.00981368,0.0140768,0.018188,0.0201043,innovation-DACHubs,low,Taiwan,missing,refined liquids,refined liquids (CC),electricity,missing,missing,missing,missing,missing,missing,EJ
824,0.0780744,0.0395548,0.0342054,0.0294164,0.0262912,0.0231372,0.0215921,0.0172944,0.0123091,innovation-DACHubs,low,Taiwan,missing,refined liquids,refined liquids (steam/CT),electricity,missing,missing,missing,missing,missing,missing,EJ
825,0.00623675,0.0154824,0.00146818,0.00163906,0.00167261,0.00184245,0.00214319,0.00214148,0.00197776,innovation-DACHubs,low,Taiwan,missing,refined liquids,refined liquids cogen,electricity,missing,missing,missing,missing,missing,missing,EJ
826,0.0,0.0,0.0019844,0.0215354,0.0450521,0.0560444,0.0707276,0.0768287,0.0791559,innovation-DACHubs,low,Taiwan,missing,rooftop_pv,rooftop_pv,elect_td_bld,missing,missing,missing,missing,missing,missing,EJ
827,0.0,0.0,8.97282e-05,0.000275265,0.000900314,0.00240823,0.011547,0.0385108,0.0886689,innovation-DACHubs,low,Taiwan,missing,solar,CSP_storage,electricity,missing,missing,missing,missing,missing,missing,EJ
828,0.0,3.60048e-06,0.01450031,0.03685201,0.07731901,0.1098865099999999,0.14836811,0.1824194,0.2061953,innovation-DACHubs,low,Taiwan,missing,solar,PV,electricity,missing,missing,missing,missing,missing,missing,EJ
829,0.0,0.0,7.23262e-06,1.853142e-05,5.783952e-05,0.00016768251999999998,0.00094196252,0.00352624252,0.0086529199,innovation-DACHubs,low,Taiwan,missing,solar,PV_storage,electricity,missing,missing,missing,missing,missing,missing,EJ
830,0.0,0.000327643,0.01923519,0.03190239,0.04750519,0.06000399,0.08058169,0.0988495,0.1088547,innovation-DACHubs,low,Taiwan,missing,wind,wind,electricity,missing,missing,missing,missing,missing,missing,EJ
831,0.0,0.0,7.7068e-05,0.000393935,0.001610275,0.003979115,0.012817655,0.032389087,0.06326692,innovation-DACHubs,low,Taiwan,missing,wind,wind_offshore,electricity,missing,missing,missing,missing,missing,missing,EJ
832,0.0,0.0,3.45949e-05,0.0001090902,0.0003032002,0.0005901752,0.0014329312,0.0029635712,0.0051133563,innovation-DACHubs,low,Taiwan,missing,wind,wind_storage,electricity,missing,missing,missing,missing,missing,missing,EJ
833,0.0,0.0,0.0,0.0,0.0,0.00222713,0.00452786,0.00618864,0.00740832,innovation-DACHubs,low,Argentina,missing,biomass,biomass (IGCC CCS),electricity,missing,missing,missing,missing,missing,missing,EJ
834,0.0,0.0,0.0,0.000621412,0.00128078,0.00137783,0.0016892,0.00182099,0.00187206,innovation-DACHubs,low,Argentina,missing,biomass,biomass (IGCC),electricity,missing,missing,missing,missing,missing,missing,EJ
835,0.0,0.0,0.0,0.0,0.0,4.80819e-05,0.000317496,0.000932053,0.00210454,innovation-DACHubs,low,Argentina,missing,biomass,biomass (conv CCS),electricity,missing,missing,missing,missing,missing,missing,EJ
836,0.0003852,0.0046332,0.00881039,0.00948063,0.00915008,0.00718689,0.00687323,0.00509754,0.00380429,innovation-DACHubs,low,Argentina,missing,biomass,biomass (conv),electricity,missing,missing,missing,missing,missing,missing,EJ
837,0.0,0.0,0.0,0.0,0.0,1.66746e-05,0.00011384,0.000298108,0.000594848,innovation-DACHubs,low,Argentina,missing,coal,coal (IGCC CCS),electricity,missing,missing,missing,missing,missing,missing,EJ
838,0.0,0.0,0.0,0.000987132,0.00203958,0.00285436,0.00347927,0.00379758,0.00385405,innovation-DACHubs,low,Argentina,missing,coal,coal (IGCC),electricity,missing,missing,missing,missing,missing,missing,EJ
839,0.0,0.0,0.0,0.0,0.0,2.06796e-05,0.000126812,0.000299475,0.000551645,innovation-DACHubs,low,Argentina,missing,coal,coal (conv pul CCS),electricity,missing,missing,missing,missing,missing,missing,EJ
840,0.002376,0.007848,0.0156593,0.0182302,0.0204338,0.021512,0.0210438,0.0186783,0.0154975,innovation-DACHubs,low,Argentina,missing,coal,coal (conv pul),electricity,missing,missing,missing,missing,missing,missing,EJ
841,0.0,0.0,0.000221881,0.000235025,0.000217982,0.000214008,0.000337864,0.000380814,0.000421999,innovation-DACHubs,low,Argentina,missing,gas,biogas cogen,electricity,missing,missing,missing,missing,missing,missing,EJ
842,0.0,0.0,0.0,0.0,0.0,0.0103514,0.0327335,0.0590289,0.0882835,innovation-DACHubs,low,Argentina,missing,gas,gas (CC CCS),electricity,missing,missing,missing,missing,missing,missing,EJ
843,0.0177333,0.154733,0.112467,0.158481,0.221,0.263281,0.289669,0.307967,0.320854,innovation-DACHubs,low,Argentina,missing,gas,gas (CC),electricity,missing,missing,missing,missing,missing,missing,EJ
844,0.0538059,0.0444407,0.191208,0.210832,0.220922,0.212591,0.175446,0.142114,0.111022,innovation-DACHubs,low,Argentina,missing,gas,gas (steam/CT),electricity,missing,missing,missing,missing,missing,missing,EJ
845,0.0,0.0,0.003019,0.0087084,0.0165792,0.0238167,0.0343328,0.0456263,0.0550927,innovation-DACHubs,low,Argentina,missing,geothermal,geothermal,electricity,missing,missing,missing,missing,missing,missing,EJ
846,0.0643536,0.122414,0.141161,0.145383,0.149604,0.153825,0.158046,0.162267,0.166488,innovation-DACHubs,low,Argentina,missing,hydro,hydro,electricity,missing,missing,missing,missing,missing,missing,EJ
847,0.0,0.0,9.09468e-05,0.000160867,0.000218515,0.00037767,0.000475444,0.000584469,0.000737551,innovation-DACHubs,low,Argentina,missing,hydrogen,hydrogen cogen,electricity,missing,missing,missing,missing,missing,missing,EJ
848,0.0,0.0,0.00375184,0.00820926,0.0134518,0.0179617,0.0249604,0.0332329,0.0431302,innovation-DACHubs,low,Argentina,missing,nuclear,Gen_III,electricity,missing,missing,missing,missing,missing,missing,EJ
849,0.0262116,0.0247428,0.0237483,0.0226344,0.0210096,0.0187861,0.0159954,0.0128483,0.00970134,innovation-DACHubs,low,Argentina,missing,nuclear,Gen_II_LWR,electricity,missing,missing,missing,missing,missing,missing,EJ
850,0.0,0.0,0.0,0.0,0.0,0.0121105,0.0209053,0.0258795,0.0289724,innovation-DACHubs,low,Argentina,missing,refined liquids,refined liquids (CC CCS),electricity,missing,missing,missing,missing,missing,missing,EJ
851,0.0,0.0,0.0140207,0.0264227,0.0418468,0.0344083,0.0341124,0.0326335,0.029217,innovation-DACHubs,low,Argentina,missing,refined liquids,refined liquids (CC),electricity,missing,missing,missing,missing,missing,missing,EJ
852,0.0177984,0.0206856,0.0696984,0.0667573,0.0595289,0.0497968,0.038891,0.0298645,0.0214283,innovation-DACHubs,low,Argentina,missing,refined liquids,refined liquids (steam/CT),electricity,missing,missing,missing,missing,missing,missing,EJ
853,0.0,0.0,0.00959818,0.0468544,0.0688293,0.0819533,0.0998412,0.115052,0.132775,innovation-DACHubs,low,Argentina,missing,rooftop_pv,rooftop_pv,elect_td_bld,missing,missing,missing,missing,missing,missing,EJ
854,0.0,0.0,1.82411e-06,1.39181e-05,7.43926e-05,0.000252563,0.00106012,0.00290216,0.00630809,innovation-DACHubs,low,Argentina,missing,solar,CSP_storage,electricity,missing,missing,missing,missing,missing,missing,EJ
855,0.0,0.0,0.0032368642,0.0179777642,0.0470760642,0.0744054642,0.1040774642,0.12990197,0.1501458,innovation-DACHubs,low,Argentina,missing,solar,PV,electricity,missing,missing,missing,missing,missing,missing,EJ
856,0.0,0.0,2.02945e-06,1.211255e-05,6.381235e-05,0.00023912135000000003,0.00115904035,0.00352672035,0.0081871309,innovation-DACHubs,low,Argentina,missing,solar,PV_storage,electricity,missing,missing,missing,missing,missing,missing,EJ
857,0.0,0.00027,0.01290297,0.03678657,0.07483087,0.11208387,0.16645267,0.2206064,0.2668514,innovation-DACHubs,low,Argentina,missing,wind,wind,electricity,missing,missing,missing,missing,missing,missing,EJ
858,0.0,0.0,3.32091e-05,0.00031635210000000003,0.0015236121,0.0041257221,0.0113161420999999,0.023515233,0.04145459,innovation-DACHubs,low,Argentina,missing,wind,wind_offshore,electricity,missing,missing,missing,missing,missing,missing,EJ
859,0.0,0.0,2.61719e-05,0.0001487749,0.0005398539,0.0012555158999999,0.0031983958999999,0.0066928158999999,0.012459824,innovation-DACHubs,low,Argentina,missing,wind,wind_storage,electricity,missing,missing,missing,missing,missing,missing,EJ
860,0.0,0.0,0.0,0.0,0.0,0.00226397,0.00432575,0.00636929,0.00800476,innovation-DACHubs,low,Colombia,missing,biomass,biomass (IGCC CCS),electricity,missing,missing,missing,missing,missing,missing,EJ
861,0.0,0.0,0.0,0.000400732,0.00091584,0.00112001,0.00147098,0.00187168,0.00219244,innovation-DACHubs,low,Colombia,missing,biomass,biomass (IGCC),electricity,missing,missing,missing,missing,missing,missing,EJ
862,0.0,0.0,0.0,0.0,0.0,5.36262e-05,0.000321645,0.00114136,0.0027465,innovation-DACHubs,low,Colombia,missing,biomass,biomass (conv CCS),electricity,missing,missing,missing,missing,missing,missing,EJ
863,0.000986395,0.0018108,0.00595569,0.00698455,0.00790274,0.00733848,0.0075588,0.00656906,0.00525701,innovation-DACHubs,low,Colombia,missing,biomass,biomass (conv),electricity,missing,missing,missing,missing,missing,missing,EJ
864,0.0,0.0,0.0,0.0,0.0,8.3958e-05,0.000535968,0.00172,0.00374465,innovation-DACHubs,low,Colombia,missing,coal,coal (IGCC CCS),electricity,missing,missing,missing,missing,missing,missing,EJ
865,0.0,0.0,0.0,0.00290289,0.00661884,0.0107488,0.0138041,0.0164764,0.0181652,innovation-DACHubs,low,Colombia,missing,coal,coal (IGCC),electricity,missing,missing,missing,missing,missing,missing,EJ
866,0.0,0.0,0.0,0.0,0.0,0.00010925,0.000626352,0.00177988,0.00355053,innovation-DACHubs,low,Colombia,missing,coal,coal (conv pul CCS),electricity,missing,missing,missing,missing,missing,missing,EJ
867,0.0133487,0.00888838,0.0340957,0.0423711,0.0514511,0.0600977,0.0629063,0.0627144,0.059062,innovation-DACHubs,low,Colombia,missing,coal,coal (conv pul),electricity,missing,missing,missing,missing,missing,missing,EJ
868,0.0,0.0,2.9419e-05,3.86585e-05,4.41774e-05,5.27243e-05,0.000105409,0.000134005,0.000156237,innovation-DACHubs,low,Colombia,missing,gas,biogas cogen,electricity,missing,missing,missing,missing,missing,missing,EJ
869,0.0,0.0,0.0,0.0,0.0,0.000557036,0.00253182,0.00765905,0.0168806,innovation-DACHubs,low,Colombia,missing,gas,gas (CC CCS),electricity,missing,missing,missing,missing,missing,missing,EJ
870,0.00176041,0.0144738,0.0475191,0.0678194,0.0946574,0.123379,0.143733,0.167873,0.189383,innovation-DACHubs,low,Colombia,missing,gas,gas (CC),electricity,missing,missing,missing,missing,missing,missing,EJ
871,0.0144359,0.0121625,0.0344504,0.044856,0.0573214,0.0689199,0.0714543,0.0733991,0.0700521,innovation-DACHubs,low,Colombia,missing,gas,gas (steam/CT),electricity,missing,missing,missing,missing,missing,missing,EJ
872,0.0,0.0,0.000749199,0.00273582,0.0061533,0.0106155,0.0165161,0.0247776,0.0330957,innovation-DACHubs,low,Colombia,missing,geothermal,geothermal,electricity,missing,missing,missing,missing,missing,missing,EJ
873,0.0989892,0.143291,0.184503,0.194161,0.203819,0.213477,0.223135,0.232793,0.242451,innovation-DACHubs,low,Colombia,missing,hydro,hydro,electricity,missing,missing,missing,missing,missing,missing,EJ
874,0.0,0.0,6.97574e-06,1.6146e-05,2.74545e-05,5.5653e-05,8.73992e-05,0.00011741,0.00015059,innovation-DACHubs,low,Colombia,missing,hydrogen,hydrogen cogen,electricity,missing,missing,missing,missing,missing,missing,EJ
875,0.0,0.0,0.0,0.0,0.0,0.0,0.00181306,0.00726984,0.0171015,innovation-DACHubs,low,Colombia,missing,nuclear,Gen_III,electricity,missing,missing,missing,missing,missing,missing,EJ
876,0.0,0.0,0.0,0.0,0.0,0.00809646,0.0126832,0.0193801,0.0236565,innovation-DACHubs,low,Colombia,missing,refined liquids,refined liquids (CC CCS),electricity,missing,missing,missing,missing,missing,missing,EJ
877,0.0,0.0,0.00386244,0.00881316,0.0168721,0.0163797,0.0170874,0.0198782,0.0208873,innovation-DACHubs,low,Colombia,missing,refined liquids,refined liquids (CC),electricity,missing,missing,missing,missing,missing,missing,EJ
878,0.00136439,0.000410399,0.00896221,0.0117754,0.0141222,0.0128435,0.0117392,0.00978646,0.00781497,innovation-DACHubs,low,Colombia,missing,refined liquids,refined liquids (steam/CT),electricity,missing,missing,missing,missing,missing,missing,EJ
879,0.0,0.0,0.00355256,0.0278329,0.0474496,0.0617653,0.0829002,0.103255,0.124214,innovation-DACHubs,low,Colombia,missing,rooftop_pv,rooftop_pv,elect_td_bld,missing,missing,missing,missing,missing,missing,EJ
880,0.0,0.0,1.37489e-06,1.39906e-05,9.73758e-05,0.00046523,0.00207909,0.00720675,0.0175498,innovation-DACHubs,low,Colombia,missing,solar,CSP_storage,electricity,missing,missing,missing,missing,missing,missing,EJ
881,0.0,0.0,0.000628363,0.004715263,0.014088083,0.026677083,0.038189783,0.052720483,0.06782102,innovation-DACHubs,low,Colombia,missing,solar,PV,electricity,missing,missing,missing,missing,missing,missing,EJ
882,0.0,0.0,3.99397e-07,3.154357e-06,2.1867557e-05,0.000117083757,0.000601345757,0.002337915757,0.0060665463599999,innovation-DACHubs,low,Colombia,missing,solar,PV_storage,electricity,missing,missing,missing,missing,missing,missing,EJ
883,0.0,0.0001764,0.002149543,0.007852253,0.018327953,0.032169553,0.050063653,0.07452936,0.09858911,innovation-DACHubs,low,Colombia,missing,wind,wind,electricity,missing,missing,missing,missing,missing,missing,EJ
884,0.0,0.0,1.0281e-05,0.00014402,0.000920403,0.003569503,0.011066293,0.030445112,0.0630194729999999,innovation-DACHubs,low,Colombia,missing,wind,wind_offshore,electricity,missing,missing,missing,missing,missing,missing,EJ
885,0.0,0.0,4.98008e-06,3.5862980000000004e-05,0.00015093398,0.00043579398,0.00107873898,0.00254430898,0.0050204889,innovation-DACHubs,low,Colombia,missing,wind,wind_storage,electricity,missing,missing,missing,missing,missing,missing,EJ
886,0.0137487,0.0129219,0.011316524,0.0114777789999999,0.0122002239999999,0.012884105,0.013387279,0.012974285,0.0129276825,innovation-DACHubs,low,AL,missing,biomass,biomass cogen,electricity,missing,missing,missing,missing,missing,missing,EJ
887,0.00467535,0.00341003,0.00289046,0.00289686543,0.0028709512349999,0.002853456025,0.002848121781,0.002522981092,0.0021320423408,innovation-DACHubs,low,AL,missing,coal,coal cogen,electricity,missing,missing,missing,missing,missing,missing,EJ
888,0.00704781,0.00631261,0.008882244,0.0089330456,0.0089451313,0.0089634355,0.0089774244,0.0085678643999999,0.00823384982,innovation-DACHubs,low,AL,missing,gas,gas cogen,electricity,missing,missing,missing,missing,missing,missing,EJ
889,0.0,0.0,3.75552e-06,5.290710000000001e-06,4.604793e-06,6.529149e-06,8.927877e-06,3.519333e-06,4.550851e-06,innovation-DACHubs,low,AL,missing,hydrogen,hydrogen cogen,electricity,missing,missing,missing,missing,missing,missing,EJ
890,0.000167516,0.000586333,0.00018218428,0.00018428041,0.00015713903,0.00016147823,0.00016761603,0.00012122977,8.429467999999998e-05,innovation-DACHubs,low,AL,missing,refined liquids,refined liquids cogen,electricity,missing,missing,missing,missing,missing,missing,EJ
891,0.000883102,3.9765e-06,1.16144869e-05,1.16308941e-05,1.16644337e-05,1.21131756e-05,1.28252163e-05,1.34444007e-05,1.4288114900000002e-05,innovation-DACHubs,low,AK,missing,biomass,biomass cogen,electricity,missing,missing,missing,missing,missing,missing,EJ
892,0.0,9.49328e-07,7.00412618e-07,7.00878322e-07,6.66181829e-07,6.60975377e-07,6.63465931e-07,5.97588796e-07,5.49693997e-07,innovation-DACHubs,low,AK,missing,coal,coal cogen,electricity,missing,missing,missing,missing,missing,missing,EJ
893,0.0109877,0.0130439,0.0110488006,0.0110661771,0.01082159376,0.01088989976,0.0110143076899999,0.01084051634,0.01052311321,innovation-DACHubs,low,AK,missing,gas,gas cogen,electricity,missing,missing,missing,missing,missing,missing,EJ
894,0.0,0.0,1.34601e-06,3.199736e-06,1.421345e-06,1.9367245e-05,4.9178629e-05,8.8901199e-05,0.00025611269,innovation-DACHubs,low,AK,missing,hydrogen,hydrogen cogen,electricity,missing,missing,missing,missing,missing,missing,EJ
895,1.6154e-05,0.000123333,9.4433345e-05,0.000101955952,7.8261526e-05,9.0510177e-05,9.8683293e-05,9.3106478e-05,9.341309500000002e-05,innovation-DACHubs,low,AK,missing,refined liquids,refined liquids cogen,electricity,missing,missing,missing,missing,missing,missing,EJ
896,0.000630014,7.65325e-05,1.9037614e-05,1.9512336e-05,2.0408886e-05,2.1370890999999998e-05,2.2158558e-05,2.2425622e-05,2.1971662000000005e-05,innovation-DACHubs,low,AZ,missing,biomass,biomass cogen,electricity,missing,missing,missing,missing,missing,missing,EJ
897,0.000432317,0.000600474,0.0002260872,0.000226694669,0.0002260486756,0.0002255418997,0.0002249701945,0.00020955458833,0.00016788488257000003,innovation-DACHubs,low,AZ,missing,coal,coal cogen,electricity,missing,missing,missing,missing,missing,missing,EJ
898,0.000845957,0.000664224,0.0008738913,0.0008836504300000001,0.00088595,0.0008885932099999999,0.0008900829800000001,0.0008714057099999998,0.0008063776720000001,innovation-DACHubs,low,AZ,missing,gas,gas cogen,electricity,missing,missing,missing,missing,missing,missing,EJ
899,0.0,0.0,3.34561e-05,5.89041e-05,3.354618e-05,4.929866e-05,6.847413e-05,5.9843e-05,5.0912610000000005e-05,innovation-DACHubs,low,AZ,missing,hydrogen,hydrogen cogen,electricity,missing,missing,missing,missing,missing,missing,EJ
900,9.69741e-05,0.000365327,0.00021143511,0.00021434445,0.00019621225000000003,0.00020189983,0.00020376569,0.00014174287,7.7470528e-05,innovation-DACHubs,low,AZ,missing,refined liquids,refined liquids cogen,electricity,missing,missing,missing,missing,missing,missing,EJ
901,0.00911834,0.00553175,0.004944073,0.0050000437,0.0053680556,0.0056549433,0.0058400047,0.0056218284,0.0056204446,innovation-DACHubs,low,AR,missing,biomass,biomass cogen,electricity,missing,missing,missing,missing,missing,missing,EJ
902,0.000190497,0.000349703,0.000194284217,0.000194625362,0.0001930363148,0.0001919384867,0.00019157024150000005,0.0001691984063,0.000144259067777,innovation-DACHubs,low,AR,missing,coal,coal cogen,electricity,missing,missing,missing,missing,missing,missing,EJ
903,0.0057257,0.00336442,0.0038608463,0.0038783475,0.0038880369,0.0038957554,0.0038997026,0.0036988248999999,0.00357913486,innovation-DACHubs,low,AR,missing,gas,gas cogen,electricity,missing,missing,missing,missing,missing,missing,EJ
904,0.0,0.0,1.49655e-06,1.9544600000000003e-06,2.206575e-06,2.755687e-06,3.4983540000000003e-06,1.44971e-06,1.297034e-06,innovation-DACHubs,low,AR,missing,hydrogen,hydrogen cogen,electricity,missing,missing,missing,missing,missing,missing,EJ
905,0.000116179,0.000554401,0.00017870386,0.00018022818,0.00015343186000000002,0.00015701865000000004,0.00016220341000000002,0.00011684481999999998,8.086746899999999e-05,innovation-DACHubs,low,AR,missing,refined liquids,refined liquids cogen,electricity,missing,missing,missing,missing,missing,missing,EJ
906,0.00890329,0.00282585,0.00199788,0.0020667129,0.0021092259,0.0022617431999999,0.0024124064,0.0024234771,0.0024061325,innovation-DACHubs,low,CA,missing,biomass,biomass cogen,electricity,missing,missing,missing,missing,missing,missing,EJ
907,0.00211211,0.00174511,0.0013128,0.0013319993,0.001317672134,0.001310398224,0.001306370307,0.0011434429457,0.0008826138289999998,innovation-DACHubs,low,CA,missing,coal,coal cogen,electricity,missing,missing,missing,missing,missing,missing,EJ
908,0.0225085,0.0288462,0.0340715,0.034869707,0.034749971,0.035021691,0.035339452,0.0339956889,0.0310252559,innovation-DACHubs,low,CA,missing,gas,gas cogen,electricity,missing,missing,missing,missing,missing,missing,EJ
909,0.0,0.0,3.61616e-05,6.13121e-05,1.981463e-05,4.642623e-05,7.390393e-05,3.9084097e-05,7.044486799999999e-05,innovation-DACHubs,low,CA,missing,hydrogen,hydrogen cogen,electricity,missing,missing,missing,missing,missing,missing,EJ
910,0.00100075,0.00219049,0.0007772952,0.0008134877,0.00070740269,0.0007570208400000001,0.0007744281799999999,0.00046872491,0.00029787339,innovation-DACHubs,low,CA,missing,refined liquids,refined liquids cogen,electricity,missing,missing,missing,missing,missing,missing,EJ
911,0.000321204,2.28199e-05,2.867177e-05,2.9525894e-05,3.0029724e-05,3.1838222e-05,3.3697419000000006e-05,3.3997818000000004e-05,3.3679773e-05,innovation-DACHubs,low,CO,missing,biomass,biomass cogen,electricity,missing,missing,missing,missing,missing,missing,EJ
912,0.000501879,0.000261639,0.00033571661,0.00033680479000000005,0.0003347900633,0.00033348035388,0.00033246022887,0.00030265649406000005,0.00023686056135,innovation-DACHubs,low,CO,missing,coal,coal cogen,electricity,missing,missing,missing,missing,missing,missing,EJ
913,0.00287009,0.00682162,0.008466564,0.008579431,0.0085606081,0.0085903963,0.008620711,0.0084011552,0.007735938,innovation-DACHubs,low,CO,missing,gas,gas cogen,electricity,missing,missing,missing,missing,missing,missing,EJ
914,0.0,0.0,5.27891e-06,8.17779e-06,2.357848e-06,6.331703000000001e-06,1.0387265e-05,6.88021e-06,1.06871423e-05,innovation-DACHubs,low,CO,missing,hydrogen,hydrogen cogen,electricity,missing,missing,missing,missing,missing,missing,EJ
915,0.0001026,0.000383692,0.00017777942,0.00018218164,0.00016062123999999997,0.000170472976,0.00017395276099999997,0.000119252072,6.951188499999999e-05,innovation-DACHubs,low,CO,missing,refined liquids,refined liquids cogen,electricity,missing,missing,missing,missing,missing,missing,EJ
916,0.000290955,0.000296619,0.00030500554,0.00030753764,0.00031455726,0.00033354229,0.00035254097,0.00035234718,0.00034678206,innovation-DACHubs,low,CT,missing,biomass,biomass cogen,electricity,missing,missing,missing,missing,missing,missing,EJ
917,8.24553e-07,7.4947e-07,0.0,0.0,0.0,0.0,0.0,0.0,0.0,innovation-DACHubs,low,CT,missing,coal,coal cogen,electricity,missing,missing,missing,missing,missing,missing,EJ
918,0.00119602,0.000801435,0.0011587318,0.0011647028799999,0.0011629266399999,0.0011691498399999,0.00117618434,0.001151381346,0.001091875437,innovation-DACHubs,low,CT,missing,gas,gas cogen,electricity,missing,missing,missing,missing,missing,missing,EJ
919,0.0,0.0,1.28667e-06,1.626914e-06,9.67223e-07,2.250194e-06,3.8768240000000005e-06,2.629018e-06,4.14414e-06,innovation-DACHubs,low,CT,missing,hydrogen,hydrogen cogen,electricity,missing,missing,missing,missing,missing,missing,EJ
920,9.94244e-05,0.000254588,3.907442e-05,3.9346115e-05,3.555741e-05,3.7034545e-05,3.8193411e-05,3.1651619e-05,2.56986309e-05,innovation-DACHubs,low,CT,missing,refined liquids,refined liquids cogen,electricity,missing,missing,missing,missing,missing,missing,EJ
921,3.18886e-05,6.2545e-06,7.93981e-06,8.056567e-06,8.189511e-06,8.598859999999999e-06,9.112808e-06,9.0867474e-06,8.9334833e-06,innovation-DACHubs,low,DE,missing,biomass,biomass cogen,electricity,missing,missing,missing,missing,missing,missing,EJ
922,0.000174506,0.000116543,0.0,0.0,0.0,0.0,0.0,0.0,0.0,innovation-DACHubs,low,DE,missing,coal,coal cogen,electricity,missing,missing,missing,missing,missing,missing,EJ
923,0.000497993,0.000309253,0.0011423061,0.00115045791,0.00114854297,0.0011517251299999,0.00115635446,0.001132515697,0.001063612984,innovation-DACHubs,low,DE,missing,gas,gas cogen,electricity,missing,missing,missing,missing,missing,missing,EJ
924,0.0,0.0,8.07449e-07,1.32475e-06,5.89023e-07,1.3386555e-06,2.5639586e-06,1.3666946e-06,2.2782202e-06,innovation-DACHubs,low,DE,missing,hydrogen,hydrogen cogen,electricity,missing,missing,missing,missing,missing,missing,EJ
925,0.000107202,0.000223429,6.357725e-05,6.474921e-05,5.9262409e-05,6.173841499999999e-05,6.377861700000001e-05,4.9566698e-05,3.4491849e-05,innovation-DACHubs,low,DE,missing,refined liquids,refined liquids cogen,electricity,missing,missing,missing,missing,missing,missing,EJ
926,0.0,0.0,6.38268e-07,1.104425e-06,1.13285e-06,1.593125e-06,2.364819e-06,1.638256e-06,1.1132876e-06,innovation-DACHubs,low,DC,missing,hydrogen,hydrogen cogen,electricity,missing,missing,missing,missing,missing,missing,EJ
927,2.35056e-06,8.42109e-06,1.7256837e-06,1.744439e-06,1.9268306e-06,2.0609873000000004e-06,2.2040877e-06,2.2385757e-06,2.1938533000000003e-06,innovation-DACHubs,low,DC,missing,refined liquids,refined liquids cogen,electricity,missing,missing,missing,missing,missing,missing,EJ
928,0.0151235,0.00760702,0.009027686,0.009499216,0.013311046,0.015590718,0.01670078,0.01507114,0.015279315,innovation-DACHubs,low,FL,missing,biomass,biomass cogen,electricity,missing,missing,missing,missing,missing,missing,EJ
929,0.000984343,0.00103991,0.0006364656,0.0006486526,0.00063982782,0.000633304837,0.0006331862510000001,0.0004860478029999999,0.00038787727,innovation-DACHubs,low,FL,missing,coal,coal cogen,electricity,missing,missing,missing,missing,missing,missing,EJ
930,0.00427167,0.00255217,0.004441764,0.004554919,0.0047179859999999,0.00479404,0.0048365309999999,0.004260331,0.0041227565999999,innovation-DACHubs,low,FL,missing,gas,gas cogen,electricity,missing,missing,missing,missing,missing,missing,EJ
931,0.0,0.0,4.29089e-06,7.974199999999999e-06,1.1531541e-05,1.1464988e-05,1.1952843e-05,3.520143e-06,2.254048e-06,innovation-DACHubs,low,FL,missing,hydrogen,hydrogen cogen,electricity,missing,missing,missing,missing,missing,missing,EJ
932,0.000283345,0.000967328,0.0003291015,0.0003443205,0.00027570367,0.00028120632,0.00029895739999999995,0.00017157486,0.00011381143,innovation-DACHubs,low,FL,missing,refined liquids,refined liquids cogen,electricity,missing,missing,missing,missing,missing,missing,EJ
933,0.023913,0.0127829,0.015278417,0.015600813,0.017329954,0.018485497,0.019119298,0.0181280929999999,0.01796574,innovation-DACHubs,low,GA,missing,biomass,biomass cogen,electricity,missing,missing,missing,missing,missing,missing,EJ
934,0.00183161,0.00163984,0.0005048036299999999,0.0005064784999999999,0.0005012676189999999,0.0004976250816999999,0.0004968231537,0.0004256523261000001,0.000357585016,innovation-DACHubs,low,GA,missing,coal,coal cogen,electricity,missing,missing,missing,missing,missing,missing,EJ
935,0.00755563,0.00617432,0.00695928,0.0070189625999999,0.0070520148,0.0070709666,0.0070811098999999,0.0065977848,0.0063235506,innovation-DACHubs,low,GA,missing,gas,gas cogen,electricity,missing,missing,missing,missing,missing,missing,EJ
936,0.0,0.0,6.02245e-06,9.32728e-06,9.24176e-06,1.017035e-05,1.160713e-05,5.014185e-06,3.245328e-06,innovation-DACHubs,low,GA,missing,hydrogen,hydrogen cogen,electricity,missing,missing,missing,missing,missing,missing,EJ
937,0.000296699,0.00100001,0.0002866274,0.00029166473,0.00023788652,0.00024331723000000003,0.00025360873,0.0001764105,0.00012268963,innovation-DACHubs,low,GA,missing,refined liquids,refined liquids cogen,electricity,missing,missing,missing,missing,missing,missing,EJ
938,0.00247471,0.000453502,0.0002203727783,0.0002205287024,0.00020753371,0.0002182615319,0.0002200346099,0.0002181803797,0.000210156104,innovation-DACHubs,low,HI,missing,biomass,biomass cogen,electricity,missing,missing,missing,missing,missing,missing,EJ
939,2.26627e-05,5.32125e-05,4.70325e-05,4.70315e-05,4.42448e-05,4.65172e-05,4.68781e-05,4.62278e-05,4.4225e-05,innovation-DACHubs,low,HI,missing,coal,coal cogen,electricity,missing,missing,missing,missing,missing,missing,EJ
940,0.0,0.0,0.000155265,0.001006367,0.0007799339999999999,0.0008099260000000001,0.0008703580999999999,0.0009134383,0.0009715178,innovation-DACHubs,low,HI,missing,hydrogen,hydrogen cogen,electricity,missing,missing,missing,missing,missing,missing,EJ
941,6.73667e-05,0.000115088,4.335755300000001e-05,4.4498633e-05,4.1237505e-05,4.3169213e-05,4.3499026e-05,4.1456434e-05,3.8686885e-05,innovation-DACHubs,low,HI,missing,refined liquids,refined liquids cogen,electricity,missing,missing,missing,missing,missing,missing,EJ
942,0.00272629,0.00177028,0.0012594781,0.0012902863,0.0013278298,0.001359419,0.0013818276,0.0013842619,0.0013492738,innovation-DACHubs,low,ID,missing,biomass,biomass cogen,electricity,missing,missing,missing,missing,missing,missing,EJ
943,0.000284622,0.000415455,0.000176535112,0.00017691188699999998,0.00017584905434,0.00017501625746,0.00017450486743000003,0.00015816200287,0.00012731892603,innovation-DACHubs,low,ID,missing,coal,coal cogen,electricity,missing,missing,missing,missing,missing,missing,EJ
944,0.00109068,0.000918774,0.0013720367,0.0013872446,0.0013854078399999,0.00138531006,0.00138450931,0.00134514721,0.0012426178799999,innovation-DACHubs,low,ID,missing,gas,gas cogen,electricity,missing,missing,missing,missing,missing,missing,EJ
945,0.0,0.0,2.85611e-05,5.24143e-05,2.047561e-05,2.541842e-05,3.241211e-05,2.94941e-05,3.3411747e-05,innovation-DACHubs,low,ID,missing,hydrogen,hydrogen cogen,electricity,missing,missing,missing,missing,missing,missing,EJ
946,8.81721e-05,0.00024067,8.615365e-05,8.827098e-05,7.029961999999999e-05,7.147693e-05,7.239985899999999e-05,4.7468232e-05,2.8556972e-05,innovation-DACHubs,low,ID,missing,refined liquids,refined liquids cogen,electricity,missing,missing,missing,missing,missing,missing,EJ
947,0.00430549,0.00122314,0.00038854694,0.00038973876,0.00038928497,0.00039607845,0.00040261467,0.00040298644000000007,0.00039141795,innovation-DACHubs,low,IL,missing,biomass,biomass cogen,electricity,missing,missing,missing,missing,missing,missing,EJ
948,0.00492082,0.00348926,0.003591829127,0.0035918114646,0.0035778707108,0.00357631305275,0.00356820595668,0.003409339101277,0.002982090826001,innovation-DACHubs,low,IL,missing,coal,coal cogen,electricity,missing,missing,missing,missing,missing,missing,EJ
949,0.010916,0.00786783,0.0079569425,0.0079669509,0.0079337542,0.0079467144,0.0079439105999999,0.00778229395,0.0072669867799999,innovation-DACHubs,low,IL,missing,gas,gas cogen,electricity,missing,missing,missing,missing,missing,missing,EJ
950,0.0,0.0,6.45428e-05,9.94608e-05,3.30744e-05,0.0001322986,0.0002490137,0.0002673567,0.00031654664,innovation-DACHubs,low,IL,missing,hydrogen,hydrogen cogen,electricity,missing,missing,missing,missing,missing,missing,EJ
951,0.000596973,0.00159127,0.0008021491,0.00080355186,0.0007473569,0.00077032678,0.00078155052,0.00062570189,0.00041979752,innovation-DACHubs,low,IL,missing,refined liquids,refined liquids cogen,electricity,missing,missing,missing,missing,missing,missing,EJ
952,0.00298724,0.00150182,0.0008928836,0.0009019791,0.0008785168499999999,0.00091147581,0.00094534108,0.00094849949,0.00092974353,innovation-DACHubs,low,IN,missing,biomass,biomass cogen,electricity,missing,missing,missing,missing,missing,missing,EJ
953,0.0111828,0.011951,0.00702137021,0.00702448478,0.00681390348,0.006982779509,0.0069655863794999,0.0065615345014999,0.0055788405327,innovation-DACHubs,low,IN,missing,coal,coal cogen,electricity,missing,missing,missing,missing,missing,missing,EJ
954,0.00969337,0.00946186,0.014206761,0.0142640618,0.0138543483,0.0142256249999999,0.014238398,0.0139572319999999,0.01307328519,innovation-DACHubs,low,IN,missing,gas,gas cogen,electricity,missing,missing,missing,missing,missing,missing,EJ
955,0.0,0.0,6.73351e-06,1.015573e-05,3.16341e-06,5.76158e-06,1.7054928e-05,1.3373921000000002e-05,2.1050272e-05,innovation-DACHubs,low,IN,missing,hydrogen,hydrogen cogen,electricity,missing,missing,missing,missing,missing,missing,EJ
956,0.000436233,0.00114693,0.000395461,0.00039869912,0.0003705992,0.00039047455,0.00039792327000000006,0.00030256961,0.000197969539,innovation-DACHubs,low,IN,missing,refined liquids,refined liquids cogen,electricity,missing,missing,missing,missing,missing,missing,EJ
957,0.00544057,0.00183652,0.0009086663,0.00091712791,0.00090810464,0.00093918492,0.00096531254,0.00097493668,0.00096120613,innovation-DACHubs,low,IA,missing,biomass,biomass cogen,electricity,missing,missing,missing,missing,missing,missing,EJ
958,0.00173401,0.00222964,0.00217811168,0.00217921333,0.00214975863,0.0021672887832,0.0021616816241999,0.0020512327724,0.00182184058218,innovation-DACHubs,low,IA,missing,coal,coal cogen,electricity,missing,missing,missing,missing,missing,missing,EJ
959,0.00413254,0.00251919,0.0031850524,0.0031969724,0.0031567643,0.00319176843,0.00319246165,0.00313750386,0.00297411585,innovation-DACHubs,low,IA,missing,gas,gas cogen,electricity,missing,missing,missing,missing,missing,missing,EJ
960,0.0,0.0,3.1112e-05,4.1584e-05,1.117951e-05,3.583679e-05,6.656944e-05,7.655467e-05,0.00012052983,innovation-DACHubs,low,IA,missing,hydrogen,hydrogen cogen,electricity,missing,missing,missing,missing,missing,missing,EJ
961,0.000219105,0.000946114,0.0005223093,0.00052254098,0.00047351254000000005,0.0004970236599999999,0.00050079679,0.00039678199,0.00029407117,innovation-DACHubs,low,IA,missing,refined liquids,refined liquids cogen,electricity,missing,missing,missing,missing,missing,missing,EJ
962,0.00064147,0.000228079,0.0001536515,0.00015659182,0.00015517371,0.00016430489,0.00017756824,0.0001808756,0.00018488013000000003,innovation-DACHubs,low,KS,missing,biomass,biomass cogen,electricity,missing,missing,missing,missing,missing,missing,EJ
963,0.000124008,0.000189091,0.00011932574,0.000120322906,0.00011818855,0.0001187983039,0.0001184814103,0.00010816242023,9.07972909e-05,innovation-DACHubs,low,KS,missing,coal,coal cogen,electricity,missing,missing,missing,missing,missing,missing,EJ
964,0.00645863,0.00393345,0.005206078,0.0052690338,0.0051888903,0.0052627771,0.005313961,0.0051949860999999,0.0048972491,innovation-DACHubs,low,KS,missing,gas,gas cogen,electricity,missing,missing,missing,missing,missing,missing,EJ
965,0.0,0.0,2.84389e-06,2.14479e-06,4.30572e-07,1.750594e-06,4.301876e-06,3.118135e-06,7.487596e-06,innovation-DACHubs,low,KS,missing,hydrogen,hydrogen cogen,electricity,missing,missing,missing,missing,missing,missing,EJ
966,0.000406426,0.000492659,0.0002086458,0.00020878086,0.00017545141999999997,0.00018478394,0.00018996647,0.00014231512999999998,0.000102329337,innovation-DACHubs,low,KS,missing,refined liquids,refined liquids cogen,electricity,missing,missing,missing,missing,missing,missing,EJ
967,0.000302411,0.00152488,0.0015181132,0.0015286669,0.0015475097,0.0015900439,0.0016288999,0.0016291359999999,0.0015878092,innovation-DACHubs,low,KY,missing,biomass,biomass cogen,electricity,missing,missing,missing,missing,missing,missing,EJ
968,0.00284047,0.00220389,0.001092258273,0.001092583669,0.00108944775085,0.00108721790658,0.00108477052417,0.0010291500013299,0.0008901007983799999,innovation-DACHubs,low,KY,missing,coal,coal cogen,electricity,missing,missing,missing,missing,missing,missing,EJ
969,0.00294079,0.00414488,0.0048106554,0.0048239037999999,0.00481929433,0.00482364817,0.00482388145,0.0047351109,0.00445230737,innovation-DACHubs,low,KY,missing,gas,gas cogen,electricity,missing,missing,missing,missing,missing,missing,EJ
970,0.0,0.0,6.27033e-05,9.11369e-05,5.1223e-05,0.00010516241,0.00016871291,0.00013457432,0.00017142613,innovation-DACHubs,low,KY,missing,hydrogen,hydrogen cogen,electricity,missing,missing,missing,missing,missing,missing,EJ
971,0.00038402,0.00135184,0.0004952855,0.00049774116,0.00046442503,0.00047717576,0.00048408836,0.00037454748,0.00024935404000000003,innovation-DACHubs,low,KY,missing,refined liquids,refined liquids cogen,electricity,missing,missing,missing,missing,missing,missing,EJ
972,0.0151032,0.0106356,0.008342435,0.0084227718,0.0089143498,0.009591599,0.0102707665,0.0104089481,0.0103750642,innovation-DACHubs,low,LA,missing,biomass,biomass cogen,electricity,missing,missing,missing,missing,missing,missing,EJ
973,0.000520794,6.03572e-05,0.000154745311,0.000154974675,0.00015290131509999998,0.0001517102619,0.0001513373697,0.00013551989918999998,0.00011340452875,innovation-DACHubs,low,LA,missing,coal,coal cogen,electricity,missing,missing,missing,missing,missing,missing,EJ
974,0.0506868,0.0325878,0.042510399,0.042668611,0.042636412,0.042767111,0.042940716,0.0419646481,0.0395641951,innovation-DACHubs,low,LA,missing,gas,gas cogen,electricity,missing,missing,missing,missing,missing,missing,EJ
975,0.0,0.0,1.43525e-05,1.641112e-05,1.82048e-05,3.55653e-05,6.096496e-05,4.519708e-05,7.699676999999999e-05,innovation-DACHubs,low,LA,missing,hydrogen,hydrogen cogen,electricity,missing,missing,missing,missing,missing,missing,EJ
976,0.00167537,0.00409481,0.0028391904,0.0028898417,0.0024706452,0.0026194698,0.0027474751,0.0021294596,0.0016265343,innovation-DACHubs,low,LA,missing,refined liquids,refined liquids cogen,electricity,missing,missing,missing,missing,missing,missing,EJ
977,0.0109152,0.00517042,0.0040931449999999,0.0041532938,0.0044586007999999,0.0047378524,0.0048981312,0.0047761756999999,0.0046434865,innovation-DACHubs,low,ME,missing,biomass,biomass cogen,electricity,missing,missing,missing,missing,missing,missing,EJ
978,0.000180528,0.000121364,3.1050886e-05,3.1177494e-05,3.02309784e-05,2.970765508e-05,2.974314118e-05,2.4635008600000005e-05,2.1358583180000003e-05,innovation-DACHubs,low,ME,missing,coal,coal cogen,electricity,missing,missing,missing,missing,missing,missing,EJ
979,9.24992e-05,0.000259929,0.0009570518,0.00096573969,0.00095669218,0.00095706633,0.00096187335,0.00090480232,0.00085571125,innovation-DACHubs,low,ME,missing,gas,gas cogen,electricity,missing,missing,missing,missing,missing,missing,EJ
980,0.0,0.0,2.36202e-06,3.2714100000000004e-06,2.43784e-06,3.227344e-06,3.84861e-06,1.903487e-06,1.801041e-06,innovation-DACHubs,low,ME,missing,hydrogen,hydrogen cogen,electricity,missing,missing,missing,missing,missing,missing,EJ
981,0.000173593,0.000350536,3.3084980000000005e-05,3.3371827000000005e-05,2.2548123e-05,2.3149071e-05,2.4792842e-05,1.8104063e-05,1.5617558e-05,innovation-DACHubs,low,ME,missing,refined liquids,refined liquids cogen,electricity,missing,missing,missing,missing,missing,missing,EJ
982,0.00132654,0.00089579,0.0005501768,0.0005572389900000001,0.00057343389,0.0006058545199999998,0.0006364243199999999,0.00063663101,0.0006240289199999999,innovation-DACHubs,low,MD,missing,biomass,biomass cogen,electricity,missing,missing,missing,missing,missing,missing,EJ
983,0.00187194,0.00124342,0.00062398633,0.0006247070659999999,0.0006222120596,0.0006205362947,0.0006193588785000002,0.0005855357626200001,0.0005089778247700002,innovation-DACHubs,low,MD,missing,coal,coal cogen,electricity,missing,missing,missing,missing,missing,missing,EJ
984,0.00288956,0.00095128,0.0006837661000000001,0.0006880238,0.00068810367,0.00069047505,0.0006928374000000001,0.000679488479,0.0006397278930000001,innovation-DACHubs,low,MD,missing,gas,gas cogen,electricity,missing,missing,missing,missing,missing,missing,EJ
985,0.0,0.0,1.45579e-05,2.186867e-05,1.323905e-05,2.668754e-05,4.361765e-05,2.8227340000000003e-05,3.5531217e-05,innovation-DACHubs,low,MD,missing,hydrogen,hydrogen cogen,electricity,missing,missing,missing,missing,missing,missing,EJ
986,0.000183446,0.000510349,7.783818e-05,7.88509e-05,7.3524148e-05,7.6209485e-05,7.894842999999999e-05,6.1970739e-05,4.3431169e-05,innovation-DACHubs,low,MD,missing,refined liquids,refined liquids cogen,electricity,missing,missing,missing,missing,missing,missing,EJ
987,0.00103777,0.000269362,0.0005396079,0.00054856818,0.00056812789,0.00060502972,0.00064078825,0.0006422536699999999,0.0006324384200000001,innovation-DACHubs,low,MA,missing,biomass,biomass cogen,electricity,missing,missing,missing,missing,missing,missing,EJ
988,5.92429e-05,7.04749e-05,5.0876709000000005e-05,5.1110895e-05,5.076411399e-05,5.060448708e-05,5.050933168e-05,4.732002993e-05,4.195548382e-05,innovation-DACHubs,low,MA,missing,coal,coal cogen,electricity,missing,missing,missing,missing,missing,missing,EJ
989,0.00208711,0.00185111,0.002036101,0.0020576913,0.0020594417,0.002072086,0.0020855703,0.00204390212,0.0019395222,innovation-DACHubs,low,MA,missing,gas,gas cogen,electricity,missing,missing,missing,missing,missing,missing,EJ
990,0.0,0.0,3.05054e-06,4.91664e-06,2.8421360000000004e-06,5.220408e-06,8.38619e-06,6.230701e-06,8.284286e-06,innovation-DACHubs,low,MA,missing,hydrogen,hydrogen cogen,electricity,missing,missing,missing,missing,missing,missing,EJ
991,0.000193523,0.000252313,7.598685999999999e-05,7.699262999999999e-05,7.075845e-05,7.3598374e-05,7.5760782e-05,6.3170498e-05,5.137913499999999e-05,innovation-DACHubs,low,MA,missing,refined liquids,refined liquids cogen,electricity,missing,missing,missing,missing,missing,missing,EJ
992,0.00497367,0.00276632,0.0035491024,0.0035832526,0.003649378,0.0038029611,0.0039328942,0.0039230825999999,0.0038326535,innovation-DACHubs,low,MI,missing,biomass,biomass cogen,electricity,missing,missing,missing,missing,missing,missing,EJ
993,0.00384615,0.00292158,0.00253313585,0.0025341975,0.0025239996072,0.0025168745005,0.0025108853512,0.00235223277161,0.00199193664048,innovation-DACHubs,low,MI,missing,coal,coal cogen,electricity,missing,missing,missing,missing,missing,missing,EJ
994,0.0135206,0.00839727,0.0073948329,0.0074230586999999,0.0074140893,0.0074261333,0.0074323334999999,0.00727382621,0.00680532133,innovation-DACHubs,low,MI,missing,gas,gas cogen,electricity,missing,missing,missing,missing,missing,missing,EJ
995,0.0,0.0,3.34702e-06,5.09757e-06,2.795568e-06,6.314604999999999e-06,9.724426e-06,5.771377e-06,8.862975e-06,innovation-DACHubs,low,MI,missing,hydrogen,hydrogen cogen,electricity,missing,missing,missing,missing,missing,missing,EJ
996,0.000360989,0.000714189,0.00029048135000000005,0.0002925448,0.0002680194899999999,0.00027769066,0.0002835156,0.00021065567,0.00013745693900000004,innovation-DACHubs,low,MI,missing,refined liquids,refined liquids cogen,electricity,missing,missing,missing,missing,missing,missing,EJ
997,0.00381664,0.0026759,0.0024201876,0.0024542484,0.0025394343,0.0026761902,0.0027637151,0.0027750812999999,0.0027301083,innovation-DACHubs,low,MN,missing,biomass,biomass cogen,electricity,missing,missing,missing,missing,missing,missing,EJ
998,0.00077708,0.000930765,0.0007251220200000001,0.0007256887300000001,0.0007225267797999999,0.0007203557904999999,0.0007183507744,0.0006726331631,0.0005867895845800001,innovation-DACHubs,low,MN,missing,coal,coal cogen,electricity,missing,missing,missing,missing,missing,missing,EJ
999,0.00349218,0.00265767,0.0048165805,0.004844157,0.0048435779,0.0048568032999999,0.0048602786,0.0047612993199999,0.00449530518,innovation-DACHubs,low,MN,missing,gas,gas cogen,electricity,missing,missing,missing,missing,missing,missing,EJ
1000,0.0,0.0,2.16787e-06,3.035645e-06,1.856302e-06,3.653564e-06,4.575537e-06,3.725559e-06,5.610614e-06,innovation-DACHubs,low,MN,missing,hydrogen,hydrogen cogen,electricity,missing,missing,missing,missing,missing,missing,EJ
1001,0.000244035,0.000783776,0.0003292895,0.0003306989,0.00028985158,0.00030421444000000006,0.0003070308400000001,0.00023268932,0.00016813211999999996,innovation-DACHubs,low,MN,missing,refined liquids,refined liquids cogen,electricity,missing,missing,missing,missing,missing,missing,EJ
1002,0.0101783,0.00431226,0.0036889366,0.0037187618,0.0039184025,0.0041026043999999,0.0042481779,0.0041162112,0.0040962579999999,innovation-DACHubs,low,MS,missing,biomass,biomass cogen,electricity,missing,missing,missing,missing,missing,missing,EJ
1003,0.000205614,0.000108298,0.000106476618,0.000106609485,0.0001057709987,0.0001052109907,0.0001049956343,9.371555063000002e-05,7.950473182199999e-05,innovation-DACHubs,low,MS,missing,coal,coal cogen,electricity,missing,missing,missing,missing,missing,missing,EJ
1004,0.00434006,0.00330586,0.0047864425999999,0.0048017681,0.0048066296,0.0048142148999999,0.0048195873,0.0046048871,0.0044277608399999,innovation-DACHubs,low,MS,missing,gas,gas cogen,electricity,missing,missing,missing,missing,missing,missing,EJ
1005,0.0,0.0,1.60923e-06,1.824721e-06,2.028196e-06,2.868267e-06,4.148829e-06,1.599587e-06,2.1247220000000004e-06,innovation-DACHubs,low,MS,missing,hydrogen,hydrogen cogen,electricity,missing,missing,missing,missing,missing,missing,EJ
1006,0.000211752,0.000394012,0.00013609805,0.00013702170999999998,0.000118210156,0.000121263575,0.000125057043,9.1497078e-05,6.3029098e-05,innovation-DACHubs,low,MS,missing,refined liquids,refined liquids cogen,electricity,missing,missing,missing,missing,missing,missing,EJ
1007,0.000424367,0.000433059,0.00014434075,0.000144977542,0.00014558952,0.00014779239300000005,0.000149862898,0.00014981204,0.000145330012,innovation-DACHubs,low,MO,missing,biomass,biomass cogen,electricity,missing,missing,missing,missing,missing,missing,EJ
1008,0.000991039,0.000904609,0.0008768216245,0.0008768254327000001,0.0008748164874339999,0.000873295942789,0.000871330544654,0.00083340424439,0.0007291760986200001,innovation-DACHubs,low,MO,missing,coal,coal cogen,electricity,missing,missing,missing,missing,missing,missing,EJ
1009,0.00250754,0.00247975,0.0024748978,0.0024796183899999,0.00247419116,0.00247469433,0.0024732501,0.00242330303,0.0022627826299999,innovation-DACHubs,low,MO,missing,gas,gas cogen,electricity,missing,missing,missing,missing,missing,missing,EJ
1010,0.0,0.0,3.68021e-05,6.0405e-05,2.766555e-05,6.386829e-05,0.00010647791,0.00010934234,0.00011870877,innovation-DACHubs,low,MO,missing,hydrogen,hydrogen cogen,electricity,missing,missing,missing,missing,missing,missing,EJ
1011,0.000248036,0.000967827,0.00031379769,0.0003149807,0.000293384343,0.000301011962,0.000304627858,0.00024346192800000005,0.000162014343,innovation-DACHubs,low,MO,missing,refined liquids,refined liquids cogen,electricity,missing,missing,missing,missing,missing,missing,EJ
1012,0.0012107,0.00082627,0.0001222134,0.00012363196,0.00012522671,0.00012770291,0.00012978439,0.00013044191000000002,0.0001272519,innovation-DACHubs,low,MT,missing,biomass,biomass cogen,electricity,missing,missing,missing,missing,missing,missing,EJ
1013,0.000131904,4.95897e-05,0.000206161884,0.000206366246,0.00020533567303,0.00020451762322,0.00020390107352,0.00018680665979,0.00015188932298999998,innovation-DACHubs,low,MT,missing,coal,coal cogen,electricity,missing,missing,missing,missing,missing,missing,EJ
1014,0.000262409,0.000786393,0.0007235533500000001,0.0007272872799999999,0.000725671394,0.000725547148,0.000725014116,0.0007062749389999999,0.000653967058,innovation-DACHubs,low,MT,missing,gas,gas cogen,electricity,missing,missing,missing,missing,missing,missing,EJ
1015,0.0,0.0,7.63362e-06,1.186806e-05,4.63121e-06,7.980591e-06,1.1553964e-05,1.3387256e-05,1.5895847e-05,innovation-DACHubs,low,MT,missing,hydrogen,hydrogen cogen,electricity,missing,missing,missing,missing,missing,missing,EJ
1016,0.000145861,0.000361853,9.5822e-05,9.671967e-05,8.1058098e-05,8.2414939e-05,8.2796253e-05,5.5800501e-05,3.343132599999999e-05,innovation-DACHubs,low,MT,missing,refined liquids,refined liquids cogen,electricity,missing,missing,missing,missing,missing,missing,EJ
1017,0.0,0.000365977,3.7768368e-05,3.8157449e-05,3.7827483e-05,3.919082899999999e-05,4.0445395e-05,4.0918068e-05,4.0321356e-05,innovation-DACHubs,low,NE,missing,biomass,biomass cogen,electricity,missing,missing,missing,missing,missing,missing,EJ
1018,0.000146071,0.000294991,0.00087803896,0.0008785349650000001,0.0008681285840000001,0.0008743819749999999,0.0008721132260000001,0.0008303104885900002,0.0007382204592900001,innovation-DACHubs,low,NE,missing,coal,coal cogen,electricity,missing,missing,missing,missing,missing,missing,EJ
1019,0.0011532,0.00101262,0.0014728897999999,0.00147902191,0.00146271287,0.00147760798,0.00147847427,0.00145415576,0.0013786742,innovation-DACHubs,low,NE,missing,gas,gas cogen,electricity,missing,missing,missing,missing,missing,missing,EJ
1020,0.0,0.0,1.72324e-05,2.336884e-05,6.7576400000000006e-06,2.083058e-05,3.875135e-05,4.330029e-05,6.075681e-05,innovation-DACHubs,low,NE,missing,hydrogen,hydrogen cogen,electricity,missing,missing,missing,missing,missing,missing,EJ
1021,0.000192897,0.000452455,0.00017939549000000002,0.00017970829,0.00016546509,0.00017346945,0.00017450991,0.00013913585,0.000102026147,innovation-DACHubs,low,NE,missing,refined liquids,refined liquids cogen,electricity,missing,missing,missing,missing,missing,missing,EJ
1022,0.0,4.40213e-05,1.1357671e-05,1.1568456e-05,1.1791929999999998e-05,1.2043737e-05,1.2244819e-05,1.228066e-05,1.19425945e-05,innovation-DACHubs,low,NV,missing,biomass,biomass cogen,electricity,missing,missing,missing,missing,missing,missing,EJ
1023,0.000127831,0.000173203,0.00028319982600000004,0.00028365508,0.00028255458811,0.0002816111408700001,0.00028077662137000005,0.00025830010601000003,0.00020869485966,innovation-DACHubs,low,NV,missing,coal,coal cogen,electricity,missing,missing,missing,missing,missing,missing,EJ
1024,0.000352211,0.000544959,0.0008051002,0.0008118557,0.00081119129,0.00081138263,0.00081087429,0.000790292127,0.0007304201650000001,innovation-DACHubs,low,NV,missing,gas,gas cogen,electricity,missing,missing,missing,missing,missing,missing,EJ
1025,0.0,0.0,3.8915e-05,6.8721e-05,2.7512180000000003e-05,3.833939e-05,5.155509e-05,4.8743210000000005e-05,4.4949126e-05,innovation-DACHubs,low,NV,missing,hydrogen,hydrogen cogen,electricity,missing,missing,missing,missing,missing,missing,EJ
1026,9.14976e-05,0.000228652,3.817029e-05,3.8747217e-05,3.2999879999999994e-05,3.3312474999999995e-05,3.3292994999999994e-05,2.1887837e-05,1.2448798e-05,innovation-DACHubs,low,NV,missing,refined liquids,refined liquids cogen,electricity,missing,missing,missing,missing,missing,missing,EJ
1027,0.00106597,0.000518528,0.00029198900000000004,0.00029569057,0.00030762072,0.0003232034499999999,0.0003351259,0.000333150412,0.0003257957739999999,innovation-DACHubs,low,NH,missing,biomass,biomass cogen,electricity,missing,missing,missing,missing,missing,missing,EJ
1028,2.27626e-05,0.0,0.0,0.0,0.0,0.0,0.0,0.0,0.0,innovation-DACHubs,low,NH,missing,coal,coal cogen,electricity,missing,missing,missing,missing,missing,missing,EJ
1029,0.000151101,0.000268315,0.00038126052,0.0003843341,0.00038480249000000005,0.00038651317,0.00038788575,0.00037995714650000006,0.0003609690070999999,innovation-DACHubs,low,NH,missing,gas,gas cogen,electricity,missing,missing,missing,missing,missing,missing,EJ
1030,0.0,0.0,1.17662e-05,1.727574e-05,1.134098e-05,1.81509e-05,2.594112e-05,1.7059565000000003e-05,2.3923468e-05,innovation-DACHubs,low,NH,missing,hydrogen,hydrogen cogen,electricity,missing,missing,missing,missing,missing,missing,EJ
1031,3.99348e-05,9.32754e-05,2.5470849e-05,2.5716642e-05,2.3403063e-05,2.4206696e-05,2.4826784e-05,2.0757712e-05,1.71449594e-05,innovation-DACHubs,low,NH,missing,refined liquids,refined liquids cogen,electricity,missing,missing,missing,missing,missing,missing,EJ
1032,0.000420009,0.000210754,0.00021916121,0.00022219921,0.00023500648,0.00025133509,0.00026729487,0.00026951442,0.00026528782,innovation-DACHubs,low,NJ,missing,biomass,biomass cogen,electricity,missing,missing,missing,missing,missing,missing,EJ
1033,0.000227227,5.54607e-06,0.0,0.0,0.0,0.0,0.0,0.0,0.0,innovation-DACHubs,low,NJ,missing,coal,coal cogen,electricity,missing,missing,missing,missing,missing,missing,EJ
1034,0.003532,0.00190924,0.0015372988,0.0015476743999999,0.0015524765599999,0.00155973126,0.0015672139599999,0.0015379290799999,0.0014464809699999,innovation-DACHubs,low,NJ,missing,gas,gas cogen,electricity,missing,missing,missing,missing,missing,missing,EJ
1035,0.0,0.0,8.84763e-07,1.692353e-06,1.455021e-06,2.495612e-06,4.172113e-06,3.136155e-06,3.458299e-06,innovation-DACHubs,low,NJ,missing,hydrogen,hydrogen cogen,electricity,missing,missing,missing,missing,missing,missing,EJ
1036,0.000452012,0.000751169,0.00036503806,0.00036943084,0.00034265493,0.00035470182,0.00036661802,0.00028838976000000006,0.00019954272,innovation-DACHubs,low,NJ,missing,refined liquids,refined liquids cogen,electricity,missing,missing,missing,missing,missing,missing,EJ
1037,3.51674e-05,2.45783e-05,8.090729e-06,8.181538500000002e-06,8.1284667e-06,8.505025799999999e-06,8.9210266e-06,8.970005e-06,8.856895899999999e-06,innovation-DACHubs,low,NM,missing,biomass,biomass cogen,electricity,missing,missing,missing,missing,missing,missing,EJ
1038,2.86096e-05,7.26235e-05,7.025772799999999e-05,7.03411409e-05,6.93752219e-05,6.960908373e-05,6.939150605000001e-05,6.3062773712e-05,4.9331978919e-05,innovation-DACHubs,low,NM,missing,coal,coal cogen,electricity,missing,missing,missing,missing,missing,missing,EJ
1039,0.00394107,0.00379254,0.0045172562,0.004539222,0.0044873144,0.0045275985999999,0.0045377792,0.00441881686,0.00406421498,innovation-DACHubs,low,NM,missing,gas,gas cogen,electricity,missing,missing,missing,missing,missing,missing,EJ
1040,0.0,0.0,1.56631e-06,1.7698830000000002e-06,3.54901e-07,1.862612e-06,3.8697110000000005e-06,2.483511e-06,4.8325762e-06,innovation-DACHubs,low,NM,missing,hydrogen,hydrogen cogen,electricity,missing,missing,missing,missing,missing,missing,EJ
1041,0.000153088,0.000216908,7.501335999999999e-05,7.573169e-05,6.5705744e-05,6.9905678e-05,7.113885899999999e-05,4.8714193e-05,2.8414664999999995e-05,innovation-DACHubs,low,NM,missing,refined liquids,refined liquids cogen,electricity,missing,missing,missing,missing,missing,missing,EJ
1042,0.00362545,0.00129304,0.0016994549,0.0017124776,0.0017426041,0.001817011,0.0018881301,0.0018990004,0.0018623223999999,innovation-DACHubs,low,NY,missing,biomass,biomass cogen,electricity,missing,missing,missing,missing,missing,missing,EJ
1043,0.00269502,0.00150251,0.0008015966900000001,0.00080270794,0.0007971978621,0.0007946447822,0.0007933008544000001,0.0007410439194000001,0.0006418413217999999,innovation-DACHubs,low,NY,missing,coal,coal cogen,electricity,missing,missing,missing,missing,missing,missing,EJ
1044,0.00469607,0.00319378,0.0035481225999999,0.0035642430999999,0.0035548174099999,0.00356898499,0.00358414501,0.0035037234699999,0.0032897051,innovation-DACHubs,low,NY,missing,gas,gas cogen,electricity,missing,missing,missing,missing,missing,missing,EJ
1045,0.0,0.0,4.17748e-05,5.57594e-05,3.119902e-05,7.614754e-05,0.00012752666,0.00011024661,0.00014130055,innovation-DACHubs,low,NY,missing,hydrogen,hydrogen cogen,electricity,missing,missing,missing,missing,missing,missing,EJ
1046,0.000389972,0.000889245,0.00024451668,0.00024559849,0.00021473063,0.000226488,0.00023486538000000004,0.00018575464,0.00013597965000000005,innovation-DACHubs,low,NY,missing,refined liquids,refined liquids cogen,electricity,missing,missing,missing,missing,missing,missing,EJ
1047,0.0112784,0.00501355,0.005906076,0.006014968,0.00643342,0.00673509,0.006925242,0.0067637649999999,0.0066922383,innovation-DACHubs,low,NC,missing,biomass,biomass cogen,electricity,missing,missing,missing,missing,missing,missing,EJ
1048,0.00243199,0.00139154,0.00059702066,0.00059874221,0.000595331938,0.0005930265511,0.0005919535323999999,0.0005416903837999999,0.00046622401139,innovation-DACHubs,low,NC,missing,coal,coal cogen,electricity,missing,missing,missing,missing,missing,missing,EJ
1049,0.00403958,0.00343702,0.0047748339,0.0048105862999999,0.0048263878999999,0.0048363471,0.0048396948,0.004672929,0.00447995982,innovation-DACHubs,low,NC,missing,gas,gas cogen,electricity,missing,missing,missing,missing,missing,missing,EJ
1050,0.0,0.0,8.15563e-05,0.00012894829999999998,0.0001039064,0.000125124,0.0001589052,7.938670000000001e-05,9.320758e-05,innovation-DACHubs,low,NC,missing,hydrogen,hydrogen cogen,electricity,missing,missing,missing,missing,missing,missing,EJ
1051,0.000374193,0.000892468,0.00024560857,0.00024982992000000003,0.00022433394,0.00022982252,0.0002361607,0.00017968314999999998,0.00012551744000000002,innovation-DACHubs,low,NC,missing,refined liquids,refined liquids cogen,electricity,missing,missing,missing,missing,missing,missing,EJ
1052,1.02163e-05,0.000190092,0.00015977028,0.000162499,0.00014942765000000002,0.00015431519000000003,0.00015964046,0.00016380202,0.00016543342999999998,innovation-DACHubs,low,ND,missing,biomass,biomass cogen,electricity,missing,missing,missing,missing,missing,missing,EJ
1053,0.00281655,0.00348145,0.00396727787,0.00397106942,0.0036301418199999,0.00374017301,0.0038657273,0.0037069116234,0.0032623133596,innovation-DACHubs,low,ND,missing,coal,coal cogen,electricity,missing,missing,missing,missing,missing,missing,EJ
1054,0.00041266,0.000628915,0.0017733411,0.0017854431,0.0016350326,0.0016871087,0.0017444221,0.00174159042,0.00165018208,innovation-DACHubs,low,ND,missing,gas,gas cogen,electricity,missing,missing,missing,missing,missing,missing,EJ
1055,0.0,0.0,4.17271e-07,7.020929999999999e-07,1.495908e-07,1.903892e-07,2.104018e-07,6.871836999999999e-07,2.4510215e-06,innovation-DACHubs,low,ND,missing,hydrogen,hydrogen cogen,electricity,missing,missing,missing,missing,missing,missing,EJ
1056,0.000126231,0.000342339,0.00022980267,0.00023001228,0.00022305202,0.00023882803,0.00024513772000000003,0.00019761343,0.00015134806999999998,innovation-DACHubs,low,ND,missing,refined liquids,refined liquids cogen,electricity,missing,missing,missing,missing,missing,missing,EJ
1057,0.00376514,0.00166178,0.0020168672,0.0020336969999999,0.0020263951,0.0021046585,0.0021840769,0.0021913504,0.0021442846999999,innovation-DACHubs,low,OH,missing,biomass,biomass cogen,electricity,missing,missing,missing,missing,missing,missing,EJ
1058,0.00809658,0.00377243,0.00535486229,0.00535678894,0.00531749165,0.0053261887381999,0.0053133420941,0.0050062612781999,0.0042556222532999,innovation-DACHubs,low,OH,missing,coal,coal cogen,electricity,missing,missing,missing,missing,missing,missing,EJ
1059,0.0124876,0.0109157,0.0114369631999999,0.0114745254,0.0114035791,0.0114634224,0.0114752356,0.01124828343,0.01053367169,innovation-DACHubs,low,OH,missing,gas,gas cogen,electricity,missing,missing,missing,missing,missing,missing,EJ
1060,0.0,0.0,4.73523e-06,6.970169999999999e-06,2.2669000000000003e-06,7.92962e-06,1.481246e-05,1.138538e-05,1.5456687e-05,innovation-DACHubs,low,OH,missing,hydrogen,hydrogen cogen,electricity,missing,missing,missing,missing,missing,missing,EJ
1061,0.000495848,0.00112792,0.0005288265,0.0005314943,0.00049707492,0.00051581391,0.0005253845900000001,0.00039772369,0.00025807894000000006,innovation-DACHubs,low,OH,missing,refined liquids,refined liquids cogen,electricity,missing,missing,missing,missing,missing,missing,EJ
1062,0.00224753,0.00174272,0.001763552,0.0018024222,0.0017979655999999,0.0019153691,0.0020630023,0.0020712256,0.0021114595,innovation-DACHubs,low,OK,missing,biomass,biomass cogen,electricity,missing,missing,missing,missing,missing,missing,EJ
1063,0.000414176,0.000580014,0.0004965141,0.0005012791700000001,0.00049383692,0.000492420171,0.0004910598670000001,0.0004395497222,0.0003657759512,innovation-DACHubs,low,OK,missing,coal,coal cogen,electricity,missing,missing,missing,missing,missing,missing,EJ
1064,0.0134363,0.00746543,0.01211469,0.012282587,0.012144538,0.0122537118,0.0123674504,0.0120254346999999,0.0113103932,innovation-DACHubs,low,OK,missing,gas,gas cogen,electricity,missing,missing,missing,missing,missing,missing,EJ
1065,0.0,0.0,6.31968e-06,5.15508e-06,8.23745e-07,4.650704e-06,9.569927e-06,4.431452e-06,1.6325555000000002e-05,innovation-DACHubs,low,OK,missing,hydrogen,hydrogen cogen,electricity,missing,missing,missing,missing,missing,missing,EJ
1066,0.000174793,0.000750469,0.00018294169,0.00018371377,0.00014796702,0.00015740121,0.00016332479,0.00012004181,8.933476499999997e-05,innovation-DACHubs,low,OK,missing,refined liquids,refined liquids cogen,electricity,missing,missing,missing,missing,missing,missing,EJ
1067,0.00555517,0.00205339,0.003110622,0.0031663367,0.0032486653,0.0033218124,0.0033719239999999,0.0033716045,0.0032834069,innovation-DACHubs,low,OR,missing,biomass,biomass cogen,electricity,missing,missing,missing,missing,missing,missing,EJ
1068,4.64249e-05,7.86942e-06,9.8166686e-05,9.8319034e-05,9.76025396e-05,9.705653104e-05,9.677924244999998e-05,8.688609583899999e-05,6.965215806899999e-05,innovation-DACHubs,low,OR,missing,coal,coal cogen,electricity,missing,missing,missing,missing,missing,missing,EJ
1069,0.00227845,0.00275605,0.0024247134,0.0024442431,0.00243790058,0.00243652895,0.00243483704,0.00236028911,0.0021774352,innovation-DACHubs,low,OR,missing,gas,gas cogen,electricity,missing,missing,missing,missing,missing,missing,EJ
1070,0.0,0.0,3.71721e-05,5.87145e-05,2.428467e-05,3.140426e-05,4.002965e-05,3.498935e-05,4.526297e-05,innovation-DACHubs,low,OR,missing,hydrogen,hydrogen cogen,electricity,missing,missing,missing,missing,missing,missing,EJ
1071,0.000151537,0.000196344,0.00011425383,0.00011630384,8.810724999999999e-05,8.978561e-05,9.162317e-05,5.9574092e-05,3.6589526e-05,innovation-DACHubs,low,OR,missing,refined liquids,refined liquids cogen,electricity,missing,missing,missing,missing,missing,missing,EJ
1072,0.0032297,0.00248415,0.003799154,0.0038518058,0.0037792916,0.0039624672,0.0041902519,0.0041894015999999,0.0041225093,innovation-DACHubs,low,PA,missing,biomass,biomass cogen,electricity,missing,missing,missing,missing,missing,missing,EJ
1073,0.0124678,0.00943604,0.008618448,0.0086292072999999,0.008422925,0.00856260022,0.0085442339459999,0.0080266194279,0.00687344789,innovation-DACHubs,low,PA,missing,coal,coal cogen,electricity,missing,missing,missing,missing,missing,missing,EJ
1074,0.00990083,0.00629126,0.016316275,0.0164253129999999,0.016058816,0.0163894715,0.0164500144,0.0161083067699999,0.01510967825,innovation-DACHubs,low,PA,missing,gas,gas cogen,electricity,missing,missing,missing,missing,missing,missing,EJ
1075,0.0,0.0,1.15287e-05,1.7876960000000002e-05,5.506869999999999e-06,1.301462e-05,3.227433e-05,1.901687e-05,3.3310120999999995e-05,innovation-DACHubs,low,PA,missing,hydrogen,hydrogen cogen,electricity,missing,missing,missing,missing,missing,missing,EJ
1076,0.000567066,0.00126337,0.0005910390999999999,0.0005992672000000001,0.00054947606,0.00057751671,0.0005985444899999999,0.0004618688399999999,0.00031822704,innovation-DACHubs,low,PA,missing,refined liquids,refined liquids cogen,electricity,missing,missing,missing,missing,missing,missing,EJ
1077,0.0,5.79484e-06,9.537109e-06,9.6293316e-06,9.8988291e-06,1.06089158e-05,1.13647517e-05,1.1439834099999998e-05,1.13096547e-05,innovation-DACHubs,low,RI,missing,biomass,biomass cogen,electricity,missing,missing,missing,missing,missing,missing,EJ
1078,9.99452e-08,0.0,0.0,0.0,0.0,0.0,0.0,0.0,0.0,innovation-DACHubs,low,RI,missing,coal,coal cogen,electricity,missing,missing,missing,missing,missing,missing,EJ
1079,0.00020458,0.000229623,0.00039079913,0.00039315323,0.00039288845,0.00039557991,0.00039875698,0.00039093046,0.0003711694210000001,innovation-DACHubs,low,RI,missing,gas,gas cogen,electricity,missing,missing,missing,missing,missing,missing,EJ
1080,0.0,0.0,4.74124e-07,6.093620000000001e-07,3.799276e-07,8.954358999999999e-07,1.6044038e-06,1.2438924e-06,1.7748419e-06,innovation-DACHubs,low,RI,missing,hydrogen,hydrogen cogen,electricity,missing,missing,missing,missing,missing,missing,EJ
1081,2.62563e-05,4.38259e-05,1.0989015e-05,1.1064195e-05,1.0149437e-05,1.0657584e-05,1.1012746e-05,9.2593093e-06,7.615990900000001e-06,innovation-DACHubs,low,RI,missing,refined liquids,refined liquids cogen,electricity,missing,missing,missing,missing,missing,missing,EJ
1082,0.00858181,0.00472432,0.006082491,0.006182782,0.0065957909999999,0.006889132,0.007065555,0.0069049400999999,0.0068241349999999,innovation-DACHubs,low,SC,missing,biomass,biomass cogen,electricity,missing,missing,missing,missing,missing,missing,EJ
1083,0.00189318,0.00146409,0.00047142101,0.00047263624,0.0004701160373,0.0004683770485,0.0004675261578,0.0004288256304,0.00036903471233,innovation-DACHubs,low,SC,missing,coal,coal cogen,electricity,missing,missing,missing,missing,missing,missing,EJ
1084,0.00406082,0.00293262,0.0038412329,0.0038669492,0.0038793011,0.0038867409,0.00388850937,0.00375781256,0.00360031303,innovation-DACHubs,low,SC,missing,gas,gas cogen,electricity,missing,missing,missing,missing,missing,missing,EJ
1085,0.0,0.0,8.57021e-05,0.0001276414,0.0001061133,0.0001270276,0.0001585551,8.03031e-05,9.395801e-05,innovation-DACHubs,low,SC,missing,hydrogen,hydrogen cogen,electricity,missing,missing,missing,missing,missing,missing,EJ
1086,0.000204351,0.000810162,0.00021806002,0.00022119479,0.00019904478,0.00020344793,0.00020867986,0.00015894844,0.00011052854000000002,innovation-DACHubs,low,SC,missing,refined liquids,refined liquids cogen,electricity,missing,missing,missing,missing,missing,missing,EJ
1087,3.35277e-05,1.53465e-05,4.67465e-05,4.7425979e-05,4.8165167e-05,5.026384e-05,5.205886e-05,5.2510007e-05,5.1905629e-05,innovation-DACHubs,low,SD,missing,biomass,biomass cogen,electricity,missing,missing,missing,missing,missing,missing,EJ
1088,0.000126131,0.000173602,0.00013888131,0.00013899356900000002,0.00013844960723,0.00013808784500999997,0.00013769348459000003,0.00012974310638600003,0.000113940678411,innovation-DACHubs,low,SD,missing,coal,coal cogen,electricity,missing,missing,missing,missing,missing,missing,EJ
1089,0.000274998,0.0,0.0006927842,0.00069687787,0.0006958750460000001,0.0006973187250000001,0.000697914821,0.000684902027,0.0006478233000000001,innovation-DACHubs,low,SD,missing,gas,gas cogen,electricity,missing,missing,missing,missing,missing,missing,EJ
1090,0.0,0.0,3.09204e-07,4.4152300000000003e-07,1.807239e-07,4.426571e-07,6.595395e-07,6.178805e-07,9.8471479e-07,innovation-DACHubs,low,SD,missing,hydrogen,hydrogen cogen,electricity,missing,missing,missing,missing,missing,missing,EJ
1091,0.00010485,0.000183726,7.426396e-05,7.463869e-05,6.7562931e-05,7.0884815e-05,7.131346299999999e-05,5.5548213e-05,4.060601299999999e-05,innovation-DACHubs,low,SD,missing,refined liquids,refined liquids cogen,electricity,missing,missing,missing,missing,missing,missing,EJ
1092,0.00453485,0.00392126,0.004137116,0.0042200519,0.0044124753,0.0046312420999999,0.0048168921,0.00478810986,0.00470135509,innovation-DACHubs,low,TN,missing,biomass,biomass cogen,electricity,missing,missing,missing,missing,missing,missing,EJ
1093,0.00315707,0.00307654,0.0023289165999999,0.00233622908,0.0023228587569999,0.0023141381699999,0.002309860186,0.0021514906863499,0.00182547555246,innovation-DACHubs,low,TN,missing,coal,coal cogen,electricity,missing,missing,missing,missing,missing,missing,EJ
1094,0.00504606,0.00339562,0.0045286904,0.0045655383,0.0045717182,0.0045819464,0.0045894221,0.0045049782939999,0.004253969933,innovation-DACHubs,low,TN,missing,gas,gas cogen,electricity,missing,missing,missing,missing,missing,missing,EJ
1095,0.0,0.0,6.73578e-05,0.0001086442,6.565910000000001e-05,0.00010071247,0.00014902041,7.47298e-05,0.000132665264,innovation-DACHubs,low,TN,missing,hydrogen,hydrogen cogen,electricity,missing,missing,missing,missing,missing,missing,EJ
1096,0.000193723,0.000767035,0.00027005313,0.000275153,0.00025113746,0.00025836662,0.00026626154,0.000207418041,0.00014508525,innovation-DACHubs,low,TN,missing,refined liquids,refined liquids cogen,electricity,missing,missing,missing,missing,missing,missing,EJ
1097,0.00928242,0.00425831,0.005070338,0.005344465,0.0058213799999999,0.006426183,0.007058187,0.0073554599999999,0.007584074,innovation-DACHubs,low,TX,missing,biomass,biomass cogen,electricity,missing,missing,missing,missing,missing,missing,EJ
1098,0.00200584,0.00264223,0.0008684538,0.0008829486,0.0008755961100000001,0.000870845508,0.000868857674,0.000793009613,0.000667882557,innovation-DACHubs,low,TX,missing,coal,coal cogen,electricity,missing,missing,missing,missing,missing,missing,EJ
1099,0.0919332,0.0570138,0.08231021,0.08436153,0.084887784,0.085576312,0.086350786,0.085114335,0.081121837,innovation-DACHubs,low,TX,missing,gas,gas cogen,electricity,missing,missing,missing,missing,missing,missing,EJ
1100,0.0,0.0,3.11999e-05,4.898871e-05,2.536191e-05,4.414018e-05,7.295808000000001e-05,7.061272e-05,0.00011370329,innovation-DACHubs,low,TX,missing,hydrogen,hydrogen cogen,electricity,missing,missing,missing,missing,missing,missing,EJ
1101,0.00660574,0.0202154,0.0103028629999999,0.0107387529999999,0.0093818239999999,0.010011352,0.010475465,0.008260338,0.0061438679999999,innovation-DACHubs,low,TX,missing,refined liquids,refined liquids cogen,electricity,missing,missing,missing,missing,missing,missing,EJ
1102,2.09925e-05,1.5866e-05,1.4751408e-05,1.5169021e-05,1.5293195e-05,1.5752982e-05,1.6200828e-05,1.6357229e-05,1.605164e-05,innovation-DACHubs,low,UT,missing,biomass,biomass cogen,electricity,missing,missing,missing,missing,missing,missing,EJ
1103,0.00158797,0.00124427,0.00062831411,0.0006298754299999999,0.0006262329693100001,0.0006233986491599999,0.0006212714270300001,0.00056261407978,0.00044594347134,innovation-DACHubs,low,UT,missing,coal,coal cogen,electricity,missing,missing,missing,missing,missing,missing,EJ
1104,0.00242039,0.00159909,0.0027305988,0.0027656457,0.0027568983399999,0.00275841738,0.0027593329699999,0.00268201202,0.0024685233099999,innovation-DACHubs,low,UT,missing,gas,gas cogen,electricity,missing,missing,missing,missing,missing,missing,EJ
1105,0.0,0.0,2.07021e-06,3.846027e-06,9.17261e-07,1.9181704e-06,2.8889624e-06,2.8777952e-06,3.4324342e-06,innovation-DACHubs,low,UT,missing,hydrogen,hydrogen cogen,electricity,missing,missing,missing,missing,missing,missing,EJ
1106,6.38659e-05,0.000311406,0.00011045064,0.0001135295,9.5281208e-05,9.7881136e-05,9.8439465e-05,6.500993899999999e-05,3.844728999999999e-05,innovation-DACHubs,low,UT,missing,refined liquids,refined liquids cogen,electricity,missing,missing,missing,missing,missing,missing,EJ
1107,0.000286054,0.00016857,3.1843924e-05,3.2095572e-05,3.2959464e-05,3.4036482e-05,3.494776900000001e-05,3.4957644e-05,3.4084931e-05,innovation-DACHubs,low,VT,missing,biomass,biomass cogen,electricity,missing,missing,missing,missing,missing,missing,EJ
1108,8.24545e-07,0.0,0.0,0.0,0.0,0.0,0.0,0.0,0.0,innovation-DACHubs,low,VT,missing,coal,coal cogen,electricity,missing,missing,missing,missing,missing,missing,EJ
1109,8.39052e-05,0.000100773,9.186341e-05,9.2321817e-05,9.2423955e-05,9.2679579e-05,9.2852451e-05,9.12387321e-05,8.669998379999999e-05,innovation-DACHubs,low,VT,missing,gas,gas cogen,electricity,missing,missing,missing,missing,missing,missing,EJ
1110,0.0,0.0,5.68688e-06,8.39648e-06,6.12011e-06,9.44027e-06,1.397655e-05,1.2149168e-05,1.4020178000000002e-05,innovation-DACHubs,low,VT,missing,hydrogen,hydrogen cogen,electricity,missing,missing,missing,missing,missing,missing,EJ
1111,2.46558e-05,6.86374e-05,2.4461849e-05,2.455049e-05,2.3192704e-05,2.3717849000000003e-05,2.4044026e-05,2.0585477e-05,1.6800092099999995e-05,innovation-DACHubs,low,VT,missing,refined liquids,refined liquids cogen,electricity,missing,missing,missing,missing,missing,missing,EJ
1112,0.00901381,0.00560394,0.0045604289999999,0.0046458197,0.0049201469,0.0052199907,0.0054543002,0.0053537631999999,0.0052942823,innovation-DACHubs,low,VA,missing,biomass,biomass cogen,electricity,missing,missing,missing,missing,missing,missing,EJ
1113,0.0038462,0.0032759,0.0019791763,0.0019849810299999,0.001969951523,0.001959823923,0.0019559559899999,0.00177052736,0.001484209869,innovation-DACHubs,low,VA,missing,coal,coal cogen,electricity,missing,missing,missing,missing,missing,missing,EJ
1114,0.00344879,0.00304423,0.0042803558999999,0.0043127676,0.0043199847,0.0043315574,0.0043404566999999,0.0042010149,0.00399230476,innovation-DACHubs,low,VA,missing,gas,gas cogen,electricity,missing,missing,missing,missing,missing,missing,EJ
1115,0.0,0.0,2.11747e-06,3.27621e-06,2.3284240000000003e-06,3.58813e-06,5.081395e-06,2.094208e-06,3.366598e-06,innovation-DACHubs,low,VA,missing,hydrogen,hydrogen cogen,electricity,missing,missing,missing,missing,missing,missing,EJ
1116,0.000254438,0.000797544,0.00014780671,0.00015006169,0.00013263497000000002,0.0001366124,0.00014137358,0.00010476224,7.199982e-05,innovation-DACHubs,low,VA,missing,refined liquids,refined liquids cogen,electricity,missing,missing,missing,missing,missing,missing,EJ
1117,0.0102155,0.00434453,0.005675803,0.005812424,0.006027062,0.006171825,0.006261121,0.0062675457,0.0061051213,innovation-DACHubs,low,WA,missing,biomass,biomass cogen,electricity,missing,missing,missing,missing,missing,missing,EJ
1118,0.000169683,5.58853e-05,7.978038700000001e-05,7.994800999999999e-05,7.943413417e-05,7.902518690999999e-05,7.880273420000001e-05,7.1082529541e-05,5.7134470605e-05,innovation-DACHubs,low,WA,missing,coal,coal cogen,electricity,missing,missing,missing,missing,missing,missing,EJ
1119,0.00266754,0.00161378,0.0022005251999999,0.002224527,0.00222256897,0.00222203326,0.00222046653,0.00215478863,0.00198965912,innovation-DACHubs,low,WA,missing,gas,gas cogen,electricity,missing,missing,missing,missing,missing,missing,EJ
1120,0.0,0.0,8.20025e-05,0.0001509158,6.6423e-05,7.338684e-05,8.802864e-05,8.088395e-05,9.054333e-05,innovation-DACHubs,low,WA,missing,hydrogen,hydrogen cogen,electricity,missing,missing,missing,missing,missing,missing,EJ
1121,0.00046224,0.000703994,0.0003671138,0.0003751342,0.00028831151,0.00029164029,0.00029658765,0.00019243533,0.000116790487,innovation-DACHubs,low,WA,missing,refined liquids,refined liquids cogen,electricity,missing,missing,missing,missing,missing,missing,EJ
1122,0.000192291,0.000111562,7.944221e-05,7.975306300000001e-05,7.657272099999999e-05,7.8528258e-05,8.063818599999998e-05,8.049403e-05,7.858361999999999e-05,innovation-DACHubs,low,WV,missing,biomass,biomass cogen,electricity,missing,missing,missing,missing,missing,missing,EJ
1123,0.00405419,0.00224901,0.001700451189,0.001700725734,0.0016265193959999,0.001664879124,0.00168675772597,0.00159057628639,0.00135430442229,innovation-DACHubs,low,WV,missing,coal,coal cogen,electricity,missing,missing,missing,missing,missing,missing,EJ
1124,0.00278182,0.00160933,0.0039627977,0.00396859092,0.0038001295,0.0038944069,0.0039505128,0.00387191879,0.00362605016,innovation-DACHubs,low,WV,missing,gas,gas cogen,electricity,missing,missing,missing,missing,missing,missing,EJ
1125,0.0,0.0,1.12777e-06,1.272924e-06,4.32672e-07,5.17215e-07,1.692337e-06,1.789327e-06,4.3159165e-06,innovation-DACHubs,low,WV,missing,hydrogen,hydrogen cogen,electricity,missing,missing,missing,missing,missing,missing,EJ
1126,0.00021993,0.000556324,0.00016840153,0.00016839684,0.000154112272,0.00016128915699999998,0.00016467610600000003,0.00012505778900000002,8.132131400000001e-05,innovation-DACHubs,low,WV,missing,refined liquids,refined liquids cogen,electricity,missing,missing,missing,missing,missing,missing,EJ
1127,0.00835721,0.00502949,0.0038865577,0.0039077762,0.0039619742,0.0040424361999999,0.0041035194,0.0040872674,0.003963807,innovation-DACHubs,low,WI,missing,biomass,biomass cogen,electricity,missing,missing,missing,missing,missing,missing,EJ
1128,0.00154396,0.00147585,0.0011203371247,0.0011203416306,0.001116352147264,0.001113392858385,0.0011107736775619,0.001047258690397,0.0008962815249340001,innovation-DACHubs,low,WI,missing,coal,coal cogen,electricity,missing,missing,missing,missing,missing,missing,EJ
1129,0.00550953,0.00481501,0.0054442307,0.0054570259,0.00544190795,0.00544236224,0.00543964845,0.0053039043499999,0.00491586382,innovation-DACHubs,low,WI,missing,gas,gas cogen,electricity,missing,missing,missing,missing,missing,missing,EJ
1130,0.0,0.0,2.42026e-06,4.03645e-06,2.478629e-06,4.522453e-06,6.626868999999999e-06,4.876188e-06,6.341290000000001e-06,innovation-DACHubs,low,WI,missing,hydrogen,hydrogen cogen,electricity,missing,missing,missing,missing,missing,missing,EJ
1131,0.000211677,0.00072943,0.00026355576,0.00026486804,0.00023592476,0.0002431171,0.00024732116,0.00018762482,0.000121803899,innovation-DACHubs,low,WI,missing,refined liquids,refined liquids cogen,electricity,missing,missing,missing,missing,missing,missing,EJ
1132,0.000133152,1.41875e-05,8.145337000000001e-06,8.190875800000001e-06,7.9214889e-06,8.209912199999998e-06,8.545349099999998e-06,8.6648076e-06,8.5607671e-06,innovation-DACHubs,low,WY,missing,biomass,biomass cogen,electricity,missing,missing,missing,missing,missing,missing,EJ
1133,0.00134377,0.00118963,0.00121744824,0.001218162882,0.001171356577,0.0012080699873,0.00120450848247,0.00110367205348,0.0008652817267999999,innovation-DACHubs,low,WY,missing,coal,coal cogen,electricity,missing,missing,missing,missing,missing,missing,EJ
1134,0.0030117,0.00264191,0.0033382916,0.00334614434,0.0032234974,0.003331391754,0.003336095381,0.003254892713,0.0029945693509999,innovation-DACHubs,low,WY,missing,gas,gas cogen,electricity,missing,missing,missing,missing,missing,missing,EJ
1135,0.0,0.0,7.33751e-07,7.1725e-07,1.7204829999999998e-07,2.593933e-07,2.1108583e-06,2.2006217e-06,3.61865016e-06,innovation-DACHubs,low,WY,missing,hydrogen,hydrogen cogen,electricity,missing,missing,missing,missing,missing,missing,EJ
1136,8.75717e-05,0.000283272,0.00016594397,0.00016553449,0.00014652105699999998,0.00015562462900000002,0.0001577903201,0.0001083272154,6.149030329999999e-05,innovation-DACHubs,low,WY,missing,refined liquids,refined liquids cogen,electricity,missing,missing,missing,missing,missing,missing,EJ
