1990,2005,2010,2015,2020,2025,2030,2035,2040,2045,2050,2055,2060,2065,2070,2075,2080,2085,2090,2095,2100,SSP,Version,GCAM,sector,subsector,technology,output,concentration,input,product,fuel,LandLeaf,GHG,Units
0.363544,0.644215,0.762866,0.909664,1.05186,1.18127,1.32257,1.46421,1.60486,1.74541,1.885,2.01867,2.14628,2.26775,2.38253,2.49085,2.59225,2.68507,2.7691,2.8446,2.912,SSP1,LowBiocharCost baseline,Global,missing,missing,missing,missing,missing,missing,missing,missing,missing,missing,degreesC
