1990,2005,2010,2015,2020,2025,2030,2035,2040,2045,2050,2055,2060,2065,2070,2075,2080,2085,2090,2095,2100,SSP,Version,GCAM,sector,subsector,technology,output,concentration,input,product,fuel,LandLeaf,GHG,Units
0.363544,0.644215,0.762866,0.909664,1.05186,1.18086,1.32018,1.45984,1.60261,1.74649,1.8888,2.02473,2.15456,2.27798,2.39452,2.50442,2.60725,2.70136,2.78655,2.86313,2.93149,SSP1,HighGCAMManurePrice baseline,Global,missing,missing,missing,missing,missing,missing,missing,missing,missing,missing,degreesC
