1990,2005,2010,2015,2020,2025,2030,2035,2040,2045,2050,2055,2060,2065,2070,2075,2080,2085,2090,2095,2100,SSP,Version,GCAM,sector,subsector,technology,output,concentration,input,product,fuel,LandLeaf,GHG,Units
0.363544,0.644215,0.762866,0.909664,1.05186,1.18127,1.32258,1.46423,1.60493,1.74545,1.88493,2.01843,2.14585,2.26714,2.38175,2.48993,2.5912,2.68391,2.76784,2.84325,2.91055,SSP1,LowBiocharNutrients baseline,Global,missing,missing,missing,missing,missing,missing,missing,missing,missing,missing,degreesC
