1990,2005,2010,2015,2020,2025,2030,2035,2040,2045,2050,2055,2060,2065,2070,2075,2080,2085,2090,2095,2100,SSP,Version,GCAM,sector,subsector,technology,output,concentration,input,product,fuel,LandLeaf,GHG,Units
0.363544,0.644215,0.762866,0.909664,1.05186,1.18086,1.32018,,1.60156,1.74408,1.88481,2.01931,2.14839,2.27145,2.38779,2.49766,2.60061,2.69499,2.78057,2.85758,2.92644,SSP1,LowGCAMManurePrice baseline,Global,missing,missing,missing,missing,missing,missing,missing,missing,missing,missing,degreesC
